ArgumentParser(prog='train.py', usage=None, description=None, formatter_class=<class 'argparse.ArgumentDefaultsHelpFormatter'>, conflict_handler='error', add_help=True)
----------------- Options ---------------
            adj_size_list: [2, 4, 6, 8, 12]              
             atten_layers: 1,3,5                         
               batch_size: 1                             
                    beta1: 0.5                           
                    beta2: 0.999                         
          checkpoints_dir: /root/srp-translate/roma/checkpoints/roma_single	[default: ./checkpoints]
           continue_train: False                         
                crop_size: 256                           
                 dataroot: /root/dataset_archives/InfraredCity-Lite/Single/Traffic/City_std	[default: placeholder]
             dataset_mode: unaligned                     
                direction: AtoB                          
              display_env: main                          
             display_freq: 50                            
               display_id: -1                            	[default: None]
            display_ncols: 4                             
             display_port: 8097                          
           display_server: http://localhost              
          display_winsize: 256                           
               easy_label: experiment_name               
                    epoch: latest                        
              epoch_count: 1                             
          evaluation_freq: 5000                          
                 gan_mode: lsgan                         
                  gpu_ids: 0                             
                init_gain: 0.02                          
                init_type: xavier                        
                 input_nc: 3                             
                  isTrain: True                          	[default: None]
             lambda_D_ViT: 1.0                           
               lambda_GAN: 1.0                           
            lambda_global: 5.0                           	[default: 1.0]
               lambda_mlp: 1.0                           
            lambda_motion: 1.0                           
           lambda_spatial: 5.0                           	[default: 1.0]
                load_size: 286                           
               local_nums: 64                            	[default: 256]
                       lr: 1e-05                         	[default: 0.0002]
           lr_decay_iters: 50                            
                lr_policy: linear                        
         max_dataset_size: inf                           
                    model: roma_single                   	[default: cut]
                 n_epochs: 50                            	[default: 100]
           n_epochs_decay: 50                            	[default: 100]
               n_layers_D: 3                             
                     name: ICL_single_traffic_city       	[default: experiment_name]
                      ndf: 64                            
                     netD: basic                         
                     netG: resnet_9blocks                
                      ngf: 64                            
             no_antialias: False                         
          no_antialias_up: False                         
               no_dropout: True                          
                  no_flip: True                          	[default: False]
                  no_html: True                          	[default: False]
                    normD: instance                      
                    normG: instance                      
              num_threads: 4                             
                output_nc: 3                             
                    phase: train                         
                pool_size: 0                             
               preprocess: resize_and_crop               
          pretrained_name: None                          
               print_freq: 100                           
         random_scale_max: 3.0                           
             save_by_iter: False                         
          save_epoch_freq: 5                             
         save_latest_freq: 5000                          
           serial_batches: False                         
              side_length: 7                             
stylegan2_G_num_downsampling: 1                             
                   suffix:                               
         update_html_freq: 1000                          
                  use_idt: False                         
                  verbose: False                         
            which_D_layer: -1                            
----------------- End -------------------
dataset [UnalignedDataset] was created
model [ROMASingleModel] was created
The number of training images = 5538
---------- Networks initialized -------------
[Network G] Total number of parameters : 11.378 M
[Network D_ViT] Total number of parameters : 1.181 M
-----------------------------------------------
(epoch: 1, iters: 100, time: 0.264, data: 0.106) G_GAN_ViT: 0.857 D_real_ViT: 0.765 D_fake_ViT: 0.264 global: 0.229 spatial: 0.034 
(epoch: 1, iters: 200, time: 0.353, data: 0.001) G_GAN_ViT: 0.685 D_real_ViT: 0.438 D_fake_ViT: 0.250 global: 0.265 spatial: 0.054 
(epoch: 1, iters: 300, time: 0.408, data: 0.001) G_GAN_ViT: 0.624 D_real_ViT: 0.421 D_fake_ViT: 0.244 global: 0.388 spatial: 0.068 
(epoch: 1, iters: 400, time: 0.441, data: 0.001) G_GAN_ViT: 0.528 D_real_ViT: 0.321 D_fake_ViT: 0.259 global: 0.343 spatial: 0.054 
(epoch: 1, iters: 500, time: 0.460, data: 0.001) G_GAN_ViT: 0.555 D_real_ViT: 0.221 D_fake_ViT: 0.212 global: 0.304 spatial: 0.059 
(epoch: 1, iters: 600, time: 0.471, data: 0.001) G_GAN_ViT: 0.523 D_real_ViT: 0.195 D_fake_ViT: 0.208 global: 0.290 spatial: 0.058 
(epoch: 1, iters: 700, time: 0.478, data: 0.001) G_GAN_ViT: 0.570 D_real_ViT: 0.237 D_fake_ViT: 0.207 global: 0.404 spatial: 0.054 
(epoch: 1, iters: 800, time: 0.482, data: 0.001) G_GAN_ViT: 0.551 D_real_ViT: 0.237 D_fake_ViT: 0.183 global: 0.384 spatial: 0.062 
(epoch: 1, iters: 900, time: 0.485, data: 0.001) G_GAN_ViT: 0.510 D_real_ViT: 0.200 D_fake_ViT: 0.190 global: 0.309 spatial: 0.064 
(epoch: 1, iters: 1000, time: 0.487, data: 0.001) G_GAN_ViT: 0.584 D_real_ViT: 0.204 D_fake_ViT: 0.165 global: 0.431 spatial: 0.084 
(epoch: 1, iters: 1100, time: 0.488, data: 0.001) G_GAN_ViT: 0.457 D_real_ViT: 0.212 D_fake_ViT: 0.212 global: 0.353 spatial: 0.077 
(epoch: 1, iters: 1200, time: 0.488, data: 0.001) G_GAN_ViT: 0.495 D_real_ViT: 0.156 D_fake_ViT: 0.179 global: 0.333 spatial: 0.062 
(epoch: 1, iters: 1300, time: 0.488, data: 0.001) G_GAN_ViT: 0.549 D_real_ViT: 0.120 D_fake_ViT: 0.180 global: 0.337 spatial: 0.061 
(epoch: 1, iters: 1400, time: 0.489, data: 0.001) G_GAN_ViT: 0.478 D_real_ViT: 0.140 D_fake_ViT: 0.184 global: 0.409 spatial: 0.078 
(epoch: 1, iters: 1500, time: 0.489, data: 0.001) G_GAN_ViT: 0.431 D_real_ViT: 0.145 D_fake_ViT: 0.213 global: 0.382 spatial: 0.067 
(epoch: 1, iters: 1600, time: 0.489, data: 0.001) G_GAN_ViT: 0.548 D_real_ViT: 0.148 D_fake_ViT: 0.157 global: 0.364 spatial: 0.067 
(epoch: 1, iters: 1700, time: 0.489, data: 0.001) G_GAN_ViT: 0.384 D_real_ViT: 0.198 D_fake_ViT: 0.239 global: 0.293 spatial: 0.056 
(epoch: 1, iters: 1800, time: 0.489, data: 0.001) G_GAN_ViT: 0.467 D_real_ViT: 0.164 D_fake_ViT: 0.190 global: 0.383 spatial: 0.071 
(epoch: 1, iters: 1900, time: 0.489, data: 0.001) G_GAN_ViT: 0.437 D_real_ViT: 0.155 D_fake_ViT: 0.203 global: 0.359 spatial: 0.070 
(epoch: 1, iters: 2000, time: 0.489, data: 0.001) G_GAN_ViT: 0.470 D_real_ViT: 0.368 D_fake_ViT: 0.178 global: 0.468 spatial: 0.083 
(epoch: 1, iters: 2100, time: 0.489, data: 0.001) G_GAN_ViT: 0.428 D_real_ViT: 0.237 D_fake_ViT: 0.200 global: 0.372 spatial: 0.072 
(epoch: 1, iters: 2200, time: 0.489, data: 0.002) G_GAN_ViT: 0.574 D_real_ViT: 0.277 D_fake_ViT: 0.133 global: 0.427 spatial: 0.075 
(epoch: 1, iters: 2300, time: 0.489, data: 0.001) G_GAN_ViT: 0.533 D_real_ViT: 0.159 D_fake_ViT: 0.141 global: 0.446 spatial: 0.082 
(epoch: 1, iters: 2400, time: 0.489, data: 0.001) G_GAN_ViT: 0.598 D_real_ViT: 0.192 D_fake_ViT: 0.133 global: 0.423 spatial: 0.092 
(epoch: 1, iters: 2500, time: 0.489, data: 0.001) G_GAN_ViT: 0.421 D_real_ViT: 0.268 D_fake_ViT: 0.206 global: 0.419 spatial: 0.068 
(epoch: 1, iters: 2600, time: 0.489, data: 0.001) G_GAN_ViT: 0.362 D_real_ViT: 0.184 D_fake_ViT: 0.244 global: 0.330 spatial: 0.066 
(epoch: 1, iters: 2700, time: 0.489, data: 0.001) G_GAN_ViT: 0.488 D_real_ViT: 0.236 D_fake_ViT: 0.163 global: 0.383 spatial: 0.071 
(epoch: 1, iters: 2800, time: 0.489, data: 0.001) G_GAN_ViT: 0.365 D_real_ViT: 0.223 D_fake_ViT: 0.241 global: 0.330 spatial: 0.067 
(epoch: 1, iters: 2900, time: 0.489, data: 0.001) G_GAN_ViT: 0.453 D_real_ViT: 0.194 D_fake_ViT: 0.187 global: 0.467 spatial: 0.085 
(epoch: 1, iters: 3000, time: 0.489, data: 0.001) G_GAN_ViT: 0.405 D_real_ViT: 0.222 D_fake_ViT: 0.214 global: 0.338 spatial: 0.075 
(epoch: 1, iters: 3100, time: 0.489, data: 0.002) G_GAN_ViT: 0.441 D_real_ViT: 0.212 D_fake_ViT: 0.190 global: 0.449 spatial: 0.083 
(epoch: 1, iters: 3200, time: 0.489, data: 0.001) G_GAN_ViT: 0.607 D_real_ViT: 0.158 D_fake_ViT: 0.117 global: 0.466 spatial: 0.084 
(epoch: 1, iters: 3300, time: 0.489, data: 0.001) G_GAN_ViT: 0.362 D_real_ViT: 0.241 D_fake_ViT: 0.242 global: 0.316 spatial: 0.078 
(epoch: 1, iters: 3400, time: 0.489, data: 0.001) G_GAN_ViT: 0.577 D_real_ViT: 0.313 D_fake_ViT: 0.133 global: 0.469 spatial: 0.087 
(epoch: 1, iters: 3500, time: 0.489, data: 0.001) G_GAN_ViT: 0.322 D_real_ViT: 0.169 D_fake_ViT: 0.261 global: 0.274 spatial: 0.057 
(epoch: 1, iters: 3600, time: 0.489, data: 0.001) G_GAN_ViT: 0.359 D_real_ViT: 0.264 D_fake_ViT: 0.235 global: 0.331 spatial: 0.090 
(epoch: 1, iters: 3700, time: 0.489, data: 0.001) G_GAN_ViT: 0.322 D_real_ViT: 0.249 D_fake_ViT: 0.259 global: 0.378 spatial: 0.079 
(epoch: 1, iters: 3800, time: 0.489, data: 0.001) G_GAN_ViT: 0.412 D_real_ViT: 0.210 D_fake_ViT: 0.197 global: 0.447 spatial: 0.086 
(epoch: 1, iters: 3900, time: 0.489, data: 0.002) G_GAN_ViT: 0.441 D_real_ViT: 0.196 D_fake_ViT: 0.178 global: 0.461 spatial: 0.083 
(epoch: 1, iters: 4000, time: 0.489, data: 0.002) G_GAN_ViT: 0.366 D_real_ViT: 0.194 D_fake_ViT: 0.243 global: 0.429 spatial: 0.083 
(epoch: 1, iters: 4100, time: 0.489, data: 0.002) G_GAN_ViT: 0.460 D_real_ViT: 0.242 D_fake_ViT: 0.163 global: 0.391 spatial: 0.082 
(epoch: 1, iters: 4200, time: 0.489, data: 0.001) G_GAN_ViT: 0.358 D_real_ViT: 0.193 D_fake_ViT: 0.224 global: 0.423 spatial: 0.072 
(epoch: 1, iters: 4300, time: 0.489, data: 0.001) G_GAN_ViT: 0.445 D_real_ViT: 0.298 D_fake_ViT: 0.167 global: 0.429 spatial: 0.082 
(epoch: 1, iters: 4400, time: 0.489, data: 0.002) G_GAN_ViT: 0.353 D_real_ViT: 0.307 D_fake_ViT: 0.234 global: 0.320 spatial: 0.060 
(epoch: 1, iters: 4500, time: 0.489, data: 0.001) G_GAN_ViT: 0.348 D_real_ViT: 0.237 D_fake_ViT: 0.234 global: 0.397 spatial: 0.087 
(epoch: 1, iters: 4600, time: 0.489, data: 0.002) G_GAN_ViT: 0.356 D_real_ViT: 0.283 D_fake_ViT: 0.222 global: 0.393 spatial: 0.089 
(epoch: 1, iters: 4700, time: 0.489, data: 0.001) G_GAN_ViT: 0.355 D_real_ViT: 0.153 D_fake_ViT: 0.223 global: 0.297 spatial: 0.068 
(epoch: 1, iters: 4800, time: 0.489, data: 0.001) G_GAN_ViT: 0.395 D_real_ViT: 0.264 D_fake_ViT: 0.193 global: 0.347 spatial: 0.067 
(epoch: 1, iters: 4900, time: 0.489, data: 0.001) G_GAN_ViT: 0.407 D_real_ViT: 0.113 D_fake_ViT: 0.190 global: 0.296 spatial: 0.059 
(epoch: 1, iters: 5000, time: 0.487, data: 0.001) G_GAN_ViT: 0.420 D_real_ViT: 0.305 D_fake_ViT: 0.190 global: 0.356 spatial: 0.087 
saving the latest model (epoch 1, total_iters 5000)
ICL_single_traffic_city
(epoch: 1, iters: 5100, time: 0.487, data: 0.002) G_GAN_ViT: 0.393 D_real_ViT: 0.134 D_fake_ViT: 0.206 global: 0.356 spatial: 0.076 
(epoch: 1, iters: 5200, time: 0.488, data: 0.002) G_GAN_ViT: 0.379 D_real_ViT: 0.252 D_fake_ViT: 0.209 global: 0.456 spatial: 0.082 
(epoch: 1, iters: 5300, time: 0.488, data: 0.002) G_GAN_ViT: 0.440 D_real_ViT: 0.345 D_fake_ViT: 0.172 global: 0.523 spatial: 0.084 
(epoch: 1, iters: 5400, time: 0.489, data: 0.002) G_GAN_ViT: 0.328 D_real_ViT: 0.189 D_fake_ViT: 0.243 global: 0.501 spatial: 0.089 
(epoch: 1, iters: 5500, time: 0.489, data: 0.001) G_GAN_ViT: 0.313 D_real_ViT: 0.204 D_fake_ViT: 0.259 global: 0.413 spatial: 0.079 
End of epoch 1 / 100 	 Time Taken: 2721 sec
learning rate = 0.0000100
(epoch: 2, iters: 62, time: 0.489, data: 0.001) G_GAN_ViT: 0.309 D_real_ViT: 0.262 D_fake_ViT: 0.261 global: 0.396 spatial: 0.080 
(epoch: 2, iters: 162, time: 0.489, data: 0.004) G_GAN_ViT: 0.400 D_real_ViT: 0.256 D_fake_ViT: 0.194 global: 0.440 spatial: 0.072 
(epoch: 2, iters: 262, time: 0.489, data: 0.001) G_GAN_ViT: 0.447 D_real_ViT: 0.156 D_fake_ViT: 0.169 global: 0.404 spatial: 0.062 
(epoch: 2, iters: 362, time: 0.489, data: 0.001) G_GAN_ViT: 0.407 D_real_ViT: 0.130 D_fake_ViT: 0.186 global: 0.483 spatial: 0.082 
(epoch: 2, iters: 462, time: 0.489, data: 0.001) G_GAN_ViT: 0.484 D_real_ViT: 0.120 D_fake_ViT: 0.143 global: 0.459 spatial: 0.087 
(epoch: 2, iters: 562, time: 0.489, data: 0.001) G_GAN_ViT: 0.502 D_real_ViT: 0.194 D_fake_ViT: 0.139 global: 0.472 spatial: 0.086 
(epoch: 2, iters: 662, time: 0.489, data: 0.001) G_GAN_ViT: 0.364 D_real_ViT: 0.252 D_fake_ViT: 0.227 global: 0.435 spatial: 0.069 
(epoch: 2, iters: 762, time: 0.489, data: 0.001) G_GAN_ViT: 0.490 D_real_ViT: 0.345 D_fake_ViT: 0.145 global: 0.390 spatial: 0.092 
(epoch: 2, iters: 862, time: 0.489, data: 0.001) G_GAN_ViT: 0.385 D_real_ViT: 0.308 D_fake_ViT: 0.200 global: 0.391 spatial: 0.075 
(epoch: 2, iters: 962, time: 0.489, data: 0.001) G_GAN_ViT: 0.359 D_real_ViT: 0.127 D_fake_ViT: 0.226 global: 0.402 spatial: 0.078 
(epoch: 2, iters: 1062, time: 0.489, data: 0.002) G_GAN_ViT: 0.432 D_real_ViT: 0.268 D_fake_ViT: 0.174 global: 0.433 spatial: 0.078 
(epoch: 2, iters: 1162, time: 0.489, data: 0.001) G_GAN_ViT: 0.415 D_real_ViT: 0.101 D_fake_ViT: 0.196 global: 0.468 spatial: 0.082 
(epoch: 2, iters: 1262, time: 0.489, data: 0.001) G_GAN_ViT: 0.439 D_real_ViT: 0.233 D_fake_ViT: 0.162 global: 0.330 spatial: 0.082 
(epoch: 2, iters: 1362, time: 0.489, data: 0.002) G_GAN_ViT: 0.379 D_real_ViT: 0.133 D_fake_ViT: 0.207 global: 0.381 spatial: 0.079 
(epoch: 2, iters: 1462, time: 0.489, data: 0.001) G_GAN_ViT: 0.402 D_real_ViT: 0.249 D_fake_ViT: 0.191 global: 0.473 spatial: 0.080 
(epoch: 2, iters: 1562, time: 0.489, data: 0.002) G_GAN_ViT: 0.488 D_real_ViT: 0.154 D_fake_ViT: 0.133 global: 0.274 spatial: 0.058 
(epoch: 2, iters: 1662, time: 0.489, data: 0.002) G_GAN_ViT: 0.405 D_real_ViT: 0.117 D_fake_ViT: 0.180 global: 0.398 spatial: 0.076 
(epoch: 2, iters: 1762, time: 0.489, data: 0.001) G_GAN_ViT: 0.428 D_real_ViT: 0.225 D_fake_ViT: 0.181 global: 0.318 spatial: 0.064 
(epoch: 2, iters: 1862, time: 0.489, data: 0.001) G_GAN_ViT: 0.383 D_real_ViT: 0.229 D_fake_ViT: 0.205 global: 0.309 spatial: 0.066 
(epoch: 2, iters: 1962, time: 0.489, data: 0.001) G_GAN_ViT: 0.393 D_real_ViT: 0.080 D_fake_ViT: 0.198 global: 0.429 spatial: 0.076 
(epoch: 2, iters: 2062, time: 0.489, data: 0.001) G_GAN_ViT: 0.356 D_real_ViT: 0.278 D_fake_ViT: 0.210 global: 0.357 spatial: 0.076 
(epoch: 2, iters: 2162, time: 0.489, data: 0.001) G_GAN_ViT: 0.493 D_real_ViT: 0.220 D_fake_ViT: 0.145 global: 0.387 spatial: 0.080 
(epoch: 2, iters: 2262, time: 0.489, data: 0.002) G_GAN_ViT: 0.344 D_real_ViT: 0.089 D_fake_ViT: 0.236 global: 0.421 spatial: 0.075 
(epoch: 2, iters: 2362, time: 0.489, data: 0.001) G_GAN_ViT: 0.406 D_real_ViT: 0.300 D_fake_ViT: 0.181 global: 0.366 spatial: 0.077 
(epoch: 2, iters: 2462, time: 0.489, data: 0.001) G_GAN_ViT: 0.389 D_real_ViT: 0.231 D_fake_ViT: 0.213 global: 0.350 spatial: 0.080 
(epoch: 2, iters: 2562, time: 0.489, data: 0.001) G_GAN_ViT: 0.323 D_real_ViT: 0.130 D_fake_ViT: 0.254 global: 0.465 spatial: 0.076 
(epoch: 2, iters: 2662, time: 0.489, data: 0.002) G_GAN_ViT: 0.392 D_real_ViT: 0.126 D_fake_ViT: 0.190 global: 0.333 spatial: 0.076 
(epoch: 2, iters: 2762, time: 0.489, data: 0.001) G_GAN_ViT: 0.550 D_real_ViT: 0.297 D_fake_ViT: 0.116 global: 0.360 spatial: 0.067 
(epoch: 2, iters: 2862, time: 0.489, data: 0.002) G_GAN_ViT: 0.472 D_real_ViT: 0.164 D_fake_ViT: 0.153 global: 0.378 spatial: 0.093 
(epoch: 2, iters: 2962, time: 0.489, data: 0.001) G_GAN_ViT: 0.449 D_real_ViT: 0.113 D_fake_ViT: 0.166 global: 0.346 spatial: 0.075 
(epoch: 2, iters: 3062, time: 0.489, data: 0.001) G_GAN_ViT: 0.470 D_real_ViT: 0.229 D_fake_ViT: 0.144 global: 0.291 spatial: 0.052 
(epoch: 2, iters: 3162, time: 0.489, data: 0.001) G_GAN_ViT: 0.365 D_real_ViT: 0.255 D_fake_ViT: 0.220 global: 0.410 spatial: 0.095 
(epoch: 2, iters: 3262, time: 0.490, data: 0.001) G_GAN_ViT: 0.505 D_real_ViT: 0.119 D_fake_ViT: 0.144 global: 0.556 spatial: 0.085 
(epoch: 2, iters: 3362, time: 0.490, data: 0.001) G_GAN_ViT: 0.461 D_real_ViT: 0.183 D_fake_ViT: 0.157 global: 0.455 spatial: 0.071 
(epoch: 2, iters: 3462, time: 0.490, data: 0.001) G_GAN_ViT: 0.432 D_real_ViT: 0.220 D_fake_ViT: 0.166 global: 0.383 spatial: 0.080 
(epoch: 2, iters: 3562, time: 0.490, data: 0.001) G_GAN_ViT: 0.495 D_real_ViT: 0.117 D_fake_ViT: 0.152 global: 0.443 spatial: 0.095 
(epoch: 2, iters: 3662, time: 0.490, data: 0.001) G_GAN_ViT: 0.471 D_real_ViT: 0.101 D_fake_ViT: 0.157 global: 0.363 spatial: 0.079 
(epoch: 2, iters: 3762, time: 0.490, data: 0.001) G_GAN_ViT: 0.448 D_real_ViT: 0.159 D_fake_ViT: 0.164 global: 0.379 spatial: 0.079 
(epoch: 2, iters: 3862, time: 0.490, data: 0.002) G_GAN_ViT: 0.455 D_real_ViT: 0.192 D_fake_ViT: 0.171 global: 0.375 spatial: 0.091 
(epoch: 2, iters: 3962, time: 0.490, data: 0.001) G_GAN_ViT: 0.458 D_real_ViT: 0.362 D_fake_ViT: 0.151 global: 0.321 spatial: 0.064 
(epoch: 2, iters: 4062, time: 0.490, data: 0.001) G_GAN_ViT: 0.340 D_real_ViT: 0.280 D_fake_ViT: 0.257 global: 0.365 spatial: 0.091 
(epoch: 2, iters: 4162, time: 0.489, data: 0.002) G_GAN_ViT: 0.422 D_real_ViT: 0.259 D_fake_ViT: 0.169 global: 0.409 spatial: 0.068 
(epoch: 2, iters: 4262, time: 0.490, data: 0.001) G_GAN_ViT: 0.392 D_real_ViT: 0.213 D_fake_ViT: 0.194 global: 0.424 spatial: 0.080 
(epoch: 2, iters: 4362, time: 0.490, data: 0.001) G_GAN_ViT: 0.558 D_real_ViT: 0.217 D_fake_ViT: 0.112 global: 0.373 spatial: 0.083 
(epoch: 2, iters: 4462, time: 0.488, data: 0.001) G_GAN_ViT: 0.332 D_real_ViT: 0.265 D_fake_ViT: 0.244 global: 0.464 spatial: 0.081 
saving the latest model (epoch 2, total_iters 10000)
ICL_single_traffic_city
(epoch: 2, iters: 4562, time: 0.488, data: 0.001) G_GAN_ViT: 0.429 D_real_ViT: 0.279 D_fake_ViT: 0.167 global: 0.448 spatial: 0.088 
(epoch: 2, iters: 4662, time: 0.488, data: 0.001) G_GAN_ViT: 0.501 D_real_ViT: 0.071 D_fake_ViT: 0.136 global: 0.288 spatial: 0.061 
(epoch: 2, iters: 4762, time: 0.488, data: 0.001) G_GAN_ViT: 0.479 D_real_ViT: 0.166 D_fake_ViT: 0.140 global: 0.416 spatial: 0.090 
(epoch: 2, iters: 4862, time: 0.489, data: 0.002) G_GAN_ViT: 0.380 D_real_ViT: 0.234 D_fake_ViT: 0.203 global: 0.404 spatial: 0.077 
(epoch: 2, iters: 4962, time: 0.489, data: 0.001) G_GAN_ViT: 0.406 D_real_ViT: 0.310 D_fake_ViT: 0.194 global: 0.345 spatial: 0.066 
(epoch: 2, iters: 5062, time: 0.489, data: 0.001) G_GAN_ViT: 0.406 D_real_ViT: 0.142 D_fake_ViT: 0.180 global: 0.432 spatial: 0.083 
(epoch: 2, iters: 5162, time: 0.489, data: 0.001) G_GAN_ViT: 0.409 D_real_ViT: 0.100 D_fake_ViT: 0.184 global: 0.426 spatial: 0.061 
(epoch: 2, iters: 5262, time: 0.489, data: 0.001) G_GAN_ViT: 0.673 D_real_ViT: 0.225 D_fake_ViT: 0.090 global: 0.635 spatial: 0.081 
(epoch: 2, iters: 5362, time: 0.489, data: 0.001) G_GAN_ViT: 0.423 D_real_ViT: 0.171 D_fake_ViT: 0.172 global: 0.362 spatial: 0.081 
(epoch: 2, iters: 5462, time: 0.489, data: 0.001) G_GAN_ViT: 0.426 D_real_ViT: 0.198 D_fake_ViT: 0.160 global: 0.291 spatial: 0.062 
End of epoch 2 / 100 	 Time Taken: 2717 sec
learning rate = 0.0000100
(epoch: 3, iters: 24, time: 0.489, data: 0.002) G_GAN_ViT: 0.396 D_real_ViT: 0.097 D_fake_ViT: 0.200 global: 0.461 spatial: 0.075 
(epoch: 3, iters: 124, time: 0.489, data: 0.001) G_GAN_ViT: 0.546 D_real_ViT: 0.107 D_fake_ViT: 0.116 global: 0.372 spatial: 0.067 
(epoch: 3, iters: 224, time: 0.489, data: 0.001) G_GAN_ViT: 0.366 D_real_ViT: 0.222 D_fake_ViT: 0.215 global: 0.381 spatial: 0.082 
(epoch: 3, iters: 324, time: 0.489, data: 0.001) G_GAN_ViT: 0.359 D_real_ViT: 0.117 D_fake_ViT: 0.215 global: 0.431 spatial: 0.072 
(epoch: 3, iters: 424, time: 0.489, data: 0.001) G_GAN_ViT: 0.407 D_real_ViT: 0.145 D_fake_ViT: 0.212 global: 0.378 spatial: 0.089 
(epoch: 3, iters: 524, time: 0.489, data: 0.001) G_GAN_ViT: 0.557 D_real_ViT: 0.091 D_fake_ViT: 0.141 global: 0.398 spatial: 0.086 
(epoch: 3, iters: 624, time: 0.489, data: 0.001) G_GAN_ViT: 0.428 D_real_ViT: 0.209 D_fake_ViT: 0.168 global: 0.469 spatial: 0.084 
(epoch: 3, iters: 724, time: 0.490, data: 0.001) G_GAN_ViT: 0.425 D_real_ViT: 0.072 D_fake_ViT: 0.210 global: 0.326 spatial: 0.090 
(epoch: 3, iters: 824, time: 0.490, data: 0.001) G_GAN_ViT: 0.383 D_real_ViT: 0.142 D_fake_ViT: 0.199 global: 0.332 spatial: 0.060 
(epoch: 3, iters: 924, time: 0.490, data: 0.001) G_GAN_ViT: 0.435 D_real_ViT: 0.154 D_fake_ViT: 0.167 global: 0.415 spatial: 0.077 
(epoch: 3, iters: 1024, time: 0.490, data: 0.001) G_GAN_ViT: 0.395 D_real_ViT: 0.178 D_fake_ViT: 0.181 global: 0.377 spatial: 0.081 
(epoch: 3, iters: 1124, time: 0.490, data: 0.001) G_GAN_ViT: 0.395 D_real_ViT: 0.291 D_fake_ViT: 0.192 global: 0.319 spatial: 0.075 
(epoch: 3, iters: 1224, time: 0.490, data: 0.001) G_GAN_ViT: 0.371 D_real_ViT: 0.190 D_fake_ViT: 0.218 global: 0.363 spatial: 0.065 
(epoch: 3, iters: 1324, time: 0.490, data: 0.001) G_GAN_ViT: 0.398 D_real_ViT: 0.145 D_fake_ViT: 0.195 global: 0.408 spatial: 0.084 
(epoch: 3, iters: 1424, time: 0.490, data: 0.001) G_GAN_ViT: 0.403 D_real_ViT: 0.146 D_fake_ViT: 0.199 global: 0.442 spatial: 0.091 
(epoch: 3, iters: 1524, time: 0.490, data: 0.002) G_GAN_ViT: 0.425 D_real_ViT: 0.183 D_fake_ViT: 0.176 global: 0.454 spatial: 0.086 
(epoch: 3, iters: 1624, time: 0.490, data: 0.002) G_GAN_ViT: 0.429 D_real_ViT: 0.330 D_fake_ViT: 0.175 global: 0.495 spatial: 0.083 
(epoch: 3, iters: 1724, time: 0.490, data: 0.001) G_GAN_ViT: 0.560 D_real_ViT: 0.059 D_fake_ViT: 0.123 global: 0.410 spatial: 0.093 
(epoch: 3, iters: 1824, time: 0.490, data: 0.001) G_GAN_ViT: 0.483 D_real_ViT: 0.265 D_fake_ViT: 0.144 global: 0.429 spatial: 0.085 
(epoch: 3, iters: 1924, time: 0.489, data: 0.001) G_GAN_ViT: 0.383 D_real_ViT: 0.085 D_fake_ViT: 0.205 global: 0.447 spatial: 0.075 
(epoch: 3, iters: 2024, time: 0.489, data: 0.001) G_GAN_ViT: 0.435 D_real_ViT: 0.084 D_fake_ViT: 0.175 global: 0.369 spatial: 0.072 
(epoch: 3, iters: 2124, time: 0.488, data: 0.001) G_GAN_ViT: 0.601 D_real_ViT: 0.172 D_fake_ViT: 0.093 global: 0.486 spatial: 0.087 
(epoch: 3, iters: 2224, time: 0.488, data: 0.001) G_GAN_ViT: 0.425 D_real_ViT: 0.266 D_fake_ViT: 0.165 global: 0.341 spatial: 0.075 
(epoch: 3, iters: 2324, time: 0.488, data: 0.001) G_GAN_ViT: 0.445 D_real_ViT: 0.111 D_fake_ViT: 0.169 global: 0.461 spatial: 0.091 
(epoch: 3, iters: 2424, time: 0.488, data: 0.001) G_GAN_ViT: 0.384 D_real_ViT: 0.164 D_fake_ViT: 0.194 global: 0.345 spatial: 0.066 
(epoch: 3, iters: 2524, time: 0.488, data: 0.001) G_GAN_ViT: 0.435 D_real_ViT: 0.073 D_fake_ViT: 0.177 global: 0.398 spatial: 0.083 
(epoch: 3, iters: 2624, time: 0.488, data: 0.002) G_GAN_ViT: 0.412 D_real_ViT: 0.322 D_fake_ViT: 0.182 global: 0.454 spatial: 0.088 
(epoch: 3, iters: 2724, time: 0.488, data: 0.002) G_GAN_ViT: 0.432 D_real_ViT: 0.233 D_fake_ViT: 0.173 global: 0.425 spatial: 0.136 
(epoch: 3, iters: 2824, time: 0.488, data: 0.001) G_GAN_ViT: 0.425 D_real_ViT: 0.210 D_fake_ViT: 0.170 global: 0.337 spatial: 0.083 
(epoch: 3, iters: 2924, time: 0.488, data: 0.001) G_GAN_ViT: 0.444 D_real_ViT: 0.090 D_fake_ViT: 0.172 global: 0.331 spatial: 0.073 
(epoch: 3, iters: 3024, time: 0.488, data: 0.001) G_GAN_ViT: 0.459 D_real_ViT: 0.087 D_fake_ViT: 0.145 global: 0.305 spatial: 0.064 
(epoch: 3, iters: 3124, time: 0.488, data: 0.001) G_GAN_ViT: 0.410 D_real_ViT: 0.244 D_fake_ViT: 0.181 global: 0.470 spatial: 0.076 
(epoch: 3, iters: 3224, time: 0.488, data: 0.002) G_GAN_ViT: 0.360 D_real_ViT: 0.268 D_fake_ViT: 0.223 global: 0.335 spatial: 0.069 
(epoch: 3, iters: 3324, time: 0.487, data: 0.002) G_GAN_ViT: 0.435 D_real_ViT: 0.107 D_fake_ViT: 0.178 global: 0.505 spatial: 0.105 
(epoch: 3, iters: 3424, time: 0.488, data: 0.001) G_GAN_ViT: 0.498 D_real_ViT: 0.289 D_fake_ViT: 0.128 global: 0.480 spatial: 0.090 
(epoch: 3, iters: 3524, time: 0.488, data: 0.001) G_GAN_ViT: 0.357 D_real_ViT: 0.105 D_fake_ViT: 0.237 global: 0.443 spatial: 0.078 
(epoch: 3, iters: 3624, time: 0.488, data: 0.002) G_GAN_ViT: 0.395 D_real_ViT: 0.279 D_fake_ViT: 0.204 global: 0.438 spatial: 0.086 
(epoch: 3, iters: 3724, time: 0.488, data: 0.001) G_GAN_ViT: 0.480 D_real_ViT: 0.106 D_fake_ViT: 0.154 global: 0.347 spatial: 0.077 
(epoch: 3, iters: 3824, time: 0.488, data: 0.001) G_GAN_ViT: 0.402 D_real_ViT: 0.202 D_fake_ViT: 0.188 global: 0.337 spatial: 0.080 
(epoch: 3, iters: 3924, time: 0.486, data: 0.001) G_GAN_ViT: 0.374 D_real_ViT: 0.255 D_fake_ViT: 0.197 global: 0.430 spatial: 0.083 
saving the latest model (epoch 3, total_iters 15000)
ICL_single_traffic_city
(epoch: 3, iters: 4024, time: 0.486, data: 0.002) G_GAN_ViT: 0.462 D_real_ViT: 0.227 D_fake_ViT: 0.157 global: 0.342 spatial: 0.064 
(epoch: 3, iters: 4124, time: 0.486, data: 0.001) G_GAN_ViT: 0.361 D_real_ViT: 0.242 D_fake_ViT: 0.209 global: 0.387 spatial: 0.071 
(epoch: 3, iters: 4224, time: 0.487, data: 0.001) G_GAN_ViT: 0.447 D_real_ViT: 0.278 D_fake_ViT: 0.159 global: 0.451 spatial: 0.090 
(epoch: 3, iters: 4324, time: 0.488, data: 0.001) G_GAN_ViT: 0.571 D_real_ViT: 0.296 D_fake_ViT: 0.113 global: 0.361 spatial: 0.084 
(epoch: 3, iters: 4424, time: 0.488, data: 0.001) G_GAN_ViT: 0.435 D_real_ViT: 0.193 D_fake_ViT: 0.176 global: 0.339 spatial: 0.079 
(epoch: 3, iters: 4524, time: 0.487, data: 0.001) G_GAN_ViT: 0.367 D_real_ViT: 0.187 D_fake_ViT: 0.208 global: 0.462 spatial: 0.088 
(epoch: 3, iters: 4624, time: 0.488, data: 0.001) G_GAN_ViT: 0.413 D_real_ViT: 0.103 D_fake_ViT: 0.170 global: 0.400 spatial: 0.082 
(epoch: 3, iters: 4724, time: 0.488, data: 0.001) G_GAN_ViT: 0.482 D_real_ViT: 0.195 D_fake_ViT: 0.138 global: 0.435 spatial: 0.083 
(epoch: 3, iters: 4824, time: 0.488, data: 0.001) G_GAN_ViT: 0.437 D_real_ViT: 0.197 D_fake_ViT: 0.167 global: 0.320 spatial: 0.074 
(epoch: 3, iters: 4924, time: 0.488, data: 0.001) G_GAN_ViT: 0.404 D_real_ViT: 0.119 D_fake_ViT: 0.181 global: 0.295 spatial: 0.060 
(epoch: 3, iters: 5024, time: 0.488, data: 0.002) G_GAN_ViT: 0.413 D_real_ViT: 0.252 D_fake_ViT: 0.171 global: 0.375 spatial: 0.071 
(epoch: 3, iters: 5124, time: 0.488, data: 0.002) G_GAN_ViT: 0.444 D_real_ViT: 0.099 D_fake_ViT: 0.181 global: 0.343 spatial: 0.077 
(epoch: 3, iters: 5224, time: 0.488, data: 0.001) G_GAN_ViT: 0.511 D_real_ViT: 0.134 D_fake_ViT: 0.136 global: 0.383 spatial: 0.077 
(epoch: 3, iters: 5324, time: 0.488, data: 0.001) G_GAN_ViT: 0.356 D_real_ViT: 0.227 D_fake_ViT: 0.216 global: 0.489 spatial: 0.082 
(epoch: 3, iters: 5424, time: 0.488, data: 0.001) G_GAN_ViT: 0.530 D_real_ViT: 0.100 D_fake_ViT: 0.116 global: 0.289 spatial: 0.060 
(epoch: 3, iters: 5524, time: 0.488, data: 0.002) G_GAN_ViT: 0.512 D_real_ViT: 0.279 D_fake_ViT: 0.137 global: 0.336 spatial: 0.074 
End of epoch 3 / 100 	 Time Taken: 2713 sec
learning rate = 0.0000100
(epoch: 4, iters: 86, time: 0.488, data: 0.001) G_GAN_ViT: 0.381 D_real_ViT: 0.090 D_fake_ViT: 0.199 global: 0.296 spatial: 0.072 
(epoch: 4, iters: 186, time: 0.488, data: 0.001) G_GAN_ViT: 0.411 D_real_ViT: 0.424 D_fake_ViT: 0.176 global: 0.412 spatial: 0.075 
(epoch: 4, iters: 286, time: 0.487, data: 0.002) G_GAN_ViT: 0.504 D_real_ViT: 0.162 D_fake_ViT: 0.150 global: 0.420 spatial: 0.089 
(epoch: 4, iters: 386, time: 0.487, data: 0.001) G_GAN_ViT: 0.430 D_real_ViT: 0.322 D_fake_ViT: 0.180 global: 0.510 spatial: 0.085 
(epoch: 4, iters: 486, time: 0.487, data: 0.001) G_GAN_ViT: 0.437 D_real_ViT: 0.105 D_fake_ViT: 0.166 global: 0.421 spatial: 0.076 
(epoch: 4, iters: 586, time: 0.486, data: 0.002) G_GAN_ViT: 0.429 D_real_ViT: 0.210 D_fake_ViT: 0.160 global: 0.477 spatial: 0.074 
(epoch: 4, iters: 686, time: 0.487, data: 0.001) G_GAN_ViT: 0.426 D_real_ViT: 0.220 D_fake_ViT: 0.180 global: 0.345 spatial: 0.070 
(epoch: 4, iters: 786, time: 0.487, data: 0.001) G_GAN_ViT: 0.480 D_real_ViT: 0.124 D_fake_ViT: 0.143 global: 0.301 spatial: 0.071 
(epoch: 4, iters: 886, time: 0.487, data: 0.001) G_GAN_ViT: 0.405 D_real_ViT: 0.332 D_fake_ViT: 0.172 global: 0.362 spatial: 0.064 
(epoch: 4, iters: 986, time: 0.487, data: 0.002) G_GAN_ViT: 0.362 D_real_ViT: 0.142 D_fake_ViT: 0.212 global: 0.524 spatial: 0.093 
(epoch: 4, iters: 1086, time: 0.488, data: 0.001) G_GAN_ViT: 0.677 D_real_ViT: 0.101 D_fake_ViT: 0.079 global: 0.403 spatial: 0.082 
(epoch: 4, iters: 1186, time: 0.488, data: 0.001) G_GAN_ViT: 0.694 D_real_ViT: 0.279 D_fake_ViT: 0.088 global: 0.406 spatial: 0.081 
(epoch: 4, iters: 1286, time: 0.488, data: 0.002) G_GAN_ViT: 0.420 D_real_ViT: 0.129 D_fake_ViT: 0.178 global: 0.372 spatial: 0.081 
(epoch: 4, iters: 1386, time: 0.487, data: 0.001) G_GAN_ViT: 0.485 D_real_ViT: 0.099 D_fake_ViT: 0.137 global: 0.364 spatial: 0.069 
(epoch: 4, iters: 1486, time: 0.487, data: 0.001) G_GAN_ViT: 0.393 D_real_ViT: 0.290 D_fake_ViT: 0.203 global: 0.363 spatial: 0.070 
(epoch: 4, iters: 1586, time: 0.488, data: 0.002) G_GAN_ViT: 0.386 D_real_ViT: 0.305 D_fake_ViT: 0.185 global: 0.442 spatial: 0.078 
(epoch: 4, iters: 1686, time: 0.488, data: 0.001) G_GAN_ViT: 0.415 D_real_ViT: 0.259 D_fake_ViT: 0.180 global: 0.443 spatial: 0.071 
(epoch: 4, iters: 1786, time: 0.488, data: 0.001) G_GAN_ViT: 0.366 D_real_ViT: 0.181 D_fake_ViT: 0.201 global: 0.435 spatial: 0.068 
(epoch: 4, iters: 1886, time: 0.488, data: 0.001) G_GAN_ViT: 0.416 D_real_ViT: 0.157 D_fake_ViT: 0.174 global: 0.480 spatial: 0.078 
(epoch: 4, iters: 1986, time: 0.488, data: 0.001) G_GAN_ViT: 0.518 D_real_ViT: 0.074 D_fake_ViT: 0.124 global: 0.419 spatial: 0.091 
(epoch: 4, iters: 2086, time: 0.488, data: 0.001) G_GAN_ViT: 0.410 D_real_ViT: 0.109 D_fake_ViT: 0.177 global: 0.299 spatial: 0.065 
(epoch: 4, iters: 2186, time: 0.488, data: 0.002) G_GAN_ViT: 0.393 D_real_ViT: 0.196 D_fake_ViT: 0.218 global: 0.408 spatial: 0.087 
(epoch: 4, iters: 2286, time: 0.488, data: 0.001) G_GAN_ViT: 0.335 D_real_ViT: 0.290 D_fake_ViT: 0.241 global: 0.529 spatial: 0.081 
(epoch: 4, iters: 2386, time: 0.488, data: 0.002) G_GAN_ViT: 0.460 D_real_ViT: 0.163 D_fake_ViT: 0.145 global: 0.372 spatial: 0.063 
(epoch: 4, iters: 2486, time: 0.488, data: 0.001) G_GAN_ViT: 0.363 D_real_ViT: 0.105 D_fake_ViT: 0.212 global: 0.304 spatial: 0.070 
(epoch: 4, iters: 2586, time: 0.488, data: 0.002) G_GAN_ViT: 0.417 D_real_ViT: 0.146 D_fake_ViT: 0.189 global: 0.503 spatial: 0.087 
(epoch: 4, iters: 2686, time: 0.488, data: 0.002) G_GAN_ViT: 0.466 D_real_ViT: 0.105 D_fake_ViT: 0.178 global: 0.394 spatial: 0.080 
(epoch: 4, iters: 2786, time: 0.487, data: 0.002) G_GAN_ViT: 0.381 D_real_ViT: 0.098 D_fake_ViT: 0.198 global: 0.317 spatial: 0.074 
(epoch: 4, iters: 2886, time: 0.487, data: 0.001) G_GAN_ViT: 0.512 D_real_ViT: 0.233 D_fake_ViT: 0.135 global: 0.374 spatial: 0.056 
(epoch: 4, iters: 2986, time: 0.488, data: 0.002) G_GAN_ViT: 0.342 D_real_ViT: 0.089 D_fake_ViT: 0.233 global: 0.299 spatial: 0.070 
(epoch: 4, iters: 3086, time: 0.488, data: 0.001) G_GAN_ViT: 0.380 D_real_ViT: 0.081 D_fake_ViT: 0.208 global: 0.431 spatial: 0.088 
(epoch: 4, iters: 3186, time: 0.488, data: 0.001) G_GAN_ViT: 0.344 D_real_ViT: 0.081 D_fake_ViT: 0.239 global: 0.507 spatial: 0.087 
(epoch: 4, iters: 3286, time: 0.487, data: 0.002) G_GAN_ViT: 0.455 D_real_ViT: 0.231 D_fake_ViT: 0.150 global: 0.399 spatial: 0.074 
(epoch: 4, iters: 3386, time: 0.486, data: 0.002) G_GAN_ViT: 0.485 D_real_ViT: 0.256 D_fake_ViT: 0.146 global: 0.431 spatial: 0.070 
saving the latest model (epoch 4, total_iters 20000)
ICL_single_traffic_city
(epoch: 4, iters: 3486, time: 0.487, data: 0.002) G_GAN_ViT: 0.399 D_real_ViT: 0.399 D_fake_ViT: 0.210 global: 0.369 spatial: 0.098 
(epoch: 4, iters: 3586, time: 0.487, data: 0.001) G_GAN_ViT: 0.555 D_real_ViT: 0.178 D_fake_ViT: 0.110 global: 0.375 spatial: 0.069 
(epoch: 4, iters: 3686, time: 0.487, data: 0.001) G_GAN_ViT: 0.384 D_real_ViT: 0.206 D_fake_ViT: 0.189 global: 0.460 spatial: 0.081 
(epoch: 4, iters: 3786, time: 0.487, data: 0.001) G_GAN_ViT: 0.514 D_real_ViT: 0.101 D_fake_ViT: 0.132 global: 0.473 spatial: 0.085 
(epoch: 4, iters: 3886, time: 0.488, data: 0.002) G_GAN_ViT: 0.350 D_real_ViT: 0.213 D_fake_ViT: 0.231 global: 0.475 spatial: 0.078 
(epoch: 4, iters: 3986, time: 0.488, data: 0.001) G_GAN_ViT: 0.458 D_real_ViT: 0.203 D_fake_ViT: 0.151 global: 0.292 spatial: 0.075 
(epoch: 4, iters: 4086, time: 0.488, data: 0.001) G_GAN_ViT: 0.562 D_real_ViT: 0.061 D_fake_ViT: 0.129 global: 0.489 spatial: 0.084 
(epoch: 4, iters: 4186, time: 0.489, data: 0.001) G_GAN_ViT: 0.578 D_real_ViT: 0.301 D_fake_ViT: 0.104 global: 0.409 spatial: 0.089 
(epoch: 4, iters: 4286, time: 0.489, data: 0.001) G_GAN_ViT: 0.417 D_real_ViT: 0.351 D_fake_ViT: 0.179 global: 0.454 spatial: 0.077 
(epoch: 4, iters: 4386, time: 0.489, data: 0.001) G_GAN_ViT: 0.398 D_real_ViT: 0.121 D_fake_ViT: 0.190 global: 0.474 spatial: 0.072 
(epoch: 4, iters: 4486, time: 0.489, data: 0.001) G_GAN_ViT: 0.261 D_real_ViT: 0.158 D_fake_ViT: 0.327 global: 0.488 spatial: 0.085 
(epoch: 4, iters: 4586, time: 0.490, data: 0.001) G_GAN_ViT: 0.444 D_real_ViT: 0.113 D_fake_ViT: 0.178 global: 0.356 spatial: 0.098 
(epoch: 4, iters: 4686, time: 0.489, data: 0.001) G_GAN_ViT: 0.434 D_real_ViT: 0.067 D_fake_ViT: 0.161 global: 0.256 spatial: 0.058 
(epoch: 4, iters: 4786, time: 0.490, data: 0.001) G_GAN_ViT: 0.450 D_real_ViT: 0.053 D_fake_ViT: 0.160 global: 0.436 spatial: 0.081 
(epoch: 4, iters: 4886, time: 0.489, data: 0.001) G_GAN_ViT: 0.364 D_real_ViT: 0.207 D_fake_ViT: 0.213 global: 0.305 spatial: 0.066 
(epoch: 4, iters: 4986, time: 0.489, data: 0.001) G_GAN_ViT: 0.417 D_real_ViT: 0.091 D_fake_ViT: 0.209 global: 0.330 spatial: 0.094 
(epoch: 4, iters: 5086, time: 0.489, data: 0.001) G_GAN_ViT: 0.390 D_real_ViT: 0.214 D_fake_ViT: 0.194 global: 0.368 spatial: 0.079 
(epoch: 4, iters: 5186, time: 0.489, data: 0.002) G_GAN_ViT: 0.403 D_real_ViT: 0.291 D_fake_ViT: 0.181 global: 0.421 spatial: 0.080 
(epoch: 4, iters: 5286, time: 0.489, data: 0.001) G_GAN_ViT: 0.417 D_real_ViT: 0.432 D_fake_ViT: 0.173 global: 0.328 spatial: 0.082 
(epoch: 4, iters: 5386, time: 0.489, data: 0.001) G_GAN_ViT: 0.462 D_real_ViT: 0.207 D_fake_ViT: 0.148 global: 0.313 spatial: 0.059 
(epoch: 4, iters: 5486, time: 0.489, data: 0.001) G_GAN_ViT: 0.427 D_real_ViT: 0.309 D_fake_ViT: 0.166 global: 0.353 spatial: 0.075 
End of epoch 4 / 100 	 Time Taken: 2711 sec
learning rate = 0.0000100
(epoch: 5, iters: 48, time: 0.489, data: 0.001) G_GAN_ViT: 0.391 D_real_ViT: 0.140 D_fake_ViT: 0.214 global: 0.476 spatial: 0.081 
(epoch: 5, iters: 148, time: 0.488, data: 0.001) G_GAN_ViT: 0.466 D_real_ViT: 0.234 D_fake_ViT: 0.146 global: 0.326 spatial: 0.066 
(epoch: 5, iters: 248, time: 0.489, data: 0.001) G_GAN_ViT: 0.408 D_real_ViT: 0.323 D_fake_ViT: 0.177 global: 0.350 spatial: 0.079 
(epoch: 5, iters: 348, time: 0.489, data: 0.002) G_GAN_ViT: 0.322 D_real_ViT: 0.295 D_fake_ViT: 0.262 global: 0.318 spatial: 0.089 
(epoch: 5, iters: 448, time: 0.489, data: 0.001) G_GAN_ViT: 0.318 D_real_ViT: 0.297 D_fake_ViT: 0.258 global: 0.525 spatial: 0.086 
(epoch: 5, iters: 548, time: 0.489, data: 0.001) G_GAN_ViT: 0.623 D_real_ViT: 0.178 D_fake_ViT: 0.097 global: 0.476 spatial: 0.081 
(epoch: 5, iters: 648, time: 0.489, data: 0.001) G_GAN_ViT: 0.493 D_real_ViT: 0.334 D_fake_ViT: 0.134 global: 0.319 spatial: 0.068 
(epoch: 5, iters: 748, time: 0.489, data: 0.001) G_GAN_ViT: 0.438 D_real_ViT: 0.258 D_fake_ViT: 0.162 global: 0.407 spatial: 0.075 
(epoch: 5, iters: 848, time: 0.490, data: 0.001) G_GAN_ViT: 0.348 D_real_ViT: 0.208 D_fake_ViT: 0.226 global: 0.444 spatial: 0.076 
(epoch: 5, iters: 948, time: 0.490, data: 0.001) G_GAN_ViT: 0.367 D_real_ViT: 0.187 D_fake_ViT: 0.223 global: 0.398 spatial: 0.082 
(epoch: 5, iters: 1048, time: 0.490, data: 0.001) G_GAN_ViT: 0.376 D_real_ViT: 0.191 D_fake_ViT: 0.227 global: 0.378 spatial: 0.102 
(epoch: 5, iters: 1148, time: 0.490, data: 0.001) G_GAN_ViT: 0.370 D_real_ViT: 0.080 D_fake_ViT: 0.218 global: 0.350 spatial: 0.086 
(epoch: 5, iters: 1248, time: 0.489, data: 0.001) G_GAN_ViT: 0.501 D_real_ViT: 0.267 D_fake_ViT: 0.130 global: 0.376 spatial: 0.074 
(epoch: 5, iters: 1348, time: 0.489, data: 0.001) G_GAN_ViT: 0.532 D_real_ViT: 0.218 D_fake_ViT: 0.147 global: 0.338 spatial: 0.090 
(epoch: 5, iters: 1448, time: 0.489, data: 0.002) G_GAN_ViT: 0.291 D_real_ViT: 0.275 D_fake_ViT: 0.266 global: 0.471 spatial: 0.084 
(epoch: 5, iters: 1548, time: 0.489, data: 0.001) G_GAN_ViT: 0.463 D_real_ViT: 0.069 D_fake_ViT: 0.153 global: 0.350 spatial: 0.075 
(epoch: 5, iters: 1648, time: 0.489, data: 0.001) G_GAN_ViT: 0.471 D_real_ViT: 0.071 D_fake_ViT: 0.146 global: 0.343 spatial: 0.075 
(epoch: 5, iters: 1748, time: 0.489, data: 0.002) G_GAN_ViT: 0.360 D_real_ViT: 0.229 D_fake_ViT: 0.222 global: 0.373 spatial: 0.089 
(epoch: 5, iters: 1848, time: 0.489, data: 0.001) G_GAN_ViT: 0.547 D_real_ViT: 0.267 D_fake_ViT: 0.113 global: 0.364 spatial: 0.080 
(epoch: 5, iters: 1948, time: 0.490, data: 0.001) G_GAN_ViT: 0.452 D_real_ViT: 0.211 D_fake_ViT: 0.172 global: 0.399 spatial: 0.088 
(epoch: 5, iters: 2048, time: 0.490, data: 0.002) G_GAN_ViT: 0.359 D_real_ViT: 0.135 D_fake_ViT: 0.219 global: 0.448 spatial: 0.078 
(epoch: 5, iters: 2148, time: 0.490, data: 0.001) G_GAN_ViT: 0.458 D_real_ViT: 0.246 D_fake_ViT: 0.138 global: 0.372 spatial: 0.076 
(epoch: 5, iters: 2248, time: 0.489, data: 0.001) G_GAN_ViT: 0.346 D_real_ViT: 0.235 D_fake_ViT: 0.242 global: 0.527 spatial: 0.078 
(epoch: 5, iters: 2348, time: 0.489, data: 0.001) G_GAN_ViT: 0.361 D_real_ViT: 0.107 D_fake_ViT: 0.212 global: 0.342 spatial: 0.070 
(epoch: 5, iters: 2448, time: 0.489, data: 0.001) G_GAN_ViT: 0.529 D_real_ViT: 0.321 D_fake_ViT: 0.122 global: 0.329 spatial: 0.085 
(epoch: 5, iters: 2548, time: 0.489, data: 0.001) G_GAN_ViT: 0.379 D_real_ViT: 0.196 D_fake_ViT: 0.193 global: 0.286 spatial: 0.055 
(epoch: 5, iters: 2648, time: 0.489, data: 0.002) G_GAN_ViT: 0.373 D_real_ViT: 0.118 D_fake_ViT: 0.204 global: 0.332 spatial: 0.071 
(epoch: 5, iters: 2748, time: 0.488, data: 0.002) G_GAN_ViT: 0.323 D_real_ViT: 0.168 D_fake_ViT: 0.253 global: 0.332 spatial: 0.075 
(epoch: 5, iters: 2848, time: 0.486, data: 0.001) G_GAN_ViT: 0.392 D_real_ViT: 0.171 D_fake_ViT: 0.186 global: 0.329 spatial: 0.079 
saving the latest model (epoch 5, total_iters 25000)
ICL_single_traffic_city
(epoch: 5, iters: 2948, time: 0.487, data: 0.002) G_GAN_ViT: 0.435 D_real_ViT: 0.220 D_fake_ViT: 0.156 global: 0.421 spatial: 0.083 
(epoch: 5, iters: 3048, time: 0.488, data: 0.001) G_GAN_ViT: 0.384 D_real_ViT: 0.196 D_fake_ViT: 0.203 global: 0.361 spatial: 0.076 
(epoch: 5, iters: 3148, time: 0.489, data: 0.001) G_GAN_ViT: 0.564 D_real_ViT: 0.179 D_fake_ViT: 0.107 global: 0.410 spatial: 0.074 
(epoch: 5, iters: 3248, time: 0.487, data: 0.001) G_GAN_ViT: 0.363 D_real_ViT: 0.180 D_fake_ViT: 0.217 global: 0.346 spatial: 0.070 
(epoch: 5, iters: 3348, time: 0.488, data: 0.002) G_GAN_ViT: 0.528 D_real_ViT: 0.115 D_fake_ViT: 0.150 global: 0.382 spatial: 0.089 
(epoch: 5, iters: 3448, time: 0.488, data: 0.001) G_GAN_ViT: 0.359 D_real_ViT: 0.135 D_fake_ViT: 0.215 global: 0.487 spatial: 0.083 
(epoch: 5, iters: 3548, time: 0.488, data: 0.001) G_GAN_ViT: 0.461 D_real_ViT: 0.117 D_fake_ViT: 0.154 global: 0.292 spatial: 0.072 
(epoch: 5, iters: 3648, time: 0.489, data: 0.002) G_GAN_ViT: 0.438 D_real_ViT: 0.110 D_fake_ViT: 0.161 global: 0.332 spatial: 0.070 
(epoch: 5, iters: 3748, time: 0.489, data: 0.001) G_GAN_ViT: 0.486 D_real_ViT: 0.063 D_fake_ViT: 0.152 global: 0.302 spatial: 0.073 
(epoch: 5, iters: 3848, time: 0.489, data: 0.001) G_GAN_ViT: 0.339 D_real_ViT: 0.056 D_fake_ViT: 0.242 global: 0.454 spatial: 0.082 
(epoch: 5, iters: 3948, time: 0.490, data: 0.001) G_GAN_ViT: 0.439 D_real_ViT: 0.188 D_fake_ViT: 0.149 global: 0.348 spatial: 0.081 
(epoch: 5, iters: 4048, time: 0.489, data: 0.002) G_GAN_ViT: 0.421 D_real_ViT: 0.226 D_fake_ViT: 0.184 global: 0.439 spatial: 0.087 
(epoch: 5, iters: 4148, time: 0.490, data: 0.002) G_GAN_ViT: 0.442 D_real_ViT: 0.343 D_fake_ViT: 0.173 global: 0.377 spatial: 0.087 
(epoch: 5, iters: 4248, time: 0.490, data: 0.001) G_GAN_ViT: 0.487 D_real_ViT: 0.103 D_fake_ViT: 0.133 global: 0.299 spatial: 0.069 
(epoch: 5, iters: 4348, time: 0.490, data: 0.001) G_GAN_ViT: 0.456 D_real_ViT: 0.343 D_fake_ViT: 0.159 global: 0.352 spatial: 0.071 
(epoch: 5, iters: 4448, time: 0.490, data: 0.001) G_GAN_ViT: 0.416 D_real_ViT: 0.086 D_fake_ViT: 0.181 global: 0.342 spatial: 0.077 
(epoch: 5, iters: 4548, time: 0.490, data: 0.001) G_GAN_ViT: 0.499 D_real_ViT: 0.273 D_fake_ViT: 0.151 global: 0.367 spatial: 0.089 
(epoch: 5, iters: 4648, time: 0.490, data: 0.001) G_GAN_ViT: 0.512 D_real_ViT: 0.184 D_fake_ViT: 0.128 global: 0.373 spatial: 0.072 
(epoch: 5, iters: 4748, time: 0.490, data: 0.001) G_GAN_ViT: 0.362 D_real_ViT: 0.314 D_fake_ViT: 0.220 global: 0.289 spatial: 0.068 
(epoch: 5, iters: 4848, time: 0.490, data: 0.001) G_GAN_ViT: 0.576 D_real_ViT: 0.092 D_fake_ViT: 0.123 global: 0.344 spatial: 0.086 
(epoch: 5, iters: 4948, time: 0.490, data: 0.001) G_GAN_ViT: 0.517 D_real_ViT: 0.245 D_fake_ViT: 0.120 global: 0.348 spatial: 0.061 
(epoch: 5, iters: 5048, time: 0.490, data: 0.002) G_GAN_ViT: 0.436 D_real_ViT: 0.171 D_fake_ViT: 0.184 global: 0.346 spatial: 0.091 
(epoch: 5, iters: 5148, time: 0.490, data: 0.001) G_GAN_ViT: 0.480 D_real_ViT: 0.184 D_fake_ViT: 0.145 global: 0.445 spatial: 0.072 
(epoch: 5, iters: 5248, time: 0.490, data: 0.001) G_GAN_ViT: 0.429 D_real_ViT: 0.143 D_fake_ViT: 0.177 global: 0.289 spatial: 0.069 
(epoch: 5, iters: 5348, time: 0.490, data: 0.001) G_GAN_ViT: 0.421 D_real_ViT: 0.301 D_fake_ViT: 0.172 global: 0.512 spatial: 0.077 
(epoch: 5, iters: 5448, time: 0.490, data: 0.001) G_GAN_ViT: 0.503 D_real_ViT: 0.233 D_fake_ViT: 0.130 global: 0.363 spatial: 0.078 
saving the model at the end of epoch 5, iters 27690
End of epoch 5 / 100 	 Time Taken: 2719 sec
learning rate = 0.0000100
(epoch: 6, iters: 10, time: 0.490, data: 0.001) G_GAN_ViT: 0.404 D_real_ViT: 0.225 D_fake_ViT: 0.184 global: 0.302 spatial: 0.069 
(epoch: 6, iters: 110, time: 0.490, data: 0.001) G_GAN_ViT: 0.507 D_real_ViT: 0.043 D_fake_ViT: 0.124 global: 0.301 spatial: 0.072 
(epoch: 6, iters: 210, time: 0.490, data: 0.001) G_GAN_ViT: 0.388 D_real_ViT: 0.154 D_fake_ViT: 0.196 global: 0.500 spatial: 0.097 
(epoch: 6, iters: 310, time: 0.488, data: 0.001) G_GAN_ViT: 0.456 D_real_ViT: 0.187 D_fake_ViT: 0.182 global: 0.489 spatial: 0.092 
(epoch: 6, iters: 410, time: 0.488, data: 0.001) G_GAN_ViT: 0.461 D_real_ViT: 0.167 D_fake_ViT: 0.149 global: 0.330 spatial: 0.086 
(epoch: 6, iters: 510, time: 0.489, data: 0.001) G_GAN_ViT: 0.492 D_real_ViT: 0.242 D_fake_ViT: 0.139 global: 0.324 spatial: 0.071 
(epoch: 6, iters: 610, time: 0.489, data: 0.002) G_GAN_ViT: 0.398 D_real_ViT: 0.241 D_fake_ViT: 0.191 global: 0.332 spatial: 0.081 
(epoch: 6, iters: 710, time: 0.489, data: 0.001) G_GAN_ViT: 0.325 D_real_ViT: 0.098 D_fake_ViT: 0.261 global: 0.573 spatial: 0.084 
(epoch: 6, iters: 810, time: 0.489, data: 0.001) G_GAN_ViT: 0.450 D_real_ViT: 0.309 D_fake_ViT: 0.166 global: 0.455 spatial: 0.076 
(epoch: 6, iters: 910, time: 0.489, data: 0.003) G_GAN_ViT: 0.461 D_real_ViT: 0.199 D_fake_ViT: 0.152 global: 0.324 spatial: 0.071 
(epoch: 6, iters: 1010, time: 0.488, data: 0.002) G_GAN_ViT: 0.432 D_real_ViT: 0.232 D_fake_ViT: 0.158 global: 0.319 spatial: 0.079 
(epoch: 6, iters: 1110, time: 0.489, data: 0.001) G_GAN_ViT: 0.415 D_real_ViT: 0.211 D_fake_ViT: 0.175 global: 0.378 spatial: 0.126 
(epoch: 6, iters: 1210, time: 0.488, data: 0.001) G_GAN_ViT: 0.400 D_real_ViT: 0.176 D_fake_ViT: 0.182 global: 0.336 spatial: 0.069 
(epoch: 6, iters: 1310, time: 0.488, data: 0.001) G_GAN_ViT: 0.598 D_real_ViT: 0.107 D_fake_ViT: 0.091 global: 0.386 spatial: 0.073 
(epoch: 6, iters: 1410, time: 0.489, data: 0.001) G_GAN_ViT: 0.436 D_real_ViT: 0.221 D_fake_ViT: 0.182 global: 0.465 spatial: 0.094 
(epoch: 6, iters: 1510, time: 0.489, data: 0.001) G_GAN_ViT: 0.490 D_real_ViT: 0.154 D_fake_ViT: 0.157 global: 0.361 spatial: 0.090 
(epoch: 6, iters: 1610, time: 0.489, data: 0.001) G_GAN_ViT: 0.433 D_real_ViT: 0.215 D_fake_ViT: 0.161 global: 0.329 spatial: 0.069 
(epoch: 6, iters: 1710, time: 0.490, data: 0.001) G_GAN_ViT: 0.461 D_real_ViT: 0.047 D_fake_ViT: 0.149 global: 0.388 spatial: 0.082 
(epoch: 6, iters: 1810, time: 0.489, data: 0.001) G_GAN_ViT: 0.566 D_real_ViT: 0.197 D_fake_ViT: 0.115 global: 0.345 spatial: 0.070 
(epoch: 6, iters: 1910, time: 0.490, data: 0.001) G_GAN_ViT: 0.370 D_real_ViT: 0.155 D_fake_ViT: 0.204 global: 0.517 spatial: 0.086 
(epoch: 6, iters: 2010, time: 0.490, data: 0.001) G_GAN_ViT: 0.355 D_real_ViT: 0.182 D_fake_ViT: 0.224 global: 0.437 spatial: 0.090 
(epoch: 6, iters: 2110, time: 0.490, data: 0.001) G_GAN_ViT: 0.328 D_real_ViT: 0.199 D_fake_ViT: 0.245 global: 0.461 spatial: 0.079 
(epoch: 6, iters: 2210, time: 0.489, data: 0.001) G_GAN_ViT: 0.454 D_real_ViT: 0.207 D_fake_ViT: 0.161 global: 0.489 spatial: 0.089 
(epoch: 6, iters: 2310, time: 0.488, data: 0.001) G_GAN_ViT: 0.486 D_real_ViT: 0.212 D_fake_ViT: 0.143 global: 0.318 spatial: 0.079 
saving the latest model (epoch 6, total_iters 30000)
ICL_single_traffic_city
(epoch: 6, iters: 2410, time: 0.488, data: 0.001) G_GAN_ViT: 0.636 D_real_ViT: 0.292 D_fake_ViT: 0.096 global: 0.490 spatial: 0.089 
(epoch: 6, iters: 2510, time: 0.489, data: 0.001) G_GAN_ViT: 0.305 D_real_ViT: 0.105 D_fake_ViT: 0.259 global: 0.490 spatial: 0.080 
(epoch: 6, iters: 2610, time: 0.489, data: 0.001) G_GAN_ViT: 0.456 D_real_ViT: 0.340 D_fake_ViT: 0.163 global: 0.320 spatial: 0.078 
(epoch: 6, iters: 2710, time: 0.489, data: 0.001) G_GAN_ViT: 0.496 D_real_ViT: 0.254 D_fake_ViT: 0.138 global: 0.356 spatial: 0.083 
(epoch: 6, iters: 2810, time: 0.489, data: 0.001) G_GAN_ViT: 0.517 D_real_ViT: 0.319 D_fake_ViT: 0.133 global: 0.411 spatial: 0.080 
(epoch: 6, iters: 2910, time: 0.490, data: 0.001) G_GAN_ViT: 0.490 D_real_ViT: 0.056 D_fake_ViT: 0.137 global: 0.335 spatial: 0.075 
(epoch: 6, iters: 3010, time: 0.490, data: 0.001) G_GAN_ViT: 0.464 D_real_ViT: 0.229 D_fake_ViT: 0.141 global: 0.384 spatial: 0.073 
(epoch: 6, iters: 3110, time: 0.490, data: 0.002) G_GAN_ViT: 0.416 D_real_ViT: 0.189 D_fake_ViT: 0.168 global: 0.326 spatial: 0.056 
(epoch: 6, iters: 3210, time: 0.489, data: 0.001) G_GAN_ViT: 0.502 D_real_ViT: 0.056 D_fake_ViT: 0.143 global: 0.371 spatial: 0.089 
(epoch: 6, iters: 3310, time: 0.489, data: 0.001) G_GAN_ViT: 0.414 D_real_ViT: 0.053 D_fake_ViT: 0.182 global: 0.377 spatial: 0.079 
(epoch: 6, iters: 3410, time: 0.490, data: 0.001) G_GAN_ViT: 0.461 D_real_ViT: 0.206 D_fake_ViT: 0.139 global: 0.400 spatial: 0.084 
(epoch: 6, iters: 3510, time: 0.489, data: 0.001) G_GAN_ViT: 0.421 D_real_ViT: 0.054 D_fake_ViT: 0.179 global: 0.319 spatial: 0.069 
(epoch: 6, iters: 3610, time: 0.489, data: 0.001) G_GAN_ViT: 0.523 D_real_ViT: 0.109 D_fake_ViT: 0.111 global: 0.319 spatial: 0.074 
(epoch: 6, iters: 3710, time: 0.489, data: 0.001) G_GAN_ViT: 0.411 D_real_ViT: 0.296 D_fake_ViT: 0.210 global: 0.411 spatial: 0.092 
(epoch: 6, iters: 3810, time: 0.489, data: 0.001) G_GAN_ViT: 0.524 D_real_ViT: 0.112 D_fake_ViT: 0.119 global: 0.388 spatial: 0.074 
(epoch: 6, iters: 3910, time: 0.488, data: 0.001) G_GAN_ViT: 0.438 D_real_ViT: 0.357 D_fake_ViT: 0.163 global: 0.341 spatial: 0.081 
(epoch: 6, iters: 4010, time: 0.488, data: 0.001) G_GAN_ViT: 0.344 D_real_ViT: 0.243 D_fake_ViT: 0.243 global: 0.434 spatial: 0.088 
(epoch: 6, iters: 4110, time: 0.488, data: 0.001) G_GAN_ViT: 0.403 D_real_ViT: 0.258 D_fake_ViT: 0.173 global: 0.368 spatial: 0.072 
(epoch: 6, iters: 4210, time: 0.489, data: 0.001) G_GAN_ViT: 0.418 D_real_ViT: 0.219 D_fake_ViT: 0.166 global: 0.336 spatial: 0.072 
(epoch: 6, iters: 4310, time: 0.489, data: 0.001) G_GAN_ViT: 0.377 D_real_ViT: 0.127 D_fake_ViT: 0.201 global: 0.333 spatial: 0.071 
(epoch: 6, iters: 4410, time: 0.489, data: 0.001) G_GAN_ViT: 0.470 D_real_ViT: 0.362 D_fake_ViT: 0.136 global: 0.309 spatial: 0.068 
(epoch: 6, iters: 4510, time: 0.489, data: 0.001) G_GAN_ViT: 0.371 D_real_ViT: 0.168 D_fake_ViT: 0.216 global: 0.372 spatial: 0.097 
(epoch: 6, iters: 4610, time: 0.488, data: 0.001) G_GAN_ViT: 0.404 D_real_ViT: 0.123 D_fake_ViT: 0.177 global: 0.311 spatial: 0.071 
(epoch: 6, iters: 4710, time: 0.488, data: 0.001) G_GAN_ViT: 0.292 D_real_ViT: 0.175 D_fake_ViT: 0.279 global: 0.380 spatial: 0.071 
(epoch: 6, iters: 4810, time: 0.488, data: 0.001) G_GAN_ViT: 0.414 D_real_ViT: 0.304 D_fake_ViT: 0.161 global: 0.301 spatial: 0.069 
(epoch: 6, iters: 4910, time: 0.488, data: 0.001) G_GAN_ViT: 0.495 D_real_ViT: 0.254 D_fake_ViT: 0.136 global: 0.278 spatial: 0.078 
(epoch: 6, iters: 5010, time: 0.488, data: 0.001) G_GAN_ViT: 0.361 D_real_ViT: 0.243 D_fake_ViT: 0.208 global: 0.404 spatial: 0.090 
(epoch: 6, iters: 5110, time: 0.488, data: 0.001) G_GAN_ViT: 0.505 D_real_ViT: 0.098 D_fake_ViT: 0.123 global: 0.307 spatial: 0.071 
(epoch: 6, iters: 5210, time: 0.488, data: 0.001) G_GAN_ViT: 0.573 D_real_ViT: 0.273 D_fake_ViT: 0.110 global: 0.371 spatial: 0.092 
(epoch: 6, iters: 5310, time: 0.488, data: 0.001) G_GAN_ViT: 0.384 D_real_ViT: 0.197 D_fake_ViT: 0.225 global: 0.305 spatial: 0.071 
(epoch: 6, iters: 5410, time: 0.488, data: 0.001) G_GAN_ViT: 0.511 D_real_ViT: 0.210 D_fake_ViT: 0.127 global: 0.314 spatial: 0.078 
(epoch: 6, iters: 5510, time: 0.488, data: 0.001) G_GAN_ViT: 0.389 D_real_ViT: 0.295 D_fake_ViT: 0.198 global: 0.474 spatial: 0.088 
End of epoch 6 / 100 	 Time Taken: 2715 sec
learning rate = 0.0000100
(epoch: 7, iters: 72, time: 0.488, data: 0.001) G_GAN_ViT: 0.409 D_real_ViT: 0.161 D_fake_ViT: 0.185 global: 0.461 spatial: 0.078 
(epoch: 7, iters: 172, time: 0.488, data: 0.001) G_GAN_ViT: 0.567 D_real_ViT: 0.275 D_fake_ViT: 0.095 global: 0.279 spatial: 0.058 
(epoch: 7, iters: 272, time: 0.489, data: 0.001) G_GAN_ViT: 0.379 D_real_ViT: 0.170 D_fake_ViT: 0.246 global: 0.382 spatial: 0.073 
(epoch: 7, iters: 372, time: 0.488, data: 0.001) G_GAN_ViT: 0.388 D_real_ViT: 0.060 D_fake_ViT: 0.208 global: 0.521 spatial: 0.079 
(epoch: 7, iters: 472, time: 0.488, data: 0.001) G_GAN_ViT: 0.357 D_real_ViT: 0.225 D_fake_ViT: 0.209 global: 0.473 spatial: 0.068 
(epoch: 7, iters: 572, time: 0.489, data: 0.001) G_GAN_ViT: 0.550 D_real_ViT: 0.140 D_fake_ViT: 0.116 global: 0.363 spatial: 0.071 
(epoch: 7, iters: 672, time: 0.489, data: 0.001) G_GAN_ViT: 0.389 D_real_ViT: 0.217 D_fake_ViT: 0.192 global: 0.454 spatial: 0.087 
(epoch: 7, iters: 772, time: 0.489, data: 0.001) G_GAN_ViT: 0.511 D_real_ViT: 0.341 D_fake_ViT: 0.133 global: 0.333 spatial: 0.078 
(epoch: 7, iters: 872, time: 0.489, data: 0.002) G_GAN_ViT: 0.429 D_real_ViT: 0.232 D_fake_ViT: 0.187 global: 0.455 spatial: 0.092 
(epoch: 7, iters: 972, time: 0.489, data: 0.001) G_GAN_ViT: 0.370 D_real_ViT: 0.198 D_fake_ViT: 0.259 global: 0.584 spatial: 0.092 
(epoch: 7, iters: 1072, time: 0.488, data: 0.001) G_GAN_ViT: 0.570 D_real_ViT: 0.070 D_fake_ViT: 0.124 global: 0.385 spatial: 0.094 
(epoch: 7, iters: 1172, time: 0.488, data: 0.002) G_GAN_ViT: 0.362 D_real_ViT: 0.169 D_fake_ViT: 0.218 global: 0.500 spatial: 0.084 
(epoch: 7, iters: 1272, time: 0.489, data: 0.002) G_GAN_ViT: 0.338 D_real_ViT: 0.214 D_fake_ViT: 0.241 global: 0.520 spatial: 0.077 
(epoch: 7, iters: 1372, time: 0.490, data: 0.002) G_GAN_ViT: 0.548 D_real_ViT: 0.142 D_fake_ViT: 0.109 global: 0.425 spatial: 0.076 
(epoch: 7, iters: 1472, time: 0.490, data: 0.002) G_GAN_ViT: 0.313 D_real_ViT: 0.106 D_fake_ViT: 0.267 global: 0.535 spatial: 0.094 
(epoch: 7, iters: 1572, time: 0.490, data: 0.002) G_GAN_ViT: 0.575 D_real_ViT: 0.191 D_fake_ViT: 0.103 global: 0.387 spatial: 0.067 
(epoch: 7, iters: 1672, time: 0.488, data: 0.002) G_GAN_ViT: 0.409 D_real_ViT: 0.268 D_fake_ViT: 0.176 global: 0.366 spatial: 0.072 
(epoch: 7, iters: 1772, time: 0.488, data: 0.001) G_GAN_ViT: 0.478 D_real_ViT: 0.162 D_fake_ViT: 0.140 global: 0.310 spatial: 0.065 
saving the latest model (epoch 7, total_iters 35000)
ICL_single_traffic_city
(epoch: 7, iters: 1872, time: 0.489, data: 0.001) G_GAN_ViT: 0.341 D_real_ViT: 0.264 D_fake_ViT: 0.248 global: 0.412 spatial: 0.083 
(epoch: 7, iters: 1972, time: 0.489, data: 0.002) G_GAN_ViT: 0.378 D_real_ViT: 0.286 D_fake_ViT: 0.200 global: 0.405 spatial: 0.085 
(epoch: 7, iters: 2072, time: 0.489, data: 0.002) G_GAN_ViT: 0.526 D_real_ViT: 0.252 D_fake_ViT: 0.132 global: 0.378 spatial: 0.092 
(epoch: 7, iters: 2172, time: 0.489, data: 0.002) G_GAN_ViT: 0.280 D_real_ViT: 0.187 D_fake_ViT: 0.290 global: 0.473 spatial: 0.085 
(epoch: 7, iters: 2272, time: 0.489, data: 0.002) G_GAN_ViT: 0.342 D_real_ViT: 0.125 D_fake_ViT: 0.224 global: 0.335 spatial: 0.066 
(epoch: 7, iters: 2372, time: 0.489, data: 0.002) G_GAN_ViT: 0.400 D_real_ViT: 0.124 D_fake_ViT: 0.183 global: 0.343 spatial: 0.081 
(epoch: 7, iters: 2472, time: 0.489, data: 0.002) G_GAN_ViT: 0.370 D_real_ViT: 0.175 D_fake_ViT: 0.220 global: 0.330 spatial: 0.081 
(epoch: 7, iters: 2572, time: 0.489, data: 0.002) G_GAN_ViT: 0.412 D_real_ViT: 0.199 D_fake_ViT: 0.179 global: 0.432 spatial: 0.074 
(epoch: 7, iters: 2672, time: 0.489, data: 0.002) G_GAN_ViT: 0.411 D_real_ViT: 0.192 D_fake_ViT: 0.177 global: 0.350 spatial: 0.072 
(epoch: 7, iters: 2772, time: 0.490, data: 0.002) G_GAN_ViT: 0.379 D_real_ViT: 0.113 D_fake_ViT: 0.199 global: 0.397 spatial: 0.074 
(epoch: 7, iters: 2872, time: 0.491, data: 0.002) G_GAN_ViT: 0.486 D_real_ViT: 0.345 D_fake_ViT: 0.126 global: 0.428 spatial: 0.079 
(epoch: 7, iters: 2972, time: 0.492, data: 0.002) G_GAN_ViT: 0.475 D_real_ViT: 0.119 D_fake_ViT: 0.140 global: 0.427 spatial: 0.083 
(epoch: 7, iters: 3072, time: 0.492, data: 0.002) G_GAN_ViT: 0.402 D_real_ViT: 0.148 D_fake_ViT: 0.187 global: 0.293 spatial: 0.062 
(epoch: 7, iters: 3172, time: 0.492, data: 0.002) G_GAN_ViT: 0.421 D_real_ViT: 0.241 D_fake_ViT: 0.178 global: 0.259 spatial: 0.069 
(epoch: 7, iters: 3272, time: 0.492, data: 0.001) G_GAN_ViT: 0.447 D_real_ViT: 0.271 D_fake_ViT: 0.149 global: 0.319 spatial: 0.074 
(epoch: 7, iters: 3372, time: 0.491, data: 0.002) G_GAN_ViT: 0.439 D_real_ViT: 0.319 D_fake_ViT: 0.151 global: 0.311 spatial: 0.072 
(epoch: 7, iters: 3472, time: 0.491, data: 0.002) G_GAN_ViT: 0.394 D_real_ViT: 0.180 D_fake_ViT: 0.199 global: 0.455 spatial: 0.102 
(epoch: 7, iters: 3572, time: 0.491, data: 0.001) G_GAN_ViT: 0.388 D_real_ViT: 0.086 D_fake_ViT: 0.197 global: 0.273 spatial: 0.071 
(epoch: 7, iters: 3672, time: 0.492, data: 0.002) G_GAN_ViT: 0.460 D_real_ViT: 0.215 D_fake_ViT: 0.166 global: 0.368 spatial: 0.064 
(epoch: 7, iters: 3772, time: 0.493, data: 0.001) G_GAN_ViT: 0.484 D_real_ViT: 0.184 D_fake_ViT: 0.155 global: 0.429 spatial: 0.092 
(epoch: 7, iters: 3872, time: 0.492, data: 0.002) G_GAN_ViT: 0.415 D_real_ViT: 0.165 D_fake_ViT: 0.179 global: 0.494 spatial: 0.092 
(epoch: 7, iters: 3972, time: 0.491, data: 0.001) G_GAN_ViT: 0.360 D_real_ViT: 0.201 D_fake_ViT: 0.245 global: 0.328 spatial: 0.064 
(epoch: 7, iters: 4072, time: 0.491, data: 0.001) G_GAN_ViT: 0.401 D_real_ViT: 0.087 D_fake_ViT: 0.213 global: 0.403 spatial: 0.100 
(epoch: 7, iters: 4172, time: 0.490, data: 0.001) G_GAN_ViT: 0.374 D_real_ViT: 0.060 D_fake_ViT: 0.201 global: 0.415 spatial: 0.086 
(epoch: 7, iters: 4272, time: 0.490, data: 0.001) G_GAN_ViT: 0.475 D_real_ViT: 0.273 D_fake_ViT: 0.136 global: 0.360 spatial: 0.080 
(epoch: 7, iters: 4372, time: 0.490, data: 0.001) G_GAN_ViT: 0.521 D_real_ViT: 0.179 D_fake_ViT: 0.113 global: 0.342 spatial: 0.071 
(epoch: 7, iters: 4472, time: 0.490, data: 0.001) G_GAN_ViT: 0.549 D_real_ViT: 0.263 D_fake_ViT: 0.112 global: 0.417 spatial: 0.076 
(epoch: 7, iters: 4572, time: 0.489, data: 0.001) G_GAN_ViT: 0.340 D_real_ViT: 0.169 D_fake_ViT: 0.219 global: 0.494 spatial: 0.075 
(epoch: 7, iters: 4672, time: 0.489, data: 0.001) G_GAN_ViT: 0.446 D_real_ViT: 0.204 D_fake_ViT: 0.174 global: 0.354 spatial: 0.086 
(epoch: 7, iters: 4772, time: 0.489, data: 0.001) G_GAN_ViT: 0.539 D_real_ViT: 0.072 D_fake_ViT: 0.144 global: 0.380 spatial: 0.084 
(epoch: 7, iters: 4872, time: 0.489, data: 0.001) G_GAN_ViT: 0.391 D_real_ViT: 0.160 D_fake_ViT: 0.214 global: 0.499 spatial: 0.078 
(epoch: 7, iters: 4972, time: 0.488, data: 0.001) G_GAN_ViT: 0.361 D_real_ViT: 0.199 D_fake_ViT: 0.210 global: 0.329 spatial: 0.069 
(epoch: 7, iters: 5072, time: 0.489, data: 0.001) G_GAN_ViT: 0.399 D_real_ViT: 0.268 D_fake_ViT: 0.184 global: 0.331 spatial: 0.069 
(epoch: 7, iters: 5172, time: 0.488, data: 0.001) G_GAN_ViT: 0.492 D_real_ViT: 0.090 D_fake_ViT: 0.133 global: 0.348 spatial: 0.088 
(epoch: 7, iters: 5272, time: 0.489, data: 0.002) G_GAN_ViT: 0.460 D_real_ViT: 0.299 D_fake_ViT: 0.153 global: 0.331 spatial: 0.081 
(epoch: 7, iters: 5372, time: 0.489, data: 0.001) G_GAN_ViT: 0.437 D_real_ViT: 0.077 D_fake_ViT: 0.167 global: 0.350 spatial: 0.093 
(epoch: 7, iters: 5472, time: 0.489, data: 0.001) G_GAN_ViT: 0.388 D_real_ViT: 0.126 D_fake_ViT: 0.191 global: 0.399 spatial: 0.073 
End of epoch 7 / 100 	 Time Taken: 2721 sec
learning rate = 0.0000100
(epoch: 8, iters: 34, time: 0.489, data: 0.001) G_GAN_ViT: 0.409 D_real_ViT: 0.341 D_fake_ViT: 0.188 global: 0.497 spatial: 0.079 
(epoch: 8, iters: 134, time: 0.490, data: 0.001) G_GAN_ViT: 0.397 D_real_ViT: 0.142 D_fake_ViT: 0.207 global: 0.504 spatial: 0.085 
(epoch: 8, iters: 234, time: 0.490, data: 0.001) G_GAN_ViT: 0.320 D_real_ViT: 0.131 D_fake_ViT: 0.237 global: 0.470 spatial: 0.083 
(epoch: 8, iters: 334, time: 0.490, data: 0.001) G_GAN_ViT: 0.572 D_real_ViT: 0.351 D_fake_ViT: 0.121 global: 0.420 spatial: 0.069 
(epoch: 8, iters: 434, time: 0.489, data: 0.002) G_GAN_ViT: 0.454 D_real_ViT: 0.065 D_fake_ViT: 0.168 global: 0.430 spatial: 0.079 
(epoch: 8, iters: 534, time: 0.489, data: 0.001) G_GAN_ViT: 0.318 D_real_ViT: 0.102 D_fake_ViT: 0.243 global: 0.342 spatial: 0.069 
(epoch: 8, iters: 634, time: 0.490, data: 0.002) G_GAN_ViT: 0.432 D_real_ViT: 0.222 D_fake_ViT: 0.160 global: 0.305 spatial: 0.075 
(epoch: 8, iters: 734, time: 0.490, data: 0.001) G_GAN_ViT: 0.367 D_real_ViT: 0.240 D_fake_ViT: 0.202 global: 0.442 spatial: 0.077 
(epoch: 8, iters: 834, time: 0.490, data: 0.003) G_GAN_ViT: 0.321 D_real_ViT: 0.090 D_fake_ViT: 0.260 global: 0.498 spatial: 0.081 
(epoch: 8, iters: 934, time: 0.490, data: 0.002) G_GAN_ViT: 0.428 D_real_ViT: 0.259 D_fake_ViT: 0.181 global: 0.396 spatial: 0.072 
(epoch: 8, iters: 1034, time: 0.490, data: 0.002) G_GAN_ViT: 0.441 D_real_ViT: 0.222 D_fake_ViT: 0.170 global: 0.346 spatial: 0.087 
(epoch: 8, iters: 1134, time: 0.487, data: 0.001) G_GAN_ViT: 0.366 D_real_ViT: 0.196 D_fake_ViT: 0.216 global: 0.402 spatial: 0.078 
(epoch: 8, iters: 1234, time: 0.488, data: 0.001) G_GAN_ViT: 0.462 D_real_ViT: 0.189 D_fake_ViT: 0.157 global: 0.379 spatial: 0.081 
saving the latest model (epoch 8, total_iters 40000)
ICL_single_traffic_city
(epoch: 8, iters: 1334, time: 0.488, data: 0.005) G_GAN_ViT: 0.346 D_real_ViT: 0.134 D_fake_ViT: 0.267 global: 0.385 spatial: 0.100 
(epoch: 8, iters: 1434, time: 0.488, data: 0.004) G_GAN_ViT: 0.426 D_real_ViT: 0.214 D_fake_ViT: 0.167 global: 0.336 spatial: 0.059 
(epoch: 8, iters: 1534, time: 0.488, data: 0.001) G_GAN_ViT: 0.461 D_real_ViT: 0.130 D_fake_ViT: 0.157 global: 0.337 spatial: 0.069 
(epoch: 8, iters: 1634, time: 0.488, data: 0.002) G_GAN_ViT: 0.418 D_real_ViT: 0.187 D_fake_ViT: 0.168 global: 0.317 spatial: 0.076 
(epoch: 8, iters: 1734, time: 0.488, data: 0.001) G_GAN_ViT: 0.460 D_real_ViT: 0.223 D_fake_ViT: 0.158 global: 0.346 spatial: 0.073 
(epoch: 8, iters: 1834, time: 0.489, data: 0.001) G_GAN_ViT: 0.389 D_real_ViT: 0.110 D_fake_ViT: 0.198 global: 0.327 spatial: 0.087 
(epoch: 8, iters: 1934, time: 0.489, data: 0.001) G_GAN_ViT: 0.458 D_real_ViT: 0.148 D_fake_ViT: 0.155 global: 0.326 spatial: 0.070 
(epoch: 8, iters: 2034, time: 0.490, data: 0.001) G_GAN_ViT: 0.463 D_real_ViT: 0.153 D_fake_ViT: 0.140 global: 0.354 spatial: 0.075 
(epoch: 8, iters: 2134, time: 0.491, data: 0.001) G_GAN_ViT: 0.538 D_real_ViT: 0.220 D_fake_ViT: 0.125 global: 0.397 spatial: 0.081 
(epoch: 8, iters: 2234, time: 0.490, data: 0.002) G_GAN_ViT: 0.395 D_real_ViT: 0.157 D_fake_ViT: 0.193 global: 0.361 spatial: 0.076 
(epoch: 8, iters: 2334, time: 0.491, data: 0.001) G_GAN_ViT: 0.532 D_real_ViT: 0.219 D_fake_ViT: 0.120 global: 0.340 spatial: 0.077 
(epoch: 8, iters: 2434, time: 0.491, data: 0.001) G_GAN_ViT: 0.478 D_real_ViT: 0.160 D_fake_ViT: 0.145 global: 0.344 spatial: 0.078 
(epoch: 8, iters: 2534, time: 0.491, data: 0.001) G_GAN_ViT: 0.326 D_real_ViT: 0.364 D_fake_ViT: 0.248 global: 0.478 spatial: 0.095 
(epoch: 8, iters: 2634, time: 0.492, data: 0.002) G_GAN_ViT: 0.306 D_real_ViT: 0.090 D_fake_ViT: 0.267 global: 0.544 spatial: 0.086 
(epoch: 8, iters: 2734, time: 0.491, data: 0.002) G_GAN_ViT: 0.484 D_real_ViT: 0.170 D_fake_ViT: 0.144 global: 0.341 spatial: 0.072 
(epoch: 8, iters: 2834, time: 0.490, data: 0.001) G_GAN_ViT: 0.312 D_real_ViT: 0.160 D_fake_ViT: 0.285 global: 0.437 spatial: 0.078 
(epoch: 8, iters: 2934, time: 0.490, data: 0.001) G_GAN_ViT: 0.308 D_real_ViT: 0.204 D_fake_ViT: 0.254 global: 0.325 spatial: 0.077 
(epoch: 8, iters: 3034, time: 0.489, data: 0.002) G_GAN_ViT: 0.457 D_real_ViT: 0.319 D_fake_ViT: 0.158 global: 0.448 spatial: 0.084 
(epoch: 8, iters: 3134, time: 0.489, data: 0.001) G_GAN_ViT: 0.398 D_real_ViT: 0.165 D_fake_ViT: 0.205 global: 0.479 spatial: 0.101 
(epoch: 8, iters: 3234, time: 0.489, data: 0.001) G_GAN_ViT: 0.448 D_real_ViT: 0.248 D_fake_ViT: 0.154 global: 0.356 spatial: 0.098 
(epoch: 8, iters: 3334, time: 0.489, data: 0.001) G_GAN_ViT: 0.508 D_real_ViT: 0.201 D_fake_ViT: 0.133 global: 0.362 spatial: 0.086 
(epoch: 8, iters: 3434, time: 0.489, data: 0.001) G_GAN_ViT: 0.436 D_real_ViT: 0.120 D_fake_ViT: 0.167 global: 0.345 spatial: 0.087 
(epoch: 8, iters: 3534, time: 0.489, data: 0.001) G_GAN_ViT: 0.535 D_real_ViT: 0.153 D_fake_ViT: 0.114 global: 0.443 spatial: 0.082 
(epoch: 8, iters: 3634, time: 0.489, data: 0.002) G_GAN_ViT: 0.443 D_real_ViT: 0.123 D_fake_ViT: 0.161 global: 0.392 spatial: 0.078 
(epoch: 8, iters: 3734, time: 0.490, data: 0.001) G_GAN_ViT: 0.489 D_real_ViT: 0.182 D_fake_ViT: 0.157 global: 0.366 spatial: 0.074 
(epoch: 8, iters: 3834, time: 0.490, data: 0.001) G_GAN_ViT: 0.384 D_real_ViT: 0.194 D_fake_ViT: 0.203 global: 0.521 spatial: 0.080 
(epoch: 8, iters: 3934, time: 0.489, data: 0.001) G_GAN_ViT: 0.369 D_real_ViT: 0.148 D_fake_ViT: 0.226 global: 0.540 spatial: 0.078 
(epoch: 8, iters: 4034, time: 0.489, data: 0.001) G_GAN_ViT: 0.398 D_real_ViT: 0.192 D_fake_ViT: 0.187 global: 0.347 spatial: 0.067 
(epoch: 8, iters: 4134, time: 0.489, data: 0.002) G_GAN_ViT: 0.450 D_real_ViT: 0.204 D_fake_ViT: 0.195 global: 0.399 spatial: 0.092 
(epoch: 8, iters: 4234, time: 0.489, data: 0.001) G_GAN_ViT: 0.346 D_real_ViT: 0.321 D_fake_ViT: 0.224 global: 0.327 spatial: 0.081 
(epoch: 8, iters: 4334, time: 0.488, data: 0.001) G_GAN_ViT: 0.312 D_real_ViT: 0.288 D_fake_ViT: 0.251 global: 0.474 spatial: 0.085 
(epoch: 8, iters: 4434, time: 0.488, data: 0.002) G_GAN_ViT: 0.394 D_real_ViT: 0.258 D_fake_ViT: 0.194 global: 0.411 spatial: 0.081 
(epoch: 8, iters: 4534, time: 0.488, data: 0.001) G_GAN_ViT: 0.357 D_real_ViT: 0.296 D_fake_ViT: 0.207 global: 0.342 spatial: 0.074 
(epoch: 8, iters: 4634, time: 0.488, data: 0.001) G_GAN_ViT: 0.481 D_real_ViT: 0.165 D_fake_ViT: 0.149 global: 0.512 spatial: 0.091 
(epoch: 8, iters: 4734, time: 0.488, data: 0.001) G_GAN_ViT: 0.474 D_real_ViT: 0.175 D_fake_ViT: 0.137 global: 0.311 spatial: 0.070 
(epoch: 8, iters: 4834, time: 0.489, data: 0.001) G_GAN_ViT: 0.573 D_real_ViT: 0.191 D_fake_ViT: 0.121 global: 0.451 spatial: 0.097 
(epoch: 8, iters: 4934, time: 0.487, data: 0.001) G_GAN_ViT: 0.378 D_real_ViT: 0.172 D_fake_ViT: 0.205 global: 0.375 spatial: 0.073 
(epoch: 8, iters: 5034, time: 0.487, data: 0.001) G_GAN_ViT: 0.425 D_real_ViT: 0.268 D_fake_ViT: 0.158 global: 0.353 spatial: 0.082 
(epoch: 8, iters: 5134, time: 0.487, data: 0.001) G_GAN_ViT: 0.398 D_real_ViT: 0.260 D_fake_ViT: 0.218 global: 0.382 spatial: 0.097 
(epoch: 8, iters: 5234, time: 0.487, data: 0.001) G_GAN_ViT: 0.449 D_real_ViT: 0.200 D_fake_ViT: 0.191 global: 0.359 spatial: 0.090 
(epoch: 8, iters: 5334, time: 0.488, data: 0.001) G_GAN_ViT: 0.345 D_real_ViT: 0.153 D_fake_ViT: 0.236 global: 0.507 spatial: 0.082 
(epoch: 8, iters: 5434, time: 0.487, data: 0.001) G_GAN_ViT: 0.446 D_real_ViT: 0.135 D_fake_ViT: 0.164 global: 0.385 spatial: 0.075 
(epoch: 8, iters: 5534, time: 0.488, data: 0.001) G_GAN_ViT: 0.492 D_real_ViT: 0.215 D_fake_ViT: 0.133 global: 0.293 spatial: 0.070 
End of epoch 8 / 100 	 Time Taken: 2717 sec
learning rate = 0.0000100
(epoch: 9, iters: 96, time: 0.487, data: 0.001) G_GAN_ViT: 0.344 D_real_ViT: 0.141 D_fake_ViT: 0.223 global: 0.395 spatial: 0.077 
(epoch: 9, iters: 196, time: 0.487, data: 0.001) G_GAN_ViT: 0.457 D_real_ViT: 0.040 D_fake_ViT: 0.155 global: 0.348 spatial: 0.074 
(epoch: 9, iters: 296, time: 0.486, data: 0.001) G_GAN_ViT: 0.433 D_real_ViT: 0.112 D_fake_ViT: 0.180 global: 0.338 spatial: 0.071 
(epoch: 9, iters: 396, time: 0.486, data: 0.001) G_GAN_ViT: 0.295 D_real_ViT: 0.167 D_fake_ViT: 0.272 global: 0.313 spatial: 0.074 
(epoch: 9, iters: 496, time: 0.486, data: 0.001) G_GAN_ViT: 0.389 D_real_ViT: 0.151 D_fake_ViT: 0.197 global: 0.326 spatial: 0.061 
(epoch: 9, iters: 596, time: 0.485, data: 0.001) G_GAN_ViT: 0.500 D_real_ViT: 0.042 D_fake_ViT: 0.187 global: 0.408 spatial: 0.083 
(epoch: 9, iters: 696, time: 0.485, data: 0.001) G_GAN_ViT: 0.352 D_real_ViT: 0.242 D_fake_ViT: 0.233 global: 0.482 spatial: 0.082 
saving the latest model (epoch 9, total_iters 45000)
ICL_single_traffic_city
(epoch: 9, iters: 796, time: 0.485, data: 0.001) G_GAN_ViT: 0.416 D_real_ViT: 0.169 D_fake_ViT: 0.177 global: 0.374 spatial: 0.073 
(epoch: 9, iters: 896, time: 0.486, data: 0.001) G_GAN_ViT: 0.362 D_real_ViT: 0.260 D_fake_ViT: 0.217 global: 0.510 spatial: 0.082 
(epoch: 9, iters: 996, time: 0.487, data: 0.001) G_GAN_ViT: 0.439 D_real_ViT: 0.323 D_fake_ViT: 0.153 global: 0.355 spatial: 0.063 
(epoch: 9, iters: 1096, time: 0.487, data: 0.001) G_GAN_ViT: 0.438 D_real_ViT: 0.139 D_fake_ViT: 0.165 global: 0.329 spatial: 0.075 
(epoch: 9, iters: 1196, time: 0.486, data: 0.001) G_GAN_ViT: 0.491 D_real_ViT: 0.361 D_fake_ViT: 0.138 global: 0.557 spatial: 0.088 
(epoch: 9, iters: 1296, time: 0.486, data: 0.001) G_GAN_ViT: 0.355 D_real_ViT: 0.264 D_fake_ViT: 0.218 global: 0.327 spatial: 0.084 
(epoch: 9, iters: 1396, time: 0.486, data: 0.001) G_GAN_ViT: 0.556 D_real_ViT: 0.035 D_fake_ViT: 0.111 global: 0.372 spatial: 0.075 
(epoch: 9, iters: 1496, time: 0.487, data: 0.001) G_GAN_ViT: 0.486 D_real_ViT: 0.065 D_fake_ViT: 0.130 global: 0.321 spatial: 0.070 
(epoch: 9, iters: 1596, time: 0.486, data: 0.001) G_GAN_ViT: 0.393 D_real_ViT: 0.273 D_fake_ViT: 0.188 global: 0.328 spatial: 0.072 
(epoch: 9, iters: 1696, time: 0.487, data: 0.001) G_GAN_ViT: 0.442 D_real_ViT: 0.262 D_fake_ViT: 0.148 global: 0.332 spatial: 0.081 
(epoch: 9, iters: 1796, time: 0.487, data: 0.001) G_GAN_ViT: 0.509 D_real_ViT: 0.226 D_fake_ViT: 0.156 global: 0.475 spatial: 0.094 
(epoch: 9, iters: 1896, time: 0.487, data: 0.001) G_GAN_ViT: 0.447 D_real_ViT: 0.206 D_fake_ViT: 0.155 global: 0.307 spatial: 0.067 
(epoch: 9, iters: 1996, time: 0.487, data: 0.001) G_GAN_ViT: 0.458 D_real_ViT: 0.146 D_fake_ViT: 0.155 global: 0.315 spatial: 0.067 
(epoch: 9, iters: 2096, time: 0.487, data: 0.001) G_GAN_ViT: 0.402 D_real_ViT: 0.156 D_fake_ViT: 0.200 global: 0.336 spatial: 0.080 
(epoch: 9, iters: 2196, time: 0.487, data: 0.001) G_GAN_ViT: 0.351 D_real_ViT: 0.173 D_fake_ViT: 0.226 global: 0.346 spatial: 0.068 
(epoch: 9, iters: 2296, time: 0.487, data: 0.001) G_GAN_ViT: 0.483 D_real_ViT: 0.343 D_fake_ViT: 0.136 global: 0.371 spatial: 0.069 
(epoch: 9, iters: 2396, time: 0.487, data: 0.001) G_GAN_ViT: 0.450 D_real_ViT: 0.215 D_fake_ViT: 0.157 global: 0.359 spatial: 0.093 
(epoch: 9, iters: 2496, time: 0.487, data: 0.001) G_GAN_ViT: 0.428 D_real_ViT: 0.322 D_fake_ViT: 0.161 global: 0.390 spatial: 0.076 
(epoch: 9, iters: 2596, time: 0.487, data: 0.001) G_GAN_ViT: 0.440 D_real_ViT: 0.139 D_fake_ViT: 0.162 global: 0.382 spatial: 0.065 
(epoch: 9, iters: 2696, time: 0.486, data: 0.001) G_GAN_ViT: 0.542 D_real_ViT: 0.126 D_fake_ViT: 0.119 global: 0.355 spatial: 0.073 
(epoch: 9, iters: 2796, time: 0.486, data: 0.001) G_GAN_ViT: 0.303 D_real_ViT: 0.202 D_fake_ViT: 0.270 global: 0.409 spatial: 0.066 
(epoch: 9, iters: 2896, time: 0.486, data: 0.001) G_GAN_ViT: 0.413 D_real_ViT: 0.204 D_fake_ViT: 0.160 global: 0.334 spatial: 0.072 
(epoch: 9, iters: 2996, time: 0.487, data: 0.001) G_GAN_ViT: 0.457 D_real_ViT: 0.194 D_fake_ViT: 0.162 global: 0.341 spatial: 0.076 
(epoch: 9, iters: 3096, time: 0.487, data: 0.001) G_GAN_ViT: 0.563 D_real_ViT: 0.106 D_fake_ViT: 0.103 global: 0.382 spatial: 0.087 
(epoch: 9, iters: 3196, time: 0.487, data: 0.001) G_GAN_ViT: 0.408 D_real_ViT: 0.236 D_fake_ViT: 0.177 global: 0.428 spatial: 0.074 
(epoch: 9, iters: 3296, time: 0.486, data: 0.001) G_GAN_ViT: 0.412 D_real_ViT: 0.156 D_fake_ViT: 0.207 global: 0.508 spatial: 0.106 
(epoch: 9, iters: 3396, time: 0.486, data: 0.001) G_GAN_ViT: 0.555 D_real_ViT: 0.189 D_fake_ViT: 0.107 global: 0.437 spatial: 0.089 
(epoch: 9, iters: 3496, time: 0.486, data: 0.001) G_GAN_ViT: 0.435 D_real_ViT: 0.181 D_fake_ViT: 0.177 global: 0.460 spatial: 0.077 
(epoch: 9, iters: 3596, time: 0.486, data: 0.001) G_GAN_ViT: 0.413 D_real_ViT: 0.183 D_fake_ViT: 0.164 global: 0.306 spatial: 0.075 
(epoch: 9, iters: 3696, time: 0.486, data: 0.001) G_GAN_ViT: 0.362 D_real_ViT: 0.289 D_fake_ViT: 0.200 global: 0.391 spatial: 0.072 
(epoch: 9, iters: 3796, time: 0.486, data: 0.002) G_GAN_ViT: 0.389 D_real_ViT: 0.161 D_fake_ViT: 0.201 global: 0.486 spatial: 0.085 
(epoch: 9, iters: 3896, time: 0.486, data: 0.001) G_GAN_ViT: 0.456 D_real_ViT: 0.128 D_fake_ViT: 0.160 global: 0.305 spatial: 0.068 
(epoch: 9, iters: 3996, time: 0.487, data: 0.001) G_GAN_ViT: 0.399 D_real_ViT: 0.148 D_fake_ViT: 0.194 global: 0.479 spatial: 0.080 
(epoch: 9, iters: 4096, time: 0.487, data: 0.001) G_GAN_ViT: 0.442 D_real_ViT: 0.147 D_fake_ViT: 0.176 global: 0.352 spatial: 0.063 
(epoch: 9, iters: 4196, time: 0.487, data: 0.001) G_GAN_ViT: 0.378 D_real_ViT: 0.143 D_fake_ViT: 0.217 global: 0.369 spatial: 0.088 
(epoch: 9, iters: 4296, time: 0.487, data: 0.001) G_GAN_ViT: 0.490 D_real_ViT: 0.202 D_fake_ViT: 0.155 global: 0.479 spatial: 0.081 
(epoch: 9, iters: 4396, time: 0.486, data: 0.001) G_GAN_ViT: 0.397 D_real_ViT: 0.166 D_fake_ViT: 0.196 global: 0.483 spatial: 0.077 
(epoch: 9, iters: 4496, time: 0.487, data: 0.001) G_GAN_ViT: 0.359 D_real_ViT: 0.143 D_fake_ViT: 0.226 global: 0.459 spatial: 0.087 
(epoch: 9, iters: 4596, time: 0.487, data: 0.001) G_GAN_ViT: 0.405 D_real_ViT: 0.165 D_fake_ViT: 0.204 global: 0.434 spatial: 0.077 
(epoch: 9, iters: 4696, time: 0.486, data: 0.001) G_GAN_ViT: 0.452 D_real_ViT: 0.129 D_fake_ViT: 0.153 global: 0.322 spatial: 0.069 
(epoch: 9, iters: 4796, time: 0.486, data: 0.001) G_GAN_ViT: 0.428 D_real_ViT: 0.286 D_fake_ViT: 0.159 global: 0.361 spatial: 0.067 
(epoch: 9, iters: 4896, time: 0.486, data: 0.001) G_GAN_ViT: 0.353 D_real_ViT: 0.195 D_fake_ViT: 0.215 global: 0.471 spatial: 0.099 
(epoch: 9, iters: 4996, time: 0.486, data: 0.001) G_GAN_ViT: 0.388 D_real_ViT: 0.099 D_fake_ViT: 0.195 global: 0.406 spatial: 0.078 
(epoch: 9, iters: 5096, time: 0.486, data: 0.001) G_GAN_ViT: 0.419 D_real_ViT: 0.098 D_fake_ViT: 0.180 global: 0.512 spatial: 0.085 
(epoch: 9, iters: 5196, time: 0.486, data: 0.001) G_GAN_ViT: 0.479 D_real_ViT: 0.290 D_fake_ViT: 0.145 global: 0.299 spatial: 0.074 
(epoch: 9, iters: 5296, time: 0.486, data: 0.001) G_GAN_ViT: 0.398 D_real_ViT: 0.227 D_fake_ViT: 0.189 global: 0.402 spatial: 0.084 
(epoch: 9, iters: 5396, time: 0.486, data: 0.001) G_GAN_ViT: 0.448 D_real_ViT: 0.106 D_fake_ViT: 0.152 global: 0.333 spatial: 0.077 
(epoch: 9, iters: 5496, time: 0.486, data: 0.001) G_GAN_ViT: 0.429 D_real_ViT: 0.259 D_fake_ViT: 0.169 global: 0.308 spatial: 0.077 
End of epoch 9 / 100 	 Time Taken: 2702 sec
learning rate = 0.0000100
(epoch: 10, iters: 58, time: 0.485, data: 0.001) G_GAN_ViT: 0.397 D_real_ViT: 0.078 D_fake_ViT: 0.207 global: 0.308 spatial: 0.063 
(epoch: 10, iters: 158, time: 0.486, data: 0.001) G_GAN_ViT: 0.645 D_real_ViT: 0.243 D_fake_ViT: 0.085 global: 0.369 spatial: 0.075 
saving the latest model (epoch 10, total_iters 50000)
ICL_single_traffic_city
(epoch: 10, iters: 258, time: 0.486, data: 0.002) G_GAN_ViT: 0.358 D_real_ViT: 0.073 D_fake_ViT: 0.225 global: 0.490 spatial: 0.096 
(epoch: 10, iters: 358, time: 0.487, data: 0.001) G_GAN_ViT: 0.422 D_real_ViT: 0.307 D_fake_ViT: 0.177 global: 0.434 spatial: 0.080 
(epoch: 10, iters: 458, time: 0.487, data: 0.001) G_GAN_ViT: 0.435 D_real_ViT: 0.195 D_fake_ViT: 0.171 global: 0.392 spatial: 0.077 
(epoch: 10, iters: 558, time: 0.486, data: 0.001) G_GAN_ViT: 0.428 D_real_ViT: 0.057 D_fake_ViT: 0.170 global: 0.390 spatial: 0.081 
(epoch: 10, iters: 658, time: 0.487, data: 0.002) G_GAN_ViT: 0.415 D_real_ViT: 0.319 D_fake_ViT: 0.176 global: 0.388 spatial: 0.081 
(epoch: 10, iters: 758, time: 0.487, data: 0.001) G_GAN_ViT: 0.336 D_real_ViT: 0.212 D_fake_ViT: 0.245 global: 0.325 spatial: 0.078 
(epoch: 10, iters: 858, time: 0.485, data: 0.001) G_GAN_ViT: 0.389 D_real_ViT: 0.378 D_fake_ViT: 0.190 global: 0.358 spatial: 0.068 
(epoch: 10, iters: 958, time: 0.486, data: 0.001) G_GAN_ViT: 0.325 D_real_ViT: 0.218 D_fake_ViT: 0.252 global: 0.383 spatial: 0.070 
(epoch: 10, iters: 1058, time: 0.486, data: 0.001) G_GAN_ViT: 0.380 D_real_ViT: 0.247 D_fake_ViT: 0.212 global: 0.453 spatial: 0.085 
(epoch: 10, iters: 1158, time: 0.486, data: 0.001) G_GAN_ViT: 0.392 D_real_ViT: 0.240 D_fake_ViT: 0.190 global: 0.378 spatial: 0.084 
(epoch: 10, iters: 1258, time: 0.486, data: 0.002) G_GAN_ViT: 0.413 D_real_ViT: 0.171 D_fake_ViT: 0.182 global: 0.394 spatial: 0.069 
(epoch: 10, iters: 1358, time: 0.486, data: 0.001) G_GAN_ViT: 0.419 D_real_ViT: 0.237 D_fake_ViT: 0.182 global: 0.330 spatial: 0.079 
(epoch: 10, iters: 1458, time: 0.487, data: 0.002) G_GAN_ViT: 0.438 D_real_ViT: 0.255 D_fake_ViT: 0.192 global: 0.403 spatial: 0.099 
(epoch: 10, iters: 1558, time: 0.487, data: 0.002) G_GAN_ViT: 0.454 D_real_ViT: 0.110 D_fake_ViT: 0.153 global: 0.326 spatial: 0.065 
(epoch: 10, iters: 1658, time: 0.487, data: 0.001) G_GAN_ViT: 0.331 D_real_ViT: 0.113 D_fake_ViT: 0.235 global: 0.480 spatial: 0.084 
(epoch: 10, iters: 1758, time: 0.487, data: 0.001) G_GAN_ViT: 0.381 D_real_ViT: 0.238 D_fake_ViT: 0.197 global: 0.348 spatial: 0.082 
(epoch: 10, iters: 1858, time: 0.487, data: 0.001) G_GAN_ViT: 0.349 D_real_ViT: 0.136 D_fake_ViT: 0.247 global: 0.492 spatial: 0.077 
(epoch: 10, iters: 1958, time: 0.487, data: 0.002) G_GAN_ViT: 0.385 D_real_ViT: 0.231 D_fake_ViT: 0.203 global: 0.476 spatial: 0.094 
(epoch: 10, iters: 2058, time: 0.487, data: 0.001) G_GAN_ViT: 0.411 D_real_ViT: 0.201 D_fake_ViT: 0.172 global: 0.299 spatial: 0.061 
(epoch: 10, iters: 2158, time: 0.487, data: 0.001) G_GAN_ViT: 0.458 D_real_ViT: 0.167 D_fake_ViT: 0.151 global: 0.441 spatial: 0.077 
(epoch: 10, iters: 2258, time: 0.487, data: 0.002) G_GAN_ViT: 0.489 D_real_ViT: 0.270 D_fake_ViT: 0.132 global: 0.331 spatial: 0.076 
(epoch: 10, iters: 2358, time: 0.486, data: 0.001) G_GAN_ViT: 0.376 D_real_ViT: 0.170 D_fake_ViT: 0.218 global: 0.510 spatial: 0.084 
(epoch: 10, iters: 2458, time: 0.486, data: 0.001) G_GAN_ViT: 0.456 D_real_ViT: 0.188 D_fake_ViT: 0.149 global: 0.396 spatial: 0.074 
(epoch: 10, iters: 2558, time: 0.486, data: 0.001) G_GAN_ViT: 0.408 D_real_ViT: 0.112 D_fake_ViT: 0.186 global: 0.373 spatial: 0.065 
(epoch: 10, iters: 2658, time: 0.486, data: 0.001) G_GAN_ViT: 0.424 D_real_ViT: 0.313 D_fake_ViT: 0.172 global: 0.304 spatial: 0.064 
(epoch: 10, iters: 2758, time: 0.486, data: 0.001) G_GAN_ViT: 0.457 D_real_ViT: 0.170 D_fake_ViT: 0.157 global: 0.322 spatial: 0.088 
(epoch: 10, iters: 2858, time: 0.487, data: 0.002) G_GAN_ViT: 0.448 D_real_ViT: 0.172 D_fake_ViT: 0.169 global: 0.355 spatial: 0.064 
(epoch: 10, iters: 2958, time: 0.487, data: 0.001) G_GAN_ViT: 0.489 D_real_ViT: 0.241 D_fake_ViT: 0.124 global: 0.385 spatial: 0.082 
(epoch: 10, iters: 3058, time: 0.486, data: 0.001) G_GAN_ViT: 0.551 D_real_ViT: 0.341 D_fake_ViT: 0.102 global: 0.326 spatial: 0.069 
(epoch: 10, iters: 3158, time: 0.486, data: 0.001) G_GAN_ViT: 0.289 D_real_ViT: 0.199 D_fake_ViT: 0.281 global: 0.488 spatial: 0.084 
(epoch: 10, iters: 3258, time: 0.486, data: 0.001) G_GAN_ViT: 0.480 D_real_ViT: 0.325 D_fake_ViT: 0.142 global: 0.449 spatial: 0.070 
(epoch: 10, iters: 3358, time: 0.486, data: 0.001) G_GAN_ViT: 0.485 D_real_ViT: 0.198 D_fake_ViT: 0.132 global: 0.403 spatial: 0.066 
(epoch: 10, iters: 3458, time: 0.487, data: 0.001) G_GAN_ViT: 0.365 D_real_ViT: 0.260 D_fake_ViT: 0.219 global: 0.494 spatial: 0.080 
(epoch: 10, iters: 3558, time: 0.486, data: 0.001) G_GAN_ViT: 0.454 D_real_ViT: 0.107 D_fake_ViT: 0.147 global: 0.352 spatial: 0.064 
(epoch: 10, iters: 3658, time: 0.486, data: 0.005) G_GAN_ViT: 0.438 D_real_ViT: 0.327 D_fake_ViT: 0.193 global: 0.385 spatial: 0.090 
(epoch: 10, iters: 3758, time: 0.486, data: 0.001) G_GAN_ViT: 0.390 D_real_ViT: 0.146 D_fake_ViT: 0.201 global: 0.483 spatial: 0.093 
(epoch: 10, iters: 3858, time: 0.486, data: 0.001) G_GAN_ViT: 0.445 D_real_ViT: 0.227 D_fake_ViT: 0.154 global: 0.375 spatial: 0.082 
(epoch: 10, iters: 3958, time: 0.486, data: 0.001) G_GAN_ViT: 0.468 D_real_ViT: 0.232 D_fake_ViT: 0.161 global: 0.482 spatial: 0.091 
(epoch: 10, iters: 4058, time: 0.486, data: 0.001) G_GAN_ViT: 0.430 D_real_ViT: 0.125 D_fake_ViT: 0.169 global: 0.342 spatial: 0.087 
(epoch: 10, iters: 4158, time: 0.486, data: 0.001) G_GAN_ViT: 0.555 D_real_ViT: 0.194 D_fake_ViT: 0.128 global: 0.407 spatial: 0.105 
(epoch: 10, iters: 4258, time: 0.486, data: 0.001) G_GAN_ViT: 0.381 D_real_ViT: 0.285 D_fake_ViT: 0.207 global: 0.422 spatial: 0.082 
(epoch: 10, iters: 4358, time: 0.486, data: 0.001) G_GAN_ViT: 0.459 D_real_ViT: 0.193 D_fake_ViT: 0.184 global: 0.376 spatial: 0.075 
(epoch: 10, iters: 4458, time: 0.487, data: 0.001) G_GAN_ViT: 0.436 D_real_ViT: 0.205 D_fake_ViT: 0.182 global: 0.391 spatial: 0.090 
(epoch: 10, iters: 4558, time: 0.486, data: 0.001) G_GAN_ViT: 0.575 D_real_ViT: 0.267 D_fake_ViT: 0.094 global: 0.357 spatial: 0.084 
(epoch: 10, iters: 4658, time: 0.486, data: 0.001) G_GAN_ViT: 0.457 D_real_ViT: 0.172 D_fake_ViT: 0.157 global: 0.462 spatial: 0.088 
(epoch: 10, iters: 4758, time: 0.486, data: 0.001) G_GAN_ViT: 0.453 D_real_ViT: 0.229 D_fake_ViT: 0.148 global: 0.277 spatial: 0.073 
(epoch: 10, iters: 4858, time: 0.486, data: 0.001) G_GAN_ViT: 0.373 D_real_ViT: 0.259 D_fake_ViT: 0.214 global: 0.495 spatial: 0.084 
(epoch: 10, iters: 4958, time: 0.486, data: 0.001) G_GAN_ViT: 0.445 D_real_ViT: 0.235 D_fake_ViT: 0.173 global: 0.367 spatial: 0.100 
(epoch: 10, iters: 5058, time: 0.485, data: 0.001) G_GAN_ViT: 0.502 D_real_ViT: 0.272 D_fake_ViT: 0.158 global: 0.480 spatial: 0.072 
(epoch: 10, iters: 5158, time: 0.485, data: 0.001) G_GAN_ViT: 0.473 D_real_ViT: 0.094 D_fake_ViT: 0.171 global: 0.414 spatial: 0.105 
saving the latest model (epoch 10, total_iters 55000)
ICL_single_traffic_city
(epoch: 10, iters: 5258, time: 0.486, data: 0.002) G_GAN_ViT: 0.254 D_real_ViT: 0.160 D_fake_ViT: 0.325 global: 0.529 spatial: 0.092 
(epoch: 10, iters: 5358, time: 0.486, data: 0.001) G_GAN_ViT: 0.293 D_real_ViT: 0.222 D_fake_ViT: 0.282 global: 0.538 spatial: 0.077 
(epoch: 10, iters: 5458, time: 0.486, data: 0.001) G_GAN_ViT: 0.464 D_real_ViT: 0.242 D_fake_ViT: 0.153 global: 0.311 spatial: 0.072 
saving the model at the end of epoch 10, iters 55380
End of epoch 10 / 100 	 Time Taken: 2704 sec
learning rate = 0.0000100
(epoch: 11, iters: 20, time: 0.486, data: 0.001) G_GAN_ViT: 0.388 D_real_ViT: 0.170 D_fake_ViT: 0.190 global: 0.352 spatial: 0.062 
(epoch: 11, iters: 120, time: 0.486, data: 0.001) G_GAN_ViT: 0.323 D_real_ViT: 0.313 D_fake_ViT: 0.235 global: 0.496 spatial: 0.088 
(epoch: 11, iters: 220, time: 0.486, data: 0.001) G_GAN_ViT: 0.488 D_real_ViT: 0.434 D_fake_ViT: 0.132 global: 0.331 spatial: 0.088 
(epoch: 11, iters: 320, time: 0.487, data: 0.001) G_GAN_ViT: 0.561 D_real_ViT: 0.162 D_fake_ViT: 0.110 global: 0.324 spatial: 0.071 
(epoch: 11, iters: 420, time: 0.487, data: 0.001) G_GAN_ViT: 0.407 D_real_ViT: 0.287 D_fake_ViT: 0.182 global: 0.518 spatial: 0.104 
(epoch: 11, iters: 520, time: 0.487, data: 0.001) G_GAN_ViT: 0.537 D_real_ViT: 0.324 D_fake_ViT: 0.122 global: 0.370 spatial: 0.104 
(epoch: 11, iters: 620, time: 0.485, data: 0.003) G_GAN_ViT: 0.328 D_real_ViT: 0.267 D_fake_ViT: 0.258 global: 0.492 spatial: 0.087 
(epoch: 11, iters: 720, time: 0.486, data: 0.001) G_GAN_ViT: 0.339 D_real_ViT: 0.092 D_fake_ViT: 0.257 global: 0.497 spatial: 0.082 
(epoch: 11, iters: 820, time: 0.486, data: 0.001) G_GAN_ViT: 0.523 D_real_ViT: 0.221 D_fake_ViT: 0.122 global: 0.350 spatial: 0.079 
(epoch: 11, iters: 920, time: 0.486, data: 0.001) G_GAN_ViT: 0.381 D_real_ViT: 0.236 D_fake_ViT: 0.189 global: 0.465 spatial: 0.088 
(epoch: 11, iters: 1020, time: 0.486, data: 0.002) G_GAN_ViT: 0.551 D_real_ViT: 0.134 D_fake_ViT: 0.151 global: 0.430 spatial: 0.092 
(epoch: 11, iters: 1120, time: 0.486, data: 0.001) G_GAN_ViT: 0.405 D_real_ViT: 0.277 D_fake_ViT: 0.203 global: 0.356 spatial: 0.090 
(epoch: 11, iters: 1220, time: 0.486, data: 0.002) G_GAN_ViT: 0.532 D_real_ViT: 0.123 D_fake_ViT: 0.116 global: 0.369 spatial: 0.076 
(epoch: 11, iters: 1320, time: 0.486, data: 0.001) G_GAN_ViT: 0.520 D_real_ViT: 0.154 D_fake_ViT: 0.129 global: 0.318 spatial: 0.081 
(epoch: 11, iters: 1420, time: 0.486, data: 0.001) G_GAN_ViT: 0.403 D_real_ViT: 0.340 D_fake_ViT: 0.214 global: 0.406 spatial: 0.083 
(epoch: 11, iters: 1520, time: 0.486, data: 0.001) G_GAN_ViT: 0.405 D_real_ViT: 0.152 D_fake_ViT: 0.188 global: 0.315 spatial: 0.072 
(epoch: 11, iters: 1620, time: 0.486, data: 0.001) G_GAN_ViT: 0.505 D_real_ViT: 0.336 D_fake_ViT: 0.163 global: 0.474 spatial: 0.090 
(epoch: 11, iters: 1720, time: 0.486, data: 0.001) G_GAN_ViT: 0.437 D_real_ViT: 0.106 D_fake_ViT: 0.160 global: 0.398 spatial: 0.072 
(epoch: 11, iters: 1820, time: 0.486, data: 0.001) G_GAN_ViT: 0.460 D_real_ViT: 0.283 D_fake_ViT: 0.153 global: 0.329 spatial: 0.064 
(epoch: 11, iters: 1920, time: 0.486, data: 0.001) G_GAN_ViT: 0.432 D_real_ViT: 0.047 D_fake_ViT: 0.170 global: 0.350 spatial: 0.069 
(epoch: 11, iters: 2020, time: 0.486, data: 0.001) G_GAN_ViT: 0.365 D_real_ViT: 0.289 D_fake_ViT: 0.222 global: 0.411 spatial: 0.066 
(epoch: 11, iters: 2120, time: 0.487, data: 0.001) G_GAN_ViT: 0.331 D_real_ViT: 0.112 D_fake_ViT: 0.254 global: 0.508 spatial: 0.083 
(epoch: 11, iters: 2220, time: 0.487, data: 0.001) G_GAN_ViT: 0.553 D_real_ViT: 0.229 D_fake_ViT: 0.135 global: 0.371 spatial: 0.082 
(epoch: 11, iters: 2320, time: 0.486, data: 0.001) G_GAN_ViT: 0.537 D_real_ViT: 0.226 D_fake_ViT: 0.117 global: 0.380 spatial: 0.080 
(epoch: 11, iters: 2420, time: 0.486, data: 0.001) G_GAN_ViT: 0.441 D_real_ViT: 0.176 D_fake_ViT: 0.157 global: 0.292 spatial: 0.067 
(epoch: 11, iters: 2520, time: 0.486, data: 0.001) G_GAN_ViT: 0.378 D_real_ViT: 0.357 D_fake_ViT: 0.210 global: 0.450 spatial: 0.090 
(epoch: 11, iters: 2620, time: 0.487, data: 0.001) G_GAN_ViT: 0.579 D_real_ViT: 0.237 D_fake_ViT: 0.102 global: 0.426 spatial: 0.081 
(epoch: 11, iters: 2720, time: 0.487, data: 0.001) G_GAN_ViT: 0.482 D_real_ViT: 0.157 D_fake_ViT: 0.128 global: 0.295 spatial: 0.071 
(epoch: 11, iters: 2820, time: 0.487, data: 0.001) G_GAN_ViT: 0.380 D_real_ViT: 0.207 D_fake_ViT: 0.207 global: 0.328 spatial: 0.061 
(epoch: 11, iters: 2920, time: 0.486, data: 0.001) G_GAN_ViT: 0.565 D_real_ViT: 0.322 D_fake_ViT: 0.127 global: 0.423 spatial: 0.092 
(epoch: 11, iters: 3020, time: 0.486, data: 0.001) G_GAN_ViT: 0.319 D_real_ViT: 0.279 D_fake_ViT: 0.269 global: 0.283 spatial: 0.069 
(epoch: 11, iters: 3120, time: 0.487, data: 0.001) G_GAN_ViT: 0.369 D_real_ViT: 0.249 D_fake_ViT: 0.253 global: 0.511 spatial: 0.079 
(epoch: 11, iters: 3220, time: 0.487, data: 0.001) G_GAN_ViT: 0.317 D_real_ViT: 0.141 D_fake_ViT: 0.244 global: 0.470 spatial: 0.094 
(epoch: 11, iters: 3320, time: 0.486, data: 0.001) G_GAN_ViT: 0.399 D_real_ViT: 0.213 D_fake_ViT: 0.194 global: 0.350 spatial: 0.086 
(epoch: 11, iters: 3420, time: 0.487, data: 0.001) G_GAN_ViT: 0.561 D_real_ViT: 0.181 D_fake_ViT: 0.140 global: 0.391 spatial: 0.112 
(epoch: 11, iters: 3520, time: 0.487, data: 0.001) G_GAN_ViT: 0.247 D_real_ViT: 0.257 D_fake_ViT: 0.316 global: 0.550 spatial: 0.088 
(epoch: 11, iters: 3620, time: 0.487, data: 0.001) G_GAN_ViT: 0.441 D_real_ViT: 0.160 D_fake_ViT: 0.165 global: 0.380 spatial: 0.074 
(epoch: 11, iters: 3720, time: 0.487, data: 0.001) G_GAN_ViT: 0.368 D_real_ViT: 0.145 D_fake_ViT: 0.236 global: 0.451 spatial: 0.083 
(epoch: 11, iters: 3820, time: 0.487, data: 0.001) G_GAN_ViT: 0.449 D_real_ViT: 0.260 D_fake_ViT: 0.159 global: 0.437 spatial: 0.083 
(epoch: 11, iters: 3920, time: 0.487, data: 0.001) G_GAN_ViT: 0.462 D_real_ViT: 0.094 D_fake_ViT: 0.152 global: 0.347 spatial: 0.064 
(epoch: 11, iters: 4020, time: 0.486, data: 0.002) G_GAN_ViT: 0.483 D_real_ViT: 0.135 D_fake_ViT: 0.148 global: 0.348 spatial: 0.092 
(epoch: 11, iters: 4120, time: 0.486, data: 0.001) G_GAN_ViT: 0.359 D_real_ViT: 0.086 D_fake_ViT: 0.230 global: 0.380 spatial: 0.080 
(epoch: 11, iters: 4220, time: 0.486, data: 0.001) G_GAN_ViT: 0.384 D_real_ViT: 0.201 D_fake_ViT: 0.199 global: 0.410 spatial: 0.081 
(epoch: 11, iters: 4320, time: 0.486, data: 0.001) G_GAN_ViT: 0.382 D_real_ViT: 0.288 D_fake_ViT: 0.187 global: 0.388 spatial: 0.066 
(epoch: 11, iters: 4420, time: 0.486, data: 0.002) G_GAN_ViT: 0.381 D_real_ViT: 0.157 D_fake_ViT: 0.217 global: 0.416 spatial: 0.087 
(epoch: 11, iters: 4520, time: 0.485, data: 0.001) G_GAN_ViT: 0.481 D_real_ViT: 0.208 D_fake_ViT: 0.148 global: 0.417 spatial: 0.094 
(epoch: 11, iters: 4620, time: 0.485, data: 0.001) G_GAN_ViT: 0.294 D_real_ViT: 0.103 D_fake_ViT: 0.270 global: 0.404 spatial: 0.088 
saving the latest model (epoch 11, total_iters 60000)
ICL_single_traffic_city
(epoch: 11, iters: 4720, time: 0.487, data: 0.002) G_GAN_ViT: 0.539 D_real_ViT: 0.170 D_fake_ViT: 0.117 global: 0.386 spatial: 0.091 
(epoch: 11, iters: 4820, time: 0.487, data: 0.002) G_GAN_ViT: 0.483 D_real_ViT: 0.295 D_fake_ViT: 0.147 global: 0.357 spatial: 0.082 
(epoch: 11, iters: 4920, time: 0.487, data: 0.001) G_GAN_ViT: 0.427 D_real_ViT: 0.251 D_fake_ViT: 0.201 global: 0.396 spatial: 0.099 
(epoch: 11, iters: 5020, time: 0.487, data: 0.001) G_GAN_ViT: 0.380 D_real_ViT: 0.287 D_fake_ViT: 0.206 global: 0.350 spatial: 0.070 
(epoch: 11, iters: 5120, time: 0.487, data: 0.001) G_GAN_ViT: 0.413 D_real_ViT: 0.255 D_fake_ViT: 0.184 global: 0.327 spatial: 0.070 
(epoch: 11, iters: 5220, time: 0.487, data: 0.001) G_GAN_ViT: 0.493 D_real_ViT: 0.221 D_fake_ViT: 0.129 global: 0.429 spatial: 0.068 
(epoch: 11, iters: 5320, time: 0.487, data: 0.002) G_GAN_ViT: 0.341 D_real_ViT: 0.131 D_fake_ViT: 0.242 global: 0.376 spatial: 0.071 
(epoch: 11, iters: 5420, time: 0.487, data: 0.001) G_GAN_ViT: 0.489 D_real_ViT: 0.098 D_fake_ViT: 0.144 global: 0.333 spatial: 0.062 
(epoch: 11, iters: 5520, time: 0.486, data: 0.002) G_GAN_ViT: 0.499 D_real_ViT: 0.165 D_fake_ViT: 0.132 global: 0.355 spatial: 0.077 
End of epoch 11 / 100 	 Time Taken: 2703 sec
learning rate = 0.0000100
(epoch: 12, iters: 82, time: 0.486, data: 0.001) G_GAN_ViT: 0.607 D_real_ViT: 0.183 D_fake_ViT: 0.117 global: 0.367 spatial: 0.079 
(epoch: 12, iters: 182, time: 0.487, data: 0.001) G_GAN_ViT: 0.448 D_real_ViT: 0.144 D_fake_ViT: 0.164 global: 0.461 spatial: 0.096 
(epoch: 12, iters: 282, time: 0.487, data: 0.001) G_GAN_ViT: 0.280 D_real_ViT: 0.132 D_fake_ViT: 0.294 global: 0.549 spatial: 0.083 
(epoch: 12, iters: 382, time: 0.486, data: 0.001) G_GAN_ViT: 0.478 D_real_ViT: 0.170 D_fake_ViT: 0.131 global: 0.282 spatial: 0.073 
(epoch: 12, iters: 482, time: 0.486, data: 0.001) G_GAN_ViT: 0.416 D_real_ViT: 0.153 D_fake_ViT: 0.163 global: 0.302 spatial: 0.067 
(epoch: 12, iters: 582, time: 0.486, data: 0.002) G_GAN_ViT: 0.365 D_real_ViT: 0.156 D_fake_ViT: 0.206 global: 0.391 spatial: 0.088 
(epoch: 12, iters: 682, time: 0.486, data: 0.001) G_GAN_ViT: 0.424 D_real_ViT: 0.111 D_fake_ViT: 0.170 global: 0.319 spatial: 0.066 
(epoch: 12, iters: 782, time: 0.486, data: 0.001) G_GAN_ViT: 0.549 D_real_ViT: 0.234 D_fake_ViT: 0.128 global: 0.423 spatial: 0.102 
(epoch: 12, iters: 882, time: 0.486, data: 0.001) G_GAN_ViT: 0.482 D_real_ViT: 0.099 D_fake_ViT: 0.141 global: 0.431 spatial: 0.083 
(epoch: 12, iters: 982, time: 0.487, data: 0.001) G_GAN_ViT: 0.359 D_real_ViT: 0.091 D_fake_ViT: 0.216 global: 0.307 spatial: 0.070 
(epoch: 12, iters: 1082, time: 0.487, data: 0.001) G_GAN_ViT: 0.378 D_real_ViT: 0.129 D_fake_ViT: 0.211 global: 0.374 spatial: 0.067 
(epoch: 12, iters: 1182, time: 0.487, data: 0.001) G_GAN_ViT: 0.462 D_real_ViT: 0.077 D_fake_ViT: 0.175 global: 0.393 spatial: 0.091 
(epoch: 12, iters: 1282, time: 0.487, data: 0.001) G_GAN_ViT: 0.474 D_real_ViT: 0.131 D_fake_ViT: 0.135 global: 0.316 spatial: 0.071 
(epoch: 12, iters: 1382, time: 0.487, data: 0.002) G_GAN_ViT: 0.462 D_real_ViT: 0.277 D_fake_ViT: 0.170 global: 0.389 spatial: 0.100 
(epoch: 12, iters: 1482, time: 0.487, data: 0.001) G_GAN_ViT: 0.313 D_real_ViT: 0.140 D_fake_ViT: 0.247 global: 0.504 spatial: 0.086 
(epoch: 12, iters: 1582, time: 0.487, data: 0.001) G_GAN_ViT: 0.330 D_real_ViT: 0.045 D_fake_ViT: 0.248 global: 0.490 spatial: 0.084 
(epoch: 12, iters: 1682, time: 0.486, data: 0.001) G_GAN_ViT: 0.421 D_real_ViT: 0.099 D_fake_ViT: 0.169 global: 0.301 spatial: 0.065 
(epoch: 12, iters: 1782, time: 0.487, data: 0.001) G_GAN_ViT: 0.493 D_real_ViT: 0.123 D_fake_ViT: 0.128 global: 0.373 spatial: 0.073 
(epoch: 12, iters: 1882, time: 0.487, data: 0.001) G_GAN_ViT: 0.446 D_real_ViT: 0.184 D_fake_ViT: 0.165 global: 0.477 spatial: 0.084 
(epoch: 12, iters: 1982, time: 0.487, data: 0.001) G_GAN_ViT: 0.505 D_real_ViT: 0.236 D_fake_ViT: 0.133 global: 0.379 spatial: 0.084 
(epoch: 12, iters: 2082, time: 0.487, data: 0.001) G_GAN_ViT: 0.390 D_real_ViT: 0.169 D_fake_ViT: 0.186 global: 0.334 spatial: 0.074 
(epoch: 12, iters: 2182, time: 0.487, data: 0.001) G_GAN_ViT: 0.415 D_real_ViT: 0.153 D_fake_ViT: 0.209 global: 0.383 spatial: 0.076 
(epoch: 12, iters: 2282, time: 0.486, data: 0.001) G_GAN_ViT: 0.427 D_real_ViT: 0.212 D_fake_ViT: 0.161 global: 0.337 spatial: 0.068 
(epoch: 12, iters: 2382, time: 0.487, data: 0.001) G_GAN_ViT: 0.224 D_real_ViT: 0.124 D_fake_ViT: 0.365 global: 0.579 spatial: 0.081 
(epoch: 12, iters: 2482, time: 0.487, data: 0.001) G_GAN_ViT: 0.465 D_real_ViT: 0.077 D_fake_ViT: 0.150 global: 0.313 spatial: 0.073 
(epoch: 12, iters: 2582, time: 0.487, data: 0.001) G_GAN_ViT: 0.392 D_real_ViT: 0.299 D_fake_ViT: 0.195 global: 0.276 spatial: 0.062 
(epoch: 12, iters: 2682, time: 0.487, data: 0.001) G_GAN_ViT: 0.401 D_real_ViT: 0.082 D_fake_ViT: 0.221 global: 0.399 spatial: 0.116 
(epoch: 12, iters: 2782, time: 0.487, data: 0.001) G_GAN_ViT: 0.410 D_real_ViT: 0.158 D_fake_ViT: 0.210 global: 0.373 spatial: 0.102 
(epoch: 12, iters: 2882, time: 0.487, data: 0.002) G_GAN_ViT: 0.300 D_real_ViT: 0.174 D_fake_ViT: 0.274 global: 0.479 spatial: 0.098 
(epoch: 12, iters: 2982, time: 0.487, data: 0.001) G_GAN_ViT: 0.263 D_real_ViT: 0.158 D_fake_ViT: 0.321 global: 0.482 spatial: 0.088 
(epoch: 12, iters: 3082, time: 0.487, data: 0.001) G_GAN_ViT: 0.515 D_real_ViT: 0.105 D_fake_ViT: 0.116 global: 0.293 spatial: 0.062 
(epoch: 12, iters: 3182, time: 0.487, data: 0.001) G_GAN_ViT: 0.349 D_real_ViT: 0.176 D_fake_ViT: 0.241 global: 0.352 spatial: 0.087 
(epoch: 12, iters: 3282, time: 0.487, data: 0.001) G_GAN_ViT: 0.412 D_real_ViT: 0.281 D_fake_ViT: 0.191 global: 0.350 spatial: 0.076 
(epoch: 12, iters: 3382, time: 0.487, data: 0.001) G_GAN_ViT: 0.447 D_real_ViT: 0.215 D_fake_ViT: 0.171 global: 0.418 spatial: 0.094 
(epoch: 12, iters: 3482, time: 0.485, data: 0.001) G_GAN_ViT: 0.502 D_real_ViT: 0.198 D_fake_ViT: 0.127 global: 0.304 spatial: 0.068 
(epoch: 12, iters: 3582, time: 0.486, data: 0.001) G_GAN_ViT: 0.467 D_real_ViT: 0.128 D_fake_ViT: 0.157 global: 0.338 spatial: 0.089 
(epoch: 12, iters: 3682, time: 0.486, data: 0.001) G_GAN_ViT: 0.366 D_real_ViT: 0.288 D_fake_ViT: 0.204 global: 0.446 spatial: 0.092 
(epoch: 12, iters: 3782, time: 0.486, data: 0.001) G_GAN_ViT: 0.406 D_real_ViT: 0.127 D_fake_ViT: 0.204 global: 0.501 spatial: 0.086 
(epoch: 12, iters: 3882, time: 0.486, data: 0.001) G_GAN_ViT: 0.532 D_real_ViT: 0.358 D_fake_ViT: 0.121 global: 0.291 spatial: 0.060 
(epoch: 12, iters: 3982, time: 0.485, data: 0.001) G_GAN_ViT: 0.264 D_real_ViT: 0.272 D_fake_ViT: 0.311 global: 0.549 spatial: 0.090 
(epoch: 12, iters: 4082, time: 0.486, data: 0.001) G_GAN_ViT: 0.454 D_real_ViT: 0.184 D_fake_ViT: 0.150 global: 0.450 spatial: 0.072 
saving the latest model (epoch 12, total_iters 65000)
ICL_single_traffic_city
(epoch: 12, iters: 4182, time: 0.486, data: 0.001) G_GAN_ViT: 0.328 D_real_ViT: 0.129 D_fake_ViT: 0.254 global: 0.511 spatial: 0.081 
(epoch: 12, iters: 4282, time: 0.487, data: 0.001) G_GAN_ViT: 0.388 D_real_ViT: 0.196 D_fake_ViT: 0.187 global: 0.282 spatial: 0.062 
(epoch: 12, iters: 4382, time: 0.487, data: 0.001) G_GAN_ViT: 0.433 D_real_ViT: 0.184 D_fake_ViT: 0.168 global: 0.353 spatial: 0.079 
(epoch: 12, iters: 4482, time: 0.487, data: 0.001) G_GAN_ViT: 0.432 D_real_ViT: 0.211 D_fake_ViT: 0.149 global: 0.281 spatial: 0.065 
(epoch: 12, iters: 4582, time: 0.487, data: 0.001) G_GAN_ViT: 0.501 D_real_ViT: 0.302 D_fake_ViT: 0.128 global: 0.400 spatial: 0.085 
(epoch: 12, iters: 4682, time: 0.487, data: 0.001) G_GAN_ViT: 0.449 D_real_ViT: 0.139 D_fake_ViT: 0.164 global: 0.400 spatial: 0.080 
(epoch: 12, iters: 4782, time: 0.487, data: 0.001) G_GAN_ViT: 0.436 D_real_ViT: 0.125 D_fake_ViT: 0.167 global: 0.309 spatial: 0.075 
(epoch: 12, iters: 4882, time: 0.487, data: 0.001) G_GAN_ViT: 0.454 D_real_ViT: 0.264 D_fake_ViT: 0.144 global: 0.379 spatial: 0.081 
(epoch: 12, iters: 4982, time: 0.487, data: 0.001) G_GAN_ViT: 0.305 D_real_ViT: 0.127 D_fake_ViT: 0.260 global: 0.503 spatial: 0.092 
(epoch: 12, iters: 5082, time: 0.487, data: 0.001) G_GAN_ViT: 0.404 D_real_ViT: 0.210 D_fake_ViT: 0.188 global: 0.467 spatial: 0.087 
(epoch: 12, iters: 5182, time: 0.487, data: 0.001) G_GAN_ViT: 0.489 D_real_ViT: 0.185 D_fake_ViT: 0.137 global: 0.368 spatial: 0.094 
(epoch: 12, iters: 5282, time: 0.487, data: 0.001) G_GAN_ViT: 0.381 D_real_ViT: 0.132 D_fake_ViT: 0.203 global: 0.310 spatial: 0.066 
(epoch: 12, iters: 5382, time: 0.487, data: 0.001) G_GAN_ViT: 0.376 D_real_ViT: 0.230 D_fake_ViT: 0.203 global: 0.402 spatial: 0.101 
(epoch: 12, iters: 5482, time: 0.487, data: 0.001) G_GAN_ViT: 0.423 D_real_ViT: 0.401 D_fake_ViT: 0.160 global: 0.370 spatial: 0.073 
End of epoch 12 / 100 	 Time Taken: 2703 sec
learning rate = 0.0000100
(epoch: 13, iters: 44, time: 0.487, data: 0.001) G_GAN_ViT: 0.236 D_real_ViT: 0.271 D_fake_ViT: 0.359 global: 0.459 spatial: 0.103 
(epoch: 13, iters: 144, time: 0.487, data: 0.001) G_GAN_ViT: 0.390 D_real_ViT: 0.294 D_fake_ViT: 0.200 global: 0.383 spatial: 0.093 
(epoch: 13, iters: 244, time: 0.487, data: 0.001) G_GAN_ViT: 0.383 D_real_ViT: 0.160 D_fake_ViT: 0.199 global: 0.551 spatial: 0.087 
(epoch: 13, iters: 344, time: 0.487, data: 0.001) G_GAN_ViT: 0.567 D_real_ViT: 0.111 D_fake_ViT: 0.117 global: 0.402 spatial: 0.078 
(epoch: 13, iters: 444, time: 0.487, data: 0.001) G_GAN_ViT: 0.518 D_real_ViT: 0.140 D_fake_ViT: 0.127 global: 0.329 spatial: 0.077 
(epoch: 13, iters: 544, time: 0.486, data: 0.001) G_GAN_ViT: 0.259 D_real_ViT: 0.195 D_fake_ViT: 0.304 global: 0.570 spatial: 0.098 
(epoch: 13, iters: 644, time: 0.486, data: 0.001) G_GAN_ViT: 0.505 D_real_ViT: 0.269 D_fake_ViT: 0.131 global: 0.372 spatial: 0.082 
(epoch: 13, iters: 744, time: 0.486, data: 0.001) G_GAN_ViT: 0.397 D_real_ViT: 0.147 D_fake_ViT: 0.187 global: 0.316 spatial: 0.073 
(epoch: 13, iters: 844, time: 0.486, data: 0.001) G_GAN_ViT: 0.329 D_real_ViT: 0.186 D_fake_ViT: 0.244 global: 0.489 spatial: 0.089 
(epoch: 13, iters: 944, time: 0.486, data: 0.001) G_GAN_ViT: 0.404 D_real_ViT: 0.186 D_fake_ViT: 0.204 global: 0.482 spatial: 0.082 
(epoch: 13, iters: 1044, time: 0.487, data: 0.001) G_GAN_ViT: 0.351 D_real_ViT: 0.178 D_fake_ViT: 0.239 global: 0.365 spatial: 0.089 
(epoch: 13, iters: 1144, time: 0.486, data: 0.001) G_GAN_ViT: 0.547 D_real_ViT: 0.187 D_fake_ViT: 0.105 global: 0.380 spatial: 0.077 
(epoch: 13, iters: 1244, time: 0.487, data: 0.001) G_GAN_ViT: 0.422 D_real_ViT: 0.200 D_fake_ViT: 0.171 global: 0.316 spatial: 0.071 
(epoch: 13, iters: 1344, time: 0.487, data: 0.002) G_GAN_ViT: 0.213 D_real_ViT: 0.280 D_fake_ViT: 0.369 global: 0.557 spatial: 0.077 
(epoch: 13, iters: 1444, time: 0.487, data: 0.001) G_GAN_ViT: 0.383 D_real_ViT: 0.241 D_fake_ViT: 0.191 global: 0.514 spatial: 0.085 
(epoch: 13, iters: 1544, time: 0.487, data: 0.001) G_GAN_ViT: 0.389 D_real_ViT: 0.148 D_fake_ViT: 0.202 global: 0.428 spatial: 0.075 
(epoch: 13, iters: 1644, time: 0.487, data: 0.001) G_GAN_ViT: 0.488 D_real_ViT: 0.140 D_fake_ViT: 0.142 global: 0.305 spatial: 0.066 
(epoch: 13, iters: 1744, time: 0.487, data: 0.001) G_GAN_ViT: 0.389 D_real_ViT: 0.087 D_fake_ViT: 0.200 global: 0.466 spatial: 0.085 
(epoch: 13, iters: 1844, time: 0.487, data: 0.001) G_GAN_ViT: 0.527 D_real_ViT: 0.180 D_fake_ViT: 0.117 global: 0.405 spatial: 0.081 
(epoch: 13, iters: 1944, time: 0.487, data: 0.001) G_GAN_ViT: 0.420 D_real_ViT: 0.151 D_fake_ViT: 0.171 global: 0.346 spatial: 0.071 
(epoch: 13, iters: 2044, time: 0.487, data: 0.001) G_GAN_ViT: 0.505 D_real_ViT: 0.239 D_fake_ViT: 0.131 global: 0.498 spatial: 0.085 
(epoch: 13, iters: 2144, time: 0.487, data: 0.001) G_GAN_ViT: 0.466 D_real_ViT: 0.187 D_fake_ViT: 0.150 global: 0.312 spatial: 0.081 
(epoch: 13, iters: 2244, time: 0.487, data: 0.002) G_GAN_ViT: 0.453 D_real_ViT: 0.287 D_fake_ViT: 0.160 global: 0.371 spatial: 0.078 
(epoch: 13, iters: 2344, time: 0.487, data: 0.001) G_GAN_ViT: 0.517 D_real_ViT: 0.352 D_fake_ViT: 0.118 global: 0.391 spatial: 0.088 
(epoch: 13, iters: 2444, time: 0.487, data: 0.001) G_GAN_ViT: 0.446 D_real_ViT: 0.235 D_fake_ViT: 0.160 global: 0.319 spatial: 0.069 
(epoch: 13, iters: 2544, time: 0.487, data: 0.001) G_GAN_ViT: 0.374 D_real_ViT: 0.128 D_fake_ViT: 0.209 global: 0.377 spatial: 0.075 
(epoch: 13, iters: 2644, time: 0.487, data: 0.001) G_GAN_ViT: 0.446 D_real_ViT: 0.179 D_fake_ViT: 0.164 global: 0.456 spatial: 0.077 
(epoch: 13, iters: 2744, time: 0.487, data: 0.001) G_GAN_ViT: 0.364 D_real_ViT: 0.223 D_fake_ViT: 0.204 global: 0.288 spatial: 0.063 
(epoch: 13, iters: 2844, time: 0.488, data: 0.001) G_GAN_ViT: 0.586 D_real_ViT: 0.172 D_fake_ViT: 0.107 global: 0.425 spatial: 0.080 
(epoch: 13, iters: 2944, time: 0.488, data: 0.001) G_GAN_ViT: 0.402 D_real_ViT: 0.216 D_fake_ViT: 0.179 global: 0.312 spatial: 0.069 
(epoch: 13, iters: 3044, time: 0.488, data: 0.001) G_GAN_ViT: 0.431 D_real_ViT: 0.349 D_fake_ViT: 0.153 global: 0.390 spatial: 0.080 
(epoch: 13, iters: 3144, time: 0.487, data: 0.001) G_GAN_ViT: 0.471 D_real_ViT: 0.320 D_fake_ViT: 0.169 global: 0.486 spatial: 0.086 
(epoch: 13, iters: 3244, time: 0.487, data: 0.001) G_GAN_ViT: 0.358 D_real_ViT: 0.146 D_fake_ViT: 0.224 global: 0.598 spatial: 0.088 
(epoch: 13, iters: 3344, time: 0.487, data: 0.001) G_GAN_ViT: 0.502 D_real_ViT: 0.193 D_fake_ViT: 0.126 global: 0.374 spatial: 0.077 
(epoch: 13, iters: 3444, time: 0.486, data: 0.002) G_GAN_ViT: 0.641 D_real_ViT: 0.322 D_fake_ViT: 0.116 global: 0.346 spatial: 0.086 
(epoch: 13, iters: 3544, time: 0.487, data: 0.001) G_GAN_ViT: 0.383 D_real_ViT: 0.121 D_fake_ViT: 0.202 global: 0.428 spatial: 0.084 
saving the latest model (epoch 13, total_iters 70000)
ICL_single_traffic_city
(epoch: 13, iters: 3644, time: 0.487, data: 0.001) G_GAN_ViT: 0.465 D_real_ViT: 0.260 D_fake_ViT: 0.153 global: 0.411 spatial: 0.093 
(epoch: 13, iters: 3744, time: 0.487, data: 0.001) G_GAN_ViT: 0.320 D_real_ViT: 0.219 D_fake_ViT: 0.254 global: 0.519 spatial: 0.085 
(epoch: 13, iters: 3844, time: 0.487, data: 0.001) G_GAN_ViT: 0.592 D_real_ViT: 0.201 D_fake_ViT: 0.086 global: 0.360 spatial: 0.081 
(epoch: 13, iters: 3944, time: 0.487, data: 0.001) G_GAN_ViT: 0.431 D_real_ViT: 0.349 D_fake_ViT: 0.171 global: 0.513 spatial: 0.087 
(epoch: 13, iters: 4044, time: 0.487, data: 0.001) G_GAN_ViT: 0.371 D_real_ViT: 0.215 D_fake_ViT: 0.216 global: 0.383 spatial: 0.086 
(epoch: 13, iters: 4144, time: 0.487, data: 0.001) G_GAN_ViT: 0.396 D_real_ViT: 0.106 D_fake_ViT: 0.222 global: 0.588 spatial: 0.096 
(epoch: 13, iters: 4244, time: 0.487, data: 0.001) G_GAN_ViT: 0.322 D_real_ViT: 0.092 D_fake_ViT: 0.258 global: 0.520 spatial: 0.076 
(epoch: 13, iters: 4344, time: 0.488, data: 0.001) G_GAN_ViT: 0.569 D_real_ViT: 0.197 D_fake_ViT: 0.111 global: 0.391 spatial: 0.079 
(epoch: 13, iters: 4444, time: 0.488, data: 0.001) G_GAN_ViT: 0.473 D_real_ViT: 0.041 D_fake_ViT: 0.164 global: 0.368 spatial: 0.077 
(epoch: 13, iters: 4544, time: 0.488, data: 0.001) G_GAN_ViT: 0.409 D_real_ViT: 0.122 D_fake_ViT: 0.174 global: 0.301 spatial: 0.070 
(epoch: 13, iters: 4644, time: 0.488, data: 0.001) G_GAN_ViT: 0.486 D_real_ViT: 0.239 D_fake_ViT: 0.147 global: 0.288 spatial: 0.063 
(epoch: 13, iters: 4744, time: 0.488, data: 0.001) G_GAN_ViT: 0.401 D_real_ViT: 0.192 D_fake_ViT: 0.225 global: 0.354 spatial: 0.090 
(epoch: 13, iters: 4844, time: 0.488, data: 0.001) G_GAN_ViT: 0.387 D_real_ViT: 0.222 D_fake_ViT: 0.203 global: 0.283 spatial: 0.073 
(epoch: 13, iters: 4944, time: 0.488, data: 0.001) G_GAN_ViT: 0.321 D_real_ViT: 0.138 D_fake_ViT: 0.253 global: 0.392 spatial: 0.070 
(epoch: 13, iters: 5044, time: 0.488, data: 0.001) G_GAN_ViT: 0.444 D_real_ViT: 0.168 D_fake_ViT: 0.157 global: 0.333 spatial: 0.064 
(epoch: 13, iters: 5144, time: 0.488, data: 0.001) G_GAN_ViT: 0.498 D_real_ViT: 0.174 D_fake_ViT: 0.131 global: 0.361 spatial: 0.069 
(epoch: 13, iters: 5244, time: 0.488, data: 0.001) G_GAN_ViT: 0.435 D_real_ViT: 0.046 D_fake_ViT: 0.195 global: 0.399 spatial: 0.103 
(epoch: 13, iters: 5344, time: 0.488, data: 0.001) G_GAN_ViT: 0.388 D_real_ViT: 0.224 D_fake_ViT: 0.193 global: 0.354 spatial: 0.072 
(epoch: 13, iters: 5444, time: 0.489, data: 0.001) G_GAN_ViT: 0.539 D_real_ViT: 0.238 D_fake_ViT: 0.106 global: 0.436 spatial: 0.079 
End of epoch 13 / 100 	 Time Taken: 2707 sec
learning rate = 0.0000100
(epoch: 14, iters: 6, time: 0.488, data: 0.001) G_GAN_ViT: 0.228 D_real_ViT: 0.143 D_fake_ViT: 0.380 global: 0.488 spatial: 0.089 
(epoch: 14, iters: 106, time: 0.488, data: 0.002) G_GAN_ViT: 0.438 D_real_ViT: 0.213 D_fake_ViT: 0.167 global: 0.343 spatial: 0.085 
(epoch: 14, iters: 206, time: 0.488, data: 0.001) G_GAN_ViT: 0.627 D_real_ViT: 0.167 D_fake_ViT: 0.086 global: 0.297 spatial: 0.066 
(epoch: 14, iters: 306, time: 0.488, data: 0.001) G_GAN_ViT: 0.329 D_real_ViT: 0.209 D_fake_ViT: 0.259 global: 0.478 spatial: 0.097 
(epoch: 14, iters: 406, time: 0.487, data: 0.001) G_GAN_ViT: 0.434 D_real_ViT: 0.204 D_fake_ViT: 0.190 global: 0.424 spatial: 0.108 
(epoch: 14, iters: 506, time: 0.488, data: 0.001) G_GAN_ViT: 0.368 D_real_ViT: 0.142 D_fake_ViT: 0.218 global: 0.298 spatial: 0.069 
(epoch: 14, iters: 606, time: 0.487, data: 0.001) G_GAN_ViT: 0.448 D_real_ViT: 0.192 D_fake_ViT: 0.161 global: 0.357 spatial: 0.073 
(epoch: 14, iters: 706, time: 0.487, data: 0.001) G_GAN_ViT: 0.230 D_real_ViT: 0.134 D_fake_ViT: 0.363 global: 0.509 spatial: 0.092 
(epoch: 14, iters: 806, time: 0.487, data: 0.001) G_GAN_ViT: 0.549 D_real_ViT: 0.101 D_fake_ViT: 0.114 global: 0.380 spatial: 0.084 
(epoch: 14, iters: 906, time: 0.487, data: 0.001) G_GAN_ViT: 0.340 D_real_ViT: 0.207 D_fake_ViT: 0.239 global: 0.522 spatial: 0.087 
(epoch: 14, iters: 1006, time: 0.487, data: 0.001) G_GAN_ViT: 0.385 D_real_ViT: 0.259 D_fake_ViT: 0.208 global: 0.337 spatial: 0.084 
(epoch: 14, iters: 1106, time: 0.488, data: 0.001) G_GAN_ViT: 0.473 D_real_ViT: 0.259 D_fake_ViT: 0.173 global: 0.375 spatial: 0.088 
(epoch: 14, iters: 1206, time: 0.488, data: 0.001) G_GAN_ViT: 0.285 D_real_ViT: 0.178 D_fake_ViT: 0.285 global: 0.515 spatial: 0.079 
(epoch: 14, iters: 1306, time: 0.488, data: 0.001) G_GAN_ViT: 0.339 D_real_ViT: 0.314 D_fake_ViT: 0.235 global: 0.504 spatial: 0.087 
(epoch: 14, iters: 1406, time: 0.488, data: 0.001) G_GAN_ViT: 0.382 D_real_ViT: 0.122 D_fake_ViT: 0.200 global: 0.464 spatial: 0.079 
(epoch: 14, iters: 1506, time: 0.487, data: 0.001) G_GAN_ViT: 0.256 D_real_ViT: 0.233 D_fake_ViT: 0.323 global: 0.610 spatial: 0.090 
(epoch: 14, iters: 1606, time: 0.487, data: 0.001) G_GAN_ViT: 0.513 D_real_ViT: 0.142 D_fake_ViT: 0.132 global: 0.402 spatial: 0.070 
(epoch: 14, iters: 1706, time: 0.487, data: 0.001) G_GAN_ViT: 0.453 D_real_ViT: 0.214 D_fake_ViT: 0.172 global: 0.494 spatial: 0.094 
(epoch: 14, iters: 1806, time: 0.487, data: 0.001) G_GAN_ViT: 0.399 D_real_ViT: 0.371 D_fake_ViT: 0.189 global: 0.308 spatial: 0.069 
(epoch: 14, iters: 1906, time: 0.487, data: 0.001) G_GAN_ViT: 0.343 D_real_ViT: 0.140 D_fake_ViT: 0.234 global: 0.423 spatial: 0.074 
(epoch: 14, iters: 2006, time: 0.487, data: 0.001) G_GAN_ViT: 0.373 D_real_ViT: 0.161 D_fake_ViT: 0.219 global: 0.398 spatial: 0.090 
(epoch: 14, iters: 2106, time: 0.487, data: 0.001) G_GAN_ViT: 0.418 D_real_ViT: 0.139 D_fake_ViT: 0.203 global: 0.408 spatial: 0.077 
(epoch: 14, iters: 2206, time: 0.487, data: 0.001) G_GAN_ViT: 0.444 D_real_ViT: 0.109 D_fake_ViT: 0.167 global: 0.377 spatial: 0.080 
(epoch: 14, iters: 2306, time: 0.487, data: 0.001) G_GAN_ViT: 0.402 D_real_ViT: 0.341 D_fake_ViT: 0.197 global: 0.350 spatial: 0.082 
(epoch: 14, iters: 2406, time: 0.487, data: 0.001) G_GAN_ViT: 0.303 D_real_ViT: 0.182 D_fake_ViT: 0.257 global: 0.408 spatial: 0.077 
(epoch: 14, iters: 2506, time: 0.487, data: 0.001) G_GAN_ViT: 0.444 D_real_ViT: 0.372 D_fake_ViT: 0.162 global: 0.478 spatial: 0.089 
(epoch: 14, iters: 2606, time: 0.487, data: 0.001) G_GAN_ViT: 0.459 D_real_ViT: 0.238 D_fake_ViT: 0.172 global: 0.415 spatial: 0.113 
(epoch: 14, iters: 2706, time: 0.487, data: 0.001) G_GAN_ViT: 0.411 D_real_ViT: 0.194 D_fake_ViT: 0.169 global: 0.328 spatial: 0.077 
(epoch: 14, iters: 2806, time: 0.487, data: 0.001) G_GAN_ViT: 0.606 D_real_ViT: 0.163 D_fake_ViT: 0.102 global: 0.511 spatial: 0.083 
(epoch: 14, iters: 2906, time: 0.486, data: 0.001) G_GAN_ViT: 0.420 D_real_ViT: 0.263 D_fake_ViT: 0.182 global: 0.372 spatial: 0.086 
(epoch: 14, iters: 3006, time: 0.486, data: 0.001) G_GAN_ViT: 0.552 D_real_ViT: 0.192 D_fake_ViT: 0.113 global: 0.332 spatial: 0.060 
saving the latest model (epoch 14, total_iters 75000)
ICL_single_traffic_city
(epoch: 14, iters: 3106, time: 0.487, data: 0.001) G_GAN_ViT: 0.414 D_real_ViT: 0.147 D_fake_ViT: 0.178 global: 0.525 spatial: 0.080 
(epoch: 14, iters: 3206, time: 0.487, data: 0.001) G_GAN_ViT: 0.297 D_real_ViT: 0.266 D_fake_ViT: 0.267 global: 0.510 spatial: 0.076 
(epoch: 14, iters: 3306, time: 0.487, data: 0.001) G_GAN_ViT: 0.367 D_real_ViT: 0.219 D_fake_ViT: 0.216 global: 0.338 spatial: 0.086 
(epoch: 14, iters: 3406, time: 0.487, data: 0.001) G_GAN_ViT: 0.353 D_real_ViT: 0.170 D_fake_ViT: 0.213 global: 0.434 spatial: 0.094 
(epoch: 14, iters: 3506, time: 0.487, data: 0.001) G_GAN_ViT: 0.317 D_real_ViT: 0.230 D_fake_ViT: 0.261 global: 0.518 spatial: 0.083 
(epoch: 14, iters: 3606, time: 0.487, data: 0.001) G_GAN_ViT: 0.324 D_real_ViT: 0.191 D_fake_ViT: 0.245 global: 0.335 spatial: 0.077 
(epoch: 14, iters: 3706, time: 0.487, data: 0.001) G_GAN_ViT: 0.383 D_real_ViT: 0.227 D_fake_ViT: 0.230 global: 0.410 spatial: 0.101 
(epoch: 14, iters: 3806, time: 0.487, data: 0.001) G_GAN_ViT: 0.408 D_real_ViT: 0.221 D_fake_ViT: 0.184 global: 0.421 spatial: 0.087 
(epoch: 14, iters: 3906, time: 0.487, data: 0.001) G_GAN_ViT: 0.330 D_real_ViT: 0.156 D_fake_ViT: 0.243 global: 0.403 spatial: 0.087 
(epoch: 14, iters: 4006, time: 0.487, data: 0.001) G_GAN_ViT: 0.443 D_real_ViT: 0.176 D_fake_ViT: 0.173 global: 0.355 spatial: 0.074 
(epoch: 14, iters: 4106, time: 0.485, data: 0.001) G_GAN_ViT: 0.422 D_real_ViT: 0.240 D_fake_ViT: 0.179 global: 0.320 spatial: 0.071 
(epoch: 14, iters: 4206, time: 0.486, data: 0.001) G_GAN_ViT: 0.524 D_real_ViT: 0.419 D_fake_ViT: 0.142 global: 0.451 spatial: 0.084 
(epoch: 14, iters: 4306, time: 0.486, data: 0.004) G_GAN_ViT: 0.382 D_real_ViT: 0.283 D_fake_ViT: 0.188 global: 0.331 spatial: 0.072 
(epoch: 14, iters: 4406, time: 0.486, data: 0.001) G_GAN_ViT: 0.377 D_real_ViT: 0.329 D_fake_ViT: 0.194 global: 0.389 spatial: 0.080 
(epoch: 14, iters: 4506, time: 0.486, data: 0.002) G_GAN_ViT: 0.637 D_real_ViT: 0.053 D_fake_ViT: 0.079 global: 0.325 spatial: 0.067 
(epoch: 14, iters: 4606, time: 0.487, data: 0.001) G_GAN_ViT: 0.541 D_real_ViT: 0.262 D_fake_ViT: 0.131 global: 0.355 spatial: 0.098 
(epoch: 14, iters: 4706, time: 0.487, data: 0.001) G_GAN_ViT: 0.466 D_real_ViT: 0.180 D_fake_ViT: 0.155 global: 0.353 spatial: 0.076 
(epoch: 14, iters: 4806, time: 0.487, data: 0.001) G_GAN_ViT: 0.346 D_real_ViT: 0.156 D_fake_ViT: 0.214 global: 0.556 spatial: 0.087 
(epoch: 14, iters: 4906, time: 0.487, data: 0.001) G_GAN_ViT: 0.424 D_real_ViT: 0.179 D_fake_ViT: 0.165 global: 0.389 spatial: 0.080 
(epoch: 14, iters: 5006, time: 0.487, data: 0.001) G_GAN_ViT: 0.444 D_real_ViT: 0.246 D_fake_ViT: 0.154 global: 0.296 spatial: 0.066 
(epoch: 14, iters: 5106, time: 0.487, data: 0.001) G_GAN_ViT: 0.425 D_real_ViT: 0.183 D_fake_ViT: 0.166 global: 0.332 spatial: 0.079 
(epoch: 14, iters: 5206, time: 0.488, data: 0.001) G_GAN_ViT: 0.385 D_real_ViT: 0.182 D_fake_ViT: 0.198 global: 0.321 spatial: 0.067 
(epoch: 14, iters: 5306, time: 0.488, data: 0.001) G_GAN_ViT: 0.419 D_real_ViT: 0.211 D_fake_ViT: 0.187 global: 0.388 spatial: 0.092 
(epoch: 14, iters: 5406, time: 0.487, data: 0.001) G_GAN_ViT: 0.475 D_real_ViT: 0.166 D_fake_ViT: 0.137 global: 0.309 spatial: 0.073 
(epoch: 14, iters: 5506, time: 0.487, data: 0.001) G_GAN_ViT: 0.410 D_real_ViT: 0.177 D_fake_ViT: 0.189 global: 0.455 spatial: 0.074 
End of epoch 14 / 100 	 Time Taken: 2705 sec
learning rate = 0.0000100
(epoch: 15, iters: 68, time: 0.487, data: 0.001) G_GAN_ViT: 0.427 D_real_ViT: 0.197 D_fake_ViT: 0.166 global: 0.305 spatial: 0.074 
(epoch: 15, iters: 168, time: 0.487, data: 0.001) G_GAN_ViT: 0.452 D_real_ViT: 0.151 D_fake_ViT: 0.159 global: 0.434 spatial: 0.084 
(epoch: 15, iters: 268, time: 0.487, data: 0.001) G_GAN_ViT: 0.475 D_real_ViT: 0.164 D_fake_ViT: 0.142 global: 0.331 spatial: 0.065 
(epoch: 15, iters: 368, time: 0.487, data: 0.001) G_GAN_ViT: 0.355 D_real_ViT: 0.161 D_fake_ViT: 0.225 global: 0.383 spatial: 0.073 
(epoch: 15, iters: 468, time: 0.487, data: 0.001) G_GAN_ViT: 0.491 D_real_ViT: 0.307 D_fake_ViT: 0.168 global: 0.388 spatial: 0.097 
(epoch: 15, iters: 568, time: 0.487, data: 0.001) G_GAN_ViT: 0.536 D_real_ViT: 0.142 D_fake_ViT: 0.113 global: 0.343 spatial: 0.076 
(epoch: 15, iters: 668, time: 0.486, data: 0.001) G_GAN_ViT: 0.514 D_real_ViT: 0.191 D_fake_ViT: 0.124 global: 0.338 spatial: 0.080 
(epoch: 15, iters: 768, time: 0.486, data: 0.001) G_GAN_ViT: 0.298 D_real_ViT: 0.380 D_fake_ViT: 0.269 global: 0.451 spatial: 0.075 
(epoch: 15, iters: 868, time: 0.486, data: 0.001) G_GAN_ViT: 0.452 D_real_ViT: 0.163 D_fake_ViT: 0.149 global: 0.312 spatial: 0.060 
(epoch: 15, iters: 968, time: 0.486, data: 0.001) G_GAN_ViT: 0.493 D_real_ViT: 0.270 D_fake_ViT: 0.150 global: 0.382 spatial: 0.076 
(epoch: 15, iters: 1068, time: 0.486, data: 0.001) G_GAN_ViT: 0.391 D_real_ViT: 0.219 D_fake_ViT: 0.189 global: 0.336 spatial: 0.070 
(epoch: 15, iters: 1168, time: 0.486, data: 0.001) G_GAN_ViT: 0.418 D_real_ViT: 0.211 D_fake_ViT: 0.174 global: 0.375 spatial: 0.087 
(epoch: 15, iters: 1268, time: 0.486, data: 0.001) G_GAN_ViT: 0.458 D_real_ViT: 0.267 D_fake_ViT: 0.151 global: 0.533 spatial: 0.083 
(epoch: 15, iters: 1368, time: 0.486, data: 0.002) G_GAN_ViT: 0.344 D_real_ViT: 0.222 D_fake_ViT: 0.230 global: 0.497 spatial: 0.082 
(epoch: 15, iters: 1468, time: 0.487, data: 0.002) G_GAN_ViT: 0.448 D_real_ViT: 0.110 D_fake_ViT: 0.158 global: 0.325 spatial: 0.065 
(epoch: 15, iters: 1568, time: 0.487, data: 0.001) G_GAN_ViT: 0.404 D_real_ViT: 0.081 D_fake_ViT: 0.188 global: 0.315 spatial: 0.067 
(epoch: 15, iters: 1668, time: 0.486, data: 0.001) G_GAN_ViT: 0.466 D_real_ViT: 0.137 D_fake_ViT: 0.158 global: 0.312 spatial: 0.079 
(epoch: 15, iters: 1768, time: 0.486, data: 0.001) G_GAN_ViT: 0.411 D_real_ViT: 0.190 D_fake_ViT: 0.181 global: 0.432 spatial: 0.066 
(epoch: 15, iters: 1868, time: 0.486, data: 0.001) G_GAN_ViT: 0.408 D_real_ViT: 0.302 D_fake_ViT: 0.183 global: 0.389 spatial: 0.072 
(epoch: 15, iters: 1968, time: 0.486, data: 0.001) G_GAN_ViT: 0.323 D_real_ViT: 0.153 D_fake_ViT: 0.265 global: 0.392 spatial: 0.083 
(epoch: 15, iters: 2068, time: 0.486, data: 0.001) G_GAN_ViT: 0.560 D_real_ViT: 0.141 D_fake_ViT: 0.107 global: 0.316 spatial: 0.074 
(epoch: 15, iters: 2168, time: 0.485, data: 0.001) G_GAN_ViT: 0.427 D_real_ViT: 0.138 D_fake_ViT: 0.181 global: 0.349 spatial: 0.073 
(epoch: 15, iters: 2268, time: 0.486, data: 0.001) G_GAN_ViT: 0.378 D_real_ViT: 0.162 D_fake_ViT: 0.218 global: 0.363 spatial: 0.069 
(epoch: 15, iters: 2368, time: 0.485, data: 0.001) G_GAN_ViT: 0.459 D_real_ViT: 0.047 D_fake_ViT: 0.154 global: 0.327 spatial: 0.076 
(epoch: 15, iters: 2468, time: 0.486, data: 0.001) G_GAN_ViT: 0.399 D_real_ViT: 0.239 D_fake_ViT: 0.184 global: 0.379 spatial: 0.074 
saving the latest model (epoch 15, total_iters 80000)
ICL_single_traffic_city
(epoch: 15, iters: 2568, time: 0.487, data: 0.001) G_GAN_ViT: 0.448 D_real_ViT: 0.336 D_fake_ViT: 0.157 global: 0.378 spatial: 0.068 
(epoch: 15, iters: 2668, time: 0.487, data: 0.001) G_GAN_ViT: 0.404 D_real_ViT: 0.083 D_fake_ViT: 0.183 global: 0.467 spatial: 0.084 
(epoch: 15, iters: 2768, time: 0.487, data: 0.001) G_GAN_ViT: 0.380 D_real_ViT: 0.334 D_fake_ViT: 0.200 global: 0.327 spatial: 0.075 
(epoch: 15, iters: 2868, time: 0.487, data: 0.001) G_GAN_ViT: 0.254 D_real_ViT: 0.227 D_fake_ViT: 0.316 global: 0.556 spatial: 0.089 
(epoch: 15, iters: 2968, time: 0.486, data: 0.001) G_GAN_ViT: 0.319 D_real_ViT: 0.149 D_fake_ViT: 0.275 global: 0.494 spatial: 0.084 
(epoch: 15, iters: 3068, time: 0.486, data: 0.001) G_GAN_ViT: 0.555 D_real_ViT: 0.210 D_fake_ViT: 0.137 global: 0.381 spatial: 0.100 
(epoch: 15, iters: 3168, time: 0.487, data: 0.001) G_GAN_ViT: 0.405 D_real_ViT: 0.220 D_fake_ViT: 0.171 global: 0.284 spatial: 0.063 
(epoch: 15, iters: 3268, time: 0.487, data: 0.001) G_GAN_ViT: 0.499 D_real_ViT: 0.284 D_fake_ViT: 0.130 global: 0.315 spatial: 0.079 
(epoch: 15, iters: 3368, time: 0.486, data: 0.001) G_GAN_ViT: 0.333 D_real_ViT: 0.372 D_fake_ViT: 0.236 global: 0.474 spatial: 0.092 
(epoch: 15, iters: 3468, time: 0.487, data: 0.001) G_GAN_ViT: 0.588 D_real_ViT: 0.171 D_fake_ViT: 0.093 global: 0.379 spatial: 0.070 
(epoch: 15, iters: 3568, time: 0.486, data: 0.001) G_GAN_ViT: 0.422 D_real_ViT: 0.150 D_fake_ViT: 0.172 global: 0.480 spatial: 0.085 
(epoch: 15, iters: 3668, time: 0.486, data: 0.001) G_GAN_ViT: 0.456 D_real_ViT: 0.178 D_fake_ViT: 0.166 global: 0.393 spatial: 0.082 
(epoch: 15, iters: 3768, time: 0.487, data: 0.001) G_GAN_ViT: 0.740 D_real_ViT: 0.219 D_fake_ViT: 0.080 global: 0.577 spatial: 0.108 
(epoch: 15, iters: 3868, time: 0.487, data: 0.001) G_GAN_ViT: 0.424 D_real_ViT: 0.110 D_fake_ViT: 0.170 global: 0.475 spatial: 0.088 
(epoch: 15, iters: 3968, time: 0.486, data: 0.001) G_GAN_ViT: 0.448 D_real_ViT: 0.176 D_fake_ViT: 0.158 global: 0.313 spatial: 0.068 
(epoch: 15, iters: 4068, time: 0.486, data: 0.001) G_GAN_ViT: 0.453 D_real_ViT: 0.371 D_fake_ViT: 0.152 global: 0.428 spatial: 0.083 
(epoch: 15, iters: 4168, time: 0.486, data: 0.001) G_GAN_ViT: 0.520 D_real_ViT: 0.235 D_fake_ViT: 0.120 global: 0.335 spatial: 0.080 
(epoch: 15, iters: 4268, time: 0.486, data: 0.001) G_GAN_ViT: 0.431 D_real_ViT: 0.149 D_fake_ViT: 0.194 global: 0.330 spatial: 0.080 
(epoch: 15, iters: 4368, time: 0.486, data: 0.001) G_GAN_ViT: 0.437 D_real_ViT: 0.210 D_fake_ViT: 0.156 global: 0.323 spatial: 0.073 
(epoch: 15, iters: 4468, time: 0.486, data: 0.001) G_GAN_ViT: 0.429 D_real_ViT: 0.101 D_fake_ViT: 0.176 global: 0.484 spatial: 0.080 
(epoch: 15, iters: 4568, time: 0.486, data: 0.001) G_GAN_ViT: 0.344 D_real_ViT: 0.298 D_fake_ViT: 0.255 global: 0.564 spatial: 0.090 
(epoch: 15, iters: 4668, time: 0.487, data: 0.001) G_GAN_ViT: 0.391 D_real_ViT: 0.181 D_fake_ViT: 0.197 global: 0.465 spatial: 0.087 
(epoch: 15, iters: 4768, time: 0.486, data: 0.001) G_GAN_ViT: 0.392 D_real_ViT: 0.127 D_fake_ViT: 0.194 global: 0.283 spatial: 0.064 
(epoch: 15, iters: 4868, time: 0.486, data: 0.001) G_GAN_ViT: 0.418 D_real_ViT: 0.152 D_fake_ViT: 0.177 global: 0.304 spatial: 0.070 
(epoch: 15, iters: 4968, time: 0.486, data: 0.001) G_GAN_ViT: 0.516 D_real_ViT: 0.254 D_fake_ViT: 0.122 global: 0.391 spatial: 0.084 
(epoch: 15, iters: 5068, time: 0.486, data: 0.001) G_GAN_ViT: 0.263 D_real_ViT: 0.186 D_fake_ViT: 0.311 global: 0.353 spatial: 0.069 
(epoch: 15, iters: 5168, time: 0.487, data: 0.001) G_GAN_ViT: 0.315 D_real_ViT: 0.202 D_fake_ViT: 0.275 global: 0.577 spatial: 0.091 
(epoch: 15, iters: 5268, time: 0.487, data: 0.001) G_GAN_ViT: 0.375 D_real_ViT: 0.164 D_fake_ViT: 0.206 global: 0.369 spatial: 0.082 
(epoch: 15, iters: 5368, time: 0.487, data: 0.001) G_GAN_ViT: 0.369 D_real_ViT: 0.098 D_fake_ViT: 0.210 global: 0.408 spatial: 0.072 
(epoch: 15, iters: 5468, time: 0.486, data: 0.001) G_GAN_ViT: 0.317 D_real_ViT: 0.137 D_fake_ViT: 0.250 global: 0.428 spatial: 0.078 
saving the model at the end of epoch 15, iters 83070
End of epoch 15 / 100 	 Time Taken: 2703 sec
learning rate = 0.0000100
(epoch: 16, iters: 30, time: 0.487, data: 0.001) G_GAN_ViT: 0.540 D_real_ViT: 0.191 D_fake_ViT: 0.114 global: 0.287 spatial: 0.070 
(epoch: 16, iters: 130, time: 0.487, data: 0.001) G_GAN_ViT: 0.623 D_real_ViT: 0.107 D_fake_ViT: 0.108 global: 0.567 spatial: 0.095 
(epoch: 16, iters: 230, time: 0.487, data: 0.001) G_GAN_ViT: 0.360 D_real_ViT: 0.173 D_fake_ViT: 0.215 global: 0.408 spatial: 0.085 
(epoch: 16, iters: 330, time: 0.487, data: 0.001) G_GAN_ViT: 0.489 D_real_ViT: 0.264 D_fake_ViT: 0.135 global: 0.319 spatial: 0.081 
(epoch: 16, iters: 430, time: 0.487, data: 0.001) G_GAN_ViT: 0.360 D_real_ViT: 0.256 D_fake_ViT: 0.222 global: 0.458 spatial: 0.098 
(epoch: 16, iters: 530, time: 0.487, data: 0.001) G_GAN_ViT: 0.305 D_real_ViT: 0.115 D_fake_ViT: 0.280 global: 0.499 spatial: 0.088 
(epoch: 16, iters: 630, time: 0.486, data: 0.001) G_GAN_ViT: 0.486 D_real_ViT: 0.175 D_fake_ViT: 0.143 global: 0.382 spatial: 0.061 
(epoch: 16, iters: 730, time: 0.486, data: 0.001) G_GAN_ViT: 0.551 D_real_ViT: 0.115 D_fake_ViT: 0.109 global: 0.401 spatial: 0.084 
(epoch: 16, iters: 830, time: 0.486, data: 0.001) G_GAN_ViT: 0.271 D_real_ViT: 0.194 D_fake_ViT: 0.303 global: 0.530 spatial: 0.095 
(epoch: 16, iters: 930, time: 0.486, data: 0.001) G_GAN_ViT: 0.454 D_real_ViT: 0.185 D_fake_ViT: 0.152 global: 0.354 spatial: 0.074 
(epoch: 16, iters: 1030, time: 0.485, data: 0.001) G_GAN_ViT: 0.344 D_real_ViT: 0.209 D_fake_ViT: 0.241 global: 0.530 spatial: 0.100 
(epoch: 16, iters: 1130, time: 0.486, data: 0.001) G_GAN_ViT: 0.435 D_real_ViT: 0.130 D_fake_ViT: 0.165 global: 0.393 spatial: 0.068 
(epoch: 16, iters: 1230, time: 0.486, data: 0.001) G_GAN_ViT: 0.388 D_real_ViT: 0.265 D_fake_ViT: 0.207 global: 0.398 spatial: 0.083 
(epoch: 16, iters: 1330, time: 0.486, data: 0.001) G_GAN_ViT: 0.497 D_real_ViT: 0.285 D_fake_ViT: 0.141 global: 0.378 spatial: 0.074 
(epoch: 16, iters: 1430, time: 0.484, data: 0.001) G_GAN_ViT: 0.531 D_real_ViT: 0.197 D_fake_ViT: 0.130 global: 0.339 spatial: 0.084 
(epoch: 16, iters: 1530, time: 0.485, data: 0.001) G_GAN_ViT: 0.495 D_real_ViT: 0.124 D_fake_ViT: 0.137 global: 0.498 spatial: 0.086 
(epoch: 16, iters: 1630, time: 0.485, data: 0.001) G_GAN_ViT: 0.489 D_real_ViT: 0.204 D_fake_ViT: 0.172 global: 0.583 spatial: 0.095 
(epoch: 16, iters: 1730, time: 0.485, data: 0.002) G_GAN_ViT: 0.498 D_real_ViT: 0.286 D_fake_ViT: 0.126 global: 0.303 spatial: 0.062 
(epoch: 16, iters: 1830, time: 0.484, data: 0.001) G_GAN_ViT: 0.350 D_real_ViT: 0.075 D_fake_ViT: 0.241 global: 0.506 spatial: 0.094 
(epoch: 16, iters: 1930, time: 0.485, data: 0.001) G_GAN_ViT: 0.534 D_real_ViT: 0.225 D_fake_ViT: 0.111 global: 0.370 spatial: 0.080 
saving the latest model (epoch 16, total_iters 85000)
ICL_single_traffic_city
(epoch: 16, iters: 2030, time: 0.486, data: 0.001) G_GAN_ViT: 0.333 D_real_ViT: 0.280 D_fake_ViT: 0.248 global: 0.324 spatial: 0.076 
(epoch: 16, iters: 2130, time: 0.486, data: 0.001) G_GAN_ViT: 0.433 D_real_ViT: 0.125 D_fake_ViT: 0.163 global: 0.262 spatial: 0.075 
(epoch: 16, iters: 2230, time: 0.487, data: 0.001) G_GAN_ViT: 0.522 D_real_ViT: 0.241 D_fake_ViT: 0.125 global: 0.427 spatial: 0.088 
(epoch: 16, iters: 2330, time: 0.488, data: 0.001) G_GAN_ViT: 0.443 D_real_ViT: 0.087 D_fake_ViT: 0.187 global: 0.362 spatial: 0.099 
(epoch: 16, iters: 2430, time: 0.489, data: 0.001) G_GAN_ViT: 0.443 D_real_ViT: 0.231 D_fake_ViT: 0.158 global: 0.339 spatial: 0.073 
(epoch: 16, iters: 2530, time: 0.489, data: 0.001) G_GAN_ViT: 0.286 D_real_ViT: 0.205 D_fake_ViT: 0.285 global: 0.517 spatial: 0.088 
(epoch: 16, iters: 2630, time: 0.489, data: 0.001) G_GAN_ViT: 0.375 D_real_ViT: 0.118 D_fake_ViT: 0.207 global: 0.338 spatial: 0.066 
(epoch: 16, iters: 2730, time: 0.490, data: 0.001) G_GAN_ViT: 0.276 D_real_ViT: 0.134 D_fake_ViT: 0.301 global: 0.524 spatial: 0.091 
(epoch: 16, iters: 2830, time: 0.490, data: 0.001) G_GAN_ViT: 0.581 D_real_ViT: 0.046 D_fake_ViT: 0.089 global: 0.340 spatial: 0.076 
(epoch: 16, iters: 2930, time: 0.490, data: 0.002) G_GAN_ViT: 0.494 D_real_ViT: 0.191 D_fake_ViT: 0.140 global: 0.328 spatial: 0.066 
(epoch: 16, iters: 3030, time: 0.489, data: 0.001) G_GAN_ViT: 0.345 D_real_ViT: 0.247 D_fake_ViT: 0.229 global: 0.498 spatial: 0.081 
(epoch: 16, iters: 3130, time: 0.489, data: 0.001) G_GAN_ViT: 0.473 D_real_ViT: 0.280 D_fake_ViT: 0.151 global: 0.327 spatial: 0.068 
(epoch: 16, iters: 3230, time: 0.489, data: 0.001) G_GAN_ViT: 0.351 D_real_ViT: 0.342 D_fake_ViT: 0.219 global: 0.517 spatial: 0.079 
(epoch: 16, iters: 3330, time: 0.488, data: 0.001) G_GAN_ViT: 0.461 D_real_ViT: 0.373 D_fake_ViT: 0.152 global: 0.388 spatial: 0.080 
(epoch: 16, iters: 3430, time: 0.488, data: 0.001) G_GAN_ViT: 0.475 D_real_ViT: 0.042 D_fake_ViT: 0.150 global: 0.397 spatial: 0.074 
(epoch: 16, iters: 3530, time: 0.488, data: 0.001) G_GAN_ViT: 0.415 D_real_ViT: 0.182 D_fake_ViT: 0.189 global: 0.513 spatial: 0.088 
(epoch: 16, iters: 3630, time: 0.488, data: 0.001) G_GAN_ViT: 0.428 D_real_ViT: 0.158 D_fake_ViT: 0.186 global: 0.450 spatial: 0.080 
(epoch: 16, iters: 3730, time: 0.488, data: 0.001) G_GAN_ViT: 0.607 D_real_ViT: 0.184 D_fake_ViT: 0.131 global: 0.509 spatial: 0.094 
(epoch: 16, iters: 3830, time: 0.488, data: 0.001) G_GAN_ViT: 0.543 D_real_ViT: 0.304 D_fake_ViT: 0.110 global: 0.398 spatial: 0.083 
(epoch: 16, iters: 3930, time: 0.488, data: 0.001) G_GAN_ViT: 0.479 D_real_ViT: 0.262 D_fake_ViT: 0.144 global: 0.330 spatial: 0.065 
(epoch: 16, iters: 4030, time: 0.488, data: 0.001) G_GAN_ViT: 0.514 D_real_ViT: 0.097 D_fake_ViT: 0.125 global: 0.368 spatial: 0.084 
(epoch: 16, iters: 4130, time: 0.488, data: 0.001) G_GAN_ViT: 0.320 D_real_ViT: 0.115 D_fake_ViT: 0.260 global: 0.476 spatial: 0.088 
(epoch: 16, iters: 4230, time: 0.488, data: 0.001) G_GAN_ViT: 0.425 D_real_ViT: 0.181 D_fake_ViT: 0.174 global: 0.454 spatial: 0.081 
(epoch: 16, iters: 4330, time: 0.488, data: 0.001) G_GAN_ViT: 0.345 D_real_ViT: 0.244 D_fake_ViT: 0.228 global: 0.324 spatial: 0.082 
(epoch: 16, iters: 4430, time: 0.487, data: 0.001) G_GAN_ViT: 0.424 D_real_ViT: 0.238 D_fake_ViT: 0.167 global: 0.379 spatial: 0.080 
(epoch: 16, iters: 4530, time: 0.488, data: 0.001) G_GAN_ViT: 0.359 D_real_ViT: 0.200 D_fake_ViT: 0.234 global: 0.388 spatial: 0.111 
(epoch: 16, iters: 4630, time: 0.488, data: 0.001) G_GAN_ViT: 0.432 D_real_ViT: 0.161 D_fake_ViT: 0.186 global: 0.398 spatial: 0.089 
(epoch: 16, iters: 4730, time: 0.488, data: 0.001) G_GAN_ViT: 0.345 D_real_ViT: 0.243 D_fake_ViT: 0.222 global: 0.467 spatial: 0.091 
(epoch: 16, iters: 4830, time: 0.488, data: 0.001) G_GAN_ViT: 0.488 D_real_ViT: 0.167 D_fake_ViT: 0.136 global: 0.334 spatial: 0.078 
(epoch: 16, iters: 4930, time: 0.487, data: 0.001) G_GAN_ViT: 0.395 D_real_ViT: 0.199 D_fake_ViT: 0.212 global: 0.382 spatial: 0.080 
(epoch: 16, iters: 5030, time: 0.487, data: 0.001) G_GAN_ViT: 0.361 D_real_ViT: 0.129 D_fake_ViT: 0.238 global: 0.309 spatial: 0.069 
(epoch: 16, iters: 5130, time: 0.487, data: 0.001) G_GAN_ViT: 0.531 D_real_ViT: 0.205 D_fake_ViT: 0.134 global: 0.404 spatial: 0.105 
(epoch: 16, iters: 5230, time: 0.487, data: 0.001) G_GAN_ViT: 0.505 D_real_ViT: 0.189 D_fake_ViT: 0.140 global: 0.423 spatial: 0.067 
(epoch: 16, iters: 5330, time: 0.487, data: 0.001) G_GAN_ViT: 0.423 D_real_ViT: 0.301 D_fake_ViT: 0.177 global: 0.326 spatial: 0.063 
(epoch: 16, iters: 5430, time: 0.487, data: 0.001) G_GAN_ViT: 0.518 D_real_ViT: 0.227 D_fake_ViT: 0.137 global: 0.331 spatial: 0.083 
(epoch: 16, iters: 5530, time: 0.488, data: 0.001) G_GAN_ViT: 0.281 D_real_ViT: 0.165 D_fake_ViT: 0.300 global: 0.499 spatial: 0.091 
End of epoch 16 / 100 	 Time Taken: 2707 sec
learning rate = 0.0000100
(epoch: 17, iters: 92, time: 0.488, data: 0.001) G_GAN_ViT: 0.362 D_real_ViT: 0.348 D_fake_ViT: 0.222 global: 0.416 spatial: 0.073 
(epoch: 17, iters: 192, time: 0.487, data: 0.001) G_GAN_ViT: 0.420 D_real_ViT: 0.166 D_fake_ViT: 0.207 global: 0.478 spatial: 0.094 
(epoch: 17, iters: 292, time: 0.487, data: 0.001) G_GAN_ViT: 0.407 D_real_ViT: 0.142 D_fake_ViT: 0.206 global: 0.448 spatial: 0.091 
(epoch: 17, iters: 392, time: 0.488, data: 0.001) G_GAN_ViT: 0.458 D_real_ViT: 0.357 D_fake_ViT: 0.146 global: 0.312 spatial: 0.055 
(epoch: 17, iters: 492, time: 0.488, data: 0.001) G_GAN_ViT: 0.467 D_real_ViT: 0.165 D_fake_ViT: 0.155 global: 0.434 spatial: 0.090 
(epoch: 17, iters: 592, time: 0.488, data: 0.001) G_GAN_ViT: 0.406 D_real_ViT: 0.169 D_fake_ViT: 0.182 global: 0.358 spatial: 0.069 
(epoch: 17, iters: 692, time: 0.488, data: 0.001) G_GAN_ViT: 0.479 D_real_ViT: 0.234 D_fake_ViT: 0.138 global: 0.329 spatial: 0.086 
(epoch: 17, iters: 792, time: 0.488, data: 0.001) G_GAN_ViT: 0.405 D_real_ViT: 0.238 D_fake_ViT: 0.185 global: 0.325 spatial: 0.062 
(epoch: 17, iters: 892, time: 0.487, data: 0.001) G_GAN_ViT: 0.473 D_real_ViT: 0.162 D_fake_ViT: 0.160 global: 0.444 spatial: 0.085 
(epoch: 17, iters: 992, time: 0.487, data: 0.001) G_GAN_ViT: 0.441 D_real_ViT: 0.338 D_fake_ViT: 0.173 global: 0.502 spatial: 0.093 
(epoch: 17, iters: 1092, time: 0.487, data: 0.001) G_GAN_ViT: 0.311 D_real_ViT: 0.294 D_fake_ViT: 0.267 global: 0.473 spatial: 0.088 
(epoch: 17, iters: 1192, time: 0.487, data: 0.001) G_GAN_ViT: 0.583 D_real_ViT: 0.402 D_fake_ViT: 0.125 global: 0.357 spatial: 0.097 
(epoch: 17, iters: 1292, time: 0.486, data: 0.001) G_GAN_ViT: 0.531 D_real_ViT: 0.231 D_fake_ViT: 0.110 global: 0.257 spatial: 0.056 
(epoch: 17, iters: 1392, time: 0.486, data: 0.001) G_GAN_ViT: 0.440 D_real_ViT: 0.105 D_fake_ViT: 0.167 global: 0.419 spatial: 0.081 
saving the latest model (epoch 17, total_iters 90000)
ICL_single_traffic_city
(epoch: 17, iters: 1492, time: 0.487, data: 0.001) G_GAN_ViT: 0.301 D_real_ViT: 0.279 D_fake_ViT: 0.281 global: 0.482 spatial: 0.076 
(epoch: 17, iters: 1592, time: 0.487, data: 0.001) G_GAN_ViT: 0.425 D_real_ViT: 0.181 D_fake_ViT: 0.172 global: 0.358 spatial: 0.064 
(epoch: 17, iters: 1692, time: 0.488, data: 0.001) G_GAN_ViT: 0.398 D_real_ViT: 0.205 D_fake_ViT: 0.215 global: 0.333 spatial: 0.087 
(epoch: 17, iters: 1792, time: 0.488, data: 0.001) G_GAN_ViT: 0.630 D_real_ViT: 0.290 D_fake_ViT: 0.085 global: 0.435 spatial: 0.089 
(epoch: 17, iters: 1892, time: 0.488, data: 0.001) G_GAN_ViT: 0.461 D_real_ViT: 0.084 D_fake_ViT: 0.161 global: 0.289 spatial: 0.071 
(epoch: 17, iters: 1992, time: 0.488, data: 0.001) G_GAN_ViT: 0.417 D_real_ViT: 0.204 D_fake_ViT: 0.180 global: 0.355 spatial: 0.068 
(epoch: 17, iters: 2092, time: 0.488, data: 0.001) G_GAN_ViT: 0.489 D_real_ViT: 0.217 D_fake_ViT: 0.162 global: 0.335 spatial: 0.090 
(epoch: 17, iters: 2192, time: 0.487, data: 0.001) G_GAN_ViT: 0.516 D_real_ViT: 0.239 D_fake_ViT: 0.118 global: 0.315 spatial: 0.085 
(epoch: 17, iters: 2292, time: 0.488, data: 0.001) G_GAN_ViT: 0.441 D_real_ViT: 0.131 D_fake_ViT: 0.190 global: 0.416 spatial: 0.110 
(epoch: 17, iters: 2392, time: 0.488, data: 0.001) G_GAN_ViT: 0.398 D_real_ViT: 0.160 D_fake_ViT: 0.198 global: 0.483 spatial: 0.084 
(epoch: 17, iters: 2492, time: 0.488, data: 0.001) G_GAN_ViT: 0.472 D_real_ViT: 0.110 D_fake_ViT: 0.151 global: 0.363 spatial: 0.091 
(epoch: 17, iters: 2592, time: 0.488, data: 0.001) G_GAN_ViT: 0.431 D_real_ViT: 0.315 D_fake_ViT: 0.176 global: 0.431 spatial: 0.085 
(epoch: 17, iters: 2692, time: 0.488, data: 0.001) G_GAN_ViT: 0.421 D_real_ViT: 0.230 D_fake_ViT: 0.186 global: 0.416 spatial: 0.083 
(epoch: 17, iters: 2792, time: 0.488, data: 0.001) G_GAN_ViT: 0.392 D_real_ViT: 0.205 D_fake_ViT: 0.190 global: 0.321 spatial: 0.073 
(epoch: 17, iters: 2892, time: 0.487, data: 0.001) G_GAN_ViT: 0.351 D_real_ViT: 0.088 D_fake_ViT: 0.223 global: 0.352 spatial: 0.089 
(epoch: 17, iters: 2992, time: 0.487, data: 0.001) G_GAN_ViT: 0.433 D_real_ViT: 0.164 D_fake_ViT: 0.163 global: 0.358 spatial: 0.083 
(epoch: 17, iters: 3092, time: 0.487, data: 0.001) G_GAN_ViT: 0.569 D_real_ViT: 0.191 D_fake_ViT: 0.118 global: 0.348 spatial: 0.088 
(epoch: 17, iters: 3192, time: 0.487, data: 0.001) G_GAN_ViT: 0.335 D_real_ViT: 0.103 D_fake_ViT: 0.241 global: 0.438 spatial: 0.094 
(epoch: 17, iters: 3292, time: 0.488, data: 0.001) G_GAN_ViT: 0.519 D_real_ViT: 0.155 D_fake_ViT: 0.143 global: 0.360 spatial: 0.077 
(epoch: 17, iters: 3392, time: 0.488, data: 0.001) G_GAN_ViT: 0.458 D_real_ViT: 0.076 D_fake_ViT: 0.165 global: 0.412 spatial: 0.081 
(epoch: 17, iters: 3492, time: 0.487, data: 0.001) G_GAN_ViT: 0.450 D_real_ViT: 0.098 D_fake_ViT: 0.160 global: 0.341 spatial: 0.064 
(epoch: 17, iters: 3592, time: 0.488, data: 0.002) G_GAN_ViT: 0.334 D_real_ViT: 0.149 D_fake_ViT: 0.235 global: 0.483 spatial: 0.080 
(epoch: 17, iters: 3692, time: 0.487, data: 0.001) G_GAN_ViT: 0.515 D_real_ViT: 0.169 D_fake_ViT: 0.127 global: 0.330 spatial: 0.076 
(epoch: 17, iters: 3792, time: 0.487, data: 0.001) G_GAN_ViT: 0.422 D_real_ViT: 0.148 D_fake_ViT: 0.179 global: 0.443 spatial: 0.080 
(epoch: 17, iters: 3892, time: 0.487, data: 0.001) G_GAN_ViT: 0.333 D_real_ViT: 0.152 D_fake_ViT: 0.253 global: 0.303 spatial: 0.069 
(epoch: 17, iters: 3992, time: 0.487, data: 0.001) G_GAN_ViT: 0.526 D_real_ViT: 0.256 D_fake_ViT: 0.123 global: 0.418 spatial: 0.082 
(epoch: 17, iters: 4092, time: 0.487, data: 0.001) G_GAN_ViT: 0.423 D_real_ViT: 0.225 D_fake_ViT: 0.171 global: 0.314 spatial: 0.079 
(epoch: 17, iters: 4192, time: 0.487, data: 0.001) G_GAN_ViT: 0.474 D_real_ViT: 0.225 D_fake_ViT: 0.146 global: 0.426 spatial: 0.076 
(epoch: 17, iters: 4292, time: 0.487, data: 0.001) G_GAN_ViT: 0.411 D_real_ViT: 0.164 D_fake_ViT: 0.180 global: 0.369 spatial: 0.073 
(epoch: 17, iters: 4392, time: 0.487, data: 0.001) G_GAN_ViT: 0.379 D_real_ViT: 0.282 D_fake_ViT: 0.207 global: 0.544 spatial: 0.092 
(epoch: 17, iters: 4492, time: 0.487, data: 0.001) G_GAN_ViT: 0.514 D_real_ViT: 0.229 D_fake_ViT: 0.123 global: 0.312 spatial: 0.082 
(epoch: 17, iters: 4592, time: 0.487, data: 0.001) G_GAN_ViT: 0.509 D_real_ViT: 0.062 D_fake_ViT: 0.132 global: 0.379 spatial: 0.085 
(epoch: 17, iters: 4692, time: 0.487, data: 0.001) G_GAN_ViT: 0.350 D_real_ViT: 0.105 D_fake_ViT: 0.238 global: 0.479 spatial: 0.097 
(epoch: 17, iters: 4792, time: 0.488, data: 0.001) G_GAN_ViT: 0.365 D_real_ViT: 0.183 D_fake_ViT: 0.212 global: 0.528 spatial: 0.081 
(epoch: 17, iters: 4892, time: 0.487, data: 0.001) G_GAN_ViT: 0.252 D_real_ViT: 0.212 D_fake_ViT: 0.318 global: 0.483 spatial: 0.089 
(epoch: 17, iters: 4992, time: 0.487, data: 0.001) G_GAN_ViT: 0.343 D_real_ViT: 0.306 D_fake_ViT: 0.223 global: 0.502 spatial: 0.083 
(epoch: 17, iters: 5092, time: 0.487, data: 0.001) G_GAN_ViT: 0.468 D_real_ViT: 0.375 D_fake_ViT: 0.159 global: 0.377 spatial: 0.082 
(epoch: 17, iters: 5192, time: 0.488, data: 0.001) G_GAN_ViT: 0.369 D_real_ViT: 0.066 D_fake_ViT: 0.224 global: 0.547 spatial: 0.101 
(epoch: 17, iters: 5292, time: 0.488, data: 0.001) G_GAN_ViT: 0.547 D_real_ViT: 0.190 D_fake_ViT: 0.119 global: 0.333 spatial: 0.075 
(epoch: 17, iters: 5392, time: 0.487, data: 0.001) G_GAN_ViT: 0.318 D_real_ViT: 0.320 D_fake_ViT: 0.248 global: 0.416 spatial: 0.092 
(epoch: 17, iters: 5492, time: 0.488, data: 0.001) G_GAN_ViT: 0.418 D_real_ViT: 0.164 D_fake_ViT: 0.203 global: 0.425 spatial: 0.104 
End of epoch 17 / 100 	 Time Taken: 2707 sec
learning rate = 0.0000100
(epoch: 18, iters: 54, time: 0.488, data: 0.001) G_GAN_ViT: 0.324 D_real_ViT: 0.206 D_fake_ViT: 0.278 global: 0.353 spatial: 0.074 
(epoch: 18, iters: 154, time: 0.487, data: 0.001) G_GAN_ViT: 0.450 D_real_ViT: 0.269 D_fake_ViT: 0.166 global: 0.378 spatial: 0.071 
(epoch: 18, iters: 254, time: 0.487, data: 0.001) G_GAN_ViT: 0.361 D_real_ViT: 0.302 D_fake_ViT: 0.227 global: 0.468 spatial: 0.079 
(epoch: 18, iters: 354, time: 0.487, data: 0.001) G_GAN_ViT: 0.530 D_real_ViT: 0.199 D_fake_ViT: 0.123 global: 0.412 spatial: 0.069 
(epoch: 18, iters: 454, time: 0.487, data: 0.001) G_GAN_ViT: 0.394 D_real_ViT: 0.101 D_fake_ViT: 0.191 global: 0.448 spatial: 0.081 
(epoch: 18, iters: 554, time: 0.487, data: 0.001) G_GAN_ViT: 0.443 D_real_ViT: 0.118 D_fake_ViT: 0.171 global: 0.497 spatial: 0.085 
(epoch: 18, iters: 654, time: 0.487, data: 0.002) G_GAN_ViT: 0.504 D_real_ViT: 0.336 D_fake_ViT: 0.129 global: 0.357 spatial: 0.067 
(epoch: 18, iters: 754, time: 0.486, data: 0.001) G_GAN_ViT: 0.455 D_real_ViT: 0.093 D_fake_ViT: 0.162 global: 0.329 spatial: 0.074 
(epoch: 18, iters: 854, time: 0.487, data: 0.001) G_GAN_ViT: 0.440 D_real_ViT: 0.229 D_fake_ViT: 0.157 global: 0.310 spatial: 0.068 
saving the latest model (epoch 18, total_iters 95000)
ICL_single_traffic_city
(epoch: 18, iters: 954, time: 0.487, data: 0.001) G_GAN_ViT: 0.343 D_real_ViT: 0.090 D_fake_ViT: 0.230 global: 0.516 spatial: 0.084 
(epoch: 18, iters: 1054, time: 0.487, data: 0.001) G_GAN_ViT: 0.512 D_real_ViT: 0.176 D_fake_ViT: 0.146 global: 0.364 spatial: 0.086 
(epoch: 18, iters: 1154, time: 0.487, data: 0.001) G_GAN_ViT: 0.400 D_real_ViT: 0.091 D_fake_ViT: 0.200 global: 0.446 spatial: 0.090 
(epoch: 18, iters: 1254, time: 0.487, data: 0.001) G_GAN_ViT: 0.355 D_real_ViT: 0.163 D_fake_ViT: 0.232 global: 0.363 spatial: 0.095 
(epoch: 18, iters: 1354, time: 0.487, data: 0.001) G_GAN_ViT: 0.552 D_real_ViT: 0.133 D_fake_ViT: 0.137 global: 0.423 spatial: 0.092 
(epoch: 18, iters: 1454, time: 0.487, data: 0.001) G_GAN_ViT: 0.511 D_real_ViT: 0.265 D_fake_ViT: 0.128 global: 0.349 spatial: 0.076 
(epoch: 18, iters: 1554, time: 0.487, data: 0.001) G_GAN_ViT: 0.290 D_real_ViT: 0.281 D_fake_ViT: 0.294 global: 0.287 spatial: 0.075 
(epoch: 18, iters: 1654, time: 0.487, data: 0.001) G_GAN_ViT: 0.410 D_real_ViT: 0.321 D_fake_ViT: 0.184 global: 0.517 spatial: 0.088 
(epoch: 18, iters: 1754, time: 0.487, data: 0.001) G_GAN_ViT: 0.457 D_real_ViT: 0.160 D_fake_ViT: 0.153 global: 0.447 spatial: 0.079 
(epoch: 18, iters: 1854, time: 0.487, data: 0.001) G_GAN_ViT: 0.471 D_real_ViT: 0.189 D_fake_ViT: 0.161 global: 0.589 spatial: 0.084 
(epoch: 18, iters: 1954, time: 0.487, data: 0.001) G_GAN_ViT: 0.536 D_real_ViT: 0.102 D_fake_ViT: 0.109 global: 0.278 spatial: 0.077 
(epoch: 18, iters: 2054, time: 0.487, data: 0.001) G_GAN_ViT: 0.376 D_real_ViT: 0.190 D_fake_ViT: 0.194 global: 0.546 spatial: 0.085 
(epoch: 18, iters: 2154, time: 0.487, data: 0.001) G_GAN_ViT: 0.423 D_real_ViT: 0.103 D_fake_ViT: 0.178 global: 0.439 spatial: 0.084 
(epoch: 18, iters: 2254, time: 0.487, data: 0.001) G_GAN_ViT: 0.446 D_real_ViT: 0.202 D_fake_ViT: 0.161 global: 0.276 spatial: 0.070 
(epoch: 18, iters: 2354, time: 0.487, data: 0.001) G_GAN_ViT: 0.448 D_real_ViT: 0.069 D_fake_ViT: 0.167 global: 0.435 spatial: 0.071 
(epoch: 18, iters: 2454, time: 0.486, data: 0.001) G_GAN_ViT: 0.387 D_real_ViT: 0.253 D_fake_ViT: 0.204 global: 0.328 spatial: 0.078 
(epoch: 18, iters: 2554, time: 0.486, data: 0.001) G_GAN_ViT: 0.446 D_real_ViT: 0.115 D_fake_ViT: 0.186 global: 0.338 spatial: 0.099 
(epoch: 18, iters: 2654, time: 0.487, data: 0.001) G_GAN_ViT: 0.420 D_real_ViT: 0.174 D_fake_ViT: 0.183 global: 0.299 spatial: 0.076 
(epoch: 18, iters: 2754, time: 0.487, data: 0.001) G_GAN_ViT: 0.304 D_real_ViT: 0.248 D_fake_ViT: 0.263 global: 0.528 spatial: 0.086 
(epoch: 18, iters: 2854, time: 0.487, data: 0.001) G_GAN_ViT: 0.443 D_real_ViT: 0.235 D_fake_ViT: 0.154 global: 0.423 spatial: 0.076 
(epoch: 18, iters: 2954, time: 0.487, data: 0.001) G_GAN_ViT: 0.378 D_real_ViT: 0.153 D_fake_ViT: 0.205 global: 0.359 spatial: 0.074 
(epoch: 18, iters: 3054, time: 0.487, data: 0.001) G_GAN_ViT: 0.498 D_real_ViT: 0.190 D_fake_ViT: 0.176 global: 0.361 spatial: 0.093 
(epoch: 18, iters: 3154, time: 0.487, data: 0.002) G_GAN_ViT: 0.515 D_real_ViT: 0.140 D_fake_ViT: 0.129 global: 0.352 spatial: 0.078 
(epoch: 18, iters: 3254, time: 0.487, data: 0.001) G_GAN_ViT: 0.566 D_real_ViT: 0.174 D_fake_ViT: 0.117 global: 0.410 spatial: 0.077 
(epoch: 18, iters: 3354, time: 0.487, data: 0.001) G_GAN_ViT: 0.379 D_real_ViT: 0.256 D_fake_ViT: 0.200 global: 0.356 spatial: 0.078 
(epoch: 18, iters: 3454, time: 0.487, data: 0.001) G_GAN_ViT: 0.497 D_real_ViT: 0.162 D_fake_ViT: 0.119 global: 0.284 spatial: 0.057 
(epoch: 18, iters: 3554, time: 0.487, data: 0.001) G_GAN_ViT: 0.333 D_real_ViT: 0.163 D_fake_ViT: 0.259 global: 0.305 spatial: 0.062 
(epoch: 18, iters: 3654, time: 0.487, data: 0.001) G_GAN_ViT: 0.420 D_real_ViT: 0.215 D_fake_ViT: 0.165 global: 0.325 spatial: 0.071 
(epoch: 18, iters: 3754, time: 0.487, data: 0.001) G_GAN_ViT: 0.458 D_real_ViT: 0.223 D_fake_ViT: 0.143 global: 0.266 spatial: 0.065 
(epoch: 18, iters: 3854, time: 0.487, data: 0.001) G_GAN_ViT: 0.254 D_real_ViT: 0.206 D_fake_ViT: 0.319 global: 0.487 spatial: 0.082 
(epoch: 18, iters: 3954, time: 0.487, data: 0.001) G_GAN_ViT: 0.475 D_real_ViT: 0.352 D_fake_ViT: 0.139 global: 0.330 spatial: 0.078 
(epoch: 18, iters: 4054, time: 0.487, data: 0.001) G_GAN_ViT: 0.257 D_real_ViT: 0.136 D_fake_ViT: 0.323 global: 0.445 spatial: 0.079 
(epoch: 18, iters: 4154, time: 0.487, data: 0.001) G_GAN_ViT: 0.406 D_real_ViT: 0.112 D_fake_ViT: 0.205 global: 0.350 spatial: 0.070 
(epoch: 18, iters: 4254, time: 0.487, data: 0.001) G_GAN_ViT: 0.387 D_real_ViT: 0.043 D_fake_ViT: 0.207 global: 0.266 spatial: 0.082 
(epoch: 18, iters: 4354, time: 0.487, data: 0.001) G_GAN_ViT: 0.472 D_real_ViT: 0.202 D_fake_ViT: 0.156 global: 0.640 spatial: 0.088 
(epoch: 18, iters: 4454, time: 0.487, data: 0.001) G_GAN_ViT: 0.387 D_real_ViT: 0.220 D_fake_ViT: 0.211 global: 0.515 spatial: 0.076 
(epoch: 18, iters: 4554, time: 0.487, data: 0.001) G_GAN_ViT: 0.325 D_real_ViT: 0.225 D_fake_ViT: 0.244 global: 0.450 spatial: 0.084 
(epoch: 18, iters: 4654, time: 0.487, data: 0.001) G_GAN_ViT: 0.266 D_real_ViT: 0.111 D_fake_ViT: 0.310 global: 0.416 spatial: 0.074 
(epoch: 18, iters: 4754, time: 0.487, data: 0.001) G_GAN_ViT: 0.364 D_real_ViT: 0.264 D_fake_ViT: 0.220 global: 0.393 spatial: 0.101 
(epoch: 18, iters: 4854, time: 0.488, data: 0.001) G_GAN_ViT: 0.492 D_real_ViT: 0.159 D_fake_ViT: 0.130 global: 0.295 spatial: 0.069 
(epoch: 18, iters: 4954, time: 0.488, data: 0.001) G_GAN_ViT: 0.349 D_real_ViT: 0.215 D_fake_ViT: 0.231 global: 0.465 spatial: 0.082 
(epoch: 18, iters: 5054, time: 0.489, data: 0.001) G_GAN_ViT: 0.388 D_real_ViT: 0.303 D_fake_ViT: 0.193 global: 0.370 spatial: 0.080 
(epoch: 18, iters: 5154, time: 0.489, data: 0.001) G_GAN_ViT: 0.480 D_real_ViT: 0.156 D_fake_ViT: 0.138 global: 0.299 spatial: 0.066 
(epoch: 18, iters: 5254, time: 0.489, data: 0.001) G_GAN_ViT: 0.447 D_real_ViT: 0.211 D_fake_ViT: 0.170 global: 0.321 spatial: 0.076 
(epoch: 18, iters: 5354, time: 0.489, data: 0.001) G_GAN_ViT: 0.369 D_real_ViT: 0.292 D_fake_ViT: 0.209 global: 0.507 spatial: 0.088 
(epoch: 18, iters: 5454, time: 0.488, data: 0.001) G_GAN_ViT: 0.423 D_real_ViT: 0.162 D_fake_ViT: 0.175 global: 0.296 spatial: 0.066 
End of epoch 18 / 100 	 Time Taken: 2706 sec
learning rate = 0.0000100
(epoch: 19, iters: 16, time: 0.489, data: 0.001) G_GAN_ViT: 0.381 D_real_ViT: 0.230 D_fake_ViT: 0.203 global: 0.600 spatial: 0.085 
(epoch: 19, iters: 116, time: 0.489, data: 0.001) G_GAN_ViT: 0.308 D_real_ViT: 0.262 D_fake_ViT: 0.256 global: 0.436 spatial: 0.093 
(epoch: 19, iters: 216, time: 0.488, data: 0.001) G_GAN_ViT: 0.528 D_real_ViT: 0.316 D_fake_ViT: 0.120 global: 0.395 spatial: 0.077 
(epoch: 19, iters: 316, time: 0.489, data: 0.001) G_GAN_ViT: 0.411 D_real_ViT: 0.148 D_fake_ViT: 0.175 global: 0.337 spatial: 0.084 
saving the latest model (epoch 19, total_iters 100000)
ICL_single_traffic_city
(epoch: 19, iters: 416, time: 0.489, data: 0.002) G_GAN_ViT: 0.429 D_real_ViT: 0.105 D_fake_ViT: 0.180 global: 0.435 spatial: 0.076 
(epoch: 19, iters: 516, time: 0.489, data: 0.001) G_GAN_ViT: 0.461 D_real_ViT: 0.289 D_fake_ViT: 0.153 global: 0.362 spatial: 0.079 
(epoch: 19, iters: 616, time: 0.489, data: 0.001) G_GAN_ViT: 0.318 D_real_ViT: 0.178 D_fake_ViT: 0.254 global: 0.274 spatial: 0.061 
(epoch: 19, iters: 716, time: 0.489, data: 0.001) G_GAN_ViT: 0.348 D_real_ViT: 0.228 D_fake_ViT: 0.241 global: 0.455 spatial: 0.073 
(epoch: 19, iters: 816, time: 0.489, data: 0.001) G_GAN_ViT: 0.367 D_real_ViT: 0.133 D_fake_ViT: 0.224 global: 0.365 spatial: 0.092 
(epoch: 19, iters: 916, time: 0.489, data: 0.001) G_GAN_ViT: 0.335 D_real_ViT: 0.259 D_fake_ViT: 0.236 global: 0.295 spatial: 0.069 
(epoch: 19, iters: 1016, time: 0.489, data: 0.001) G_GAN_ViT: 0.262 D_real_ViT: 0.233 D_fake_ViT: 0.342 global: 0.624 spatial: 0.088 
(epoch: 19, iters: 1116, time: 0.488, data: 0.002) G_GAN_ViT: 0.441 D_real_ViT: 0.318 D_fake_ViT: 0.179 global: 0.419 spatial: 0.104 
(epoch: 19, iters: 1216, time: 0.488, data: 0.001) G_GAN_ViT: 0.323 D_real_ViT: 0.288 D_fake_ViT: 0.240 global: 0.382 spatial: 0.084 
(epoch: 19, iters: 1316, time: 0.488, data: 0.001) G_GAN_ViT: 0.357 D_real_ViT: 0.217 D_fake_ViT: 0.225 global: 0.494 spatial: 0.075 
(epoch: 19, iters: 1416, time: 0.488, data: 0.001) G_GAN_ViT: 0.403 D_real_ViT: 0.379 D_fake_ViT: 0.189 global: 0.339 spatial: 0.083 
(epoch: 19, iters: 1516, time: 0.488, data: 0.001) G_GAN_ViT: 0.367 D_real_ViT: 0.293 D_fake_ViT: 0.210 global: 0.409 spatial: 0.081 
(epoch: 19, iters: 1616, time: 0.488, data: 0.001) G_GAN_ViT: 0.357 D_real_ViT: 0.315 D_fake_ViT: 0.225 global: 0.404 spatial: 0.085 
(epoch: 19, iters: 1716, time: 0.488, data: 0.001) G_GAN_ViT: 0.359 D_real_ViT: 0.182 D_fake_ViT: 0.223 global: 0.471 spatial: 0.091 
(epoch: 19, iters: 1816, time: 0.486, data: 0.001) G_GAN_ViT: 0.257 D_real_ViT: 0.123 D_fake_ViT: 0.324 global: 0.490 spatial: 0.080 
(epoch: 19, iters: 1916, time: 0.488, data: 0.001) G_GAN_ViT: 0.616 D_real_ViT: 0.169 D_fake_ViT: 0.109 global: 0.435 spatial: 0.085 
(epoch: 19, iters: 2016, time: 0.488, data: 0.001) G_GAN_ViT: 0.419 D_real_ViT: 0.086 D_fake_ViT: 0.187 global: 0.356 spatial: 0.092 
(epoch: 19, iters: 2116, time: 0.488, data: 0.001) G_GAN_ViT: 0.464 D_real_ViT: 0.037 D_fake_ViT: 0.158 global: 0.393 spatial: 0.092 
(epoch: 19, iters: 2216, time: 0.489, data: 0.001) G_GAN_ViT: 0.430 D_real_ViT: 0.185 D_fake_ViT: 0.165 global: 0.428 spatial: 0.080 
(epoch: 19, iters: 2316, time: 0.489, data: 0.001) G_GAN_ViT: 0.472 D_real_ViT: 0.268 D_fake_ViT: 0.160 global: 0.616 spatial: 0.094 
(epoch: 19, iters: 2416, time: 0.488, data: 0.001) G_GAN_ViT: 0.417 D_real_ViT: 0.344 D_fake_ViT: 0.176 global: 0.401 spatial: 0.071 
(epoch: 19, iters: 2516, time: 0.489, data: 0.001) G_GAN_ViT: 0.486 D_real_ViT: 0.169 D_fake_ViT: 0.135 global: 0.424 spatial: 0.101 
(epoch: 19, iters: 2616, time: 0.489, data: 0.001) G_GAN_ViT: 0.379 D_real_ViT: 0.165 D_fake_ViT: 0.231 global: 0.424 spatial: 0.100 
(epoch: 19, iters: 2716, time: 0.489, data: 0.001) G_GAN_ViT: 0.265 D_real_ViT: 0.243 D_fake_ViT: 0.328 global: 0.513 spatial: 0.089 
(epoch: 19, iters: 2816, time: 0.489, data: 0.001) G_GAN_ViT: 0.443 D_real_ViT: 0.313 D_fake_ViT: 0.186 global: 0.413 spatial: 0.102 
(epoch: 19, iters: 2916, time: 0.489, data: 0.001) G_GAN_ViT: 0.423 D_real_ViT: 0.090 D_fake_ViT: 0.174 global: 0.331 spatial: 0.058 
(epoch: 19, iters: 3016, time: 0.489, data: 0.001) G_GAN_ViT: 0.369 D_real_ViT: 0.102 D_fake_ViT: 0.214 global: 0.434 spatial: 0.077 
(epoch: 19, iters: 3116, time: 0.489, data: 0.001) G_GAN_ViT: 0.397 D_real_ViT: 0.382 D_fake_ViT: 0.190 global: 0.309 spatial: 0.065 
(epoch: 19, iters: 3216, time: 0.489, data: 0.001) G_GAN_ViT: 0.508 D_real_ViT: 0.232 D_fake_ViT: 0.136 global: 0.314 spatial: 0.077 
(epoch: 19, iters: 3316, time: 0.489, data: 0.001) G_GAN_ViT: 0.463 D_real_ViT: 0.271 D_fake_ViT: 0.144 global: 0.417 spatial: 0.082 
(epoch: 19, iters: 3416, time: 0.489, data: 0.002) G_GAN_ViT: 0.361 D_real_ViT: 0.241 D_fake_ViT: 0.225 global: 0.441 spatial: 0.074 
(epoch: 19, iters: 3516, time: 0.489, data: 0.001) G_GAN_ViT: 0.478 D_real_ViT: 0.109 D_fake_ViT: 0.150 global: 0.353 spatial: 0.072 
(epoch: 19, iters: 3616, time: 0.489, data: 0.001) G_GAN_ViT: 0.460 D_real_ViT: 0.270 D_fake_ViT: 0.144 global: 0.360 spatial: 0.075 
(epoch: 19, iters: 3716, time: 0.489, data: 0.001) G_GAN_ViT: 0.495 D_real_ViT: 0.448 D_fake_ViT: 0.138 global: 0.450 spatial: 0.079 
(epoch: 19, iters: 3816, time: 0.489, data: 0.001) G_GAN_ViT: 0.505 D_real_ViT: 0.208 D_fake_ViT: 0.138 global: 0.267 spatial: 0.059 
(epoch: 19, iters: 3916, time: 0.489, data: 0.001) G_GAN_ViT: 0.473 D_real_ViT: 0.140 D_fake_ViT: 0.164 global: 0.450 spatial: 0.118 
(epoch: 19, iters: 4016, time: 0.489, data: 0.001) G_GAN_ViT: 0.337 D_real_ViT: 0.159 D_fake_ViT: 0.224 global: 0.405 spatial: 0.074 
(epoch: 19, iters: 4116, time: 0.488, data: 0.001) G_GAN_ViT: 0.443 D_real_ViT: 0.237 D_fake_ViT: 0.167 global: 0.342 spatial: 0.072 
(epoch: 19, iters: 4216, time: 0.488, data: 0.001) G_GAN_ViT: 0.351 D_real_ViT: 0.123 D_fake_ViT: 0.224 global: 0.286 spatial: 0.064 
(epoch: 19, iters: 4316, time: 0.489, data: 0.001) G_GAN_ViT: 0.348 D_real_ViT: 0.227 D_fake_ViT: 0.231 global: 0.370 spatial: 0.091 
(epoch: 19, iters: 4416, time: 0.489, data: 0.001) G_GAN_ViT: 0.623 D_real_ViT: 0.102 D_fake_ViT: 0.089 global: 0.297 spatial: 0.079 
(epoch: 19, iters: 4516, time: 0.489, data: 0.001) G_GAN_ViT: 0.582 D_real_ViT: 0.192 D_fake_ViT: 0.111 global: 0.421 spatial: 0.086 
(epoch: 19, iters: 4616, time: 0.488, data: 0.001) G_GAN_ViT: 0.365 D_real_ViT: 0.222 D_fake_ViT: 0.217 global: 0.333 spatial: 0.073 
(epoch: 19, iters: 4716, time: 0.488, data: 0.001) G_GAN_ViT: 0.417 D_real_ViT: 0.157 D_fake_ViT: 0.177 global: 0.324 spatial: 0.073 
(epoch: 19, iters: 4816, time: 0.488, data: 0.001) G_GAN_ViT: 0.311 D_real_ViT: 0.150 D_fake_ViT: 0.255 global: 0.488 spatial: 0.092 
(epoch: 19, iters: 4916, time: 0.488, data: 0.001) G_GAN_ViT: 0.367 D_real_ViT: 0.108 D_fake_ViT: 0.209 global: 0.520 spatial: 0.080 
(epoch: 19, iters: 5016, time: 0.488, data: 0.001) G_GAN_ViT: 0.459 D_real_ViT: 0.319 D_fake_ViT: 0.152 global: 0.432 spatial: 0.079 
(epoch: 19, iters: 5116, time: 0.488, data: 0.001) G_GAN_ViT: 0.439 D_real_ViT: 0.206 D_fake_ViT: 0.166 global: 0.317 spatial: 0.077 
(epoch: 19, iters: 5216, time: 0.487, data: 0.001) G_GAN_ViT: 0.448 D_real_ViT: 0.091 D_fake_ViT: 0.154 global: 0.326 spatial: 0.075 
(epoch: 19, iters: 5316, time: 0.488, data: 0.001) G_GAN_ViT: 0.383 D_real_ViT: 0.166 D_fake_ViT: 0.202 global: 0.347 spatial: 0.081 
saving the latest model (epoch 19, total_iters 105000)
ICL_single_traffic_city
(epoch: 19, iters: 5416, time: 0.488, data: 0.001) G_GAN_ViT: 0.364 D_real_ViT: 0.292 D_fake_ViT: 0.205 global: 0.300 spatial: 0.064 
(epoch: 19, iters: 5516, time: 0.488, data: 0.001) G_GAN_ViT: 0.452 D_real_ViT: 0.031 D_fake_ViT: 0.159 global: 0.315 spatial: 0.079 
End of epoch 19 / 100 	 Time Taken: 2714 sec
learning rate = 0.0000100
(epoch: 20, iters: 78, time: 0.488, data: 0.001) G_GAN_ViT: 0.492 D_real_ViT: 0.108 D_fake_ViT: 0.139 global: 0.337 spatial: 0.077 
(epoch: 20, iters: 178, time: 0.489, data: 0.001) G_GAN_ViT: 0.349 D_real_ViT: 0.187 D_fake_ViT: 0.228 global: 0.557 spatial: 0.083 
(epoch: 20, iters: 278, time: 0.489, data: 0.001) G_GAN_ViT: 0.587 D_real_ViT: 0.079 D_fake_ViT: 0.115 global: 0.428 spatial: 0.070 
(epoch: 20, iters: 378, time: 0.489, data: 0.001) G_GAN_ViT: 0.556 D_real_ViT: 0.113 D_fake_ViT: 0.112 global: 0.405 spatial: 0.084 
(epoch: 20, iters: 478, time: 0.489, data: 0.001) G_GAN_ViT: 0.449 D_real_ViT: 0.162 D_fake_ViT: 0.155 global: 0.361 spatial: 0.087 
(epoch: 20, iters: 578, time: 0.488, data: 0.001) G_GAN_ViT: 0.581 D_real_ViT: 0.170 D_fake_ViT: 0.119 global: 0.432 spatial: 0.081 
(epoch: 20, iters: 678, time: 0.488, data: 0.001) G_GAN_ViT: 0.375 D_real_ViT: 0.209 D_fake_ViT: 0.220 global: 0.440 spatial: 0.080 
(epoch: 20, iters: 778, time: 0.488, data: 0.001) G_GAN_ViT: 0.430 D_real_ViT: 0.320 D_fake_ViT: 0.178 global: 0.513 spatial: 0.082 
(epoch: 20, iters: 878, time: 0.488, data: 0.001) G_GAN_ViT: 0.433 D_real_ViT: 0.127 D_fake_ViT: 0.168 global: 0.452 spatial: 0.083 
(epoch: 20, iters: 978, time: 0.488, data: 0.001) G_GAN_ViT: 0.366 D_real_ViT: 0.231 D_fake_ViT: 0.243 global: 0.384 spatial: 0.099 
(epoch: 20, iters: 1078, time: 0.488, data: 0.001) G_GAN_ViT: 0.251 D_real_ViT: 0.139 D_fake_ViT: 0.336 global: 0.512 spatial: 0.092 
(epoch: 20, iters: 1178, time: 0.488, data: 0.001) G_GAN_ViT: 0.335 D_real_ViT: 0.380 D_fake_ViT: 0.235 global: 0.527 spatial: 0.088 
(epoch: 20, iters: 1278, time: 0.488, data: 0.001) G_GAN_ViT: 0.220 D_real_ViT: 0.213 D_fake_ViT: 0.359 global: 0.459 spatial: 0.091 
(epoch: 20, iters: 1378, time: 0.488, data: 0.001) G_GAN_ViT: 0.393 D_real_ViT: 0.209 D_fake_ViT: 0.219 global: 0.578 spatial: 0.080 
(epoch: 20, iters: 1478, time: 0.488, data: 0.001) G_GAN_ViT: 0.283 D_real_ViT: 0.242 D_fake_ViT: 0.282 global: 0.509 spatial: 0.078 
(epoch: 20, iters: 1578, time: 0.489, data: 0.001) G_GAN_ViT: 0.423 D_real_ViT: 0.254 D_fake_ViT: 0.155 global: 0.330 spatial: 0.076 
(epoch: 20, iters: 1678, time: 0.489, data: 0.001) G_GAN_ViT: 0.456 D_real_ViT: 0.155 D_fake_ViT: 0.164 global: 0.365 spatial: 0.081 
(epoch: 20, iters: 1778, time: 0.489, data: 0.001) G_GAN_ViT: 0.385 D_real_ViT: 0.187 D_fake_ViT: 0.206 global: 0.464 spatial: 0.081 
(epoch: 20, iters: 1878, time: 0.489, data: 0.001) G_GAN_ViT: 0.358 D_real_ViT: 0.150 D_fake_ViT: 0.214 global: 0.482 spatial: 0.071 
(epoch: 20, iters: 1978, time: 0.488, data: 0.001) G_GAN_ViT: 0.519 D_real_ViT: 0.317 D_fake_ViT: 0.107 global: 0.287 spatial: 0.067 
(epoch: 20, iters: 2078, time: 0.489, data: 0.001) G_GAN_ViT: 0.395 D_real_ViT: 0.224 D_fake_ViT: 0.187 global: 0.283 spatial: 0.065 
(epoch: 20, iters: 2178, time: 0.489, data: 0.001) G_GAN_ViT: 0.408 D_real_ViT: 0.169 D_fake_ViT: 0.176 global: 0.420 spatial: 0.075 
(epoch: 20, iters: 2278, time: 0.489, data: 0.001) G_GAN_ViT: 0.392 D_real_ViT: 0.168 D_fake_ViT: 0.196 global: 0.446 spatial: 0.074 
(epoch: 20, iters: 2378, time: 0.489, data: 0.001) G_GAN_ViT: 0.380 D_real_ViT: 0.177 D_fake_ViT: 0.207 global: 0.414 spatial: 0.095 
(epoch: 20, iters: 2478, time: 0.489, data: 0.001) G_GAN_ViT: 0.434 D_real_ViT: 0.258 D_fake_ViT: 0.163 global: 0.341 spatial: 0.072 
(epoch: 20, iters: 2578, time: 0.488, data: 0.001) G_GAN_ViT: 0.426 D_real_ViT: 0.200 D_fake_ViT: 0.169 global: 0.361 spatial: 0.075 
(epoch: 20, iters: 2678, time: 0.488, data: 0.001) G_GAN_ViT: 0.462 D_real_ViT: 0.186 D_fake_ViT: 0.167 global: 0.378 spatial: 0.082 
(epoch: 20, iters: 2778, time: 0.488, data: 0.001) G_GAN_ViT: 0.415 D_real_ViT: 0.191 D_fake_ViT: 0.192 global: 0.277 spatial: 0.061 
(epoch: 20, iters: 2878, time: 0.488, data: 0.001) G_GAN_ViT: 0.426 D_real_ViT: 0.167 D_fake_ViT: 0.168 global: 0.438 spatial: 0.089 
(epoch: 20, iters: 2978, time: 0.488, data: 0.001) G_GAN_ViT: 0.439 D_real_ViT: 0.154 D_fake_ViT: 0.170 global: 0.314 spatial: 0.067 
(epoch: 20, iters: 3078, time: 0.488, data: 0.001) G_GAN_ViT: 0.500 D_real_ViT: 0.193 D_fake_ViT: 0.141 global: 0.338 spatial: 0.077 
(epoch: 20, iters: 3178, time: 0.488, data: 0.001) G_GAN_ViT: 0.358 D_real_ViT: 0.247 D_fake_ViT: 0.223 global: 0.338 spatial: 0.080 
(epoch: 20, iters: 3278, time: 0.489, data: 0.001) G_GAN_ViT: 0.397 D_real_ViT: 0.299 D_fake_ViT: 0.200 global: 0.559 spatial: 0.092 
(epoch: 20, iters: 3378, time: 0.488, data: 0.001) G_GAN_ViT: 0.307 D_real_ViT: 0.125 D_fake_ViT: 0.277 global: 0.452 spatial: 0.090 
(epoch: 20, iters: 3478, time: 0.488, data: 0.001) G_GAN_ViT: 0.371 D_real_ViT: 0.296 D_fake_ViT: 0.201 global: 0.373 spatial: 0.078 
(epoch: 20, iters: 3578, time: 0.489, data: 0.001) G_GAN_ViT: 0.391 D_real_ViT: 0.274 D_fake_ViT: 0.196 global: 0.355 spatial: 0.089 
(epoch: 20, iters: 3678, time: 0.489, data: 0.001) G_GAN_ViT: 0.427 D_real_ViT: 0.253 D_fake_ViT: 0.171 global: 0.336 spatial: 0.075 
(epoch: 20, iters: 3778, time: 0.489, data: 0.001) G_GAN_ViT: 0.410 D_real_ViT: 0.127 D_fake_ViT: 0.197 global: 0.426 spatial: 0.084 
(epoch: 20, iters: 3878, time: 0.489, data: 0.002) G_GAN_ViT: 0.452 D_real_ViT: 0.167 D_fake_ViT: 0.177 global: 0.533 spatial: 0.079 
(epoch: 20, iters: 3978, time: 0.489, data: 0.001) G_GAN_ViT: 0.452 D_real_ViT: 0.184 D_fake_ViT: 0.152 global: 0.364 spatial: 0.079 
(epoch: 20, iters: 4078, time: 0.489, data: 0.001) G_GAN_ViT: 0.363 D_real_ViT: 0.160 D_fake_ViT: 0.230 global: 0.363 spatial: 0.062 
(epoch: 20, iters: 4178, time: 0.489, data: 0.001) G_GAN_ViT: 0.244 D_real_ViT: 0.173 D_fake_ViT: 0.332 global: 0.506 spatial: 0.081 
(epoch: 20, iters: 4278, time: 0.488, data: 0.001) G_GAN_ViT: 0.510 D_real_ViT: 0.097 D_fake_ViT: 0.121 global: 0.324 spatial: 0.066 
(epoch: 20, iters: 4378, time: 0.488, data: 0.001) G_GAN_ViT: 0.430 D_real_ViT: 0.183 D_fake_ViT: 0.175 global: 0.475 spatial: 0.094 
(epoch: 20, iters: 4478, time: 0.488, data: 0.001) G_GAN_ViT: 0.388 D_real_ViT: 0.099 D_fake_ViT: 0.205 global: 0.368 spatial: 0.093 
(epoch: 20, iters: 4578, time: 0.489, data: 0.001) G_GAN_ViT: 0.355 D_real_ViT: 0.191 D_fake_ViT: 0.235 global: 0.513 spatial: 0.092 
(epoch: 20, iters: 4678, time: 0.488, data: 0.002) G_GAN_ViT: 0.425 D_real_ViT: 0.175 D_fake_ViT: 0.171 global: 0.339 spatial: 0.072 
(epoch: 20, iters: 4778, time: 0.488, data: 0.001) G_GAN_ViT: 0.476 D_real_ViT: 0.115 D_fake_ViT: 0.145 global: 0.368 spatial: 0.087 
saving the latest model (epoch 20, total_iters 110000)
ICL_single_traffic_city
(epoch: 20, iters: 4878, time: 0.489, data: 0.002) G_GAN_ViT: 0.546 D_real_ViT: 0.037 D_fake_ViT: 0.120 global: 0.341 spatial: 0.080 
(epoch: 20, iters: 4978, time: 0.489, data: 0.001) G_GAN_ViT: 0.561 D_real_ViT: 0.171 D_fake_ViT: 0.104 global: 0.349 spatial: 0.074 
(epoch: 20, iters: 5078, time: 0.489, data: 0.001) G_GAN_ViT: 0.416 D_real_ViT: 0.276 D_fake_ViT: 0.184 global: 0.497 spatial: 0.090 
(epoch: 20, iters: 5178, time: 0.489, data: 0.001) G_GAN_ViT: 0.370 D_real_ViT: 0.242 D_fake_ViT: 0.212 global: 0.373 spatial: 0.068 
(epoch: 20, iters: 5278, time: 0.489, data: 0.001) G_GAN_ViT: 0.422 D_real_ViT: 0.042 D_fake_ViT: 0.180 global: 0.431 spatial: 0.080 
(epoch: 20, iters: 5378, time: 0.489, data: 0.001) G_GAN_ViT: 0.466 D_real_ViT: 0.218 D_fake_ViT: 0.137 global: 0.304 spatial: 0.066 
(epoch: 20, iters: 5478, time: 0.489, data: 0.001) G_GAN_ViT: 0.548 D_real_ViT: 0.184 D_fake_ViT: 0.105 global: 0.374 spatial: 0.083 
saving the model at the end of epoch 20, iters 110760
End of epoch 20 / 100 	 Time Taken: 2715 sec
learning rate = 0.0000100
(epoch: 21, iters: 40, time: 0.489, data: 0.001) G_GAN_ViT: 0.508 D_real_ViT: 0.216 D_fake_ViT: 0.129 global: 0.322 spatial: 0.072 
(epoch: 21, iters: 140, time: 0.489, data: 0.002) G_GAN_ViT: 0.431 D_real_ViT: 0.120 D_fake_ViT: 0.184 global: 0.569 spatial: 0.085 
(epoch: 21, iters: 240, time: 0.490, data: 0.001) G_GAN_ViT: 0.429 D_real_ViT: 0.143 D_fake_ViT: 0.204 global: 0.518 spatial: 0.091 
(epoch: 21, iters: 340, time: 0.490, data: 0.001) G_GAN_ViT: 0.389 D_real_ViT: 0.156 D_fake_ViT: 0.204 global: 0.287 spatial: 0.078 
(epoch: 21, iters: 440, time: 0.489, data: 0.001) G_GAN_ViT: 0.297 D_real_ViT: 0.214 D_fake_ViT: 0.304 global: 0.439 spatial: 0.075 
(epoch: 21, iters: 540, time: 0.489, data: 0.001) G_GAN_ViT: 0.342 D_real_ViT: 0.167 D_fake_ViT: 0.231 global: 0.347 spatial: 0.069 
(epoch: 21, iters: 640, time: 0.489, data: 0.001) G_GAN_ViT: 0.405 D_real_ViT: 0.093 D_fake_ViT: 0.188 global: 0.348 spatial: 0.062 
(epoch: 21, iters: 740, time: 0.489, data: 0.001) G_GAN_ViT: 0.369 D_real_ViT: 0.130 D_fake_ViT: 0.202 global: 0.281 spatial: 0.066 
(epoch: 21, iters: 840, time: 0.490, data: 0.001) G_GAN_ViT: 0.271 D_real_ViT: 0.207 D_fake_ViT: 0.309 global: 0.488 spatial: 0.090 
(epoch: 21, iters: 940, time: 0.489, data: 0.001) G_GAN_ViT: 0.364 D_real_ViT: 0.249 D_fake_ViT: 0.244 global: 0.516 spatial: 0.085 
(epoch: 21, iters: 1040, time: 0.489, data: 0.001) G_GAN_ViT: 0.312 D_real_ViT: 0.369 D_fake_ViT: 0.265 global: 0.511 spatial: 0.083 
(epoch: 21, iters: 1140, time: 0.489, data: 0.002) G_GAN_ViT: 0.339 D_real_ViT: 0.163 D_fake_ViT: 0.236 global: 0.553 spatial: 0.089 
(epoch: 21, iters: 1240, time: 0.489, data: 0.001) G_GAN_ViT: 0.471 D_real_ViT: 0.279 D_fake_ViT: 0.133 global: 0.318 spatial: 0.059 
(epoch: 21, iters: 1340, time: 0.487, data: 0.001) G_GAN_ViT: 0.396 D_real_ViT: 0.258 D_fake_ViT: 0.181 global: 0.313 spatial: 0.072 
(epoch: 21, iters: 1440, time: 0.488, data: 0.001) G_GAN_ViT: 0.432 D_real_ViT: 0.168 D_fake_ViT: 0.166 global: 0.335 spatial: 0.082 
(epoch: 21, iters: 1540, time: 0.489, data: 0.001) G_GAN_ViT: 0.319 D_real_ViT: 0.373 D_fake_ViT: 0.261 global: 0.531 spatial: 0.091 
(epoch: 21, iters: 1640, time: 0.489, data: 0.001) G_GAN_ViT: 0.463 D_real_ViT: 0.260 D_fake_ViT: 0.151 global: 0.370 spatial: 0.063 
(epoch: 21, iters: 1740, time: 0.489, data: 0.001) G_GAN_ViT: 0.352 D_real_ViT: 0.413 D_fake_ViT: 0.214 global: 0.333 spatial: 0.075 
(epoch: 21, iters: 1840, time: 0.489, data: 0.001) G_GAN_ViT: 0.484 D_real_ViT: 0.159 D_fake_ViT: 0.142 global: 0.338 spatial: 0.062 
(epoch: 21, iters: 1940, time: 0.489, data: 0.001) G_GAN_ViT: 0.538 D_real_ViT: 0.295 D_fake_ViT: 0.124 global: 0.407 spatial: 0.091 
(epoch: 21, iters: 2040, time: 0.489, data: 0.001) G_GAN_ViT: 0.471 D_real_ViT: 0.135 D_fake_ViT: 0.146 global: 0.307 spatial: 0.075 
(epoch: 21, iters: 2140, time: 0.490, data: 0.001) G_GAN_ViT: 0.496 D_real_ViT: 0.097 D_fake_ViT: 0.145 global: 0.384 spatial: 0.084 
(epoch: 21, iters: 2240, time: 0.489, data: 0.001) G_GAN_ViT: 0.357 D_real_ViT: 0.150 D_fake_ViT: 0.201 global: 0.467 spatial: 0.083 
(epoch: 21, iters: 2340, time: 0.489, data: 0.003) G_GAN_ViT: 0.502 D_real_ViT: 0.170 D_fake_ViT: 0.130 global: 0.326 spatial: 0.070 
(epoch: 21, iters: 2440, time: 0.489, data: 0.001) G_GAN_ViT: 0.423 D_real_ViT: 0.144 D_fake_ViT: 0.176 global: 0.331 spatial: 0.069 
(epoch: 21, iters: 2540, time: 0.489, data: 0.001) G_GAN_ViT: 0.382 D_real_ViT: 0.230 D_fake_ViT: 0.203 global: 0.407 spatial: 0.088 
(epoch: 21, iters: 2640, time: 0.490, data: 0.001) G_GAN_ViT: 0.328 D_real_ViT: 0.108 D_fake_ViT: 0.243 global: 0.465 spatial: 0.082 
(epoch: 21, iters: 2740, time: 0.490, data: 0.001) G_GAN_ViT: 0.433 D_real_ViT: 0.307 D_fake_ViT: 0.174 global: 0.478 spatial: 0.090 
(epoch: 21, iters: 2840, time: 0.490, data: 0.001) G_GAN_ViT: 0.455 D_real_ViT: 0.273 D_fake_ViT: 0.181 global: 0.492 spatial: 0.094 
(epoch: 21, iters: 2940, time: 0.489, data: 0.001) G_GAN_ViT: 0.380 D_real_ViT: 0.153 D_fake_ViT: 0.196 global: 0.367 spatial: 0.074 
(epoch: 21, iters: 3040, time: 0.489, data: 0.001) G_GAN_ViT: 0.485 D_real_ViT: 0.114 D_fake_ViT: 0.142 global: 0.373 spatial: 0.094 
(epoch: 21, iters: 3140, time: 0.490, data: 0.001) G_GAN_ViT: 0.551 D_real_ViT: 0.128 D_fake_ViT: 0.110 global: 0.305 spatial: 0.070 
(epoch: 21, iters: 3240, time: 0.489, data: 0.001) G_GAN_ViT: 0.607 D_real_ViT: 0.235 D_fake_ViT: 0.131 global: 0.357 spatial: 0.086 
(epoch: 21, iters: 3340, time: 0.490, data: 0.001) G_GAN_ViT: 0.208 D_real_ViT: 0.193 D_fake_ViT: 0.369 global: 0.575 spatial: 0.090 
(epoch: 21, iters: 3440, time: 0.490, data: 0.001) G_GAN_ViT: 0.394 D_real_ViT: 0.224 D_fake_ViT: 0.231 global: 0.420 spatial: 0.112 
(epoch: 21, iters: 3540, time: 0.489, data: 0.001) G_GAN_ViT: 0.315 D_real_ViT: 0.229 D_fake_ViT: 0.271 global: 0.323 spatial: 0.086 
(epoch: 21, iters: 3640, time: 0.489, data: 0.001) G_GAN_ViT: 0.498 D_real_ViT: 0.038 D_fake_ViT: 0.146 global: 0.452 spatial: 0.077 
(epoch: 21, iters: 3740, time: 0.489, data: 0.001) G_GAN_ViT: 0.470 D_real_ViT: 0.181 D_fake_ViT: 0.135 global: 0.326 spatial: 0.070 
(epoch: 21, iters: 3840, time: 0.489, data: 0.001) G_GAN_ViT: 0.474 D_real_ViT: 0.246 D_fake_ViT: 0.138 global: 0.343 spatial: 0.073 
(epoch: 21, iters: 3940, time: 0.490, data: 0.001) G_GAN_ViT: 0.474 D_real_ViT: 0.198 D_fake_ViT: 0.149 global: 0.278 spatial: 0.069 
(epoch: 21, iters: 4040, time: 0.490, data: 0.001) G_GAN_ViT: 0.463 D_real_ViT: 0.175 D_fake_ViT: 0.151 global: 0.273 spatial: 0.063 
(epoch: 21, iters: 4140, time: 0.488, data: 0.002) G_GAN_ViT: 0.401 D_real_ViT: 0.137 D_fake_ViT: 0.183 global: 0.326 spatial: 0.069 
(epoch: 21, iters: 4240, time: 0.489, data: 0.001) G_GAN_ViT: 0.524 D_real_ViT: 0.319 D_fake_ViT: 0.128 global: 0.451 spatial: 0.094 
saving the latest model (epoch 21, total_iters 115000)
ICL_single_traffic_city
(epoch: 21, iters: 4340, time: 0.489, data: 0.001) G_GAN_ViT: 0.564 D_real_ViT: 0.304 D_fake_ViT: 0.127 global: 0.369 spatial: 0.081 
(epoch: 21, iters: 4440, time: 0.489, data: 0.001) G_GAN_ViT: 0.555 D_real_ViT: 0.145 D_fake_ViT: 0.106 global: 0.313 spatial: 0.078 
(epoch: 21, iters: 4540, time: 0.489, data: 0.001) G_GAN_ViT: 0.436 D_real_ViT: 0.197 D_fake_ViT: 0.166 global: 0.371 spatial: 0.101 
(epoch: 21, iters: 4640, time: 0.489, data: 0.001) G_GAN_ViT: 0.353 D_real_ViT: 0.163 D_fake_ViT: 0.226 global: 0.518 spatial: 0.093 
(epoch: 21, iters: 4740, time: 0.489, data: 0.001) G_GAN_ViT: 0.417 D_real_ViT: 0.178 D_fake_ViT: 0.168 global: 0.310 spatial: 0.079 
(epoch: 21, iters: 4840, time: 0.489, data: 0.001) G_GAN_ViT: 0.440 D_real_ViT: 0.242 D_fake_ViT: 0.173 global: 0.400 spatial: 0.094 
(epoch: 21, iters: 4940, time: 0.490, data: 0.001) G_GAN_ViT: 0.447 D_real_ViT: 0.318 D_fake_ViT: 0.156 global: 0.334 spatial: 0.084 
(epoch: 21, iters: 5040, time: 0.490, data: 0.001) G_GAN_ViT: 0.596 D_real_ViT: 0.214 D_fake_ViT: 0.097 global: 0.330 spatial: 0.073 
(epoch: 21, iters: 5140, time: 0.489, data: 0.001) G_GAN_ViT: 0.429 D_real_ViT: 0.160 D_fake_ViT: 0.187 global: 0.341 spatial: 0.072 
(epoch: 21, iters: 5240, time: 0.489, data: 0.001) G_GAN_ViT: 0.465 D_real_ViT: 0.102 D_fake_ViT: 0.141 global: 0.299 spatial: 0.062 
(epoch: 21, iters: 5340, time: 0.489, data: 0.001) G_GAN_ViT: 0.400 D_real_ViT: 0.197 D_fake_ViT: 0.178 global: 0.298 spatial: 0.069 
(epoch: 21, iters: 5440, time: 0.489, data: 0.002) G_GAN_ViT: 0.358 D_real_ViT: 0.197 D_fake_ViT: 0.209 global: 0.296 spatial: 0.067 
End of epoch 21 / 100 	 Time Taken: 2718 sec
learning rate = 0.0000100
(epoch: 22, iters: 2, time: 0.490, data: 0.001) G_GAN_ViT: 0.251 D_real_ViT: 0.230 D_fake_ViT: 0.324 global: 0.505 spatial: 0.101 
(epoch: 22, iters: 102, time: 0.490, data: 0.005) G_GAN_ViT: 0.405 D_real_ViT: 0.177 D_fake_ViT: 0.197 global: 0.290 spatial: 0.076 
(epoch: 22, iters: 202, time: 0.490, data: 0.005) G_GAN_ViT: 0.432 D_real_ViT: 0.336 D_fake_ViT: 0.177 global: 0.419 spatial: 0.070 
(epoch: 22, iters: 302, time: 0.490, data: 0.001) G_GAN_ViT: 0.378 D_real_ViT: 0.217 D_fake_ViT: 0.216 global: 0.384 spatial: 0.082 
(epoch: 22, iters: 402, time: 0.490, data: 0.001) G_GAN_ViT: 0.424 D_real_ViT: 0.198 D_fake_ViT: 0.168 global: 0.310 spatial: 0.064 
(epoch: 22, iters: 502, time: 0.489, data: 0.001) G_GAN_ViT: 0.358 D_real_ViT: 0.178 D_fake_ViT: 0.257 global: 0.418 spatial: 0.113 
(epoch: 22, iters: 602, time: 0.489, data: 0.001) G_GAN_ViT: 0.483 D_real_ViT: 0.036 D_fake_ViT: 0.142 global: 0.332 spatial: 0.071 
(epoch: 22, iters: 702, time: 0.489, data: 0.001) G_GAN_ViT: 0.593 D_real_ViT: 0.185 D_fake_ViT: 0.111 global: 0.337 spatial: 0.076 
(epoch: 22, iters: 802, time: 0.490, data: 0.001) G_GAN_ViT: 0.574 D_real_ViT: 0.223 D_fake_ViT: 0.113 global: 0.431 spatial: 0.073 
(epoch: 22, iters: 902, time: 0.489, data: 0.001) G_GAN_ViT: 0.569 D_real_ViT: 0.148 D_fake_ViT: 0.098 global: 0.263 spatial: 0.063 
(epoch: 22, iters: 1002, time: 0.489, data: 0.001) G_GAN_ViT: 0.334 D_real_ViT: 0.299 D_fake_ViT: 0.256 global: 0.508 spatial: 0.096 
(epoch: 22, iters: 1102, time: 0.489, data: 0.001) G_GAN_ViT: 0.395 D_real_ViT: 0.206 D_fake_ViT: 0.184 global: 0.454 spatial: 0.088 
(epoch: 22, iters: 1202, time: 0.489, data: 0.001) G_GAN_ViT: 0.456 D_real_ViT: 0.266 D_fake_ViT: 0.153 global: 0.385 spatial: 0.094 
(epoch: 22, iters: 1302, time: 0.489, data: 0.001) G_GAN_ViT: 0.594 D_real_ViT: 0.240 D_fake_ViT: 0.097 global: 0.369 spatial: 0.085 
(epoch: 22, iters: 1402, time: 0.488, data: 0.001) G_GAN_ViT: 0.547 D_real_ViT: 0.238 D_fake_ViT: 0.099 global: 0.315 spatial: 0.059 
(epoch: 22, iters: 1502, time: 0.489, data: 0.001) G_GAN_ViT: 0.436 D_real_ViT: 0.374 D_fake_ViT: 0.165 global: 0.378 spatial: 0.067 
(epoch: 22, iters: 1602, time: 0.489, data: 0.001) G_GAN_ViT: 0.321 D_real_ViT: 0.230 D_fake_ViT: 0.251 global: 0.380 spatial: 0.087 
(epoch: 22, iters: 1702, time: 0.489, data: 0.001) G_GAN_ViT: 0.481 D_real_ViT: 0.247 D_fake_ViT: 0.145 global: 0.323 spatial: 0.062 
(epoch: 22, iters: 1802, time: 0.489, data: 0.001) G_GAN_ViT: 0.273 D_real_ViT: 0.103 D_fake_ViT: 0.295 global: 0.445 spatial: 0.083 
(epoch: 22, iters: 1902, time: 0.488, data: 0.001) G_GAN_ViT: 0.759 D_real_ViT: 0.133 D_fake_ViT: 0.098 global: 0.550 spatial: 0.105 
(epoch: 22, iters: 2002, time: 0.488, data: 0.001) G_GAN_ViT: 0.484 D_real_ViT: 0.147 D_fake_ViT: 0.155 global: 0.395 spatial: 0.085 
(epoch: 22, iters: 2102, time: 0.488, data: 0.002) G_GAN_ViT: 0.378 D_real_ViT: 0.188 D_fake_ViT: 0.196 global: 0.317 spatial: 0.077 
(epoch: 22, iters: 2202, time: 0.488, data: 0.001) G_GAN_ViT: 0.359 D_real_ViT: 0.074 D_fake_ViT: 0.224 global: 0.330 spatial: 0.069 
(epoch: 22, iters: 2302, time: 0.488, data: 0.001) G_GAN_ViT: 0.457 D_real_ViT: 0.146 D_fake_ViT: 0.163 global: 0.313 spatial: 0.080 
(epoch: 22, iters: 2402, time: 0.489, data: 0.001) G_GAN_ViT: 0.352 D_real_ViT: 0.100 D_fake_ViT: 0.229 global: 0.525 spatial: 0.078 
(epoch: 22, iters: 2502, time: 0.489, data: 0.001) G_GAN_ViT: 0.403 D_real_ViT: 0.123 D_fake_ViT: 0.187 global: 0.464 spatial: 0.076 
(epoch: 22, iters: 2602, time: 0.489, data: 0.001) G_GAN_ViT: 0.429 D_real_ViT: 0.129 D_fake_ViT: 0.166 global: 0.391 spatial: 0.081 
(epoch: 22, iters: 2702, time: 0.489, data: 0.001) G_GAN_ViT: 0.393 D_real_ViT: 0.116 D_fake_ViT: 0.208 global: 0.400 spatial: 0.066 
(epoch: 22, iters: 2802, time: 0.489, data: 0.001) G_GAN_ViT: 0.471 D_real_ViT: 0.157 D_fake_ViT: 0.147 global: 0.336 spatial: 0.074 
(epoch: 22, iters: 2902, time: 0.489, data: 0.001) G_GAN_ViT: 0.541 D_real_ViT: 0.103 D_fake_ViT: 0.111 global: 0.317 spatial: 0.066 
(epoch: 22, iters: 3002, time: 0.489, data: 0.001) G_GAN_ViT: 0.498 D_real_ViT: 0.154 D_fake_ViT: 0.135 global: 0.388 spatial: 0.075 
(epoch: 22, iters: 3102, time: 0.488, data: 0.001) G_GAN_ViT: 0.422 D_real_ViT: 0.045 D_fake_ViT: 0.197 global: 0.383 spatial: 0.101 
(epoch: 22, iters: 3202, time: 0.488, data: 0.001) G_GAN_ViT: 0.480 D_real_ViT: 0.130 D_fake_ViT: 0.143 global: 0.314 spatial: 0.072 
(epoch: 22, iters: 3302, time: 0.488, data: 0.001) G_GAN_ViT: 0.451 D_real_ViT: 0.171 D_fake_ViT: 0.153 global: 0.422 spatial: 0.076 
(epoch: 22, iters: 3402, time: 0.489, data: 0.001) G_GAN_ViT: 0.449 D_real_ViT: 0.220 D_fake_ViT: 0.179 global: 0.406 spatial: 0.102 
(epoch: 22, iters: 3502, time: 0.489, data: 0.001) G_GAN_ViT: 0.390 D_real_ViT: 0.231 D_fake_ViT: 0.193 global: 0.295 spatial: 0.072 
(epoch: 22, iters: 3602, time: 0.487, data: 0.003) G_GAN_ViT: 0.474 D_real_ViT: 0.132 D_fake_ViT: 0.141 global: 0.440 spatial: 0.084 
(epoch: 22, iters: 3702, time: 0.488, data: 0.001) G_GAN_ViT: 0.422 D_real_ViT: 0.150 D_fake_ViT: 0.170 global: 0.382 spatial: 0.080 
saving the latest model (epoch 22, total_iters 120000)
ICL_single_traffic_city
(epoch: 22, iters: 3802, time: 0.488, data: 0.002) G_GAN_ViT: 0.346 D_real_ViT: 0.390 D_fake_ViT: 0.225 global: 0.504 spatial: 0.088 
(epoch: 22, iters: 3902, time: 0.488, data: 0.001) G_GAN_ViT: 0.311 D_real_ViT: 0.168 D_fake_ViT: 0.280 global: 0.558 spatial: 0.087 
(epoch: 22, iters: 4002, time: 0.489, data: 0.001) G_GAN_ViT: 0.388 D_real_ViT: 0.188 D_fake_ViT: 0.196 global: 0.387 spatial: 0.087 
(epoch: 22, iters: 4102, time: 0.489, data: 0.001) G_GAN_ViT: 0.543 D_real_ViT: 0.253 D_fake_ViT: 0.143 global: 0.424 spatial: 0.107 
(epoch: 22, iters: 4202, time: 0.489, data: 0.001) G_GAN_ViT: 0.411 D_real_ViT: 0.499 D_fake_ViT: 0.179 global: 0.430 spatial: 0.085 
(epoch: 22, iters: 4302, time: 0.489, data: 0.003) G_GAN_ViT: 0.365 D_real_ViT: 0.301 D_fake_ViT: 0.200 global: 0.363 spatial: 0.060 
(epoch: 22, iters: 4402, time: 0.489, data: 0.001) G_GAN_ViT: 0.406 D_real_ViT: 0.349 D_fake_ViT: 0.190 global: 0.528 spatial: 0.097 
(epoch: 22, iters: 4502, time: 0.489, data: 0.001) G_GAN_ViT: 0.337 D_real_ViT: 0.136 D_fake_ViT: 0.252 global: 0.294 spatial: 0.075 
(epoch: 22, iters: 4602, time: 0.489, data: 0.001) G_GAN_ViT: 0.498 D_real_ViT: 0.173 D_fake_ViT: 0.130 global: 0.311 spatial: 0.065 
(epoch: 22, iters: 4702, time: 0.489, data: 0.001) G_GAN_ViT: 0.536 D_real_ViT: 0.367 D_fake_ViT: 0.124 global: 0.340 spatial: 0.082 
(epoch: 22, iters: 4802, time: 0.489, data: 0.001) G_GAN_ViT: 0.345 D_real_ViT: 0.079 D_fake_ViT: 0.229 global: 0.536 spatial: 0.079 
(epoch: 22, iters: 4902, time: 0.489, data: 0.001) G_GAN_ViT: 0.543 D_real_ViT: 0.167 D_fake_ViT: 0.126 global: 0.563 spatial: 0.092 
(epoch: 22, iters: 5002, time: 0.489, data: 0.001) G_GAN_ViT: 0.472 D_real_ViT: 0.368 D_fake_ViT: 0.139 global: 0.314 spatial: 0.069 
(epoch: 22, iters: 5102, time: 0.489, data: 0.001) G_GAN_ViT: 0.413 D_real_ViT: 0.217 D_fake_ViT: 0.167 global: 0.295 spatial: 0.068 
(epoch: 22, iters: 5202, time: 0.489, data: 0.001) G_GAN_ViT: 0.502 D_real_ViT: 0.194 D_fake_ViT: 0.127 global: 0.310 spatial: 0.069 
(epoch: 22, iters: 5302, time: 0.489, data: 0.001) G_GAN_ViT: 0.454 D_real_ViT: 0.138 D_fake_ViT: 0.183 global: 0.370 spatial: 0.097 
(epoch: 22, iters: 5402, time: 0.489, data: 0.001) G_GAN_ViT: 0.344 D_real_ViT: 0.131 D_fake_ViT: 0.245 global: 0.377 spatial: 0.068 
(epoch: 22, iters: 5502, time: 0.489, data: 0.001) G_GAN_ViT: 0.606 D_real_ViT: 0.052 D_fake_ViT: 0.110 global: 0.395 spatial: 0.080 
End of epoch 22 / 100 	 Time Taken: 2716 sec
learning rate = 0.0000100
(epoch: 23, iters: 64, time: 0.489, data: 0.002) G_GAN_ViT: 0.526 D_real_ViT: 0.096 D_fake_ViT: 0.124 global: 0.390 spatial: 0.084 
(epoch: 23, iters: 164, time: 0.488, data: 0.001) G_GAN_ViT: 0.199 D_real_ViT: 0.140 D_fake_ViT: 0.390 global: 0.521 spatial: 0.100 
(epoch: 23, iters: 264, time: 0.488, data: 0.001) G_GAN_ViT: 0.511 D_real_ViT: 0.247 D_fake_ViT: 0.119 global: 0.285 spatial: 0.077 
(epoch: 23, iters: 364, time: 0.488, data: 0.001) G_GAN_ViT: 0.396 D_real_ViT: 0.176 D_fake_ViT: 0.186 global: 0.389 spatial: 0.072 
(epoch: 23, iters: 464, time: 0.489, data: 0.001) G_GAN_ViT: 0.349 D_real_ViT: 0.196 D_fake_ViT: 0.235 global: 0.331 spatial: 0.079 
(epoch: 23, iters: 564, time: 0.488, data: 0.001) G_GAN_ViT: 0.384 D_real_ViT: 0.092 D_fake_ViT: 0.200 global: 0.309 spatial: 0.065 
(epoch: 23, iters: 664, time: 0.488, data: 0.002) G_GAN_ViT: 0.600 D_real_ViT: 0.226 D_fake_ViT: 0.083 global: 0.340 spatial: 0.092 
(epoch: 23, iters: 764, time: 0.488, data: 0.001) G_GAN_ViT: 0.395 D_real_ViT: 0.225 D_fake_ViT: 0.194 global: 0.409 spatial: 0.080 
(epoch: 23, iters: 864, time: 0.488, data: 0.001) G_GAN_ViT: 0.334 D_real_ViT: 0.176 D_fake_ViT: 0.243 global: 0.513 spatial: 0.083 
(epoch: 23, iters: 964, time: 0.489, data: 0.001) G_GAN_ViT: 0.405 D_real_ViT: 0.203 D_fake_ViT: 0.188 global: 0.329 spatial: 0.074 
(epoch: 23, iters: 1064, time: 0.489, data: 0.001) G_GAN_ViT: 0.269 D_real_ViT: 0.122 D_fake_ViT: 0.301 global: 0.456 spatial: 0.091 
(epoch: 23, iters: 1164, time: 0.489, data: 0.001) G_GAN_ViT: 0.336 D_real_ViT: 0.181 D_fake_ViT: 0.241 global: 0.291 spatial: 0.065 
(epoch: 23, iters: 1264, time: 0.488, data: 0.001) G_GAN_ViT: 0.509 D_real_ViT: 0.182 D_fake_ViT: 0.116 global: 0.319 spatial: 0.064 
(epoch: 23, iters: 1364, time: 0.488, data: 0.002) G_GAN_ViT: 0.247 D_real_ViT: 0.113 D_fake_ViT: 0.342 global: 0.571 spatial: 0.094 
(epoch: 23, iters: 1464, time: 0.488, data: 0.001) G_GAN_ViT: 0.574 D_real_ViT: 0.130 D_fake_ViT: 0.103 global: 0.311 spatial: 0.080 
(epoch: 23, iters: 1564, time: 0.489, data: 0.001) G_GAN_ViT: 0.401 D_real_ViT: 0.253 D_fake_ViT: 0.184 global: 0.315 spatial: 0.061 
(epoch: 23, iters: 1664, time: 0.488, data: 0.001) G_GAN_ViT: 0.390 D_real_ViT: 0.235 D_fake_ViT: 0.190 global: 0.271 spatial: 0.072 
(epoch: 23, iters: 1764, time: 0.488, data: 0.001) G_GAN_ViT: 0.330 D_real_ViT: 0.355 D_fake_ViT: 0.256 global: 0.512 spatial: 0.090 
(epoch: 23, iters: 1864, time: 0.488, data: 0.001) G_GAN_ViT: 0.367 D_real_ViT: 0.266 D_fake_ViT: 0.217 global: 0.470 spatial: 0.091 
(epoch: 23, iters: 1964, time: 0.488, data: 0.001) G_GAN_ViT: 0.369 D_real_ViT: 0.198 D_fake_ViT: 0.220 global: 0.421 spatial: 0.082 
(epoch: 23, iters: 2064, time: 0.489, data: 0.001) G_GAN_ViT: 0.392 D_real_ViT: 0.131 D_fake_ViT: 0.192 global: 0.436 spatial: 0.092 
(epoch: 23, iters: 2164, time: 0.489, data: 0.001) G_GAN_ViT: 0.365 D_real_ViT: 0.284 D_fake_ViT: 0.213 global: 0.545 spatial: 0.080 
(epoch: 23, iters: 2264, time: 0.488, data: 0.001) G_GAN_ViT: 0.583 D_real_ViT: 0.117 D_fake_ViT: 0.111 global: 0.313 spatial: 0.080 
(epoch: 23, iters: 2364, time: 0.488, data: 0.001) G_GAN_ViT: 0.407 D_real_ViT: 0.266 D_fake_ViT: 0.179 global: 0.413 spatial: 0.079 
(epoch: 23, iters: 2464, time: 0.487, data: 0.001) G_GAN_ViT: 0.439 D_real_ViT: 0.110 D_fake_ViT: 0.173 global: 0.311 spatial: 0.081 
(epoch: 23, iters: 2564, time: 0.488, data: 0.001) G_GAN_ViT: 0.352 D_real_ViT: 0.162 D_fake_ViT: 0.225 global: 0.456 spatial: 0.081 
(epoch: 23, iters: 2664, time: 0.488, data: 0.001) G_GAN_ViT: 0.358 D_real_ViT: 0.086 D_fake_ViT: 0.221 global: 0.397 spatial: 0.079 
(epoch: 23, iters: 2764, time: 0.488, data: 0.001) G_GAN_ViT: 0.330 D_real_ViT: 0.163 D_fake_ViT: 0.275 global: 0.563 spatial: 0.086 
(epoch: 23, iters: 2864, time: 0.488, data: 0.001) G_GAN_ViT: 0.428 D_real_ViT: 0.115 D_fake_ViT: 0.183 global: 0.373 spatial: 0.071 
(epoch: 23, iters: 2964, time: 0.488, data: 0.001) G_GAN_ViT: 0.526 D_real_ViT: 0.371 D_fake_ViT: 0.117 global: 0.321 spatial: 0.071 
(epoch: 23, iters: 3064, time: 0.487, data: 0.001) G_GAN_ViT: 0.386 D_real_ViT: 0.116 D_fake_ViT: 0.194 global: 0.335 spatial: 0.076 
(epoch: 23, iters: 3164, time: 0.488, data: 0.001) G_GAN_ViT: 0.400 D_real_ViT: 0.159 D_fake_ViT: 0.186 global: 0.475 spatial: 0.092 
saving the latest model (epoch 23, total_iters 125000)
ICL_single_traffic_city
(epoch: 23, iters: 3264, time: 0.489, data: 0.002) G_GAN_ViT: 0.445 D_real_ViT: 0.355 D_fake_ViT: 0.153 global: 0.351 spatial: 0.081 
(epoch: 23, iters: 3364, time: 0.489, data: 0.001) G_GAN_ViT: 0.594 D_real_ViT: 0.183 D_fake_ViT: 0.099 global: 0.352 spatial: 0.081 
(epoch: 23, iters: 3464, time: 0.489, data: 0.001) G_GAN_ViT: 0.579 D_real_ViT: 0.303 D_fake_ViT: 0.114 global: 0.626 spatial: 0.100 
(epoch: 23, iters: 3564, time: 0.489, data: 0.001) G_GAN_ViT: 0.535 D_real_ViT: 0.147 D_fake_ViT: 0.117 global: 0.368 spatial: 0.084 
(epoch: 23, iters: 3664, time: 0.489, data: 0.001) G_GAN_ViT: 0.401 D_real_ViT: 0.148 D_fake_ViT: 0.190 global: 0.424 spatial: 0.092 
(epoch: 23, iters: 3764, time: 0.489, data: 0.002) G_GAN_ViT: 0.470 D_real_ViT: 0.150 D_fake_ViT: 0.177 global: 0.440 spatial: 0.112 
(epoch: 23, iters: 3864, time: 0.489, data: 0.001) G_GAN_ViT: 0.425 D_real_ViT: 0.188 D_fake_ViT: 0.184 global: 0.398 spatial: 0.093 
(epoch: 23, iters: 3964, time: 0.489, data: 0.001) G_GAN_ViT: 0.291 D_real_ViT: 0.280 D_fake_ViT: 0.288 global: 0.521 spatial: 0.084 
(epoch: 23, iters: 4064, time: 0.489, data: 0.001) G_GAN_ViT: 0.331 D_real_ViT: 0.153 D_fake_ViT: 0.254 global: 0.549 spatial: 0.100 
(epoch: 23, iters: 4164, time: 0.489, data: 0.001) G_GAN_ViT: 0.568 D_real_ViT: 0.195 D_fake_ViT: 0.095 global: 0.316 spatial: 0.070 
(epoch: 23, iters: 4264, time: 0.489, data: 0.001) G_GAN_ViT: 0.392 D_real_ViT: 0.111 D_fake_ViT: 0.201 global: 0.344 spatial: 0.067 
(epoch: 23, iters: 4364, time: 0.489, data: 0.001) G_GAN_ViT: 0.448 D_real_ViT: 0.121 D_fake_ViT: 0.168 global: 0.314 spatial: 0.059 
(epoch: 23, iters: 4464, time: 0.489, data: 0.001) G_GAN_ViT: 0.407 D_real_ViT: 0.130 D_fake_ViT: 0.216 global: 0.401 spatial: 0.103 
(epoch: 23, iters: 4564, time: 0.489, data: 0.001) G_GAN_ViT: 0.390 D_real_ViT: 0.162 D_fake_ViT: 0.195 global: 0.366 spatial: 0.071 
(epoch: 23, iters: 4664, time: 0.489, data: 0.001) G_GAN_ViT: 0.366 D_real_ViT: 0.184 D_fake_ViT: 0.212 global: 0.316 spatial: 0.066 
(epoch: 23, iters: 4764, time: 0.489, data: 0.001) G_GAN_ViT: 0.354 D_real_ViT: 0.202 D_fake_ViT: 0.224 global: 0.459 spatial: 0.082 
(epoch: 23, iters: 4864, time: 0.488, data: 0.001) G_GAN_ViT: 0.427 D_real_ViT: 0.042 D_fake_ViT: 0.187 global: 0.290 spatial: 0.069 
(epoch: 23, iters: 4964, time: 0.488, data: 0.001) G_GAN_ViT: 0.550 D_real_ViT: 0.087 D_fake_ViT: 0.112 global: 0.423 spatial: 0.088 
(epoch: 23, iters: 5064, time: 0.486, data: 0.001) G_GAN_ViT: 0.274 D_real_ViT: 0.216 D_fake_ViT: 0.302 global: 0.482 spatial: 0.095 
(epoch: 23, iters: 5164, time: 0.487, data: 0.001) G_GAN_ViT: 0.363 D_real_ViT: 0.258 D_fake_ViT: 0.217 global: 0.487 spatial: 0.077 
(epoch: 23, iters: 5264, time: 0.488, data: 0.001) G_GAN_ViT: 0.507 D_real_ViT: 0.077 D_fake_ViT: 0.128 global: 0.313 spatial: 0.070 
(epoch: 23, iters: 5364, time: 0.488, data: 0.001) G_GAN_ViT: 0.401 D_real_ViT: 0.310 D_fake_ViT: 0.191 global: 0.361 spatial: 0.058 
(epoch: 23, iters: 5464, time: 0.489, data: 0.001) G_GAN_ViT: 0.452 D_real_ViT: 0.181 D_fake_ViT: 0.165 global: 0.292 spatial: 0.076 
End of epoch 23 / 100 	 Time Taken: 2713 sec
learning rate = 0.0000100
(epoch: 24, iters: 26, time: 0.489, data: 0.001) G_GAN_ViT: 0.377 D_real_ViT: 0.125 D_fake_ViT: 0.196 global: 0.425 spatial: 0.078 
(epoch: 24, iters: 126, time: 0.489, data: 0.001) G_GAN_ViT: 0.488 D_real_ViT: 0.196 D_fake_ViT: 0.146 global: 0.491 spatial: 0.092 
(epoch: 24, iters: 226, time: 0.489, data: 0.001) G_GAN_ViT: 0.401 D_real_ViT: 0.037 D_fake_ViT: 0.200 global: 0.469 spatial: 0.081 
(epoch: 24, iters: 326, time: 0.489, data: 0.001) G_GAN_ViT: 0.382 D_real_ViT: 0.219 D_fake_ViT: 0.205 global: 0.498 spatial: 0.092 
(epoch: 24, iters: 426, time: 0.488, data: 0.001) G_GAN_ViT: 0.577 D_real_ViT: 0.346 D_fake_ViT: 0.124 global: 0.406 spatial: 0.088 
(epoch: 24, iters: 526, time: 0.488, data: 0.001) G_GAN_ViT: 0.342 D_real_ViT: 0.112 D_fake_ViT: 0.233 global: 0.553 spatial: 0.081 
(epoch: 24, iters: 626, time: 0.488, data: 0.001) G_GAN_ViT: 0.350 D_real_ViT: 0.149 D_fake_ViT: 0.266 global: 0.395 spatial: 0.108 
(epoch: 24, iters: 726, time: 0.488, data: 0.001) G_GAN_ViT: 0.388 D_real_ViT: 0.138 D_fake_ViT: 0.205 global: 0.372 spatial: 0.080 
(epoch: 24, iters: 826, time: 0.488, data: 0.001) G_GAN_ViT: 0.322 D_real_ViT: 0.205 D_fake_ViT: 0.243 global: 0.398 spatial: 0.078 
(epoch: 24, iters: 926, time: 0.488, data: 0.001) G_GAN_ViT: 0.381 D_real_ViT: 0.112 D_fake_ViT: 0.192 global: 0.344 spatial: 0.076 
(epoch: 24, iters: 1026, time: 0.489, data: 0.001) G_GAN_ViT: 0.522 D_real_ViT: 0.261 D_fake_ViT: 0.124 global: 0.415 spatial: 0.079 
(epoch: 24, iters: 1126, time: 0.489, data: 0.001) G_GAN_ViT: 0.396 D_real_ViT: 0.282 D_fake_ViT: 0.212 global: 0.366 spatial: 0.096 
(epoch: 24, iters: 1226, time: 0.487, data: 0.001) G_GAN_ViT: 0.381 D_real_ViT: 0.228 D_fake_ViT: 0.202 global: 0.586 spatial: 0.104 
(epoch: 24, iters: 1326, time: 0.487, data: 0.001) G_GAN_ViT: 0.390 D_real_ViT: 0.202 D_fake_ViT: 0.220 global: 0.363 spatial: 0.082 
(epoch: 24, iters: 1426, time: 0.488, data: 0.001) G_GAN_ViT: 0.426 D_real_ViT: 0.258 D_fake_ViT: 0.170 global: 0.297 spatial: 0.070 
(epoch: 24, iters: 1526, time: 0.488, data: 0.001) G_GAN_ViT: 0.516 D_real_ViT: 0.252 D_fake_ViT: 0.130 global: 0.495 spatial: 0.079 
(epoch: 24, iters: 1626, time: 0.488, data: 0.001) G_GAN_ViT: 0.425 D_real_ViT: 0.139 D_fake_ViT: 0.172 global: 0.354 spatial: 0.083 
(epoch: 24, iters: 1726, time: 0.488, data: 0.001) G_GAN_ViT: 0.494 D_real_ViT: 0.131 D_fake_ViT: 0.143 global: 0.313 spatial: 0.077 
(epoch: 24, iters: 1826, time: 0.488, data: 0.001) G_GAN_ViT: 0.507 D_real_ViT: 0.231 D_fake_ViT: 0.144 global: 0.404 spatial: 0.105 
(epoch: 24, iters: 1926, time: 0.488, data: 0.001) G_GAN_ViT: 0.407 D_real_ViT: 0.243 D_fake_ViT: 0.195 global: 0.366 spatial: 0.081 
(epoch: 24, iters: 2026, time: 0.488, data: 0.001) G_GAN_ViT: 0.518 D_real_ViT: 0.055 D_fake_ViT: 0.112 global: 0.322 spatial: 0.074 
(epoch: 24, iters: 2126, time: 0.488, data: 0.001) G_GAN_ViT: 0.418 D_real_ViT: 0.180 D_fake_ViT: 0.183 global: 0.454 spatial: 0.080 
(epoch: 24, iters: 2226, time: 0.488, data: 0.001) G_GAN_ViT: 0.262 D_real_ViT: 0.303 D_fake_ViT: 0.315 global: 0.527 spatial: 0.077 
(epoch: 24, iters: 2326, time: 0.488, data: 0.001) G_GAN_ViT: 0.375 D_real_ViT: 0.384 D_fake_ViT: 0.222 global: 0.298 spatial: 0.068 
(epoch: 24, iters: 2426, time: 0.489, data: 0.001) G_GAN_ViT: 0.413 D_real_ViT: 0.191 D_fake_ViT: 0.193 global: 0.309 spatial: 0.077 
(epoch: 24, iters: 2526, time: 0.487, data: 0.001) G_GAN_ViT: 0.354 D_real_ViT: 0.219 D_fake_ViT: 0.217 global: 0.293 spatial: 0.065 
(epoch: 24, iters: 2626, time: 0.488, data: 0.001) G_GAN_ViT: 0.478 D_real_ViT: 0.288 D_fake_ViT: 0.167 global: 0.406 spatial: 0.105 
saving the latest model (epoch 24, total_iters 130000)
ICL_single_traffic_city
(epoch: 24, iters: 2726, time: 0.488, data: 0.001) G_GAN_ViT: 0.387 D_real_ViT: 0.190 D_fake_ViT: 0.216 global: 0.337 spatial: 0.072 
(epoch: 24, iters: 2826, time: 0.489, data: 0.002) G_GAN_ViT: 0.356 D_real_ViT: 0.169 D_fake_ViT: 0.220 global: 0.462 spatial: 0.072 
(epoch: 24, iters: 2926, time: 0.489, data: 0.001) G_GAN_ViT: 0.515 D_real_ViT: 0.101 D_fake_ViT: 0.123 global: 0.359 spatial: 0.068 
(epoch: 24, iters: 3026, time: 0.489, data: 0.001) G_GAN_ViT: 0.520 D_real_ViT: 0.200 D_fake_ViT: 0.111 global: 0.293 spatial: 0.064 
(epoch: 24, iters: 3126, time: 0.489, data: 0.002) G_GAN_ViT: 0.311 D_real_ViT: 0.345 D_fake_ViT: 0.251 global: 0.502 spatial: 0.086 
(epoch: 24, iters: 3226, time: 0.489, data: 0.001) G_GAN_ViT: 0.440 D_real_ViT: 0.138 D_fake_ViT: 0.181 global: 0.441 spatial: 0.074 
(epoch: 24, iters: 3326, time: 0.489, data: 0.002) G_GAN_ViT: 0.490 D_real_ViT: 0.344 D_fake_ViT: 0.143 global: 0.347 spatial: 0.076 
(epoch: 24, iters: 3426, time: 0.490, data: 0.001) G_GAN_ViT: 0.327 D_real_ViT: 0.120 D_fake_ViT: 0.255 global: 0.508 spatial: 0.089 
(epoch: 24, iters: 3526, time: 0.490, data: 0.001) G_GAN_ViT: 0.358 D_real_ViT: 0.163 D_fake_ViT: 0.229 global: 0.362 spatial: 0.066 
(epoch: 24, iters: 3626, time: 0.490, data: 0.002) G_GAN_ViT: 0.498 D_real_ViT: 0.111 D_fake_ViT: 0.165 global: 0.344 spatial: 0.083 
(epoch: 24, iters: 3726, time: 0.490, data: 0.001) G_GAN_ViT: 0.353 D_real_ViT: 0.259 D_fake_ViT: 0.220 global: 0.312 spatial: 0.073 
(epoch: 24, iters: 3826, time: 0.490, data: 0.001) G_GAN_ViT: 0.523 D_real_ViT: 0.142 D_fake_ViT: 0.120 global: 0.400 spatial: 0.074 
(epoch: 24, iters: 3926, time: 0.489, data: 0.002) G_GAN_ViT: 0.271 D_real_ViT: 0.151 D_fake_ViT: 0.308 global: 0.548 spatial: 0.094 
(epoch: 24, iters: 4026, time: 0.489, data: 0.002) G_GAN_ViT: 0.220 D_real_ViT: 0.109 D_fake_ViT: 0.364 global: 0.527 spatial: 0.089 
(epoch: 24, iters: 4126, time: 0.489, data: 0.001) G_GAN_ViT: 0.372 D_real_ViT: 0.165 D_fake_ViT: 0.211 global: 0.510 spatial: 0.080 
(epoch: 24, iters: 4226, time: 0.489, data: 0.002) G_GAN_ViT: 0.470 D_real_ViT: 0.184 D_fake_ViT: 0.145 global: 0.396 spatial: 0.084 
(epoch: 24, iters: 4326, time: 0.489, data: 0.001) G_GAN_ViT: 0.365 D_real_ViT: 0.181 D_fake_ViT: 0.206 global: 0.359 spatial: 0.080 
(epoch: 24, iters: 4426, time: 0.489, data: 0.001) G_GAN_ViT: 0.322 D_real_ViT: 0.104 D_fake_ViT: 0.250 global: 0.466 spatial: 0.098 
(epoch: 24, iters: 4526, time: 0.490, data: 0.001) G_GAN_ViT: 0.502 D_real_ViT: 0.141 D_fake_ViT: 0.124 global: 0.364 spatial: 0.076 
(epoch: 24, iters: 4626, time: 0.490, data: 0.001) G_GAN_ViT: 0.377 D_real_ViT: 0.216 D_fake_ViT: 0.209 global: 0.337 spatial: 0.063 
(epoch: 24, iters: 4726, time: 0.490, data: 0.001) G_GAN_ViT: 0.308 D_real_ViT: 0.201 D_fake_ViT: 0.271 global: 0.460 spatial: 0.084 
(epoch: 24, iters: 4826, time: 0.490, data: 0.001) G_GAN_ViT: 0.256 D_real_ViT: 0.244 D_fake_ViT: 0.319 global: 0.492 spatial: 0.082 
(epoch: 24, iters: 4926, time: 0.490, data: 0.001) G_GAN_ViT: 0.474 D_real_ViT: 0.230 D_fake_ViT: 0.136 global: 0.347 spatial: 0.077 
(epoch: 24, iters: 5026, time: 0.490, data: 0.001) G_GAN_ViT: 0.464 D_real_ViT: 0.217 D_fake_ViT: 0.181 global: 0.421 spatial: 0.101 
(epoch: 24, iters: 5126, time: 0.489, data: 0.001) G_GAN_ViT: 0.477 D_real_ViT: 0.228 D_fake_ViT: 0.143 global: 0.361 spatial: 0.064 
(epoch: 24, iters: 5226, time: 0.489, data: 0.001) G_GAN_ViT: 0.394 D_real_ViT: 0.317 D_fake_ViT: 0.192 global: 0.359 spatial: 0.085 
(epoch: 24, iters: 5326, time: 0.489, data: 0.001) G_GAN_ViT: 0.452 D_real_ViT: 0.213 D_fake_ViT: 0.148 global: 0.350 spatial: 0.089 
(epoch: 24, iters: 5426, time: 0.489, data: 0.001) G_GAN_ViT: 0.429 D_real_ViT: 0.167 D_fake_ViT: 0.169 global: 0.327 spatial: 0.076 
(epoch: 24, iters: 5526, time: 0.489, data: 0.001) G_GAN_ViT: 0.368 D_real_ViT: 0.135 D_fake_ViT: 0.213 global: 0.363 spatial: 0.083 
End of epoch 24 / 100 	 Time Taken: 2715 sec
learning rate = 0.0000100
(epoch: 25, iters: 88, time: 0.489, data: 0.001) G_GAN_ViT: 0.276 D_real_ViT: 0.120 D_fake_ViT: 0.299 global: 0.457 spatial: 0.084 
(epoch: 25, iters: 188, time: 0.489, data: 0.001) G_GAN_ViT: 0.468 D_real_ViT: 0.122 D_fake_ViT: 0.148 global: 0.309 spatial: 0.072 
(epoch: 25, iters: 288, time: 0.489, data: 0.001) G_GAN_ViT: 0.547 D_real_ViT: 0.195 D_fake_ViT: 0.110 global: 0.321 spatial: 0.050 
(epoch: 25, iters: 388, time: 0.489, data: 0.001) G_GAN_ViT: 0.383 D_real_ViT: 0.266 D_fake_ViT: 0.198 global: 0.395 spatial: 0.078 
(epoch: 25, iters: 488, time: 0.489, data: 0.001) G_GAN_ViT: 0.417 D_real_ViT: 0.241 D_fake_ViT: 0.173 global: 0.302 spatial: 0.071 
(epoch: 25, iters: 588, time: 0.489, data: 0.001) G_GAN_ViT: 0.526 D_real_ViT: 0.137 D_fake_ViT: 0.128 global: 0.325 spatial: 0.087 
(epoch: 25, iters: 688, time: 0.488, data: 0.001) G_GAN_ViT: 0.475 D_real_ViT: 0.160 D_fake_ViT: 0.143 global: 0.339 spatial: 0.082 
(epoch: 25, iters: 788, time: 0.488, data: 0.001) G_GAN_ViT: 0.633 D_real_ViT: 0.279 D_fake_ViT: 0.077 global: 0.353 spatial: 0.078 
(epoch: 25, iters: 888, time: 0.488, data: 0.001) G_GAN_ViT: 0.525 D_real_ViT: 0.224 D_fake_ViT: 0.126 global: 0.508 spatial: 0.090 
(epoch: 25, iters: 988, time: 0.489, data: 0.001) G_GAN_ViT: 0.491 D_real_ViT: 0.244 D_fake_ViT: 0.136 global: 0.350 spatial: 0.074 
(epoch: 25, iters: 1088, time: 0.488, data: 0.001) G_GAN_ViT: 0.429 D_real_ViT: 0.313 D_fake_ViT: 0.178 global: 0.381 spatial: 0.075 
(epoch: 25, iters: 1188, time: 0.489, data: 0.002) G_GAN_ViT: 0.376 D_real_ViT: 0.207 D_fake_ViT: 0.206 global: 0.343 spatial: 0.066 
(epoch: 25, iters: 1288, time: 0.488, data: 0.004) G_GAN_ViT: 0.577 D_real_ViT: 0.142 D_fake_ViT: 0.129 global: 0.456 spatial: 0.069 
(epoch: 25, iters: 1388, time: 0.488, data: 0.001) G_GAN_ViT: 0.345 D_real_ViT: 0.148 D_fake_ViT: 0.230 global: 0.330 spatial: 0.080 
(epoch: 25, iters: 1488, time: 0.489, data: 0.001) G_GAN_ViT: 0.552 D_real_ViT: 0.286 D_fake_ViT: 0.116 global: 0.369 spatial: 0.093 
(epoch: 25, iters: 1588, time: 0.489, data: 0.001) G_GAN_ViT: 0.370 D_real_ViT: 0.309 D_fake_ViT: 0.211 global: 0.301 spatial: 0.072 
(epoch: 25, iters: 1688, time: 0.489, data: 0.001) G_GAN_ViT: 0.481 D_real_ViT: 0.200 D_fake_ViT: 0.139 global: 0.400 spatial: 0.083 
(epoch: 25, iters: 1788, time: 0.489, data: 0.001) G_GAN_ViT: 0.386 D_real_ViT: 0.146 D_fake_ViT: 0.206 global: 0.334 spatial: 0.070 
(epoch: 25, iters: 1888, time: 0.489, data: 0.001) G_GAN_ViT: 0.380 D_real_ViT: 0.182 D_fake_ViT: 0.210 global: 0.547 spatial: 0.087 
(epoch: 25, iters: 1988, time: 0.487, data: 0.001) G_GAN_ViT: 0.348 D_real_ViT: 0.255 D_fake_ViT: 0.217 global: 0.450 spatial: 0.079 
(epoch: 25, iters: 2088, time: 0.487, data: 0.001) G_GAN_ViT: 0.423 D_real_ViT: 0.454 D_fake_ViT: 0.170 global: 0.391 spatial: 0.077 
saving the latest model (epoch 25, total_iters 135000)
ICL_single_traffic_city
(epoch: 25, iters: 2188, time: 0.488, data: 0.001) G_GAN_ViT: 0.491 D_real_ViT: 0.163 D_fake_ViT: 0.157 global: 0.444 spatial: 0.084 
(epoch: 25, iters: 2288, time: 0.489, data: 0.001) G_GAN_ViT: 0.386 D_real_ViT: 0.232 D_fake_ViT: 0.208 global: 0.305 spatial: 0.069 
(epoch: 25, iters: 2388, time: 0.489, data: 0.001) G_GAN_ViT: 0.356 D_real_ViT: 0.395 D_fake_ViT: 0.241 global: 0.304 spatial: 0.076 
(epoch: 25, iters: 2488, time: 0.489, data: 0.001) G_GAN_ViT: 0.398 D_real_ViT: 0.068 D_fake_ViT: 0.194 global: 0.280 spatial: 0.063 
(epoch: 25, iters: 2588, time: 0.489, data: 0.001) G_GAN_ViT: 0.324 D_real_ViT: 0.357 D_fake_ViT: 0.249 global: 0.451 spatial: 0.081 
(epoch: 25, iters: 2688, time: 0.490, data: 0.002) G_GAN_ViT: 0.440 D_real_ViT: 0.121 D_fake_ViT: 0.173 global: 0.334 spatial: 0.075 
(epoch: 25, iters: 2788, time: 0.490, data: 0.001) G_GAN_ViT: 0.551 D_real_ViT: 0.098 D_fake_ViT: 0.125 global: 0.343 spatial: 0.071 
(epoch: 25, iters: 2888, time: 0.489, data: 0.001) G_GAN_ViT: 0.398 D_real_ViT: 0.104 D_fake_ViT: 0.189 global: 0.364 spatial: 0.074 
(epoch: 25, iters: 2988, time: 0.489, data: 0.001) G_GAN_ViT: 0.364 D_real_ViT: 0.157 D_fake_ViT: 0.217 global: 0.334 spatial: 0.082 
(epoch: 25, iters: 3088, time: 0.489, data: 0.001) G_GAN_ViT: 0.551 D_real_ViT: 0.111 D_fake_ViT: 0.105 global: 0.258 spatial: 0.069 
(epoch: 25, iters: 3188, time: 0.489, data: 0.001) G_GAN_ViT: 0.341 D_real_ViT: 0.049 D_fake_ViT: 0.232 global: 0.308 spatial: 0.069 
(epoch: 25, iters: 3288, time: 0.489, data: 0.001) G_GAN_ViT: 0.363 D_real_ViT: 0.288 D_fake_ViT: 0.221 global: 0.432 spatial: 0.080 
(epoch: 25, iters: 3388, time: 0.489, data: 0.001) G_GAN_ViT: 0.519 D_real_ViT: 0.172 D_fake_ViT: 0.128 global: 0.334 spatial: 0.077 
(epoch: 25, iters: 3488, time: 0.489, data: 0.001) G_GAN_ViT: 0.298 D_real_ViT: 0.218 D_fake_ViT: 0.268 global: 0.433 spatial: 0.073 
(epoch: 25, iters: 3588, time: 0.489, data: 0.001) G_GAN_ViT: 0.477 D_real_ViT: 0.117 D_fake_ViT: 0.143 global: 0.349 spatial: 0.077 
(epoch: 25, iters: 3688, time: 0.489, data: 0.001) G_GAN_ViT: 0.413 D_real_ViT: 0.080 D_fake_ViT: 0.180 global: 0.323 spatial: 0.075 
(epoch: 25, iters: 3788, time: 0.489, data: 0.001) G_GAN_ViT: 0.447 D_real_ViT: 0.290 D_fake_ViT: 0.157 global: 0.303 spatial: 0.074 
(epoch: 25, iters: 3888, time: 0.489, data: 0.001) G_GAN_ViT: 0.462 D_real_ViT: 0.156 D_fake_ViT: 0.159 global: 0.366 spatial: 0.080 
(epoch: 25, iters: 3988, time: 0.489, data: 0.001) G_GAN_ViT: 0.453 D_real_ViT: 0.167 D_fake_ViT: 0.199 global: 0.444 spatial: 0.091 
(epoch: 25, iters: 4088, time: 0.490, data: 0.001) G_GAN_ViT: 0.319 D_real_ViT: 0.164 D_fake_ViT: 0.268 global: 0.314 spatial: 0.089 
(epoch: 25, iters: 4188, time: 0.490, data: 0.001) G_GAN_ViT: 0.567 D_real_ViT: 0.126 D_fake_ViT: 0.109 global: 0.330 spatial: 0.087 
(epoch: 25, iters: 4288, time: 0.489, data: 0.001) G_GAN_ViT: 0.278 D_real_ViT: 0.136 D_fake_ViT: 0.311 global: 0.511 spatial: 0.077 
(epoch: 25, iters: 4388, time: 0.490, data: 0.001) G_GAN_ViT: 0.383 D_real_ViT: 0.281 D_fake_ViT: 0.197 global: 0.336 spatial: 0.067 
(epoch: 25, iters: 4488, time: 0.490, data: 0.001) G_GAN_ViT: 0.499 D_real_ViT: 0.229 D_fake_ViT: 0.119 global: 0.310 spatial: 0.072 
(epoch: 25, iters: 4588, time: 0.490, data: 0.001) G_GAN_ViT: 0.269 D_real_ViT: 0.308 D_fake_ViT: 0.311 global: 0.558 spatial: 0.089 
(epoch: 25, iters: 4688, time: 0.490, data: 0.001) G_GAN_ViT: 0.476 D_real_ViT: 0.192 D_fake_ViT: 0.152 global: 0.320 spatial: 0.078 
(epoch: 25, iters: 4788, time: 0.489, data: 0.001) G_GAN_ViT: 0.374 D_real_ViT: 0.220 D_fake_ViT: 0.196 global: 0.399 spatial: 0.075 
(epoch: 25, iters: 4888, time: 0.489, data: 0.001) G_GAN_ViT: 0.359 D_real_ViT: 0.257 D_fake_ViT: 0.209 global: 0.284 spatial: 0.067 
(epoch: 25, iters: 4988, time: 0.489, data: 0.003) G_GAN_ViT: 0.461 D_real_ViT: 0.280 D_fake_ViT: 0.153 global: 0.342 spatial: 0.076 
(epoch: 25, iters: 5088, time: 0.489, data: 0.001) G_GAN_ViT: 0.492 D_real_ViT: 0.258 D_fake_ViT: 0.134 global: 0.311 spatial: 0.067 
(epoch: 25, iters: 5188, time: 0.489, data: 0.001) G_GAN_ViT: 0.396 D_real_ViT: 0.280 D_fake_ViT: 0.215 global: 0.624 spatial: 0.094 
(epoch: 25, iters: 5288, time: 0.489, data: 0.001) G_GAN_ViT: 0.495 D_real_ViT: 0.282 D_fake_ViT: 0.133 global: 0.422 spatial: 0.071 
(epoch: 25, iters: 5388, time: 0.489, data: 0.001) G_GAN_ViT: 0.470 D_real_ViT: 0.231 D_fake_ViT: 0.184 global: 0.397 spatial: 0.100 
(epoch: 25, iters: 5488, time: 0.489, data: 0.001) G_GAN_ViT: 0.372 D_real_ViT: 0.183 D_fake_ViT: 0.211 global: 0.288 spatial: 0.073 
saving the model at the end of epoch 25, iters 138450
End of epoch 25 / 100 	 Time Taken: 2718 sec
learning rate = 0.0000100
(epoch: 26, iters: 50, time: 0.490, data: 0.001) G_GAN_ViT: 0.547 D_real_ViT: 0.197 D_fake_ViT: 0.130 global: 0.393 spatial: 0.088 
(epoch: 26, iters: 150, time: 0.490, data: 0.001) G_GAN_ViT: 0.556 D_real_ViT: 0.205 D_fake_ViT: 0.105 global: 0.368 spatial: 0.078 
(epoch: 26, iters: 250, time: 0.489, data: 0.001) G_GAN_ViT: 0.426 D_real_ViT: 0.207 D_fake_ViT: 0.189 global: 0.435 spatial: 0.092 
(epoch: 26, iters: 350, time: 0.489, data: 0.001) G_GAN_ViT: 0.344 D_real_ViT: 0.147 D_fake_ViT: 0.244 global: 0.356 spatial: 0.093 
(epoch: 26, iters: 450, time: 0.490, data: 0.001) G_GAN_ViT: 0.487 D_real_ViT: 0.372 D_fake_ViT: 0.124 global: 0.343 spatial: 0.063 
(epoch: 26, iters: 550, time: 0.489, data: 0.001) G_GAN_ViT: 0.298 D_real_ViT: 0.139 D_fake_ViT: 0.267 global: 0.498 spatial: 0.089 
(epoch: 26, iters: 650, time: 0.489, data: 0.001) G_GAN_ViT: 0.434 D_real_ViT: 0.193 D_fake_ViT: 0.176 global: 0.418 spatial: 0.084 
(epoch: 26, iters: 750, time: 0.489, data: 0.001) G_GAN_ViT: 0.453 D_real_ViT: 0.224 D_fake_ViT: 0.172 global: 0.553 spatial: 0.093 
(epoch: 26, iters: 850, time: 0.489, data: 0.001) G_GAN_ViT: 0.788 D_real_ViT: 0.113 D_fake_ViT: 0.091 global: 0.511 spatial: 0.107 
(epoch: 26, iters: 950, time: 0.490, data: 0.001) G_GAN_ViT: 0.461 D_real_ViT: 0.298 D_fake_ViT: 0.171 global: 0.375 spatial: 0.107 
(epoch: 26, iters: 1050, time: 0.490, data: 0.001) G_GAN_ViT: 0.468 D_real_ViT: 0.109 D_fake_ViT: 0.152 global: 0.319 spatial: 0.078 
(epoch: 26, iters: 1150, time: 0.490, data: 0.001) G_GAN_ViT: 0.563 D_real_ViT: 0.335 D_fake_ViT: 0.103 global: 0.372 spatial: 0.082 
(epoch: 26, iters: 1250, time: 0.490, data: 0.001) G_GAN_ViT: 0.461 D_real_ViT: 0.236 D_fake_ViT: 0.171 global: 0.427 spatial: 0.078 
(epoch: 26, iters: 1350, time: 0.490, data: 0.001) G_GAN_ViT: 0.474 D_real_ViT: 0.200 D_fake_ViT: 0.144 global: 0.332 spatial: 0.070 
(epoch: 26, iters: 1450, time: 0.489, data: 0.001) G_GAN_ViT: 0.490 D_real_ViT: 0.225 D_fake_ViT: 0.145 global: 0.319 spatial: 0.084 
(epoch: 26, iters: 1550, time: 0.489, data: 0.001) G_GAN_ViT: 0.447 D_real_ViT: 0.203 D_fake_ViT: 0.159 global: 0.421 spatial: 0.076 
saving the latest model (epoch 26, total_iters 140000)
ICL_single_traffic_city
(epoch: 26, iters: 1650, time: 0.489, data: 0.001) G_GAN_ViT: 0.321 D_real_ViT: 0.305 D_fake_ViT: 0.232 global: 0.437 spatial: 0.081 
(epoch: 26, iters: 1750, time: 0.488, data: 0.001) G_GAN_ViT: 0.450 D_real_ViT: 0.305 D_fake_ViT: 0.153 global: 0.304 spatial: 0.079 
(epoch: 26, iters: 1850, time: 0.488, data: 0.001) G_GAN_ViT: 0.432 D_real_ViT: 0.184 D_fake_ViT: 0.176 global: 0.303 spatial: 0.083 
(epoch: 26, iters: 1950, time: 0.489, data: 0.001) G_GAN_ViT: 0.428 D_real_ViT: 0.155 D_fake_ViT: 0.170 global: 0.440 spatial: 0.071 
(epoch: 26, iters: 2050, time: 0.489, data: 0.001) G_GAN_ViT: 0.327 D_real_ViT: 0.254 D_fake_ViT: 0.250 global: 0.454 spatial: 0.083 
(epoch: 26, iters: 2150, time: 0.489, data: 0.001) G_GAN_ViT: 0.482 D_real_ViT: 0.140 D_fake_ViT: 0.144 global: 0.315 spatial: 0.080 
(epoch: 26, iters: 2250, time: 0.489, data: 0.002) G_GAN_ViT: 0.401 D_real_ViT: 0.119 D_fake_ViT: 0.200 global: 0.436 spatial: 0.081 
(epoch: 26, iters: 2350, time: 0.489, data: 0.001) G_GAN_ViT: 0.362 D_real_ViT: 0.369 D_fake_ViT: 0.236 global: 0.522 spatial: 0.094 
(epoch: 26, iters: 2450, time: 0.489, data: 0.001) G_GAN_ViT: 0.410 D_real_ViT: 0.075 D_fake_ViT: 0.190 global: 0.413 spatial: 0.075 
(epoch: 26, iters: 2550, time: 0.489, data: 0.001) G_GAN_ViT: 0.496 D_real_ViT: 0.159 D_fake_ViT: 0.138 global: 0.371 spatial: 0.080 
(epoch: 26, iters: 2650, time: 0.489, data: 0.001) G_GAN_ViT: 0.338 D_real_ViT: 0.345 D_fake_ViT: 0.231 global: 0.496 spatial: 0.089 
(epoch: 26, iters: 2750, time: 0.489, data: 0.001) G_GAN_ViT: 0.459 D_real_ViT: 0.080 D_fake_ViT: 0.152 global: 0.368 spatial: 0.083 
(epoch: 26, iters: 2850, time: 0.489, data: 0.001) G_GAN_ViT: 0.535 D_real_ViT: 0.201 D_fake_ViT: 0.118 global: 0.418 spatial: 0.080 
(epoch: 26, iters: 2950, time: 0.489, data: 0.001) G_GAN_ViT: 0.483 D_real_ViT: 0.255 D_fake_ViT: 0.135 global: 0.354 spatial: 0.085 
(epoch: 26, iters: 3050, time: 0.489, data: 0.001) G_GAN_ViT: 0.318 D_real_ViT: 0.247 D_fake_ViT: 0.260 global: 0.518 spatial: 0.080 
(epoch: 26, iters: 3150, time: 0.489, data: 0.001) G_GAN_ViT: 0.270 D_real_ViT: 0.333 D_fake_ViT: 0.317 global: 0.442 spatial: 0.073 
(epoch: 26, iters: 3250, time: 0.489, data: 0.001) G_GAN_ViT: 0.305 D_real_ViT: 0.070 D_fake_ViT: 0.290 global: 0.535 spatial: 0.088 
(epoch: 26, iters: 3350, time: 0.489, data: 0.001) G_GAN_ViT: 0.412 D_real_ViT: 0.177 D_fake_ViT: 0.192 global: 0.328 spatial: 0.072 
(epoch: 26, iters: 3450, time: 0.489, data: 0.001) G_GAN_ViT: 0.402 D_real_ViT: 0.197 D_fake_ViT: 0.192 global: 0.588 spatial: 0.104 
(epoch: 26, iters: 3550, time: 0.489, data: 0.001) G_GAN_ViT: 0.441 D_real_ViT: 0.059 D_fake_ViT: 0.165 global: 0.296 spatial: 0.077 
(epoch: 26, iters: 3650, time: 0.489, data: 0.001) G_GAN_ViT: 0.487 D_real_ViT: 0.184 D_fake_ViT: 0.127 global: 0.322 spatial: 0.076 
(epoch: 26, iters: 3750, time: 0.489, data: 0.001) G_GAN_ViT: 0.384 D_real_ViT: 0.185 D_fake_ViT: 0.227 global: 0.460 spatial: 0.077 
(epoch: 26, iters: 3850, time: 0.489, data: 0.001) G_GAN_ViT: 0.252 D_real_ViT: 0.216 D_fake_ViT: 0.336 global: 0.559 spatial: 0.099 
(epoch: 26, iters: 3950, time: 0.488, data: 0.001) G_GAN_ViT: 0.314 D_real_ViT: 0.206 D_fake_ViT: 0.298 global: 0.418 spatial: 0.109 
(epoch: 26, iters: 4050, time: 0.488, data: 0.001) G_GAN_ViT: 0.516 D_real_ViT: 0.274 D_fake_ViT: 0.136 global: 0.324 spatial: 0.065 
(epoch: 26, iters: 4150, time: 0.488, data: 0.001) G_GAN_ViT: 0.383 D_real_ViT: 0.143 D_fake_ViT: 0.201 global: 0.293 spatial: 0.067 
(epoch: 26, iters: 4250, time: 0.488, data: 0.001) G_GAN_ViT: 0.418 D_real_ViT: 0.160 D_fake_ViT: 0.163 global: 0.312 spatial: 0.074 
(epoch: 26, iters: 4350, time: 0.489, data: 0.001) G_GAN_ViT: 0.338 D_real_ViT: 0.148 D_fake_ViT: 0.243 global: 0.347 spatial: 0.083 
(epoch: 26, iters: 4450, time: 0.489, data: 0.002) G_GAN_ViT: 0.472 D_real_ViT: 0.138 D_fake_ViT: 0.164 global: 0.391 spatial: 0.083 
(epoch: 26, iters: 4550, time: 0.489, data: 0.001) G_GAN_ViT: 0.392 D_real_ViT: 0.162 D_fake_ViT: 0.209 global: 0.498 spatial: 0.081 
(epoch: 26, iters: 4650, time: 0.489, data: 0.001) G_GAN_ViT: 0.457 D_real_ViT: 0.209 D_fake_ViT: 0.180 global: 0.348 spatial: 0.076 
(epoch: 26, iters: 4750, time: 0.489, data: 0.001) G_GAN_ViT: 0.296 D_real_ViT: 0.336 D_fake_ViT: 0.276 global: 0.465 spatial: 0.082 
(epoch: 26, iters: 4850, time: 0.489, data: 0.001) G_GAN_ViT: 0.410 D_real_ViT: 0.150 D_fake_ViT: 0.204 global: 0.466 spatial: 0.086 
(epoch: 26, iters: 4950, time: 0.489, data: 0.001) G_GAN_ViT: 0.236 D_real_ViT: 0.357 D_fake_ViT: 0.344 global: 0.517 spatial: 0.091 
(epoch: 26, iters: 5050, time: 0.488, data: 0.001) G_GAN_ViT: 0.447 D_real_ViT: 0.262 D_fake_ViT: 0.179 global: 0.431 spatial: 0.077 
(epoch: 26, iters: 5150, time: 0.488, data: 0.001) G_GAN_ViT: 0.481 D_real_ViT: 0.056 D_fake_ViT: 0.156 global: 0.344 spatial: 0.083 
(epoch: 26, iters: 5250, time: 0.489, data: 0.003) G_GAN_ViT: 0.311 D_real_ViT: 0.424 D_fake_ViT: 0.237 global: 0.516 spatial: 0.089 
(epoch: 26, iters: 5350, time: 0.489, data: 0.001) G_GAN_ViT: 0.429 D_real_ViT: 0.079 D_fake_ViT: 0.192 global: 0.289 spatial: 0.077 
(epoch: 26, iters: 5450, time: 0.488, data: 0.001) G_GAN_ViT: 0.466 D_real_ViT: 0.146 D_fake_ViT: 0.158 global: 0.306 spatial: 0.080 
End of epoch 26 / 100 	 Time Taken: 2716 sec
learning rate = 0.0000100
(epoch: 27, iters: 12, time: 0.488, data: 0.001) G_GAN_ViT: 0.507 D_real_ViT: 0.235 D_fake_ViT: 0.146 global: 0.373 spatial: 0.074 
(epoch: 27, iters: 112, time: 0.488, data: 0.001) G_GAN_ViT: 0.364 D_real_ViT: 0.160 D_fake_ViT: 0.213 global: 0.291 spatial: 0.075 
(epoch: 27, iters: 212, time: 0.488, data: 0.001) G_GAN_ViT: 0.430 D_real_ViT: 0.214 D_fake_ViT: 0.171 global: 0.510 spatial: 0.088 
(epoch: 27, iters: 312, time: 0.488, data: 0.001) G_GAN_ViT: 0.473 D_real_ViT: 0.169 D_fake_ViT: 0.158 global: 0.333 spatial: 0.082 
(epoch: 27, iters: 412, time: 0.488, data: 0.001) G_GAN_ViT: 0.312 D_real_ViT: 0.129 D_fake_ViT: 0.268 global: 0.507 spatial: 0.083 
(epoch: 27, iters: 512, time: 0.489, data: 0.002) G_GAN_ViT: 0.613 D_real_ViT: 0.185 D_fake_ViT: 0.109 global: 0.386 spatial: 0.085 
(epoch: 27, iters: 612, time: 0.489, data: 0.001) G_GAN_ViT: 0.494 D_real_ViT: 0.234 D_fake_ViT: 0.139 global: 0.446 spatial: 0.081 
(epoch: 27, iters: 712, time: 0.488, data: 0.001) G_GAN_ViT: 0.502 D_real_ViT: 0.147 D_fake_ViT: 0.127 global: 0.367 spatial: 0.087 
(epoch: 27, iters: 812, time: 0.488, data: 0.001) G_GAN_ViT: 0.489 D_real_ViT: 0.143 D_fake_ViT: 0.158 global: 0.403 spatial: 0.095 
(epoch: 27, iters: 912, time: 0.487, data: 0.001) G_GAN_ViT: 0.286 D_real_ViT: 0.215 D_fake_ViT: 0.295 global: 0.501 spatial: 0.077 
(epoch: 27, iters: 1012, time: 0.488, data: 0.001) G_GAN_ViT: 0.418 D_real_ViT: 0.159 D_fake_ViT: 0.179 global: 0.283 spatial: 0.081 
saving the latest model (epoch 27, total_iters 145000)
ICL_single_traffic_city
(epoch: 27, iters: 1112, time: 0.488, data: 0.001) G_GAN_ViT: 0.428 D_real_ViT: 0.107 D_fake_ViT: 0.184 global: 0.312 spatial: 0.073 
(epoch: 27, iters: 1212, time: 0.488, data: 0.001) G_GAN_ViT: 0.379 D_real_ViT: 0.116 D_fake_ViT: 0.200 global: 0.283 spatial: 0.061 
(epoch: 27, iters: 1312, time: 0.488, data: 0.002) G_GAN_ViT: 0.395 D_real_ViT: 0.204 D_fake_ViT: 0.192 global: 0.310 spatial: 0.063 
(epoch: 27, iters: 1412, time: 0.488, data: 0.001) G_GAN_ViT: 0.444 D_real_ViT: 0.164 D_fake_ViT: 0.158 global: 0.427 spatial: 0.074 
(epoch: 27, iters: 1512, time: 0.488, data: 0.001) G_GAN_ViT: 0.509 D_real_ViT: 0.246 D_fake_ViT: 0.125 global: 0.341 spatial: 0.086 
(epoch: 27, iters: 1612, time: 0.489, data: 0.001) G_GAN_ViT: 0.380 D_real_ViT: 0.217 D_fake_ViT: 0.200 global: 0.372 spatial: 0.069 
(epoch: 27, iters: 1712, time: 0.488, data: 0.001) G_GAN_ViT: 0.413 D_real_ViT: 0.214 D_fake_ViT: 0.186 global: 0.417 spatial: 0.091 
(epoch: 27, iters: 1812, time: 0.488, data: 0.001) G_GAN_ViT: 0.378 D_real_ViT: 0.188 D_fake_ViT: 0.201 global: 0.337 spatial: 0.079 
(epoch: 27, iters: 1912, time: 0.488, data: 0.001) G_GAN_ViT: 0.393 D_real_ViT: 0.157 D_fake_ViT: 0.189 global: 0.293 spatial: 0.077 
(epoch: 27, iters: 2012, time: 0.489, data: 0.001) G_GAN_ViT: 0.468 D_real_ViT: 0.163 D_fake_ViT: 0.154 global: 0.299 spatial: 0.083 
(epoch: 27, iters: 2112, time: 0.489, data: 0.001) G_GAN_ViT: 0.549 D_real_ViT: 0.289 D_fake_ViT: 0.134 global: 0.377 spatial: 0.083 
(epoch: 27, iters: 2212, time: 0.489, data: 0.001) G_GAN_ViT: 0.397 D_real_ViT: 0.046 D_fake_ViT: 0.196 global: 0.334 spatial: 0.069 
(epoch: 27, iters: 2312, time: 0.488, data: 0.001) G_GAN_ViT: 0.325 D_real_ViT: 0.117 D_fake_ViT: 0.253 global: 0.455 spatial: 0.072 
(epoch: 27, iters: 2412, time: 0.489, data: 0.001) G_GAN_ViT: 0.458 D_real_ViT: 0.290 D_fake_ViT: 0.155 global: 0.440 spatial: 0.080 
(epoch: 27, iters: 2512, time: 0.489, data: 0.001) G_GAN_ViT: 0.402 D_real_ViT: 0.141 D_fake_ViT: 0.194 global: 0.436 spatial: 0.082 
(epoch: 27, iters: 2612, time: 0.488, data: 0.001) G_GAN_ViT: 0.404 D_real_ViT: 0.194 D_fake_ViT: 0.188 global: 0.452 spatial: 0.079 
(epoch: 27, iters: 2712, time: 0.489, data: 0.001) G_GAN_ViT: 0.359 D_real_ViT: 0.244 D_fake_ViT: 0.216 global: 0.522 spatial: 0.088 
(epoch: 27, iters: 2812, time: 0.489, data: 0.001) G_GAN_ViT: 0.549 D_real_ViT: 0.225 D_fake_ViT: 0.120 global: 0.328 spatial: 0.075 
(epoch: 27, iters: 2912, time: 0.489, data: 0.001) G_GAN_ViT: 0.423 D_real_ViT: 0.200 D_fake_ViT: 0.164 global: 0.341 spatial: 0.069 
(epoch: 27, iters: 3012, time: 0.489, data: 0.001) G_GAN_ViT: 0.292 D_real_ViT: 0.156 D_fake_ViT: 0.287 global: 0.545 spatial: 0.084 
(epoch: 27, iters: 3112, time: 0.489, data: 0.001) G_GAN_ViT: 0.475 D_real_ViT: 0.095 D_fake_ViT: 0.163 global: 0.425 spatial: 0.101 
(epoch: 27, iters: 3212, time: 0.488, data: 0.001) G_GAN_ViT: 0.546 D_real_ViT: 0.168 D_fake_ViT: 0.134 global: 0.403 spatial: 0.085 
(epoch: 27, iters: 3312, time: 0.489, data: 0.001) G_GAN_ViT: 0.580 D_real_ViT: 0.249 D_fake_ViT: 0.127 global: 0.413 spatial: 0.091 
(epoch: 27, iters: 3412, time: 0.489, data: 0.001) G_GAN_ViT: 0.491 D_real_ViT: 0.166 D_fake_ViT: 0.136 global: 0.337 spatial: 0.084 
(epoch: 27, iters: 3512, time: 0.489, data: 0.001) G_GAN_ViT: 0.275 D_real_ViT: 0.153 D_fake_ViT: 0.301 global: 0.529 spatial: 0.096 
(epoch: 27, iters: 3612, time: 0.489, data: 0.001) G_GAN_ViT: 0.452 D_real_ViT: 0.279 D_fake_ViT: 0.152 global: 0.336 spatial: 0.074 
(epoch: 27, iters: 3712, time: 0.489, data: 0.001) G_GAN_ViT: 0.424 D_real_ViT: 0.433 D_fake_ViT: 0.248 global: 0.494 spatial: 0.078 
(epoch: 27, iters: 3812, time: 0.489, data: 0.001) G_GAN_ViT: 0.499 D_real_ViT: 0.231 D_fake_ViT: 0.152 global: 0.366 spatial: 0.092 
(epoch: 27, iters: 3912, time: 0.489, data: 0.001) G_GAN_ViT: 0.438 D_real_ViT: 0.326 D_fake_ViT: 0.204 global: 0.334 spatial: 0.062 
(epoch: 27, iters: 4012, time: 0.489, data: 0.001) G_GAN_ViT: 0.506 D_real_ViT: 0.304 D_fake_ViT: 0.116 global: 0.303 spatial: 0.065 
(epoch: 27, iters: 4112, time: 0.489, data: 0.001) G_GAN_ViT: 0.417 D_real_ViT: 0.123 D_fake_ViT: 0.197 global: 0.400 spatial: 0.094 
(epoch: 27, iters: 4212, time: 0.489, data: 0.001) G_GAN_ViT: 0.344 D_real_ViT: 0.035 D_fake_ViT: 0.231 global: 0.438 spatial: 0.082 
(epoch: 27, iters: 4312, time: 0.489, data: 0.001) G_GAN_ViT: 0.425 D_real_ViT: 0.404 D_fake_ViT: 0.174 global: 0.472 spatial: 0.088 
(epoch: 27, iters: 4412, time: 0.489, data: 0.001) G_GAN_ViT: 0.316 D_real_ViT: 0.238 D_fake_ViT: 0.250 global: 0.562 spatial: 0.087 
(epoch: 27, iters: 4512, time: 0.489, data: 0.001) G_GAN_ViT: 0.427 D_real_ViT: 0.264 D_fake_ViT: 0.168 global: 0.266 spatial: 0.072 
(epoch: 27, iters: 4612, time: 0.489, data: 0.001) G_GAN_ViT: 0.557 D_real_ViT: 0.181 D_fake_ViT: 0.115 global: 0.457 spatial: 0.077 
(epoch: 27, iters: 4712, time: 0.489, data: 0.001) G_GAN_ViT: 0.290 D_real_ViT: 0.144 D_fake_ViT: 0.295 global: 0.403 spatial: 0.075 
(epoch: 27, iters: 4812, time: 0.489, data: 0.001) G_GAN_ViT: 0.379 D_real_ViT: 0.123 D_fake_ViT: 0.202 global: 0.404 spatial: 0.093 
(epoch: 27, iters: 4912, time: 0.488, data: 0.001) G_GAN_ViT: 0.426 D_real_ViT: 0.084 D_fake_ViT: 0.181 global: 0.468 spatial: 0.086 
(epoch: 27, iters: 5012, time: 0.489, data: 0.001) G_GAN_ViT: 0.477 D_real_ViT: 0.286 D_fake_ViT: 0.138 global: 0.441 spatial: 0.087 
(epoch: 27, iters: 5112, time: 0.488, data: 0.001) G_GAN_ViT: 0.400 D_real_ViT: 0.039 D_fake_ViT: 0.200 global: 0.350 spatial: 0.076 
(epoch: 27, iters: 5212, time: 0.488, data: 0.001) G_GAN_ViT: 0.333 D_real_ViT: 0.109 D_fake_ViT: 0.246 global: 0.406 spatial: 0.094 
(epoch: 27, iters: 5312, time: 0.488, data: 0.001) G_GAN_ViT: 0.492 D_real_ViT: 0.159 D_fake_ViT: 0.133 global: 0.333 spatial: 0.079 
(epoch: 27, iters: 5412, time: 0.489, data: 0.001) G_GAN_ViT: 0.364 D_real_ViT: 0.122 D_fake_ViT: 0.227 global: 0.504 spatial: 0.082 
(epoch: 27, iters: 5512, time: 0.489, data: 0.001) G_GAN_ViT: 0.413 D_real_ViT: 0.146 D_fake_ViT: 0.185 global: 0.452 spatial: 0.088 
End of epoch 27 / 100 	 Time Taken: 2714 sec
learning rate = 0.0000100
(epoch: 28, iters: 74, time: 0.489, data: 0.001) G_GAN_ViT: 0.460 D_real_ViT: 0.335 D_fake_ViT: 0.148 global: 0.308 spatial: 0.066 
(epoch: 28, iters: 174, time: 0.489, data: 0.001) G_GAN_ViT: 0.340 D_real_ViT: 0.117 D_fake_ViT: 0.252 global: 0.342 spatial: 0.090 
(epoch: 28, iters: 274, time: 0.489, data: 0.001) G_GAN_ViT: 0.463 D_real_ViT: 0.133 D_fake_ViT: 0.156 global: 0.382 spatial: 0.071 
(epoch: 28, iters: 374, time: 0.488, data: 0.001) G_GAN_ViT: 0.447 D_real_ViT: 0.284 D_fake_ViT: 0.172 global: 0.386 spatial: 0.078 
(epoch: 28, iters: 474, time: 0.489, data: 0.001) G_GAN_ViT: 0.420 D_real_ViT: 0.200 D_fake_ViT: 0.204 global: 0.530 spatial: 0.093 
saving the latest model (epoch 28, total_iters 150000)
ICL_single_traffic_city
(epoch: 28, iters: 574, time: 0.489, data: 0.004) G_GAN_ViT: 0.482 D_real_ViT: 0.173 D_fake_ViT: 0.159 global: 0.442 spatial: 0.106 
(epoch: 28, iters: 674, time: 0.489, data: 0.001) G_GAN_ViT: 0.351 D_real_ViT: 0.187 D_fake_ViT: 0.220 global: 0.491 spatial: 0.079 
(epoch: 28, iters: 774, time: 0.489, data: 0.001) G_GAN_ViT: 0.470 D_real_ViT: 0.135 D_fake_ViT: 0.157 global: 0.342 spatial: 0.071 
(epoch: 28, iters: 874, time: 0.490, data: 0.001) G_GAN_ViT: 0.479 D_real_ViT: 0.176 D_fake_ViT: 0.137 global: 0.294 spatial: 0.073 
(epoch: 28, iters: 974, time: 0.489, data: 0.001) G_GAN_ViT: 0.311 D_real_ViT: 0.115 D_fake_ViT: 0.254 global: 0.461 spatial: 0.081 
(epoch: 28, iters: 1074, time: 0.489, data: 0.001) G_GAN_ViT: 0.303 D_real_ViT: 0.123 D_fake_ViT: 0.284 global: 0.405 spatial: 0.087 
(epoch: 28, iters: 1174, time: 0.489, data: 0.001) G_GAN_ViT: 0.369 D_real_ViT: 0.353 D_fake_ViT: 0.211 global: 0.308 spatial: 0.067 
(epoch: 28, iters: 1274, time: 0.489, data: 0.001) G_GAN_ViT: 0.509 D_real_ViT: 0.189 D_fake_ViT: 0.135 global: 0.472 spatial: 0.077 
(epoch: 28, iters: 1374, time: 0.490, data: 0.001) G_GAN_ViT: 0.435 D_real_ViT: 0.310 D_fake_ViT: 0.156 global: 0.306 spatial: 0.071 
(epoch: 28, iters: 1474, time: 0.489, data: 0.001) G_GAN_ViT: 0.537 D_real_ViT: 0.239 D_fake_ViT: 0.119 global: 0.346 spatial: 0.089 
(epoch: 28, iters: 1574, time: 0.489, data: 0.001) G_GAN_ViT: 0.381 D_real_ViT: 0.152 D_fake_ViT: 0.209 global: 0.428 spatial: 0.083 
(epoch: 28, iters: 1674, time: 0.489, data: 0.001) G_GAN_ViT: 0.386 D_real_ViT: 0.164 D_fake_ViT: 0.210 global: 0.416 spatial: 0.098 
(epoch: 28, iters: 1774, time: 0.490, data: 0.001) G_GAN_ViT: 0.252 D_real_ViT: 0.172 D_fake_ViT: 0.337 global: 0.454 spatial: 0.076 
(epoch: 28, iters: 1874, time: 0.489, data: 0.001) G_GAN_ViT: 0.376 D_real_ViT: 0.047 D_fake_ViT: 0.214 global: 0.369 spatial: 0.095 
(epoch: 28, iters: 1974, time: 0.489, data: 0.002) G_GAN_ViT: 0.481 D_real_ViT: 0.114 D_fake_ViT: 0.138 global: 0.318 spatial: 0.060 
(epoch: 28, iters: 2074, time: 0.489, data: 0.001) G_GAN_ViT: 0.514 D_real_ViT: 0.221 D_fake_ViT: 0.156 global: 0.406 spatial: 0.091 
(epoch: 28, iters: 2174, time: 0.489, data: 0.001) G_GAN_ViT: 0.317 D_real_ViT: 0.202 D_fake_ViT: 0.276 global: 0.556 spatial: 0.095 
(epoch: 28, iters: 2274, time: 0.489, data: 0.001) G_GAN_ViT: 0.392 D_real_ViT: 0.114 D_fake_ViT: 0.200 global: 0.290 spatial: 0.078 
(epoch: 28, iters: 2374, time: 0.489, data: 0.001) G_GAN_ViT: 0.439 D_real_ViT: 0.325 D_fake_ViT: 0.160 global: 0.304 spatial: 0.077 
(epoch: 28, iters: 2474, time: 0.489, data: 0.001) G_GAN_ViT: 0.352 D_real_ViT: 0.163 D_fake_ViT: 0.230 global: 0.316 spatial: 0.065 
(epoch: 28, iters: 2574, time: 0.490, data: 0.001) G_GAN_ViT: 0.425 D_real_ViT: 0.137 D_fake_ViT: 0.177 global: 0.329 spatial: 0.069 
(epoch: 28, iters: 2674, time: 0.489, data: 0.001) G_GAN_ViT: 0.500 D_real_ViT: 0.326 D_fake_ViT: 0.114 global: 0.274 spatial: 0.058 
(epoch: 28, iters: 2774, time: 0.488, data: 0.001) G_GAN_ViT: 0.396 D_real_ViT: 0.290 D_fake_ViT: 0.183 global: 0.433 spatial: 0.085 
(epoch: 28, iters: 2874, time: 0.488, data: 0.001) G_GAN_ViT: 0.521 D_real_ViT: 0.166 D_fake_ViT: 0.134 global: 0.410 spatial: 0.085 
(epoch: 28, iters: 2974, time: 0.488, data: 0.001) G_GAN_ViT: 0.589 D_real_ViT: 0.286 D_fake_ViT: 0.102 global: 0.388 spatial: 0.072 
(epoch: 28, iters: 3074, time: 0.489, data: 0.001) G_GAN_ViT: 0.492 D_real_ViT: 0.281 D_fake_ViT: 0.134 global: 0.352 spatial: 0.090 
(epoch: 28, iters: 3174, time: 0.489, data: 0.001) G_GAN_ViT: 0.452 D_real_ViT: 0.270 D_fake_ViT: 0.144 global: 0.401 spatial: 0.081 
(epoch: 28, iters: 3274, time: 0.489, data: 0.001) G_GAN_ViT: 0.295 D_real_ViT: 0.227 D_fake_ViT: 0.262 global: 0.527 spatial: 0.080 
(epoch: 28, iters: 3374, time: 0.490, data: 0.001) G_GAN_ViT: 0.535 D_real_ViT: 0.216 D_fake_ViT: 0.125 global: 0.357 spatial: 0.093 
(epoch: 28, iters: 3474, time: 0.489, data: 0.001) G_GAN_ViT: 0.366 D_real_ViT: 0.272 D_fake_ViT: 0.215 global: 0.471 spatial: 0.091 
(epoch: 28, iters: 3574, time: 0.489, data: 0.001) G_GAN_ViT: 0.392 D_real_ViT: 0.073 D_fake_ViT: 0.199 global: 0.388 spatial: 0.076 
(epoch: 28, iters: 3674, time: 0.489, data: 0.001) G_GAN_ViT: 0.556 D_real_ViT: 0.177 D_fake_ViT: 0.104 global: 0.343 spatial: 0.076 
(epoch: 28, iters: 3774, time: 0.489, data: 0.001) G_GAN_ViT: 0.510 D_real_ViT: 0.128 D_fake_ViT: 0.125 global: 0.321 spatial: 0.072 
(epoch: 28, iters: 3874, time: 0.489, data: 0.001) G_GAN_ViT: 0.251 D_real_ViT: 0.182 D_fake_ViT: 0.330 global: 0.405 spatial: 0.080 
(epoch: 28, iters: 3974, time: 0.489, data: 0.001) G_GAN_ViT: 0.494 D_real_ViT: 0.308 D_fake_ViT: 0.133 global: 0.373 spatial: 0.082 
(epoch: 28, iters: 4074, time: 0.489, data: 0.003) G_GAN_ViT: 0.594 D_real_ViT: 0.163 D_fake_ViT: 0.099 global: 0.483 spatial: 0.077 
(epoch: 28, iters: 4174, time: 0.490, data: 0.001) G_GAN_ViT: 0.511 D_real_ViT: 0.177 D_fake_ViT: 0.135 global: 0.324 spatial: 0.078 
(epoch: 28, iters: 4274, time: 0.489, data: 0.001) G_GAN_ViT: 0.365 D_real_ViT: 0.178 D_fake_ViT: 0.215 global: 0.386 spatial: 0.085 
(epoch: 28, iters: 4374, time: 0.489, data: 0.001) G_GAN_ViT: 0.387 D_real_ViT: 0.265 D_fake_ViT: 0.188 global: 0.430 spatial: 0.082 
(epoch: 28, iters: 4474, time: 0.489, data: 0.001) G_GAN_ViT: 0.339 D_real_ViT: 0.135 D_fake_ViT: 0.248 global: 0.370 spatial: 0.080 
(epoch: 28, iters: 4574, time: 0.489, data: 0.001) G_GAN_ViT: 0.596 D_real_ViT: 0.240 D_fake_ViT: 0.107 global: 0.330 spatial: 0.073 
(epoch: 28, iters: 4674, time: 0.489, data: 0.001) G_GAN_ViT: 0.454 D_real_ViT: 0.176 D_fake_ViT: 0.160 global: 0.352 spatial: 0.084 
(epoch: 28, iters: 4774, time: 0.490, data: 0.001) G_GAN_ViT: 0.515 D_real_ViT: 0.241 D_fake_ViT: 0.115 global: 0.411 spatial: 0.074 
(epoch: 28, iters: 4874, time: 0.489, data: 0.001) G_GAN_ViT: 0.470 D_real_ViT: 0.137 D_fake_ViT: 0.155 global: 0.377 spatial: 0.084 
(epoch: 28, iters: 4974, time: 0.490, data: 0.002) G_GAN_ViT: 0.445 D_real_ViT: 0.144 D_fake_ViT: 0.181 global: 0.332 spatial: 0.083 
(epoch: 28, iters: 5074, time: 0.489, data: 0.001) G_GAN_ViT: 0.330 D_real_ViT: 0.029 D_fake_ViT: 0.270 global: 0.501 spatial: 0.078 
(epoch: 28, iters: 5174, time: 0.489, data: 0.001) G_GAN_ViT: 0.335 D_real_ViT: 0.195 D_fake_ViT: 0.236 global: 0.439 spatial: 0.082 
(epoch: 28, iters: 5274, time: 0.489, data: 0.001) G_GAN_ViT: 0.505 D_real_ViT: 0.109 D_fake_ViT: 0.128 global: 0.401 spatial: 0.085 
(epoch: 28, iters: 5374, time: 0.488, data: 0.002) G_GAN_ViT: 0.534 D_real_ViT: 0.307 D_fake_ViT: 0.119 global: 0.407 spatial: 0.085 
(epoch: 28, iters: 5474, time: 0.488, data: 0.001) G_GAN_ViT: 0.329 D_real_ViT: 0.194 D_fake_ViT: 0.237 global: 0.330 spatial: 0.068 
saving the latest model (epoch 28, total_iters 155000)
ICL_single_traffic_city
End of epoch 28 / 100 	 Time Taken: 2718 sec
learning rate = 0.0000100
(epoch: 29, iters: 36, time: 0.489, data: 0.001) G_GAN_ViT: 0.387 D_real_ViT: 0.150 D_fake_ViT: 0.204 global: 0.410 spatial: 0.080 
(epoch: 29, iters: 136, time: 0.489, data: 0.001) G_GAN_ViT: 0.609 D_real_ViT: 0.319 D_fake_ViT: 0.100 global: 0.358 spatial: 0.084 
(epoch: 29, iters: 236, time: 0.489, data: 0.001) G_GAN_ViT: 0.403 D_real_ViT: 0.070 D_fake_ViT: 0.196 global: 0.290 spatial: 0.069 
(epoch: 29, iters: 336, time: 0.489, data: 0.001) G_GAN_ViT: 0.374 D_real_ViT: 0.201 D_fake_ViT: 0.225 global: 0.386 spatial: 0.084 
(epoch: 29, iters: 436, time: 0.489, data: 0.001) G_GAN_ViT: 0.420 D_real_ViT: 0.324 D_fake_ViT: 0.193 global: 0.416 spatial: 0.101 
(epoch: 29, iters: 536, time: 0.489, data: 0.001) G_GAN_ViT: 0.472 D_real_ViT: 0.169 D_fake_ViT: 0.152 global: 0.463 spatial: 0.070 
(epoch: 29, iters: 636, time: 0.489, data: 0.001) G_GAN_ViT: 0.438 D_real_ViT: 0.148 D_fake_ViT: 0.160 global: 0.272 spatial: 0.055 
(epoch: 29, iters: 736, time: 0.489, data: 0.001) G_GAN_ViT: 0.394 D_real_ViT: 0.345 D_fake_ViT: 0.184 global: 0.334 spatial: 0.073 
(epoch: 29, iters: 836, time: 0.489, data: 0.001) G_GAN_ViT: 0.262 D_real_ViT: 0.135 D_fake_ViT: 0.319 global: 0.520 spatial: 0.093 
(epoch: 29, iters: 936, time: 0.489, data: 0.001) G_GAN_ViT: 0.581 D_real_ViT: 0.262 D_fake_ViT: 0.121 global: 0.321 spatial: 0.075 
(epoch: 29, iters: 1036, time: 0.489, data: 0.001) G_GAN_ViT: 0.475 D_real_ViT: 0.141 D_fake_ViT: 0.141 global: 0.452 spatial: 0.082 
(epoch: 29, iters: 1136, time: 0.489, data: 0.002) G_GAN_ViT: 0.500 D_real_ViT: 0.145 D_fake_ViT: 0.124 global: 0.304 spatial: 0.082 
(epoch: 29, iters: 1236, time: 0.489, data: 0.001) G_GAN_ViT: 0.294 D_real_ViT: 0.100 D_fake_ViT: 0.279 global: 0.531 spatial: 0.095 
(epoch: 29, iters: 1336, time: 0.489, data: 0.001) G_GAN_ViT: 0.533 D_real_ViT: 0.145 D_fake_ViT: 0.117 global: 0.384 spatial: 0.083 
(epoch: 29, iters: 1436, time: 0.489, data: 0.001) G_GAN_ViT: 0.482 D_real_ViT: 0.237 D_fake_ViT: 0.136 global: 0.377 spatial: 0.078 
(epoch: 29, iters: 1536, time: 0.489, data: 0.001) G_GAN_ViT: 0.361 D_real_ViT: 0.251 D_fake_ViT: 0.209 global: 0.373 spatial: 0.070 
(epoch: 29, iters: 1636, time: 0.489, data: 0.001) G_GAN_ViT: 0.438 D_real_ViT: 0.288 D_fake_ViT: 0.167 global: 0.315 spatial: 0.065 
(epoch: 29, iters: 1736, time: 0.490, data: 0.001) G_GAN_ViT: 0.360 D_real_ViT: 0.228 D_fake_ViT: 0.215 global: 0.438 spatial: 0.087 
(epoch: 29, iters: 1836, time: 0.490, data: 0.001) G_GAN_ViT: 0.466 D_real_ViT: 0.340 D_fake_ViT: 0.155 global: 0.370 spatial: 0.100 
(epoch: 29, iters: 1936, time: 0.489, data: 0.001) G_GAN_ViT: 0.414 D_real_ViT: 0.287 D_fake_ViT: 0.179 global: 0.418 spatial: 0.079 
(epoch: 29, iters: 2036, time: 0.489, data: 0.001) G_GAN_ViT: 0.485 D_real_ViT: 0.100 D_fake_ViT: 0.148 global: 0.398 spatial: 0.091 
(epoch: 29, iters: 2136, time: 0.489, data: 0.001) G_GAN_ViT: 0.368 D_real_ViT: 0.136 D_fake_ViT: 0.204 global: 0.351 spatial: 0.073 
(epoch: 29, iters: 2236, time: 0.489, data: 0.001) G_GAN_ViT: 0.535 D_real_ViT: 0.265 D_fake_ViT: 0.125 global: 0.498 spatial: 0.082 
(epoch: 29, iters: 2336, time: 0.490, data: 0.002) G_GAN_ViT: 0.472 D_real_ViT: 0.253 D_fake_ViT: 0.153 global: 0.358 spatial: 0.062 
(epoch: 29, iters: 2436, time: 0.490, data: 0.001) G_GAN_ViT: 0.424 D_real_ViT: 0.262 D_fake_ViT: 0.167 global: 0.363 spatial: 0.064 
(epoch: 29, iters: 2536, time: 0.490, data: 0.001) G_GAN_ViT: 0.432 D_real_ViT: 0.191 D_fake_ViT: 0.159 global: 0.387 spatial: 0.079 
(epoch: 29, iters: 2636, time: 0.490, data: 0.001) G_GAN_ViT: 0.379 D_real_ViT: 0.151 D_fake_ViT: 0.209 global: 0.410 spatial: 0.074 
(epoch: 29, iters: 2736, time: 0.490, data: 0.001) G_GAN_ViT: 0.303 D_real_ViT: 0.381 D_fake_ViT: 0.279 global: 0.432 spatial: 0.072 
(epoch: 29, iters: 2836, time: 0.490, data: 0.001) G_GAN_ViT: 0.477 D_real_ViT: 0.118 D_fake_ViT: 0.144 global: 0.394 spatial: 0.078 
(epoch: 29, iters: 2936, time: 0.490, data: 0.001) G_GAN_ViT: 0.564 D_real_ViT: 0.338 D_fake_ViT: 0.115 global: 0.339 spatial: 0.074 
(epoch: 29, iters: 3036, time: 0.490, data: 0.001) G_GAN_ViT: 0.350 D_real_ViT: 0.238 D_fake_ViT: 0.211 global: 0.513 spatial: 0.085 
(epoch: 29, iters: 3136, time: 0.490, data: 0.001) G_GAN_ViT: 0.454 D_real_ViT: 0.313 D_fake_ViT: 0.141 global: 0.291 spatial: 0.072 
(epoch: 29, iters: 3236, time: 0.490, data: 0.001) G_GAN_ViT: 0.417 D_real_ViT: 0.145 D_fake_ViT: 0.171 global: 0.286 spatial: 0.062 
(epoch: 29, iters: 3336, time: 0.490, data: 0.001) G_GAN_ViT: 0.461 D_real_ViT: 0.120 D_fake_ViT: 0.147 global: 0.270 spatial: 0.069 
(epoch: 29, iters: 3436, time: 0.490, data: 0.001) G_GAN_ViT: 0.536 D_real_ViT: 0.119 D_fake_ViT: 0.120 global: 0.343 spatial: 0.083 
(epoch: 29, iters: 3536, time: 0.490, data: 0.001) G_GAN_ViT: 0.426 D_real_ViT: 0.237 D_fake_ViT: 0.166 global: 0.398 spatial: 0.084 
(epoch: 29, iters: 3636, time: 0.489, data: 0.001) G_GAN_ViT: 0.329 D_real_ViT: 0.158 D_fake_ViT: 0.238 global: 0.569 spatial: 0.099 
(epoch: 29, iters: 3736, time: 0.489, data: 0.001) G_GAN_ViT: 0.465 D_real_ViT: 0.209 D_fake_ViT: 0.192 global: 0.349 spatial: 0.089 
(epoch: 29, iters: 3836, time: 0.489, data: 0.001) G_GAN_ViT: 0.419 D_real_ViT: 0.216 D_fake_ViT: 0.190 global: 0.464 spatial: 0.111 
(epoch: 29, iters: 3936, time: 0.489, data: 0.001) G_GAN_ViT: 0.509 D_real_ViT: 0.041 D_fake_ViT: 0.135 global: 0.360 spatial: 0.075 
(epoch: 29, iters: 4036, time: 0.489, data: 0.001) G_GAN_ViT: 0.371 D_real_ViT: 0.087 D_fake_ViT: 0.230 global: 0.314 spatial: 0.082 
(epoch: 29, iters: 4136, time: 0.489, data: 0.001) G_GAN_ViT: 0.339 D_real_ViT: 0.175 D_fake_ViT: 0.227 global: 0.551 spatial: 0.092 
(epoch: 29, iters: 4236, time: 0.490, data: 0.001) G_GAN_ViT: 0.429 D_real_ViT: 0.188 D_fake_ViT: 0.182 global: 0.403 spatial: 0.088 
(epoch: 29, iters: 4336, time: 0.489, data: 0.001) G_GAN_ViT: 0.469 D_real_ViT: 0.146 D_fake_ViT: 0.147 global: 0.486 spatial: 0.093 
(epoch: 29, iters: 4436, time: 0.489, data: 0.001) G_GAN_ViT: 0.472 D_real_ViT: 0.263 D_fake_ViT: 0.140 global: 0.259 spatial: 0.063 
(epoch: 29, iters: 4536, time: 0.490, data: 0.001) G_GAN_ViT: 0.428 D_real_ViT: 0.299 D_fake_ViT: 0.165 global: 0.506 spatial: 0.097 
(epoch: 29, iters: 4636, time: 0.489, data: 0.001) G_GAN_ViT: 0.423 D_real_ViT: 0.140 D_fake_ViT: 0.168 global: 0.335 spatial: 0.071 
(epoch: 29, iters: 4736, time: 0.489, data: 0.001) G_GAN_ViT: 0.444 D_real_ViT: 0.064 D_fake_ViT: 0.175 global: 0.357 spatial: 0.078 
(epoch: 29, iters: 4836, time: 0.488, data: 0.001) G_GAN_ViT: 0.415 D_real_ViT: 0.228 D_fake_ViT: 0.177 global: 0.407 spatial: 0.075 
(epoch: 29, iters: 4936, time: 0.488, data: 0.001) G_GAN_ViT: 0.509 D_real_ViT: 0.150 D_fake_ViT: 0.132 global: 0.345 spatial: 0.062 
saving the latest model (epoch 29, total_iters 160000)
ICL_single_traffic_city
(epoch: 29, iters: 5036, time: 0.488, data: 0.001) G_GAN_ViT: 0.396 D_real_ViT: 0.211 D_fake_ViT: 0.188 global: 0.480 spatial: 0.096 
(epoch: 29, iters: 5136, time: 0.489, data: 0.001) G_GAN_ViT: 0.367 D_real_ViT: 0.087 D_fake_ViT: 0.211 global: 0.436 spatial: 0.089 
(epoch: 29, iters: 5236, time: 0.489, data: 0.001) G_GAN_ViT: 0.359 D_real_ViT: 0.091 D_fake_ViT: 0.245 global: 0.578 spatial: 0.094 
(epoch: 29, iters: 5336, time: 0.489, data: 0.001) G_GAN_ViT: 0.675 D_real_ViT: 0.165 D_fake_ViT: 0.094 global: 0.343 spatial: 0.097 
(epoch: 29, iters: 5436, time: 0.487, data: 0.001) G_GAN_ViT: 0.378 D_real_ViT: 0.186 D_fake_ViT: 0.220 global: 0.458 spatial: 0.084 
(epoch: 29, iters: 5536, time: 0.488, data: 0.001) G_GAN_ViT: 0.368 D_real_ViT: 0.131 D_fake_ViT: 0.215 global: 0.456 spatial: 0.094 
End of epoch 29 / 100 	 Time Taken: 2717 sec
learning rate = 0.0000100
(epoch: 30, iters: 98, time: 0.488, data: 0.001) G_GAN_ViT: 0.323 D_real_ViT: 0.130 D_fake_ViT: 0.270 global: 0.392 spatial: 0.079 
(epoch: 30, iters: 198, time: 0.489, data: 0.001) G_GAN_ViT: 0.484 D_real_ViT: 0.284 D_fake_ViT: 0.139 global: 0.322 spatial: 0.078 
(epoch: 30, iters: 298, time: 0.489, data: 0.001) G_GAN_ViT: 0.429 D_real_ViT: 0.467 D_fake_ViT: 0.153 global: 0.319 spatial: 0.080 
(epoch: 30, iters: 398, time: 0.489, data: 0.005) G_GAN_ViT: 0.337 D_real_ViT: 0.322 D_fake_ViT: 0.238 global: 0.349 spatial: 0.074 
(epoch: 30, iters: 498, time: 0.489, data: 0.001) G_GAN_ViT: 0.444 D_real_ViT: 0.065 D_fake_ViT: 0.177 global: 0.313 spatial: 0.073 
(epoch: 30, iters: 598, time: 0.488, data: 0.001) G_GAN_ViT: 0.524 D_real_ViT: 0.250 D_fake_ViT: 0.126 global: 0.260 spatial: 0.053 
(epoch: 30, iters: 698, time: 0.488, data: 0.001) G_GAN_ViT: 0.442 D_real_ViT: 0.196 D_fake_ViT: 0.155 global: 0.408 spatial: 0.087 
(epoch: 30, iters: 798, time: 0.488, data: 0.001) G_GAN_ViT: 0.469 D_real_ViT: 0.176 D_fake_ViT: 0.149 global: 0.465 spatial: 0.074 
(epoch: 30, iters: 898, time: 0.489, data: 0.001) G_GAN_ViT: 0.337 D_real_ViT: 0.283 D_fake_ViT: 0.282 global: 0.374 spatial: 0.075 
(epoch: 30, iters: 998, time: 0.489, data: 0.001) G_GAN_ViT: 0.427 D_real_ViT: 0.253 D_fake_ViT: 0.176 global: 0.359 spatial: 0.075 
(epoch: 30, iters: 1098, time: 0.489, data: 0.001) G_GAN_ViT: 0.398 D_real_ViT: 0.306 D_fake_ViT: 0.211 global: 0.434 spatial: 0.086 
(epoch: 30, iters: 1198, time: 0.489, data: 0.001) G_GAN_ViT: 0.400 D_real_ViT: 0.216 D_fake_ViT: 0.218 global: 0.350 spatial: 0.084 
(epoch: 30, iters: 1298, time: 0.488, data: 0.001) G_GAN_ViT: 0.447 D_real_ViT: 0.191 D_fake_ViT: 0.160 global: 0.368 spatial: 0.093 
(epoch: 30, iters: 1398, time: 0.489, data: 0.001) G_GAN_ViT: 0.431 D_real_ViT: 0.184 D_fake_ViT: 0.167 global: 0.310 spatial: 0.066 
(epoch: 30, iters: 1498, time: 0.489, data: 0.001) G_GAN_ViT: 0.464 D_real_ViT: 0.191 D_fake_ViT: 0.144 global: 0.322 spatial: 0.090 
(epoch: 30, iters: 1598, time: 0.489, data: 0.001) G_GAN_ViT: 0.485 D_real_ViT: 0.138 D_fake_ViT: 0.130 global: 0.284 spatial: 0.073 
(epoch: 30, iters: 1698, time: 0.489, data: 0.001) G_GAN_ViT: 0.395 D_real_ViT: 0.219 D_fake_ViT: 0.194 global: 0.535 spatial: 0.080 
(epoch: 30, iters: 1798, time: 0.489, data: 0.001) G_GAN_ViT: 0.504 D_real_ViT: 0.228 D_fake_ViT: 0.158 global: 0.518 spatial: 0.105 
(epoch: 30, iters: 1898, time: 0.489, data: 0.001) G_GAN_ViT: 0.366 D_real_ViT: 0.104 D_fake_ViT: 0.244 global: 0.455 spatial: 0.080 
(epoch: 30, iters: 1998, time: 0.489, data: 0.001) G_GAN_ViT: 0.482 D_real_ViT: 0.223 D_fake_ViT: 0.159 global: 0.356 spatial: 0.069 
(epoch: 30, iters: 2098, time: 0.489, data: 0.001) G_GAN_ViT: 0.405 D_real_ViT: 0.145 D_fake_ViT: 0.178 global: 0.307 spatial: 0.079 
(epoch: 30, iters: 2198, time: 0.488, data: 0.001) G_GAN_ViT: 0.411 D_real_ViT: 0.258 D_fake_ViT: 0.178 global: 0.321 spatial: 0.069 
(epoch: 30, iters: 2298, time: 0.488, data: 0.001) G_GAN_ViT: 0.442 D_real_ViT: 0.205 D_fake_ViT: 0.161 global: 0.418 spatial: 0.070 
(epoch: 30, iters: 2398, time: 0.488, data: 0.001) G_GAN_ViT: 0.437 D_real_ViT: 0.348 D_fake_ViT: 0.156 global: 0.379 spatial: 0.075 
(epoch: 30, iters: 2498, time: 0.488, data: 0.001) G_GAN_ViT: 0.486 D_real_ViT: 0.196 D_fake_ViT: 0.166 global: 0.411 spatial: 0.097 
(epoch: 30, iters: 2598, time: 0.488, data: 0.001) G_GAN_ViT: 0.354 D_real_ViT: 0.098 D_fake_ViT: 0.228 global: 0.327 spatial: 0.074 
(epoch: 30, iters: 2698, time: 0.487, data: 0.001) G_GAN_ViT: 0.418 D_real_ViT: 0.359 D_fake_ViT: 0.204 global: 0.353 spatial: 0.100 
(epoch: 30, iters: 2798, time: 0.488, data: 0.001) G_GAN_ViT: 0.327 D_real_ViT: 0.165 D_fake_ViT: 0.240 global: 0.534 spatial: 0.089 
(epoch: 30, iters: 2898, time: 0.488, data: 0.001) G_GAN_ViT: 0.492 D_real_ViT: 0.175 D_fake_ViT: 0.133 global: 0.451 spatial: 0.091 
(epoch: 30, iters: 2998, time: 0.488, data: 0.002) G_GAN_ViT: 0.376 D_real_ViT: 0.189 D_fake_ViT: 0.217 global: 0.366 spatial: 0.080 
(epoch: 30, iters: 3098, time: 0.488, data: 0.001) G_GAN_ViT: 0.465 D_real_ViT: 0.186 D_fake_ViT: 0.163 global: 0.459 spatial: 0.113 
(epoch: 30, iters: 3198, time: 0.488, data: 0.001) G_GAN_ViT: 0.413 D_real_ViT: 0.239 D_fake_ViT: 0.172 global: 0.337 spatial: 0.080 
(epoch: 30, iters: 3298, time: 0.488, data: 0.001) G_GAN_ViT: 0.317 D_real_ViT: 0.171 D_fake_ViT: 0.262 global: 0.492 spatial: 0.092 
(epoch: 30, iters: 3398, time: 0.488, data: 0.001) G_GAN_ViT: 0.569 D_real_ViT: 0.134 D_fake_ViT: 0.110 global: 0.348 spatial: 0.077 
(epoch: 30, iters: 3498, time: 0.488, data: 0.001) G_GAN_ViT: 0.340 D_real_ViT: 0.208 D_fake_ViT: 0.225 global: 0.333 spatial: 0.072 
(epoch: 30, iters: 3598, time: 0.488, data: 0.001) G_GAN_ViT: 0.399 D_real_ViT: 0.168 D_fake_ViT: 0.190 global: 0.337 spatial: 0.081 
(epoch: 30, iters: 3698, time: 0.488, data: 0.001) G_GAN_ViT: 0.481 D_real_ViT: 0.261 D_fake_ViT: 0.128 global: 0.303 spatial: 0.064 
(epoch: 30, iters: 3798, time: 0.488, data: 0.001) G_GAN_ViT: 0.299 D_real_ViT: 0.312 D_fake_ViT: 0.281 global: 0.535 spatial: 0.086 
(epoch: 30, iters: 3898, time: 0.488, data: 0.002) G_GAN_ViT: 0.382 D_real_ViT: 0.197 D_fake_ViT: 0.207 global: 0.307 spatial: 0.076 
(epoch: 30, iters: 3998, time: 0.489, data: 0.002) G_GAN_ViT: 0.528 D_real_ViT: 0.197 D_fake_ViT: 0.119 global: 0.333 spatial: 0.076 
(epoch: 30, iters: 4098, time: 0.489, data: 0.001) G_GAN_ViT: 0.493 D_real_ViT: 0.224 D_fake_ViT: 0.137 global: 0.325 spatial: 0.084 
(epoch: 30, iters: 4198, time: 0.489, data: 0.001) G_GAN_ViT: 0.724 D_real_ViT: 0.235 D_fake_ViT: 0.071 global: 0.493 spatial: 0.090 
(epoch: 30, iters: 4298, time: 0.488, data: 0.001) G_GAN_ViT: 0.513 D_real_ViT: 0.191 D_fake_ViT: 0.134 global: 0.309 spatial: 0.067 
(epoch: 30, iters: 4398, time: 0.488, data: 0.002) G_GAN_ViT: 0.466 D_real_ViT: 0.105 D_fake_ViT: 0.154 global: 0.346 spatial: 0.071 
saving the latest model (epoch 30, total_iters 165000)
ICL_single_traffic_city
(epoch: 30, iters: 4498, time: 0.488, data: 0.001) G_GAN_ViT: 0.326 D_real_ViT: 0.323 D_fake_ViT: 0.261 global: 0.555 spatial: 0.100 
(epoch: 30, iters: 4598, time: 0.487, data: 0.001) G_GAN_ViT: 0.453 D_real_ViT: 0.035 D_fake_ViT: 0.155 global: 0.321 spatial: 0.078 
(epoch: 30, iters: 4698, time: 0.487, data: 0.001) G_GAN_ViT: 0.459 D_real_ViT: 0.320 D_fake_ViT: 0.163 global: 0.435 spatial: 0.095 
(epoch: 30, iters: 4798, time: 0.487, data: 0.001) G_GAN_ViT: 0.315 D_real_ViT: 0.367 D_fake_ViT: 0.264 global: 0.457 spatial: 0.086 
(epoch: 30, iters: 4898, time: 0.487, data: 0.001) G_GAN_ViT: 0.782 D_real_ViT: 0.278 D_fake_ViT: 0.092 global: 0.428 spatial: 0.088 
(epoch: 30, iters: 4998, time: 0.487, data: 0.001) G_GAN_ViT: 0.449 D_real_ViT: 0.136 D_fake_ViT: 0.161 global: 0.324 spatial: 0.067 
(epoch: 30, iters: 5098, time: 0.487, data: 0.001) G_GAN_ViT: 0.455 D_real_ViT: 0.135 D_fake_ViT: 0.184 global: 0.400 spatial: 0.115 
(epoch: 30, iters: 5198, time: 0.487, data: 0.001) G_GAN_ViT: 0.367 D_real_ViT: 0.091 D_fake_ViT: 0.212 global: 0.440 spatial: 0.091 
(epoch: 30, iters: 5298, time: 0.487, data: 0.001) G_GAN_ViT: 0.344 D_real_ViT: 0.297 D_fake_ViT: 0.219 global: 0.451 spatial: 0.082 
(epoch: 30, iters: 5398, time: 0.487, data: 0.001) G_GAN_ViT: 0.456 D_real_ViT: 0.338 D_fake_ViT: 0.157 global: 0.327 spatial: 0.088 
(epoch: 30, iters: 5498, time: 0.487, data: 0.001) G_GAN_ViT: 0.341 D_real_ViT: 0.159 D_fake_ViT: 0.247 global: 0.436 spatial: 0.080 
saving the model at the end of epoch 30, iters 166140
End of epoch 30 / 100 	 Time Taken: 2713 sec
learning rate = 0.0000100
(epoch: 31, iters: 60, time: 0.487, data: 0.001) G_GAN_ViT: 0.426 D_real_ViT: 0.272 D_fake_ViT: 0.189 global: 0.336 spatial: 0.076 
(epoch: 31, iters: 160, time: 0.487, data: 0.001) G_GAN_ViT: 0.490 D_real_ViT: 0.099 D_fake_ViT: 0.155 global: 0.396 spatial: 0.098 
(epoch: 31, iters: 260, time: 0.487, data: 0.001) G_GAN_ViT: 0.405 D_real_ViT: 0.227 D_fake_ViT: 0.184 global: 0.439 spatial: 0.077 
(epoch: 31, iters: 360, time: 0.487, data: 0.001) G_GAN_ViT: 0.458 D_real_ViT: 0.100 D_fake_ViT: 0.148 global: 0.313 spatial: 0.063 
(epoch: 31, iters: 460, time: 0.487, data: 0.001) G_GAN_ViT: 0.449 D_real_ViT: 0.142 D_fake_ViT: 0.171 global: 0.430 spatial: 0.088 
(epoch: 31, iters: 560, time: 0.487, data: 0.001) G_GAN_ViT: 0.403 D_real_ViT: 0.049 D_fake_ViT: 0.196 global: 0.476 spatial: 0.090 
(epoch: 31, iters: 660, time: 0.487, data: 0.001) G_GAN_ViT: 0.448 D_real_ViT: 0.161 D_fake_ViT: 0.177 global: 0.462 spatial: 0.106 
(epoch: 31, iters: 760, time: 0.488, data: 0.001) G_GAN_ViT: 0.482 D_real_ViT: 0.223 D_fake_ViT: 0.135 global: 0.313 spatial: 0.079 
(epoch: 31, iters: 860, time: 0.488, data: 0.001) G_GAN_ViT: 0.487 D_real_ViT: 0.107 D_fake_ViT: 0.166 global: 0.483 spatial: 0.088 
(epoch: 31, iters: 960, time: 0.488, data: 0.001) G_GAN_ViT: 0.534 D_real_ViT: 0.143 D_fake_ViT: 0.130 global: 0.324 spatial: 0.075 
(epoch: 31, iters: 1060, time: 0.487, data: 0.001) G_GAN_ViT: 0.472 D_real_ViT: 0.303 D_fake_ViT: 0.149 global: 0.313 spatial: 0.068 
(epoch: 31, iters: 1160, time: 0.487, data: 0.001) G_GAN_ViT: 0.501 D_real_ViT: 0.275 D_fake_ViT: 0.128 global: 0.424 spatial: 0.087 
(epoch: 31, iters: 1260, time: 0.487, data: 0.001) G_GAN_ViT: 0.420 D_real_ViT: 0.258 D_fake_ViT: 0.185 global: 0.550 spatial: 0.093 
(epoch: 31, iters: 1360, time: 0.487, data: 0.001) G_GAN_ViT: 0.427 D_real_ViT: 0.217 D_fake_ViT: 0.179 global: 0.505 spatial: 0.092 
(epoch: 31, iters: 1460, time: 0.487, data: 0.001) G_GAN_ViT: 0.323 D_real_ViT: 0.126 D_fake_ViT: 0.248 global: 0.466 spatial: 0.072 
(epoch: 31, iters: 1560, time: 0.487, data: 0.001) G_GAN_ViT: 0.420 D_real_ViT: 0.037 D_fake_ViT: 0.197 global: 0.345 spatial: 0.079 
(epoch: 31, iters: 1660, time: 0.487, data: 0.001) G_GAN_ViT: 0.275 D_real_ViT: 0.052 D_fake_ViT: 0.299 global: 0.508 spatial: 0.095 
(epoch: 31, iters: 1760, time: 0.487, data: 0.002) G_GAN_ViT: 0.503 D_real_ViT: 0.045 D_fake_ViT: 0.143 global: 0.368 spatial: 0.086 
(epoch: 31, iters: 1860, time: 0.488, data: 0.001) G_GAN_ViT: 0.447 D_real_ViT: 0.163 D_fake_ViT: 0.163 global: 0.318 spatial: 0.086 
(epoch: 31, iters: 1960, time: 0.488, data: 0.001) G_GAN_ViT: 0.400 D_real_ViT: 0.308 D_fake_ViT: 0.176 global: 0.386 spatial: 0.076 
(epoch: 31, iters: 2060, time: 0.489, data: 0.001) G_GAN_ViT: 0.313 D_real_ViT: 0.274 D_fake_ViT: 0.278 global: 0.560 spatial: 0.087 
(epoch: 31, iters: 2160, time: 0.488, data: 0.001) G_GAN_ViT: 0.344 D_real_ViT: 0.204 D_fake_ViT: 0.234 global: 0.447 spatial: 0.082 
(epoch: 31, iters: 2260, time: 0.489, data: 0.001) G_GAN_ViT: 0.485 D_real_ViT: 0.121 D_fake_ViT: 0.122 global: 0.265 spatial: 0.063 
(epoch: 31, iters: 2360, time: 0.489, data: 0.001) G_GAN_ViT: 0.505 D_real_ViT: 0.118 D_fake_ViT: 0.138 global: 0.389 spatial: 0.068 
(epoch: 31, iters: 2460, time: 0.490, data: 0.002) G_GAN_ViT: 0.439 D_real_ViT: 0.235 D_fake_ViT: 0.158 global: 0.353 spatial: 0.070 
(epoch: 31, iters: 2560, time: 0.489, data: 0.002) G_GAN_ViT: 0.432 D_real_ViT: 0.205 D_fake_ViT: 0.180 global: 0.552 spatial: 0.085 
(epoch: 31, iters: 2660, time: 0.488, data: 0.001) G_GAN_ViT: 0.287 D_real_ViT: 0.333 D_fake_ViT: 0.278 global: 0.462 spatial: 0.086 
(epoch: 31, iters: 2760, time: 0.489, data: 0.001) G_GAN_ViT: 0.422 D_real_ViT: 0.067 D_fake_ViT: 0.174 global: 0.265 spatial: 0.064 
(epoch: 31, iters: 2860, time: 0.490, data: 0.002) G_GAN_ViT: 0.539 D_real_ViT: 0.214 D_fake_ViT: 0.144 global: 0.435 spatial: 0.115 
(epoch: 31, iters: 2960, time: 0.490, data: 0.001) G_GAN_ViT: 0.547 D_real_ViT: 0.155 D_fake_ViT: 0.126 global: 0.385 spatial: 0.086 
(epoch: 31, iters: 3060, time: 0.489, data: 0.001) G_GAN_ViT: 0.522 D_real_ViT: 0.092 D_fake_ViT: 0.123 global: 0.347 spatial: 0.085 
(epoch: 31, iters: 3160, time: 0.490, data: 0.002) G_GAN_ViT: 0.390 D_real_ViT: 0.286 D_fake_ViT: 0.213 global: 0.492 spatial: 0.093 
(epoch: 31, iters: 3260, time: 0.490, data: 0.002) G_GAN_ViT: 0.551 D_real_ViT: 0.186 D_fake_ViT: 0.113 global: 0.318 spatial: 0.082 
(epoch: 31, iters: 3360, time: 0.490, data: 0.002) G_GAN_ViT: 0.473 D_real_ViT: 0.182 D_fake_ViT: 0.142 global: 0.295 spatial: 0.075 
(epoch: 31, iters: 3460, time: 0.490, data: 0.002) G_GAN_ViT: 0.396 D_real_ViT: 0.095 D_fake_ViT: 0.211 global: 0.336 spatial: 0.063 
(epoch: 31, iters: 3560, time: 0.490, data: 0.002) G_GAN_ViT: 0.241 D_real_ViT: 0.115 D_fake_ViT: 0.360 global: 0.531 spatial: 0.092 
(epoch: 31, iters: 3660, time: 0.490, data: 0.001) G_GAN_ViT: 0.436 D_real_ViT: 0.189 D_fake_ViT: 0.171 global: 0.297 spatial: 0.085 
(epoch: 31, iters: 3760, time: 0.489, data: 0.001) G_GAN_ViT: 0.392 D_real_ViT: 0.212 D_fake_ViT: 0.181 global: 0.296 spatial: 0.061 
(epoch: 31, iters: 3860, time: 0.490, data: 0.001) G_GAN_ViT: 0.455 D_real_ViT: 0.093 D_fake_ViT: 0.146 global: 0.296 spatial: 0.069 
saving the latest model (epoch 31, total_iters 170000)
ICL_single_traffic_city
(epoch: 31, iters: 3960, time: 0.490, data: 0.002) G_GAN_ViT: 0.377 D_real_ViT: 0.316 D_fake_ViT: 0.205 global: 0.448 spatial: 0.094 
(epoch: 31, iters: 4060, time: 0.490, data: 0.001) G_GAN_ViT: 0.532 D_real_ViT: 0.230 D_fake_ViT: 0.119 global: 0.327 spatial: 0.081 
(epoch: 31, iters: 4160, time: 0.490, data: 0.001) G_GAN_ViT: 0.324 D_real_ViT: 0.029 D_fake_ViT: 0.256 global: 0.435 spatial: 0.080 
(epoch: 31, iters: 4260, time: 0.490, data: 0.001) G_GAN_ViT: 0.320 D_real_ViT: 0.294 D_fake_ViT: 0.247 global: 0.509 spatial: 0.081 
(epoch: 31, iters: 4360, time: 0.490, data: 0.001) G_GAN_ViT: 0.530 D_real_ViT: 0.234 D_fake_ViT: 0.120 global: 0.334 spatial: 0.078 
(epoch: 31, iters: 4460, time: 0.490, data: 0.001) G_GAN_ViT: 0.466 D_real_ViT: 0.138 D_fake_ViT: 0.149 global: 0.325 spatial: 0.065 
(epoch: 31, iters: 4560, time: 0.490, data: 0.001) G_GAN_ViT: 0.397 D_real_ViT: 0.210 D_fake_ViT: 0.201 global: 0.464 spatial: 0.112 
(epoch: 31, iters: 4660, time: 0.490, data: 0.001) G_GAN_ViT: 0.431 D_real_ViT: 0.166 D_fake_ViT: 0.174 global: 0.367 spatial: 0.079 
(epoch: 31, iters: 4760, time: 0.490, data: 0.001) G_GAN_ViT: 0.333 D_real_ViT: 0.150 D_fake_ViT: 0.233 global: 0.446 spatial: 0.075 
(epoch: 31, iters: 4860, time: 0.490, data: 0.001) G_GAN_ViT: 0.477 D_real_ViT: 0.142 D_fake_ViT: 0.146 global: 0.550 spatial: 0.088 
(epoch: 31, iters: 4960, time: 0.490, data: 0.001) G_GAN_ViT: 0.379 D_real_ViT: 0.181 D_fake_ViT: 0.201 global: 0.504 spatial: 0.090 
(epoch: 31, iters: 5060, time: 0.489, data: 0.001) G_GAN_ViT: 0.544 D_real_ViT: 0.214 D_fake_ViT: 0.110 global: 0.325 spatial: 0.068 
(epoch: 31, iters: 5160, time: 0.489, data: 0.001) G_GAN_ViT: 0.413 D_real_ViT: 0.144 D_fake_ViT: 0.186 global: 0.404 spatial: 0.071 
(epoch: 31, iters: 5260, time: 0.489, data: 0.001) G_GAN_ViT: 0.416 D_real_ViT: 0.237 D_fake_ViT: 0.176 global: 0.440 spatial: 0.084 
(epoch: 31, iters: 5360, time: 0.489, data: 0.001) G_GAN_ViT: 0.357 D_real_ViT: 0.205 D_fake_ViT: 0.220 global: 0.504 spatial: 0.077 
(epoch: 31, iters: 5460, time: 0.489, data: 0.001) G_GAN_ViT: 0.493 D_real_ViT: 0.194 D_fake_ViT: 0.150 global: 0.398 spatial: 0.106 
End of epoch 31 / 100 	 Time Taken: 2716 sec
learning rate = 0.0000100
(epoch: 32, iters: 22, time: 0.489, data: 0.001) G_GAN_ViT: 0.311 D_real_ViT: 0.160 D_fake_ViT: 0.255 global: 0.486 spatial: 0.082 
(epoch: 32, iters: 122, time: 0.489, data: 0.001) G_GAN_ViT: 0.400 D_real_ViT: 0.090 D_fake_ViT: 0.179 global: 0.309 spatial: 0.069 
(epoch: 32, iters: 222, time: 0.489, data: 0.001) G_GAN_ViT: 0.420 D_real_ViT: 0.386 D_fake_ViT: 0.189 global: 0.397 spatial: 0.089 
(epoch: 32, iters: 322, time: 0.489, data: 0.002) G_GAN_ViT: 0.459 D_real_ViT: 0.194 D_fake_ViT: 0.150 global: 0.380 spatial: 0.097 
(epoch: 32, iters: 422, time: 0.490, data: 0.002) G_GAN_ViT: 0.345 D_real_ViT: 0.150 D_fake_ViT: 0.241 global: 0.260 spatial: 0.072 
(epoch: 32, iters: 522, time: 0.489, data: 0.002) G_GAN_ViT: 0.584 D_real_ViT: 0.144 D_fake_ViT: 0.100 global: 0.394 spatial: 0.091 
(epoch: 32, iters: 622, time: 0.489, data: 0.001) G_GAN_ViT: 0.427 D_real_ViT: 0.370 D_fake_ViT: 0.172 global: 0.333 spatial: 0.081 
(epoch: 32, iters: 722, time: 0.489, data: 0.001) G_GAN_ViT: 0.409 D_real_ViT: 0.119 D_fake_ViT: 0.209 global: 0.398 spatial: 0.108 
(epoch: 32, iters: 822, time: 0.489, data: 0.001) G_GAN_ViT: 0.456 D_real_ViT: 0.297 D_fake_ViT: 0.154 global: 0.309 spatial: 0.073 
(epoch: 32, iters: 922, time: 0.489, data: 0.001) G_GAN_ViT: 0.364 D_real_ViT: 0.179 D_fake_ViT: 0.217 global: 0.262 spatial: 0.064 
(epoch: 32, iters: 1022, time: 0.489, data: 0.001) G_GAN_ViT: 0.425 D_real_ViT: 0.229 D_fake_ViT: 0.167 global: 0.358 spatial: 0.082 
(epoch: 32, iters: 1122, time: 0.488, data: 0.002) G_GAN_ViT: 0.315 D_real_ViT: 0.298 D_fake_ViT: 0.255 global: 0.442 spatial: 0.084 
(epoch: 32, iters: 1222, time: 0.488, data: 0.001) G_GAN_ViT: 0.537 D_real_ViT: 0.248 D_fake_ViT: 0.112 global: 0.362 spatial: 0.090 
(epoch: 32, iters: 1322, time: 0.488, data: 0.001) G_GAN_ViT: 0.483 D_real_ViT: 0.287 D_fake_ViT: 0.143 global: 0.358 spatial: 0.088 
(epoch: 32, iters: 1422, time: 0.488, data: 0.001) G_GAN_ViT: 0.395 D_real_ViT: 0.403 D_fake_ViT: 0.179 global: 0.292 spatial: 0.074 
(epoch: 32, iters: 1522, time: 0.488, data: 0.001) G_GAN_ViT: 0.608 D_real_ViT: 0.174 D_fake_ViT: 0.122 global: 0.397 spatial: 0.088 
(epoch: 32, iters: 1622, time: 0.489, data: 0.002) G_GAN_ViT: 0.347 D_real_ViT: 0.242 D_fake_ViT: 0.237 global: 0.352 spatial: 0.062 
(epoch: 32, iters: 1722, time: 0.489, data: 0.001) G_GAN_ViT: 0.476 D_real_ViT: 0.117 D_fake_ViT: 0.159 global: 0.580 spatial: 0.094 
(epoch: 32, iters: 1822, time: 0.489, data: 0.001) G_GAN_ViT: 0.410 D_real_ViT: 0.260 D_fake_ViT: 0.210 global: 0.384 spatial: 0.106 
(epoch: 32, iters: 1922, time: 0.488, data: 0.001) G_GAN_ViT: 0.355 D_real_ViT: 0.111 D_fake_ViT: 0.224 global: 0.368 spatial: 0.065 
(epoch: 32, iters: 2022, time: 0.488, data: 0.001) G_GAN_ViT: 0.513 D_real_ViT: 0.180 D_fake_ViT: 0.136 global: 0.433 spatial: 0.080 
(epoch: 32, iters: 2122, time: 0.487, data: 0.001) G_GAN_ViT: 0.488 D_real_ViT: 0.214 D_fake_ViT: 0.137 global: 0.435 spatial: 0.086 
(epoch: 32, iters: 2222, time: 0.487, data: 0.001) G_GAN_ViT: 0.269 D_real_ViT: 0.299 D_fake_ViT: 0.290 global: 0.441 spatial: 0.072 
(epoch: 32, iters: 2322, time: 0.487, data: 0.001) G_GAN_ViT: 0.436 D_real_ViT: 0.111 D_fake_ViT: 0.170 global: 0.408 spatial: 0.084 
(epoch: 32, iters: 2422, time: 0.487, data: 0.001) G_GAN_ViT: 0.542 D_real_ViT: 0.162 D_fake_ViT: 0.109 global: 0.296 spatial: 0.072 
(epoch: 32, iters: 2522, time: 0.487, data: 0.001) G_GAN_ViT: 0.353 D_real_ViT: 0.278 D_fake_ViT: 0.226 global: 0.350 spatial: 0.064 
(epoch: 32, iters: 2622, time: 0.487, data: 0.001) G_GAN_ViT: 0.266 D_real_ViT: 0.261 D_fake_ViT: 0.292 global: 0.575 spatial: 0.091 
(epoch: 32, iters: 2722, time: 0.487, data: 0.001) G_GAN_ViT: 0.599 D_real_ViT: 0.140 D_fake_ViT: 0.107 global: 0.433 spatial: 0.102 
(epoch: 32, iters: 2822, time: 0.487, data: 0.002) G_GAN_ViT: 0.286 D_real_ViT: 0.272 D_fake_ViT: 0.270 global: 0.468 spatial: 0.079 
(epoch: 32, iters: 2922, time: 0.487, data: 0.001) G_GAN_ViT: 0.439 D_real_ViT: 0.165 D_fake_ViT: 0.178 global: 0.325 spatial: 0.078 
(epoch: 32, iters: 3022, time: 0.487, data: 0.001) G_GAN_ViT: 0.488 D_real_ViT: 0.200 D_fake_ViT: 0.167 global: 0.334 spatial: 0.093 
(epoch: 32, iters: 3122, time: 0.487, data: 0.001) G_GAN_ViT: 0.351 D_real_ViT: 0.156 D_fake_ViT: 0.225 global: 0.365 spatial: 0.066 
(epoch: 32, iters: 3222, time: 0.486, data: 0.001) G_GAN_ViT: 0.465 D_real_ViT: 0.097 D_fake_ViT: 0.157 global: 0.399 spatial: 0.084 
(epoch: 32, iters: 3322, time: 0.487, data: 0.001) G_GAN_ViT: 0.398 D_real_ViT: 0.168 D_fake_ViT: 0.190 global: 0.488 spatial: 0.087 
saving the latest model (epoch 32, total_iters 175000)
ICL_single_traffic_city
(epoch: 32, iters: 3422, time: 0.487, data: 0.002) G_GAN_ViT: 0.396 D_real_ViT: 0.254 D_fake_ViT: 0.182 global: 0.268 spatial: 0.075 
(epoch: 32, iters: 3522, time: 0.487, data: 0.001) G_GAN_ViT: 0.372 D_real_ViT: 0.240 D_fake_ViT: 0.214 global: 0.395 spatial: 0.079 
(epoch: 32, iters: 3622, time: 0.487, data: 0.001) G_GAN_ViT: 0.372 D_real_ViT: 0.261 D_fake_ViT: 0.198 global: 0.412 spatial: 0.093 
(epoch: 32, iters: 3722, time: 0.487, data: 0.001) G_GAN_ViT: 0.351 D_real_ViT: 0.130 D_fake_ViT: 0.227 global: 0.397 spatial: 0.086 
(epoch: 32, iters: 3822, time: 0.487, data: 0.001) G_GAN_ViT: 0.295 D_real_ViT: 0.085 D_fake_ViT: 0.276 global: 0.517 spatial: 0.093 
(epoch: 32, iters: 3922, time: 0.487, data: 0.001) G_GAN_ViT: 0.496 D_real_ViT: 0.080 D_fake_ViT: 0.131 global: 0.283 spatial: 0.054 
(epoch: 32, iters: 4022, time: 0.487, data: 0.001) G_GAN_ViT: 0.388 D_real_ViT: 0.411 D_fake_ViT: 0.202 global: 0.541 spatial: 0.096 
(epoch: 32, iters: 4122, time: 0.486, data: 0.001) G_GAN_ViT: 0.421 D_real_ViT: 0.139 D_fake_ViT: 0.186 global: 0.405 spatial: 0.089 
(epoch: 32, iters: 4222, time: 0.487, data: 0.001) G_GAN_ViT: 0.519 D_real_ViT: 0.240 D_fake_ViT: 0.133 global: 0.414 spatial: 0.098 
(epoch: 32, iters: 4322, time: 0.487, data: 0.001) G_GAN_ViT: 0.447 D_real_ViT: 0.101 D_fake_ViT: 0.156 global: 0.437 spatial: 0.078 
(epoch: 32, iters: 4422, time: 0.486, data: 0.001) G_GAN_ViT: 0.527 D_real_ViT: 0.272 D_fake_ViT: 0.150 global: 0.451 spatial: 0.086 
(epoch: 32, iters: 4522, time: 0.487, data: 0.001) G_GAN_ViT: 0.313 D_real_ViT: 0.197 D_fake_ViT: 0.251 global: 0.379 spatial: 0.080 
(epoch: 32, iters: 4622, time: 0.487, data: 0.001) G_GAN_ViT: 0.328 D_real_ViT: 0.154 D_fake_ViT: 0.235 global: 0.433 spatial: 0.085 
(epoch: 32, iters: 4722, time: 0.487, data: 0.001) G_GAN_ViT: 0.367 D_real_ViT: 0.230 D_fake_ViT: 0.216 global: 0.462 spatial: 0.092 
(epoch: 32, iters: 4822, time: 0.487, data: 0.001) G_GAN_ViT: 0.433 D_real_ViT: 0.341 D_fake_ViT: 0.173 global: 0.375 spatial: 0.078 
(epoch: 32, iters: 4922, time: 0.487, data: 0.001) G_GAN_ViT: 0.348 D_real_ViT: 0.204 D_fake_ViT: 0.233 global: 0.490 spatial: 0.084 
(epoch: 32, iters: 5022, time: 0.487, data: 0.001) G_GAN_ViT: 0.389 D_real_ViT: 0.216 D_fake_ViT: 0.192 global: 0.412 spatial: 0.073 
(epoch: 32, iters: 5122, time: 0.487, data: 0.002) G_GAN_ViT: 0.340 D_real_ViT: 0.197 D_fake_ViT: 0.231 global: 0.430 spatial: 0.086 
(epoch: 32, iters: 5222, time: 0.487, data: 0.001) G_GAN_ViT: 0.437 D_real_ViT: 0.280 D_fake_ViT: 0.154 global: 0.294 spatial: 0.067 
(epoch: 32, iters: 5322, time: 0.487, data: 0.001) G_GAN_ViT: 0.582 D_real_ViT: 0.230 D_fake_ViT: 0.087 global: 0.356 spatial: 0.082 
(epoch: 32, iters: 5422, time: 0.487, data: 0.001) G_GAN_ViT: 0.491 D_real_ViT: 0.299 D_fake_ViT: 0.147 global: 0.424 spatial: 0.091 
(epoch: 32, iters: 5522, time: 0.487, data: 0.001) G_GAN_ViT: 0.379 D_real_ViT: 0.236 D_fake_ViT: 0.202 global: 0.375 spatial: 0.064 
End of epoch 32 / 100 	 Time Taken: 2708 sec
learning rate = 0.0000100
(epoch: 33, iters: 84, time: 0.487, data: 0.001) G_GAN_ViT: 0.637 D_real_ViT: 0.150 D_fake_ViT: 0.094 global: 0.394 spatial: 0.085 
(epoch: 33, iters: 184, time: 0.487, data: 0.002) G_GAN_ViT: 0.376 D_real_ViT: 0.172 D_fake_ViT: 0.213 global: 0.489 spatial: 0.082 
(epoch: 33, iters: 284, time: 0.487, data: 0.001) G_GAN_ViT: 0.347 D_real_ViT: 0.116 D_fake_ViT: 0.249 global: 0.335 spatial: 0.068 
(epoch: 33, iters: 384, time: 0.487, data: 0.002) G_GAN_ViT: 0.433 D_real_ViT: 0.216 D_fake_ViT: 0.153 global: 0.448 spatial: 0.084 
(epoch: 33, iters: 484, time: 0.486, data: 0.001) G_GAN_ViT: 0.455 D_real_ViT: 0.122 D_fake_ViT: 0.170 global: 0.385 spatial: 0.081 
(epoch: 33, iters: 584, time: 0.486, data: 0.001) G_GAN_ViT: 0.384 D_real_ViT: 0.117 D_fake_ViT: 0.239 global: 0.397 spatial: 0.104 
(epoch: 33, iters: 684, time: 0.486, data: 0.002) G_GAN_ViT: 0.411 D_real_ViT: 0.161 D_fake_ViT: 0.180 global: 0.415 spatial: 0.092 
(epoch: 33, iters: 784, time: 0.487, data: 0.001) G_GAN_ViT: 0.610 D_real_ViT: 0.247 D_fake_ViT: 0.099 global: 0.345 spatial: 0.076 
(epoch: 33, iters: 884, time: 0.487, data: 0.001) G_GAN_ViT: 0.365 D_real_ViT: 0.197 D_fake_ViT: 0.215 global: 0.356 spatial: 0.080 
(epoch: 33, iters: 984, time: 0.487, data: 0.001) G_GAN_ViT: 0.547 D_real_ViT: 0.178 D_fake_ViT: 0.119 global: 0.422 spatial: 0.085 
(epoch: 33, iters: 1084, time: 0.487, data: 0.001) G_GAN_ViT: 0.556 D_real_ViT: 0.349 D_fake_ViT: 0.112 global: 0.429 spatial: 0.085 
(epoch: 33, iters: 1184, time: 0.487, data: 0.001) G_GAN_ViT: 0.489 D_real_ViT: 0.230 D_fake_ViT: 0.141 global: 0.326 spatial: 0.086 
(epoch: 33, iters: 1284, time: 0.487, data: 0.001) G_GAN_ViT: 0.330 D_real_ViT: 0.335 D_fake_ViT: 0.269 global: 0.455 spatial: 0.088 
(epoch: 33, iters: 1384, time: 0.486, data: 0.001) G_GAN_ViT: 0.446 D_real_ViT: 0.328 D_fake_ViT: 0.171 global: 0.410 spatial: 0.088 
(epoch: 33, iters: 1484, time: 0.487, data: 0.001) G_GAN_ViT: 0.531 D_real_ViT: 0.159 D_fake_ViT: 0.112 global: 0.384 spatial: 0.077 
(epoch: 33, iters: 1584, time: 0.486, data: 0.001) G_GAN_ViT: 0.223 D_real_ViT: 0.245 D_fake_ViT: 0.380 global: 0.546 spatial: 0.096 
(epoch: 33, iters: 1684, time: 0.486, data: 0.001) G_GAN_ViT: 0.330 D_real_ViT: 0.124 D_fake_ViT: 0.258 global: 0.304 spatial: 0.073 
(epoch: 33, iters: 1784, time: 0.487, data: 0.001) G_GAN_ViT: 0.347 D_real_ViT: 0.268 D_fake_ViT: 0.240 global: 0.516 spatial: 0.090 
(epoch: 33, iters: 1884, time: 0.487, data: 0.002) G_GAN_ViT: 0.363 D_real_ViT: 0.207 D_fake_ViT: 0.222 global: 0.301 spatial: 0.067 
(epoch: 33, iters: 1984, time: 0.487, data: 0.001) G_GAN_ViT: 0.423 D_real_ViT: 0.124 D_fake_ViT: 0.184 global: 0.347 spatial: 0.061 
(epoch: 33, iters: 2084, time: 0.487, data: 0.001) G_GAN_ViT: 0.341 D_real_ViT: 0.051 D_fake_ViT: 0.250 global: 0.427 spatial: 0.075 
(epoch: 33, iters: 2184, time: 0.487, data: 0.001) G_GAN_ViT: 0.353 D_real_ViT: 0.168 D_fake_ViT: 0.221 global: 0.389 spatial: 0.079 
(epoch: 33, iters: 2284, time: 0.487, data: 0.001) G_GAN_ViT: 0.331 D_real_ViT: 0.250 D_fake_ViT: 0.238 global: 0.356 spatial: 0.074 
(epoch: 33, iters: 2384, time: 0.487, data: 0.001) G_GAN_ViT: 0.446 D_real_ViT: 0.090 D_fake_ViT: 0.151 global: 0.285 spatial: 0.075 
(epoch: 33, iters: 2484, time: 0.487, data: 0.001) G_GAN_ViT: 0.512 D_real_ViT: 0.046 D_fake_ViT: 0.132 global: 0.332 spatial: 0.081 
(epoch: 33, iters: 2584, time: 0.487, data: 0.001) G_GAN_ViT: 0.567 D_real_ViT: 0.262 D_fake_ViT: 0.096 global: 0.311 spatial: 0.080 
(epoch: 33, iters: 2684, time: 0.486, data: 0.001) G_GAN_ViT: 0.406 D_real_ViT: 0.253 D_fake_ViT: 0.191 global: 0.430 spatial: 0.090 
(epoch: 33, iters: 2784, time: 0.486, data: 0.001) G_GAN_ViT: 0.334 D_real_ViT: 0.228 D_fake_ViT: 0.238 global: 0.517 spatial: 0.081 
saving the latest model (epoch 33, total_iters 180000)
ICL_single_traffic_city
(epoch: 33, iters: 2884, time: 0.487, data: 0.001) G_GAN_ViT: 0.450 D_real_ViT: 0.165 D_fake_ViT: 0.164 global: 0.311 spatial: 0.083 
(epoch: 33, iters: 2984, time: 0.487, data: 0.001) G_GAN_ViT: 0.318 D_real_ViT: 0.391 D_fake_ViT: 0.242 global: 0.498 spatial: 0.093 
(epoch: 33, iters: 3084, time: 0.487, data: 0.001) G_GAN_ViT: 0.389 D_real_ViT: 0.234 D_fake_ViT: 0.195 global: 0.314 spatial: 0.074 
(epoch: 33, iters: 3184, time: 0.487, data: 0.002) G_GAN_ViT: 0.687 D_real_ViT: 0.100 D_fake_ViT: 0.069 global: 0.399 spatial: 0.077 
(epoch: 33, iters: 3284, time: 0.487, data: 0.001) G_GAN_ViT: 0.487 D_real_ViT: 0.295 D_fake_ViT: 0.150 global: 0.339 spatial: 0.083 
(epoch: 33, iters: 3384, time: 0.487, data: 0.002) G_GAN_ViT: 0.344 D_real_ViT: 0.100 D_fake_ViT: 0.255 global: 0.382 spatial: 0.084 
(epoch: 33, iters: 3484, time: 0.487, data: 0.001) G_GAN_ViT: 0.380 D_real_ViT: 0.105 D_fake_ViT: 0.213 global: 0.406 spatial: 0.086 
(epoch: 33, iters: 3584, time: 0.487, data: 0.001) G_GAN_ViT: 0.353 D_real_ViT: 0.242 D_fake_ViT: 0.237 global: 0.322 spatial: 0.072 
(epoch: 33, iters: 3684, time: 0.487, data: 0.001) G_GAN_ViT: 0.462 D_real_ViT: 0.181 D_fake_ViT: 0.159 global: 0.329 spatial: 0.074 
(epoch: 33, iters: 3784, time: 0.487, data: 0.001) G_GAN_ViT: 0.461 D_real_ViT: 0.262 D_fake_ViT: 0.145 global: 0.335 spatial: 0.063 
(epoch: 33, iters: 3884, time: 0.487, data: 0.001) G_GAN_ViT: 0.415 D_real_ViT: 0.207 D_fake_ViT: 0.214 global: 0.436 spatial: 0.083 
(epoch: 33, iters: 3984, time: 0.487, data: 0.001) G_GAN_ViT: 0.416 D_real_ViT: 0.333 D_fake_ViT: 0.178 global: 0.354 spatial: 0.094 
(epoch: 33, iters: 4084, time: 0.487, data: 0.001) G_GAN_ViT: 0.399 D_real_ViT: 0.048 D_fake_ViT: 0.190 global: 0.300 spatial: 0.074 
(epoch: 33, iters: 4184, time: 0.487, data: 0.001) G_GAN_ViT: 0.492 D_real_ViT: 0.197 D_fake_ViT: 0.136 global: 0.383 spatial: 0.093 
(epoch: 33, iters: 4284, time: 0.487, data: 0.001) G_GAN_ViT: 0.522 D_real_ViT: 0.161 D_fake_ViT: 0.127 global: 0.325 spatial: 0.075 
(epoch: 33, iters: 4384, time: 0.487, data: 0.001) G_GAN_ViT: 0.433 D_real_ViT: 0.213 D_fake_ViT: 0.168 global: 0.347 spatial: 0.071 
(epoch: 33, iters: 4484, time: 0.487, data: 0.001) G_GAN_ViT: 0.490 D_real_ViT: 0.105 D_fake_ViT: 0.144 global: 0.265 spatial: 0.072 
(epoch: 33, iters: 4584, time: 0.487, data: 0.001) G_GAN_ViT: 0.388 D_real_ViT: 0.121 D_fake_ViT: 0.205 global: 0.420 spatial: 0.082 
(epoch: 33, iters: 4684, time: 0.488, data: 0.001) G_GAN_ViT: 0.495 D_real_ViT: 0.122 D_fake_ViT: 0.172 global: 0.375 spatial: 0.091 
(epoch: 33, iters: 4784, time: 0.488, data: 0.001) G_GAN_ViT: 0.329 D_real_ViT: 0.137 D_fake_ViT: 0.244 global: 0.536 spatial: 0.090 
(epoch: 33, iters: 4884, time: 0.487, data: 0.001) G_GAN_ViT: 0.415 D_real_ViT: 0.192 D_fake_ViT: 0.183 global: 0.288 spatial: 0.077 
(epoch: 33, iters: 4984, time: 0.487, data: 0.001) G_GAN_ViT: 0.326 D_real_ViT: 0.131 D_fake_ViT: 0.250 global: 0.504 spatial: 0.079 
(epoch: 33, iters: 5084, time: 0.487, data: 0.001) G_GAN_ViT: 0.300 D_real_ViT: 0.195 D_fake_ViT: 0.274 global: 0.425 spatial: 0.083 
(epoch: 33, iters: 5184, time: 0.487, data: 0.001) G_GAN_ViT: 0.449 D_real_ViT: 0.383 D_fake_ViT: 0.144 global: 0.311 spatial: 0.079 
(epoch: 33, iters: 5284, time: 0.488, data: 0.002) G_GAN_ViT: 0.287 D_real_ViT: 0.189 D_fake_ViT: 0.282 global: 0.516 spatial: 0.084 
(epoch: 33, iters: 5384, time: 0.488, data: 0.001) G_GAN_ViT: 0.359 D_real_ViT: 0.166 D_fake_ViT: 0.225 global: 0.299 spatial: 0.070 
(epoch: 33, iters: 5484, time: 0.487, data: 0.001) G_GAN_ViT: 0.454 D_real_ViT: 0.209 D_fake_ViT: 0.155 global: 0.284 spatial: 0.066 
End of epoch 33 / 100 	 Time Taken: 2705 sec
learning rate = 0.0000100
(epoch: 34, iters: 46, time: 0.487, data: 0.001) G_GAN_ViT: 0.374 D_real_ViT: 0.110 D_fake_ViT: 0.205 global: 0.337 spatial: 0.075 
(epoch: 34, iters: 146, time: 0.487, data: 0.001) G_GAN_ViT: 0.413 D_real_ViT: 0.283 D_fake_ViT: 0.185 global: 0.303 spatial: 0.070 
(epoch: 34, iters: 246, time: 0.487, data: 0.001) G_GAN_ViT: 0.473 D_real_ViT: 0.199 D_fake_ViT: 0.153 global: 0.376 spatial: 0.070 
(epoch: 34, iters: 346, time: 0.487, data: 0.001) G_GAN_ViT: 0.409 D_real_ViT: 0.134 D_fake_ViT: 0.202 global: 0.372 spatial: 0.103 
(epoch: 34, iters: 446, time: 0.487, data: 0.001) G_GAN_ViT: 0.368 D_real_ViT: 0.192 D_fake_ViT: 0.211 global: 0.482 spatial: 0.079 
(epoch: 34, iters: 546, time: 0.487, data: 0.001) G_GAN_ViT: 0.277 D_real_ViT: 0.180 D_fake_ViT: 0.282 global: 0.596 spatial: 0.090 
(epoch: 34, iters: 646, time: 0.487, data: 0.001) G_GAN_ViT: 0.351 D_real_ViT: 0.249 D_fake_ViT: 0.239 global: 0.311 spatial: 0.078 
(epoch: 34, iters: 746, time: 0.487, data: 0.002) G_GAN_ViT: 0.540 D_real_ViT: 0.130 D_fake_ViT: 0.111 global: 0.273 spatial: 0.076 
(epoch: 34, iters: 846, time: 0.487, data: 0.001) G_GAN_ViT: 0.469 D_real_ViT: 0.237 D_fake_ViT: 0.132 global: 0.322 spatial: 0.070 
(epoch: 34, iters: 946, time: 0.487, data: 0.002) G_GAN_ViT: 0.293 D_real_ViT: 0.038 D_fake_ViT: 0.282 global: 0.456 spatial: 0.079 
(epoch: 34, iters: 1046, time: 0.487, data: 0.001) G_GAN_ViT: 0.416 D_real_ViT: 0.231 D_fake_ViT: 0.180 global: 0.269 spatial: 0.068 
(epoch: 34, iters: 1146, time: 0.487, data: 0.001) G_GAN_ViT: 0.233 D_real_ViT: 0.198 D_fake_ViT: 0.342 global: 0.525 spatial: 0.095 
(epoch: 34, iters: 1246, time: 0.488, data: 0.001) G_GAN_ViT: 0.389 D_real_ViT: 0.076 D_fake_ViT: 0.199 global: 0.323 spatial: 0.077 
(epoch: 34, iters: 1346, time: 0.487, data: 0.001) G_GAN_ViT: 0.507 D_real_ViT: 0.347 D_fake_ViT: 0.122 global: 0.301 spatial: 0.075 
(epoch: 34, iters: 1446, time: 0.487, data: 0.001) G_GAN_ViT: 0.419 D_real_ViT: 0.217 D_fake_ViT: 0.194 global: 0.381 spatial: 0.099 
(epoch: 34, iters: 1546, time: 0.487, data: 0.001) G_GAN_ViT: 0.233 D_real_ViT: 0.174 D_fake_ViT: 0.334 global: 0.510 spatial: 0.083 
(epoch: 34, iters: 1646, time: 0.487, data: 0.001) G_GAN_ViT: 0.370 D_real_ViT: 0.198 D_fake_ViT: 0.236 global: 0.509 spatial: 0.088 
(epoch: 34, iters: 1746, time: 0.487, data: 0.001) G_GAN_ViT: 0.603 D_real_ViT: 0.288 D_fake_ViT: 0.087 global: 0.411 spatial: 0.081 
(epoch: 34, iters: 1846, time: 0.487, data: 0.001) G_GAN_ViT: 0.272 D_real_ViT: 0.204 D_fake_ViT: 0.303 global: 0.479 spatial: 0.091 
(epoch: 34, iters: 1946, time: 0.487, data: 0.001) G_GAN_ViT: 0.478 D_real_ViT: 0.234 D_fake_ViT: 0.150 global: 0.358 spatial: 0.092 
(epoch: 34, iters: 2046, time: 0.487, data: 0.001) G_GAN_ViT: 0.258 D_real_ViT: 0.146 D_fake_ViT: 0.322 global: 0.554 spatial: 0.094 
(epoch: 34, iters: 2146, time: 0.486, data: 0.001) G_GAN_ViT: 0.535 D_real_ViT: 0.226 D_fake_ViT: 0.114 global: 0.352 spatial: 0.076 
(epoch: 34, iters: 2246, time: 0.486, data: 0.001) G_GAN_ViT: 0.418 D_real_ViT: 0.335 D_fake_ViT: 0.168 global: 0.428 spatial: 0.092 
saving the latest model (epoch 34, total_iters 185000)
ICL_single_traffic_city
(epoch: 34, iters: 2346, time: 0.487, data: 0.001) G_GAN_ViT: 0.444 D_real_ViT: 0.144 D_fake_ViT: 0.177 global: 0.322 spatial: 0.063 
(epoch: 34, iters: 2446, time: 0.487, data: 0.001) G_GAN_ViT: 0.377 D_real_ViT: 0.264 D_fake_ViT: 0.196 global: 0.336 spatial: 0.070 
(epoch: 34, iters: 2546, time: 0.487, data: 0.002) G_GAN_ViT: 0.482 D_real_ViT: 0.278 D_fake_ViT: 0.159 global: 0.437 spatial: 0.107 
(epoch: 34, iters: 2646, time: 0.487, data: 0.001) G_GAN_ViT: 0.335 D_real_ViT: 0.205 D_fake_ViT: 0.234 global: 0.536 spatial: 0.090 
(epoch: 34, iters: 2746, time: 0.487, data: 0.001) G_GAN_ViT: 0.318 D_real_ViT: 0.231 D_fake_ViT: 0.275 global: 0.439 spatial: 0.091 
(epoch: 34, iters: 2846, time: 0.487, data: 0.001) G_GAN_ViT: 0.413 D_real_ViT: 0.279 D_fake_ViT: 0.172 global: 0.304 spatial: 0.072 
(epoch: 34, iters: 2946, time: 0.487, data: 0.001) G_GAN_ViT: 0.378 D_real_ViT: 0.308 D_fake_ViT: 0.212 global: 0.567 spatial: 0.090 
(epoch: 34, iters: 3046, time: 0.487, data: 0.001) G_GAN_ViT: 0.436 D_real_ViT: 0.317 D_fake_ViT: 0.147 global: 0.332 spatial: 0.081 
(epoch: 34, iters: 3146, time: 0.487, data: 0.002) G_GAN_ViT: 0.308 D_real_ViT: 0.191 D_fake_ViT: 0.272 global: 0.528 spatial: 0.093 
(epoch: 34, iters: 3246, time: 0.487, data: 0.002) G_GAN_ViT: 0.613 D_real_ViT: 0.122 D_fake_ViT: 0.083 global: 0.352 spatial: 0.090 
(epoch: 34, iters: 3346, time: 0.487, data: 0.001) G_GAN_ViT: 0.528 D_real_ViT: 0.212 D_fake_ViT: 0.137 global: 0.458 spatial: 0.090 
(epoch: 34, iters: 3446, time: 0.488, data: 0.002) G_GAN_ViT: 0.659 D_real_ViT: 0.269 D_fake_ViT: 0.075 global: 0.285 spatial: 0.071 
(epoch: 34, iters: 3546, time: 0.487, data: 0.002) G_GAN_ViT: 0.396 D_real_ViT: 0.239 D_fake_ViT: 0.196 global: 0.347 spatial: 0.062 
(epoch: 34, iters: 3646, time: 0.487, data: 0.001) G_GAN_ViT: 0.549 D_real_ViT: 0.196 D_fake_ViT: 0.103 global: 0.290 spatial: 0.086 
(epoch: 34, iters: 3746, time: 0.487, data: 0.001) G_GAN_ViT: 0.373 D_real_ViT: 0.111 D_fake_ViT: 0.216 global: 0.561 spatial: 0.085 
(epoch: 34, iters: 3846, time: 0.487, data: 0.001) G_GAN_ViT: 0.432 D_real_ViT: 0.237 D_fake_ViT: 0.164 global: 0.357 spatial: 0.081 
(epoch: 34, iters: 3946, time: 0.487, data: 0.001) G_GAN_ViT: 0.598 D_real_ViT: 0.156 D_fake_ViT: 0.106 global: 0.433 spatial: 0.079 
(epoch: 34, iters: 4046, time: 0.488, data: 0.001) G_GAN_ViT: 0.448 D_real_ViT: 0.094 D_fake_ViT: 0.156 global: 0.313 spatial: 0.073 
(epoch: 34, iters: 4146, time: 0.487, data: 0.001) G_GAN_ViT: 0.373 D_real_ViT: 0.162 D_fake_ViT: 0.203 global: 0.496 spatial: 0.084 
(epoch: 34, iters: 4246, time: 0.487, data: 0.001) G_GAN_ViT: 0.441 D_real_ViT: 0.233 D_fake_ViT: 0.167 global: 0.497 spatial: 0.076 
(epoch: 34, iters: 4346, time: 0.487, data: 0.001) G_GAN_ViT: 0.407 D_real_ViT: 0.141 D_fake_ViT: 0.195 global: 0.531 spatial: 0.093 
(epoch: 34, iters: 4446, time: 0.487, data: 0.002) G_GAN_ViT: 0.295 D_real_ViT: 0.226 D_fake_ViT: 0.284 global: 0.450 spatial: 0.088 
(epoch: 34, iters: 4546, time: 0.486, data: 0.001) G_GAN_ViT: 0.441 D_real_ViT: 0.257 D_fake_ViT: 0.174 global: 0.508 spatial: 0.080 
(epoch: 34, iters: 4646, time: 0.486, data: 0.001) G_GAN_ViT: 0.457 D_real_ViT: 0.192 D_fake_ViT: 0.165 global: 0.522 spatial: 0.093 
(epoch: 34, iters: 4746, time: 0.486, data: 0.002) G_GAN_ViT: 0.699 D_real_ViT: 0.081 D_fake_ViT: 0.077 global: 0.492 spatial: 0.084 
(epoch: 34, iters: 4846, time: 0.486, data: 0.001) G_GAN_ViT: 0.560 D_real_ViT: 0.195 D_fake_ViT: 0.135 global: 0.436 spatial: 0.103 
(epoch: 34, iters: 4946, time: 0.486, data: 0.001) G_GAN_ViT: 0.438 D_real_ViT: 0.272 D_fake_ViT: 0.165 global: 0.485 spatial: 0.087 
(epoch: 34, iters: 5046, time: 0.486, data: 0.001) G_GAN_ViT: 0.388 D_real_ViT: 0.258 D_fake_ViT: 0.191 global: 0.336 spatial: 0.077 
(epoch: 34, iters: 5146, time: 0.486, data: 0.001) G_GAN_ViT: 0.460 D_real_ViT: 0.362 D_fake_ViT: 0.147 global: 0.367 spatial: 0.062 
(epoch: 34, iters: 5246, time: 0.486, data: 0.001) G_GAN_ViT: 0.475 D_real_ViT: 0.247 D_fake_ViT: 0.168 global: 0.386 spatial: 0.094 
(epoch: 34, iters: 5346, time: 0.486, data: 0.001) G_GAN_ViT: 0.383 D_real_ViT: 0.401 D_fake_ViT: 0.193 global: 0.492 spatial: 0.085 
(epoch: 34, iters: 5446, time: 0.486, data: 0.002) G_GAN_ViT: 0.289 D_real_ViT: 0.268 D_fake_ViT: 0.279 global: 0.488 spatial: 0.101 
End of epoch 34 / 100 	 Time Taken: 2705 sec
learning rate = 0.0000100
(epoch: 35, iters: 8, time: 0.486, data: 0.002) G_GAN_ViT: 0.414 D_real_ViT: 0.186 D_fake_ViT: 0.182 global: 0.459 spatial: 0.084 
(epoch: 35, iters: 108, time: 0.486, data: 0.001) G_GAN_ViT: 0.370 D_real_ViT: 0.204 D_fake_ViT: 0.227 global: 0.355 spatial: 0.079 
(epoch: 35, iters: 208, time: 0.485, data: 0.001) G_GAN_ViT: 0.462 D_real_ViT: 0.028 D_fake_ViT: 0.161 global: 0.314 spatial: 0.081 
(epoch: 35, iters: 308, time: 0.485, data: 0.001) G_GAN_ViT: 0.462 D_real_ViT: 0.287 D_fake_ViT: 0.153 global: 0.325 spatial: 0.077 
(epoch: 35, iters: 408, time: 0.485, data: 0.001) G_GAN_ViT: 0.421 D_real_ViT: 0.148 D_fake_ViT: 0.177 global: 0.353 spatial: 0.073 
(epoch: 35, iters: 508, time: 0.485, data: 0.002) G_GAN_ViT: 0.473 D_real_ViT: 0.321 D_fake_ViT: 0.148 global: 0.400 spatial: 0.082 
(epoch: 35, iters: 608, time: 0.485, data: 0.001) G_GAN_ViT: 0.480 D_real_ViT: 0.170 D_fake_ViT: 0.143 global: 0.333 spatial: 0.077 
(epoch: 35, iters: 708, time: 0.486, data: 0.001) G_GAN_ViT: 0.377 D_real_ViT: 0.093 D_fake_ViT: 0.228 global: 0.458 spatial: 0.085 
(epoch: 35, iters: 808, time: 0.486, data: 0.001) G_GAN_ViT: 0.391 D_real_ViT: 0.321 D_fake_ViT: 0.199 global: 0.339 spatial: 0.075 
(epoch: 35, iters: 908, time: 0.485, data: 0.001) G_GAN_ViT: 0.366 D_real_ViT: 0.100 D_fake_ViT: 0.233 global: 0.389 spatial: 0.081 
(epoch: 35, iters: 1008, time: 0.486, data: 0.001) G_GAN_ViT: 0.425 D_real_ViT: 0.169 D_fake_ViT: 0.164 global: 0.373 spatial: 0.061 
(epoch: 35, iters: 1108, time: 0.485, data: 0.002) G_GAN_ViT: 0.455 D_real_ViT: 0.082 D_fake_ViT: 0.150 global: 0.347 spatial: 0.079 
(epoch: 35, iters: 1208, time: 0.485, data: 0.001) G_GAN_ViT: 0.441 D_real_ViT: 0.194 D_fake_ViT: 0.152 global: 0.301 spatial: 0.069 
(epoch: 35, iters: 1308, time: 0.486, data: 0.001) G_GAN_ViT: 0.514 D_real_ViT: 0.219 D_fake_ViT: 0.135 global: 0.493 spatial: 0.094 
(epoch: 35, iters: 1408, time: 0.486, data: 0.001) G_GAN_ViT: 0.383 D_real_ViT: 0.229 D_fake_ViT: 0.200 global: 0.534 spatial: 0.088 
(epoch: 35, iters: 1508, time: 0.486, data: 0.001) G_GAN_ViT: 0.485 D_real_ViT: 0.218 D_fake_ViT: 0.121 global: 0.298 spatial: 0.068 
(epoch: 35, iters: 1608, time: 0.485, data: 0.001) G_GAN_ViT: 0.466 D_real_ViT: 0.213 D_fake_ViT: 0.135 global: 0.332 spatial: 0.066 
(epoch: 35, iters: 1708, time: 0.485, data: 0.001) G_GAN_ViT: 0.527 D_real_ViT: 0.159 D_fake_ViT: 0.160 global: 0.439 spatial: 0.091 
saving the latest model (epoch 35, total_iters 190000)
ICL_single_traffic_city
(epoch: 35, iters: 1808, time: 0.485, data: 0.002) G_GAN_ViT: 0.412 D_real_ViT: 0.156 D_fake_ViT: 0.175 global: 0.363 spatial: 0.082 
(epoch: 35, iters: 1908, time: 0.485, data: 0.001) G_GAN_ViT: 0.266 D_real_ViT: 0.128 D_fake_ViT: 0.324 global: 0.446 spatial: 0.091 
(epoch: 35, iters: 2008, time: 0.486, data: 0.001) G_GAN_ViT: 0.223 D_real_ViT: 0.224 D_fake_ViT: 0.367 global: 0.519 spatial: 0.094 
(epoch: 35, iters: 2108, time: 0.486, data: 0.002) G_GAN_ViT: 0.349 D_real_ViT: 0.257 D_fake_ViT: 0.250 global: 0.317 spatial: 0.094 
(epoch: 35, iters: 2208, time: 0.486, data: 0.001) G_GAN_ViT: 0.225 D_real_ViT: 0.088 D_fake_ViT: 0.366 global: 0.523 spatial: 0.100 
(epoch: 35, iters: 2308, time: 0.486, data: 0.001) G_GAN_ViT: 0.431 D_real_ViT: 0.358 D_fake_ViT: 0.163 global: 0.405 spatial: 0.074 
(epoch: 35, iters: 2408, time: 0.486, data: 0.001) G_GAN_ViT: 0.311 D_real_ViT: 0.059 D_fake_ViT: 0.263 global: 0.336 spatial: 0.078 
(epoch: 35, iters: 2508, time: 0.486, data: 0.002) G_GAN_ViT: 0.449 D_real_ViT: 0.120 D_fake_ViT: 0.157 global: 0.348 spatial: 0.068 
(epoch: 35, iters: 2608, time: 0.486, data: 0.001) G_GAN_ViT: 0.635 D_real_ViT: 0.096 D_fake_ViT: 0.106 global: 0.427 spatial: 0.076 
(epoch: 35, iters: 2708, time: 0.487, data: 0.002) G_GAN_ViT: 0.421 D_real_ViT: 0.164 D_fake_ViT: 0.165 global: 0.310 spatial: 0.075 
(epoch: 35, iters: 2808, time: 0.487, data: 0.002) G_GAN_ViT: 0.460 D_real_ViT: 0.329 D_fake_ViT: 0.165 global: 0.340 spatial: 0.078 
(epoch: 35, iters: 2908, time: 0.486, data: 0.001) G_GAN_ViT: 0.349 D_real_ViT: 0.198 D_fake_ViT: 0.212 global: 0.401 spatial: 0.082 
(epoch: 35, iters: 3008, time: 0.486, data: 0.001) G_GAN_ViT: 0.458 D_real_ViT: 0.136 D_fake_ViT: 0.144 global: 0.307 spatial: 0.081 
(epoch: 35, iters: 3108, time: 0.486, data: 0.001) G_GAN_ViT: 0.449 D_real_ViT: 0.280 D_fake_ViT: 0.168 global: 0.342 spatial: 0.071 
(epoch: 35, iters: 3208, time: 0.486, data: 0.002) G_GAN_ViT: 0.575 D_real_ViT: 0.172 D_fake_ViT: 0.100 global: 0.362 spatial: 0.081 
(epoch: 35, iters: 3308, time: 0.486, data: 0.001) G_GAN_ViT: 0.484 D_real_ViT: 0.152 D_fake_ViT: 0.141 global: 0.324 spatial: 0.088 
(epoch: 35, iters: 3408, time: 0.486, data: 0.001) G_GAN_ViT: 0.452 D_real_ViT: 0.108 D_fake_ViT: 0.155 global: 0.360 spatial: 0.071 
(epoch: 35, iters: 3508, time: 0.486, data: 0.001) G_GAN_ViT: 0.445 D_real_ViT: 0.225 D_fake_ViT: 0.171 global: 0.282 spatial: 0.072 
(epoch: 35, iters: 3608, time: 0.486, data: 0.001) G_GAN_ViT: 0.411 D_real_ViT: 0.174 D_fake_ViT: 0.191 global: 0.349 spatial: 0.092 
(epoch: 35, iters: 3708, time: 0.486, data: 0.001) G_GAN_ViT: 0.446 D_real_ViT: 0.047 D_fake_ViT: 0.189 global: 0.419 spatial: 0.108 
(epoch: 35, iters: 3808, time: 0.487, data: 0.001) G_GAN_ViT: 0.496 D_real_ViT: 0.166 D_fake_ViT: 0.127 global: 0.386 spatial: 0.058 
(epoch: 35, iters: 3908, time: 0.487, data: 0.001) G_GAN_ViT: 0.297 D_real_ViT: 0.197 D_fake_ViT: 0.286 global: 0.506 spatial: 0.098 
(epoch: 35, iters: 4008, time: 0.487, data: 0.001) G_GAN_ViT: 0.445 D_real_ViT: 0.105 D_fake_ViT: 0.150 global: 0.281 spatial: 0.064 
(epoch: 35, iters: 4108, time: 0.487, data: 0.001) G_GAN_ViT: 0.569 D_real_ViT: 0.149 D_fake_ViT: 0.116 global: 0.426 spatial: 0.081 
(epoch: 35, iters: 4208, time: 0.487, data: 0.001) G_GAN_ViT: 0.341 D_real_ViT: 0.216 D_fake_ViT: 0.240 global: 0.325 spatial: 0.080 
(epoch: 35, iters: 4308, time: 0.487, data: 0.001) G_GAN_ViT: 0.476 D_real_ViT: 0.118 D_fake_ViT: 0.133 global: 0.279 spatial: 0.064 
(epoch: 35, iters: 4408, time: 0.486, data: 0.001) G_GAN_ViT: 0.227 D_real_ViT: 0.121 D_fake_ViT: 0.349 global: 0.522 spatial: 0.081 
(epoch: 35, iters: 4508, time: 0.486, data: 0.001) G_GAN_ViT: 0.550 D_real_ViT: 0.236 D_fake_ViT: 0.106 global: 0.330 spatial: 0.075 
(epoch: 35, iters: 4608, time: 0.486, data: 0.001) G_GAN_ViT: 0.509 D_real_ViT: 0.101 D_fake_ViT: 0.142 global: 0.326 spatial: 0.084 
(epoch: 35, iters: 4708, time: 0.486, data: 0.001) G_GAN_ViT: 0.316 D_real_ViT: 0.229 D_fake_ViT: 0.295 global: 0.547 spatial: 0.094 
(epoch: 35, iters: 4808, time: 0.486, data: 0.002) G_GAN_ViT: 0.551 D_real_ViT: 0.088 D_fake_ViT: 0.126 global: 0.443 spatial: 0.079 
(epoch: 35, iters: 4908, time: 0.487, data: 0.002) G_GAN_ViT: 0.266 D_real_ViT: 0.218 D_fake_ViT: 0.296 global: 0.433 spatial: 0.082 
(epoch: 35, iters: 5008, time: 0.486, data: 0.002) G_GAN_ViT: 0.423 D_real_ViT: 0.214 D_fake_ViT: 0.180 global: 0.331 spatial: 0.074 
(epoch: 35, iters: 5108, time: 0.486, data: 0.002) G_GAN_ViT: 0.473 D_real_ViT: 0.194 D_fake_ViT: 0.147 global: 0.329 spatial: 0.071 
(epoch: 35, iters: 5208, time: 0.486, data: 0.002) G_GAN_ViT: 0.504 D_real_ViT: 0.105 D_fake_ViT: 0.130 global: 0.328 spatial: 0.087 
(epoch: 35, iters: 5308, time: 0.486, data: 0.001) G_GAN_ViT: 0.456 D_real_ViT: 0.090 D_fake_ViT: 0.172 global: 0.426 spatial: 0.074 
(epoch: 35, iters: 5408, time: 0.486, data: 0.002) G_GAN_ViT: 0.444 D_real_ViT: 0.340 D_fake_ViT: 0.155 global: 0.296 spatial: 0.070 
(epoch: 35, iters: 5508, time: 0.486, data: 0.001) G_GAN_ViT: 0.306 D_real_ViT: 0.149 D_fake_ViT: 0.260 global: 0.586 spatial: 0.080 
saving the model at the end of epoch 35, iters 193830
End of epoch 35 / 100 	 Time Taken: 2701 sec
learning rate = 0.0000100
(epoch: 36, iters: 70, time: 0.486, data: 0.002) G_GAN_ViT: 0.271 D_real_ViT: 0.186 D_fake_ViT: 0.334 global: 0.474 spatial: 0.076 
(epoch: 36, iters: 170, time: 0.486, data: 0.001) G_GAN_ViT: 0.373 D_real_ViT: 0.220 D_fake_ViT: 0.226 global: 0.470 spatial: 0.087 
(epoch: 36, iters: 270, time: 0.486, data: 0.001) G_GAN_ViT: 0.498 D_real_ViT: 0.258 D_fake_ViT: 0.135 global: 0.307 spatial: 0.074 
(epoch: 36, iters: 370, time: 0.487, data: 0.001) G_GAN_ViT: 0.256 D_real_ViT: 0.202 D_fake_ViT: 0.326 global: 0.533 spatial: 0.086 
(epoch: 36, iters: 470, time: 0.487, data: 0.002) G_GAN_ViT: 0.326 D_real_ViT: 0.169 D_fake_ViT: 0.250 global: 0.524 spatial: 0.085 
(epoch: 36, iters: 570, time: 0.487, data: 0.002) G_GAN_ViT: 0.505 D_real_ViT: 0.224 D_fake_ViT: 0.138 global: 0.317 spatial: 0.074 
(epoch: 36, iters: 670, time: 0.487, data: 0.001) G_GAN_ViT: 0.470 D_real_ViT: 0.194 D_fake_ViT: 0.158 global: 0.339 spatial: 0.081 
(epoch: 36, iters: 770, time: 0.487, data: 0.001) G_GAN_ViT: 0.381 D_real_ViT: 0.255 D_fake_ViT: 0.208 global: 0.354 spatial: 0.079 
(epoch: 36, iters: 870, time: 0.487, data: 0.001) G_GAN_ViT: 0.445 D_real_ViT: 0.100 D_fake_ViT: 0.182 global: 0.400 spatial: 0.084 
(epoch: 36, iters: 970, time: 0.486, data: 0.001) G_GAN_ViT: 0.465 D_real_ViT: 0.083 D_fake_ViT: 0.169 global: 0.450 spatial: 0.075 
(epoch: 36, iters: 1070, time: 0.485, data: 0.001) G_GAN_ViT: 0.475 D_real_ViT: 0.191 D_fake_ViT: 0.146 global: 0.354 spatial: 0.072 
(epoch: 36, iters: 1170, time: 0.486, data: 0.001) G_GAN_ViT: 0.334 D_real_ViT: 0.186 D_fake_ViT: 0.247 global: 0.343 spatial: 0.074 
saving the latest model (epoch 36, total_iters 195000)
ICL_single_traffic_city
(epoch: 36, iters: 1270, time: 0.486, data: 0.001) G_GAN_ViT: 0.369 D_real_ViT: 0.330 D_fake_ViT: 0.202 global: 0.303 spatial: 0.063 
(epoch: 36, iters: 1370, time: 0.486, data: 0.001) G_GAN_ViT: 0.503 D_real_ViT: 0.222 D_fake_ViT: 0.122 global: 0.347 spatial: 0.079 
(epoch: 36, iters: 1470, time: 0.486, data: 0.002) G_GAN_ViT: 0.330 D_real_ViT: 0.312 D_fake_ViT: 0.237 global: 0.308 spatial: 0.077 
(epoch: 36, iters: 1570, time: 0.486, data: 0.002) G_GAN_ViT: 0.369 D_real_ViT: 0.164 D_fake_ViT: 0.203 global: 0.315 spatial: 0.077 
(epoch: 36, iters: 1670, time: 0.486, data: 0.002) G_GAN_ViT: 0.256 D_real_ViT: 0.152 D_fake_ViT: 0.314 global: 0.465 spatial: 0.077 
(epoch: 36, iters: 1770, time: 0.487, data: 0.002) G_GAN_ViT: 0.411 D_real_ViT: 0.328 D_fake_ViT: 0.175 global: 0.303 spatial: 0.064 
(epoch: 36, iters: 1870, time: 0.487, data: 0.001) G_GAN_ViT: 0.433 D_real_ViT: 0.248 D_fake_ViT: 0.161 global: 0.347 spatial: 0.078 
(epoch: 36, iters: 1970, time: 0.486, data: 0.001) G_GAN_ViT: 0.305 D_real_ViT: 0.252 D_fake_ViT: 0.280 global: 0.506 spatial: 0.085 
(epoch: 36, iters: 2070, time: 0.487, data: 0.002) G_GAN_ViT: 0.580 D_real_ViT: 0.130 D_fake_ViT: 0.145 global: 0.353 spatial: 0.088 
(epoch: 36, iters: 2170, time: 0.486, data: 0.001) G_GAN_ViT: 0.349 D_real_ViT: 0.248 D_fake_ViT: 0.228 global: 0.476 spatial: 0.073 
(epoch: 36, iters: 2270, time: 0.486, data: 0.001) G_GAN_ViT: 0.347 D_real_ViT: 0.271 D_fake_ViT: 0.223 global: 0.480 spatial: 0.087 
(epoch: 36, iters: 2370, time: 0.486, data: 0.002) G_GAN_ViT: 0.425 D_real_ViT: 0.258 D_fake_ViT: 0.172 global: 0.329 spatial: 0.076 
(epoch: 36, iters: 2470, time: 0.485, data: 0.001) G_GAN_ViT: 0.435 D_real_ViT: 0.140 D_fake_ViT: 0.173 global: 0.345 spatial: 0.096 
(epoch: 36, iters: 2570, time: 0.485, data: 0.002) G_GAN_ViT: 0.451 D_real_ViT: 0.141 D_fake_ViT: 0.162 global: 0.425 spatial: 0.080 
(epoch: 36, iters: 2670, time: 0.486, data: 0.002) G_GAN_ViT: 0.785 D_real_ViT: 0.179 D_fake_ViT: 0.109 global: 0.544 spatial: 0.108 
(epoch: 36, iters: 2770, time: 0.486, data: 0.002) G_GAN_ViT: 0.374 D_real_ViT: 0.156 D_fake_ViT: 0.210 global: 0.331 spatial: 0.068 
(epoch: 36, iters: 2870, time: 0.486, data: 0.003) G_GAN_ViT: 0.393 D_real_ViT: 0.227 D_fake_ViT: 0.193 global: 0.417 spatial: 0.083 
(epoch: 36, iters: 2970, time: 0.485, data: 0.002) G_GAN_ViT: 0.429 D_real_ViT: 0.332 D_fake_ViT: 0.171 global: 0.354 spatial: 0.082 
(epoch: 36, iters: 3070, time: 0.486, data: 0.002) G_GAN_ViT: 0.418 D_real_ViT: 0.040 D_fake_ViT: 0.188 global: 0.347 spatial: 0.077 
(epoch: 36, iters: 3170, time: 0.486, data: 0.002) G_GAN_ViT: 0.443 D_real_ViT: 0.150 D_fake_ViT: 0.172 global: 0.361 spatial: 0.090 
(epoch: 36, iters: 3270, time: 0.486, data: 0.002) G_GAN_ViT: 0.469 D_real_ViT: 0.208 D_fake_ViT: 0.153 global: 0.368 spatial: 0.093 
(epoch: 36, iters: 3370, time: 0.486, data: 0.002) G_GAN_ViT: 0.432 D_real_ViT: 0.133 D_fake_ViT: 0.171 global: 0.305 spatial: 0.078 
(epoch: 36, iters: 3470, time: 0.486, data: 0.002) G_GAN_ViT: 0.305 D_real_ViT: 0.203 D_fake_ViT: 0.273 global: 0.507 spatial: 0.090 
(epoch: 36, iters: 3570, time: 0.486, data: 0.002) G_GAN_ViT: 0.354 D_real_ViT: 0.275 D_fake_ViT: 0.226 global: 0.351 spatial: 0.071 
(epoch: 36, iters: 3670, time: 0.486, data: 0.002) G_GAN_ViT: 0.455 D_real_ViT: 0.224 D_fake_ViT: 0.164 global: 0.411 spatial: 0.072 
(epoch: 36, iters: 3770, time: 0.486, data: 0.001) G_GAN_ViT: 0.306 D_real_ViT: 0.295 D_fake_ViT: 0.255 global: 0.531 spatial: 0.092 
(epoch: 36, iters: 3870, time: 0.486, data: 0.002) G_GAN_ViT: 0.335 D_real_ViT: 0.118 D_fake_ViT: 0.278 global: 0.459 spatial: 0.115 
(epoch: 36, iters: 3970, time: 0.486, data: 0.001) G_GAN_ViT: 0.370 D_real_ViT: 0.230 D_fake_ViT: 0.211 global: 0.480 spatial: 0.088 
(epoch: 36, iters: 4070, time: 0.486, data: 0.001) G_GAN_ViT: 0.727 D_real_ViT: 0.233 D_fake_ViT: 0.088 global: 0.430 spatial: 0.087 
(epoch: 36, iters: 4170, time: 0.486, data: 0.001) G_GAN_ViT: 0.426 D_real_ViT: 0.182 D_fake_ViT: 0.168 global: 0.293 spatial: 0.066 
(epoch: 36, iters: 4270, time: 0.486, data: 0.001) G_GAN_ViT: 0.369 D_real_ViT: 0.212 D_fake_ViT: 0.204 global: 0.326 spatial: 0.083 
(epoch: 36, iters: 4370, time: 0.486, data: 0.001) G_GAN_ViT: 0.420 D_real_ViT: 0.118 D_fake_ViT: 0.186 global: 0.389 spatial: 0.087 
(epoch: 36, iters: 4470, time: 0.486, data: 0.002) G_GAN_ViT: 0.443 D_real_ViT: 0.119 D_fake_ViT: 0.159 global: 0.255 spatial: 0.058 
(epoch: 36, iters: 4570, time: 0.486, data: 0.002) G_GAN_ViT: 0.590 D_real_ViT: 0.175 D_fake_ViT: 0.121 global: 0.417 spatial: 0.097 
(epoch: 36, iters: 4670, time: 0.485, data: 0.001) G_GAN_ViT: 0.486 D_real_ViT: 0.158 D_fake_ViT: 0.145 global: 0.290 spatial: 0.073 
(epoch: 36, iters: 4770, time: 0.486, data: 0.002) G_GAN_ViT: 0.593 D_real_ViT: 0.285 D_fake_ViT: 0.098 global: 0.316 spatial: 0.078 
(epoch: 36, iters: 4870, time: 0.486, data: 0.002) G_GAN_ViT: 0.439 D_real_ViT: 0.187 D_fake_ViT: 0.168 global: 0.343 spatial: 0.076 
(epoch: 36, iters: 4970, time: 0.486, data: 0.001) G_GAN_ViT: 0.471 D_real_ViT: 0.146 D_fake_ViT: 0.151 global: 0.497 spatial: 0.096 
(epoch: 36, iters: 5070, time: 0.486, data: 0.002) G_GAN_ViT: 0.491 D_real_ViT: 0.229 D_fake_ViT: 0.125 global: 0.318 spatial: 0.074 
(epoch: 36, iters: 5170, time: 0.486, data: 0.002) G_GAN_ViT: 0.346 D_real_ViT: 0.162 D_fake_ViT: 0.235 global: 0.270 spatial: 0.067 
(epoch: 36, iters: 5270, time: 0.486, data: 0.001) G_GAN_ViT: 0.415 D_real_ViT: 0.152 D_fake_ViT: 0.171 global: 0.462 spatial: 0.086 
(epoch: 36, iters: 5370, time: 0.486, data: 0.002) G_GAN_ViT: 0.498 D_real_ViT: 0.313 D_fake_ViT: 0.133 global: 0.360 spatial: 0.073 
(epoch: 36, iters: 5470, time: 0.486, data: 0.001) G_GAN_ViT: 0.423 D_real_ViT: 0.087 D_fake_ViT: 0.183 global: 0.439 spatial: 0.082 
End of epoch 36 / 100 	 Time Taken: 2702 sec
learning rate = 0.0000100
(epoch: 37, iters: 32, time: 0.486, data: 0.002) G_GAN_ViT: 0.419 D_real_ViT: 0.347 D_fake_ViT: 0.216 global: 0.403 spatial: 0.113 
(epoch: 37, iters: 132, time: 0.486, data: 0.002) G_GAN_ViT: 0.492 D_real_ViT: 0.162 D_fake_ViT: 0.130 global: 0.362 spatial: 0.081 
(epoch: 37, iters: 232, time: 0.486, data: 0.002) G_GAN_ViT: 0.549 D_real_ViT: 0.173 D_fake_ViT: 0.107 global: 0.557 spatial: 0.087 
(epoch: 37, iters: 332, time: 0.486, data: 0.002) G_GAN_ViT: 0.368 D_real_ViT: 0.266 D_fake_ViT: 0.216 global: 0.333 spatial: 0.070 
(epoch: 37, iters: 432, time: 0.486, data: 0.002) G_GAN_ViT: 0.607 D_real_ViT: 0.210 D_fake_ViT: 0.113 global: 0.438 spatial: 0.098 
(epoch: 37, iters: 532, time: 0.485, data: 0.002) G_GAN_ViT: 0.464 D_real_ViT: 0.279 D_fake_ViT: 0.145 global: 0.424 spatial: 0.076 
(epoch: 37, iters: 632, time: 0.486, data: 0.002) G_GAN_ViT: 0.616 D_real_ViT: 0.091 D_fake_ViT: 0.118 global: 0.360 spatial: 0.083 
saving the latest model (epoch 37, total_iters 200000)
ICL_single_traffic_city
(epoch: 37, iters: 732, time: 0.486, data: 0.002) G_GAN_ViT: 0.411 D_real_ViT: 0.044 D_fake_ViT: 0.191 global: 0.299 spatial: 0.070 
(epoch: 37, iters: 832, time: 0.486, data: 0.001) G_GAN_ViT: 0.480 D_real_ViT: 0.195 D_fake_ViT: 0.150 global: 0.484 spatial: 0.089 
(epoch: 37, iters: 932, time: 0.486, data: 0.002) G_GAN_ViT: 0.414 D_real_ViT: 0.170 D_fake_ViT: 0.191 global: 0.383 spatial: 0.083 
(epoch: 37, iters: 1032, time: 0.486, data: 0.001) G_GAN_ViT: 0.311 D_real_ViT: 0.125 D_fake_ViT: 0.268 global: 0.436 spatial: 0.099 
(epoch: 37, iters: 1132, time: 0.486, data: 0.002) G_GAN_ViT: 0.418 D_real_ViT: 0.124 D_fake_ViT: 0.169 global: 0.332 spatial: 0.082 
(epoch: 37, iters: 1232, time: 0.486, data: 0.001) G_GAN_ViT: 0.511 D_real_ViT: 0.235 D_fake_ViT: 0.115 global: 0.357 spatial: 0.078 
(epoch: 37, iters: 1332, time: 0.486, data: 0.002) G_GAN_ViT: 0.375 D_real_ViT: 0.256 D_fake_ViT: 0.235 global: 0.464 spatial: 0.076 
(epoch: 37, iters: 1432, time: 0.486, data: 0.002) G_GAN_ViT: 0.283 D_real_ViT: 0.156 D_fake_ViT: 0.271 global: 0.569 spatial: 0.087 
(epoch: 37, iters: 1532, time: 0.486, data: 0.002) G_GAN_ViT: 0.382 D_real_ViT: 0.338 D_fake_ViT: 0.217 global: 0.471 spatial: 0.093 
(epoch: 37, iters: 1632, time: 0.486, data: 0.001) G_GAN_ViT: 0.732 D_real_ViT: 0.086 D_fake_ViT: 0.116 global: 0.424 spatial: 0.084 
(epoch: 37, iters: 1732, time: 0.486, data: 0.001) G_GAN_ViT: 0.380 D_real_ViT: 0.223 D_fake_ViT: 0.206 global: 0.339 spatial: 0.073 
(epoch: 37, iters: 1832, time: 0.486, data: 0.002) G_GAN_ViT: 0.391 D_real_ViT: 0.178 D_fake_ViT: 0.185 global: 0.286 spatial: 0.065 
(epoch: 37, iters: 1932, time: 0.486, data: 0.002) G_GAN_ViT: 0.383 D_real_ViT: 0.177 D_fake_ViT: 0.206 global: 0.369 spatial: 0.084 
(epoch: 37, iters: 2032, time: 0.486, data: 0.002) G_GAN_ViT: 0.438 D_real_ViT: 0.126 D_fake_ViT: 0.187 global: 0.318 spatial: 0.069 
(epoch: 37, iters: 2132, time: 0.486, data: 0.002) G_GAN_ViT: 0.492 D_real_ViT: 0.166 D_fake_ViT: 0.141 global: 0.360 spatial: 0.080 
(epoch: 37, iters: 2232, time: 0.486, data: 0.001) G_GAN_ViT: 0.521 D_real_ViT: 0.260 D_fake_ViT: 0.138 global: 0.381 spatial: 0.084 
(epoch: 37, iters: 2332, time: 0.486, data: 0.002) G_GAN_ViT: 0.530 D_real_ViT: 0.323 D_fake_ViT: 0.129 global: 0.453 spatial: 0.085 
(epoch: 37, iters: 2432, time: 0.486, data: 0.002) G_GAN_ViT: 0.367 D_real_ViT: 0.096 D_fake_ViT: 0.227 global: 0.422 spatial: 0.080 
(epoch: 37, iters: 2532, time: 0.487, data: 0.001) G_GAN_ViT: 0.510 D_real_ViT: 0.215 D_fake_ViT: 0.130 global: 0.331 spatial: 0.079 
(epoch: 37, iters: 2632, time: 0.487, data: 0.002) G_GAN_ViT: 0.403 D_real_ViT: 0.359 D_fake_ViT: 0.182 global: 0.496 spatial: 0.087 
(epoch: 37, iters: 2732, time: 0.487, data: 0.001) G_GAN_ViT: 0.359 D_real_ViT: 0.146 D_fake_ViT: 0.220 global: 0.333 spatial: 0.074 
(epoch: 37, iters: 2832, time: 0.487, data: 0.002) G_GAN_ViT: 0.597 D_real_ViT: 0.244 D_fake_ViT: 0.083 global: 0.339 spatial: 0.074 
(epoch: 37, iters: 2932, time: 0.487, data: 0.002) G_GAN_ViT: 0.305 D_real_ViT: 0.176 D_fake_ViT: 0.279 global: 0.574 spatial: 0.094 
(epoch: 37, iters: 3032, time: 0.487, data: 0.002) G_GAN_ViT: 0.476 D_real_ViT: 0.156 D_fake_ViT: 0.160 global: 0.393 spatial: 0.075 
(epoch: 37, iters: 3132, time: 0.487, data: 0.002) G_GAN_ViT: 0.467 D_real_ViT: 0.188 D_fake_ViT: 0.143 global: 0.329 spatial: 0.083 
(epoch: 37, iters: 3232, time: 0.487, data: 0.001) G_GAN_ViT: 0.582 D_real_ViT: 0.042 D_fake_ViT: 0.124 global: 0.373 spatial: 0.083 
(epoch: 37, iters: 3332, time: 0.487, data: 0.002) G_GAN_ViT: 0.440 D_real_ViT: 0.156 D_fake_ViT: 0.187 global: 0.399 spatial: 0.086 
(epoch: 37, iters: 3432, time: 0.487, data: 0.002) G_GAN_ViT: 0.360 D_real_ViT: 0.138 D_fake_ViT: 0.243 global: 0.511 spatial: 0.080 
(epoch: 37, iters: 3532, time: 0.487, data: 0.001) G_GAN_ViT: 0.451 D_real_ViT: 0.189 D_fake_ViT: 0.160 global: 0.431 spatial: 0.082 
(epoch: 37, iters: 3632, time: 0.488, data: 0.002) G_GAN_ViT: 0.511 D_real_ViT: 0.330 D_fake_ViT: 0.124 global: 0.348 spatial: 0.077 
(epoch: 37, iters: 3732, time: 0.486, data: 0.001) G_GAN_ViT: 0.473 D_real_ViT: 0.054 D_fake_ViT: 0.154 global: 0.395 spatial: 0.095 
(epoch: 37, iters: 3832, time: 0.487, data: 0.002) G_GAN_ViT: 0.431 D_real_ViT: 0.253 D_fake_ViT: 0.187 global: 0.493 spatial: 0.109 
(epoch: 37, iters: 3932, time: 0.487, data: 0.001) G_GAN_ViT: 0.484 D_real_ViT: 0.237 D_fake_ViT: 0.149 global: 0.424 spatial: 0.095 
(epoch: 37, iters: 4032, time: 0.487, data: 0.001) G_GAN_ViT: 0.403 D_real_ViT: 0.407 D_fake_ViT: 0.195 global: 0.351 spatial: 0.092 
(epoch: 37, iters: 4132, time: 0.487, data: 0.001) G_GAN_ViT: 0.496 D_real_ViT: 0.128 D_fake_ViT: 0.124 global: 0.337 spatial: 0.067 
(epoch: 37, iters: 4232, time: 0.487, data: 0.001) G_GAN_ViT: 0.294 D_real_ViT: 0.091 D_fake_ViT: 0.271 global: 0.495 spatial: 0.101 
(epoch: 37, iters: 4332, time: 0.487, data: 0.001) G_GAN_ViT: 0.487 D_real_ViT: 0.289 D_fake_ViT: 0.124 global: 0.299 spatial: 0.059 
(epoch: 37, iters: 4432, time: 0.487, data: 0.001) G_GAN_ViT: 0.323 D_real_ViT: 0.408 D_fake_ViT: 0.261 global: 0.525 spatial: 0.076 
(epoch: 37, iters: 4532, time: 0.487, data: 0.002) G_GAN_ViT: 0.265 D_real_ViT: 0.288 D_fake_ViT: 0.301 global: 0.562 spatial: 0.092 
(epoch: 37, iters: 4632, time: 0.487, data: 0.001) G_GAN_ViT: 0.427 D_real_ViT: 0.099 D_fake_ViT: 0.178 global: 0.388 spatial: 0.078 
(epoch: 37, iters: 4732, time: 0.487, data: 0.001) G_GAN_ViT: 0.511 D_real_ViT: 0.108 D_fake_ViT: 0.120 global: 0.311 spatial: 0.079 
(epoch: 37, iters: 4832, time: 0.487, data: 0.001) G_GAN_ViT: 0.389 D_real_ViT: 0.080 D_fake_ViT: 0.200 global: 0.522 spatial: 0.083 
(epoch: 37, iters: 4932, time: 0.487, data: 0.001) G_GAN_ViT: 0.419 D_real_ViT: 0.073 D_fake_ViT: 0.209 global: 0.332 spatial: 0.071 
(epoch: 37, iters: 5032, time: 0.487, data: 0.001) G_GAN_ViT: 0.377 D_real_ViT: 0.110 D_fake_ViT: 0.200 global: 0.313 spatial: 0.072 
(epoch: 37, iters: 5132, time: 0.487, data: 0.001) G_GAN_ViT: 0.368 D_real_ViT: 0.137 D_fake_ViT: 0.202 global: 0.406 spatial: 0.080 
(epoch: 37, iters: 5232, time: 0.487, data: 0.001) G_GAN_ViT: 0.480 D_real_ViT: 0.110 D_fake_ViT: 0.160 global: 0.446 spatial: 0.099 
(epoch: 37, iters: 5332, time: 0.487, data: 0.001) G_GAN_ViT: 0.658 D_real_ViT: 0.184 D_fake_ViT: 0.093 global: 0.370 spatial: 0.082 
(epoch: 37, iters: 5432, time: 0.487, data: 0.001) G_GAN_ViT: 0.458 D_real_ViT: 0.239 D_fake_ViT: 0.159 global: 0.310 spatial: 0.080 
(epoch: 37, iters: 5532, time: 0.486, data: 0.002) G_GAN_ViT: 0.444 D_real_ViT: 0.211 D_fake_ViT: 0.194 global: 0.412 spatial: 0.109 
End of epoch 37 / 100 	 Time Taken: 2704 sec
learning rate = 0.0000100
(epoch: 38, iters: 94, time: 0.487, data: 0.002) G_GAN_ViT: 0.344 D_real_ViT: 0.323 D_fake_ViT: 0.224 global: 0.536 spatial: 0.093 
saving the latest model (epoch 38, total_iters 205000)
ICL_single_traffic_city
(epoch: 38, iters: 194, time: 0.487, data: 0.002) G_GAN_ViT: 0.483 D_real_ViT: 0.123 D_fake_ViT: 0.140 global: 0.345 spatial: 0.066 
(epoch: 38, iters: 294, time: 0.487, data: 0.001) G_GAN_ViT: 0.379 D_real_ViT: 0.318 D_fake_ViT: 0.215 global: 0.368 spatial: 0.080 
(epoch: 38, iters: 394, time: 0.487, data: 0.001) G_GAN_ViT: 0.438 D_real_ViT: 0.275 D_fake_ViT: 0.157 global: 0.306 spatial: 0.070 
(epoch: 38, iters: 494, time: 0.487, data: 0.001) G_GAN_ViT: 0.409 D_real_ViT: 0.125 D_fake_ViT: 0.207 global: 0.338 spatial: 0.082 
(epoch: 38, iters: 594, time: 0.488, data: 0.001) G_GAN_ViT: 0.290 D_real_ViT: 0.265 D_fake_ViT: 0.271 global: 0.517 spatial: 0.097 
(epoch: 38, iters: 694, time: 0.487, data: 0.001) G_GAN_ViT: 0.354 D_real_ViT: 0.120 D_fake_ViT: 0.227 global: 0.588 spatial: 0.094 
(epoch: 38, iters: 794, time: 0.487, data: 0.001) G_GAN_ViT: 0.400 D_real_ViT: 0.271 D_fake_ViT: 0.172 global: 0.248 spatial: 0.063 
(epoch: 38, iters: 894, time: 0.487, data: 0.002) G_GAN_ViT: 0.471 D_real_ViT: 0.114 D_fake_ViT: 0.146 global: 0.319 spatial: 0.067 
(epoch: 38, iters: 994, time: 0.487, data: 0.001) G_GAN_ViT: 0.269 D_real_ViT: 0.167 D_fake_ViT: 0.292 global: 0.444 spatial: 0.089 
(epoch: 38, iters: 1094, time: 0.487, data: 0.002) G_GAN_ViT: 0.374 D_real_ViT: 0.230 D_fake_ViT: 0.242 global: 0.337 spatial: 0.066 
(epoch: 38, iters: 1194, time: 0.487, data: 0.001) G_GAN_ViT: 0.301 D_real_ViT: 0.293 D_fake_ViT: 0.261 global: 0.395 spatial: 0.085 
(epoch: 38, iters: 1294, time: 0.487, data: 0.001) G_GAN_ViT: 0.472 D_real_ViT: 0.087 D_fake_ViT: 0.175 global: 0.341 spatial: 0.092 
(epoch: 38, iters: 1394, time: 0.487, data: 0.001) G_GAN_ViT: 0.365 D_real_ViT: 0.206 D_fake_ViT: 0.221 global: 0.291 spatial: 0.074 
(epoch: 38, iters: 1494, time: 0.487, data: 0.001) G_GAN_ViT: 0.457 D_real_ViT: 0.308 D_fake_ViT: 0.167 global: 0.351 spatial: 0.082 
(epoch: 38, iters: 1594, time: 0.487, data: 0.002) G_GAN_ViT: 0.464 D_real_ViT: 0.191 D_fake_ViT: 0.145 global: 0.294 spatial: 0.073 
(epoch: 38, iters: 1694, time: 0.487, data: 0.001) G_GAN_ViT: 0.324 D_real_ViT: 0.172 D_fake_ViT: 0.269 global: 0.445 spatial: 0.095 
(epoch: 38, iters: 1794, time: 0.487, data: 0.001) G_GAN_ViT: 0.461 D_real_ViT: 0.033 D_fake_ViT: 0.165 global: 0.333 spatial: 0.078 
(epoch: 38, iters: 1894, time: 0.488, data: 0.001) G_GAN_ViT: 0.495 D_real_ViT: 0.257 D_fake_ViT: 0.124 global: 0.332 spatial: 0.069 
(epoch: 38, iters: 1994, time: 0.487, data: 0.001) G_GAN_ViT: 0.566 D_real_ViT: 0.157 D_fake_ViT: 0.094 global: 0.306 spatial: 0.053 
(epoch: 38, iters: 2094, time: 0.487, data: 0.002) G_GAN_ViT: 0.422 D_real_ViT: 0.090 D_fake_ViT: 0.189 global: 0.393 spatial: 0.092 
(epoch: 38, iters: 2194, time: 0.488, data: 0.001) G_GAN_ViT: 0.262 D_real_ViT: 0.095 D_fake_ViT: 0.307 global: 0.464 spatial: 0.076 
(epoch: 38, iters: 2294, time: 0.488, data: 0.001) G_GAN_ViT: 0.530 D_real_ViT: 0.208 D_fake_ViT: 0.114 global: 0.315 spatial: 0.073 
(epoch: 38, iters: 2394, time: 0.487, data: 0.001) G_GAN_ViT: 0.408 D_real_ViT: 0.273 D_fake_ViT: 0.198 global: 0.459 spatial: 0.097 
(epoch: 38, iters: 2494, time: 0.488, data: 0.001) G_GAN_ViT: 0.414 D_real_ViT: 0.236 D_fake_ViT: 0.176 global: 0.350 spatial: 0.095 
(epoch: 38, iters: 2594, time: 0.488, data: 0.001) G_GAN_ViT: 0.463 D_real_ViT: 0.135 D_fake_ViT: 0.160 global: 0.335 spatial: 0.067 
(epoch: 38, iters: 2694, time: 0.488, data: 0.002) G_GAN_ViT: 0.526 D_real_ViT: 0.351 D_fake_ViT: 0.139 global: 0.515 spatial: 0.113 
(epoch: 38, iters: 2794, time: 0.488, data: 0.001) G_GAN_ViT: 0.525 D_real_ViT: 0.214 D_fake_ViT: 0.134 global: 0.455 spatial: 0.089 
(epoch: 38, iters: 2894, time: 0.488, data: 0.001) G_GAN_ViT: 0.264 D_real_ViT: 0.296 D_fake_ViT: 0.322 global: 0.469 spatial: 0.086 
(epoch: 38, iters: 2994, time: 0.488, data: 0.001) G_GAN_ViT: 0.381 D_real_ViT: 0.140 D_fake_ViT: 0.221 global: 0.419 spatial: 0.101 
(epoch: 38, iters: 3094, time: 0.487, data: 0.002) G_GAN_ViT: 0.263 D_real_ViT: 0.104 D_fake_ViT: 0.328 global: 0.435 spatial: 0.076 
(epoch: 38, iters: 3194, time: 0.487, data: 0.001) G_GAN_ViT: 0.352 D_real_ViT: 0.169 D_fake_ViT: 0.223 global: 0.316 spatial: 0.069 
(epoch: 38, iters: 3294, time: 0.487, data: 0.001) G_GAN_ViT: 0.521 D_real_ViT: 0.201 D_fake_ViT: 0.144 global: 0.427 spatial: 0.106 
(epoch: 38, iters: 3394, time: 0.487, data: 0.001) G_GAN_ViT: 0.438 D_real_ViT: 0.105 D_fake_ViT: 0.188 global: 0.445 spatial: 0.088 
(epoch: 38, iters: 3494, time: 0.487, data: 0.001) G_GAN_ViT: 0.733 D_real_ViT: 0.208 D_fake_ViT: 0.072 global: 0.390 spatial: 0.081 
(epoch: 38, iters: 3594, time: 0.486, data: 0.001) G_GAN_ViT: 0.272 D_real_ViT: 0.365 D_fake_ViT: 0.323 global: 0.551 spatial: 0.100 
(epoch: 38, iters: 3694, time: 0.487, data: 0.001) G_GAN_ViT: 0.407 D_real_ViT: 0.159 D_fake_ViT: 0.180 global: 0.264 spatial: 0.063 
(epoch: 38, iters: 3794, time: 0.487, data: 0.002) G_GAN_ViT: 0.433 D_real_ViT: 0.294 D_fake_ViT: 0.162 global: 0.461 spatial: 0.087 
(epoch: 38, iters: 3894, time: 0.487, data: 0.001) G_GAN_ViT: 0.486 D_real_ViT: 0.221 D_fake_ViT: 0.139 global: 0.324 spatial: 0.079 
(epoch: 38, iters: 3994, time: 0.487, data: 0.001) G_GAN_ViT: 0.487 D_real_ViT: 0.162 D_fake_ViT: 0.154 global: 0.373 spatial: 0.090 
(epoch: 38, iters: 4094, time: 0.487, data: 0.001) G_GAN_ViT: 0.442 D_real_ViT: 0.284 D_fake_ViT: 0.174 global: 0.465 spatial: 0.076 
(epoch: 38, iters: 4194, time: 0.487, data: 0.001) G_GAN_ViT: 0.492 D_real_ViT: 0.188 D_fake_ViT: 0.146 global: 0.518 spatial: 0.076 
(epoch: 38, iters: 4294, time: 0.487, data: 0.001) G_GAN_ViT: 0.272 D_real_ViT: 0.395 D_fake_ViT: 0.280 global: 0.482 spatial: 0.083 
(epoch: 38, iters: 4394, time: 0.487, data: 0.001) G_GAN_ViT: 0.479 D_real_ViT: 0.044 D_fake_ViT: 0.133 global: 0.321 spatial: 0.084 
(epoch: 38, iters: 4494, time: 0.487, data: 0.001) G_GAN_ViT: 0.528 D_real_ViT: 0.192 D_fake_ViT: 0.109 global: 0.296 spatial: 0.065 
(epoch: 38, iters: 4594, time: 0.487, data: 0.001) G_GAN_ViT: 0.420 D_real_ViT: 0.205 D_fake_ViT: 0.170 global: 0.310 spatial: 0.081 
(epoch: 38, iters: 4694, time: 0.487, data: 0.001) G_GAN_ViT: 0.462 D_real_ViT: 0.194 D_fake_ViT: 0.162 global: 0.307 spatial: 0.071 
(epoch: 38, iters: 4794, time: 0.487, data: 0.001) G_GAN_ViT: 0.408 D_real_ViT: 0.218 D_fake_ViT: 0.193 global: 0.408 spatial: 0.079 
(epoch: 38, iters: 4894, time: 0.487, data: 0.001) G_GAN_ViT: 0.407 D_real_ViT: 0.307 D_fake_ViT: 0.212 global: 0.375 spatial: 0.085 
(epoch: 38, iters: 4994, time: 0.485, data: 0.001) G_GAN_ViT: 0.578 D_real_ViT: 0.274 D_fake_ViT: 0.109 global: 0.417 spatial: 0.089 
(epoch: 38, iters: 5094, time: 0.486, data: 0.002) G_GAN_ViT: 0.388 D_real_ViT: 0.072 D_fake_ViT: 0.200 global: 0.497 spatial: 0.081 
saving the latest model (epoch 38, total_iters 210000)
ICL_single_traffic_city
(epoch: 38, iters: 5194, time: 0.487, data: 0.001) G_GAN_ViT: 0.399 D_real_ViT: 0.240 D_fake_ViT: 0.192 global: 0.433 spatial: 0.079 
(epoch: 38, iters: 5294, time: 0.487, data: 0.001) G_GAN_ViT: 0.517 D_real_ViT: 0.280 D_fake_ViT: 0.162 global: 0.486 spatial: 0.081 
(epoch: 38, iters: 5394, time: 0.487, data: 0.002) G_GAN_ViT: 0.407 D_real_ViT: 0.189 D_fake_ViT: 0.183 global: 0.370 spatial: 0.077 
(epoch: 38, iters: 5494, time: 0.487, data: 0.001) G_GAN_ViT: 0.474 D_real_ViT: 0.293 D_fake_ViT: 0.144 global: 0.371 spatial: 0.083 
End of epoch 38 / 100 	 Time Taken: 2707 sec
learning rate = 0.0000100
(epoch: 39, iters: 56, time: 0.487, data: 0.001) G_GAN_ViT: 0.418 D_real_ViT: 0.310 D_fake_ViT: 0.185 global: 0.573 spatial: 0.095 
(epoch: 39, iters: 156, time: 0.487, data: 0.001) G_GAN_ViT: 0.498 D_real_ViT: 0.066 D_fake_ViT: 0.132 global: 0.312 spatial: 0.085 
(epoch: 39, iters: 256, time: 0.486, data: 0.001) G_GAN_ViT: 0.391 D_real_ViT: 0.196 D_fake_ViT: 0.188 global: 0.311 spatial: 0.073 
(epoch: 39, iters: 356, time: 0.486, data: 0.001) G_GAN_ViT: 0.297 D_real_ViT: 0.097 D_fake_ViT: 0.325 global: 0.458 spatial: 0.084 
(epoch: 39, iters: 456, time: 0.487, data: 0.001) G_GAN_ViT: 0.513 D_real_ViT: 0.179 D_fake_ViT: 0.125 global: 0.347 spatial: 0.073 
(epoch: 39, iters: 556, time: 0.487, data: 0.001) G_GAN_ViT: 0.390 D_real_ViT: 0.103 D_fake_ViT: 0.204 global: 0.343 spatial: 0.068 
(epoch: 39, iters: 656, time: 0.486, data: 0.002) G_GAN_ViT: 0.550 D_real_ViT: 0.141 D_fake_ViT: 0.127 global: 0.386 spatial: 0.087 
(epoch: 39, iters: 756, time: 0.486, data: 0.002) G_GAN_ViT: 0.420 D_real_ViT: 0.100 D_fake_ViT: 0.192 global: 0.330 spatial: 0.074 
(epoch: 39, iters: 856, time: 0.486, data: 0.001) G_GAN_ViT: 0.334 D_real_ViT: 0.117 D_fake_ViT: 0.235 global: 0.482 spatial: 0.089 
(epoch: 39, iters: 956, time: 0.486, data: 0.001) G_GAN_ViT: 0.433 D_real_ViT: 0.129 D_fake_ViT: 0.183 global: 0.466 spatial: 0.078 
(epoch: 39, iters: 1056, time: 0.486, data: 0.002) G_GAN_ViT: 0.469 D_real_ViT: 0.398 D_fake_ViT: 0.171 global: 0.389 spatial: 0.073 
(epoch: 39, iters: 1156, time: 0.486, data: 0.002) G_GAN_ViT: 0.547 D_real_ViT: 0.232 D_fake_ViT: 0.114 global: 0.346 spatial: 0.080 
(epoch: 39, iters: 1256, time: 0.486, data: 0.002) G_GAN_ViT: 0.353 D_real_ViT: 0.096 D_fake_ViT: 0.233 global: 0.503 spatial: 0.092 
(epoch: 39, iters: 1356, time: 0.486, data: 0.002) G_GAN_ViT: 0.380 D_real_ViT: 0.061 D_fake_ViT: 0.218 global: 0.364 spatial: 0.072 
(epoch: 39, iters: 1456, time: 0.486, data: 0.002) G_GAN_ViT: 0.549 D_real_ViT: 0.156 D_fake_ViT: 0.136 global: 0.459 spatial: 0.082 
(epoch: 39, iters: 1556, time: 0.486, data: 0.001) G_GAN_ViT: 0.580 D_real_ViT: 0.121 D_fake_ViT: 0.090 global: 0.320 spatial: 0.071 
(epoch: 39, iters: 1656, time: 0.486, data: 0.001) G_GAN_ViT: 0.565 D_real_ViT: 0.308 D_fake_ViT: 0.114 global: 0.399 spatial: 0.096 
(epoch: 39, iters: 1756, time: 0.486, data: 0.001) G_GAN_ViT: 0.330 D_real_ViT: 0.102 D_fake_ViT: 0.249 global: 0.408 spatial: 0.073 
(epoch: 39, iters: 1856, time: 0.486, data: 0.001) G_GAN_ViT: 0.336 D_real_ViT: 0.269 D_fake_ViT: 0.265 global: 0.393 spatial: 0.071 
(epoch: 39, iters: 1956, time: 0.486, data: 0.001) G_GAN_ViT: 0.431 D_real_ViT: 0.176 D_fake_ViT: 0.159 global: 0.325 spatial: 0.069 
(epoch: 39, iters: 2056, time: 0.486, data: 0.001) G_GAN_ViT: 0.363 D_real_ViT: 0.096 D_fake_ViT: 0.237 global: 0.341 spatial: 0.068 
(epoch: 39, iters: 2156, time: 0.487, data: 0.002) G_GAN_ViT: 0.428 D_real_ViT: 0.221 D_fake_ViT: 0.186 global: 0.345 spatial: 0.083 
(epoch: 39, iters: 2256, time: 0.486, data: 0.001) G_GAN_ViT: 0.567 D_real_ViT: 0.384 D_fake_ViT: 0.093 global: 0.278 spatial: 0.069 
(epoch: 39, iters: 2356, time: 0.487, data: 0.002) G_GAN_ViT: 0.508 D_real_ViT: 0.165 D_fake_ViT: 0.129 global: 0.412 spatial: 0.089 
(epoch: 39, iters: 2456, time: 0.486, data: 0.001) G_GAN_ViT: 0.371 D_real_ViT: 0.214 D_fake_ViT: 0.207 global: 0.288 spatial: 0.078 
(epoch: 39, iters: 2556, time: 0.486, data: 0.001) G_GAN_ViT: 0.544 D_real_ViT: 0.126 D_fake_ViT: 0.114 global: 0.358 spatial: 0.087 
(epoch: 39, iters: 2656, time: 0.486, data: 0.002) G_GAN_ViT: 0.316 D_real_ViT: 0.299 D_fake_ViT: 0.250 global: 0.319 spatial: 0.073 
(epoch: 39, iters: 2756, time: 0.486, data: 0.001) G_GAN_ViT: 0.418 D_real_ViT: 0.285 D_fake_ViT: 0.170 global: 0.492 spatial: 0.083 
(epoch: 39, iters: 2856, time: 0.486, data: 0.001) G_GAN_ViT: 0.373 D_real_ViT: 0.181 D_fake_ViT: 0.213 global: 0.379 spatial: 0.080 
(epoch: 39, iters: 2956, time: 0.486, data: 0.001) G_GAN_ViT: 0.443 D_real_ViT: 0.246 D_fake_ViT: 0.165 global: 0.368 spatial: 0.092 
(epoch: 39, iters: 3056, time: 0.486, data: 0.002) G_GAN_ViT: 0.432 D_real_ViT: 0.171 D_fake_ViT: 0.159 global: 0.357 spatial: 0.076 
(epoch: 39, iters: 3156, time: 0.486, data: 0.001) G_GAN_ViT: 0.317 D_real_ViT: 0.214 D_fake_ViT: 0.249 global: 0.330 spatial: 0.078 
(epoch: 39, iters: 3256, time: 0.486, data: 0.001) G_GAN_ViT: 0.513 D_real_ViT: 0.359 D_fake_ViT: 0.149 global: 0.436 spatial: 0.085 
(epoch: 39, iters: 3356, time: 0.486, data: 0.001) G_GAN_ViT: 0.294 D_real_ViT: 0.191 D_fake_ViT: 0.294 global: 0.595 spatial: 0.076 
(epoch: 39, iters: 3456, time: 0.487, data: 0.002) G_GAN_ViT: 0.434 D_real_ViT: 0.099 D_fake_ViT: 0.175 global: 0.286 spatial: 0.077 
(epoch: 39, iters: 3556, time: 0.487, data: 0.001) G_GAN_ViT: 0.472 D_real_ViT: 0.188 D_fake_ViT: 0.151 global: 0.326 spatial: 0.078 
(epoch: 39, iters: 3656, time: 0.488, data: 0.002) G_GAN_ViT: 0.449 D_real_ViT: 0.157 D_fake_ViT: 0.155 global: 0.537 spatial: 0.091 
(epoch: 39, iters: 3756, time: 0.488, data: 0.001) G_GAN_ViT: 0.480 D_real_ViT: 0.252 D_fake_ViT: 0.141 global: 0.427 spatial: 0.085 
(epoch: 39, iters: 3856, time: 0.488, data: 0.001) G_GAN_ViT: 0.473 D_real_ViT: 0.262 D_fake_ViT: 0.149 global: 0.333 spatial: 0.067 
(epoch: 39, iters: 3956, time: 0.488, data: 0.002) G_GAN_ViT: 0.484 D_real_ViT: 0.154 D_fake_ViT: 0.145 global: 0.274 spatial: 0.070 
(epoch: 39, iters: 4056, time: 0.488, data: 0.001) G_GAN_ViT: 0.407 D_real_ViT: 0.335 D_fake_ViT: 0.172 global: 0.287 spatial: 0.068 
(epoch: 39, iters: 4156, time: 0.488, data: 0.001) G_GAN_ViT: 0.498 D_real_ViT: 0.139 D_fake_ViT: 0.150 global: 0.395 spatial: 0.078 
(epoch: 39, iters: 4256, time: 0.488, data: 0.001) G_GAN_ViT: 0.458 D_real_ViT: 0.181 D_fake_ViT: 0.140 global: 0.301 spatial: 0.064 
(epoch: 39, iters: 4356, time: 0.488, data: 0.002) G_GAN_ViT: 0.357 D_real_ViT: 0.156 D_fake_ViT: 0.217 global: 0.303 spatial: 0.070 
(epoch: 39, iters: 4456, time: 0.486, data: 0.001) G_GAN_ViT: 0.421 D_real_ViT: 0.153 D_fake_ViT: 0.190 global: 0.396 spatial: 0.071 
(epoch: 39, iters: 4556, time: 0.487, data: 0.001) G_GAN_ViT: 0.409 D_real_ViT: 0.172 D_fake_ViT: 0.195 global: 0.333 spatial: 0.087 
saving the latest model (epoch 39, total_iters 215000)
ICL_single_traffic_city
(epoch: 39, iters: 4656, time: 0.487, data: 0.001) G_GAN_ViT: 0.383 D_real_ViT: 0.254 D_fake_ViT: 0.218 global: 0.490 spatial: 0.119 
(epoch: 39, iters: 4756, time: 0.487, data: 0.001) G_GAN_ViT: 0.319 D_real_ViT: 0.134 D_fake_ViT: 0.258 global: 0.497 spatial: 0.089 
(epoch: 39, iters: 4856, time: 0.487, data: 0.002) G_GAN_ViT: 0.323 D_real_ViT: 0.373 D_fake_ViT: 0.247 global: 0.548 spatial: 0.104 
(epoch: 39, iters: 4956, time: 0.487, data: 0.001) G_GAN_ViT: 0.328 D_real_ViT: 0.156 D_fake_ViT: 0.244 global: 0.374 spatial: 0.086 
(epoch: 39, iters: 5056, time: 0.487, data: 0.001) G_GAN_ViT: 0.371 D_real_ViT: 0.235 D_fake_ViT: 0.205 global: 0.451 spatial: 0.082 
(epoch: 39, iters: 5156, time: 0.488, data: 0.002) G_GAN_ViT: 0.447 D_real_ViT: 0.215 D_fake_ViT: 0.169 global: 0.407 spatial: 0.063 
(epoch: 39, iters: 5256, time: 0.488, data: 0.001) G_GAN_ViT: 0.535 D_real_ViT: 0.225 D_fake_ViT: 0.120 global: 0.330 spatial: 0.072 
(epoch: 39, iters: 5356, time: 0.487, data: 0.002) G_GAN_ViT: 0.430 D_real_ViT: 0.295 D_fake_ViT: 0.171 global: 0.358 spatial: 0.073 
(epoch: 39, iters: 5456, time: 0.487, data: 0.002) G_GAN_ViT: 0.420 D_real_ViT: 0.375 D_fake_ViT: 0.196 global: 0.333 spatial: 0.076 
End of epoch 39 / 100 	 Time Taken: 2705 sec
learning rate = 0.0000100
(epoch: 40, iters: 18, time: 0.487, data: 0.002) G_GAN_ViT: 0.483 D_real_ViT: 0.098 D_fake_ViT: 0.145 global: 0.330 spatial: 0.095 
(epoch: 40, iters: 118, time: 0.487, data: 0.002) G_GAN_ViT: 0.536 D_real_ViT: 0.290 D_fake_ViT: 0.125 global: 0.364 spatial: 0.079 
(epoch: 40, iters: 218, time: 0.487, data: 0.002) G_GAN_ViT: 0.415 D_real_ViT: 0.179 D_fake_ViT: 0.179 global: 0.368 spatial: 0.088 
(epoch: 40, iters: 318, time: 0.487, data: 0.002) G_GAN_ViT: 0.602 D_real_ViT: 0.317 D_fake_ViT: 0.091 global: 0.355 spatial: 0.087 
(epoch: 40, iters: 418, time: 0.487, data: 0.001) G_GAN_ViT: 0.398 D_real_ViT: 0.084 D_fake_ViT: 0.198 global: 0.499 spatial: 0.089 
(epoch: 40, iters: 518, time: 0.488, data: 0.002) G_GAN_ViT: 0.423 D_real_ViT: 0.268 D_fake_ViT: 0.171 global: 0.449 spatial: 0.087 
(epoch: 40, iters: 618, time: 0.488, data: 0.001) G_GAN_ViT: 0.304 D_real_ViT: 0.304 D_fake_ViT: 0.263 global: 0.382 spatial: 0.076 
(epoch: 40, iters: 718, time: 0.488, data: 0.001) G_GAN_ViT: 0.397 D_real_ViT: 0.188 D_fake_ViT: 0.193 global: 0.297 spatial: 0.064 
(epoch: 40, iters: 818, time: 0.487, data: 0.001) G_GAN_ViT: 0.453 D_real_ViT: 0.069 D_fake_ViT: 0.169 global: 0.313 spatial: 0.071 
(epoch: 40, iters: 918, time: 0.487, data: 0.002) G_GAN_ViT: 0.372 D_real_ViT: 0.137 D_fake_ViT: 0.212 global: 0.480 spatial: 0.089 
(epoch: 40, iters: 1018, time: 0.487, data: 0.002) G_GAN_ViT: 0.358 D_real_ViT: 0.136 D_fake_ViT: 0.226 global: 0.363 spatial: 0.080 
(epoch: 40, iters: 1118, time: 0.487, data: 0.002) G_GAN_ViT: 0.446 D_real_ViT: 0.115 D_fake_ViT: 0.164 global: 0.469 spatial: 0.078 
(epoch: 40, iters: 1218, time: 0.487, data: 0.002) G_GAN_ViT: 0.739 D_real_ViT: 0.106 D_fake_ViT: 0.114 global: 0.472 spatial: 0.096 
(epoch: 40, iters: 1318, time: 0.487, data: 0.001) G_GAN_ViT: 0.475 D_real_ViT: 0.156 D_fake_ViT: 0.138 global: 0.250 spatial: 0.058 
(epoch: 40, iters: 1418, time: 0.487, data: 0.001) G_GAN_ViT: 0.396 D_real_ViT: 0.031 D_fake_ViT: 0.194 global: 0.360 spatial: 0.073 
(epoch: 40, iters: 1518, time: 0.487, data: 0.002) G_GAN_ViT: 0.323 D_real_ViT: 0.146 D_fake_ViT: 0.266 global: 0.422 spatial: 0.091 
(epoch: 40, iters: 1618, time: 0.487, data: 0.002) G_GAN_ViT: 0.445 D_real_ViT: 0.213 D_fake_ViT: 0.183 global: 0.284 spatial: 0.081 
(epoch: 40, iters: 1718, time: 0.487, data: 0.002) G_GAN_ViT: 0.228 D_real_ViT: 0.175 D_fake_ViT: 0.357 global: 0.564 spatial: 0.091 
(epoch: 40, iters: 1818, time: 0.487, data: 0.001) G_GAN_ViT: 0.570 D_real_ViT: 0.148 D_fake_ViT: 0.108 global: 0.280 spatial: 0.065 
(epoch: 40, iters: 1918, time: 0.488, data: 0.002) G_GAN_ViT: 0.451 D_real_ViT: 0.159 D_fake_ViT: 0.164 global: 0.563 spatial: 0.086 
(epoch: 40, iters: 2018, time: 0.488, data: 0.001) G_GAN_ViT: 0.389 D_real_ViT: 0.262 D_fake_ViT: 0.189 global: 0.443 spatial: 0.080 
(epoch: 40, iters: 2118, time: 0.488, data: 0.002) G_GAN_ViT: 0.734 D_real_ViT: 0.187 D_fake_ViT: 0.113 global: 0.488 spatial: 0.102 
(epoch: 40, iters: 2218, time: 0.488, data: 0.001) G_GAN_ViT: 0.391 D_real_ViT: 0.090 D_fake_ViT: 0.197 global: 0.328 spatial: 0.069 
(epoch: 40, iters: 2318, time: 0.488, data: 0.002) G_GAN_ViT: 0.348 D_real_ViT: 0.167 D_fake_ViT: 0.234 global: 0.329 spatial: 0.077 
(epoch: 40, iters: 2418, time: 0.487, data: 0.002) G_GAN_ViT: 0.345 D_real_ViT: 0.345 D_fake_ViT: 0.241 global: 0.490 spatial: 0.083 
(epoch: 40, iters: 2518, time: 0.487, data: 0.001) G_GAN_ViT: 0.385 D_real_ViT: 0.118 D_fake_ViT: 0.210 global: 0.486 spatial: 0.095 
(epoch: 40, iters: 2618, time: 0.487, data: 0.001) G_GAN_ViT: 0.452 D_real_ViT: 0.122 D_fake_ViT: 0.165 global: 0.350 spatial: 0.075 
(epoch: 40, iters: 2718, time: 0.487, data: 0.001) G_GAN_ViT: 0.619 D_real_ViT: 0.171 D_fake_ViT: 0.140 global: 0.339 spatial: 0.096 
(epoch: 40, iters: 2818, time: 0.487, data: 0.002) G_GAN_ViT: 0.541 D_real_ViT: 0.221 D_fake_ViT: 0.130 global: 0.468 spatial: 0.086 
(epoch: 40, iters: 2918, time: 0.487, data: 0.001) G_GAN_ViT: 0.442 D_real_ViT: 0.348 D_fake_ViT: 0.198 global: 0.380 spatial: 0.102 
(epoch: 40, iters: 3018, time: 0.487, data: 0.002) G_GAN_ViT: 0.427 D_real_ViT: 0.251 D_fake_ViT: 0.196 global: 0.340 spatial: 0.078 
(epoch: 40, iters: 3118, time: 0.487, data: 0.001) G_GAN_ViT: 0.461 D_real_ViT: 0.266 D_fake_ViT: 0.157 global: 0.434 spatial: 0.081 
(epoch: 40, iters: 3218, time: 0.487, data: 0.002) G_GAN_ViT: 0.415 D_real_ViT: 0.388 D_fake_ViT: 0.181 global: 0.350 spatial: 0.072 
(epoch: 40, iters: 3318, time: 0.488, data: 0.001) G_GAN_ViT: 0.389 D_real_ViT: 0.300 D_fake_ViT: 0.200 global: 0.451 spatial: 0.089 
(epoch: 40, iters: 3418, time: 0.488, data: 0.002) G_GAN_ViT: 0.445 D_real_ViT: 0.186 D_fake_ViT: 0.175 global: 0.446 spatial: 0.087 
(epoch: 40, iters: 3518, time: 0.488, data: 0.001) G_GAN_ViT: 0.308 D_real_ViT: 0.189 D_fake_ViT: 0.267 global: 0.506 spatial: 0.085 
(epoch: 40, iters: 3618, time: 0.488, data: 0.001) G_GAN_ViT: 0.390 D_real_ViT: 0.385 D_fake_ViT: 0.183 global: 0.315 spatial: 0.088 
(epoch: 40, iters: 3718, time: 0.489, data: 0.001) G_GAN_ViT: 0.520 D_real_ViT: 0.204 D_fake_ViT: 0.112 global: 0.286 spatial: 0.060 
(epoch: 40, iters: 3818, time: 0.489, data: 0.001) G_GAN_ViT: 0.276 D_real_ViT: 0.356 D_fake_ViT: 0.290 global: 0.450 spatial: 0.091 
(epoch: 40, iters: 3918, time: 0.487, data: 0.001) G_GAN_ViT: 0.399 D_real_ViT: 0.188 D_fake_ViT: 0.233 global: 0.456 spatial: 0.085 
(epoch: 40, iters: 4018, time: 0.488, data: 0.001) G_GAN_ViT: 0.501 D_real_ViT: 0.105 D_fake_ViT: 0.138 global: 0.276 spatial: 0.070 
saving the latest model (epoch 40, total_iters 220000)
ICL_single_traffic_city
(epoch: 40, iters: 4118, time: 0.488, data: 0.002) G_GAN_ViT: 0.370 D_real_ViT: 0.114 D_fake_ViT: 0.214 global: 0.328 spatial: 0.081 
(epoch: 40, iters: 4218, time: 0.488, data: 0.002) G_GAN_ViT: 0.399 D_real_ViT: 0.189 D_fake_ViT: 0.200 global: 0.409 spatial: 0.070 
(epoch: 40, iters: 4318, time: 0.488, data: 0.002) G_GAN_ViT: 0.476 D_real_ViT: 0.298 D_fake_ViT: 0.141 global: 0.262 spatial: 0.062 
(epoch: 40, iters: 4418, time: 0.488, data: 0.001) G_GAN_ViT: 0.547 D_real_ViT: 0.139 D_fake_ViT: 0.123 global: 0.341 spatial: 0.095 
(epoch: 40, iters: 4518, time: 0.488, data: 0.001) G_GAN_ViT: 0.467 D_real_ViT: 0.132 D_fake_ViT: 0.166 global: 0.349 spatial: 0.084 
(epoch: 40, iters: 4618, time: 0.488, data: 0.002) G_GAN_ViT: 0.397 D_real_ViT: 0.167 D_fake_ViT: 0.195 global: 0.366 spatial: 0.073 
(epoch: 40, iters: 4718, time: 0.488, data: 0.002) G_GAN_ViT: 0.500 D_real_ViT: 0.221 D_fake_ViT: 0.141 global: 0.454 spatial: 0.080 
(epoch: 40, iters: 4818, time: 0.489, data: 0.002) G_GAN_ViT: 0.399 D_real_ViT: 0.115 D_fake_ViT: 0.212 global: 0.576 spatial: 0.087 
(epoch: 40, iters: 4918, time: 0.489, data: 0.001) G_GAN_ViT: 0.411 D_real_ViT: 0.199 D_fake_ViT: 0.188 global: 0.402 spatial: 0.092 
(epoch: 40, iters: 5018, time: 0.488, data: 0.001) G_GAN_ViT: 0.410 D_real_ViT: 0.129 D_fake_ViT: 0.180 global: 0.320 spatial: 0.082 
(epoch: 40, iters: 5118, time: 0.488, data: 0.002) G_GAN_ViT: 0.443 D_real_ViT: 0.241 D_fake_ViT: 0.155 global: 0.328 spatial: 0.077 
(epoch: 40, iters: 5218, time: 0.489, data: 0.001) G_GAN_ViT: 0.340 D_real_ViT: 0.184 D_fake_ViT: 0.239 global: 0.507 spatial: 0.085 
(epoch: 40, iters: 5318, time: 0.489, data: 0.002) G_GAN_ViT: 0.493 D_real_ViT: 0.161 D_fake_ViT: 0.158 global: 0.382 spatial: 0.102 
(epoch: 40, iters: 5418, time: 0.489, data: 0.002) G_GAN_ViT: 0.316 D_real_ViT: 0.121 D_fake_ViT: 0.255 global: 0.333 spatial: 0.083 
(epoch: 40, iters: 5518, time: 0.488, data: 0.001) G_GAN_ViT: 0.378 D_real_ViT: 0.225 D_fake_ViT: 0.198 global: 0.426 spatial: 0.075 
saving the model at the end of epoch 40, iters 221520
End of epoch 40 / 100 	 Time Taken: 2712 sec
learning rate = 0.0000100
(epoch: 41, iters: 80, time: 0.488, data: 0.002) G_GAN_ViT: 0.340 D_real_ViT: 0.055 D_fake_ViT: 0.236 global: 0.479 spatial: 0.092 
(epoch: 41, iters: 180, time: 0.488, data: 0.002) G_GAN_ViT: 0.461 D_real_ViT: 0.086 D_fake_ViT: 0.155 global: 0.305 spatial: 0.083 
(epoch: 41, iters: 280, time: 0.487, data: 0.002) G_GAN_ViT: 0.365 D_real_ViT: 0.126 D_fake_ViT: 0.208 global: 0.547 spatial: 0.076 
(epoch: 41, iters: 380, time: 0.487, data: 0.002) G_GAN_ViT: 0.445 D_real_ViT: 0.201 D_fake_ViT: 0.164 global: 0.424 spatial: 0.090 
(epoch: 41, iters: 480, time: 0.487, data: 0.002) G_GAN_ViT: 0.383 D_real_ViT: 0.156 D_fake_ViT: 0.210 global: 0.302 spatial: 0.076 
(epoch: 41, iters: 580, time: 0.487, data: 0.003) G_GAN_ViT: 0.349 D_real_ViT: 0.091 D_fake_ViT: 0.229 global: 0.412 spatial: 0.085 
(epoch: 41, iters: 680, time: 0.488, data: 0.002) G_GAN_ViT: 0.387 D_real_ViT: 0.205 D_fake_ViT: 0.224 global: 0.381 spatial: 0.105 
(epoch: 41, iters: 780, time: 0.488, data: 0.002) G_GAN_ViT: 0.441 D_real_ViT: 0.156 D_fake_ViT: 0.153 global: 0.269 spatial: 0.069 
(epoch: 41, iters: 880, time: 0.488, data: 0.002) G_GAN_ViT: 0.505 D_real_ViT: 0.207 D_fake_ViT: 0.126 global: 0.325 spatial: 0.068 
(epoch: 41, iters: 980, time: 0.489, data: 0.001) G_GAN_ViT: 0.452 D_real_ViT: 0.214 D_fake_ViT: 0.191 global: 0.346 spatial: 0.104 
(epoch: 41, iters: 1080, time: 0.489, data: 0.002) G_GAN_ViT: 0.486 D_real_ViT: 0.102 D_fake_ViT: 0.154 global: 0.325 spatial: 0.086 
(epoch: 41, iters: 1180, time: 0.489, data: 0.001) G_GAN_ViT: 0.413 D_real_ViT: 0.331 D_fake_ViT: 0.172 global: 0.283 spatial: 0.072 
(epoch: 41, iters: 1280, time: 0.488, data: 0.001) G_GAN_ViT: 0.430 D_real_ViT: 0.267 D_fake_ViT: 0.159 global: 0.270 spatial: 0.064 
(epoch: 41, iters: 1380, time: 0.488, data: 0.002) G_GAN_ViT: 0.434 D_real_ViT: 0.192 D_fake_ViT: 0.183 global: 0.501 spatial: 0.118 
(epoch: 41, iters: 1480, time: 0.488, data: 0.002) G_GAN_ViT: 0.474 D_real_ViT: 0.264 D_fake_ViT: 0.140 global: 0.282 spatial: 0.064 
(epoch: 41, iters: 1580, time: 0.488, data: 0.002) G_GAN_ViT: 0.373 D_real_ViT: 0.223 D_fake_ViT: 0.204 global: 0.322 spatial: 0.078 
(epoch: 41, iters: 1680, time: 0.488, data: 0.001) G_GAN_ViT: 0.339 D_real_ViT: 0.138 D_fake_ViT: 0.249 global: 0.565 spatial: 0.093 
(epoch: 41, iters: 1780, time: 0.488, data: 0.001) G_GAN_ViT: 0.360 D_real_ViT: 0.276 D_fake_ViT: 0.211 global: 0.393 spatial: 0.090 
(epoch: 41, iters: 1880, time: 0.488, data: 0.001) G_GAN_ViT: 0.414 D_real_ViT: 0.074 D_fake_ViT: 0.204 global: 0.460 spatial: 0.078 
(epoch: 41, iters: 1980, time: 0.488, data: 0.001) G_GAN_ViT: 0.465 D_real_ViT: 0.293 D_fake_ViT: 0.149 global: 0.436 spatial: 0.085 
(epoch: 41, iters: 2080, time: 0.489, data: 0.001) G_GAN_ViT: 0.560 D_real_ViT: 0.273 D_fake_ViT: 0.104 global: 0.310 spatial: 0.080 
(epoch: 41, iters: 2180, time: 0.488, data: 0.002) G_GAN_ViT: 0.353 D_real_ViT: 0.350 D_fake_ViT: 0.234 global: 0.372 spatial: 0.073 
(epoch: 41, iters: 2280, time: 0.487, data: 0.002) G_GAN_ViT: 0.431 D_real_ViT: 0.234 D_fake_ViT: 0.168 global: 0.329 spatial: 0.072 
(epoch: 41, iters: 2380, time: 0.487, data: 0.002) G_GAN_ViT: 0.361 D_real_ViT: 0.239 D_fake_ViT: 0.224 global: 0.299 spatial: 0.079 
(epoch: 41, iters: 2480, time: 0.487, data: 0.002) G_GAN_ViT: 0.459 D_real_ViT: 0.229 D_fake_ViT: 0.166 global: 0.467 spatial: 0.111 
(epoch: 41, iters: 2580, time: 0.487, data: 0.001) G_GAN_ViT: 0.382 D_real_ViT: 0.130 D_fake_ViT: 0.204 global: 0.366 spatial: 0.072 
(epoch: 41, iters: 2680, time: 0.486, data: 0.001) G_GAN_ViT: 0.516 D_real_ViT: 0.088 D_fake_ViT: 0.128 global: 0.316 spatial: 0.077 
(epoch: 41, iters: 2780, time: 0.486, data: 0.001) G_GAN_ViT: 0.457 D_real_ViT: 0.131 D_fake_ViT: 0.153 global: 0.304 spatial: 0.075 
(epoch: 41, iters: 2880, time: 0.485, data: 0.001) G_GAN_ViT: 0.496 D_real_ViT: 0.137 D_fake_ViT: 0.159 global: 0.398 spatial: 0.075 
(epoch: 41, iters: 2980, time: 0.486, data: 0.001) G_GAN_ViT: 0.355 D_real_ViT: 0.249 D_fake_ViT: 0.214 global: 0.383 spatial: 0.074 
(epoch: 41, iters: 3080, time: 0.486, data: 0.001) G_GAN_ViT: 0.410 D_real_ViT: 0.201 D_fake_ViT: 0.176 global: 0.304 spatial: 0.081 
(epoch: 41, iters: 3180, time: 0.487, data: 0.001) G_GAN_ViT: 0.409 D_real_ViT: 0.207 D_fake_ViT: 0.216 global: 0.383 spatial: 0.099 
(epoch: 41, iters: 3280, time: 0.486, data: 0.001) G_GAN_ViT: 0.344 D_real_ViT: 0.338 D_fake_ViT: 0.216 global: 0.304 spatial: 0.066 
(epoch: 41, iters: 3380, time: 0.485, data: 0.001) G_GAN_ViT: 0.515 D_real_ViT: 0.122 D_fake_ViT: 0.138 global: 0.359 spatial: 0.078 
(epoch: 41, iters: 3480, time: 0.484, data: 0.001) G_GAN_ViT: 0.490 D_real_ViT: 0.103 D_fake_ViT: 0.142 global: 0.379 spatial: 0.089 
saving the latest model (epoch 41, total_iters 225000)
ICL_single_traffic_city
(epoch: 41, iters: 3580, time: 0.485, data: 0.001) G_GAN_ViT: 0.441 D_real_ViT: 0.168 D_fake_ViT: 0.165 global: 0.369 spatial: 0.082 
(epoch: 41, iters: 3680, time: 0.486, data: 0.001) G_GAN_ViT: 0.347 D_real_ViT: 0.133 D_fake_ViT: 0.241 global: 0.381 spatial: 0.080 
(epoch: 41, iters: 3780, time: 0.486, data: 0.001) G_GAN_ViT: 0.541 D_real_ViT: 0.247 D_fake_ViT: 0.123 global: 0.405 spatial: 0.094 
(epoch: 41, iters: 3880, time: 0.486, data: 0.001) G_GAN_ViT: 0.337 D_real_ViT: 0.122 D_fake_ViT: 0.257 global: 0.429 spatial: 0.107 
(epoch: 41, iters: 3980, time: 0.487, data: 0.001) G_GAN_ViT: 0.435 D_real_ViT: 0.090 D_fake_ViT: 0.170 global: 0.296 spatial: 0.071 
(epoch: 41, iters: 4080, time: 0.487, data: 0.001) G_GAN_ViT: 0.296 D_real_ViT: 0.308 D_fake_ViT: 0.271 global: 0.544 spatial: 0.090 
(epoch: 41, iters: 4180, time: 0.486, data: 0.001) G_GAN_ViT: 0.456 D_real_ViT: 0.100 D_fake_ViT: 0.158 global: 0.349 spatial: 0.076 
(epoch: 41, iters: 4280, time: 0.486, data: 0.001) G_GAN_ViT: 0.422 D_real_ViT: 0.195 D_fake_ViT: 0.178 global: 0.316 spatial: 0.080 
(epoch: 41, iters: 4380, time: 0.486, data: 0.001) G_GAN_ViT: 0.348 D_real_ViT: 0.243 D_fake_ViT: 0.239 global: 0.381 spatial: 0.074 
(epoch: 41, iters: 4480, time: 0.486, data: 0.001) G_GAN_ViT: 0.453 D_real_ViT: 0.169 D_fake_ViT: 0.171 global: 0.621 spatial: 0.086 
(epoch: 41, iters: 4580, time: 0.486, data: 0.001) G_GAN_ViT: 0.517 D_real_ViT: 0.127 D_fake_ViT: 0.123 global: 0.299 spatial: 0.072 
(epoch: 41, iters: 4680, time: 0.486, data: 0.001) G_GAN_ViT: 0.331 D_real_ViT: 0.149 D_fake_ViT: 0.239 global: 0.501 spatial: 0.094 
(epoch: 41, iters: 4780, time: 0.486, data: 0.001) G_GAN_ViT: 0.336 D_real_ViT: 0.124 D_fake_ViT: 0.243 global: 0.283 spatial: 0.071 
(epoch: 41, iters: 4880, time: 0.486, data: 0.001) G_GAN_ViT: 0.364 D_real_ViT: 0.257 D_fake_ViT: 0.237 global: 0.528 spatial: 0.088 
(epoch: 41, iters: 4980, time: 0.486, data: 0.002) G_GAN_ViT: 0.560 D_real_ViT: 0.202 D_fake_ViT: 0.098 global: 0.304 spatial: 0.075 
(epoch: 41, iters: 5080, time: 0.486, data: 0.001) G_GAN_ViT: 0.467 D_real_ViT: 0.165 D_fake_ViT: 0.166 global: 0.320 spatial: 0.080 
(epoch: 41, iters: 5180, time: 0.486, data: 0.001) G_GAN_ViT: 0.434 D_real_ViT: 0.124 D_fake_ViT: 0.167 global: 0.296 spatial: 0.072 
(epoch: 41, iters: 5280, time: 0.486, data: 0.001) G_GAN_ViT: 0.388 D_real_ViT: 0.132 D_fake_ViT: 0.208 global: 0.316 spatial: 0.071 
(epoch: 41, iters: 5380, time: 0.486, data: 0.001) G_GAN_ViT: 0.439 D_real_ViT: 0.240 D_fake_ViT: 0.176 global: 0.332 spatial: 0.091 
(epoch: 41, iters: 5480, time: 0.486, data: 0.001) G_GAN_ViT: 0.462 D_real_ViT: 0.239 D_fake_ViT: 0.145 global: 0.319 spatial: 0.099 
End of epoch 41 / 100 	 Time Taken: 2705 sec
learning rate = 0.0000100
(epoch: 42, iters: 42, time: 0.486, data: 0.001) G_GAN_ViT: 0.426 D_real_ViT: 0.176 D_fake_ViT: 0.165 global: 0.323 spatial: 0.074 
(epoch: 42, iters: 142, time: 0.486, data: 0.002) G_GAN_ViT: 0.429 D_real_ViT: 0.265 D_fake_ViT: 0.184 global: 0.310 spatial: 0.077 
(epoch: 42, iters: 242, time: 0.486, data: 0.001) G_GAN_ViT: 0.528 D_real_ViT: 0.177 D_fake_ViT: 0.135 global: 0.552 spatial: 0.083 
(epoch: 42, iters: 342, time: 0.486, data: 0.001) G_GAN_ViT: 0.523 D_real_ViT: 0.106 D_fake_ViT: 0.131 global: 0.333 spatial: 0.082 
(epoch: 42, iters: 442, time: 0.486, data: 0.001) G_GAN_ViT: 0.477 D_real_ViT: 0.258 D_fake_ViT: 0.146 global: 0.311 spatial: 0.067 
(epoch: 42, iters: 542, time: 0.486, data: 0.002) G_GAN_ViT: 0.471 D_real_ViT: 0.353 D_fake_ViT: 0.156 global: 0.282 spatial: 0.072 
(epoch: 42, iters: 642, time: 0.486, data: 0.001) G_GAN_ViT: 0.494 D_real_ViT: 0.301 D_fake_ViT: 0.152 global: 0.498 spatial: 0.083 
(epoch: 42, iters: 742, time: 0.486, data: 0.001) G_GAN_ViT: 0.357 D_real_ViT: 0.058 D_fake_ViT: 0.229 global: 0.365 spatial: 0.081 
(epoch: 42, iters: 842, time: 0.486, data: 0.001) G_GAN_ViT: 0.541 D_real_ViT: 0.140 D_fake_ViT: 0.125 global: 0.382 spatial: 0.066 
(epoch: 42, iters: 942, time: 0.486, data: 0.001) G_GAN_ViT: 0.425 D_real_ViT: 0.111 D_fake_ViT: 0.176 global: 0.432 spatial: 0.081 
(epoch: 42, iters: 1042, time: 0.486, data: 0.001) G_GAN_ViT: 0.392 D_real_ViT: 0.231 D_fake_ViT: 0.219 global: 0.381 spatial: 0.072 
(epoch: 42, iters: 1142, time: 0.486, data: 0.002) G_GAN_ViT: 0.408 D_real_ViT: 0.271 D_fake_ViT: 0.185 global: 0.397 spatial: 0.082 
(epoch: 42, iters: 1242, time: 0.485, data: 0.001) G_GAN_ViT: 0.350 D_real_ViT: 0.323 D_fake_ViT: 0.220 global: 0.521 spatial: 0.093 
(epoch: 42, iters: 1342, time: 0.486, data: 0.002) G_GAN_ViT: 0.511 D_real_ViT: 0.149 D_fake_ViT: 0.162 global: 0.438 spatial: 0.081 
(epoch: 42, iters: 1442, time: 0.484, data: 0.001) G_GAN_ViT: 0.327 D_real_ViT: 0.232 D_fake_ViT: 0.239 global: 0.447 spatial: 0.085 
(epoch: 42, iters: 1542, time: 0.485, data: 0.001) G_GAN_ViT: 0.494 D_real_ViT: 0.105 D_fake_ViT: 0.134 global: 0.392 spatial: 0.086 
(epoch: 42, iters: 1642, time: 0.485, data: 0.001) G_GAN_ViT: 0.443 D_real_ViT: 0.172 D_fake_ViT: 0.202 global: 0.336 spatial: 0.085 
(epoch: 42, iters: 1742, time: 0.485, data: 0.001) G_GAN_ViT: 0.468 D_real_ViT: 0.182 D_fake_ViT: 0.163 global: 0.351 spatial: 0.084 
(epoch: 42, iters: 1842, time: 0.485, data: 0.001) G_GAN_ViT: 0.323 D_real_ViT: 0.228 D_fake_ViT: 0.271 global: 0.501 spatial: 0.085 
(epoch: 42, iters: 1942, time: 0.486, data: 0.001) G_GAN_ViT: 0.312 D_real_ViT: 0.246 D_fake_ViT: 0.253 global: 0.411 spatial: 0.072 
(epoch: 42, iters: 2042, time: 0.486, data: 0.001) G_GAN_ViT: 0.310 D_real_ViT: 0.190 D_fake_ViT: 0.265 global: 0.477 spatial: 0.089 
(epoch: 42, iters: 2142, time: 0.486, data: 0.001) G_GAN_ViT: 0.294 D_real_ViT: 0.170 D_fake_ViT: 0.261 global: 0.448 spatial: 0.082 
(epoch: 42, iters: 2242, time: 0.486, data: 0.001) G_GAN_ViT: 0.443 D_real_ViT: 0.078 D_fake_ViT: 0.172 global: 0.302 spatial: 0.080 
(epoch: 42, iters: 2342, time: 0.486, data: 0.001) G_GAN_ViT: 0.524 D_real_ViT: 0.192 D_fake_ViT: 0.117 global: 0.322 spatial: 0.078 
(epoch: 42, iters: 2442, time: 0.486, data: 0.001) G_GAN_ViT: 0.308 D_real_ViT: 0.167 D_fake_ViT: 0.284 global: 0.550 spatial: 0.082 
(epoch: 42, iters: 2542, time: 0.486, data: 0.001) G_GAN_ViT: 0.594 D_real_ViT: 0.247 D_fake_ViT: 0.091 global: 0.344 spatial: 0.084 
(epoch: 42, iters: 2642, time: 0.486, data: 0.001) G_GAN_ViT: 0.555 D_real_ViT: 0.187 D_fake_ViT: 0.111 global: 0.359 spatial: 0.080 
(epoch: 42, iters: 2742, time: 0.486, data: 0.001) G_GAN_ViT: 0.465 D_real_ViT: 0.348 D_fake_ViT: 0.143 global: 0.374 spatial: 0.069 
(epoch: 42, iters: 2842, time: 0.485, data: 0.002) G_GAN_ViT: 0.355 D_real_ViT: 0.339 D_fake_ViT: 0.221 global: 0.274 spatial: 0.062 
(epoch: 42, iters: 2942, time: 0.485, data: 0.001) G_GAN_ViT: 0.456 D_real_ViT: 0.209 D_fake_ViT: 0.146 global: 0.314 spatial: 0.073 
saving the latest model (epoch 42, total_iters 230000)
ICL_single_traffic_city
(epoch: 42, iters: 3042, time: 0.485, data: 0.001) G_GAN_ViT: 0.381 D_real_ViT: 0.235 D_fake_ViT: 0.205 global: 0.512 spatial: 0.073 
(epoch: 42, iters: 3142, time: 0.486, data: 0.001) G_GAN_ViT: 0.322 D_real_ViT: 0.404 D_fake_ViT: 0.239 global: 0.445 spatial: 0.082 
(epoch: 42, iters: 3242, time: 0.486, data: 0.001) G_GAN_ViT: 0.352 D_real_ViT: 0.129 D_fake_ViT: 0.255 global: 0.550 spatial: 0.094 
(epoch: 42, iters: 3342, time: 0.486, data: 0.001) G_GAN_ViT: 0.485 D_real_ViT: 0.133 D_fake_ViT: 0.137 global: 0.259 spatial: 0.062 
(epoch: 42, iters: 3442, time: 0.486, data: 0.001) G_GAN_ViT: 0.339 D_real_ViT: 0.328 D_fake_ViT: 0.230 global: 0.412 spatial: 0.080 
(epoch: 42, iters: 3542, time: 0.486, data: 0.001) G_GAN_ViT: 0.451 D_real_ViT: 0.338 D_fake_ViT: 0.161 global: 0.421 spatial: 0.077 
(epoch: 42, iters: 3642, time: 0.486, data: 0.001) G_GAN_ViT: 0.378 D_real_ViT: 0.086 D_fake_ViT: 0.217 global: 0.412 spatial: 0.074 
(epoch: 42, iters: 3742, time: 0.486, data: 0.002) G_GAN_ViT: 0.300 D_real_ViT: 0.129 D_fake_ViT: 0.281 global: 0.556 spatial: 0.095 
(epoch: 42, iters: 3842, time: 0.486, data: 0.001) G_GAN_ViT: 0.457 D_real_ViT: 0.167 D_fake_ViT: 0.162 global: 0.335 spatial: 0.086 
(epoch: 42, iters: 3942, time: 0.486, data: 0.001) G_GAN_ViT: 0.416 D_real_ViT: 0.250 D_fake_ViT: 0.178 global: 0.396 spatial: 0.078 
(epoch: 42, iters: 4042, time: 0.486, data: 0.001) G_GAN_ViT: 0.448 D_real_ViT: 0.203 D_fake_ViT: 0.160 global: 0.351 spatial: 0.075 
(epoch: 42, iters: 4142, time: 0.486, data: 0.001) G_GAN_ViT: 0.504 D_real_ViT: 0.356 D_fake_ViT: 0.135 global: 0.449 spatial: 0.084 
(epoch: 42, iters: 4242, time: 0.486, data: 0.001) G_GAN_ViT: 0.456 D_real_ViT: 0.217 D_fake_ViT: 0.146 global: 0.332 spatial: 0.085 
(epoch: 42, iters: 4342, time: 0.486, data: 0.001) G_GAN_ViT: 0.554 D_real_ViT: 0.283 D_fake_ViT: 0.119 global: 0.429 spatial: 0.086 
(epoch: 42, iters: 4442, time: 0.486, data: 0.001) G_GAN_ViT: 0.466 D_real_ViT: 0.189 D_fake_ViT: 0.145 global: 0.319 spatial: 0.079 
(epoch: 42, iters: 4542, time: 0.486, data: 0.001) G_GAN_ViT: 0.508 D_real_ViT: 0.147 D_fake_ViT: 0.142 global: 0.378 spatial: 0.079 
(epoch: 42, iters: 4642, time: 0.486, data: 0.001) G_GAN_ViT: 0.448 D_real_ViT: 0.284 D_fake_ViT: 0.161 global: 0.307 spatial: 0.075 
(epoch: 42, iters: 4742, time: 0.486, data: 0.001) G_GAN_ViT: 0.542 D_real_ViT: 0.154 D_fake_ViT: 0.112 global: 0.314 spatial: 0.079 
(epoch: 42, iters: 4842, time: 0.486, data: 0.001) G_GAN_ViT: 0.417 D_real_ViT: 0.216 D_fake_ViT: 0.205 global: 0.372 spatial: 0.088 
(epoch: 42, iters: 4942, time: 0.486, data: 0.001) G_GAN_ViT: 0.377 D_real_ViT: 0.126 D_fake_ViT: 0.209 global: 0.540 spatial: 0.084 
(epoch: 42, iters: 5042, time: 0.486, data: 0.001) G_GAN_ViT: 0.331 D_real_ViT: 0.160 D_fake_ViT: 0.240 global: 0.579 spatial: 0.088 
(epoch: 42, iters: 5142, time: 0.486, data: 0.001) G_GAN_ViT: 0.423 D_real_ViT: 0.109 D_fake_ViT: 0.219 global: 0.396 spatial: 0.106 
(epoch: 42, iters: 5242, time: 0.486, data: 0.002) G_GAN_ViT: 0.421 D_real_ViT: 0.197 D_fake_ViT: 0.184 global: 0.399 spatial: 0.109 
(epoch: 42, iters: 5342, time: 0.486, data: 0.001) G_GAN_ViT: 0.514 D_real_ViT: 0.253 D_fake_ViT: 0.142 global: 0.415 spatial: 0.083 
(epoch: 42, iters: 5442, time: 0.486, data: 0.001) G_GAN_ViT: 0.523 D_real_ViT: 0.193 D_fake_ViT: 0.108 global: 0.324 spatial: 0.078 
End of epoch 42 / 100 	 Time Taken: 2699 sec
learning rate = 0.0000100
(epoch: 43, iters: 4, time: 0.486, data: 0.001) G_GAN_ViT: 0.404 D_real_ViT: 0.221 D_fake_ViT: 0.204 global: 0.445 spatial: 0.070 
(epoch: 43, iters: 104, time: 0.486, data: 0.000) G_GAN_ViT: 0.435 D_real_ViT: 0.228 D_fake_ViT: 0.176 global: 0.320 spatial: 0.060 
(epoch: 43, iters: 204, time: 0.486, data: 0.001) G_GAN_ViT: 0.447 D_real_ViT: 0.198 D_fake_ViT: 0.153 global: 0.295 spatial: 0.069 
(epoch: 43, iters: 304, time: 0.486, data: 0.001) G_GAN_ViT: 0.305 D_real_ViT: 0.347 D_fake_ViT: 0.251 global: 0.471 spatial: 0.085 
(epoch: 43, iters: 404, time: 0.486, data: 0.001) G_GAN_ViT: 0.426 D_real_ViT: 0.234 D_fake_ViT: 0.183 global: 0.324 spatial: 0.071 
(epoch: 43, iters: 504, time: 0.486, data: 0.001) G_GAN_ViT: 0.607 D_real_ViT: 0.186 D_fake_ViT: 0.121 global: 0.399 spatial: 0.106 
(epoch: 43, iters: 604, time: 0.486, data: 0.001) G_GAN_ViT: 0.502 D_real_ViT: 0.172 D_fake_ViT: 0.129 global: 0.344 spatial: 0.083 
(epoch: 43, iters: 704, time: 0.486, data: 0.001) G_GAN_ViT: 0.601 D_real_ViT: 0.143 D_fake_ViT: 0.105 global: 0.390 spatial: 0.072 
(epoch: 43, iters: 804, time: 0.486, data: 0.001) G_GAN_ViT: 0.453 D_real_ViT: 0.330 D_fake_ViT: 0.147 global: 0.317 spatial: 0.072 
(epoch: 43, iters: 904, time: 0.486, data: 0.001) G_GAN_ViT: 0.484 D_real_ViT: 0.154 D_fake_ViT: 0.143 global: 0.343 spatial: 0.080 
(epoch: 43, iters: 1004, time: 0.486, data: 0.001) G_GAN_ViT: 0.477 D_real_ViT: 0.185 D_fake_ViT: 0.154 global: 0.343 spatial: 0.082 
(epoch: 43, iters: 1104, time: 0.486, data: 0.001) G_GAN_ViT: 0.492 D_real_ViT: 0.330 D_fake_ViT: 0.149 global: 0.374 spatial: 0.072 
(epoch: 43, iters: 1204, time: 0.485, data: 0.001) G_GAN_ViT: 0.336 D_real_ViT: 0.036 D_fake_ViT: 0.246 global: 0.529 spatial: 0.086 
(epoch: 43, iters: 1304, time: 0.486, data: 0.001) G_GAN_ViT: 0.472 D_real_ViT: 0.245 D_fake_ViT: 0.150 global: 0.302 spatial: 0.074 
(epoch: 43, iters: 1404, time: 0.487, data: 0.001) G_GAN_ViT: 0.564 D_real_ViT: 0.141 D_fake_ViT: 0.101 global: 0.406 spatial: 0.073 
(epoch: 43, iters: 1504, time: 0.487, data: 0.001) G_GAN_ViT: 0.492 D_real_ViT: 0.223 D_fake_ViT: 0.140 global: 0.404 spatial: 0.082 
(epoch: 43, iters: 1604, time: 0.486, data: 0.001) G_GAN_ViT: 0.542 D_real_ViT: 0.265 D_fake_ViT: 0.102 global: 0.325 spatial: 0.076 
(epoch: 43, iters: 1704, time: 0.486, data: 0.001) G_GAN_ViT: 0.532 D_real_ViT: 0.102 D_fake_ViT: 0.116 global: 0.350 spatial: 0.092 
(epoch: 43, iters: 1804, time: 0.486, data: 0.001) G_GAN_ViT: 0.544 D_real_ViT: 0.222 D_fake_ViT: 0.113 global: 0.330 spatial: 0.074 
(epoch: 43, iters: 1904, time: 0.486, data: 0.001) G_GAN_ViT: 0.443 D_real_ViT: 0.256 D_fake_ViT: 0.152 global: 0.418 spatial: 0.082 
(epoch: 43, iters: 2004, time: 0.486, data: 0.001) G_GAN_ViT: 0.349 D_real_ViT: 0.087 D_fake_ViT: 0.274 global: 0.418 spatial: 0.102 
(epoch: 43, iters: 2104, time: 0.486, data: 0.001) G_GAN_ViT: 0.381 D_real_ViT: 0.140 D_fake_ViT: 0.195 global: 0.270 spatial: 0.062 
(epoch: 43, iters: 2204, time: 0.486, data: 0.001) G_GAN_ViT: 0.289 D_real_ViT: 0.111 D_fake_ViT: 0.276 global: 0.430 spatial: 0.076 
(epoch: 43, iters: 2304, time: 0.485, data: 0.001) G_GAN_ViT: 0.472 D_real_ViT: 0.160 D_fake_ViT: 0.173 global: 0.418 spatial: 0.090 
(epoch: 43, iters: 2404, time: 0.486, data: 0.001) G_GAN_ViT: 0.428 D_real_ViT: 0.291 D_fake_ViT: 0.163 global: 0.437 spatial: 0.086 
saving the latest model (epoch 43, total_iters 235000)
ICL_single_traffic_city
(epoch: 43, iters: 2504, time: 0.486, data: 0.001) G_GAN_ViT: 0.547 D_real_ViT: 0.230 D_fake_ViT: 0.121 global: 0.494 spatial: 0.078 
(epoch: 43, iters: 2604, time: 0.486, data: 0.001) G_GAN_ViT: 0.330 D_real_ViT: 0.124 D_fake_ViT: 0.257 global: 0.315 spatial: 0.087 
(epoch: 43, iters: 2704, time: 0.486, data: 0.001) G_GAN_ViT: 0.492 D_real_ViT: 0.256 D_fake_ViT: 0.143 global: 0.313 spatial: 0.059 
(epoch: 43, iters: 2804, time: 0.486, data: 0.001) G_GAN_ViT: 0.369 D_real_ViT: 0.205 D_fake_ViT: 0.242 global: 0.428 spatial: 0.104 
(epoch: 43, iters: 2904, time: 0.486, data: 0.001) G_GAN_ViT: 0.388 D_real_ViT: 0.174 D_fake_ViT: 0.191 global: 0.493 spatial: 0.093 
(epoch: 43, iters: 3004, time: 0.486, data: 0.001) G_GAN_ViT: 0.343 D_real_ViT: 0.195 D_fake_ViT: 0.226 global: 0.583 spatial: 0.079 
(epoch: 43, iters: 3104, time: 0.486, data: 0.001) G_GAN_ViT: 0.376 D_real_ViT: 0.222 D_fake_ViT: 0.216 global: 0.367 spatial: 0.081 
(epoch: 43, iters: 3204, time: 0.486, data: 0.001) G_GAN_ViT: 0.372 D_real_ViT: 0.170 D_fake_ViT: 0.206 global: 0.263 spatial: 0.068 
(epoch: 43, iters: 3304, time: 0.486, data: 0.001) G_GAN_ViT: 0.272 D_real_ViT: 0.277 D_fake_ViT: 0.290 global: 0.489 spatial: 0.100 
(epoch: 43, iters: 3404, time: 0.486, data: 0.001) G_GAN_ViT: 0.350 D_real_ViT: 0.296 D_fake_ViT: 0.219 global: 0.434 spatial: 0.081 
(epoch: 43, iters: 3504, time: 0.486, data: 0.001) G_GAN_ViT: 0.381 D_real_ViT: 0.105 D_fake_ViT: 0.203 global: 0.350 spatial: 0.073 
(epoch: 43, iters: 3604, time: 0.486, data: 0.001) G_GAN_ViT: 0.486 D_real_ViT: 0.102 D_fake_ViT: 0.168 global: 0.380 spatial: 0.093 
(epoch: 43, iters: 3704, time: 0.486, data: 0.001) G_GAN_ViT: 0.319 D_real_ViT: 0.334 D_fake_ViT: 0.255 global: 0.370 spatial: 0.091 
(epoch: 43, iters: 3804, time: 0.486, data: 0.001) G_GAN_ViT: 0.477 D_real_ViT: 0.235 D_fake_ViT: 0.145 global: 0.329 spatial: 0.080 
(epoch: 43, iters: 3904, time: 0.486, data: 0.001) G_GAN_ViT: 0.383 D_real_ViT: 0.123 D_fake_ViT: 0.191 global: 0.434 spatial: 0.072 
(epoch: 43, iters: 4004, time: 0.486, data: 0.001) G_GAN_ViT: 0.593 D_real_ViT: 0.340 D_fake_ViT: 0.089 global: 0.297 spatial: 0.071 
(epoch: 43, iters: 4104, time: 0.486, data: 0.001) G_GAN_ViT: 0.327 D_real_ViT: 0.147 D_fake_ViT: 0.252 global: 0.475 spatial: 0.090 
(epoch: 43, iters: 4204, time: 0.486, data: 0.001) G_GAN_ViT: 0.419 D_real_ViT: 0.202 D_fake_ViT: 0.173 global: 0.457 spatial: 0.083 
(epoch: 43, iters: 4304, time: 0.486, data: 0.001) G_GAN_ViT: 0.324 D_real_ViT: 0.091 D_fake_ViT: 0.248 global: 0.432 spatial: 0.088 
(epoch: 43, iters: 4404, time: 0.486, data: 0.001) G_GAN_ViT: 0.470 D_real_ViT: 0.363 D_fake_ViT: 0.137 global: 0.299 spatial: 0.065 
(epoch: 43, iters: 4504, time: 0.486, data: 0.001) G_GAN_ViT: 0.230 D_real_ViT: 0.158 D_fake_ViT: 0.372 global: 0.565 spatial: 0.086 
(epoch: 43, iters: 4604, time: 0.486, data: 0.001) G_GAN_ViT: 0.412 D_real_ViT: 0.140 D_fake_ViT: 0.191 global: 0.352 spatial: 0.083 
(epoch: 43, iters: 4704, time: 0.486, data: 0.001) G_GAN_ViT: 0.426 D_real_ViT: 0.210 D_fake_ViT: 0.188 global: 0.485 spatial: 0.119 
(epoch: 43, iters: 4804, time: 0.486, data: 0.001) G_GAN_ViT: 0.443 D_real_ViT: 0.181 D_fake_ViT: 0.168 global: 0.292 spatial: 0.082 
(epoch: 43, iters: 4904, time: 0.486, data: 0.001) G_GAN_ViT: 0.402 D_real_ViT: 0.089 D_fake_ViT: 0.200 global: 0.382 spatial: 0.065 
(epoch: 43, iters: 5004, time: 0.486, data: 0.001) G_GAN_ViT: 0.400 D_real_ViT: 0.082 D_fake_ViT: 0.203 global: 0.417 spatial: 0.078 
(epoch: 43, iters: 5104, time: 0.486, data: 0.001) G_GAN_ViT: 0.520 D_real_ViT: 0.334 D_fake_ViT: 0.108 global: 0.318 spatial: 0.073 
(epoch: 43, iters: 5204, time: 0.486, data: 0.001) G_GAN_ViT: 0.516 D_real_ViT: 0.258 D_fake_ViT: 0.127 global: 0.496 spatial: 0.085 
(epoch: 43, iters: 5304, time: 0.486, data: 0.001) G_GAN_ViT: 0.420 D_real_ViT: 0.202 D_fake_ViT: 0.190 global: 0.532 spatial: 0.082 
(epoch: 43, iters: 5404, time: 0.486, data: 0.001) G_GAN_ViT: 0.226 D_real_ViT: 0.086 D_fake_ViT: 0.375 global: 0.480 spatial: 0.089 
(epoch: 43, iters: 5504, time: 0.486, data: 0.001) G_GAN_ViT: 0.414 D_real_ViT: 0.247 D_fake_ViT: 0.175 global: 0.343 spatial: 0.090 
End of epoch 43 / 100 	 Time Taken: 2700 sec
learning rate = 0.0000100
(epoch: 44, iters: 66, time: 0.486, data: 0.001) G_GAN_ViT: 0.494 D_real_ViT: 0.290 D_fake_ViT: 0.136 global: 0.442 spatial: 0.082 
(epoch: 44, iters: 166, time: 0.485, data: 0.001) G_GAN_ViT: 0.453 D_real_ViT: 0.172 D_fake_ViT: 0.153 global: 0.397 spatial: 0.076 
(epoch: 44, iters: 266, time: 0.485, data: 0.001) G_GAN_ViT: 0.410 D_real_ViT: 0.266 D_fake_ViT: 0.180 global: 0.313 spatial: 0.063 
(epoch: 44, iters: 366, time: 0.486, data: 0.001) G_GAN_ViT: 0.487 D_real_ViT: 0.145 D_fake_ViT: 0.139 global: 0.337 spatial: 0.079 
(epoch: 44, iters: 466, time: 0.486, data: 0.001) G_GAN_ViT: 0.366 D_real_ViT: 0.156 D_fake_ViT: 0.209 global: 0.355 spatial: 0.089 
(epoch: 44, iters: 566, time: 0.486, data: 0.001) G_GAN_ViT: 0.406 D_real_ViT: 0.309 D_fake_ViT: 0.206 global: 0.404 spatial: 0.102 
(epoch: 44, iters: 666, time: 0.485, data: 0.001) G_GAN_ViT: 0.516 D_real_ViT: 0.215 D_fake_ViT: 0.147 global: 0.378 spatial: 0.088 
(epoch: 44, iters: 766, time: 0.486, data: 0.001) G_GAN_ViT: 0.359 D_real_ViT: 0.172 D_fake_ViT: 0.227 global: 0.547 spatial: 0.078 
(epoch: 44, iters: 866, time: 0.486, data: 0.001) G_GAN_ViT: 0.278 D_real_ViT: 0.257 D_fake_ViT: 0.290 global: 0.526 spatial: 0.091 
(epoch: 44, iters: 966, time: 0.486, data: 0.002) G_GAN_ViT: 0.403 D_real_ViT: 0.188 D_fake_ViT: 0.199 global: 0.370 spatial: 0.072 
(epoch: 44, iters: 1066, time: 0.486, data: 0.001) G_GAN_ViT: 0.375 D_real_ViT: 0.323 D_fake_ViT: 0.225 global: 0.429 spatial: 0.089 
(epoch: 44, iters: 1166, time: 0.486, data: 0.001) G_GAN_ViT: 0.462 D_real_ViT: 0.111 D_fake_ViT: 0.159 global: 0.320 spatial: 0.083 
(epoch: 44, iters: 1266, time: 0.486, data: 0.001) G_GAN_ViT: 0.588 D_real_ViT: 0.313 D_fake_ViT: 0.123 global: 0.390 spatial: 0.084 
(epoch: 44, iters: 1366, time: 0.486, data: 0.001) G_GAN_ViT: 0.539 D_real_ViT: 0.308 D_fake_ViT: 0.107 global: 0.317 spatial: 0.065 
(epoch: 44, iters: 1466, time: 0.486, data: 0.002) G_GAN_ViT: 0.391 D_real_ViT: 0.214 D_fake_ViT: 0.184 global: 0.295 spatial: 0.074 
(epoch: 44, iters: 1566, time: 0.486, data: 0.001) G_GAN_ViT: 0.364 D_real_ViT: 0.100 D_fake_ViT: 0.233 global: 0.287 spatial: 0.062 
(epoch: 44, iters: 1666, time: 0.486, data: 0.001) G_GAN_ViT: 0.429 D_real_ViT: 0.209 D_fake_ViT: 0.155 global: 0.347 spatial: 0.069 
(epoch: 44, iters: 1766, time: 0.485, data: 0.001) G_GAN_ViT: 0.316 D_real_ViT: 0.301 D_fake_ViT: 0.266 global: 0.430 spatial: 0.082 
(epoch: 44, iters: 1866, time: 0.485, data: 0.001) G_GAN_ViT: 0.333 D_real_ViT: 0.249 D_fake_ViT: 0.269 global: 0.372 spatial: 0.096 
saving the latest model (epoch 44, total_iters 240000)
ICL_single_traffic_city
(epoch: 44, iters: 1966, time: 0.486, data: 0.001) G_GAN_ViT: 0.252 D_real_ViT: 0.130 D_fake_ViT: 0.313 global: 0.431 spatial: 0.083 
(epoch: 44, iters: 2066, time: 0.486, data: 0.001) G_GAN_ViT: 0.536 D_real_ViT: 0.405 D_fake_ViT: 0.128 global: 0.364 spatial: 0.088 
(epoch: 44, iters: 2166, time: 0.486, data: 0.001) G_GAN_ViT: 0.533 D_real_ViT: 0.292 D_fake_ViT: 0.132 global: 0.373 spatial: 0.090 
(epoch: 44, iters: 2266, time: 0.486, data: 0.001) G_GAN_ViT: 0.328 D_real_ViT: 0.143 D_fake_ViT: 0.236 global: 0.508 spatial: 0.094 
(epoch: 44, iters: 2366, time: 0.486, data: 0.001) G_GAN_ViT: 0.609 D_real_ViT: 0.037 D_fake_ViT: 0.089 global: 0.308 spatial: 0.077 
(epoch: 44, iters: 2466, time: 0.486, data: 0.001) G_GAN_ViT: 0.403 D_real_ViT: 0.193 D_fake_ViT: 0.236 global: 0.491 spatial: 0.088 
(epoch: 44, iters: 2566, time: 0.486, data: 0.001) G_GAN_ViT: 0.446 D_real_ViT: 0.154 D_fake_ViT: 0.148 global: 0.286 spatial: 0.065 
(epoch: 44, iters: 2666, time: 0.486, data: 0.001) G_GAN_ViT: 0.397 D_real_ViT: 0.142 D_fake_ViT: 0.191 global: 0.304 spatial: 0.069 
(epoch: 44, iters: 2766, time: 0.486, data: 0.001) G_GAN_ViT: 0.282 D_real_ViT: 0.111 D_fake_ViT: 0.288 global: 0.598 spatial: 0.092 
(epoch: 44, iters: 2866, time: 0.486, data: 0.001) G_GAN_ViT: 0.520 D_real_ViT: 0.240 D_fake_ViT: 0.127 global: 0.340 spatial: 0.056 
(epoch: 44, iters: 2966, time: 0.486, data: 0.002) G_GAN_ViT: 0.494 D_real_ViT: 0.238 D_fake_ViT: 0.149 global: 0.482 spatial: 0.114 
(epoch: 44, iters: 3066, time: 0.486, data: 0.001) G_GAN_ViT: 0.322 D_real_ViT: 0.169 D_fake_ViT: 0.262 global: 0.584 spatial: 0.084 
(epoch: 44, iters: 3166, time: 0.486, data: 0.001) G_GAN_ViT: 0.514 D_real_ViT: 0.333 D_fake_ViT: 0.138 global: 0.459 spatial: 0.080 
(epoch: 44, iters: 3266, time: 0.486, data: 0.001) G_GAN_ViT: 0.525 D_real_ViT: 0.132 D_fake_ViT: 0.133 global: 0.397 spatial: 0.084 
(epoch: 44, iters: 3366, time: 0.486, data: 0.001) G_GAN_ViT: 0.377 D_real_ViT: 0.169 D_fake_ViT: 0.200 global: 0.531 spatial: 0.081 
(epoch: 44, iters: 3466, time: 0.486, data: 0.001) G_GAN_ViT: 0.477 D_real_ViT: 0.159 D_fake_ViT: 0.143 global: 0.342 spatial: 0.080 
(epoch: 44, iters: 3566, time: 0.486, data: 0.001) G_GAN_ViT: 0.516 D_real_ViT: 0.184 D_fake_ViT: 0.131 global: 0.337 spatial: 0.097 
(epoch: 44, iters: 3666, time: 0.486, data: 0.001) G_GAN_ViT: 0.367 D_real_ViT: 0.325 D_fake_ViT: 0.202 global: 0.452 spatial: 0.077 
(epoch: 44, iters: 3766, time: 0.486, data: 0.001) G_GAN_ViT: 0.582 D_real_ViT: 0.118 D_fake_ViT: 0.116 global: 0.354 spatial: 0.088 
(epoch: 44, iters: 3866, time: 0.486, data: 0.001) G_GAN_ViT: 0.458 D_real_ViT: 0.217 D_fake_ViT: 0.173 global: 0.502 spatial: 0.120 
(epoch: 44, iters: 3966, time: 0.486, data: 0.001) G_GAN_ViT: 0.287 D_real_ViT: 0.281 D_fake_ViT: 0.291 global: 0.500 spatial: 0.079 
(epoch: 44, iters: 4066, time: 0.486, data: 0.001) G_GAN_ViT: 0.322 D_real_ViT: 0.176 D_fake_ViT: 0.245 global: 0.472 spatial: 0.078 
(epoch: 44, iters: 4166, time: 0.486, data: 0.001) G_GAN_ViT: 0.568 D_real_ViT: 0.106 D_fake_ViT: 0.101 global: 0.321 spatial: 0.080 
(epoch: 44, iters: 4266, time: 0.486, data: 0.001) G_GAN_ViT: 0.425 D_real_ViT: 0.109 D_fake_ViT: 0.174 global: 0.437 spatial: 0.077 
(epoch: 44, iters: 4366, time: 0.486, data: 0.001) G_GAN_ViT: 0.380 D_real_ViT: 0.053 D_fake_ViT: 0.205 global: 0.356 spatial: 0.078 
(epoch: 44, iters: 4466, time: 0.486, data: 0.001) G_GAN_ViT: 0.463 D_real_ViT: 0.305 D_fake_ViT: 0.149 global: 0.426 spatial: 0.087 
(epoch: 44, iters: 4566, time: 0.486, data: 0.001) G_GAN_ViT: 0.470 D_real_ViT: 0.206 D_fake_ViT: 0.140 global: 0.331 spatial: 0.076 
(epoch: 44, iters: 4666, time: 0.486, data: 0.001) G_GAN_ViT: 0.336 D_real_ViT: 0.107 D_fake_ViT: 0.245 global: 0.456 spatial: 0.088 
(epoch: 44, iters: 4766, time: 0.486, data: 0.001) G_GAN_ViT: 0.470 D_real_ViT: 0.164 D_fake_ViT: 0.159 global: 0.466 spatial: 0.120 
(epoch: 44, iters: 4866, time: 0.486, data: 0.001) G_GAN_ViT: 0.378 D_real_ViT: 0.187 D_fake_ViT: 0.203 global: 0.362 spatial: 0.081 
(epoch: 44, iters: 4966, time: 0.486, data: 0.001) G_GAN_ViT: 0.379 D_real_ViT: 0.149 D_fake_ViT: 0.193 global: 0.281 spatial: 0.063 
(epoch: 44, iters: 5066, time: 0.486, data: 0.001) G_GAN_ViT: 0.395 D_real_ViT: 0.227 D_fake_ViT: 0.201 global: 0.374 spatial: 0.080 
(epoch: 44, iters: 5166, time: 0.485, data: 0.001) G_GAN_ViT: 0.514 D_real_ViT: 0.143 D_fake_ViT: 0.117 global: 0.375 spatial: 0.089 
(epoch: 44, iters: 5266, time: 0.485, data: 0.001) G_GAN_ViT: 0.329 D_real_ViT: 0.135 D_fake_ViT: 0.243 global: 0.499 spatial: 0.081 
(epoch: 44, iters: 5366, time: 0.485, data: 0.001) G_GAN_ViT: 0.476 D_real_ViT: 0.069 D_fake_ViT: 0.143 global: 0.419 spatial: 0.082 
(epoch: 44, iters: 5466, time: 0.485, data: 0.001) G_GAN_ViT: 0.446 D_real_ViT: 0.147 D_fake_ViT: 0.182 global: 0.335 spatial: 0.089 
End of epoch 44 / 100 	 Time Taken: 2698 sec
learning rate = 0.0000100
(epoch: 45, iters: 28, time: 0.485, data: 0.001) G_GAN_ViT: 0.518 D_real_ViT: 0.035 D_fake_ViT: 0.118 global: 0.373 spatial: 0.070 
(epoch: 45, iters: 128, time: 0.485, data: 0.001) G_GAN_ViT: 0.442 D_real_ViT: 0.174 D_fake_ViT: 0.172 global: 0.424 spatial: 0.079 
(epoch: 45, iters: 228, time: 0.485, data: 0.001) G_GAN_ViT: 0.551 D_real_ViT: 0.120 D_fake_ViT: 0.119 global: 0.325 spatial: 0.069 
(epoch: 45, iters: 328, time: 0.485, data: 0.002) G_GAN_ViT: 0.375 D_real_ViT: 0.169 D_fake_ViT: 0.206 global: 0.337 spatial: 0.075 
(epoch: 45, iters: 428, time: 0.485, data: 0.001) G_GAN_ViT: 0.495 D_real_ViT: 0.084 D_fake_ViT: 0.147 global: 0.346 spatial: 0.085 
(epoch: 45, iters: 528, time: 0.485, data: 0.001) G_GAN_ViT: 0.385 D_real_ViT: 0.155 D_fake_ViT: 0.204 global: 0.311 spatial: 0.069 
(epoch: 45, iters: 628, time: 0.485, data: 0.001) G_GAN_ViT: 0.487 D_real_ViT: 0.116 D_fake_ViT: 0.144 global: 0.391 spatial: 0.082 
(epoch: 45, iters: 728, time: 0.485, data: 0.001) G_GAN_ViT: 0.526 D_real_ViT: 0.250 D_fake_ViT: 0.127 global: 0.374 spatial: 0.095 
(epoch: 45, iters: 828, time: 0.485, data: 0.001) G_GAN_ViT: 0.488 D_real_ViT: 0.045 D_fake_ViT: 0.151 global: 0.326 spatial: 0.076 
(epoch: 45, iters: 928, time: 0.485, data: 0.001) G_GAN_ViT: 0.500 D_real_ViT: 0.370 D_fake_ViT: 0.136 global: 0.349 spatial: 0.083 
(epoch: 45, iters: 1028, time: 0.485, data: 0.001) G_GAN_ViT: 0.468 D_real_ViT: 0.160 D_fake_ViT: 0.155 global: 0.364 spatial: 0.076 
(epoch: 45, iters: 1128, time: 0.485, data: 0.001) G_GAN_ViT: 0.310 D_real_ViT: 0.257 D_fake_ViT: 0.273 global: 0.458 spatial: 0.068 
(epoch: 45, iters: 1228, time: 0.484, data: 0.001) G_GAN_ViT: 0.477 D_real_ViT: 0.258 D_fake_ViT: 0.145 global: 0.349 spatial: 0.090 
(epoch: 45, iters: 1328, time: 0.485, data: 0.001) G_GAN_ViT: 0.367 D_real_ViT: 0.234 D_fake_ViT: 0.219 global: 0.468 spatial: 0.089 
saving the latest model (epoch 45, total_iters 245000)
ICL_single_traffic_city
(epoch: 45, iters: 1428, time: 0.485, data: 0.001) G_GAN_ViT: 0.436 D_real_ViT: 0.162 D_fake_ViT: 0.178 global: 0.448 spatial: 0.083 
(epoch: 45, iters: 1528, time: 0.485, data: 0.001) G_GAN_ViT: 0.461 D_real_ViT: 0.151 D_fake_ViT: 0.142 global: 0.364 spatial: 0.080 
(epoch: 45, iters: 1628, time: 0.486, data: 0.001) G_GAN_ViT: 0.339 D_real_ViT: 0.074 D_fake_ViT: 0.248 global: 0.423 spatial: 0.091 
(epoch: 45, iters: 1728, time: 0.485, data: 0.001) G_GAN_ViT: 0.486 D_real_ViT: 0.238 D_fake_ViT: 0.127 global: 0.358 spatial: 0.083 
(epoch: 45, iters: 1828, time: 0.485, data: 0.001) G_GAN_ViT: 0.304 D_real_ViT: 0.167 D_fake_ViT: 0.262 global: 0.486 spatial: 0.087 
(epoch: 45, iters: 1928, time: 0.485, data: 0.001) G_GAN_ViT: 0.464 D_real_ViT: 0.212 D_fake_ViT: 0.174 global: 0.423 spatial: 0.100 
(epoch: 45, iters: 2028, time: 0.485, data: 0.001) G_GAN_ViT: 0.298 D_real_ViT: 0.235 D_fake_ViT: 0.270 global: 0.504 spatial: 0.076 
(epoch: 45, iters: 2128, time: 0.486, data: 0.001) G_GAN_ViT: 0.484 D_real_ViT: 0.250 D_fake_ViT: 0.162 global: 0.488 spatial: 0.089 
(epoch: 45, iters: 2228, time: 0.486, data: 0.001) G_GAN_ViT: 0.476 D_real_ViT: 0.230 D_fake_ViT: 0.135 global: 0.276 spatial: 0.081 
(epoch: 45, iters: 2328, time: 0.486, data: 0.001) G_GAN_ViT: 0.306 D_real_ViT: 0.222 D_fake_ViT: 0.267 global: 0.523 spatial: 0.087 
(epoch: 45, iters: 2428, time: 0.486, data: 0.001) G_GAN_ViT: 0.401 D_real_ViT: 0.308 D_fake_ViT: 0.175 global: 0.363 spatial: 0.066 
(epoch: 45, iters: 2528, time: 0.486, data: 0.001) G_GAN_ViT: 0.349 D_real_ViT: 0.247 D_fake_ViT: 0.220 global: 0.490 spatial: 0.088 
(epoch: 45, iters: 2628, time: 0.486, data: 0.001) G_GAN_ViT: 0.507 D_real_ViT: 0.239 D_fake_ViT: 0.133 global: 0.382 spatial: 0.082 
(epoch: 45, iters: 2728, time: 0.486, data: 0.001) G_GAN_ViT: 0.362 D_real_ViT: 0.268 D_fake_ViT: 0.247 global: 0.444 spatial: 0.091 
(epoch: 45, iters: 2828, time: 0.486, data: 0.001) G_GAN_ViT: 0.261 D_real_ViT: 0.155 D_fake_ViT: 0.325 global: 0.508 spatial: 0.086 
(epoch: 45, iters: 2928, time: 0.486, data: 0.001) G_GAN_ViT: 0.413 D_real_ViT: 0.207 D_fake_ViT: 0.184 global: 0.411 spatial: 0.073 
(epoch: 45, iters: 3028, time: 0.486, data: 0.001) G_GAN_ViT: 0.353 D_real_ViT: 0.136 D_fake_ViT: 0.241 global: 0.310 spatial: 0.080 
(epoch: 45, iters: 3128, time: 0.485, data: 0.001) G_GAN_ViT: 0.493 D_real_ViT: 0.194 D_fake_ViT: 0.129 global: 0.304 spatial: 0.069 
(epoch: 45, iters: 3228, time: 0.485, data: 0.001) G_GAN_ViT: 0.447 D_real_ViT: 0.153 D_fake_ViT: 0.155 global: 0.331 spatial: 0.068 
(epoch: 45, iters: 3328, time: 0.486, data: 0.001) G_GAN_ViT: 0.295 D_real_ViT: 0.152 D_fake_ViT: 0.272 global: 0.583 spatial: 0.087 
(epoch: 45, iters: 3428, time: 0.486, data: 0.001) G_GAN_ViT: 0.469 D_real_ViT: 0.252 D_fake_ViT: 0.141 global: 0.356 spatial: 0.091 
(epoch: 45, iters: 3528, time: 0.486, data: 0.001) G_GAN_ViT: 0.420 D_real_ViT: 0.192 D_fake_ViT: 0.178 global: 0.474 spatial: 0.080 
(epoch: 45, iters: 3628, time: 0.486, data: 0.001) G_GAN_ViT: 0.559 D_real_ViT: 0.127 D_fake_ViT: 0.111 global: 0.335 spatial: 0.072 
(epoch: 45, iters: 3728, time: 0.485, data: 0.001) G_GAN_ViT: 0.319 D_real_ViT: 0.123 D_fake_ViT: 0.256 global: 0.430 spatial: 0.083 
(epoch: 45, iters: 3828, time: 0.486, data: 0.001) G_GAN_ViT: 0.534 D_real_ViT: 0.362 D_fake_ViT: 0.127 global: 0.320 spatial: 0.078 
(epoch: 45, iters: 3928, time: 0.486, data: 0.001) G_GAN_ViT: 0.332 D_real_ViT: 0.215 D_fake_ViT: 0.252 global: 0.553 spatial: 0.092 
(epoch: 45, iters: 4028, time: 0.485, data: 0.001) G_GAN_ViT: 0.537 D_real_ViT: 0.204 D_fake_ViT: 0.132 global: 0.375 spatial: 0.086 
(epoch: 45, iters: 4128, time: 0.485, data: 0.001) G_GAN_ViT: 0.390 D_real_ViT: 0.065 D_fake_ViT: 0.215 global: 0.306 spatial: 0.086 
(epoch: 45, iters: 4228, time: 0.485, data: 0.001) G_GAN_ViT: 0.456 D_real_ViT: 0.180 D_fake_ViT: 0.163 global: 0.379 spatial: 0.083 
(epoch: 45, iters: 4328, time: 0.485, data: 0.001) G_GAN_ViT: 0.574 D_real_ViT: 0.185 D_fake_ViT: 0.117 global: 0.535 spatial: 0.107 
(epoch: 45, iters: 4428, time: 0.485, data: 0.001) G_GAN_ViT: 0.401 D_real_ViT: 0.274 D_fake_ViT: 0.172 global: 0.325 spatial: 0.065 
(epoch: 45, iters: 4528, time: 0.485, data: 0.001) G_GAN_ViT: 0.427 D_real_ViT: 0.085 D_fake_ViT: 0.186 global: 0.471 spatial: 0.077 
(epoch: 45, iters: 4628, time: 0.485, data: 0.001) G_GAN_ViT: 0.617 D_real_ViT: 0.124 D_fake_ViT: 0.090 global: 0.335 spatial: 0.085 
(epoch: 45, iters: 4728, time: 0.485, data: 0.001) G_GAN_ViT: 0.383 D_real_ViT: 0.218 D_fake_ViT: 0.202 global: 0.428 spatial: 0.080 
(epoch: 45, iters: 4828, time: 0.485, data: 0.001) G_GAN_ViT: 0.504 D_real_ViT: 0.041 D_fake_ViT: 0.141 global: 0.299 spatial: 0.068 
(epoch: 45, iters: 4928, time: 0.485, data: 0.001) G_GAN_ViT: 0.483 D_real_ViT: 0.242 D_fake_ViT: 0.139 global: 0.286 spatial: 0.071 
(epoch: 45, iters: 5028, time: 0.485, data: 0.001) G_GAN_ViT: 0.363 D_real_ViT: 0.037 D_fake_ViT: 0.227 global: 0.325 spatial: 0.086 
(epoch: 45, iters: 5128, time: 0.485, data: 0.001) G_GAN_ViT: 0.388 D_real_ViT: 0.144 D_fake_ViT: 0.187 global: 0.312 spatial: 0.066 
(epoch: 45, iters: 5228, time: 0.485, data: 0.001) G_GAN_ViT: 0.483 D_real_ViT: 0.226 D_fake_ViT: 0.188 global: 0.376 spatial: 0.089 
(epoch: 45, iters: 5328, time: 0.485, data: 0.001) G_GAN_ViT: 0.318 D_real_ViT: 0.243 D_fake_ViT: 0.263 global: 0.305 spatial: 0.072 
(epoch: 45, iters: 5428, time: 0.485, data: 0.001) G_GAN_ViT: 0.356 D_real_ViT: 0.221 D_fake_ViT: 0.213 global: 0.469 spatial: 0.076 
(epoch: 45, iters: 5528, time: 0.485, data: 0.001) G_GAN_ViT: 0.343 D_real_ViT: 0.085 D_fake_ViT: 0.274 global: 0.477 spatial: 0.073 
saving the model at the end of epoch 45, iters 249210
End of epoch 45 / 100 	 Time Taken: 2697 sec
learning rate = 0.0000100
(epoch: 46, iters: 90, time: 0.485, data: 0.001) G_GAN_ViT: 0.441 D_real_ViT: 0.227 D_fake_ViT: 0.161 global: 0.307 spatial: 0.074 
(epoch: 46, iters: 190, time: 0.485, data: 0.001) G_GAN_ViT: 0.338 D_real_ViT: 0.062 D_fake_ViT: 0.244 global: 0.510 spatial: 0.082 
(epoch: 46, iters: 290, time: 0.486, data: 0.001) G_GAN_ViT: 0.479 D_real_ViT: 0.175 D_fake_ViT: 0.150 global: 0.350 spatial: 0.086 
(epoch: 46, iters: 390, time: 0.485, data: 0.001) G_GAN_ViT: 0.369 D_real_ViT: 0.227 D_fake_ViT: 0.220 global: 0.346 spatial: 0.079 
(epoch: 46, iters: 490, time: 0.486, data: 0.001) G_GAN_ViT: 0.418 D_real_ViT: 0.400 D_fake_ViT: 0.194 global: 0.494 spatial: 0.121 
(epoch: 46, iters: 590, time: 0.486, data: 0.001) G_GAN_ViT: 0.382 D_real_ViT: 0.272 D_fake_ViT: 0.216 global: 0.395 spatial: 0.102 
(epoch: 46, iters: 690, time: 0.485, data: 0.001) G_GAN_ViT: 0.407 D_real_ViT: 0.176 D_fake_ViT: 0.180 global: 0.273 spatial: 0.067 
(epoch: 46, iters: 790, time: 0.485, data: 0.001) G_GAN_ViT: 0.318 D_real_ViT: 0.240 D_fake_ViT: 0.263 global: 0.309 spatial: 0.067 
saving the latest model (epoch 46, total_iters 250000)
ICL_single_traffic_city
(epoch: 46, iters: 890, time: 0.485, data: 0.001) G_GAN_ViT: 0.483 D_real_ViT: 0.191 D_fake_ViT: 0.139 global: 0.314 spatial: 0.081 
(epoch: 46, iters: 990, time: 0.485, data: 0.001) G_GAN_ViT: 0.457 D_real_ViT: 0.261 D_fake_ViT: 0.163 global: 0.342 spatial: 0.083 
(epoch: 46, iters: 1090, time: 0.486, data: 0.001) G_GAN_ViT: 0.492 D_real_ViT: 0.183 D_fake_ViT: 0.144 global: 0.350 spatial: 0.067 
(epoch: 46, iters: 1190, time: 0.486, data: 0.001) G_GAN_ViT: 0.480 D_real_ViT: 0.188 D_fake_ViT: 0.147 global: 0.425 spatial: 0.087 
(epoch: 46, iters: 1290, time: 0.486, data: 0.001) G_GAN_ViT: 0.473 D_real_ViT: 0.133 D_fake_ViT: 0.180 global: 0.333 spatial: 0.077 
(epoch: 46, iters: 1390, time: 0.486, data: 0.001) G_GAN_ViT: 0.539 D_real_ViT: 0.192 D_fake_ViT: 0.112 global: 0.304 spatial: 0.065 
(epoch: 46, iters: 1490, time: 0.486, data: 0.001) G_GAN_ViT: 0.461 D_real_ViT: 0.269 D_fake_ViT: 0.147 global: 0.300 spatial: 0.074 
(epoch: 46, iters: 1590, time: 0.486, data: 0.001) G_GAN_ViT: 0.354 D_real_ViT: 0.042 D_fake_ViT: 0.241 global: 0.531 spatial: 0.090 
(epoch: 46, iters: 1690, time: 0.486, data: 0.001) G_GAN_ViT: 0.411 D_real_ViT: 0.252 D_fake_ViT: 0.201 global: 0.320 spatial: 0.079 
(epoch: 46, iters: 1790, time: 0.486, data: 0.001) G_GAN_ViT: 0.515 D_real_ViT: 0.228 D_fake_ViT: 0.120 global: 0.312 spatial: 0.069 
(epoch: 46, iters: 1890, time: 0.486, data: 0.001) G_GAN_ViT: 0.466 D_real_ViT: 0.095 D_fake_ViT: 0.180 global: 0.371 spatial: 0.077 
(epoch: 46, iters: 1990, time: 0.486, data: 0.001) G_GAN_ViT: 0.495 D_real_ViT: 0.189 D_fake_ViT: 0.148 global: 0.339 spatial: 0.083 
(epoch: 46, iters: 2090, time: 0.486, data: 0.001) G_GAN_ViT: 0.407 D_real_ViT: 0.129 D_fake_ViT: 0.226 global: 0.336 spatial: 0.093 
(epoch: 46, iters: 2190, time: 0.486, data: 0.001) G_GAN_ViT: 0.343 D_real_ViT: 0.038 D_fake_ViT: 0.257 global: 0.406 spatial: 0.091 
(epoch: 46, iters: 2290, time: 0.485, data: 0.002) G_GAN_ViT: 0.401 D_real_ViT: 0.102 D_fake_ViT: 0.194 global: 0.350 spatial: 0.079 
(epoch: 46, iters: 2390, time: 0.485, data: 0.001) G_GAN_ViT: 0.447 D_real_ViT: 0.267 D_fake_ViT: 0.170 global: 0.351 spatial: 0.082 
(epoch: 46, iters: 2490, time: 0.486, data: 0.002) G_GAN_ViT: 0.448 D_real_ViT: 0.146 D_fake_ViT: 0.152 global: 0.431 spatial: 0.086 
(epoch: 46, iters: 2590, time: 0.486, data: 0.001) G_GAN_ViT: 0.377 D_real_ViT: 0.117 D_fake_ViT: 0.207 global: 0.502 spatial: 0.093 
(epoch: 46, iters: 2690, time: 0.486, data: 0.001) G_GAN_ViT: 0.336 D_real_ViT: 0.114 D_fake_ViT: 0.235 global: 0.439 spatial: 0.086 
(epoch: 46, iters: 2790, time: 0.486, data: 0.001) G_GAN_ViT: 0.375 D_real_ViT: 0.178 D_fake_ViT: 0.208 global: 0.448 spatial: 0.081 
(epoch: 46, iters: 2890, time: 0.486, data: 0.001) G_GAN_ViT: 0.305 D_real_ViT: 0.167 D_fake_ViT: 0.259 global: 0.447 spatial: 0.080 
(epoch: 46, iters: 2990, time: 0.486, data: 0.001) G_GAN_ViT: 0.520 D_real_ViT: 0.343 D_fake_ViT: 0.119 global: 0.279 spatial: 0.082 
(epoch: 46, iters: 3090, time: 0.486, data: 0.001) G_GAN_ViT: 0.419 D_real_ViT: 0.260 D_fake_ViT: 0.195 global: 0.341 spatial: 0.087 
(epoch: 46, iters: 3190, time: 0.484, data: 0.001) G_GAN_ViT: 0.289 D_real_ViT: 0.249 D_fake_ViT: 0.285 global: 0.406 spatial: 0.081 
(epoch: 46, iters: 3290, time: 0.485, data: 0.001) G_GAN_ViT: 0.544 D_real_ViT: 0.049 D_fake_ViT: 0.129 global: 0.356 spatial: 0.069 
(epoch: 46, iters: 3390, time: 0.485, data: 0.001) G_GAN_ViT: 0.351 D_real_ViT: 0.212 D_fake_ViT: 0.236 global: 0.353 spatial: 0.080 
(epoch: 46, iters: 3490, time: 0.485, data: 0.001) G_GAN_ViT: 0.391 D_real_ViT: 0.084 D_fake_ViT: 0.195 global: 0.323 spatial: 0.071 
(epoch: 46, iters: 3590, time: 0.485, data: 0.001) G_GAN_ViT: 0.466 D_real_ViT: 0.205 D_fake_ViT: 0.155 global: 0.374 spatial: 0.079 
(epoch: 46, iters: 3690, time: 0.485, data: 0.001) G_GAN_ViT: 0.341 D_real_ViT: 0.240 D_fake_ViT: 0.239 global: 0.279 spatial: 0.070 
(epoch: 46, iters: 3790, time: 0.485, data: 0.001) G_GAN_ViT: 0.475 D_real_ViT: 0.344 D_fake_ViT: 0.147 global: 0.286 spatial: 0.075 
(epoch: 46, iters: 3890, time: 0.485, data: 0.001) G_GAN_ViT: 0.400 D_real_ViT: 0.237 D_fake_ViT: 0.194 global: 0.334 spatial: 0.078 
(epoch: 46, iters: 3990, time: 0.485, data: 0.001) G_GAN_ViT: 0.405 D_real_ViT: 0.081 D_fake_ViT: 0.187 global: 0.338 spatial: 0.077 
(epoch: 46, iters: 4090, time: 0.484, data: 0.001) G_GAN_ViT: 0.420 D_real_ViT: 0.291 D_fake_ViT: 0.170 global: 0.326 spatial: 0.070 
(epoch: 46, iters: 4190, time: 0.484, data: 0.001) G_GAN_ViT: 0.351 D_real_ViT: 0.168 D_fake_ViT: 0.225 global: 0.514 spatial: 0.087 
(epoch: 46, iters: 4290, time: 0.485, data: 0.001) G_GAN_ViT: 0.300 D_real_ViT: 0.200 D_fake_ViT: 0.287 global: 0.449 spatial: 0.092 
(epoch: 46, iters: 4390, time: 0.485, data: 0.002) G_GAN_ViT: 0.470 D_real_ViT: 0.141 D_fake_ViT: 0.158 global: 0.489 spatial: 0.095 
(epoch: 46, iters: 4490, time: 0.485, data: 0.001) G_GAN_ViT: 0.515 D_real_ViT: 0.130 D_fake_ViT: 0.126 global: 0.402 spatial: 0.077 
(epoch: 46, iters: 4590, time: 0.485, data: 0.001) G_GAN_ViT: 0.545 D_real_ViT: 0.217 D_fake_ViT: 0.119 global: 0.368 spatial: 0.077 
(epoch: 46, iters: 4690, time: 0.483, data: 0.001) G_GAN_ViT: 0.257 D_real_ViT: 0.191 D_fake_ViT: 0.309 global: 0.541 spatial: 0.093 
(epoch: 46, iters: 4790, time: 0.484, data: 0.001) G_GAN_ViT: 0.561 D_real_ViT: 0.305 D_fake_ViT: 0.110 global: 0.457 spatial: 0.088 
(epoch: 46, iters: 4890, time: 0.485, data: 0.001) G_GAN_ViT: 0.482 D_real_ViT: 0.247 D_fake_ViT: 0.130 global: 0.302 spatial: 0.064 
(epoch: 46, iters: 4990, time: 0.485, data: 0.001) G_GAN_ViT: 0.406 D_real_ViT: 0.215 D_fake_ViT: 0.189 global: 0.444 spatial: 0.088 
(epoch: 46, iters: 5090, time: 0.485, data: 0.001) G_GAN_ViT: 0.375 D_real_ViT: 0.137 D_fake_ViT: 0.209 global: 0.315 spatial: 0.067 
(epoch: 46, iters: 5190, time: 0.485, data: 0.001) G_GAN_ViT: 0.289 D_real_ViT: 0.276 D_fake_ViT: 0.313 global: 0.361 spatial: 0.077 
(epoch: 46, iters: 5290, time: 0.485, data: 0.001) G_GAN_ViT: 0.565 D_real_ViT: 0.369 D_fake_ViT: 0.115 global: 0.460 spatial: 0.092 
(epoch: 46, iters: 5390, time: 0.485, data: 0.001) G_GAN_ViT: 0.252 D_real_ViT: 0.309 D_fake_ViT: 0.352 global: 0.406 spatial: 0.079 
(epoch: 46, iters: 5490, time: 0.485, data: 0.001) G_GAN_ViT: 0.336 D_real_ViT: 0.267 D_fake_ViT: 0.294 global: 0.434 spatial: 0.090 
End of epoch 46 / 100 	 Time Taken: 2696 sec
learning rate = 0.0000100
(epoch: 47, iters: 52, time: 0.485, data: 0.001) G_GAN_ViT: 0.324 D_real_ViT: 0.201 D_fake_ViT: 0.240 global: 0.553 spatial: 0.092 
(epoch: 47, iters: 152, time: 0.484, data: 0.001) G_GAN_ViT: 0.438 D_real_ViT: 0.108 D_fake_ViT: 0.218 global: 0.388 spatial: 0.077 
(epoch: 47, iters: 252, time: 0.485, data: 0.001) G_GAN_ViT: 0.397 D_real_ViT: 0.094 D_fake_ViT: 0.223 global: 0.395 spatial: 0.109 
saving the latest model (epoch 47, total_iters 255000)
ICL_single_traffic_city
(epoch: 47, iters: 352, time: 0.485, data: 0.002) G_GAN_ViT: 0.408 D_real_ViT: 0.319 D_fake_ViT: 0.193 global: 0.554 spatial: 0.088 
(epoch: 47, iters: 452, time: 0.485, data: 0.001) G_GAN_ViT: 0.637 D_real_ViT: 0.180 D_fake_ViT: 0.138 global: 0.448 spatial: 0.098 
(epoch: 47, iters: 552, time: 0.485, data: 0.001) G_GAN_ViT: 0.402 D_real_ViT: 0.061 D_fake_ViT: 0.200 global: 0.484 spatial: 0.093 
(epoch: 47, iters: 652, time: 0.485, data: 0.001) G_GAN_ViT: 0.422 D_real_ViT: 0.231 D_fake_ViT: 0.181 global: 0.372 spatial: 0.078 
(epoch: 47, iters: 752, time: 0.485, data: 0.001) G_GAN_ViT: 0.538 D_real_ViT: 0.065 D_fake_ViT: 0.142 global: 0.391 spatial: 0.080 
(epoch: 47, iters: 852, time: 0.485, data: 0.001) G_GAN_ViT: 0.500 D_real_ViT: 0.119 D_fake_ViT: 0.135 global: 0.410 spatial: 0.071 
(epoch: 47, iters: 952, time: 0.485, data: 0.001) G_GAN_ViT: 0.521 D_real_ViT: 0.279 D_fake_ViT: 0.115 global: 0.306 spatial: 0.073 
(epoch: 47, iters: 1052, time: 0.485, data: 0.001) G_GAN_ViT: 0.477 D_real_ViT: 0.187 D_fake_ViT: 0.149 global: 0.318 spatial: 0.084 
(epoch: 47, iters: 1152, time: 0.485, data: 0.001) G_GAN_ViT: 0.293 D_real_ViT: 0.364 D_fake_ViT: 0.272 global: 0.537 spatial: 0.104 
(epoch: 47, iters: 1252, time: 0.485, data: 0.001) G_GAN_ViT: 0.504 D_real_ViT: 0.211 D_fake_ViT: 0.135 global: 0.368 spatial: 0.084 
(epoch: 47, iters: 1352, time: 0.485, data: 0.001) G_GAN_ViT: 0.474 D_real_ViT: 0.218 D_fake_ViT: 0.147 global: 0.339 spatial: 0.072 
(epoch: 47, iters: 1452, time: 0.485, data: 0.001) G_GAN_ViT: 0.451 D_real_ViT: 0.118 D_fake_ViT: 0.154 global: 0.328 spatial: 0.080 
(epoch: 47, iters: 1552, time: 0.485, data: 0.001) G_GAN_ViT: 0.429 D_real_ViT: 0.281 D_fake_ViT: 0.167 global: 0.310 spatial: 0.070 
(epoch: 47, iters: 1652, time: 0.486, data: 0.001) G_GAN_ViT: 0.279 D_real_ViT: 0.267 D_fake_ViT: 0.295 global: 0.519 spatial: 0.093 
(epoch: 47, iters: 1752, time: 0.486, data: 0.001) G_GAN_ViT: 0.461 D_real_ViT: 0.213 D_fake_ViT: 0.179 global: 0.381 spatial: 0.108 
(epoch: 47, iters: 1852, time: 0.486, data: 0.001) G_GAN_ViT: 0.430 D_real_ViT: 0.179 D_fake_ViT: 0.172 global: 0.460 spatial: 0.081 
(epoch: 47, iters: 1952, time: 0.485, data: 0.001) G_GAN_ViT: 0.425 D_real_ViT: 0.451 D_fake_ViT: 0.167 global: 0.430 spatial: 0.069 
(epoch: 47, iters: 2052, time: 0.485, data: 0.001) G_GAN_ViT: 0.320 D_real_ViT: 0.239 D_fake_ViT: 0.262 global: 0.524 spatial: 0.097 
(epoch: 47, iters: 2152, time: 0.485, data: 0.001) G_GAN_ViT: 0.441 D_real_ViT: 0.106 D_fake_ViT: 0.196 global: 0.373 spatial: 0.101 
(epoch: 47, iters: 2252, time: 0.485, data: 0.001) G_GAN_ViT: 0.499 D_real_ViT: 0.243 D_fake_ViT: 0.158 global: 0.342 spatial: 0.096 
(epoch: 47, iters: 2352, time: 0.485, data: 0.001) G_GAN_ViT: 0.488 D_real_ViT: 0.160 D_fake_ViT: 0.138 global: 0.269 spatial: 0.070 
(epoch: 47, iters: 2452, time: 0.485, data: 0.001) G_GAN_ViT: 0.319 D_real_ViT: 0.179 D_fake_ViT: 0.250 global: 0.383 spatial: 0.072 
(epoch: 47, iters: 2552, time: 0.484, data: 0.001) G_GAN_ViT: 0.389 D_real_ViT: 0.184 D_fake_ViT: 0.194 global: 0.566 spatial: 0.086 
(epoch: 47, iters: 2652, time: 0.485, data: 0.001) G_GAN_ViT: 0.346 D_real_ViT: 0.150 D_fake_ViT: 0.242 global: 0.552 spatial: 0.090 
(epoch: 47, iters: 2752, time: 0.485, data: 0.001) G_GAN_ViT: 0.444 D_real_ViT: 0.128 D_fake_ViT: 0.198 global: 0.400 spatial: 0.101 
(epoch: 47, iters: 2852, time: 0.485, data: 0.001) G_GAN_ViT: 0.422 D_real_ViT: 0.141 D_fake_ViT: 0.173 global: 0.328 spatial: 0.080 
(epoch: 47, iters: 2952, time: 0.485, data: 0.001) G_GAN_ViT: 0.445 D_real_ViT: 0.226 D_fake_ViT: 0.174 global: 0.462 spatial: 0.118 
(epoch: 47, iters: 3052, time: 0.485, data: 0.001) G_GAN_ViT: 0.583 D_real_ViT: 0.228 D_fake_ViT: 0.099 global: 0.360 spatial: 0.080 
(epoch: 47, iters: 3152, time: 0.485, data: 0.001) G_GAN_ViT: 0.374 D_real_ViT: 0.064 D_fake_ViT: 0.219 global: 0.310 spatial: 0.073 
(epoch: 47, iters: 3252, time: 0.485, data: 0.002) G_GAN_ViT: 0.249 D_real_ViT: 0.175 D_fake_ViT: 0.322 global: 0.523 spatial: 0.088 
(epoch: 47, iters: 3352, time: 0.485, data: 0.001) G_GAN_ViT: 0.514 D_real_ViT: 0.166 D_fake_ViT: 0.125 global: 0.318 spatial: 0.075 
(epoch: 47, iters: 3452, time: 0.485, data: 0.001) G_GAN_ViT: 0.439 D_real_ViT: 0.217 D_fake_ViT: 0.164 global: 0.324 spatial: 0.078 
(epoch: 47, iters: 3552, time: 0.485, data: 0.001) G_GAN_ViT: 0.370 D_real_ViT: 0.258 D_fake_ViT: 0.209 global: 0.322 spatial: 0.087 
(epoch: 47, iters: 3652, time: 0.485, data: 0.001) G_GAN_ViT: 0.410 D_real_ViT: 0.126 D_fake_ViT: 0.185 global: 0.355 spatial: 0.089 
(epoch: 47, iters: 3752, time: 0.485, data: 0.001) G_GAN_ViT: 0.322 D_real_ViT: 0.241 D_fake_ViT: 0.249 global: 0.332 spatial: 0.070 
(epoch: 47, iters: 3852, time: 0.485, data: 0.002) G_GAN_ViT: 0.528 D_real_ViT: 0.271 D_fake_ViT: 0.129 global: 0.414 spatial: 0.072 
(epoch: 47, iters: 3952, time: 0.485, data: 0.001) G_GAN_ViT: 0.492 D_real_ViT: 0.179 D_fake_ViT: 0.128 global: 0.361 spatial: 0.055 
(epoch: 47, iters: 4052, time: 0.485, data: 0.001) G_GAN_ViT: 0.410 D_real_ViT: 0.166 D_fake_ViT: 0.190 global: 0.386 spatial: 0.092 
(epoch: 47, iters: 4152, time: 0.485, data: 0.002) G_GAN_ViT: 0.470 D_real_ViT: 0.318 D_fake_ViT: 0.157 global: 0.450 spatial: 0.088 
(epoch: 47, iters: 4252, time: 0.485, data: 0.001) G_GAN_ViT: 0.392 D_real_ViT: 0.180 D_fake_ViT: 0.208 global: 0.364 spatial: 0.067 
(epoch: 47, iters: 4352, time: 0.485, data: 0.001) G_GAN_ViT: 0.452 D_real_ViT: 0.252 D_fake_ViT: 0.174 global: 0.476 spatial: 0.111 
(epoch: 47, iters: 4452, time: 0.485, data: 0.002) G_GAN_ViT: 0.310 D_real_ViT: 0.183 D_fake_ViT: 0.251 global: 0.348 spatial: 0.071 
(epoch: 47, iters: 4552, time: 0.485, data: 0.001) G_GAN_ViT: 0.511 D_real_ViT: 0.240 D_fake_ViT: 0.147 global: 0.363 spatial: 0.095 
(epoch: 47, iters: 4652, time: 0.485, data: 0.002) G_GAN_ViT: 0.471 D_real_ViT: 0.428 D_fake_ViT: 0.142 global: 0.315 spatial: 0.073 
(epoch: 47, iters: 4752, time: 0.485, data: 0.001) G_GAN_ViT: 0.540 D_real_ViT: 0.157 D_fake_ViT: 0.126 global: 0.393 spatial: 0.094 
(epoch: 47, iters: 4852, time: 0.486, data: 0.001) G_GAN_ViT: 0.391 D_real_ViT: 0.232 D_fake_ViT: 0.186 global: 0.449 spatial: 0.085 
(epoch: 47, iters: 4952, time: 0.485, data: 0.001) G_GAN_ViT: 0.468 D_real_ViT: 0.300 D_fake_ViT: 0.168 global: 0.407 spatial: 0.073 
(epoch: 47, iters: 5052, time: 0.485, data: 0.001) G_GAN_ViT: 0.459 D_real_ViT: 0.039 D_fake_ViT: 0.178 global: 0.472 spatial: 0.115 
(epoch: 47, iters: 5152, time: 0.484, data: 0.001) G_GAN_ViT: 0.470 D_real_ViT: 0.181 D_fake_ViT: 0.152 global: 0.346 spatial: 0.085 
(epoch: 47, iters: 5252, time: 0.485, data: 0.001) G_GAN_ViT: 0.593 D_real_ViT: 0.174 D_fake_ViT: 0.103 global: 0.293 spatial: 0.073 
saving the latest model (epoch 47, total_iters 260000)
ICL_single_traffic_city
(epoch: 47, iters: 5352, time: 0.485, data: 0.001) G_GAN_ViT: 0.548 D_real_ViT: 0.287 D_fake_ViT: 0.107 global: 0.350 spatial: 0.085 
(epoch: 47, iters: 5452, time: 0.485, data: 0.001) G_GAN_ViT: 0.389 D_real_ViT: 0.338 D_fake_ViT: 0.189 global: 0.428 spatial: 0.084 
End of epoch 47 / 100 	 Time Taken: 2696 sec
learning rate = 0.0000100
(epoch: 48, iters: 14, time: 0.485, data: 0.001) G_GAN_ViT: 0.419 D_real_ViT: 0.152 D_fake_ViT: 0.179 global: 0.345 spatial: 0.081 
(epoch: 48, iters: 114, time: 0.486, data: 0.001) G_GAN_ViT: 0.404 D_real_ViT: 0.141 D_fake_ViT: 0.185 global: 0.285 spatial: 0.063 
(epoch: 48, iters: 214, time: 0.485, data: 0.001) G_GAN_ViT: 0.343 D_real_ViT: 0.204 D_fake_ViT: 0.224 global: 0.295 spatial: 0.075 
(epoch: 48, iters: 314, time: 0.485, data: 0.001) G_GAN_ViT: 0.337 D_real_ViT: 0.119 D_fake_ViT: 0.246 global: 0.356 spatial: 0.091 
(epoch: 48, iters: 414, time: 0.485, data: 0.002) G_GAN_ViT: 0.434 D_real_ViT: 0.312 D_fake_ViT: 0.164 global: 0.337 spatial: 0.078 
(epoch: 48, iters: 514, time: 0.485, data: 0.002) G_GAN_ViT: 0.364 D_real_ViT: 0.056 D_fake_ViT: 0.217 global: 0.330 spatial: 0.072 
(epoch: 48, iters: 614, time: 0.485, data: 0.001) G_GAN_ViT: 0.266 D_real_ViT: 0.164 D_fake_ViT: 0.311 global: 0.462 spatial: 0.097 
(epoch: 48, iters: 714, time: 0.485, data: 0.001) G_GAN_ViT: 0.350 D_real_ViT: 0.113 D_fake_ViT: 0.224 global: 0.562 spatial: 0.083 
(epoch: 48, iters: 814, time: 0.485, data: 0.001) G_GAN_ViT: 0.253 D_real_ViT: 0.099 D_fake_ViT: 0.326 global: 0.492 spatial: 0.080 
(epoch: 48, iters: 914, time: 0.485, data: 0.001) G_GAN_ViT: 0.210 D_real_ViT: 0.247 D_fake_ViT: 0.395 global: 0.505 spatial: 0.092 
(epoch: 48, iters: 1014, time: 0.485, data: 0.001) G_GAN_ViT: 0.542 D_real_ViT: 0.139 D_fake_ViT: 0.133 global: 0.344 spatial: 0.078 
(epoch: 48, iters: 1114, time: 0.485, data: 0.001) G_GAN_ViT: 0.391 D_real_ViT: 0.259 D_fake_ViT: 0.197 global: 0.314 spatial: 0.079 
(epoch: 48, iters: 1214, time: 0.485, data: 0.001) G_GAN_ViT: 0.457 D_real_ViT: 0.161 D_fake_ViT: 0.160 global: 0.293 spatial: 0.082 
(epoch: 48, iters: 1314, time: 0.485, data: 0.001) G_GAN_ViT: 0.443 D_real_ViT: 0.169 D_fake_ViT: 0.200 global: 0.429 spatial: 0.095 
(epoch: 48, iters: 1414, time: 0.485, data: 0.001) G_GAN_ViT: 0.256 D_real_ViT: 0.226 D_fake_ViT: 0.320 global: 0.455 spatial: 0.080 
(epoch: 48, iters: 1514, time: 0.486, data: 0.001) G_GAN_ViT: 0.367 D_real_ViT: 0.105 D_fake_ViT: 0.210 global: 0.333 spatial: 0.084 
(epoch: 48, iters: 1614, time: 0.486, data: 0.001) G_GAN_ViT: 0.408 D_real_ViT: 0.358 D_fake_ViT: 0.194 global: 0.421 spatial: 0.107 
(epoch: 48, iters: 1714, time: 0.486, data: 0.001) G_GAN_ViT: 0.264 D_real_ViT: 0.178 D_fake_ViT: 0.299 global: 0.543 spatial: 0.089 
(epoch: 48, iters: 1814, time: 0.486, data: 0.001) G_GAN_ViT: 0.647 D_real_ViT: 0.124 D_fake_ViT: 0.076 global: 0.351 spatial: 0.090 
(epoch: 48, iters: 1914, time: 0.485, data: 0.001) G_GAN_ViT: 0.403 D_real_ViT: 0.214 D_fake_ViT: 0.196 global: 0.385 spatial: 0.092 
(epoch: 48, iters: 2014, time: 0.485, data: 0.001) G_GAN_ViT: 0.422 D_real_ViT: 0.137 D_fake_ViT: 0.174 global: 0.389 spatial: 0.090 
(epoch: 48, iters: 2114, time: 0.485, data: 0.001) G_GAN_ViT: 0.423 D_real_ViT: 0.141 D_fake_ViT: 0.171 global: 0.301 spatial: 0.087 
(epoch: 48, iters: 2214, time: 0.485, data: 0.002) G_GAN_ViT: 0.367 D_real_ViT: 0.230 D_fake_ViT: 0.216 global: 0.493 spatial: 0.087 
(epoch: 48, iters: 2314, time: 0.485, data: 0.001) G_GAN_ViT: 0.319 D_real_ViT: 0.185 D_fake_ViT: 0.254 global: 0.531 spatial: 0.104 
(epoch: 48, iters: 2414, time: 0.485, data: 0.001) G_GAN_ViT: 0.655 D_real_ViT: 0.167 D_fake_ViT: 0.076 global: 0.351 spatial: 0.082 
(epoch: 48, iters: 2514, time: 0.485, data: 0.001) G_GAN_ViT: 0.452 D_real_ViT: 0.379 D_fake_ViT: 0.143 global: 0.300 spatial: 0.064 
(epoch: 48, iters: 2614, time: 0.485, data: 0.001) G_GAN_ViT: 0.415 D_real_ViT: 0.190 D_fake_ViT: 0.204 global: 0.429 spatial: 0.082 
(epoch: 48, iters: 2714, time: 0.485, data: 0.001) G_GAN_ViT: 0.501 D_real_ViT: 0.104 D_fake_ViT: 0.128 global: 0.262 spatial: 0.071 
(epoch: 48, iters: 2814, time: 0.485, data: 0.001) G_GAN_ViT: 0.451 D_real_ViT: 0.123 D_fake_ViT: 0.158 global: 0.365 spatial: 0.070 
(epoch: 48, iters: 2914, time: 0.485, data: 0.001) G_GAN_ViT: 0.543 D_real_ViT: 0.230 D_fake_ViT: 0.122 global: 0.335 spatial: 0.078 
(epoch: 48, iters: 3014, time: 0.485, data: 0.001) G_GAN_ViT: 0.434 D_real_ViT: 0.267 D_fake_ViT: 0.154 global: 0.445 spatial: 0.082 
(epoch: 48, iters: 3114, time: 0.485, data: 0.001) G_GAN_ViT: 0.521 D_real_ViT: 0.165 D_fake_ViT: 0.127 global: 0.362 spatial: 0.079 
(epoch: 48, iters: 3214, time: 0.485, data: 0.001) G_GAN_ViT: 0.239 D_real_ViT: 0.164 D_fake_ViT: 0.340 global: 0.545 spatial: 0.083 
(epoch: 48, iters: 3314, time: 0.485, data: 0.001) G_GAN_ViT: 0.454 D_real_ViT: 0.179 D_fake_ViT: 0.160 global: 0.350 spatial: 0.094 
(epoch: 48, iters: 3414, time: 0.485, data: 0.001) G_GAN_ViT: 0.443 D_real_ViT: 0.224 D_fake_ViT: 0.167 global: 0.459 spatial: 0.079 
(epoch: 48, iters: 3514, time: 0.484, data: 0.001) G_GAN_ViT: 0.465 D_real_ViT: 0.114 D_fake_ViT: 0.180 global: 0.375 spatial: 0.101 
(epoch: 48, iters: 3614, time: 0.485, data: 0.002) G_GAN_ViT: 0.362 D_real_ViT: 0.171 D_fake_ViT: 0.214 global: 0.562 spatial: 0.083 
(epoch: 48, iters: 3714, time: 0.485, data: 0.001) G_GAN_ViT: 0.531 D_real_ViT: 0.392 D_fake_ViT: 0.133 global: 0.395 spatial: 0.078 
(epoch: 48, iters: 3814, time: 0.485, data: 0.001) G_GAN_ViT: 0.358 D_real_ViT: 0.245 D_fake_ViT: 0.223 global: 0.466 spatial: 0.075 
(epoch: 48, iters: 3914, time: 0.485, data: 0.001) G_GAN_ViT: 0.342 D_real_ViT: 0.206 D_fake_ViT: 0.233 global: 0.425 spatial: 0.085 
(epoch: 48, iters: 4014, time: 0.485, data: 0.001) G_GAN_ViT: 0.297 D_real_ViT: 0.116 D_fake_ViT: 0.281 global: 0.365 spatial: 0.077 
(epoch: 48, iters: 4114, time: 0.485, data: 0.001) G_GAN_ViT: 0.436 D_real_ViT: 0.093 D_fake_ViT: 0.187 global: 0.452 spatial: 0.081 
(epoch: 48, iters: 4214, time: 0.485, data: 0.001) G_GAN_ViT: 0.405 D_real_ViT: 0.125 D_fake_ViT: 0.186 global: 0.463 spatial: 0.088 
(epoch: 48, iters: 4314, time: 0.485, data: 0.001) G_GAN_ViT: 0.432 D_real_ViT: 0.375 D_fake_ViT: 0.162 global: 0.383 spatial: 0.074 
(epoch: 48, iters: 4414, time: 0.485, data: 0.001) G_GAN_ViT: 0.365 D_real_ViT: 0.258 D_fake_ViT: 0.220 global: 0.323 spatial: 0.079 
(epoch: 48, iters: 4514, time: 0.485, data: 0.001) G_GAN_ViT: 0.494 D_real_ViT: 0.319 D_fake_ViT: 0.148 global: 0.375 spatial: 0.088 
(epoch: 48, iters: 4614, time: 0.484, data: 0.001) G_GAN_ViT: 0.489 D_real_ViT: 0.109 D_fake_ViT: 0.131 global: 0.295 spatial: 0.066 
(epoch: 48, iters: 4714, time: 0.485, data: 0.001) G_GAN_ViT: 0.429 D_real_ViT: 0.126 D_fake_ViT: 0.164 global: 0.285 spatial: 0.077 
saving the latest model (epoch 48, total_iters 265000)
ICL_single_traffic_city
(epoch: 48, iters: 4814, time: 0.485, data: 0.002) G_GAN_ViT: 0.419 D_real_ViT: 0.241 D_fake_ViT: 0.193 global: 0.527 spatial: 0.085 
(epoch: 48, iters: 4914, time: 0.485, data: 0.001) G_GAN_ViT: 0.489 D_real_ViT: 0.159 D_fake_ViT: 0.152 global: 0.352 spatial: 0.090 
(epoch: 48, iters: 5014, time: 0.485, data: 0.001) G_GAN_ViT: 0.327 D_real_ViT: 0.121 D_fake_ViT: 0.260 global: 0.433 spatial: 0.094 
(epoch: 48, iters: 5114, time: 0.485, data: 0.001) G_GAN_ViT: 0.480 D_real_ViT: 0.205 D_fake_ViT: 0.128 global: 0.297 spatial: 0.070 
(epoch: 48, iters: 5214, time: 0.485, data: 0.001) G_GAN_ViT: 0.239 D_real_ViT: 0.308 D_fake_ViT: 0.349 global: 0.608 spatial: 0.097 
(epoch: 48, iters: 5314, time: 0.485, data: 0.001) G_GAN_ViT: 0.335 D_real_ViT: 0.146 D_fake_ViT: 0.239 global: 0.467 spatial: 0.082 
(epoch: 48, iters: 5414, time: 0.485, data: 0.001) G_GAN_ViT: 0.350 D_real_ViT: 0.232 D_fake_ViT: 0.239 global: 0.559 spatial: 0.101 
(epoch: 48, iters: 5514, time: 0.485, data: 0.001) G_GAN_ViT: 0.539 D_real_ViT: 0.178 D_fake_ViT: 0.112 global: 0.379 spatial: 0.080 
End of epoch 48 / 100 	 Time Taken: 2695 sec
learning rate = 0.0000100
(epoch: 49, iters: 76, time: 0.485, data: 0.001) G_GAN_ViT: 0.484 D_real_ViT: 0.180 D_fake_ViT: 0.162 global: 0.450 spatial: 0.086 
(epoch: 49, iters: 176, time: 0.485, data: 0.001) G_GAN_ViT: 0.430 D_real_ViT: 0.160 D_fake_ViT: 0.178 global: 0.422 spatial: 0.091 
(epoch: 49, iters: 276, time: 0.485, data: 0.002) G_GAN_ViT: 0.571 D_real_ViT: 0.156 D_fake_ViT: 0.100 global: 0.360 spatial: 0.084 
(epoch: 49, iters: 376, time: 0.485, data: 0.001) G_GAN_ViT: 0.586 D_real_ViT: 0.167 D_fake_ViT: 0.138 global: 0.379 spatial: 0.080 
(epoch: 49, iters: 476, time: 0.485, data: 0.001) G_GAN_ViT: 0.495 D_real_ViT: 0.103 D_fake_ViT: 0.134 global: 0.301 spatial: 0.068 
(epoch: 49, iters: 576, time: 0.485, data: 0.001) G_GAN_ViT: 0.408 D_real_ViT: 0.108 D_fake_ViT: 0.201 global: 0.568 spatial: 0.103 
(epoch: 49, iters: 676, time: 0.485, data: 0.001) G_GAN_ViT: 0.302 D_real_ViT: 0.322 D_fake_ViT: 0.263 global: 0.543 spatial: 0.087 
(epoch: 49, iters: 776, time: 0.485, data: 0.003) G_GAN_ViT: 0.458 D_real_ViT: 0.060 D_fake_ViT: 0.157 global: 0.338 spatial: 0.063 
(epoch: 49, iters: 876, time: 0.485, data: 0.001) G_GAN_ViT: 0.574 D_real_ViT: 0.174 D_fake_ViT: 0.115 global: 0.304 spatial: 0.088 
(epoch: 49, iters: 976, time: 0.485, data: 0.001) G_GAN_ViT: 0.528 D_real_ViT: 0.313 D_fake_ViT: 0.140 global: 0.340 spatial: 0.077 
(epoch: 49, iters: 1076, time: 0.485, data: 0.001) G_GAN_ViT: 0.519 D_real_ViT: 0.200 D_fake_ViT: 0.132 global: 0.356 spatial: 0.064 
(epoch: 49, iters: 1176, time: 0.485, data: 0.001) G_GAN_ViT: 0.351 D_real_ViT: 0.129 D_fake_ViT: 0.218 global: 0.332 spatial: 0.074 
(epoch: 49, iters: 1276, time: 0.485, data: 0.001) G_GAN_ViT: 0.310 D_real_ViT: 0.152 D_fake_ViT: 0.270 global: 0.504 spatial: 0.081 
(epoch: 49, iters: 1376, time: 0.485, data: 0.001) G_GAN_ViT: 0.495 D_real_ViT: 0.261 D_fake_ViT: 0.134 global: 0.323 spatial: 0.089 
(epoch: 49, iters: 1476, time: 0.485, data: 0.001) G_GAN_ViT: 0.421 D_real_ViT: 0.245 D_fake_ViT: 0.173 global: 0.366 spatial: 0.080 
(epoch: 49, iters: 1576, time: 0.485, data: 0.001) G_GAN_ViT: 0.406 D_real_ViT: 0.162 D_fake_ViT: 0.176 global: 0.334 spatial: 0.075 
(epoch: 49, iters: 1676, time: 0.485, data: 0.001) G_GAN_ViT: 0.309 D_real_ViT: 0.307 D_fake_ViT: 0.258 global: 0.335 spatial: 0.066 
(epoch: 49, iters: 1776, time: 0.485, data: 0.001) G_GAN_ViT: 0.673 D_real_ViT: 0.176 D_fake_ViT: 0.113 global: 0.411 spatial: 0.088 
(epoch: 49, iters: 1876, time: 0.485, data: 0.002) G_GAN_ViT: 0.433 D_real_ViT: 0.038 D_fake_ViT: 0.171 global: 0.336 spatial: 0.073 
(epoch: 49, iters: 1976, time: 0.485, data: 0.001) G_GAN_ViT: 0.270 D_real_ViT: 0.330 D_fake_ViT: 0.292 global: 0.555 spatial: 0.093 
(epoch: 49, iters: 2076, time: 0.485, data: 0.001) G_GAN_ViT: 0.400 D_real_ViT: 0.363 D_fake_ViT: 0.194 global: 0.341 spatial: 0.090 
(epoch: 49, iters: 2176, time: 0.485, data: 0.002) G_GAN_ViT: 0.379 D_real_ViT: 0.076 D_fake_ViT: 0.202 global: 0.461 spatial: 0.081 
(epoch: 49, iters: 2276, time: 0.485, data: 0.001) G_GAN_ViT: 0.413 D_real_ViT: 0.124 D_fake_ViT: 0.183 global: 0.393 spatial: 0.077 
(epoch: 49, iters: 2376, time: 0.485, data: 0.001) G_GAN_ViT: 0.442 D_real_ViT: 0.108 D_fake_ViT: 0.153 global: 0.297 spatial: 0.061 
(epoch: 49, iters: 2476, time: 0.485, data: 0.001) G_GAN_ViT: 0.466 D_real_ViT: 0.076 D_fake_ViT: 0.173 global: 0.359 spatial: 0.095 
(epoch: 49, iters: 2576, time: 0.485, data: 0.001) G_GAN_ViT: 0.398 D_real_ViT: 0.374 D_fake_ViT: 0.184 global: 0.384 spatial: 0.081 
(epoch: 49, iters: 2676, time: 0.485, data: 0.001) G_GAN_ViT: 0.444 D_real_ViT: 0.262 D_fake_ViT: 0.167 global: 0.352 spatial: 0.076 
(epoch: 49, iters: 2776, time: 0.485, data: 0.001) G_GAN_ViT: 0.409 D_real_ViT: 0.223 D_fake_ViT: 0.184 global: 0.364 spatial: 0.078 
(epoch: 49, iters: 2876, time: 0.485, data: 0.001) G_GAN_ViT: 0.358 D_real_ViT: 0.252 D_fake_ViT: 0.215 global: 0.282 spatial: 0.075 
(epoch: 49, iters: 2976, time: 0.485, data: 0.001) G_GAN_ViT: 0.364 D_real_ViT: 0.265 D_fake_ViT: 0.204 global: 0.363 spatial: 0.069 
(epoch: 49, iters: 3076, time: 0.485, data: 0.001) G_GAN_ViT: 0.437 D_real_ViT: 0.157 D_fake_ViT: 0.178 global: 0.373 spatial: 0.085 
(epoch: 49, iters: 3176, time: 0.486, data: 0.001) G_GAN_ViT: 0.414 D_real_ViT: 0.218 D_fake_ViT: 0.188 global: 0.399 spatial: 0.082 
(epoch: 49, iters: 3276, time: 0.486, data: 0.001) G_GAN_ViT: 0.476 D_real_ViT: 0.178 D_fake_ViT: 0.155 global: 0.340 spatial: 0.079 
(epoch: 49, iters: 3376, time: 0.486, data: 0.001) G_GAN_ViT: 0.415 D_real_ViT: 0.232 D_fake_ViT: 0.181 global: 0.285 spatial: 0.067 
(epoch: 49, iters: 3476, time: 0.485, data: 0.001) G_GAN_ViT: 0.431 D_real_ViT: 0.361 D_fake_ViT: 0.185 global: 0.393 spatial: 0.083 
(epoch: 49, iters: 3576, time: 0.485, data: 0.001) G_GAN_ViT: 0.382 D_real_ViT: 0.303 D_fake_ViT: 0.204 global: 0.485 spatial: 0.076 
(epoch: 49, iters: 3676, time: 0.485, data: 0.001) G_GAN_ViT: 0.399 D_real_ViT: 0.234 D_fake_ViT: 0.177 global: 0.462 spatial: 0.102 
(epoch: 49, iters: 3776, time: 0.486, data: 0.001) G_GAN_ViT: 0.500 D_real_ViT: 0.210 D_fake_ViT: 0.144 global: 0.469 spatial: 0.087 
(epoch: 49, iters: 3876, time: 0.486, data: 0.001) G_GAN_ViT: 0.605 D_real_ViT: 0.144 D_fake_ViT: 0.121 global: 0.368 spatial: 0.086 
(epoch: 49, iters: 3976, time: 0.486, data: 0.001) G_GAN_ViT: 0.467 D_real_ViT: 0.237 D_fake_ViT: 0.146 global: 0.383 spatial: 0.070 
(epoch: 49, iters: 4076, time: 0.485, data: 0.002) G_GAN_ViT: 0.254 D_real_ViT: 0.138 D_fake_ViT: 0.319 global: 0.448 spatial: 0.076 
(epoch: 49, iters: 4176, time: 0.485, data: 0.001) G_GAN_ViT: 0.390 D_real_ViT: 0.162 D_fake_ViT: 0.199 global: 0.498 spatial: 0.100 
saving the latest model (epoch 49, total_iters 270000)
ICL_single_traffic_city
(epoch: 49, iters: 4276, time: 0.485, data: 0.001) G_GAN_ViT: 0.338 D_real_ViT: 0.063 D_fake_ViT: 0.254 global: 0.430 spatial: 0.086 
(epoch: 49, iters: 4376, time: 0.485, data: 0.001) G_GAN_ViT: 0.337 D_real_ViT: 0.260 D_fake_ViT: 0.223 global: 0.334 spatial: 0.067 
(epoch: 49, iters: 4476, time: 0.485, data: 0.001) G_GAN_ViT: 0.561 D_real_ViT: 0.206 D_fake_ViT: 0.118 global: 0.456 spatial: 0.086 
(epoch: 49, iters: 4576, time: 0.485, data: 0.001) G_GAN_ViT: 0.362 D_real_ViT: 0.154 D_fake_ViT: 0.220 global: 0.554 spatial: 0.090 
(epoch: 49, iters: 4676, time: 0.485, data: 0.001) G_GAN_ViT: 0.458 D_real_ViT: 0.134 D_fake_ViT: 0.153 global: 0.266 spatial: 0.072 
(epoch: 49, iters: 4776, time: 0.485, data: 0.001) G_GAN_ViT: 0.491 D_real_ViT: 0.234 D_fake_ViT: 0.131 global: 0.361 spatial: 0.074 
(epoch: 49, iters: 4876, time: 0.486, data: 0.001) G_GAN_ViT: 0.461 D_real_ViT: 0.213 D_fake_ViT: 0.150 global: 0.427 spatial: 0.081 
(epoch: 49, iters: 4976, time: 0.486, data: 0.001) G_GAN_ViT: 0.405 D_real_ViT: 0.097 D_fake_ViT: 0.182 global: 0.308 spatial: 0.074 
(epoch: 49, iters: 5076, time: 0.486, data: 0.001) G_GAN_ViT: 0.444 D_real_ViT: 0.090 D_fake_ViT: 0.190 global: 0.339 spatial: 0.072 
(epoch: 49, iters: 5176, time: 0.485, data: 0.001) G_GAN_ViT: 0.270 D_real_ViT: 0.087 D_fake_ViT: 0.316 global: 0.524 spatial: 0.087 
(epoch: 49, iters: 5276, time: 0.486, data: 0.001) G_GAN_ViT: 0.460 D_real_ViT: 0.114 D_fake_ViT: 0.187 global: 0.393 spatial: 0.108 
(epoch: 49, iters: 5376, time: 0.486, data: 0.001) G_GAN_ViT: 0.463 D_real_ViT: 0.179 D_fake_ViT: 0.155 global: 0.371 spatial: 0.079 
(epoch: 49, iters: 5476, time: 0.486, data: 0.001) G_GAN_ViT: 0.345 D_real_ViT: 0.101 D_fake_ViT: 0.248 global: 0.326 spatial: 0.086 
End of epoch 49 / 100 	 Time Taken: 2696 sec
learning rate = 0.0000100
(epoch: 50, iters: 38, time: 0.486, data: 0.001) G_GAN_ViT: 0.402 D_real_ViT: 0.219 D_fake_ViT: 0.184 global: 0.483 spatial: 0.095 
(epoch: 50, iters: 138, time: 0.485, data: 0.001) G_GAN_ViT: 0.414 D_real_ViT: 0.122 D_fake_ViT: 0.173 global: 0.421 spatial: 0.075 
(epoch: 50, iters: 238, time: 0.485, data: 0.001) G_GAN_ViT: 0.459 D_real_ViT: 0.171 D_fake_ViT: 0.151 global: 0.323 spatial: 0.085 
(epoch: 50, iters: 338, time: 0.485, data: 0.001) G_GAN_ViT: 0.479 D_real_ViT: 0.302 D_fake_ViT: 0.137 global: 0.513 spatial: 0.082 
(epoch: 50, iters: 438, time: 0.485, data: 0.001) G_GAN_ViT: 0.452 D_real_ViT: 0.289 D_fake_ViT: 0.160 global: 0.320 spatial: 0.062 
(epoch: 50, iters: 538, time: 0.485, data: 0.001) G_GAN_ViT: 0.484 D_real_ViT: 0.275 D_fake_ViT: 0.166 global: 0.488 spatial: 0.117 
(epoch: 50, iters: 638, time: 0.485, data: 0.002) G_GAN_ViT: 0.573 D_real_ViT: 0.174 D_fake_ViT: 0.099 global: 0.362 spatial: 0.078 
(epoch: 50, iters: 738, time: 0.486, data: 0.001) G_GAN_ViT: 0.538 D_real_ViT: 0.341 D_fake_ViT: 0.118 global: 0.390 spatial: 0.090 
(epoch: 50, iters: 838, time: 0.486, data: 0.001) G_GAN_ViT: 0.334 D_real_ViT: 0.109 D_fake_ViT: 0.242 global: 0.475 spatial: 0.082 
(epoch: 50, iters: 938, time: 0.485, data: 0.001) G_GAN_ViT: 0.451 D_real_ViT: 0.180 D_fake_ViT: 0.156 global: 0.381 spatial: 0.080 
(epoch: 50, iters: 1038, time: 0.485, data: 0.001) G_GAN_ViT: 0.381 D_real_ViT: 0.296 D_fake_ViT: 0.180 global: 0.305 spatial: 0.071 
(epoch: 50, iters: 1138, time: 0.485, data: 0.001) G_GAN_ViT: 0.409 D_real_ViT: 0.252 D_fake_ViT: 0.182 global: 0.301 spatial: 0.074 
(epoch: 50, iters: 1238, time: 0.486, data: 0.001) G_GAN_ViT: 0.403 D_real_ViT: 0.222 D_fake_ViT: 0.181 global: 0.343 spatial: 0.063 
(epoch: 50, iters: 1338, time: 0.486, data: 0.001) G_GAN_ViT: 0.302 D_real_ViT: 0.170 D_fake_ViT: 0.266 global: 0.356 spatial: 0.076 
(epoch: 50, iters: 1438, time: 0.486, data: 0.001) G_GAN_ViT: 0.420 D_real_ViT: 0.181 D_fake_ViT: 0.196 global: 0.499 spatial: 0.091 
(epoch: 50, iters: 1538, time: 0.486, data: 0.001) G_GAN_ViT: 0.443 D_real_ViT: 0.180 D_fake_ViT: 0.191 global: 0.449 spatial: 0.110 
(epoch: 50, iters: 1638, time: 0.486, data: 0.001) G_GAN_ViT: 0.469 D_real_ViT: 0.137 D_fake_ViT: 0.139 global: 0.330 spatial: 0.066 
(epoch: 50, iters: 1738, time: 0.486, data: 0.001) G_GAN_ViT: 0.407 D_real_ViT: 0.192 D_fake_ViT: 0.186 global: 0.474 spatial: 0.084 
(epoch: 50, iters: 1838, time: 0.486, data: 0.001) G_GAN_ViT: 0.406 D_real_ViT: 0.184 D_fake_ViT: 0.189 global: 0.323 spatial: 0.066 
(epoch: 50, iters: 1938, time: 0.485, data: 0.001) G_GAN_ViT: 0.364 D_real_ViT: 0.148 D_fake_ViT: 0.227 global: 0.481 spatial: 0.092 
(epoch: 50, iters: 2038, time: 0.485, data: 0.001) G_GAN_ViT: 0.452 D_real_ViT: 0.214 D_fake_ViT: 0.156 global: 0.322 spatial: 0.085 
(epoch: 50, iters: 2138, time: 0.485, data: 0.001) G_GAN_ViT: 0.376 D_real_ViT: 0.246 D_fake_ViT: 0.205 global: 0.303 spatial: 0.076 
(epoch: 50, iters: 2238, time: 0.485, data: 0.001) G_GAN_ViT: 0.448 D_real_ViT: 0.317 D_fake_ViT: 0.178 global: 0.367 spatial: 0.082 
(epoch: 50, iters: 2338, time: 0.485, data: 0.001) G_GAN_ViT: 0.490 D_real_ViT: 0.227 D_fake_ViT: 0.166 global: 0.481 spatial: 0.119 
(epoch: 50, iters: 2438, time: 0.484, data: 0.001) G_GAN_ViT: 0.420 D_real_ViT: 0.178 D_fake_ViT: 0.173 global: 0.282 spatial: 0.063 
(epoch: 50, iters: 2538, time: 0.485, data: 0.001) G_GAN_ViT: 0.544 D_real_ViT: 0.160 D_fake_ViT: 0.118 global: 0.389 spatial: 0.078 
(epoch: 50, iters: 2638, time: 0.485, data: 0.001) G_GAN_ViT: 0.427 D_real_ViT: 0.341 D_fake_ViT: 0.182 global: 0.322 spatial: 0.083 
(epoch: 50, iters: 2738, time: 0.485, data: 0.001) G_GAN_ViT: 0.309 D_real_ViT: 0.136 D_fake_ViT: 0.256 global: 0.551 spatial: 0.091 
(epoch: 50, iters: 2838, time: 0.485, data: 0.001) G_GAN_ViT: 0.515 D_real_ViT: 0.219 D_fake_ViT: 0.124 global: 0.357 spatial: 0.083 
(epoch: 50, iters: 2938, time: 0.485, data: 0.001) G_GAN_ViT: 0.446 D_real_ViT: 0.207 D_fake_ViT: 0.165 global: 0.454 spatial: 0.091 
(epoch: 50, iters: 3038, time: 0.485, data: 0.001) G_GAN_ViT: 0.368 D_real_ViT: 0.164 D_fake_ViT: 0.226 global: 0.408 spatial: 0.060 
(epoch: 50, iters: 3138, time: 0.485, data: 0.001) G_GAN_ViT: 0.426 D_real_ViT: 0.043 D_fake_ViT: 0.184 global: 0.277 spatial: 0.064 
(epoch: 50, iters: 3238, time: 0.485, data: 0.001) G_GAN_ViT: 0.478 D_real_ViT: 0.105 D_fake_ViT: 0.151 global: 0.334 spatial: 0.086 
(epoch: 50, iters: 3338, time: 0.485, data: 0.001) G_GAN_ViT: 0.453 D_real_ViT: 0.221 D_fake_ViT: 0.149 global: 0.345 spatial: 0.080 
(epoch: 50, iters: 3438, time: 0.485, data: 0.001) G_GAN_ViT: 0.490 D_real_ViT: 0.052 D_fake_ViT: 0.145 global: 0.336 spatial: 0.089 
(epoch: 50, iters: 3538, time: 0.485, data: 0.001) G_GAN_ViT: 0.392 D_real_ViT: 0.156 D_fake_ViT: 0.197 global: 0.283 spatial: 0.074 
(epoch: 50, iters: 3638, time: 0.484, data: 0.001) G_GAN_ViT: 0.455 D_real_ViT: 0.214 D_fake_ViT: 0.160 global: 0.378 spatial: 0.086 
saving the latest model (epoch 50, total_iters 275000)
ICL_single_traffic_city
(epoch: 50, iters: 3738, time: 0.485, data: 0.001) G_GAN_ViT: 0.322 D_real_ViT: 0.387 D_fake_ViT: 0.256 global: 0.577 spatial: 0.097 
(epoch: 50, iters: 3838, time: 0.485, data: 0.002) G_GAN_ViT: 0.394 D_real_ViT: 0.339 D_fake_ViT: 0.193 global: 0.334 spatial: 0.090 
(epoch: 50, iters: 3938, time: 0.485, data: 0.001) G_GAN_ViT: 0.393 D_real_ViT: 0.043 D_fake_ViT: 0.202 global: 0.339 spatial: 0.065 
(epoch: 50, iters: 4038, time: 0.485, data: 0.001) G_GAN_ViT: 0.271 D_real_ViT: 0.342 D_fake_ViT: 0.300 global: 0.522 spatial: 0.095 
(epoch: 50, iters: 4138, time: 0.485, data: 0.001) G_GAN_ViT: 0.344 D_real_ViT: 0.198 D_fake_ViT: 0.236 global: 0.440 spatial: 0.082 
(epoch: 50, iters: 4238, time: 0.485, data: 0.001) G_GAN_ViT: 0.339 D_real_ViT: 0.188 D_fake_ViT: 0.232 global: 0.559 spatial: 0.092 
(epoch: 50, iters: 4338, time: 0.485, data: 0.002) G_GAN_ViT: 0.460 D_real_ViT: 0.149 D_fake_ViT: 0.157 global: 0.303 spatial: 0.075 
(epoch: 50, iters: 4438, time: 0.485, data: 0.001) G_GAN_ViT: 0.282 D_real_ViT: 0.248 D_fake_ViT: 0.295 global: 0.410 spatial: 0.086 
(epoch: 50, iters: 4538, time: 0.485, data: 0.001) G_GAN_ViT: 0.291 D_real_ViT: 0.265 D_fake_ViT: 0.299 global: 0.538 spatial: 0.087 
(epoch: 50, iters: 4638, time: 0.485, data: 0.001) G_GAN_ViT: 0.371 D_real_ViT: 0.286 D_fake_ViT: 0.205 global: 0.554 spatial: 0.087 
(epoch: 50, iters: 4738, time: 0.485, data: 0.001) G_GAN_ViT: 0.448 D_real_ViT: 0.210 D_fake_ViT: 0.160 global: 0.343 spatial: 0.073 
(epoch: 50, iters: 4838, time: 0.485, data: 0.001) G_GAN_ViT: 0.515 D_real_ViT: 0.263 D_fake_ViT: 0.127 global: 0.410 spatial: 0.077 
(epoch: 50, iters: 4938, time: 0.485, data: 0.001) G_GAN_ViT: 0.464 D_real_ViT: 0.230 D_fake_ViT: 0.159 global: 0.478 spatial: 0.097 
(epoch: 50, iters: 5038, time: 0.485, data: 0.001) G_GAN_ViT: 0.296 D_real_ViT: 0.097 D_fake_ViT: 0.297 global: 0.401 spatial: 0.081 
(epoch: 50, iters: 5138, time: 0.485, data: 0.001) G_GAN_ViT: 0.264 D_real_ViT: 0.155 D_fake_ViT: 0.314 global: 0.496 spatial: 0.085 
(epoch: 50, iters: 5238, time: 0.485, data: 0.001) G_GAN_ViT: 0.408 D_real_ViT: 0.326 D_fake_ViT: 0.179 global: 0.381 spatial: 0.060 
(epoch: 50, iters: 5338, time: 0.485, data: 0.001) G_GAN_ViT: 0.418 D_real_ViT: 0.336 D_fake_ViT: 0.170 global: 0.283 spatial: 0.076 
(epoch: 50, iters: 5438, time: 0.485, data: 0.001) G_GAN_ViT: 0.458 D_real_ViT: 0.251 D_fake_ViT: 0.142 global: 0.261 spatial: 0.062 
(epoch: 50, iters: 5538, time: 0.485, data: 0.001) G_GAN_ViT: 0.391 D_real_ViT: 0.114 D_fake_ViT: 0.192 global: 0.311 spatial: 0.066 
saving the model at the end of epoch 50, iters 276900
End of epoch 50 / 100 	 Time Taken: 2697 sec
learning rate = 0.0000098
(epoch: 51, iters: 100, time: 0.485, data: 0.113) G_GAN_ViT: 0.433 D_real_ViT: 0.120 D_fake_ViT: 0.178 global: 0.406 spatial: 0.096 
(epoch: 51, iters: 200, time: 0.485, data: 0.001) G_GAN_ViT: 0.328 D_real_ViT: 0.182 D_fake_ViT: 0.270 global: 0.489 spatial: 0.106 
(epoch: 51, iters: 300, time: 0.485, data: 0.001) G_GAN_ViT: 0.590 D_real_ViT: 0.354 D_fake_ViT: 0.103 global: 0.396 spatial: 0.092 
(epoch: 51, iters: 400, time: 0.485, data: 0.001) G_GAN_ViT: 0.397 D_real_ViT: 0.215 D_fake_ViT: 0.198 global: 0.521 spatial: 0.096 
(epoch: 51, iters: 500, time: 0.485, data: 0.001) G_GAN_ViT: 0.386 D_real_ViT: 0.254 D_fake_ViT: 0.201 global: 0.326 spatial: 0.082 
(epoch: 51, iters: 600, time: 0.485, data: 0.001) G_GAN_ViT: 0.391 D_real_ViT: 0.135 D_fake_ViT: 0.194 global: 0.386 spatial: 0.073 
(epoch: 51, iters: 700, time: 0.485, data: 0.001) G_GAN_ViT: 0.523 D_real_ViT: 0.261 D_fake_ViT: 0.144 global: 0.489 spatial: 0.081 
(epoch: 51, iters: 800, time: 0.485, data: 0.001) G_GAN_ViT: 0.527 D_real_ViT: 0.297 D_fake_ViT: 0.113 global: 0.352 spatial: 0.075 
(epoch: 51, iters: 900, time: 0.485, data: 0.001) G_GAN_ViT: 0.380 D_real_ViT: 0.262 D_fake_ViT: 0.213 global: 0.475 spatial: 0.089 
(epoch: 51, iters: 1000, time: 0.485, data: 0.001) G_GAN_ViT: 0.287 D_real_ViT: 0.036 D_fake_ViT: 0.312 global: 0.448 spatial: 0.097 
(epoch: 51, iters: 1100, time: 0.485, data: 0.001) G_GAN_ViT: 0.433 D_real_ViT: 0.230 D_fake_ViT: 0.184 global: 0.324 spatial: 0.090 
(epoch: 51, iters: 1200, time: 0.485, data: 0.001) G_GAN_ViT: 0.323 D_real_ViT: 0.241 D_fake_ViT: 0.240 global: 0.520 spatial: 0.094 
(epoch: 51, iters: 1300, time: 0.485, data: 0.001) G_GAN_ViT: 0.391 D_real_ViT: 0.176 D_fake_ViT: 0.210 global: 0.350 spatial: 0.074 
(epoch: 51, iters: 1400, time: 0.485, data: 0.001) G_GAN_ViT: 0.435 D_real_ViT: 0.124 D_fake_ViT: 0.177 global: 0.557 spatial: 0.100 
(epoch: 51, iters: 1500, time: 0.485, data: 0.002) G_GAN_ViT: 0.364 D_real_ViT: 0.261 D_fake_ViT: 0.215 global: 0.469 spatial: 0.090 
(epoch: 51, iters: 1600, time: 0.485, data: 0.001) G_GAN_ViT: 0.488 D_real_ViT: 0.166 D_fake_ViT: 0.135 global: 0.313 spatial: 0.079 
(epoch: 51, iters: 1700, time: 0.485, data: 0.001) G_GAN_ViT: 0.543 D_real_ViT: 0.278 D_fake_ViT: 0.126 global: 0.437 spatial: 0.093 
(epoch: 51, iters: 1800, time: 0.485, data: 0.001) G_GAN_ViT: 0.272 D_real_ViT: 0.287 D_fake_ViT: 0.322 global: 0.464 spatial: 0.098 
(epoch: 51, iters: 1900, time: 0.485, data: 0.001) G_GAN_ViT: 0.496 D_real_ViT: 0.285 D_fake_ViT: 0.132 global: 0.354 spatial: 0.084 
(epoch: 51, iters: 2000, time: 0.485, data: 0.001) G_GAN_ViT: 0.399 D_real_ViT: 0.379 D_fake_ViT: 0.180 global: 0.325 spatial: 0.072 
(epoch: 51, iters: 2100, time: 0.485, data: 0.001) G_GAN_ViT: 0.243 D_real_ViT: 0.321 D_fake_ViT: 0.335 global: 0.534 spatial: 0.099 
(epoch: 51, iters: 2200, time: 0.485, data: 0.001) G_GAN_ViT: 0.471 D_real_ViT: 0.127 D_fake_ViT: 0.141 global: 0.328 spatial: 0.074 
(epoch: 51, iters: 2300, time: 0.486, data: 0.001) G_GAN_ViT: 0.401 D_real_ViT: 0.102 D_fake_ViT: 0.205 global: 0.369 spatial: 0.084 
(epoch: 51, iters: 2400, time: 0.485, data: 0.001) G_GAN_ViT: 0.501 D_real_ViT: 0.365 D_fake_ViT: 0.126 global: 0.326 spatial: 0.084 
(epoch: 51, iters: 2500, time: 0.484, data: 0.002) G_GAN_ViT: 0.401 D_real_ViT: 0.196 D_fake_ViT: 0.186 global: 0.381 spatial: 0.078 
(epoch: 51, iters: 2600, time: 0.485, data: 0.001) G_GAN_ViT: 0.392 D_real_ViT: 0.169 D_fake_ViT: 0.197 global: 0.369 spatial: 0.073 
(epoch: 51, iters: 2700, time: 0.485, data: 0.004) G_GAN_ViT: 0.386 D_real_ViT: 0.240 D_fake_ViT: 0.210 global: 0.331 spatial: 0.088 
(epoch: 51, iters: 2800, time: 0.485, data: 0.001) G_GAN_ViT: 0.378 D_real_ViT: 0.189 D_fake_ViT: 0.199 global: 0.437 spatial: 0.082 
(epoch: 51, iters: 2900, time: 0.485, data: 0.001) G_GAN_ViT: 0.534 D_real_ViT: 0.150 D_fake_ViT: 0.131 global: 0.411 spatial: 0.087 
(epoch: 51, iters: 3000, time: 0.485, data: 0.001) G_GAN_ViT: 0.333 D_real_ViT: 0.207 D_fake_ViT: 0.228 global: 0.436 spatial: 0.084 
(epoch: 51, iters: 3100, time: 0.484, data: 0.001) G_GAN_ViT: 0.448 D_real_ViT: 0.362 D_fake_ViT: 0.160 global: 0.346 spatial: 0.062 
saving the latest model (epoch 51, total_iters 280000)
ICL_single_traffic_city
(epoch: 51, iters: 3200, time: 0.484, data: 0.001) G_GAN_ViT: 0.373 D_real_ViT: 0.197 D_fake_ViT: 0.228 global: 0.337 spatial: 0.084 
(epoch: 51, iters: 3300, time: 0.485, data: 0.001) G_GAN_ViT: 0.422 D_real_ViT: 0.189 D_fake_ViT: 0.188 global: 0.485 spatial: 0.106 
(epoch: 51, iters: 3400, time: 0.485, data: 0.001) G_GAN_ViT: 0.378 D_real_ViT: 0.137 D_fake_ViT: 0.201 global: 0.526 spatial: 0.089 
(epoch: 51, iters: 3500, time: 0.485, data: 0.001) G_GAN_ViT: 0.440 D_real_ViT: 0.227 D_fake_ViT: 0.170 global: 0.450 spatial: 0.092 
(epoch: 51, iters: 3600, time: 0.484, data: 0.001) G_GAN_ViT: 0.455 D_real_ViT: 0.214 D_fake_ViT: 0.134 global: 0.315 spatial: 0.083 
(epoch: 51, iters: 3700, time: 0.485, data: 0.001) G_GAN_ViT: 0.454 D_real_ViT: 0.215 D_fake_ViT: 0.176 global: 0.454 spatial: 0.089 
(epoch: 51, iters: 3800, time: 0.485, data: 0.001) G_GAN_ViT: 0.423 D_real_ViT: 0.216 D_fake_ViT: 0.176 global: 0.308 spatial: 0.078 
(epoch: 51, iters: 3900, time: 0.485, data: 0.001) G_GAN_ViT: 0.526 D_real_ViT: 0.275 D_fake_ViT: 0.130 global: 0.421 spatial: 0.099 
(epoch: 51, iters: 4000, time: 0.485, data: 0.001) G_GAN_ViT: 0.535 D_real_ViT: 0.262 D_fake_ViT: 0.131 global: 0.312 spatial: 0.082 
(epoch: 51, iters: 4100, time: 0.485, data: 0.001) G_GAN_ViT: 0.493 D_real_ViT: 0.264 D_fake_ViT: 0.135 global: 0.331 spatial: 0.062 
(epoch: 51, iters: 4200, time: 0.486, data: 0.001) G_GAN_ViT: 0.556 D_real_ViT: 0.343 D_fake_ViT: 0.109 global: 0.402 spatial: 0.082 
(epoch: 51, iters: 4300, time: 0.485, data: 0.001) G_GAN_ViT: 0.538 D_real_ViT: 0.159 D_fake_ViT: 0.125 global: 0.299 spatial: 0.080 
(epoch: 51, iters: 4400, time: 0.485, data: 0.001) G_GAN_ViT: 0.483 D_real_ViT: 0.298 D_fake_ViT: 0.149 global: 0.537 spatial: 0.102 
(epoch: 51, iters: 4500, time: 0.485, data: 0.001) G_GAN_ViT: 0.613 D_real_ViT: 0.236 D_fake_ViT: 0.116 global: 0.480 spatial: 0.107 
(epoch: 51, iters: 4600, time: 0.485, data: 0.001) G_GAN_ViT: 0.425 D_real_ViT: 0.226 D_fake_ViT: 0.178 global: 0.425 spatial: 0.080 
(epoch: 51, iters: 4700, time: 0.485, data: 0.001) G_GAN_ViT: 0.329 D_real_ViT: 0.227 D_fake_ViT: 0.231 global: 0.451 spatial: 0.094 
(epoch: 51, iters: 4800, time: 0.485, data: 0.001) G_GAN_ViT: 0.483 D_real_ViT: 0.169 D_fake_ViT: 0.187 global: 0.402 spatial: 0.094 
(epoch: 51, iters: 4900, time: 0.485, data: 0.001) G_GAN_ViT: 0.436 D_real_ViT: 0.296 D_fake_ViT: 0.151 global: 0.410 spatial: 0.076 
(epoch: 51, iters: 5000, time: 0.485, data: 0.001) G_GAN_ViT: 0.405 D_real_ViT: 0.198 D_fake_ViT: 0.187 global: 0.292 spatial: 0.068 
(epoch: 51, iters: 5100, time: 0.485, data: 0.001) G_GAN_ViT: 0.434 D_real_ViT: 0.179 D_fake_ViT: 0.186 global: 0.345 spatial: 0.075 
(epoch: 51, iters: 5200, time: 0.485, data: 0.001) G_GAN_ViT: 0.521 D_real_ViT: 0.256 D_fake_ViT: 0.157 global: 0.401 spatial: 0.099 
(epoch: 51, iters: 5300, time: 0.485, data: 0.001) G_GAN_ViT: 0.459 D_real_ViT: 0.160 D_fake_ViT: 0.159 global: 0.344 spatial: 0.067 
(epoch: 51, iters: 5400, time: 0.485, data: 0.001) G_GAN_ViT: 0.502 D_real_ViT: 0.241 D_fake_ViT: 0.134 global: 0.410 spatial: 0.094 
(epoch: 51, iters: 5500, time: 0.485, data: 0.001) G_GAN_ViT: 0.566 D_real_ViT: 0.304 D_fake_ViT: 0.105 global: 0.346 spatial: 0.079 
End of epoch 51 / 100 	 Time Taken: 2695 sec
learning rate = 0.0000096
(epoch: 52, iters: 62, time: 0.486, data: 0.001) G_GAN_ViT: 0.442 D_real_ViT: 0.190 D_fake_ViT: 0.163 global: 0.311 spatial: 0.089 
(epoch: 52, iters: 162, time: 0.486, data: 0.002) G_GAN_ViT: 0.358 D_real_ViT: 0.250 D_fake_ViT: 0.214 global: 0.410 spatial: 0.090 
(epoch: 52, iters: 262, time: 0.485, data: 0.001) G_GAN_ViT: 0.503 D_real_ViT: 0.185 D_fake_ViT: 0.142 global: 0.448 spatial: 0.094 
(epoch: 52, iters: 362, time: 0.485, data: 0.001) G_GAN_ViT: 0.258 D_real_ViT: 0.300 D_fake_ViT: 0.324 global: 0.549 spatial: 0.092 
(epoch: 52, iters: 462, time: 0.485, data: 0.001) G_GAN_ViT: 0.462 D_real_ViT: 0.176 D_fake_ViT: 0.158 global: 0.307 spatial: 0.068 
(epoch: 52, iters: 562, time: 0.485, data: 0.001) G_GAN_ViT: 0.592 D_real_ViT: 0.180 D_fake_ViT: 0.124 global: 0.448 spatial: 0.104 
(epoch: 52, iters: 662, time: 0.485, data: 0.001) G_GAN_ViT: 0.330 D_real_ViT: 0.128 D_fake_ViT: 0.242 global: 0.356 spatial: 0.086 
(epoch: 52, iters: 762, time: 0.485, data: 0.002) G_GAN_ViT: 0.479 D_real_ViT: 0.219 D_fake_ViT: 0.166 global: 0.424 spatial: 0.077 
(epoch: 52, iters: 862, time: 0.485, data: 0.001) G_GAN_ViT: 0.431 D_real_ViT: 0.149 D_fake_ViT: 0.184 global: 0.316 spatial: 0.088 
(epoch: 52, iters: 962, time: 0.485, data: 0.001) G_GAN_ViT: 0.362 D_real_ViT: 0.188 D_fake_ViT: 0.210 global: 0.524 spatial: 0.089 
(epoch: 52, iters: 1062, time: 0.485, data: 0.001) G_GAN_ViT: 0.431 D_real_ViT: 0.251 D_fake_ViT: 0.159 global: 0.265 spatial: 0.066 
(epoch: 52, iters: 1162, time: 0.485, data: 0.001) G_GAN_ViT: 0.511 D_real_ViT: 0.177 D_fake_ViT: 0.126 global: 0.329 spatial: 0.077 
(epoch: 52, iters: 1262, time: 0.485, data: 0.001) G_GAN_ViT: 0.315 D_real_ViT: 0.189 D_fake_ViT: 0.260 global: 0.464 spatial: 0.091 
(epoch: 52, iters: 1362, time: 0.485, data: 0.001) G_GAN_ViT: 0.439 D_real_ViT: 0.128 D_fake_ViT: 0.160 global: 0.316 spatial: 0.072 
(epoch: 52, iters: 1462, time: 0.485, data: 0.001) G_GAN_ViT: 0.472 D_real_ViT: 0.065 D_fake_ViT: 0.154 global: 0.284 spatial: 0.085 
(epoch: 52, iters: 1562, time: 0.485, data: 0.001) G_GAN_ViT: 0.297 D_real_ViT: 0.134 D_fake_ViT: 0.270 global: 0.538 spatial: 0.090 
(epoch: 52, iters: 1662, time: 0.485, data: 0.001) G_GAN_ViT: 0.489 D_real_ViT: 0.206 D_fake_ViT: 0.135 global: 0.296 spatial: 0.075 
(epoch: 52, iters: 1762, time: 0.485, data: 0.001) G_GAN_ViT: 0.528 D_real_ViT: 0.142 D_fake_ViT: 0.115 global: 0.357 spatial: 0.081 
(epoch: 52, iters: 1862, time: 0.485, data: 0.001) G_GAN_ViT: 0.390 D_real_ViT: 0.305 D_fake_ViT: 0.190 global: 0.438 spatial: 0.082 
(epoch: 52, iters: 1962, time: 0.485, data: 0.001) G_GAN_ViT: 0.483 D_real_ViT: 0.211 D_fake_ViT: 0.183 global: 0.382 spatial: 0.103 
(epoch: 52, iters: 2062, time: 0.485, data: 0.002) G_GAN_ViT: 0.414 D_real_ViT: 0.184 D_fake_ViT: 0.170 global: 0.310 spatial: 0.075 
(epoch: 52, iters: 2162, time: 0.485, data: 0.001) G_GAN_ViT: 0.447 D_real_ViT: 0.166 D_fake_ViT: 0.149 global: 0.290 spatial: 0.067 
(epoch: 52, iters: 2262, time: 0.485, data: 0.001) G_GAN_ViT: 0.331 D_real_ViT: 0.223 D_fake_ViT: 0.239 global: 0.454 spatial: 0.078 
(epoch: 52, iters: 2362, time: 0.485, data: 0.001) G_GAN_ViT: 0.599 D_real_ViT: 0.191 D_fake_ViT: 0.087 global: 0.388 spatial: 0.089 
(epoch: 52, iters: 2462, time: 0.485, data: 0.001) G_GAN_ViT: 0.350 D_real_ViT: 0.206 D_fake_ViT: 0.230 global: 0.541 spatial: 0.084 
(epoch: 52, iters: 2562, time: 0.485, data: 0.001) G_GAN_ViT: 0.497 D_real_ViT: 0.154 D_fake_ViT: 0.124 global: 0.323 spatial: 0.080 
saving the latest model (epoch 52, total_iters 285000)
ICL_single_traffic_city
(epoch: 52, iters: 2662, time: 0.485, data: 0.002) G_GAN_ViT: 0.372 D_real_ViT: 0.164 D_fake_ViT: 0.197 global: 0.552 spatial: 0.093 
(epoch: 52, iters: 2762, time: 0.485, data: 0.001) G_GAN_ViT: 0.481 D_real_ViT: 0.337 D_fake_ViT: 0.131 global: 0.272 spatial: 0.068 
(epoch: 52, iters: 2862, time: 0.485, data: 0.001) G_GAN_ViT: 0.406 D_real_ViT: 0.277 D_fake_ViT: 0.196 global: 0.453 spatial: 0.091 
(epoch: 52, iters: 2962, time: 0.485, data: 0.001) G_GAN_ViT: 0.442 D_real_ViT: 0.134 D_fake_ViT: 0.163 global: 0.305 spatial: 0.069 
(epoch: 52, iters: 3062, time: 0.485, data: 0.001) G_GAN_ViT: 0.352 D_real_ViT: 0.137 D_fake_ViT: 0.259 global: 0.505 spatial: 0.082 
(epoch: 52, iters: 3162, time: 0.485, data: 0.001) G_GAN_ViT: 0.548 D_real_ViT: 0.321 D_fake_ViT: 0.110 global: 0.357 spatial: 0.089 
(epoch: 52, iters: 3262, time: 0.485, data: 0.002) G_GAN_ViT: 0.627 D_real_ViT: 0.146 D_fake_ViT: 0.093 global: 0.371 spatial: 0.084 
(epoch: 52, iters: 3362, time: 0.486, data: 0.001) G_GAN_ViT: 0.503 D_real_ViT: 0.085 D_fake_ViT: 0.129 global: 0.378 spatial: 0.078 
(epoch: 52, iters: 3462, time: 0.485, data: 0.001) G_GAN_ViT: 0.314 D_real_ViT: 0.141 D_fake_ViT: 0.260 global: 0.526 spatial: 0.107 
(epoch: 52, iters: 3562, time: 0.485, data: 0.001) G_GAN_ViT: 0.440 D_real_ViT: 0.134 D_fake_ViT: 0.155 global: 0.441 spatial: 0.096 
(epoch: 52, iters: 3662, time: 0.485, data: 0.001) G_GAN_ViT: 0.430 D_real_ViT: 0.144 D_fake_ViT: 0.173 global: 0.341 spatial: 0.072 
(epoch: 52, iters: 3762, time: 0.485, data: 0.001) G_GAN_ViT: 0.352 D_real_ViT: 0.362 D_fake_ViT: 0.204 global: 0.485 spatial: 0.091 
(epoch: 52, iters: 3862, time: 0.485, data: 0.001) G_GAN_ViT: 0.396 D_real_ViT: 0.277 D_fake_ViT: 0.206 global: 0.376 spatial: 0.106 
(epoch: 52, iters: 3962, time: 0.485, data: 0.002) G_GAN_ViT: 0.546 D_real_ViT: 0.163 D_fake_ViT: 0.103 global: 0.300 spatial: 0.069 
(epoch: 52, iters: 4062, time: 0.486, data: 0.001) G_GAN_ViT: 0.478 D_real_ViT: 0.058 D_fake_ViT: 0.150 global: 0.444 spatial: 0.088 
(epoch: 52, iters: 4162, time: 0.486, data: 0.002) G_GAN_ViT: 0.419 D_real_ViT: 0.314 D_fake_ViT: 0.163 global: 0.423 spatial: 0.093 
(epoch: 52, iters: 4262, time: 0.486, data: 0.001) G_GAN_ViT: 0.451 D_real_ViT: 0.130 D_fake_ViT: 0.157 global: 0.281 spatial: 0.062 
(epoch: 52, iters: 4362, time: 0.486, data: 0.002) G_GAN_ViT: 0.804 D_real_ViT: 0.167 D_fake_ViT: 0.093 global: 0.415 spatial: 0.093 
(epoch: 52, iters: 4462, time: 0.486, data: 0.001) G_GAN_ViT: 0.447 D_real_ViT: 0.276 D_fake_ViT: 0.160 global: 0.386 spatial: 0.080 
(epoch: 52, iters: 4562, time: 0.486, data: 0.001) G_GAN_ViT: 0.341 D_real_ViT: 0.152 D_fake_ViT: 0.260 global: 0.387 spatial: 0.097 
(epoch: 52, iters: 4662, time: 0.486, data: 0.001) G_GAN_ViT: 0.587 D_real_ViT: 0.306 D_fake_ViT: 0.093 global: 0.326 spatial: 0.076 
(epoch: 52, iters: 4762, time: 0.486, data: 0.002) G_GAN_ViT: 0.390 D_real_ViT: 0.293 D_fake_ViT: 0.198 global: 0.330 spatial: 0.084 
(epoch: 52, iters: 4862, time: 0.486, data: 0.001) G_GAN_ViT: 0.566 D_real_ViT: 0.237 D_fake_ViT: 0.108 global: 0.359 spatial: 0.082 
(epoch: 52, iters: 4962, time: 0.485, data: 0.002) G_GAN_ViT: 0.356 D_real_ViT: 0.288 D_fake_ViT: 0.223 global: 0.290 spatial: 0.082 
(epoch: 52, iters: 5062, time: 0.485, data: 0.001) G_GAN_ViT: 0.433 D_real_ViT: 0.199 D_fake_ViT: 0.182 global: 0.424 spatial: 0.090 
(epoch: 52, iters: 5162, time: 0.485, data: 0.001) G_GAN_ViT: 0.420 D_real_ViT: 0.192 D_fake_ViT: 0.190 global: 0.373 spatial: 0.083 
(epoch: 52, iters: 5262, time: 0.485, data: 0.001) G_GAN_ViT: 0.424 D_real_ViT: 0.231 D_fake_ViT: 0.173 global: 0.316 spatial: 0.079 
(epoch: 52, iters: 5362, time: 0.485, data: 0.001) G_GAN_ViT: 0.453 D_real_ViT: 0.112 D_fake_ViT: 0.173 global: 0.320 spatial: 0.086 
(epoch: 52, iters: 5462, time: 0.485, data: 0.001) G_GAN_ViT: 0.465 D_real_ViT: 0.120 D_fake_ViT: 0.141 global: 0.307 spatial: 0.072 
End of epoch 52 / 100 	 Time Taken: 2696 sec
learning rate = 0.0000094
(epoch: 53, iters: 24, time: 0.485, data: 0.001) G_GAN_ViT: 0.446 D_real_ViT: 0.138 D_fake_ViT: 0.158 global: 0.344 spatial: 0.088 
(epoch: 53, iters: 124, time: 0.485, data: 0.001) G_GAN_ViT: 0.442 D_real_ViT: 0.245 D_fake_ViT: 0.155 global: 0.342 spatial: 0.066 
(epoch: 53, iters: 224, time: 0.485, data: 0.001) G_GAN_ViT: 0.255 D_real_ViT: 0.360 D_fake_ViT: 0.305 global: 0.330 spatial: 0.072 
(epoch: 53, iters: 324, time: 0.485, data: 0.001) G_GAN_ViT: 0.297 D_real_ViT: 0.390 D_fake_ViT: 0.266 global: 0.468 spatial: 0.090 
(epoch: 53, iters: 424, time: 0.485, data: 0.001) G_GAN_ViT: 0.407 D_real_ViT: 0.141 D_fake_ViT: 0.184 global: 0.351 spatial: 0.081 
(epoch: 53, iters: 524, time: 0.485, data: 0.001) G_GAN_ViT: 0.463 D_real_ViT: 0.199 D_fake_ViT: 0.137 global: 0.294 spatial: 0.078 
(epoch: 53, iters: 624, time: 0.485, data: 0.001) G_GAN_ViT: 0.454 D_real_ViT: 0.209 D_fake_ViT: 0.165 global: 0.361 spatial: 0.080 
(epoch: 53, iters: 724, time: 0.485, data: 0.001) G_GAN_ViT: 0.354 D_real_ViT: 0.295 D_fake_ViT: 0.217 global: 0.507 spatial: 0.086 
(epoch: 53, iters: 824, time: 0.485, data: 0.001) G_GAN_ViT: 0.384 D_real_ViT: 0.278 D_fake_ViT: 0.208 global: 0.564 spatial: 0.099 
(epoch: 53, iters: 924, time: 0.485, data: 0.001) G_GAN_ViT: 0.298 D_real_ViT: 0.202 D_fake_ViT: 0.265 global: 0.540 spatial: 0.090 
(epoch: 53, iters: 1024, time: 0.485, data: 0.001) G_GAN_ViT: 0.351 D_real_ViT: 0.158 D_fake_ViT: 0.229 global: 0.434 spatial: 0.083 
(epoch: 53, iters: 1124, time: 0.485, data: 0.001) G_GAN_ViT: 0.322 D_real_ViT: 0.320 D_fake_ViT: 0.244 global: 0.431 spatial: 0.080 
(epoch: 53, iters: 1224, time: 0.485, data: 0.001) G_GAN_ViT: 0.278 D_real_ViT: 0.168 D_fake_ViT: 0.280 global: 0.528 spatial: 0.103 
(epoch: 53, iters: 1324, time: 0.485, data: 0.001) G_GAN_ViT: 0.356 D_real_ViT: 0.221 D_fake_ViT: 0.198 global: 0.531 spatial: 0.081 
(epoch: 53, iters: 1424, time: 0.485, data: 0.001) G_GAN_ViT: 0.464 D_real_ViT: 0.292 D_fake_ViT: 0.166 global: 0.327 spatial: 0.083 
(epoch: 53, iters: 1524, time: 0.485, data: 0.001) G_GAN_ViT: 0.410 D_real_ViT: 0.252 D_fake_ViT: 0.184 global: 0.306 spatial: 0.071 
(epoch: 53, iters: 1624, time: 0.484, data: 0.001) G_GAN_ViT: 0.412 D_real_ViT: 0.130 D_fake_ViT: 0.182 global: 0.459 spatial: 0.079 
(epoch: 53, iters: 1724, time: 0.485, data: 0.001) G_GAN_ViT: 0.467 D_real_ViT: 0.376 D_fake_ViT: 0.152 global: 0.369 spatial: 0.080 
(epoch: 53, iters: 1824, time: 0.485, data: 0.001) G_GAN_ViT: 0.361 D_real_ViT: 0.201 D_fake_ViT: 0.203 global: 0.432 spatial: 0.091 
(epoch: 53, iters: 1924, time: 0.485, data: 0.001) G_GAN_ViT: 0.451 D_real_ViT: 0.355 D_fake_ViT: 0.158 global: 0.395 spatial: 0.082 
(epoch: 53, iters: 2024, time: 0.485, data: 0.001) G_GAN_ViT: 0.508 D_real_ViT: 0.267 D_fake_ViT: 0.127 global: 0.478 spatial: 0.086 
saving the latest model (epoch 53, total_iters 290000)
ICL_single_traffic_city
(epoch: 53, iters: 2124, time: 0.485, data: 0.001) G_GAN_ViT: 0.447 D_real_ViT: 0.210 D_fake_ViT: 0.149 global: 0.345 spatial: 0.076 
(epoch: 53, iters: 2224, time: 0.485, data: 0.001) G_GAN_ViT: 0.471 D_real_ViT: 0.276 D_fake_ViT: 0.142 global: 0.357 spatial: 0.084 
(epoch: 53, iters: 2324, time: 0.485, data: 0.001) G_GAN_ViT: 0.529 D_real_ViT: 0.147 D_fake_ViT: 0.112 global: 0.324 spatial: 0.083 
(epoch: 53, iters: 2424, time: 0.485, data: 0.001) G_GAN_ViT: 0.377 D_real_ViT: 0.168 D_fake_ViT: 0.218 global: 0.408 spatial: 0.082 
(epoch: 53, iters: 2524, time: 0.485, data: 0.001) G_GAN_ViT: 0.373 D_real_ViT: 0.275 D_fake_ViT: 0.211 global: 0.309 spatial: 0.080 
(epoch: 53, iters: 2624, time: 0.486, data: 0.001) G_GAN_ViT: 0.400 D_real_ViT: 0.130 D_fake_ViT: 0.222 global: 0.461 spatial: 0.093 
(epoch: 53, iters: 2724, time: 0.485, data: 0.001) G_GAN_ViT: 0.448 D_real_ViT: 0.207 D_fake_ViT: 0.154 global: 0.343 spatial: 0.074 
(epoch: 53, iters: 2824, time: 0.485, data: 0.001) G_GAN_ViT: 0.361 D_real_ViT: 0.265 D_fake_ViT: 0.218 global: 0.346 spatial: 0.091 
(epoch: 53, iters: 2924, time: 0.486, data: 0.001) G_GAN_ViT: 0.465 D_real_ViT: 0.167 D_fake_ViT: 0.157 global: 0.326 spatial: 0.083 
(epoch: 53, iters: 3024, time: 0.486, data: 0.001) G_GAN_ViT: 0.290 D_real_ViT: 0.322 D_fake_ViT: 0.275 global: 0.476 spatial: 0.088 
(epoch: 53, iters: 3124, time: 0.485, data: 0.001) G_GAN_ViT: 0.335 D_real_ViT: 0.361 D_fake_ViT: 0.244 global: 0.438 spatial: 0.084 
(epoch: 53, iters: 3224, time: 0.486, data: 0.001) G_GAN_ViT: 0.246 D_real_ViT: 0.194 D_fake_ViT: 0.324 global: 0.550 spatial: 0.108 
(epoch: 53, iters: 3324, time: 0.485, data: 0.001) G_GAN_ViT: 0.339 D_real_ViT: 0.260 D_fake_ViT: 0.235 global: 0.535 spatial: 0.099 
(epoch: 53, iters: 3424, time: 0.485, data: 0.001) G_GAN_ViT: 0.432 D_real_ViT: 0.147 D_fake_ViT: 0.178 global: 0.541 spatial: 0.088 
(epoch: 53, iters: 3524, time: 0.485, data: 0.001) G_GAN_ViT: 0.236 D_real_ViT: 0.245 D_fake_ViT: 0.340 global: 0.313 spatial: 0.072 
(epoch: 53, iters: 3624, time: 0.485, data: 0.001) G_GAN_ViT: 0.479 D_real_ViT: 0.188 D_fake_ViT: 0.137 global: 0.319 spatial: 0.077 
(epoch: 53, iters: 3724, time: 0.485, data: 0.001) G_GAN_ViT: 0.418 D_real_ViT: 0.338 D_fake_ViT: 0.172 global: 0.316 spatial: 0.066 
(epoch: 53, iters: 3824, time: 0.485, data: 0.001) G_GAN_ViT: 0.522 D_real_ViT: 0.132 D_fake_ViT: 0.157 global: 0.424 spatial: 0.091 
(epoch: 53, iters: 3924, time: 0.486, data: 0.001) G_GAN_ViT: 0.374 D_real_ViT: 0.381 D_fake_ViT: 0.200 global: 0.443 spatial: 0.091 
(epoch: 53, iters: 4024, time: 0.485, data: 0.001) G_GAN_ViT: 0.475 D_real_ViT: 0.152 D_fake_ViT: 0.143 global: 0.373 spatial: 0.086 
(epoch: 53, iters: 4124, time: 0.485, data: 0.001) G_GAN_ViT: 0.347 D_real_ViT: 0.253 D_fake_ViT: 0.237 global: 0.556 spatial: 0.085 
(epoch: 53, iters: 4224, time: 0.486, data: 0.001) G_GAN_ViT: 0.281 D_real_ViT: 0.125 D_fake_ViT: 0.304 global: 0.578 spatial: 0.100 
(epoch: 53, iters: 4324, time: 0.486, data: 0.001) G_GAN_ViT: 0.408 D_real_ViT: 0.345 D_fake_ViT: 0.179 global: 0.355 spatial: 0.076 
(epoch: 53, iters: 4424, time: 0.486, data: 0.001) G_GAN_ViT: 0.421 D_real_ViT: 0.034 D_fake_ViT: 0.198 global: 0.340 spatial: 0.072 
(epoch: 53, iters: 4524, time: 0.486, data: 0.001) G_GAN_ViT: 0.534 D_real_ViT: 0.147 D_fake_ViT: 0.123 global: 0.411 spatial: 0.078 
(epoch: 53, iters: 4624, time: 0.486, data: 0.001) G_GAN_ViT: 0.319 D_real_ViT: 0.208 D_fake_ViT: 0.275 global: 0.330 spatial: 0.085 
(epoch: 53, iters: 4724, time: 0.486, data: 0.001) G_GAN_ViT: 0.541 D_real_ViT: 0.306 D_fake_ViT: 0.121 global: 0.329 spatial: 0.077 
(epoch: 53, iters: 4824, time: 0.486, data: 0.001) G_GAN_ViT: 0.541 D_real_ViT: 0.199 D_fake_ViT: 0.122 global: 0.315 spatial: 0.086 
(epoch: 53, iters: 4924, time: 0.486, data: 0.001) G_GAN_ViT: 0.239 D_real_ViT: 0.147 D_fake_ViT: 0.330 global: 0.558 spatial: 0.092 
(epoch: 53, iters: 5024, time: 0.486, data: 0.001) G_GAN_ViT: 0.453 D_real_ViT: 0.083 D_fake_ViT: 0.182 global: 0.355 spatial: 0.065 
(epoch: 53, iters: 5124, time: 0.486, data: 0.001) G_GAN_ViT: 0.484 D_real_ViT: 0.330 D_fake_ViT: 0.166 global: 0.473 spatial: 0.100 
(epoch: 53, iters: 5224, time: 0.486, data: 0.001) G_GAN_ViT: 0.232 D_real_ViT: 0.186 D_fake_ViT: 0.346 global: 0.369 spatial: 0.078 
(epoch: 53, iters: 5324, time: 0.485, data: 0.001) G_GAN_ViT: 0.429 D_real_ViT: 0.093 D_fake_ViT: 0.182 global: 0.330 spatial: 0.090 
(epoch: 53, iters: 5424, time: 0.486, data: 0.001) G_GAN_ViT: 0.529 D_real_ViT: 0.264 D_fake_ViT: 0.124 global: 0.344 spatial: 0.096 
(epoch: 53, iters: 5524, time: 0.486, data: 0.001) G_GAN_ViT: 0.440 D_real_ViT: 0.218 D_fake_ViT: 0.178 global: 0.402 spatial: 0.103 
End of epoch 53 / 100 	 Time Taken: 2696 sec
learning rate = 0.0000092
(epoch: 54, iters: 86, time: 0.486, data: 0.001) G_GAN_ViT: 0.488 D_real_ViT: 0.256 D_fake_ViT: 0.138 global: 0.276 spatial: 0.071 
(epoch: 54, iters: 186, time: 0.486, data: 0.001) G_GAN_ViT: 0.218 D_real_ViT: 0.164 D_fake_ViT: 0.382 global: 0.341 spatial: 0.080 
(epoch: 54, iters: 286, time: 0.485, data: 0.001) G_GAN_ViT: 0.245 D_real_ViT: 0.160 D_fake_ViT: 0.336 global: 0.322 spatial: 0.073 
(epoch: 54, iters: 386, time: 0.486, data: 0.001) G_GAN_ViT: 0.248 D_real_ViT: 0.296 D_fake_ViT: 0.326 global: 0.569 spatial: 0.100 
(epoch: 54, iters: 486, time: 0.486, data: 0.001) G_GAN_ViT: 0.401 D_real_ViT: 0.042 D_fake_ViT: 0.210 global: 0.423 spatial: 0.092 
(epoch: 54, iters: 586, time: 0.486, data: 0.001) G_GAN_ViT: 0.472 D_real_ViT: 0.367 D_fake_ViT: 0.151 global: 0.323 spatial: 0.082 
(epoch: 54, iters: 686, time: 0.486, data: 0.001) G_GAN_ViT: 0.319 D_real_ViT: 0.208 D_fake_ViT: 0.243 global: 0.340 spatial: 0.077 
(epoch: 54, iters: 786, time: 0.486, data: 0.001) G_GAN_ViT: 0.412 D_real_ViT: 0.134 D_fake_ViT: 0.181 global: 0.326 spatial: 0.079 
(epoch: 54, iters: 886, time: 0.486, data: 0.001) G_GAN_ViT: 0.341 D_real_ViT: 0.255 D_fake_ViT: 0.230 global: 0.492 spatial: 0.093 
(epoch: 54, iters: 986, time: 0.486, data: 0.001) G_GAN_ViT: 0.303 D_real_ViT: 0.158 D_fake_ViT: 0.253 global: 0.465 spatial: 0.077 
(epoch: 54, iters: 1086, time: 0.486, data: 0.001) G_GAN_ViT: 0.424 D_real_ViT: 0.311 D_fake_ViT: 0.192 global: 0.338 spatial: 0.092 
(epoch: 54, iters: 1186, time: 0.486, data: 0.001) G_GAN_ViT: 0.608 D_real_ViT: 0.238 D_fake_ViT: 0.094 global: 0.290 spatial: 0.071 
(epoch: 54, iters: 1286, time: 0.486, data: 0.001) G_GAN_ViT: 0.489 D_real_ViT: 0.172 D_fake_ViT: 0.155 global: 0.391 spatial: 0.079 
(epoch: 54, iters: 1386, time: 0.485, data: 0.002) G_GAN_ViT: 0.379 D_real_ViT: 0.237 D_fake_ViT: 0.195 global: 0.294 spatial: 0.075 
(epoch: 54, iters: 1486, time: 0.485, data: 0.001) G_GAN_ViT: 0.433 D_real_ViT: 0.274 D_fake_ViT: 0.161 global: 0.288 spatial: 0.064 
saving the latest model (epoch 54, total_iters 295000)
ICL_single_traffic_city
(epoch: 54, iters: 1586, time: 0.485, data: 0.001) G_GAN_ViT: 0.301 D_real_ViT: 0.258 D_fake_ViT: 0.257 global: 0.299 spatial: 0.070 
(epoch: 54, iters: 1686, time: 0.486, data: 0.001) G_GAN_ViT: 0.582 D_real_ViT: 0.163 D_fake_ViT: 0.094 global: 0.337 spatial: 0.061 
(epoch: 54, iters: 1786, time: 0.486, data: 0.001) G_GAN_ViT: 0.407 D_real_ViT: 0.141 D_fake_ViT: 0.181 global: 0.426 spatial: 0.091 
(epoch: 54, iters: 1886, time: 0.486, data: 0.002) G_GAN_ViT: 0.269 D_real_ViT: 0.170 D_fake_ViT: 0.287 global: 0.364 spatial: 0.088 
(epoch: 54, iters: 1986, time: 0.486, data: 0.001) G_GAN_ViT: 0.517 D_real_ViT: 0.255 D_fake_ViT: 0.133 global: 0.420 spatial: 0.087 
(epoch: 54, iters: 2086, time: 0.486, data: 0.001) G_GAN_ViT: 0.321 D_real_ViT: 0.245 D_fake_ViT: 0.237 global: 0.295 spatial: 0.077 
(epoch: 54, iters: 2186, time: 0.486, data: 0.001) G_GAN_ViT: 0.402 D_real_ViT: 0.232 D_fake_ViT: 0.198 global: 0.437 spatial: 0.089 
(epoch: 54, iters: 2286, time: 0.486, data: 0.001) G_GAN_ViT: 0.436 D_real_ViT: 0.300 D_fake_ViT: 0.163 global: 0.324 spatial: 0.069 
(epoch: 54, iters: 2386, time: 0.486, data: 0.001) G_GAN_ViT: 0.516 D_real_ViT: 0.075 D_fake_ViT: 0.118 global: 0.355 spatial: 0.065 
(epoch: 54, iters: 2486, time: 0.486, data: 0.001) G_GAN_ViT: 0.507 D_real_ViT: 0.370 D_fake_ViT: 0.147 global: 0.425 spatial: 0.081 
(epoch: 54, iters: 2586, time: 0.486, data: 0.001) G_GAN_ViT: 0.383 D_real_ViT: 0.375 D_fake_ViT: 0.198 global: 0.468 spatial: 0.088 
(epoch: 54, iters: 2686, time: 0.486, data: 0.001) G_GAN_ViT: 0.392 D_real_ViT: 0.307 D_fake_ViT: 0.194 global: 0.306 spatial: 0.070 
(epoch: 54, iters: 2786, time: 0.486, data: 0.001) G_GAN_ViT: 0.523 D_real_ViT: 0.221 D_fake_ViT: 0.133 global: 0.394 spatial: 0.070 
(epoch: 54, iters: 2886, time: 0.486, data: 0.001) G_GAN_ViT: 0.520 D_real_ViT: 0.173 D_fake_ViT: 0.130 global: 0.487 spatial: 0.082 
(epoch: 54, iters: 2986, time: 0.486, data: 0.001) G_GAN_ViT: 0.345 D_real_ViT: 0.209 D_fake_ViT: 0.224 global: 0.313 spatial: 0.079 
(epoch: 54, iters: 3086, time: 0.486, data: 0.001) G_GAN_ViT: 0.217 D_real_ViT: 0.283 D_fake_ViT: 0.376 global: 0.318 spatial: 0.077 
(epoch: 54, iters: 3186, time: 0.486, data: 0.001) G_GAN_ViT: 0.407 D_real_ViT: 0.283 D_fake_ViT: 0.174 global: 0.325 spatial: 0.082 
(epoch: 54, iters: 3286, time: 0.486, data: 0.005) G_GAN_ViT: 0.360 D_real_ViT: 0.072 D_fake_ViT: 0.212 global: 0.407 spatial: 0.085 
(epoch: 54, iters: 3386, time: 0.486, data: 0.001) G_GAN_ViT: 0.241 D_real_ViT: 0.253 D_fake_ViT: 0.313 global: 0.368 spatial: 0.085 
(epoch: 54, iters: 3486, time: 0.486, data: 0.001) G_GAN_ViT: 0.324 D_real_ViT: 0.280 D_fake_ViT: 0.256 global: 0.376 spatial: 0.076 
(epoch: 54, iters: 3586, time: 0.486, data: 0.001) G_GAN_ViT: 0.406 D_real_ViT: 0.176 D_fake_ViT: 0.195 global: 0.441 spatial: 0.090 
(epoch: 54, iters: 3686, time: 0.486, data: 0.001) G_GAN_ViT: 0.456 D_real_ViT: 0.357 D_fake_ViT: 0.157 global: 0.383 spatial: 0.080 
(epoch: 54, iters: 3786, time: 0.486, data: 0.001) G_GAN_ViT: 0.583 D_real_ViT: 0.167 D_fake_ViT: 0.095 global: 0.307 spatial: 0.077 
(epoch: 54, iters: 3886, time: 0.486, data: 0.001) G_GAN_ViT: 0.447 D_real_ViT: 0.357 D_fake_ViT: 0.163 global: 0.320 spatial: 0.083 
(epoch: 54, iters: 3986, time: 0.486, data: 0.001) G_GAN_ViT: 0.268 D_real_ViT: 0.258 D_fake_ViT: 0.287 global: 0.515 spatial: 0.095 
(epoch: 54, iters: 4086, time: 0.486, data: 0.001) G_GAN_ViT: 0.446 D_real_ViT: 0.126 D_fake_ViT: 0.166 global: 0.333 spatial: 0.081 
(epoch: 54, iters: 4186, time: 0.486, data: 0.001) G_GAN_ViT: 0.436 D_real_ViT: 0.373 D_fake_ViT: 0.154 global: 0.363 spatial: 0.070 
(epoch: 54, iters: 4286, time: 0.486, data: 0.001) G_GAN_ViT: 0.596 D_real_ViT: 0.317 D_fake_ViT: 0.115 global: 0.472 spatial: 0.077 
(epoch: 54, iters: 4386, time: 0.486, data: 0.001) G_GAN_ViT: 0.441 D_real_ViT: 0.210 D_fake_ViT: 0.179 global: 0.423 spatial: 0.085 
(epoch: 54, iters: 4486, time: 0.486, data: 0.001) G_GAN_ViT: 0.368 D_real_ViT: 0.360 D_fake_ViT: 0.224 global: 0.330 spatial: 0.082 
(epoch: 54, iters: 4586, time: 0.485, data: 0.001) G_GAN_ViT: 0.442 D_real_ViT: 0.225 D_fake_ViT: 0.170 global: 0.298 spatial: 0.081 
(epoch: 54, iters: 4686, time: 0.485, data: 0.001) G_GAN_ViT: 0.365 D_real_ViT: 0.135 D_fake_ViT: 0.208 global: 0.513 spatial: 0.076 
(epoch: 54, iters: 4786, time: 0.485, data: 0.002) G_GAN_ViT: 0.392 D_real_ViT: 0.178 D_fake_ViT: 0.184 global: 0.450 spatial: 0.097 
(epoch: 54, iters: 4886, time: 0.485, data: 0.001) G_GAN_ViT: 0.257 D_real_ViT: 0.204 D_fake_ViT: 0.303 global: 0.324 spatial: 0.069 
(epoch: 54, iters: 4986, time: 0.486, data: 0.001) G_GAN_ViT: 0.570 D_real_ViT: 0.383 D_fake_ViT: 0.145 global: 0.329 spatial: 0.083 
(epoch: 54, iters: 5086, time: 0.486, data: 0.001) G_GAN_ViT: 0.524 D_real_ViT: 0.272 D_fake_ViT: 0.129 global: 0.394 spatial: 0.065 
(epoch: 54, iters: 5186, time: 0.486, data: 0.001) G_GAN_ViT: 0.444 D_real_ViT: 0.161 D_fake_ViT: 0.186 global: 0.355 spatial: 0.076 
(epoch: 54, iters: 5286, time: 0.485, data: 0.001) G_GAN_ViT: 0.450 D_real_ViT: 0.286 D_fake_ViT: 0.149 global: 0.303 spatial: 0.056 
(epoch: 54, iters: 5386, time: 0.485, data: 0.001) G_GAN_ViT: 0.466 D_real_ViT: 0.169 D_fake_ViT: 0.145 global: 0.297 spatial: 0.071 
(epoch: 54, iters: 5486, time: 0.486, data: 0.001) G_GAN_ViT: 0.383 D_real_ViT: 0.203 D_fake_ViT: 0.204 global: 0.337 spatial: 0.073 
End of epoch 54 / 100 	 Time Taken: 2699 sec
learning rate = 0.0000090
(epoch: 55, iters: 48, time: 0.486, data: 0.001) G_GAN_ViT: 0.491 D_real_ViT: 0.093 D_fake_ViT: 0.127 global: 0.289 spatial: 0.067 
(epoch: 55, iters: 148, time: 0.486, data: 0.002) G_GAN_ViT: 0.383 D_real_ViT: 0.340 D_fake_ViT: 0.190 global: 0.362 spatial: 0.083 
(epoch: 55, iters: 248, time: 0.486, data: 0.001) G_GAN_ViT: 0.505 D_real_ViT: 0.370 D_fake_ViT: 0.115 global: 0.317 spatial: 0.061 
(epoch: 55, iters: 348, time: 0.486, data: 0.001) G_GAN_ViT: 0.204 D_real_ViT: 0.291 D_fake_ViT: 0.373 global: 0.295 spatial: 0.067 
(epoch: 55, iters: 448, time: 0.486, data: 0.001) G_GAN_ViT: 0.349 D_real_ViT: 0.180 D_fake_ViT: 0.235 global: 0.569 spatial: 0.104 
(epoch: 55, iters: 548, time: 0.486, data: 0.001) G_GAN_ViT: 0.369 D_real_ViT: 0.222 D_fake_ViT: 0.208 global: 0.428 spatial: 0.097 
(epoch: 55, iters: 648, time: 0.486, data: 0.001) G_GAN_ViT: 0.415 D_real_ViT: 0.125 D_fake_ViT: 0.177 global: 0.338 spatial: 0.084 
(epoch: 55, iters: 748, time: 0.486, data: 0.001) G_GAN_ViT: 0.441 D_real_ViT: 0.414 D_fake_ViT: 0.152 global: 0.458 spatial: 0.079 
(epoch: 55, iters: 848, time: 0.485, data: 0.001) G_GAN_ViT: 0.461 D_real_ViT: 0.201 D_fake_ViT: 0.138 global: 0.376 spatial: 0.079 
(epoch: 55, iters: 948, time: 0.485, data: 0.001) G_GAN_ViT: 0.368 D_real_ViT: 0.263 D_fake_ViT: 0.212 global: 0.341 spatial: 0.082 
saving the latest model (epoch 55, total_iters 300000)
ICL_single_traffic_city
(epoch: 55, iters: 1048, time: 0.485, data: 0.002) G_GAN_ViT: 0.555 D_real_ViT: 0.320 D_fake_ViT: 0.099 global: 0.302 spatial: 0.080 
(epoch: 55, iters: 1148, time: 0.486, data: 0.001) G_GAN_ViT: 0.533 D_real_ViT: 0.458 D_fake_ViT: 0.108 global: 0.332 spatial: 0.091 
(epoch: 55, iters: 1248, time: 0.486, data: 0.001) G_GAN_ViT: 0.354 D_real_ViT: 0.253 D_fake_ViT: 0.232 global: 0.476 spatial: 0.088 
(epoch: 55, iters: 1348, time: 0.486, data: 0.001) G_GAN_ViT: 0.435 D_real_ViT: 0.167 D_fake_ViT: 0.165 global: 0.428 spatial: 0.085 
(epoch: 55, iters: 1448, time: 0.486, data: 0.001) G_GAN_ViT: 0.255 D_real_ViT: 0.131 D_fake_ViT: 0.338 global: 0.493 spatial: 0.093 
(epoch: 55, iters: 1548, time: 0.486, data: 0.001) G_GAN_ViT: 0.513 D_real_ViT: 0.384 D_fake_ViT: 0.123 global: 0.295 spatial: 0.086 
(epoch: 55, iters: 1648, time: 0.486, data: 0.001) G_GAN_ViT: 0.285 D_real_ViT: 0.287 D_fake_ViT: 0.292 global: 0.528 spatial: 0.083 
(epoch: 55, iters: 1748, time: 0.486, data: 0.001) G_GAN_ViT: 0.459 D_real_ViT: 0.048 D_fake_ViT: 0.159 global: 0.298 spatial: 0.063 
(epoch: 55, iters: 1848, time: 0.486, data: 0.001) G_GAN_ViT: 0.389 D_real_ViT: 0.154 D_fake_ViT: 0.219 global: 0.375 spatial: 0.102 
(epoch: 55, iters: 1948, time: 0.486, data: 0.001) G_GAN_ViT: 0.436 D_real_ViT: 0.237 D_fake_ViT: 0.184 global: 0.392 spatial: 0.106 
(epoch: 55, iters: 2048, time: 0.486, data: 0.001) G_GAN_ViT: 0.503 D_real_ViT: 0.167 D_fake_ViT: 0.162 global: 0.515 spatial: 0.107 
(epoch: 55, iters: 2148, time: 0.486, data: 0.001) G_GAN_ViT: 0.250 D_real_ViT: 0.232 D_fake_ViT: 0.307 global: 0.371 spatial: 0.088 
(epoch: 55, iters: 2248, time: 0.486, data: 0.001) G_GAN_ViT: 0.359 D_real_ViT: 0.187 D_fake_ViT: 0.204 global: 0.409 spatial: 0.081 
(epoch: 55, iters: 2348, time: 0.486, data: 0.001) G_GAN_ViT: 0.215 D_real_ViT: 0.108 D_fake_ViT: 0.356 global: 0.339 spatial: 0.072 
(epoch: 55, iters: 2448, time: 0.486, data: 0.001) G_GAN_ViT: 0.437 D_real_ViT: 0.234 D_fake_ViT: 0.166 global: 0.292 spatial: 0.081 
(epoch: 55, iters: 2548, time: 0.486, data: 0.001) G_GAN_ViT: 0.462 D_real_ViT: 0.158 D_fake_ViT: 0.147 global: 0.303 spatial: 0.070 
(epoch: 55, iters: 2648, time: 0.486, data: 0.001) G_GAN_ViT: 0.467 D_real_ViT: 0.378 D_fake_ViT: 0.129 global: 0.292 spatial: 0.083 
(epoch: 55, iters: 2748, time: 0.486, data: 0.001) G_GAN_ViT: 0.477 D_real_ViT: 0.159 D_fake_ViT: 0.138 global: 0.327 spatial: 0.084 
(epoch: 55, iters: 2848, time: 0.486, data: 0.001) G_GAN_ViT: 0.341 D_real_ViT: 0.244 D_fake_ViT: 0.227 global: 0.494 spatial: 0.088 
(epoch: 55, iters: 2948, time: 0.486, data: 0.001) G_GAN_ViT: 0.223 D_real_ViT: 0.126 D_fake_ViT: 0.360 global: 0.584 spatial: 0.094 
(epoch: 55, iters: 3048, time: 0.486, data: 0.001) G_GAN_ViT: 0.497 D_real_ViT: 0.346 D_fake_ViT: 0.150 global: 0.389 spatial: 0.072 
(epoch: 55, iters: 3148, time: 0.486, data: 0.001) G_GAN_ViT: 0.287 D_real_ViT: 0.413 D_fake_ViT: 0.287 global: 0.519 spatial: 0.084 
(epoch: 55, iters: 3248, time: 0.486, data: 0.001) G_GAN_ViT: 0.323 D_real_ViT: 0.251 D_fake_ViT: 0.244 global: 0.523 spatial: 0.090 
(epoch: 55, iters: 3348, time: 0.486, data: 0.001) G_GAN_ViT: 0.445 D_real_ViT: 0.367 D_fake_ViT: 0.153 global: 0.322 spatial: 0.090 
(epoch: 55, iters: 3448, time: 0.486, data: 0.001) G_GAN_ViT: 0.296 D_real_ViT: 0.272 D_fake_ViT: 0.262 global: 0.479 spatial: 0.113 
(epoch: 55, iters: 3548, time: 0.485, data: 0.001) G_GAN_ViT: 0.358 D_real_ViT: 0.172 D_fake_ViT: 0.215 global: 0.394 spatial: 0.083 
(epoch: 55, iters: 3648, time: 0.486, data: 0.001) G_GAN_ViT: 0.508 D_real_ViT: 0.180 D_fake_ViT: 0.174 global: 0.335 spatial: 0.080 
(epoch: 55, iters: 3748, time: 0.486, data: 0.001) G_GAN_ViT: 0.449 D_real_ViT: 0.182 D_fake_ViT: 0.159 global: 0.346 spatial: 0.091 
(epoch: 55, iters: 3848, time: 0.486, data: 0.001) G_GAN_ViT: 0.475 D_real_ViT: 0.306 D_fake_ViT: 0.130 global: 0.333 spatial: 0.063 
(epoch: 55, iters: 3948, time: 0.486, data: 0.001) G_GAN_ViT: 0.472 D_real_ViT: 0.233 D_fake_ViT: 0.160 global: 0.414 spatial: 0.102 
(epoch: 55, iters: 4048, time: 0.486, data: 0.001) G_GAN_ViT: 0.348 D_real_ViT: 0.176 D_fake_ViT: 0.231 global: 0.523 spatial: 0.095 
(epoch: 55, iters: 4148, time: 0.486, data: 0.001) G_GAN_ViT: 0.491 D_real_ViT: 0.244 D_fake_ViT: 0.153 global: 0.449 spatial: 0.109 
(epoch: 55, iters: 4248, time: 0.485, data: 0.001) G_GAN_ViT: 0.367 D_real_ViT: 0.040 D_fake_ViT: 0.222 global: 0.529 spatial: 0.094 
(epoch: 55, iters: 4348, time: 0.485, data: 0.001) G_GAN_ViT: 0.464 D_real_ViT: 0.268 D_fake_ViT: 0.156 global: 0.301 spatial: 0.086 
(epoch: 55, iters: 4448, time: 0.486, data: 0.001) G_GAN_ViT: 0.349 D_real_ViT: 0.161 D_fake_ViT: 0.218 global: 0.508 spatial: 0.076 
(epoch: 55, iters: 4548, time: 0.486, data: 0.001) G_GAN_ViT: 0.315 D_real_ViT: 0.160 D_fake_ViT: 0.249 global: 0.615 spatial: 0.087 
(epoch: 55, iters: 4648, time: 0.486, data: 0.001) G_GAN_ViT: 0.364 D_real_ViT: 0.269 D_fake_ViT: 0.214 global: 0.443 spatial: 0.085 
(epoch: 55, iters: 4748, time: 0.486, data: 0.001) G_GAN_ViT: 0.381 D_real_ViT: 0.146 D_fake_ViT: 0.191 global: 0.455 spatial: 0.077 
(epoch: 55, iters: 4848, time: 0.486, data: 0.001) G_GAN_ViT: 0.413 D_real_ViT: 0.301 D_fake_ViT: 0.166 global: 0.330 spatial: 0.071 
(epoch: 55, iters: 4948, time: 0.486, data: 0.001) G_GAN_ViT: 0.308 D_real_ViT: 0.166 D_fake_ViT: 0.248 global: 0.328 spatial: 0.088 
(epoch: 55, iters: 5048, time: 0.486, data: 0.001) G_GAN_ViT: 0.287 D_real_ViT: 0.217 D_fake_ViT: 0.286 global: 0.495 spatial: 0.083 
(epoch: 55, iters: 5148, time: 0.486, data: 0.001) G_GAN_ViT: 0.364 D_real_ViT: 0.216 D_fake_ViT: 0.200 global: 0.463 spatial: 0.092 
(epoch: 55, iters: 5248, time: 0.486, data: 0.001) G_GAN_ViT: 0.472 D_real_ViT: 0.206 D_fake_ViT: 0.153 global: 0.375 spatial: 0.076 
(epoch: 55, iters: 5348, time: 0.486, data: 0.001) G_GAN_ViT: 0.458 D_real_ViT: 0.174 D_fake_ViT: 0.148 global: 0.423 spatial: 0.083 
(epoch: 55, iters: 5448, time: 0.486, data: 0.001) G_GAN_ViT: 0.495 D_real_ViT: 0.124 D_fake_ViT: 0.130 global: 0.467 spatial: 0.092 
saving the model at the end of epoch 55, iters 304590
End of epoch 55 / 100 	 Time Taken: 2700 sec
learning rate = 0.0000088
(epoch: 56, iters: 10, time: 0.486, data: 0.001) G_GAN_ViT: 0.363 D_real_ViT: 0.300 D_fake_ViT: 0.213 global: 0.446 spatial: 0.080 
(epoch: 56, iters: 110, time: 0.486, data: 0.001) G_GAN_ViT: 0.294 D_real_ViT: 0.192 D_fake_ViT: 0.263 global: 0.551 spatial: 0.091 
(epoch: 56, iters: 210, time: 0.485, data: 0.001) G_GAN_ViT: 0.423 D_real_ViT: 0.283 D_fake_ViT: 0.165 global: 0.283 spatial: 0.074 
(epoch: 56, iters: 310, time: 0.485, data: 0.001) G_GAN_ViT: 0.455 D_real_ViT: 0.165 D_fake_ViT: 0.156 global: 0.411 spatial: 0.079 
(epoch: 56, iters: 410, time: 0.485, data: 0.001) G_GAN_ViT: 0.415 D_real_ViT: 0.339 D_fake_ViT: 0.176 global: 0.365 spatial: 0.088 
saving the latest model (epoch 56, total_iters 305000)
ICL_single_traffic_city
(epoch: 56, iters: 510, time: 0.486, data: 0.002) G_GAN_ViT: 0.393 D_real_ViT: 0.256 D_fake_ViT: 0.187 global: 0.416 spatial: 0.086 
(epoch: 56, iters: 610, time: 0.486, data: 0.001) G_GAN_ViT: 0.372 D_real_ViT: 0.217 D_fake_ViT: 0.205 global: 0.486 spatial: 0.091 
(epoch: 56, iters: 710, time: 0.486, data: 0.001) G_GAN_ViT: 0.524 D_real_ViT: 0.235 D_fake_ViT: 0.122 global: 0.389 spatial: 0.079 
(epoch: 56, iters: 810, time: 0.486, data: 0.001) G_GAN_ViT: 0.302 D_real_ViT: 0.114 D_fake_ViT: 0.271 global: 0.524 spatial: 0.090 
(epoch: 56, iters: 910, time: 0.486, data: 0.002) G_GAN_ViT: 0.286 D_real_ViT: 0.313 D_fake_ViT: 0.277 global: 0.391 spatial: 0.073 
(epoch: 56, iters: 1010, time: 0.486, data: 0.001) G_GAN_ViT: 0.309 D_real_ViT: 0.204 D_fake_ViT: 0.255 global: 0.468 spatial: 0.090 
(epoch: 56, iters: 1110, time: 0.486, data: 0.001) G_GAN_ViT: 0.518 D_real_ViT: 0.278 D_fake_ViT: 0.112 global: 0.307 spatial: 0.070 
(epoch: 56, iters: 1210, time: 0.486, data: 0.001) G_GAN_ViT: 0.518 D_real_ViT: 0.079 D_fake_ViT: 0.131 global: 0.371 spatial: 0.073 
(epoch: 56, iters: 1310, time: 0.486, data: 0.001) G_GAN_ViT: 0.353 D_real_ViT: 0.211 D_fake_ViT: 0.207 global: 0.421 spatial: 0.083 
(epoch: 56, iters: 1410, time: 0.486, data: 0.001) G_GAN_ViT: 0.419 D_real_ViT: 0.135 D_fake_ViT: 0.189 global: 0.461 spatial: 0.093 
(epoch: 56, iters: 1510, time: 0.486, data: 0.001) G_GAN_ViT: 0.343 D_real_ViT: 0.210 D_fake_ViT: 0.224 global: 0.467 spatial: 0.083 
(epoch: 56, iters: 1610, time: 0.486, data: 0.001) G_GAN_ViT: 0.429 D_real_ViT: 0.046 D_fake_ViT: 0.171 global: 0.316 spatial: 0.084 
(epoch: 56, iters: 1710, time: 0.486, data: 0.001) G_GAN_ViT: 0.553 D_real_ViT: 0.114 D_fake_ViT: 0.102 global: 0.335 spatial: 0.082 
(epoch: 56, iters: 1810, time: 0.487, data: 0.001) G_GAN_ViT: 0.253 D_real_ViT: 0.167 D_fake_ViT: 0.331 global: 0.526 spatial: 0.090 
(epoch: 56, iters: 1910, time: 0.487, data: 0.001) G_GAN_ViT: 0.408 D_real_ViT: 0.242 D_fake_ViT: 0.169 global: 0.287 spatial: 0.061 
(epoch: 56, iters: 2010, time: 0.486, data: 0.001) G_GAN_ViT: 0.476 D_real_ViT: 0.305 D_fake_ViT: 0.132 global: 0.323 spatial: 0.068 
(epoch: 56, iters: 2110, time: 0.486, data: 0.001) G_GAN_ViT: 0.275 D_real_ViT: 0.131 D_fake_ViT: 0.298 global: 0.441 spatial: 0.083 
(epoch: 56, iters: 2210, time: 0.486, data: 0.001) G_GAN_ViT: 0.440 D_real_ViT: 0.168 D_fake_ViT: 0.152 global: 0.314 spatial: 0.077 
(epoch: 56, iters: 2310, time: 0.486, data: 0.001) G_GAN_ViT: 0.458 D_real_ViT: 0.166 D_fake_ViT: 0.143 global: 0.292 spatial: 0.063 
(epoch: 56, iters: 2410, time: 0.486, data: 0.001) G_GAN_ViT: 0.449 D_real_ViT: 0.187 D_fake_ViT: 0.156 global: 0.439 spatial: 0.072 
(epoch: 56, iters: 2510, time: 0.486, data: 0.001) G_GAN_ViT: 0.292 D_real_ViT: 0.228 D_fake_ViT: 0.263 global: 0.316 spatial: 0.082 
(epoch: 56, iters: 2610, time: 0.486, data: 0.001) G_GAN_ViT: 0.361 D_real_ViT: 0.324 D_fake_ViT: 0.222 global: 0.427 spatial: 0.083 
(epoch: 56, iters: 2710, time: 0.486, data: 0.001) G_GAN_ViT: 0.383 D_real_ViT: 0.273 D_fake_ViT: 0.189 global: 0.296 spatial: 0.064 
(epoch: 56, iters: 2810, time: 0.486, data: 0.001) G_GAN_ViT: 0.362 D_real_ViT: 0.294 D_fake_ViT: 0.202 global: 0.369 spatial: 0.074 
(epoch: 56, iters: 2910, time: 0.486, data: 0.001) G_GAN_ViT: 0.349 D_real_ViT: 0.275 D_fake_ViT: 0.213 global: 0.453 spatial: 0.078 
(epoch: 56, iters: 3010, time: 0.486, data: 0.001) G_GAN_ViT: 0.491 D_real_ViT: 0.304 D_fake_ViT: 0.118 global: 0.301 spatial: 0.072 
(epoch: 56, iters: 3110, time: 0.487, data: 0.001) G_GAN_ViT: 0.331 D_real_ViT: 0.104 D_fake_ViT: 0.231 global: 0.262 spatial: 0.065 
(epoch: 56, iters: 3210, time: 0.487, data: 0.001) G_GAN_ViT: 0.439 D_real_ViT: 0.207 D_fake_ViT: 0.150 global: 0.411 spatial: 0.077 
(epoch: 56, iters: 3310, time: 0.487, data: 0.001) G_GAN_ViT: 0.371 D_real_ViT: 0.162 D_fake_ViT: 0.202 global: 0.437 spatial: 0.087 
(epoch: 56, iters: 3410, time: 0.486, data: 0.001) G_GAN_ViT: 0.455 D_real_ViT: 0.149 D_fake_ViT: 0.146 global: 0.338 spatial: 0.071 
(epoch: 56, iters: 3510, time: 0.487, data: 0.001) G_GAN_ViT: 0.267 D_real_ViT: 0.170 D_fake_ViT: 0.298 global: 0.355 spatial: 0.085 
(epoch: 56, iters: 3610, time: 0.486, data: 0.001) G_GAN_ViT: 0.365 D_real_ViT: 0.150 D_fake_ViT: 0.224 global: 0.418 spatial: 0.119 
(epoch: 56, iters: 3710, time: 0.486, data: 0.001) G_GAN_ViT: 0.283 D_real_ViT: 0.241 D_fake_ViT: 0.275 global: 0.542 spatial: 0.093 
(epoch: 56, iters: 3810, time: 0.486, data: 0.001) G_GAN_ViT: 0.504 D_real_ViT: 0.230 D_fake_ViT: 0.161 global: 0.373 spatial: 0.098 
(epoch: 56, iters: 3910, time: 0.485, data: 0.001) G_GAN_ViT: 0.319 D_real_ViT: 0.173 D_fake_ViT: 0.245 global: 0.396 spatial: 0.089 
(epoch: 56, iters: 4010, time: 0.486, data: 0.001) G_GAN_ViT: 0.500 D_real_ViT: 0.242 D_fake_ViT: 0.126 global: 0.428 spatial: 0.092 
(epoch: 56, iters: 4110, time: 0.486, data: 0.001) G_GAN_ViT: 0.381 D_real_ViT: 0.140 D_fake_ViT: 0.205 global: 0.480 spatial: 0.087 
(epoch: 56, iters: 4210, time: 0.486, data: 0.001) G_GAN_ViT: 0.552 D_real_ViT: 0.189 D_fake_ViT: 0.111 global: 0.345 spatial: 0.087 
(epoch: 56, iters: 4310, time: 0.486, data: 0.001) G_GAN_ViT: 0.453 D_real_ViT: 0.238 D_fake_ViT: 0.162 global: 0.502 spatial: 0.093 
(epoch: 56, iters: 4410, time: 0.486, data: 0.001) G_GAN_ViT: 0.490 D_real_ViT: 0.134 D_fake_ViT: 0.129 global: 0.344 spatial: 0.071 
(epoch: 56, iters: 4510, time: 0.486, data: 0.001) G_GAN_ViT: 0.320 D_real_ViT: 0.049 D_fake_ViT: 0.246 global: 0.613 spatial: 0.090 
(epoch: 56, iters: 4610, time: 0.486, data: 0.001) G_GAN_ViT: 0.412 D_real_ViT: 0.267 D_fake_ViT: 0.185 global: 0.317 spatial: 0.073 
(epoch: 56, iters: 4710, time: 0.486, data: 0.001) G_GAN_ViT: 0.274 D_real_ViT: 0.187 D_fake_ViT: 0.296 global: 0.544 spatial: 0.087 
(epoch: 56, iters: 4810, time: 0.486, data: 0.002) G_GAN_ViT: 0.580 D_real_ViT: 0.141 D_fake_ViT: 0.110 global: 0.336 spatial: 0.094 
(epoch: 56, iters: 4910, time: 0.486, data: 0.002) G_GAN_ViT: 0.324 D_real_ViT: 0.060 D_fake_ViT: 0.239 global: 0.516 spatial: 0.100 
(epoch: 56, iters: 5010, time: 0.486, data: 0.002) G_GAN_ViT: 0.515 D_real_ViT: 0.251 D_fake_ViT: 0.111 global: 0.363 spatial: 0.087 
(epoch: 56, iters: 5110, time: 0.486, data: 0.001) G_GAN_ViT: 0.438 D_real_ViT: 0.427 D_fake_ViT: 0.155 global: 0.352 spatial: 0.082 
(epoch: 56, iters: 5210, time: 0.485, data: 0.001) G_GAN_ViT: 0.409 D_real_ViT: 0.260 D_fake_ViT: 0.178 global: 0.312 spatial: 0.087 
(epoch: 56, iters: 5310, time: 0.486, data: 0.001) G_GAN_ViT: 0.363 D_real_ViT: 0.255 D_fake_ViT: 0.215 global: 0.408 spatial: 0.087 
(epoch: 56, iters: 5410, time: 0.486, data: 0.001) G_GAN_ViT: 0.305 D_real_ViT: 0.281 D_fake_ViT: 0.259 global: 0.527 spatial: 0.088 
saving the latest model (epoch 56, total_iters 310000)
ICL_single_traffic_city
(epoch: 56, iters: 5510, time: 0.486, data: 0.002) G_GAN_ViT: 0.479 D_real_ViT: 0.042 D_fake_ViT: 0.148 global: 0.368 spatial: 0.078 
End of epoch 56 / 100 	 Time Taken: 2701 sec
learning rate = 0.0000086
(epoch: 57, iters: 72, time: 0.486, data: 0.001) G_GAN_ViT: 0.194 D_real_ViT: 0.337 D_fake_ViT: 0.371 global: 0.353 spatial: 0.081 
(epoch: 57, iters: 172, time: 0.486, data: 0.001) G_GAN_ViT: 0.445 D_real_ViT: 0.263 D_fake_ViT: 0.146 global: 0.325 spatial: 0.081 
(epoch: 57, iters: 272, time: 0.486, data: 0.001) G_GAN_ViT: 0.264 D_real_ViT: 0.089 D_fake_ViT: 0.294 global: 0.367 spatial: 0.094 
(epoch: 57, iters: 372, time: 0.486, data: 0.001) G_GAN_ViT: 0.492 D_real_ViT: 0.221 D_fake_ViT: 0.121 global: 0.378 spatial: 0.084 
(epoch: 57, iters: 472, time: 0.486, data: 0.001) G_GAN_ViT: 0.381 D_real_ViT: 0.360 D_fake_ViT: 0.211 global: 0.432 spatial: 0.090 
(epoch: 57, iters: 572, time: 0.487, data: 0.001) G_GAN_ViT: 0.205 D_real_ViT: 0.055 D_fake_ViT: 0.398 global: 0.487 spatial: 0.098 
(epoch: 57, iters: 672, time: 0.487, data: 0.001) G_GAN_ViT: 0.417 D_real_ViT: 0.371 D_fake_ViT: 0.194 global: 0.382 spatial: 0.091 
(epoch: 57, iters: 772, time: 0.487, data: 0.001) G_GAN_ViT: 0.382 D_real_ViT: 0.269 D_fake_ViT: 0.197 global: 0.385 spatial: 0.091 
(epoch: 57, iters: 872, time: 0.487, data: 0.001) G_GAN_ViT: 0.441 D_real_ViT: 0.138 D_fake_ViT: 0.175 global: 0.387 spatial: 0.089 
(epoch: 57, iters: 972, time: 0.487, data: 0.001) G_GAN_ViT: 0.543 D_real_ViT: 0.260 D_fake_ViT: 0.130 global: 0.514 spatial: 0.111 
(epoch: 57, iters: 1072, time: 0.487, data: 0.001) G_GAN_ViT: 0.475 D_real_ViT: 0.100 D_fake_ViT: 0.134 global: 0.272 spatial: 0.065 
(epoch: 57, iters: 1172, time: 0.487, data: 0.001) G_GAN_ViT: 0.249 D_real_ViT: 0.080 D_fake_ViT: 0.324 global: 0.546 spatial: 0.099 
(epoch: 57, iters: 1272, time: 0.487, data: 0.001) G_GAN_ViT: 0.455 D_real_ViT: 0.313 D_fake_ViT: 0.178 global: 0.382 spatial: 0.067 
(epoch: 57, iters: 1372, time: 0.487, data: 0.001) G_GAN_ViT: 0.495 D_real_ViT: 0.120 D_fake_ViT: 0.125 global: 0.255 spatial: 0.054 
(epoch: 57, iters: 1472, time: 0.487, data: 0.001) G_GAN_ViT: 0.461 D_real_ViT: 0.253 D_fake_ViT: 0.152 global: 0.354 spatial: 0.098 
(epoch: 57, iters: 1572, time: 0.487, data: 0.001) G_GAN_ViT: 0.505 D_real_ViT: 0.073 D_fake_ViT: 0.114 global: 0.324 spatial: 0.077 
(epoch: 57, iters: 1672, time: 0.487, data: 0.002) G_GAN_ViT: 0.427 D_real_ViT: 0.219 D_fake_ViT: 0.170 global: 0.345 spatial: 0.070 
(epoch: 57, iters: 1772, time: 0.487, data: 0.002) G_GAN_ViT: 0.324 D_real_ViT: 0.199 D_fake_ViT: 0.248 global: 0.357 spatial: 0.078 
(epoch: 57, iters: 1872, time: 0.487, data: 0.001) G_GAN_ViT: 0.386 D_real_ViT: 0.269 D_fake_ViT: 0.193 global: 0.299 spatial: 0.074 
(epoch: 57, iters: 1972, time: 0.487, data: 0.001) G_GAN_ViT: 0.552 D_real_ViT: 0.309 D_fake_ViT: 0.100 global: 0.331 spatial: 0.067 
(epoch: 57, iters: 2072, time: 0.487, data: 0.001) G_GAN_ViT: 0.514 D_real_ViT: 0.203 D_fake_ViT: 0.120 global: 0.306 spatial: 0.077 
(epoch: 57, iters: 2172, time: 0.487, data: 0.001) G_GAN_ViT: 0.432 D_real_ViT: 0.206 D_fake_ViT: 0.163 global: 0.408 spatial: 0.078 
(epoch: 57, iters: 2272, time: 0.487, data: 0.001) G_GAN_ViT: 0.301 D_real_ViT: 0.222 D_fake_ViT: 0.277 global: 0.529 spatial: 0.098 
(epoch: 57, iters: 2372, time: 0.487, data: 0.001) G_GAN_ViT: 0.283 D_real_ViT: 0.252 D_fake_ViT: 0.289 global: 0.417 spatial: 0.073 
(epoch: 57, iters: 2472, time: 0.487, data: 0.001) G_GAN_ViT: 0.549 D_real_ViT: 0.270 D_fake_ViT: 0.103 global: 0.352 spatial: 0.070 
(epoch: 57, iters: 2572, time: 0.487, data: 0.001) G_GAN_ViT: 0.533 D_real_ViT: 0.113 D_fake_ViT: 0.114 global: 0.318 spatial: 0.086 
(epoch: 57, iters: 2672, time: 0.487, data: 0.001) G_GAN_ViT: 0.411 D_real_ViT: 0.113 D_fake_ViT: 0.182 global: 0.303 spatial: 0.078 
(epoch: 57, iters: 2772, time: 0.487, data: 0.001) G_GAN_ViT: 0.492 D_real_ViT: 0.244 D_fake_ViT: 0.133 global: 0.507 spatial: 0.085 
(epoch: 57, iters: 2872, time: 0.487, data: 0.001) G_GAN_ViT: 0.247 D_real_ViT: 0.350 D_fake_ViT: 0.307 global: 0.343 spatial: 0.071 
(epoch: 57, iters: 2972, time: 0.487, data: 0.001) G_GAN_ViT: 0.455 D_real_ViT: 0.315 D_fake_ViT: 0.154 global: 0.332 spatial: 0.071 
(epoch: 57, iters: 3072, time: 0.487, data: 0.001) G_GAN_ViT: 0.313 D_real_ViT: 0.276 D_fake_ViT: 0.243 global: 0.322 spatial: 0.067 
(epoch: 57, iters: 3172, time: 0.486, data: 0.001) G_GAN_ViT: 0.424 D_real_ViT: 0.074 D_fake_ViT: 0.179 global: 0.286 spatial: 0.071 
(epoch: 57, iters: 3272, time: 0.486, data: 0.001) G_GAN_ViT: 0.295 D_real_ViT: 0.137 D_fake_ViT: 0.275 global: 0.322 spatial: 0.078 
(epoch: 57, iters: 3372, time: 0.486, data: 0.001) G_GAN_ViT: 0.410 D_real_ViT: 0.205 D_fake_ViT: 0.169 global: 0.321 spatial: 0.072 
(epoch: 57, iters: 3472, time: 0.486, data: 0.001) G_GAN_ViT: 0.252 D_real_ViT: 0.284 D_fake_ViT: 0.312 global: 0.449 spatial: 0.089 
(epoch: 57, iters: 3572, time: 0.487, data: 0.001) G_GAN_ViT: 0.261 D_real_ViT: 0.202 D_fake_ViT: 0.283 global: 0.311 spatial: 0.062 
(epoch: 57, iters: 3672, time: 0.486, data: 0.001) G_GAN_ViT: 0.550 D_real_ViT: 0.379 D_fake_ViT: 0.114 global: 0.386 spatial: 0.084 
(epoch: 57, iters: 3772, time: 0.486, data: 0.001) G_GAN_ViT: 0.526 D_real_ViT: 0.383 D_fake_ViT: 0.145 global: 0.357 spatial: 0.082 
(epoch: 57, iters: 3872, time: 0.487, data: 0.001) G_GAN_ViT: 0.400 D_real_ViT: 0.099 D_fake_ViT: 0.185 global: 0.535 spatial: 0.080 
(epoch: 57, iters: 3972, time: 0.486, data: 0.001) G_GAN_ViT: 0.462 D_real_ViT: 0.185 D_fake_ViT: 0.143 global: 0.339 spatial: 0.066 
(epoch: 57, iters: 4072, time: 0.487, data: 0.001) G_GAN_ViT: 0.336 D_real_ViT: 0.196 D_fake_ViT: 0.237 global: 0.551 spatial: 0.088 
(epoch: 57, iters: 4172, time: 0.487, data: 0.001) G_GAN_ViT: 0.241 D_real_ViT: 0.282 D_fake_ViT: 0.311 global: 0.347 spatial: 0.081 
(epoch: 57, iters: 4272, time: 0.487, data: 0.001) G_GAN_ViT: 0.276 D_real_ViT: 0.233 D_fake_ViT: 0.272 global: 0.304 spatial: 0.062 
(epoch: 57, iters: 4372, time: 0.486, data: 0.001) G_GAN_ViT: 0.573 D_real_ViT: 0.109 D_fake_ViT: 0.095 global: 0.302 spatial: 0.069 
(epoch: 57, iters: 4472, time: 0.487, data: 0.001) G_GAN_ViT: 0.436 D_real_ViT: 0.141 D_fake_ViT: 0.160 global: 0.314 spatial: 0.079 
(epoch: 57, iters: 4572, time: 0.487, data: 0.001) G_GAN_ViT: 0.337 D_real_ViT: 0.131 D_fake_ViT: 0.235 global: 0.304 spatial: 0.078 
(epoch: 57, iters: 4672, time: 0.486, data: 0.001) G_GAN_ViT: 0.533 D_real_ViT: 0.165 D_fake_ViT: 0.113 global: 0.378 spatial: 0.090 
(epoch: 57, iters: 4772, time: 0.486, data: 0.001) G_GAN_ViT: 0.517 D_real_ViT: 0.182 D_fake_ViT: 0.149 global: 0.381 spatial: 0.078 
(epoch: 57, iters: 4872, time: 0.486, data: 0.001) G_GAN_ViT: 0.275 D_real_ViT: 0.261 D_fake_ViT: 0.285 global: 0.541 spatial: 0.092 
saving the latest model (epoch 57, total_iters 315000)
ICL_single_traffic_city
(epoch: 57, iters: 4972, time: 0.486, data: 0.001) G_GAN_ViT: 0.230 D_real_ViT: 0.313 D_fake_ViT: 0.343 global: 0.466 spatial: 0.092 
(epoch: 57, iters: 5072, time: 0.486, data: 0.001) G_GAN_ViT: 0.264 D_real_ViT: 0.116 D_fake_ViT: 0.306 global: 0.351 spatial: 0.090 
(epoch: 57, iters: 5172, time: 0.486, data: 0.001) G_GAN_ViT: 0.327 D_real_ViT: 0.179 D_fake_ViT: 0.235 global: 0.431 spatial: 0.083 
(epoch: 57, iters: 5272, time: 0.486, data: 0.001) G_GAN_ViT: 0.529 D_real_ViT: 0.067 D_fake_ViT: 0.103 global: 0.300 spatial: 0.069 
(epoch: 57, iters: 5372, time: 0.487, data: 0.001) G_GAN_ViT: 0.385 D_real_ViT: 0.310 D_fake_ViT: 0.179 global: 0.496 spatial: 0.084 
(epoch: 57, iters: 5472, time: 0.487, data: 0.002) G_GAN_ViT: 0.446 D_real_ViT: 0.240 D_fake_ViT: 0.162 global: 0.342 spatial: 0.072 
End of epoch 57 / 100 	 Time Taken: 2703 sec
learning rate = 0.0000084
(epoch: 58, iters: 34, time: 0.486, data: 0.001) G_GAN_ViT: 0.522 D_real_ViT: 0.236 D_fake_ViT: 0.136 global: 0.355 spatial: 0.082 
(epoch: 58, iters: 134, time: 0.487, data: 0.001) G_GAN_ViT: 0.354 D_real_ViT: 0.340 D_fake_ViT: 0.211 global: 0.502 spatial: 0.091 
(epoch: 58, iters: 234, time: 0.486, data: 0.001) G_GAN_ViT: 0.470 D_real_ViT: 0.351 D_fake_ViT: 0.140 global: 0.299 spatial: 0.078 
(epoch: 58, iters: 334, time: 0.486, data: 0.001) G_GAN_ViT: 0.382 D_real_ViT: 0.185 D_fake_ViT: 0.200 global: 0.304 spatial: 0.073 
(epoch: 58, iters: 434, time: 0.486, data: 0.001) G_GAN_ViT: 0.444 D_real_ViT: 0.130 D_fake_ViT: 0.155 global: 0.324 spatial: 0.067 
(epoch: 58, iters: 534, time: 0.487, data: 0.001) G_GAN_ViT: 0.294 D_real_ViT: 0.207 D_fake_ViT: 0.261 global: 0.330 spatial: 0.074 
(epoch: 58, iters: 634, time: 0.487, data: 0.001) G_GAN_ViT: 0.413 D_real_ViT: 0.247 D_fake_ViT: 0.176 global: 0.324 spatial: 0.074 
(epoch: 58, iters: 734, time: 0.487, data: 0.001) G_GAN_ViT: 0.460 D_real_ViT: 0.133 D_fake_ViT: 0.146 global: 0.421 spatial: 0.080 
(epoch: 58, iters: 834, time: 0.487, data: 0.001) G_GAN_ViT: 0.315 D_real_ViT: 0.435 D_fake_ViT: 0.263 global: 0.424 spatial: 0.113 
(epoch: 58, iters: 934, time: 0.487, data: 0.001) G_GAN_ViT: 0.569 D_real_ViT: 0.238 D_fake_ViT: 0.105 global: 0.376 spatial: 0.091 
(epoch: 58, iters: 1034, time: 0.486, data: 0.001) G_GAN_ViT: 0.389 D_real_ViT: 0.255 D_fake_ViT: 0.201 global: 0.367 spatial: 0.090 
(epoch: 58, iters: 1134, time: 0.486, data: 0.001) G_GAN_ViT: 0.356 D_real_ViT: 0.354 D_fake_ViT: 0.208 global: 0.543 spatial: 0.094 
(epoch: 58, iters: 1234, time: 0.486, data: 0.001) G_GAN_ViT: 0.409 D_real_ViT: 0.175 D_fake_ViT: 0.176 global: 0.408 spatial: 0.084 
(epoch: 58, iters: 1334, time: 0.486, data: 0.001) G_GAN_ViT: 0.509 D_real_ViT: 0.246 D_fake_ViT: 0.110 global: 0.289 spatial: 0.064 
(epoch: 58, iters: 1434, time: 0.486, data: 0.001) G_GAN_ViT: 0.373 D_real_ViT: 0.188 D_fake_ViT: 0.206 global: 0.334 spatial: 0.083 
(epoch: 58, iters: 1534, time: 0.487, data: 0.001) G_GAN_ViT: 0.465 D_real_ViT: 0.222 D_fake_ViT: 0.139 global: 0.389 spatial: 0.083 
(epoch: 58, iters: 1634, time: 0.487, data: 0.001) G_GAN_ViT: 0.318 D_real_ViT: 0.356 D_fake_ViT: 0.249 global: 0.529 spatial: 0.085 
(epoch: 58, iters: 1734, time: 0.486, data: 0.001) G_GAN_ViT: 0.408 D_real_ViT: 0.207 D_fake_ViT: 0.184 global: 0.276 spatial: 0.081 
(epoch: 58, iters: 1834, time: 0.487, data: 0.001) G_GAN_ViT: 0.367 D_real_ViT: 0.196 D_fake_ViT: 0.235 global: 0.472 spatial: 0.095 
(epoch: 58, iters: 1934, time: 0.487, data: 0.001) G_GAN_ViT: 0.292 D_real_ViT: 0.220 D_fake_ViT: 0.252 global: 0.464 spatial: 0.096 
(epoch: 58, iters: 2034, time: 0.486, data: 0.001) G_GAN_ViT: 0.374 D_real_ViT: 0.273 D_fake_ViT: 0.215 global: 0.399 spatial: 0.080 
(epoch: 58, iters: 2134, time: 0.487, data: 0.001) G_GAN_ViT: 0.352 D_real_ViT: 0.353 D_fake_ViT: 0.203 global: 0.488 spatial: 0.083 
(epoch: 58, iters: 2234, time: 0.487, data: 0.001) G_GAN_ViT: 0.380 D_real_ViT: 0.198 D_fake_ViT: 0.196 global: 0.376 spatial: 0.072 
(epoch: 58, iters: 2334, time: 0.487, data: 0.001) G_GAN_ViT: 0.415 D_real_ViT: 0.213 D_fake_ViT: 0.164 global: 0.468 spatial: 0.080 
(epoch: 58, iters: 2434, time: 0.487, data: 0.001) G_GAN_ViT: 0.271 D_real_ViT: 0.218 D_fake_ViT: 0.287 global: 0.335 spatial: 0.079 
(epoch: 58, iters: 2534, time: 0.486, data: 0.002) G_GAN_ViT: 0.306 D_real_ViT: 0.162 D_fake_ViT: 0.287 global: 0.382 spatial: 0.102 
(epoch: 58, iters: 2634, time: 0.487, data: 0.001) G_GAN_ViT: 0.336 D_real_ViT: 0.185 D_fake_ViT: 0.222 global: 0.514 spatial: 0.102 
(epoch: 58, iters: 2734, time: 0.486, data: 0.001) G_GAN_ViT: 0.378 D_real_ViT: 0.166 D_fake_ViT: 0.197 global: 0.375 spatial: 0.077 
(epoch: 58, iters: 2834, time: 0.486, data: 0.001) G_GAN_ViT: 0.453 D_real_ViT: 0.117 D_fake_ViT: 0.144 global: 0.344 spatial: 0.095 
(epoch: 58, iters: 2934, time: 0.486, data: 0.001) G_GAN_ViT: 0.332 D_real_ViT: 0.197 D_fake_ViT: 0.257 global: 0.403 spatial: 0.108 
(epoch: 58, iters: 3034, time: 0.486, data: 0.001) G_GAN_ViT: 0.576 D_real_ViT: 0.295 D_fake_ViT: 0.105 global: 0.338 spatial: 0.082 
(epoch: 58, iters: 3134, time: 0.486, data: 0.001) G_GAN_ViT: 0.378 D_real_ViT: 0.114 D_fake_ViT: 0.222 global: 0.372 spatial: 0.074 
(epoch: 58, iters: 3234, time: 0.486, data: 0.001) G_GAN_ViT: 0.448 D_real_ViT: 0.033 D_fake_ViT: 0.227 global: 0.359 spatial: 0.080 
(epoch: 58, iters: 3334, time: 0.486, data: 0.001) G_GAN_ViT: 0.337 D_real_ViT: 0.198 D_fake_ViT: 0.221 global: 0.306 spatial: 0.070 
(epoch: 58, iters: 3434, time: 0.486, data: 0.001) G_GAN_ViT: 0.443 D_real_ViT: 0.249 D_fake_ViT: 0.152 global: 0.258 spatial: 0.060 
(epoch: 58, iters: 3534, time: 0.487, data: 0.001) G_GAN_ViT: 0.303 D_real_ViT: 0.234 D_fake_ViT: 0.251 global: 0.328 spatial: 0.070 
(epoch: 58, iters: 3634, time: 0.487, data: 0.001) G_GAN_ViT: 0.373 D_real_ViT: 0.158 D_fake_ViT: 0.208 global: 0.433 spatial: 0.082 
(epoch: 58, iters: 3734, time: 0.487, data: 0.001) G_GAN_ViT: 0.466 D_real_ViT: 0.345 D_fake_ViT: 0.140 global: 0.285 spatial: 0.072 
(epoch: 58, iters: 3834, time: 0.487, data: 0.002) G_GAN_ViT: 0.487 D_real_ViT: 0.192 D_fake_ViT: 0.127 global: 0.334 spatial: 0.066 
(epoch: 58, iters: 3934, time: 0.487, data: 0.001) G_GAN_ViT: 0.330 D_real_ViT: 0.272 D_fake_ViT: 0.232 global: 0.502 spatial: 0.078 
(epoch: 58, iters: 4034, time: 0.487, data: 0.001) G_GAN_ViT: 0.452 D_real_ViT: 0.303 D_fake_ViT: 0.135 global: 0.319 spatial: 0.069 
(epoch: 58, iters: 4134, time: 0.486, data: 0.002) G_GAN_ViT: 0.224 D_real_ViT: 0.282 D_fake_ViT: 0.337 global: 0.269 spatial: 0.065 
(epoch: 58, iters: 4234, time: 0.487, data: 0.001) G_GAN_ViT: 0.295 D_real_ViT: 0.231 D_fake_ViT: 0.257 global: 0.517 spatial: 0.083 
(epoch: 58, iters: 4334, time: 0.486, data: 0.001) G_GAN_ViT: 0.434 D_real_ViT: 0.280 D_fake_ViT: 0.152 global: 0.312 spatial: 0.078 
saving the latest model (epoch 58, total_iters 320000)
ICL_single_traffic_city
(epoch: 58, iters: 4434, time: 0.486, data: 0.001) G_GAN_ViT: 0.461 D_real_ViT: 0.127 D_fake_ViT: 0.160 global: 0.356 spatial: 0.082 
(epoch: 58, iters: 4534, time: 0.486, data: 0.001) G_GAN_ViT: 0.391 D_real_ViT: 0.384 D_fake_ViT: 0.204 global: 0.338 spatial: 0.071 
(epoch: 58, iters: 4634, time: 0.486, data: 0.001) G_GAN_ViT: 0.373 D_real_ViT: 0.322 D_fake_ViT: 0.202 global: 0.441 spatial: 0.091 
(epoch: 58, iters: 4734, time: 0.487, data: 0.001) G_GAN_ViT: 0.381 D_real_ViT: 0.198 D_fake_ViT: 0.210 global: 0.343 spatial: 0.071 
(epoch: 58, iters: 4834, time: 0.486, data: 0.001) G_GAN_ViT: 0.516 D_real_ViT: 0.153 D_fake_ViT: 0.120 global: 0.305 spatial: 0.072 
(epoch: 58, iters: 4934, time: 0.487, data: 0.001) G_GAN_ViT: 0.461 D_real_ViT: 0.113 D_fake_ViT: 0.153 global: 0.415 spatial: 0.071 
(epoch: 58, iters: 5034, time: 0.487, data: 0.001) G_GAN_ViT: 0.377 D_real_ViT: 0.118 D_fake_ViT: 0.194 global: 0.391 spatial: 0.074 
(epoch: 58, iters: 5134, time: 0.487, data: 0.003) G_GAN_ViT: 0.182 D_real_ViT: 0.110 D_fake_ViT: 0.424 global: 0.445 spatial: 0.083 
(epoch: 58, iters: 5234, time: 0.486, data: 0.001) G_GAN_ViT: 0.455 D_real_ViT: 0.354 D_fake_ViT: 0.145 global: 0.408 spatial: 0.080 
(epoch: 58, iters: 5334, time: 0.486, data: 0.001) G_GAN_ViT: 0.426 D_real_ViT: 0.232 D_fake_ViT: 0.163 global: 0.369 spatial: 0.072 
(epoch: 58, iters: 5434, time: 0.487, data: 0.001) G_GAN_ViT: 0.517 D_real_ViT: 0.255 D_fake_ViT: 0.137 global: 0.316 spatial: 0.079 
(epoch: 58, iters: 5534, time: 0.487, data: 0.001) G_GAN_ViT: 0.365 D_real_ViT: 0.310 D_fake_ViT: 0.210 global: 0.362 spatial: 0.088 
End of epoch 58 / 100 	 Time Taken: 2703 sec
learning rate = 0.0000082
(epoch: 59, iters: 96, time: 0.487, data: 0.001) G_GAN_ViT: 0.393 D_real_ViT: 0.205 D_fake_ViT: 0.186 global: 0.256 spatial: 0.071 
(epoch: 59, iters: 196, time: 0.487, data: 0.001) G_GAN_ViT: 0.327 D_real_ViT: 0.247 D_fake_ViT: 0.241 global: 0.439 spatial: 0.083 
(epoch: 59, iters: 296, time: 0.486, data: 0.001) G_GAN_ViT: 0.411 D_real_ViT: 0.354 D_fake_ViT: 0.163 global: 0.344 spatial: 0.083 
(epoch: 59, iters: 396, time: 0.486, data: 0.001) G_GAN_ViT: 0.388 D_real_ViT: 0.324 D_fake_ViT: 0.179 global: 0.323 spatial: 0.066 
(epoch: 59, iters: 496, time: 0.487, data: 0.001) G_GAN_ViT: 0.421 D_real_ViT: 0.271 D_fake_ViT: 0.159 global: 0.336 spatial: 0.083 
(epoch: 59, iters: 596, time: 0.486, data: 0.001) G_GAN_ViT: 0.358 D_real_ViT: 0.230 D_fake_ViT: 0.207 global: 0.456 spatial: 0.082 
(epoch: 59, iters: 696, time: 0.487, data: 0.001) G_GAN_ViT: 0.196 D_real_ViT: 0.261 D_fake_ViT: 0.377 global: 0.285 spatial: 0.064 
(epoch: 59, iters: 796, time: 0.485, data: 0.001) G_GAN_ViT: 0.461 D_real_ViT: 0.153 D_fake_ViT: 0.139 global: 0.336 spatial: 0.079 
(epoch: 59, iters: 896, time: 0.486, data: 0.001) G_GAN_ViT: 0.543 D_real_ViT: 0.226 D_fake_ViT: 0.128 global: 0.327 spatial: 0.068 
(epoch: 59, iters: 996, time: 0.486, data: 0.001) G_GAN_ViT: 0.382 D_real_ViT: 0.058 D_fake_ViT: 0.190 global: 0.410 spatial: 0.085 
(epoch: 59, iters: 1096, time: 0.486, data: 0.001) G_GAN_ViT: 0.516 D_real_ViT: 0.289 D_fake_ViT: 0.128 global: 0.419 spatial: 0.080 
(epoch: 59, iters: 1196, time: 0.486, data: 0.001) G_GAN_ViT: 0.269 D_real_ViT: 0.266 D_fake_ViT: 0.286 global: 0.304 spatial: 0.069 
(epoch: 59, iters: 1296, time: 0.486, data: 0.001) G_GAN_ViT: 0.481 D_real_ViT: 0.104 D_fake_ViT: 0.144 global: 0.327 spatial: 0.083 
(epoch: 59, iters: 1396, time: 0.487, data: 0.001) G_GAN_ViT: 0.423 D_real_ViT: 0.119 D_fake_ViT: 0.168 global: 0.409 spatial: 0.092 
(epoch: 59, iters: 1496, time: 0.487, data: 0.001) G_GAN_ViT: 0.341 D_real_ViT: 0.140 D_fake_ViT: 0.246 global: 0.387 spatial: 0.100 
(epoch: 59, iters: 1596, time: 0.487, data: 0.001) G_GAN_ViT: 0.402 D_real_ViT: 0.218 D_fake_ViT: 0.184 global: 0.323 spatial: 0.072 
(epoch: 59, iters: 1696, time: 0.487, data: 0.001) G_GAN_ViT: 0.240 D_real_ViT: 0.317 D_fake_ViT: 0.306 global: 0.326 spatial: 0.081 
(epoch: 59, iters: 1796, time: 0.487, data: 0.001) G_GAN_ViT: 0.440 D_real_ViT: 0.318 D_fake_ViT: 0.162 global: 0.262 spatial: 0.064 
(epoch: 59, iters: 1896, time: 0.487, data: 0.001) G_GAN_ViT: 0.265 D_real_ViT: 0.329 D_fake_ViT: 0.299 global: 0.539 spatial: 0.088 
(epoch: 59, iters: 1996, time: 0.486, data: 0.001) G_GAN_ViT: 0.432 D_real_ViT: 0.266 D_fake_ViT: 0.152 global: 0.360 spatial: 0.084 
(epoch: 59, iters: 2096, time: 0.486, data: 0.001) G_GAN_ViT: 0.491 D_real_ViT: 0.197 D_fake_ViT: 0.142 global: 0.384 spatial: 0.080 
(epoch: 59, iters: 2196, time: 0.486, data: 0.001) G_GAN_ViT: 0.516 D_real_ViT: 0.163 D_fake_ViT: 0.143 global: 0.355 spatial: 0.090 
(epoch: 59, iters: 2296, time: 0.487, data: 0.001) G_GAN_ViT: 0.361 D_real_ViT: 0.304 D_fake_ViT: 0.221 global: 0.417 spatial: 0.087 
(epoch: 59, iters: 2396, time: 0.487, data: 0.003) G_GAN_ViT: 0.330 D_real_ViT: 0.276 D_fake_ViT: 0.237 global: 0.307 spatial: 0.075 
(epoch: 59, iters: 2496, time: 0.487, data: 0.001) G_GAN_ViT: 0.444 D_real_ViT: 0.376 D_fake_ViT: 0.165 global: 0.406 spatial: 0.094 
(epoch: 59, iters: 2596, time: 0.486, data: 0.001) G_GAN_ViT: 0.347 D_real_ViT: 0.428 D_fake_ViT: 0.218 global: 0.400 spatial: 0.092 
(epoch: 59, iters: 2696, time: 0.487, data: 0.001) G_GAN_ViT: 0.260 D_real_ViT: 0.216 D_fake_ViT: 0.297 global: 0.276 spatial: 0.076 
(epoch: 59, iters: 2796, time: 0.487, data: 0.001) G_GAN_ViT: 0.518 D_real_ViT: 0.283 D_fake_ViT: 0.115 global: 0.350 spatial: 0.078 
(epoch: 59, iters: 2896, time: 0.487, data: 0.001) G_GAN_ViT: 0.433 D_real_ViT: 0.137 D_fake_ViT: 0.152 global: 0.341 spatial: 0.083 
(epoch: 59, iters: 2996, time: 0.486, data: 0.001) G_GAN_ViT: 0.353 D_real_ViT: 0.327 D_fake_ViT: 0.202 global: 0.284 spatial: 0.070 
(epoch: 59, iters: 3096, time: 0.486, data: 0.001) G_GAN_ViT: 0.379 D_real_ViT: 0.320 D_fake_ViT: 0.186 global: 0.451 spatial: 0.088 
(epoch: 59, iters: 3196, time: 0.487, data: 0.001) G_GAN_ViT: 0.462 D_real_ViT: 0.149 D_fake_ViT: 0.137 global: 0.296 spatial: 0.073 
(epoch: 59, iters: 3296, time: 0.486, data: 0.001) G_GAN_ViT: 0.251 D_real_ViT: 0.385 D_fake_ViT: 0.297 global: 0.381 spatial: 0.074 
(epoch: 59, iters: 3396, time: 0.486, data: 0.001) G_GAN_ViT: 0.440 D_real_ViT: 0.256 D_fake_ViT: 0.148 global: 0.303 spatial: 0.075 
(epoch: 59, iters: 3496, time: 0.486, data: 0.001) G_GAN_ViT: 0.426 D_real_ViT: 0.289 D_fake_ViT: 0.149 global: 0.346 spatial: 0.083 
(epoch: 59, iters: 3596, time: 0.486, data: 0.001) G_GAN_ViT: 0.387 D_real_ViT: 0.187 D_fake_ViT: 0.176 global: 0.304 spatial: 0.063 
(epoch: 59, iters: 3696, time: 0.486, data: 0.002) G_GAN_ViT: 0.506 D_real_ViT: 0.219 D_fake_ViT: 0.117 global: 0.309 spatial: 0.071 
(epoch: 59, iters: 3796, time: 0.486, data: 0.001) G_GAN_ViT: 0.410 D_real_ViT: 0.287 D_fake_ViT: 0.173 global: 0.293 spatial: 0.073 
saving the latest model (epoch 59, total_iters 325000)
ICL_single_traffic_city
(epoch: 59, iters: 3896, time: 0.486, data: 0.001) G_GAN_ViT: 0.266 D_real_ViT: 0.163 D_fake_ViT: 0.314 global: 0.473 spatial: 0.088 
(epoch: 59, iters: 3996, time: 0.486, data: 0.001) G_GAN_ViT: 0.432 D_real_ViT: 0.157 D_fake_ViT: 0.153 global: 0.310 spatial: 0.077 
(epoch: 59, iters: 4096, time: 0.486, data: 0.001) G_GAN_ViT: 0.345 D_real_ViT: 0.142 D_fake_ViT: 0.227 global: 0.272 spatial: 0.066 
(epoch: 59, iters: 4196, time: 0.486, data: 0.001) G_GAN_ViT: 0.244 D_real_ViT: 0.087 D_fake_ViT: 0.336 global: 0.537 spatial: 0.092 
(epoch: 59, iters: 4296, time: 0.486, data: 0.001) G_GAN_ViT: 0.441 D_real_ViT: 0.348 D_fake_ViT: 0.162 global: 0.309 spatial: 0.072 
(epoch: 59, iters: 4396, time: 0.486, data: 0.001) G_GAN_ViT: 0.460 D_real_ViT: 0.179 D_fake_ViT: 0.148 global: 0.358 spatial: 0.086 
(epoch: 59, iters: 4496, time: 0.486, data: 0.001) G_GAN_ViT: 0.449 D_real_ViT: 0.069 D_fake_ViT: 0.149 global: 0.344 spatial: 0.069 
(epoch: 59, iters: 4596, time: 0.486, data: 0.001) G_GAN_ViT: 0.442 D_real_ViT: 0.365 D_fake_ViT: 0.139 global: 0.311 spatial: 0.070 
(epoch: 59, iters: 4696, time: 0.486, data: 0.001) G_GAN_ViT: 0.365 D_real_ViT: 0.241 D_fake_ViT: 0.201 global: 0.500 spatial: 0.082 
(epoch: 59, iters: 4796, time: 0.486, data: 0.001) G_GAN_ViT: 0.340 D_real_ViT: 0.251 D_fake_ViT: 0.223 global: 0.537 spatial: 0.081 
(epoch: 59, iters: 4896, time: 0.486, data: 0.001) G_GAN_ViT: 0.345 D_real_ViT: 0.203 D_fake_ViT: 0.215 global: 0.402 spatial: 0.077 
(epoch: 59, iters: 4996, time: 0.486, data: 0.001) G_GAN_ViT: 0.476 D_real_ViT: 0.258 D_fake_ViT: 0.126 global: 0.265 spatial: 0.071 
(epoch: 59, iters: 5096, time: 0.486, data: 0.001) G_GAN_ViT: 0.440 D_real_ViT: 0.100 D_fake_ViT: 0.167 global: 0.423 spatial: 0.083 
(epoch: 59, iters: 5196, time: 0.486, data: 0.001) G_GAN_ViT: 0.497 D_real_ViT: 0.364 D_fake_ViT: 0.122 global: 0.399 spatial: 0.077 
(epoch: 59, iters: 5296, time: 0.486, data: 0.001) G_GAN_ViT: 0.268 D_real_ViT: 0.143 D_fake_ViT: 0.301 global: 0.534 spatial: 0.108 
(epoch: 59, iters: 5396, time: 0.486, data: 0.001) G_GAN_ViT: 0.312 D_real_ViT: 0.135 D_fake_ViT: 0.272 global: 0.375 spatial: 0.101 
(epoch: 59, iters: 5496, time: 0.486, data: 0.001) G_GAN_ViT: 0.187 D_real_ViT: 0.193 D_fake_ViT: 0.399 global: 0.402 spatial: 0.086 
End of epoch 59 / 100 	 Time Taken: 2702 sec
learning rate = 0.0000080
(epoch: 60, iters: 58, time: 0.486, data: 0.001) G_GAN_ViT: 0.399 D_real_ViT: 0.286 D_fake_ViT: 0.174 global: 0.318 spatial: 0.072 
(epoch: 60, iters: 158, time: 0.486, data: 0.001) G_GAN_ViT: 0.326 D_real_ViT: 0.182 D_fake_ViT: 0.233 global: 0.503 spatial: 0.089 
(epoch: 60, iters: 258, time: 0.486, data: 0.001) G_GAN_ViT: 0.204 D_real_ViT: 0.154 D_fake_ViT: 0.369 global: 0.376 spatial: 0.079 
(epoch: 60, iters: 358, time: 0.486, data: 0.001) G_GAN_ViT: 0.235 D_real_ViT: 0.222 D_fake_ViT: 0.337 global: 0.606 spatial: 0.094 
(epoch: 60, iters: 458, time: 0.486, data: 0.001) G_GAN_ViT: 0.497 D_real_ViT: 0.213 D_fake_ViT: 0.130 global: 0.363 spatial: 0.091 
(epoch: 60, iters: 558, time: 0.486, data: 0.001) G_GAN_ViT: 0.305 D_real_ViT: 0.276 D_fake_ViT: 0.256 global: 0.421 spatial: 0.093 
(epoch: 60, iters: 658, time: 0.486, data: 0.001) G_GAN_ViT: 0.285 D_real_ViT: 0.113 D_fake_ViT: 0.262 global: 0.308 spatial: 0.063 
(epoch: 60, iters: 758, time: 0.486, data: 0.001) G_GAN_ViT: 0.399 D_real_ViT: 0.179 D_fake_ViT: 0.212 global: 0.355 spatial: 0.095 
(epoch: 60, iters: 858, time: 0.486, data: 0.001) G_GAN_ViT: 0.441 D_real_ViT: 0.091 D_fake_ViT: 0.145 global: 0.297 spatial: 0.073 
(epoch: 60, iters: 958, time: 0.486, data: 0.001) G_GAN_ViT: 0.236 D_real_ViT: 0.057 D_fake_ViT: 0.322 global: 0.313 spatial: 0.072 
(epoch: 60, iters: 1058, time: 0.487, data: 0.001) G_GAN_ViT: 0.378 D_real_ViT: 0.390 D_fake_ViT: 0.184 global: 0.293 spatial: 0.071 
(epoch: 60, iters: 1158, time: 0.487, data: 0.001) G_GAN_ViT: 0.507 D_real_ViT: 0.210 D_fake_ViT: 0.132 global: 0.509 spatial: 0.083 
(epoch: 60, iters: 1258, time: 0.488, data: 0.001) G_GAN_ViT: 0.266 D_real_ViT: 0.217 D_fake_ViT: 0.292 global: 0.539 spatial: 0.085 
(epoch: 60, iters: 1358, time: 0.487, data: 0.001) G_GAN_ViT: 0.295 D_real_ViT: 0.297 D_fake_ViT: 0.273 global: 0.359 spatial: 0.102 
(epoch: 60, iters: 1458, time: 0.486, data: 0.001) G_GAN_ViT: 0.475 D_real_ViT: 0.061 D_fake_ViT: 0.137 global: 0.322 spatial: 0.081 
(epoch: 60, iters: 1558, time: 0.487, data: 0.001) G_GAN_ViT: 0.309 D_real_ViT: 0.248 D_fake_ViT: 0.246 global: 0.310 spatial: 0.056 
(epoch: 60, iters: 1658, time: 0.486, data: 0.001) G_GAN_ViT: 0.322 D_real_ViT: 0.215 D_fake_ViT: 0.235 global: 0.321 spatial: 0.075 
(epoch: 60, iters: 1758, time: 0.486, data: 0.001) G_GAN_ViT: 0.480 D_real_ViT: 0.204 D_fake_ViT: 0.148 global: 0.433 spatial: 0.085 
(epoch: 60, iters: 1858, time: 0.486, data: 0.001) G_GAN_ViT: 0.467 D_real_ViT: 0.211 D_fake_ViT: 0.136 global: 0.275 spatial: 0.071 
(epoch: 60, iters: 1958, time: 0.487, data: 0.001) G_GAN_ViT: 0.391 D_real_ViT: 0.211 D_fake_ViT: 0.178 global: 0.430 spatial: 0.092 
(epoch: 60, iters: 2058, time: 0.486, data: 0.001) G_GAN_ViT: 0.408 D_real_ViT: 0.212 D_fake_ViT: 0.164 global: 0.290 spatial: 0.075 
(epoch: 60, iters: 2158, time: 0.486, data: 0.001) G_GAN_ViT: 0.417 D_real_ViT: 0.307 D_fake_ViT: 0.168 global: 0.306 spatial: 0.088 
(epoch: 60, iters: 2258, time: 0.486, data: 0.001) G_GAN_ViT: 0.433 D_real_ViT: 0.255 D_fake_ViT: 0.152 global: 0.317 spatial: 0.070 
(epoch: 60, iters: 2358, time: 0.486, data: 0.001) G_GAN_ViT: 0.360 D_real_ViT: 0.151 D_fake_ViT: 0.253 global: 0.550 spatial: 0.095 
(epoch: 60, iters: 2458, time: 0.486, data: 0.002) G_GAN_ViT: 0.450 D_real_ViT: 0.307 D_fake_ViT: 0.143 global: 0.360 spatial: 0.074 
(epoch: 60, iters: 2558, time: 0.486, data: 0.001) G_GAN_ViT: 0.251 D_real_ViT: 0.096 D_fake_ViT: 0.309 global: 0.363 spatial: 0.095 
(epoch: 60, iters: 2658, time: 0.486, data: 0.001) G_GAN_ViT: 0.388 D_real_ViT: 0.125 D_fake_ViT: 0.194 global: 0.271 spatial: 0.066 
(epoch: 60, iters: 2758, time: 0.487, data: 0.001) G_GAN_ViT: 0.421 D_real_ViT: 0.240 D_fake_ViT: 0.177 global: 0.299 spatial: 0.083 
(epoch: 60, iters: 2858, time: 0.487, data: 0.001) G_GAN_ViT: 0.310 D_real_ViT: 0.234 D_fake_ViT: 0.254 global: 0.412 spatial: 0.086 
(epoch: 60, iters: 2958, time: 0.486, data: 0.001) G_GAN_ViT: 0.483 D_real_ViT: 0.322 D_fake_ViT: 0.125 global: 0.332 spatial: 0.088 
(epoch: 60, iters: 3058, time: 0.486, data: 0.001) G_GAN_ViT: 0.231 D_real_ViT: 0.122 D_fake_ViT: 0.316 global: 0.332 spatial: 0.079 
(epoch: 60, iters: 3158, time: 0.486, data: 0.002) G_GAN_ViT: 0.351 D_real_ViT: 0.143 D_fake_ViT: 0.208 global: 0.336 spatial: 0.068 
(epoch: 60, iters: 3258, time: 0.486, data: 0.001) G_GAN_ViT: 0.471 D_real_ViT: 0.292 D_fake_ViT: 0.131 global: 0.264 spatial: 0.062 
saving the latest model (epoch 60, total_iters 330000)
ICL_single_traffic_city
(epoch: 60, iters: 3358, time: 0.486, data: 0.001) G_GAN_ViT: 0.330 D_real_ViT: 0.259 D_fake_ViT: 0.242 global: 0.583 spatial: 0.091 
(epoch: 60, iters: 3458, time: 0.486, data: 0.001) G_GAN_ViT: 0.450 D_real_ViT: 0.170 D_fake_ViT: 0.142 global: 0.296 spatial: 0.062 
(epoch: 60, iters: 3558, time: 0.486, data: 0.001) G_GAN_ViT: 0.249 D_real_ViT: 0.176 D_fake_ViT: 0.300 global: 0.293 spatial: 0.065 
(epoch: 60, iters: 3658, time: 0.486, data: 0.001) G_GAN_ViT: 0.157 D_real_ViT: 0.307 D_fake_ViT: 0.438 global: 0.358 spatial: 0.076 
(epoch: 60, iters: 3758, time: 0.487, data: 0.001) G_GAN_ViT: 0.488 D_real_ViT: 0.231 D_fake_ViT: 0.135 global: 0.349 spatial: 0.074 
(epoch: 60, iters: 3858, time: 0.487, data: 0.001) G_GAN_ViT: 0.346 D_real_ViT: 0.278 D_fake_ViT: 0.225 global: 0.321 spatial: 0.092 
(epoch: 60, iters: 3958, time: 0.487, data: 0.001) G_GAN_ViT: 0.388 D_real_ViT: 0.133 D_fake_ViT: 0.210 global: 0.460 spatial: 0.083 
(epoch: 60, iters: 4058, time: 0.487, data: 0.001) G_GAN_ViT: 0.341 D_real_ViT: 0.322 D_fake_ViT: 0.223 global: 0.476 spatial: 0.084 
(epoch: 60, iters: 4158, time: 0.487, data: 0.002) G_GAN_ViT: 0.414 D_real_ViT: 0.373 D_fake_ViT: 0.180 global: 0.298 spatial: 0.085 
(epoch: 60, iters: 4258, time: 0.487, data: 0.001) G_GAN_ViT: 0.301 D_real_ViT: 0.275 D_fake_ViT: 0.253 global: 0.333 spatial: 0.083 
(epoch: 60, iters: 4358, time: 0.487, data: 0.001) G_GAN_ViT: 0.462 D_real_ViT: 0.246 D_fake_ViT: 0.154 global: 0.323 spatial: 0.091 
(epoch: 60, iters: 4458, time: 0.487, data: 0.002) G_GAN_ViT: 0.488 D_real_ViT: 0.182 D_fake_ViT: 0.157 global: 0.470 spatial: 0.092 
(epoch: 60, iters: 4558, time: 0.487, data: 0.001) G_GAN_ViT: 0.362 D_real_ViT: 0.209 D_fake_ViT: 0.226 global: 0.412 spatial: 0.090 
(epoch: 60, iters: 4658, time: 0.487, data: 0.001) G_GAN_ViT: 0.430 D_real_ViT: 0.269 D_fake_ViT: 0.171 global: 0.410 spatial: 0.079 
(epoch: 60, iters: 4758, time: 0.486, data: 0.001) G_GAN_ViT: 0.477 D_real_ViT: 0.375 D_fake_ViT: 0.134 global: 0.360 spatial: 0.093 
(epoch: 60, iters: 4858, time: 0.486, data: 0.001) G_GAN_ViT: 0.432 D_real_ViT: 0.147 D_fake_ViT: 0.170 global: 0.291 spatial: 0.076 
(epoch: 60, iters: 4958, time: 0.487, data: 0.001) G_GAN_ViT: 0.462 D_real_ViT: 0.310 D_fake_ViT: 0.193 global: 0.381 spatial: 0.102 
(epoch: 60, iters: 5058, time: 0.487, data: 0.001) G_GAN_ViT: 0.287 D_real_ViT: 0.316 D_fake_ViT: 0.282 global: 0.532 spatial: 0.102 
(epoch: 60, iters: 5158, time: 0.487, data: 0.001) G_GAN_ViT: 0.476 D_real_ViT: 0.297 D_fake_ViT: 0.128 global: 0.296 spatial: 0.084 
(epoch: 60, iters: 5258, time: 0.487, data: 0.001) G_GAN_ViT: 0.362 D_real_ViT: 0.221 D_fake_ViT: 0.201 global: 0.341 spatial: 0.083 
(epoch: 60, iters: 5358, time: 0.486, data: 0.001) G_GAN_ViT: 0.446 D_real_ViT: 0.228 D_fake_ViT: 0.147 global: 0.328 spatial: 0.074 
(epoch: 60, iters: 5458, time: 0.486, data: 0.001) G_GAN_ViT: 0.525 D_real_ViT: 0.187 D_fake_ViT: 0.117 global: 0.319 spatial: 0.081 
saving the model at the end of epoch 60, iters 332280
End of epoch 60 / 100 	 Time Taken: 2704 sec
learning rate = 0.0000078
(epoch: 61, iters: 20, time: 0.486, data: 0.001) G_GAN_ViT: 0.480 D_real_ViT: 0.289 D_fake_ViT: 0.128 global: 0.312 spatial: 0.074 
(epoch: 61, iters: 120, time: 0.487, data: 0.001) G_GAN_ViT: 0.446 D_real_ViT: 0.212 D_fake_ViT: 0.154 global: 0.331 spatial: 0.075 
(epoch: 61, iters: 220, time: 0.486, data: 0.001) G_GAN_ViT: 0.213 D_real_ViT: 0.152 D_fake_ViT: 0.359 global: 0.346 spatial: 0.091 
(epoch: 61, iters: 320, time: 0.486, data: 0.001) G_GAN_ViT: 0.542 D_real_ViT: 0.249 D_fake_ViT: 0.109 global: 0.381 spatial: 0.082 
(epoch: 61, iters: 420, time: 0.486, data: 0.002) G_GAN_ViT: 0.368 D_real_ViT: 0.279 D_fake_ViT: 0.209 global: 0.455 spatial: 0.090 
(epoch: 61, iters: 520, time: 0.486, data: 0.001) G_GAN_ViT: 0.331 D_real_ViT: 0.086 D_fake_ViT: 0.239 global: 0.361 spatial: 0.099 
(epoch: 61, iters: 620, time: 0.487, data: 0.002) G_GAN_ViT: 0.421 D_real_ViT: 0.236 D_fake_ViT: 0.165 global: 0.371 spatial: 0.079 
(epoch: 61, iters: 720, time: 0.487, data: 0.001) G_GAN_ViT: 0.334 D_real_ViT: 0.283 D_fake_ViT: 0.223 global: 0.420 spatial: 0.077 
(epoch: 61, iters: 820, time: 0.486, data: 0.001) G_GAN_ViT: 0.337 D_real_ViT: 0.276 D_fake_ViT: 0.221 global: 0.569 spatial: 0.081 
(epoch: 61, iters: 920, time: 0.486, data: 0.001) G_GAN_ViT: 0.333 D_real_ViT: 0.252 D_fake_ViT: 0.234 global: 0.306 spatial: 0.069 
(epoch: 61, iters: 1020, time: 0.486, data: 0.001) G_GAN_ViT: 0.303 D_real_ViT: 0.103 D_fake_ViT: 0.256 global: 0.578 spatial: 0.088 
(epoch: 61, iters: 1120, time: 0.486, data: 0.001) G_GAN_ViT: 0.430 D_real_ViT: 0.217 D_fake_ViT: 0.180 global: 0.453 spatial: 0.089 
(epoch: 61, iters: 1220, time: 0.486, data: 0.001) G_GAN_ViT: 0.477 D_real_ViT: 0.131 D_fake_ViT: 0.143 global: 0.333 spatial: 0.076 
(epoch: 61, iters: 1320, time: 0.487, data: 0.001) G_GAN_ViT: 0.369 D_real_ViT: 0.324 D_fake_ViT: 0.198 global: 0.333 spatial: 0.081 
(epoch: 61, iters: 1420, time: 0.487, data: 0.001) G_GAN_ViT: 0.467 D_real_ViT: 0.111 D_fake_ViT: 0.148 global: 0.326 spatial: 0.084 
(epoch: 61, iters: 1520, time: 0.486, data: 0.001) G_GAN_ViT: 0.264 D_real_ViT: 0.104 D_fake_ViT: 0.282 global: 0.276 spatial: 0.064 
(epoch: 61, iters: 1620, time: 0.486, data: 0.001) G_GAN_ViT: 0.279 D_real_ViT: 0.169 D_fake_ViT: 0.278 global: 0.515 spatial: 0.095 
(epoch: 61, iters: 1720, time: 0.486, data: 0.001) G_GAN_ViT: 0.499 D_real_ViT: 0.277 D_fake_ViT: 0.128 global: 0.326 spatial: 0.091 
(epoch: 61, iters: 1820, time: 0.486, data: 0.001) G_GAN_ViT: 0.300 D_real_ViT: 0.404 D_fake_ViT: 0.258 global: 0.503 spatial: 0.093 
(epoch: 61, iters: 1920, time: 0.487, data: 0.001) G_GAN_ViT: 0.458 D_real_ViT: 0.035 D_fake_ViT: 0.177 global: 0.462 spatial: 0.090 
(epoch: 61, iters: 2020, time: 0.487, data: 0.001) G_GAN_ViT: 0.487 D_real_ViT: 0.243 D_fake_ViT: 0.131 global: 0.394 spatial: 0.083 
(epoch: 61, iters: 2120, time: 0.487, data: 0.001) G_GAN_ViT: 0.406 D_real_ViT: 0.141 D_fake_ViT: 0.164 global: 0.339 spatial: 0.081 
(epoch: 61, iters: 2220, time: 0.487, data: 0.001) G_GAN_ViT: 0.457 D_real_ViT: 0.193 D_fake_ViT: 0.151 global: 0.288 spatial: 0.077 
(epoch: 61, iters: 2320, time: 0.487, data: 0.001) G_GAN_ViT: 0.258 D_real_ViT: 0.130 D_fake_ViT: 0.286 global: 0.326 spatial: 0.074 
(epoch: 61, iters: 2420, time: 0.487, data: 0.001) G_GAN_ViT: 0.462 D_real_ViT: 0.264 D_fake_ViT: 0.141 global: 0.344 spatial: 0.086 
(epoch: 61, iters: 2520, time: 0.486, data: 0.001) G_GAN_ViT: 0.366 D_real_ViT: 0.256 D_fake_ViT: 0.194 global: 0.521 spatial: 0.081 
(epoch: 61, iters: 2620, time: 0.486, data: 0.001) G_GAN_ViT: 0.478 D_real_ViT: 0.194 D_fake_ViT: 0.144 global: 0.331 spatial: 0.080 
(epoch: 61, iters: 2720, time: 0.486, data: 0.001) G_GAN_ViT: 0.437 D_real_ViT: 0.106 D_fake_ViT: 0.155 global: 0.345 spatial: 0.080 
saving the latest model (epoch 61, total_iters 335000)
ICL_single_traffic_city
(epoch: 61, iters: 2820, time: 0.486, data: 0.001) G_GAN_ViT: 0.344 D_real_ViT: 0.239 D_fake_ViT: 0.225 global: 0.289 spatial: 0.069 
(epoch: 61, iters: 2920, time: 0.486, data: 0.001) G_GAN_ViT: 0.268 D_real_ViT: 0.342 D_fake_ViT: 0.298 global: 0.591 spatial: 0.087 
(epoch: 61, iters: 3020, time: 0.486, data: 0.001) G_GAN_ViT: 0.362 D_real_ViT: 0.277 D_fake_ViT: 0.213 global: 0.467 spatial: 0.092 
(epoch: 61, iters: 3120, time: 0.486, data: 0.001) G_GAN_ViT: 0.367 D_real_ViT: 0.270 D_fake_ViT: 0.220 global: 0.328 spatial: 0.094 
(epoch: 61, iters: 3220, time: 0.487, data: 0.001) G_GAN_ViT: 0.274 D_real_ViT: 0.119 D_fake_ViT: 0.283 global: 0.329 spatial: 0.077 
(epoch: 61, iters: 3320, time: 0.486, data: 0.001) G_GAN_ViT: 0.340 D_real_ViT: 0.196 D_fake_ViT: 0.228 global: 0.412 spatial: 0.087 
(epoch: 61, iters: 3420, time: 0.486, data: 0.001) G_GAN_ViT: 0.384 D_real_ViT: 0.143 D_fake_ViT: 0.191 global: 0.282 spatial: 0.068 
(epoch: 61, iters: 3520, time: 0.486, data: 0.001) G_GAN_ViT: 0.336 D_real_ViT: 0.186 D_fake_ViT: 0.224 global: 0.415 spatial: 0.080 
(epoch: 61, iters: 3620, time: 0.487, data: 0.001) G_GAN_ViT: 0.474 D_real_ViT: 0.282 D_fake_ViT: 0.136 global: 0.332 spatial: 0.086 
(epoch: 61, iters: 3720, time: 0.487, data: 0.001) G_GAN_ViT: 0.383 D_real_ViT: 0.266 D_fake_ViT: 0.202 global: 0.512 spatial: 0.108 
(epoch: 61, iters: 3820, time: 0.486, data: 0.001) G_GAN_ViT: 0.445 D_real_ViT: 0.191 D_fake_ViT: 0.149 global: 0.322 spatial: 0.077 
(epoch: 61, iters: 3920, time: 0.486, data: 0.001) G_GAN_ViT: 0.378 D_real_ViT: 0.192 D_fake_ViT: 0.187 global: 0.430 spatial: 0.079 
(epoch: 61, iters: 4020, time: 0.486, data: 0.001) G_GAN_ViT: 0.428 D_real_ViT: 0.232 D_fake_ViT: 0.173 global: 0.269 spatial: 0.067 
(epoch: 61, iters: 4120, time: 0.486, data: 0.001) G_GAN_ViT: 0.309 D_real_ViT: 0.332 D_fake_ViT: 0.235 global: 0.460 spatial: 0.081 
(epoch: 61, iters: 4220, time: 0.485, data: 0.001) G_GAN_ViT: 0.427 D_real_ViT: 0.184 D_fake_ViT: 0.162 global: 0.317 spatial: 0.078 
(epoch: 61, iters: 4320, time: 0.486, data: 0.001) G_GAN_ViT: 0.193 D_real_ViT: 0.242 D_fake_ViT: 0.379 global: 0.382 spatial: 0.076 
(epoch: 61, iters: 4420, time: 0.486, data: 0.002) G_GAN_ViT: 0.486 D_real_ViT: 0.187 D_fake_ViT: 0.127 global: 0.294 spatial: 0.062 
(epoch: 61, iters: 4520, time: 0.486, data: 0.001) G_GAN_ViT: 0.370 D_real_ViT: 0.298 D_fake_ViT: 0.188 global: 0.278 spatial: 0.073 
(epoch: 61, iters: 4620, time: 0.487, data: 0.001) G_GAN_ViT: 0.345 D_real_ViT: 0.326 D_fake_ViT: 0.218 global: 0.453 spatial: 0.072 
(epoch: 61, iters: 4720, time: 0.487, data: 0.001) G_GAN_ViT: 0.271 D_real_ViT: 0.261 D_fake_ViT: 0.288 global: 0.535 spatial: 0.095 
(epoch: 61, iters: 4820, time: 0.487, data: 0.001) G_GAN_ViT: 0.566 D_real_ViT: 0.153 D_fake_ViT: 0.091 global: 0.344 spatial: 0.085 
(epoch: 61, iters: 4920, time: 0.487, data: 0.001) G_GAN_ViT: 0.449 D_real_ViT: 0.154 D_fake_ViT: 0.152 global: 0.319 spatial: 0.075 
(epoch: 61, iters: 5020, time: 0.487, data: 0.001) G_GAN_ViT: 0.506 D_real_ViT: 0.234 D_fake_ViT: 0.116 global: 0.293 spatial: 0.073 
(epoch: 61, iters: 5120, time: 0.487, data: 0.001) G_GAN_ViT: 0.342 D_real_ViT: 0.383 D_fake_ViT: 0.216 global: 0.429 spatial: 0.086 
(epoch: 61, iters: 5220, time: 0.487, data: 0.002) G_GAN_ViT: 0.517 D_real_ViT: 0.110 D_fake_ViT: 0.120 global: 0.312 spatial: 0.083 
(epoch: 61, iters: 5320, time: 0.487, data: 0.001) G_GAN_ViT: 0.421 D_real_ViT: 0.184 D_fake_ViT: 0.187 global: 0.491 spatial: 0.082 
(epoch: 61, iters: 5420, time: 0.487, data: 0.001) G_GAN_ViT: 0.405 D_real_ViT: 0.211 D_fake_ViT: 0.197 global: 0.378 spatial: 0.100 
(epoch: 61, iters: 5520, time: 0.487, data: 0.001) G_GAN_ViT: 0.376 D_real_ViT: 0.144 D_fake_ViT: 0.202 global: 0.285 spatial: 0.068 
End of epoch 61 / 100 	 Time Taken: 2703 sec
learning rate = 0.0000076
(epoch: 62, iters: 82, time: 0.487, data: 0.001) G_GAN_ViT: 0.373 D_real_ViT: 0.264 D_fake_ViT: 0.202 global: 0.363 spatial: 0.092 
(epoch: 62, iters: 182, time: 0.487, data: 0.001) G_GAN_ViT: 0.406 D_real_ViT: 0.160 D_fake_ViT: 0.170 global: 0.322 spatial: 0.084 
(epoch: 62, iters: 282, time: 0.487, data: 0.001) G_GAN_ViT: 0.452 D_real_ViT: 0.204 D_fake_ViT: 0.143 global: 0.323 spatial: 0.076 
(epoch: 62, iters: 382, time: 0.485, data: 0.001) G_GAN_ViT: 0.324 D_real_ViT: 0.211 D_fake_ViT: 0.248 global: 0.425 spatial: 0.089 
(epoch: 62, iters: 482, time: 0.486, data: 0.001) G_GAN_ViT: 0.529 D_real_ViT: 0.270 D_fake_ViT: 0.099 global: 0.299 spatial: 0.072 
(epoch: 62, iters: 582, time: 0.486, data: 0.001) G_GAN_ViT: 0.490 D_real_ViT: 0.143 D_fake_ViT: 0.132 global: 0.343 spatial: 0.082 
(epoch: 62, iters: 682, time: 0.487, data: 0.001) G_GAN_ViT: 0.335 D_real_ViT: 0.302 D_fake_ViT: 0.223 global: 0.312 spatial: 0.070 
(epoch: 62, iters: 782, time: 0.487, data: 0.001) G_GAN_ViT: 0.379 D_real_ViT: 0.139 D_fake_ViT: 0.185 global: 0.308 spatial: 0.074 
(epoch: 62, iters: 882, time: 0.487, data: 0.001) G_GAN_ViT: 0.361 D_real_ViT: 0.201 D_fake_ViT: 0.209 global: 0.595 spatial: 0.090 
(epoch: 62, iters: 982, time: 0.487, data: 0.001) G_GAN_ViT: 0.350 D_real_ViT: 0.282 D_fake_ViT: 0.205 global: 0.398 spatial: 0.086 
(epoch: 62, iters: 1082, time: 0.487, data: 0.001) G_GAN_ViT: 0.503 D_real_ViT: 0.230 D_fake_ViT: 0.115 global: 0.338 spatial: 0.077 
(epoch: 62, iters: 1182, time: 0.487, data: 0.001) G_GAN_ViT: 0.369 D_real_ViT: 0.168 D_fake_ViT: 0.209 global: 0.399 spatial: 0.076 
(epoch: 62, iters: 1282, time: 0.487, data: 0.001) G_GAN_ViT: 0.314 D_real_ViT: 0.134 D_fake_ViT: 0.243 global: 0.297 spatial: 0.074 
(epoch: 62, iters: 1382, time: 0.487, data: 0.001) G_GAN_ViT: 0.498 D_real_ViT: 0.246 D_fake_ViT: 0.117 global: 0.352 spatial: 0.081 
(epoch: 62, iters: 1482, time: 0.488, data: 0.001) G_GAN_ViT: 0.486 D_real_ViT: 0.129 D_fake_ViT: 0.134 global: 0.274 spatial: 0.074 
(epoch: 62, iters: 1582, time: 0.487, data: 0.001) G_GAN_ViT: 0.454 D_real_ViT: 0.108 D_fake_ViT: 0.150 global: 0.328 spatial: 0.071 
(epoch: 62, iters: 1682, time: 0.487, data: 0.001) G_GAN_ViT: 0.346 D_real_ViT: 0.198 D_fake_ViT: 0.219 global: 0.352 spatial: 0.074 
(epoch: 62, iters: 1782, time: 0.487, data: 0.001) G_GAN_ViT: 0.421 D_real_ViT: 0.233 D_fake_ViT: 0.162 global: 0.311 spatial: 0.068 
(epoch: 62, iters: 1882, time: 0.487, data: 0.001) G_GAN_ViT: 0.388 D_real_ViT: 0.227 D_fake_ViT: 0.208 global: 0.546 spatial: 0.106 
(epoch: 62, iters: 1982, time: 0.486, data: 0.001) G_GAN_ViT: 0.473 D_real_ViT: 0.110 D_fake_ViT: 0.129 global: 0.285 spatial: 0.079 
(epoch: 62, iters: 2082, time: 0.487, data: 0.001) G_GAN_ViT: 0.330 D_real_ViT: 0.207 D_fake_ViT: 0.235 global: 0.461 spatial: 0.097 
(epoch: 62, iters: 2182, time: 0.487, data: 0.001) G_GAN_ViT: 0.270 D_real_ViT: 0.207 D_fake_ViT: 0.282 global: 0.487 spatial: 0.089 
saving the latest model (epoch 62, total_iters 340000)
ICL_single_traffic_city
(epoch: 62, iters: 2282, time: 0.487, data: 0.001) G_GAN_ViT: 0.473 D_real_ViT: 0.247 D_fake_ViT: 0.127 global: 0.288 spatial: 0.064 
(epoch: 62, iters: 2382, time: 0.487, data: 0.002) G_GAN_ViT: 0.436 D_real_ViT: 0.218 D_fake_ViT: 0.163 global: 0.298 spatial: 0.085 
(epoch: 62, iters: 2482, time: 0.487, data: 0.001) G_GAN_ViT: 0.385 D_real_ViT: 0.145 D_fake_ViT: 0.188 global: 0.337 spatial: 0.074 
(epoch: 62, iters: 2582, time: 0.487, data: 0.001) G_GAN_ViT: 0.408 D_real_ViT: 0.147 D_fake_ViT: 0.174 global: 0.297 spatial: 0.076 
(epoch: 62, iters: 2682, time: 0.487, data: 0.002) G_GAN_ViT: 0.394 D_real_ViT: 0.161 D_fake_ViT: 0.171 global: 0.258 spatial: 0.071 
(epoch: 62, iters: 2782, time: 0.486, data: 0.001) G_GAN_ViT: 0.472 D_real_ViT: 0.283 D_fake_ViT: 0.133 global: 0.356 spatial: 0.082 
(epoch: 62, iters: 2882, time: 0.487, data: 0.001) G_GAN_ViT: 0.357 D_real_ViT: 0.229 D_fake_ViT: 0.207 global: 0.424 spatial: 0.085 
(epoch: 62, iters: 2982, time: 0.487, data: 0.001) G_GAN_ViT: 0.348 D_real_ViT: 0.283 D_fake_ViT: 0.230 global: 0.405 spatial: 0.080 
(epoch: 62, iters: 3082, time: 0.487, data: 0.001) G_GAN_ViT: 0.373 D_real_ViT: 0.192 D_fake_ViT: 0.205 global: 0.322 spatial: 0.077 
(epoch: 62, iters: 3182, time: 0.487, data: 0.001) G_GAN_ViT: 0.234 D_real_ViT: 0.143 D_fake_ViT: 0.338 global: 0.363 spatial: 0.100 
(epoch: 62, iters: 3282, time: 0.487, data: 0.001) G_GAN_ViT: 0.460 D_real_ViT: 0.136 D_fake_ViT: 0.149 global: 0.249 spatial: 0.072 
(epoch: 62, iters: 3382, time: 0.487, data: 0.001) G_GAN_ViT: 0.304 D_real_ViT: 0.195 D_fake_ViT: 0.248 global: 0.334 spatial: 0.085 
(epoch: 62, iters: 3482, time: 0.487, data: 0.001) G_GAN_ViT: 0.297 D_real_ViT: 0.326 D_fake_ViT: 0.263 global: 0.418 spatial: 0.092 
(epoch: 62, iters: 3582, time: 0.487, data: 0.001) G_GAN_ViT: 0.541 D_real_ViT: 0.139 D_fake_ViT: 0.106 global: 0.298 spatial: 0.076 
(epoch: 62, iters: 3682, time: 0.487, data: 0.002) G_GAN_ViT: 0.434 D_real_ViT: 0.263 D_fake_ViT: 0.157 global: 0.329 spatial: 0.089 
(epoch: 62, iters: 3782, time: 0.487, data: 0.001) G_GAN_ViT: 0.350 D_real_ViT: 0.284 D_fake_ViT: 0.208 global: 0.496 spatial: 0.093 
(epoch: 62, iters: 3882, time: 0.487, data: 0.001) G_GAN_ViT: 0.437 D_real_ViT: 0.230 D_fake_ViT: 0.175 global: 0.336 spatial: 0.073 
(epoch: 62, iters: 3982, time: 0.487, data: 0.001) G_GAN_ViT: 0.306 D_real_ViT: 0.276 D_fake_ViT: 0.244 global: 0.505 spatial: 0.088 
(epoch: 62, iters: 4082, time: 0.487, data: 0.001) G_GAN_ViT: 0.351 D_real_ViT: 0.091 D_fake_ViT: 0.213 global: 0.297 spatial: 0.075 
(epoch: 62, iters: 4182, time: 0.487, data: 0.001) G_GAN_ViT: 0.378 D_real_ViT: 0.378 D_fake_ViT: 0.193 global: 0.370 spatial: 0.077 
(epoch: 62, iters: 4282, time: 0.487, data: 0.001) G_GAN_ViT: 0.391 D_real_ViT: 0.248 D_fake_ViT: 0.186 global: 0.403 spatial: 0.085 
(epoch: 62, iters: 4382, time: 0.487, data: 0.001) G_GAN_ViT: 0.465 D_real_ViT: 0.175 D_fake_ViT: 0.151 global: 0.340 spatial: 0.080 
(epoch: 62, iters: 4482, time: 0.487, data: 0.001) G_GAN_ViT: 0.290 D_real_ViT: 0.129 D_fake_ViT: 0.265 global: 0.391 spatial: 0.088 
(epoch: 62, iters: 4582, time: 0.487, data: 0.001) G_GAN_ViT: 0.406 D_real_ViT: 0.174 D_fake_ViT: 0.184 global: 0.320 spatial: 0.077 
(epoch: 62, iters: 4682, time: 0.487, data: 0.001) G_GAN_ViT: 0.290 D_real_ViT: 0.219 D_fake_ViT: 0.254 global: 0.280 spatial: 0.069 
(epoch: 62, iters: 4782, time: 0.487, data: 0.001) G_GAN_ViT: 0.408 D_real_ViT: 0.141 D_fake_ViT: 0.169 global: 0.429 spatial: 0.087 
(epoch: 62, iters: 4882, time: 0.486, data: 0.001) G_GAN_ViT: 0.471 D_real_ViT: 0.234 D_fake_ViT: 0.135 global: 0.312 spatial: 0.083 
(epoch: 62, iters: 4982, time: 0.486, data: 0.001) G_GAN_ViT: 0.377 D_real_ViT: 0.030 D_fake_ViT: 0.207 global: 0.491 spatial: 0.078 
(epoch: 62, iters: 5082, time: 0.486, data: 0.001) G_GAN_ViT: 0.459 D_real_ViT: 0.032 D_fake_ViT: 0.167 global: 0.377 spatial: 0.082 
(epoch: 62, iters: 5182, time: 0.487, data: 0.001) G_GAN_ViT: 0.242 D_real_ViT: 0.227 D_fake_ViT: 0.316 global: 0.440 spatial: 0.086 
(epoch: 62, iters: 5282, time: 0.486, data: 0.001) G_GAN_ViT: 0.487 D_real_ViT: 0.234 D_fake_ViT: 0.122 global: 0.348 spatial: 0.085 
(epoch: 62, iters: 5382, time: 0.486, data: 0.001) G_GAN_ViT: 0.486 D_real_ViT: 0.193 D_fake_ViT: 0.129 global: 0.366 spatial: 0.089 
(epoch: 62, iters: 5482, time: 0.486, data: 0.001) G_GAN_ViT: 0.337 D_real_ViT: 0.237 D_fake_ViT: 0.229 global: 0.349 spatial: 0.076 
End of epoch 62 / 100 	 Time Taken: 2704 sec
learning rate = 0.0000075
(epoch: 63, iters: 44, time: 0.486, data: 0.001) G_GAN_ViT: 0.423 D_real_ViT: 0.167 D_fake_ViT: 0.170 global: 0.310 spatial: 0.082 
(epoch: 63, iters: 144, time: 0.486, data: 0.002) G_GAN_ViT: 0.394 D_real_ViT: 0.183 D_fake_ViT: 0.181 global: 0.391 spatial: 0.083 
(epoch: 63, iters: 244, time: 0.486, data: 0.001) G_GAN_ViT: 0.406 D_real_ViT: 0.257 D_fake_ViT: 0.178 global: 0.336 spatial: 0.083 
(epoch: 63, iters: 344, time: 0.486, data: 0.001) G_GAN_ViT: 0.327 D_real_ViT: 0.224 D_fake_ViT: 0.223 global: 0.333 spatial: 0.074 
(epoch: 63, iters: 444, time: 0.486, data: 0.002) G_GAN_ViT: 0.349 D_real_ViT: 0.198 D_fake_ViT: 0.211 global: 0.578 spatial: 0.077 
(epoch: 63, iters: 544, time: 0.487, data: 0.001) G_GAN_ViT: 0.306 D_real_ViT: 0.175 D_fake_ViT: 0.243 global: 0.476 spatial: 0.085 
(epoch: 63, iters: 644, time: 0.487, data: 0.001) G_GAN_ViT: 0.462 D_real_ViT: 0.325 D_fake_ViT: 0.132 global: 0.281 spatial: 0.062 
(epoch: 63, iters: 744, time: 0.486, data: 0.001) G_GAN_ViT: 0.369 D_real_ViT: 0.147 D_fake_ViT: 0.204 global: 0.374 spatial: 0.091 
(epoch: 63, iters: 844, time: 0.487, data: 0.001) G_GAN_ViT: 0.343 D_real_ViT: 0.231 D_fake_ViT: 0.217 global: 0.329 spatial: 0.080 
(epoch: 63, iters: 944, time: 0.487, data: 0.001) G_GAN_ViT: 0.443 D_real_ViT: 0.192 D_fake_ViT: 0.153 global: 0.332 spatial: 0.081 
(epoch: 63, iters: 1044, time: 0.486, data: 0.001) G_GAN_ViT: 0.407 D_real_ViT: 0.132 D_fake_ViT: 0.171 global: 0.316 spatial: 0.085 
(epoch: 63, iters: 1144, time: 0.486, data: 0.001) G_GAN_ViT: 0.291 D_real_ViT: 0.281 D_fake_ViT: 0.258 global: 0.540 spatial: 0.099 
(epoch: 63, iters: 1244, time: 0.486, data: 0.002) G_GAN_ViT: 0.244 D_real_ViT: 0.257 D_fake_ViT: 0.312 global: 0.268 spatial: 0.066 
(epoch: 63, iters: 1344, time: 0.486, data: 0.001) G_GAN_ViT: 0.520 D_real_ViT: 0.254 D_fake_ViT: 0.105 global: 0.323 spatial: 0.085 
(epoch: 63, iters: 1444, time: 0.486, data: 0.001) G_GAN_ViT: 0.319 D_real_ViT: 0.351 D_fake_ViT: 0.237 global: 0.486 spatial: 0.096 
(epoch: 63, iters: 1544, time: 0.486, data: 0.001) G_GAN_ViT: 0.417 D_real_ViT: 0.255 D_fake_ViT: 0.163 global: 0.291 spatial: 0.079 
(epoch: 63, iters: 1644, time: 0.486, data: 0.001) G_GAN_ViT: 0.318 D_real_ViT: 0.083 D_fake_ViT: 0.258 global: 0.351 spatial: 0.079 
saving the latest model (epoch 63, total_iters 345000)
ICL_single_traffic_city
(epoch: 63, iters: 1744, time: 0.486, data: 0.001) G_GAN_ViT: 0.441 D_real_ViT: 0.230 D_fake_ViT: 0.160 global: 0.336 spatial: 0.067 
(epoch: 63, iters: 1844, time: 0.486, data: 0.001) G_GAN_ViT: 0.383 D_real_ViT: 0.230 D_fake_ViT: 0.192 global: 0.472 spatial: 0.086 
(epoch: 63, iters: 1944, time: 0.486, data: 0.001) G_GAN_ViT: 0.380 D_real_ViT: 0.274 D_fake_ViT: 0.193 global: 0.286 spatial: 0.071 
(epoch: 63, iters: 2044, time: 0.486, data: 0.001) G_GAN_ViT: 0.396 D_real_ViT: 0.035 D_fake_ViT: 0.204 global: 0.449 spatial: 0.092 
(epoch: 63, iters: 2144, time: 0.486, data: 0.001) G_GAN_ViT: 0.503 D_real_ViT: 0.167 D_fake_ViT: 0.107 global: 0.308 spatial: 0.075 
(epoch: 63, iters: 2244, time: 0.486, data: 0.001) G_GAN_ViT: 0.343 D_real_ViT: 0.178 D_fake_ViT: 0.218 global: 0.268 spatial: 0.063 
(epoch: 63, iters: 2344, time: 0.486, data: 0.001) G_GAN_ViT: 0.364 D_real_ViT: 0.159 D_fake_ViT: 0.196 global: 0.327 spatial: 0.078 
(epoch: 63, iters: 2444, time: 0.487, data: 0.001) G_GAN_ViT: 0.451 D_real_ViT: 0.166 D_fake_ViT: 0.143 global: 0.267 spatial: 0.068 
(epoch: 63, iters: 2544, time: 0.486, data: 0.001) G_GAN_ViT: 0.256 D_real_ViT: 0.258 D_fake_ViT: 0.283 global: 0.298 spatial: 0.064 
(epoch: 63, iters: 2644, time: 0.486, data: 0.001) G_GAN_ViT: 0.460 D_real_ViT: 0.237 D_fake_ViT: 0.136 global: 0.307 spatial: 0.069 
(epoch: 63, iters: 2744, time: 0.487, data: 0.001) G_GAN_ViT: 0.327 D_real_ViT: 0.249 D_fake_ViT: 0.241 global: 0.296 spatial: 0.068 
(epoch: 63, iters: 2844, time: 0.487, data: 0.001) G_GAN_ViT: 0.356 D_real_ViT: 0.230 D_fake_ViT: 0.204 global: 0.285 spatial: 0.066 
(epoch: 63, iters: 2944, time: 0.487, data: 0.001) G_GAN_ViT: 0.322 D_real_ViT: 0.171 D_fake_ViT: 0.234 global: 0.393 spatial: 0.098 
(epoch: 63, iters: 3044, time: 0.487, data: 0.002) G_GAN_ViT: 0.465 D_real_ViT: 0.130 D_fake_ViT: 0.147 global: 0.362 spatial: 0.087 
(epoch: 63, iters: 3144, time: 0.487, data: 0.001) G_GAN_ViT: 0.456 D_real_ViT: 0.228 D_fake_ViT: 0.164 global: 0.505 spatial: 0.102 
(epoch: 63, iters: 3244, time: 0.487, data: 0.001) G_GAN_ViT: 0.259 D_real_ViT: 0.298 D_fake_ViT: 0.291 global: 0.422 spatial: 0.079 
(epoch: 63, iters: 3344, time: 0.487, data: 0.001) G_GAN_ViT: 0.310 D_real_ViT: 0.254 D_fake_ViT: 0.245 global: 0.444 spatial: 0.073 
(epoch: 63, iters: 3444, time: 0.487, data: 0.001) G_GAN_ViT: 0.219 D_real_ViT: 0.132 D_fake_ViT: 0.345 global: 0.318 spatial: 0.070 
(epoch: 63, iters: 3544, time: 0.486, data: 0.001) G_GAN_ViT: 0.235 D_real_ViT: 0.208 D_fake_ViT: 0.336 global: 0.510 spatial: 0.091 
(epoch: 63, iters: 3644, time: 0.486, data: 0.001) G_GAN_ViT: 0.500 D_real_ViT: 0.313 D_fake_ViT: 0.131 global: 0.318 spatial: 0.086 
(epoch: 63, iters: 3744, time: 0.486, data: 0.001) G_GAN_ViT: 0.441 D_real_ViT: 0.220 D_fake_ViT: 0.147 global: 0.354 spatial: 0.083 
(epoch: 63, iters: 3844, time: 0.486, data: 0.001) G_GAN_ViT: 0.260 D_real_ViT: 0.217 D_fake_ViT: 0.309 global: 0.393 spatial: 0.106 
(epoch: 63, iters: 3944, time: 0.486, data: 0.001) G_GAN_ViT: 0.302 D_real_ViT: 0.168 D_fake_ViT: 0.243 global: 0.492 spatial: 0.081 
(epoch: 63, iters: 4044, time: 0.487, data: 0.001) G_GAN_ViT: 0.407 D_real_ViT: 0.099 D_fake_ViT: 0.176 global: 0.288 spatial: 0.077 
(epoch: 63, iters: 4144, time: 0.487, data: 0.001) G_GAN_ViT: 0.388 D_real_ViT: 0.329 D_fake_ViT: 0.183 global: 0.401 spatial: 0.079 
(epoch: 63, iters: 4244, time: 0.487, data: 0.001) G_GAN_ViT: 0.365 D_real_ViT: 0.316 D_fake_ViT: 0.191 global: 0.480 spatial: 0.087 
(epoch: 63, iters: 4344, time: 0.486, data: 0.002) G_GAN_ViT: 0.423 D_real_ViT: 0.179 D_fake_ViT: 0.157 global: 0.325 spatial: 0.081 
(epoch: 63, iters: 4444, time: 0.486, data: 0.001) G_GAN_ViT: 0.218 D_real_ViT: 0.305 D_fake_ViT: 0.329 global: 0.343 spatial: 0.075 
(epoch: 63, iters: 4544, time: 0.486, data: 0.001) G_GAN_ViT: 0.446 D_real_ViT: 0.272 D_fake_ViT: 0.157 global: 0.420 spatial: 0.087 
(epoch: 63, iters: 4644, time: 0.486, data: 0.001) G_GAN_ViT: 0.415 D_real_ViT: 0.046 D_fake_ViT: 0.166 global: 0.292 spatial: 0.077 
(epoch: 63, iters: 4744, time: 0.486, data: 0.001) G_GAN_ViT: 0.388 D_real_ViT: 0.235 D_fake_ViT: 0.181 global: 0.309 spatial: 0.080 
(epoch: 63, iters: 4844, time: 0.485, data: 0.001) G_GAN_ViT: 0.526 D_real_ViT: 0.148 D_fake_ViT: 0.118 global: 0.428 spatial: 0.079 
(epoch: 63, iters: 4944, time: 0.486, data: 0.001) G_GAN_ViT: 0.258 D_real_ViT: 0.392 D_fake_ViT: 0.286 global: 0.503 spatial: 0.096 
(epoch: 63, iters: 5044, time: 0.485, data: 0.001) G_GAN_ViT: 0.507 D_real_ViT: 0.313 D_fake_ViT: 0.139 global: 0.335 spatial: 0.088 
(epoch: 63, iters: 5144, time: 0.485, data: 0.001) G_GAN_ViT: 0.473 D_real_ViT: 0.135 D_fake_ViT: 0.146 global: 0.376 spatial: 0.095 
(epoch: 63, iters: 5244, time: 0.486, data: 0.001) G_GAN_ViT: 0.385 D_real_ViT: 0.135 D_fake_ViT: 0.193 global: 0.310 spatial: 0.084 
(epoch: 63, iters: 5344, time: 0.486, data: 0.001) G_GAN_ViT: 0.413 D_real_ViT: 0.271 D_fake_ViT: 0.165 global: 0.295 spatial: 0.073 
(epoch: 63, iters: 5444, time: 0.485, data: 0.001) G_GAN_ViT: 0.301 D_real_ViT: 0.195 D_fake_ViT: 0.260 global: 0.404 spatial: 0.079 
End of epoch 63 / 100 	 Time Taken: 2701 sec
learning rate = 0.0000073
(epoch: 64, iters: 6, time: 0.486, data: 0.001) G_GAN_ViT: 0.356 D_real_ViT: 0.105 D_fake_ViT: 0.233 global: 0.448 spatial: 0.090 
(epoch: 64, iters: 106, time: 0.486, data: 0.000) G_GAN_ViT: 0.385 D_real_ViT: 0.098 D_fake_ViT: 0.203 global: 0.299 spatial: 0.079 
(epoch: 64, iters: 206, time: 0.486, data: 0.002) G_GAN_ViT: 0.479 D_real_ViT: 0.238 D_fake_ViT: 0.126 global: 0.297 spatial: 0.074 
(epoch: 64, iters: 306, time: 0.486, data: 0.001) G_GAN_ViT: 0.349 D_real_ViT: 0.228 D_fake_ViT: 0.221 global: 0.308 spatial: 0.082 
(epoch: 64, iters: 406, time: 0.486, data: 0.002) G_GAN_ViT: 0.350 D_real_ViT: 0.391 D_fake_ViT: 0.209 global: 0.406 spatial: 0.090 
(epoch: 64, iters: 506, time: 0.486, data: 0.001) G_GAN_ViT: 0.268 D_real_ViT: 0.224 D_fake_ViT: 0.289 global: 0.351 spatial: 0.076 
(epoch: 64, iters: 606, time: 0.486, data: 0.002) G_GAN_ViT: 0.286 D_real_ViT: 0.291 D_fake_ViT: 0.256 global: 0.453 spatial: 0.080 
(epoch: 64, iters: 706, time: 0.486, data: 0.001) G_GAN_ViT: 0.342 D_real_ViT: 0.293 D_fake_ViT: 0.232 global: 0.351 spatial: 0.081 
(epoch: 64, iters: 806, time: 0.486, data: 0.001) G_GAN_ViT: 0.418 D_real_ViT: 0.193 D_fake_ViT: 0.174 global: 0.434 spatial: 0.091 
(epoch: 64, iters: 906, time: 0.485, data: 0.001) G_GAN_ViT: 0.435 D_real_ViT: 0.192 D_fake_ViT: 0.154 global: 0.296 spatial: 0.081 
(epoch: 64, iters: 1006, time: 0.486, data: 0.001) G_GAN_ViT: 0.234 D_real_ViT: 0.269 D_fake_ViT: 0.330 global: 0.376 spatial: 0.101 
(epoch: 64, iters: 1106, time: 0.485, data: 0.001) G_GAN_ViT: 0.304 D_real_ViT: 0.335 D_fake_ViT: 0.260 global: 0.275 spatial: 0.067 
saving the latest model (epoch 64, total_iters 350000)
ICL_single_traffic_city
(epoch: 64, iters: 1206, time: 0.486, data: 0.002) G_GAN_ViT: 0.336 D_real_ViT: 0.226 D_fake_ViT: 0.227 global: 0.412 spatial: 0.082 
(epoch: 64, iters: 1306, time: 0.486, data: 0.001) G_GAN_ViT: 0.420 D_real_ViT: 0.293 D_fake_ViT: 0.161 global: 0.384 spatial: 0.086 
(epoch: 64, iters: 1406, time: 0.485, data: 0.001) G_GAN_ViT: 0.295 D_real_ViT: 0.172 D_fake_ViT: 0.266 global: 0.424 spatial: 0.076 
(epoch: 64, iters: 1506, time: 0.486, data: 0.001) G_GAN_ViT: 0.524 D_real_ViT: 0.235 D_fake_ViT: 0.133 global: 0.363 spatial: 0.068 
(epoch: 64, iters: 1606, time: 0.486, data: 0.002) G_GAN_ViT: 0.483 D_real_ViT: 0.195 D_fake_ViT: 0.137 global: 0.280 spatial: 0.071 
(epoch: 64, iters: 1706, time: 0.486, data: 0.001) G_GAN_ViT: 0.194 D_real_ViT: 0.220 D_fake_ViT: 0.385 global: 0.318 spatial: 0.079 
(epoch: 64, iters: 1806, time: 0.486, data: 0.001) G_GAN_ViT: 0.471 D_real_ViT: 0.404 D_fake_ViT: 0.130 global: 0.269 spatial: 0.071 
(epoch: 64, iters: 1906, time: 0.486, data: 0.001) G_GAN_ViT: 0.407 D_real_ViT: 0.338 D_fake_ViT: 0.220 global: 0.352 spatial: 0.082 
(epoch: 64, iters: 2006, time: 0.486, data: 0.001) G_GAN_ViT: 0.334 D_real_ViT: 0.304 D_fake_ViT: 0.226 global: 0.407 spatial: 0.088 
(epoch: 64, iters: 2106, time: 0.486, data: 0.001) G_GAN_ViT: 0.370 D_real_ViT: 0.200 D_fake_ViT: 0.190 global: 0.326 spatial: 0.066 
(epoch: 64, iters: 2206, time: 0.486, data: 0.002) G_GAN_ViT: 0.359 D_real_ViT: 0.207 D_fake_ViT: 0.196 global: 0.491 spatial: 0.083 
(epoch: 64, iters: 2306, time: 0.486, data: 0.001) G_GAN_ViT: 0.411 D_real_ViT: 0.195 D_fake_ViT: 0.162 global: 0.256 spatial: 0.069 
(epoch: 64, iters: 2406, time: 0.487, data: 0.002) G_GAN_ViT: 0.312 D_real_ViT: 0.266 D_fake_ViT: 0.263 global: 0.360 spatial: 0.111 
(epoch: 64, iters: 2506, time: 0.486, data: 0.001) G_GAN_ViT: 0.468 D_real_ViT: 0.257 D_fake_ViT: 0.124 global: 0.295 spatial: 0.072 
(epoch: 64, iters: 2606, time: 0.487, data: 0.001) G_GAN_ViT: 0.431 D_real_ViT: 0.087 D_fake_ViT: 0.148 global: 0.287 spatial: 0.061 
(epoch: 64, iters: 2706, time: 0.487, data: 0.001) G_GAN_ViT: 0.290 D_real_ViT: 0.252 D_fake_ViT: 0.271 global: 0.548 spatial: 0.088 
(epoch: 64, iters: 2806, time: 0.486, data: 0.001) G_GAN_ViT: 0.304 D_real_ViT: 0.252 D_fake_ViT: 0.254 global: 0.495 spatial: 0.086 
(epoch: 64, iters: 2906, time: 0.487, data: 0.001) G_GAN_ViT: 0.330 D_real_ViT: 0.232 D_fake_ViT: 0.223 global: 0.281 spatial: 0.067 
(epoch: 64, iters: 3006, time: 0.487, data: 0.001) G_GAN_ViT: 0.425 D_real_ViT: 0.171 D_fake_ViT: 0.174 global: 0.359 spatial: 0.090 
(epoch: 64, iters: 3106, time: 0.486, data: 0.001) G_GAN_ViT: 0.413 D_real_ViT: 0.211 D_fake_ViT: 0.167 global: 0.306 spatial: 0.079 
(epoch: 64, iters: 3206, time: 0.487, data: 0.001) G_GAN_ViT: 0.494 D_real_ViT: 0.303 D_fake_ViT: 0.114 global: 0.303 spatial: 0.073 
(epoch: 64, iters: 3306, time: 0.487, data: 0.001) G_GAN_ViT: 0.441 D_real_ViT: 0.242 D_fake_ViT: 0.156 global: 0.315 spatial: 0.074 
(epoch: 64, iters: 3406, time: 0.487, data: 0.001) G_GAN_ViT: 0.472 D_real_ViT: 0.251 D_fake_ViT: 0.128 global: 0.269 spatial: 0.065 
(epoch: 64, iters: 3506, time: 0.487, data: 0.002) G_GAN_ViT: 0.332 D_real_ViT: 0.193 D_fake_ViT: 0.236 global: 0.373 spatial: 0.079 
(epoch: 64, iters: 3606, time: 0.487, data: 0.001) G_GAN_ViT: 0.287 D_real_ViT: 0.208 D_fake_ViT: 0.261 global: 0.442 spatial: 0.087 
(epoch: 64, iters: 3706, time: 0.487, data: 0.001) G_GAN_ViT: 0.460 D_real_ViT: 0.136 D_fake_ViT: 0.152 global: 0.368 spatial: 0.091 
(epoch: 64, iters: 3806, time: 0.487, data: 0.001) G_GAN_ViT: 0.477 D_real_ViT: 0.045 D_fake_ViT: 0.136 global: 0.340 spatial: 0.082 
(epoch: 64, iters: 3906, time: 0.487, data: 0.001) G_GAN_ViT: 0.376 D_real_ViT: 0.207 D_fake_ViT: 0.193 global: 0.292 spatial: 0.071 
(epoch: 64, iters: 4006, time: 0.487, data: 0.001) G_GAN_ViT: 0.300 D_real_ViT: 0.205 D_fake_ViT: 0.278 global: 0.357 spatial: 0.103 
(epoch: 64, iters: 4106, time: 0.487, data: 0.001) G_GAN_ViT: 0.467 D_real_ViT: 0.200 D_fake_ViT: 0.144 global: 0.366 spatial: 0.075 
(epoch: 64, iters: 4206, time: 0.487, data: 0.001) G_GAN_ViT: 0.318 D_real_ViT: 0.265 D_fake_ViT: 0.233 global: 0.270 spatial: 0.063 
(epoch: 64, iters: 4306, time: 0.486, data: 0.001) G_GAN_ViT: 0.424 D_real_ViT: 0.185 D_fake_ViT: 0.189 global: 0.437 spatial: 0.084 
(epoch: 64, iters: 4406, time: 0.487, data: 0.002) G_GAN_ViT: 0.420 D_real_ViT: 0.062 D_fake_ViT: 0.164 global: 0.407 spatial: 0.077 
(epoch: 64, iters: 4506, time: 0.487, data: 0.001) G_GAN_ViT: 0.416 D_real_ViT: 0.190 D_fake_ViT: 0.161 global: 0.317 spatial: 0.088 
(epoch: 64, iters: 4606, time: 0.487, data: 0.001) G_GAN_ViT: 0.329 D_real_ViT: 0.210 D_fake_ViT: 0.227 global: 0.479 spatial: 0.096 
(epoch: 64, iters: 4706, time: 0.487, data: 0.001) G_GAN_ViT: 0.393 D_real_ViT: 0.091 D_fake_ViT: 0.188 global: 0.317 spatial: 0.069 
(epoch: 64, iters: 4806, time: 0.487, data: 0.001) G_GAN_ViT: 0.314 D_real_ViT: 0.394 D_fake_ViT: 0.236 global: 0.419 spatial: 0.086 
(epoch: 64, iters: 4906, time: 0.487, data: 0.001) G_GAN_ViT: 0.343 D_real_ViT: 0.334 D_fake_ViT: 0.218 global: 0.365 spatial: 0.077 
(epoch: 64, iters: 5006, time: 0.488, data: 0.001) G_GAN_ViT: 0.208 D_real_ViT: 0.139 D_fake_ViT: 0.361 global: 0.461 spatial: 0.099 
(epoch: 64, iters: 5106, time: 0.488, data: 0.002) G_GAN_ViT: 0.223 D_real_ViT: 0.147 D_fake_ViT: 0.340 global: 0.345 spatial: 0.091 
(epoch: 64, iters: 5206, time: 0.487, data: 0.001) G_GAN_ViT: 0.474 D_real_ViT: 0.171 D_fake_ViT: 0.145 global: 0.285 spatial: 0.081 
(epoch: 64, iters: 5306, time: 0.487, data: 0.001) G_GAN_ViT: 0.415 D_real_ViT: 0.089 D_fake_ViT: 0.170 global: 0.355 spatial: 0.084 
(epoch: 64, iters: 5406, time: 0.485, data: 0.001) G_GAN_ViT: 0.384 D_real_ViT: 0.219 D_fake_ViT: 0.178 global: 0.273 spatial: 0.065 
(epoch: 64, iters: 5506, time: 0.486, data: 0.001) G_GAN_ViT: 0.434 D_real_ViT: 0.305 D_fake_ViT: 0.154 global: 0.327 spatial: 0.092 
End of epoch 64 / 100 	 Time Taken: 2702 sec
learning rate = 0.0000071
(epoch: 65, iters: 68, time: 0.487, data: 0.001) G_GAN_ViT: 0.352 D_real_ViT: 0.260 D_fake_ViT: 0.210 global: 0.428 spatial: 0.091 
(epoch: 65, iters: 168, time: 0.487, data: 0.001) G_GAN_ViT: 0.538 D_real_ViT: 0.210 D_fake_ViT: 0.105 global: 0.382 spatial: 0.088 
(epoch: 65, iters: 268, time: 0.487, data: 0.001) G_GAN_ViT: 0.502 D_real_ViT: 0.209 D_fake_ViT: 0.126 global: 0.316 spatial: 0.074 
(epoch: 65, iters: 368, time: 0.487, data: 0.001) G_GAN_ViT: 0.381 D_real_ViT: 0.281 D_fake_ViT: 0.198 global: 0.379 spatial: 0.083 
(epoch: 65, iters: 468, time: 0.487, data: 0.001) G_GAN_ViT: 0.460 D_real_ViT: 0.307 D_fake_ViT: 0.145 global: 0.304 spatial: 0.079 
(epoch: 65, iters: 568, time: 0.487, data: 0.001) G_GAN_ViT: 0.368 D_real_ViT: 0.258 D_fake_ViT: 0.201 global: 0.435 spatial: 0.084 
saving the latest model (epoch 65, total_iters 355000)
ICL_single_traffic_city
(epoch: 65, iters: 668, time: 0.487, data: 0.001) G_GAN_ViT: 0.439 D_real_ViT: 0.164 D_fake_ViT: 0.155 global: 0.324 spatial: 0.079 
(epoch: 65, iters: 768, time: 0.488, data: 0.001) G_GAN_ViT: 0.441 D_real_ViT: 0.205 D_fake_ViT: 0.155 global: 0.282 spatial: 0.073 
(epoch: 65, iters: 868, time: 0.487, data: 0.001) G_GAN_ViT: 0.390 D_real_ViT: 0.109 D_fake_ViT: 0.184 global: 0.272 spatial: 0.057 
(epoch: 65, iters: 968, time: 0.487, data: 0.001) G_GAN_ViT: 0.386 D_real_ViT: 0.172 D_fake_ViT: 0.203 global: 0.321 spatial: 0.081 
(epoch: 65, iters: 1068, time: 0.487, data: 0.001) G_GAN_ViT: 0.340 D_real_ViT: 0.128 D_fake_ViT: 0.232 global: 0.357 spatial: 0.088 
(epoch: 65, iters: 1168, time: 0.486, data: 0.001) G_GAN_ViT: 0.313 D_real_ViT: 0.140 D_fake_ViT: 0.237 global: 0.319 spatial: 0.084 
(epoch: 65, iters: 1268, time: 0.486, data: 0.001) G_GAN_ViT: 0.339 D_real_ViT: 0.329 D_fake_ViT: 0.213 global: 0.358 spatial: 0.085 
(epoch: 65, iters: 1368, time: 0.487, data: 0.002) G_GAN_ViT: 0.482 D_real_ViT: 0.342 D_fake_ViT: 0.119 global: 0.296 spatial: 0.067 
(epoch: 65, iters: 1468, time: 0.488, data: 0.001) G_GAN_ViT: 0.450 D_real_ViT: 0.291 D_fake_ViT: 0.140 global: 0.326 spatial: 0.076 
(epoch: 65, iters: 1568, time: 0.487, data: 0.001) G_GAN_ViT: 0.365 D_real_ViT: 0.248 D_fake_ViT: 0.199 global: 0.495 spatial: 0.082 
(epoch: 65, iters: 1668, time: 0.488, data: 0.001) G_GAN_ViT: 0.443 D_real_ViT: 0.043 D_fake_ViT: 0.143 global: 0.308 spatial: 0.064 
(epoch: 65, iters: 1768, time: 0.488, data: 0.001) G_GAN_ViT: 0.390 D_real_ViT: 0.229 D_fake_ViT: 0.196 global: 0.492 spatial: 0.104 
(epoch: 65, iters: 1868, time: 0.488, data: 0.001) G_GAN_ViT: 0.282 D_real_ViT: 0.203 D_fake_ViT: 0.272 global: 0.463 spatial: 0.073 
(epoch: 65, iters: 1968, time: 0.488, data: 0.002) G_GAN_ViT: 0.332 D_real_ViT: 0.069 D_fake_ViT: 0.238 global: 0.313 spatial: 0.073 
(epoch: 65, iters: 2068, time: 0.488, data: 0.001) G_GAN_ViT: 0.450 D_real_ViT: 0.213 D_fake_ViT: 0.142 global: 0.261 spatial: 0.064 
(epoch: 65, iters: 2168, time: 0.488, data: 0.001) G_GAN_ViT: 0.183 D_real_ViT: 0.149 D_fake_ViT: 0.385 global: 0.272 spatial: 0.062 
(epoch: 65, iters: 2268, time: 0.488, data: 0.001) G_GAN_ViT: 0.542 D_real_ViT: 0.177 D_fake_ViT: 0.100 global: 0.322 spatial: 0.074 
(epoch: 65, iters: 2368, time: 0.488, data: 0.001) G_GAN_ViT: 0.452 D_real_ViT: 0.185 D_fake_ViT: 0.140 global: 0.304 spatial: 0.075 
(epoch: 65, iters: 2468, time: 0.488, data: 0.001) G_GAN_ViT: 0.433 D_real_ViT: 0.140 D_fake_ViT: 0.154 global: 0.279 spatial: 0.059 
(epoch: 65, iters: 2568, time: 0.488, data: 0.001) G_GAN_ViT: 0.492 D_real_ViT: 0.195 D_fake_ViT: 0.118 global: 0.315 spatial: 0.078 
(epoch: 65, iters: 2668, time: 0.488, data: 0.001) G_GAN_ViT: 0.419 D_real_ViT: 0.208 D_fake_ViT: 0.159 global: 0.294 spatial: 0.074 
(epoch: 65, iters: 2768, time: 0.487, data: 0.001) G_GAN_ViT: 0.349 D_real_ViT: 0.307 D_fake_ViT: 0.207 global: 0.305 spatial: 0.079 
(epoch: 65, iters: 2868, time: 0.487, data: 0.001) G_GAN_ViT: 0.351 D_real_ViT: 0.240 D_fake_ViT: 0.201 global: 0.399 spatial: 0.085 
(epoch: 65, iters: 2968, time: 0.487, data: 0.001) G_GAN_ViT: 0.458 D_real_ViT: 0.119 D_fake_ViT: 0.155 global: 0.400 spatial: 0.094 
(epoch: 65, iters: 3068, time: 0.488, data: 0.001) G_GAN_ViT: 0.292 D_real_ViT: 0.201 D_fake_ViT: 0.251 global: 0.440 spatial: 0.081 
(epoch: 65, iters: 3168, time: 0.488, data: 0.001) G_GAN_ViT: 0.384 D_real_ViT: 0.186 D_fake_ViT: 0.185 global: 0.268 spatial: 0.070 
(epoch: 65, iters: 3268, time: 0.488, data: 0.001) G_GAN_ViT: 0.281 D_real_ViT: 0.301 D_fake_ViT: 0.272 global: 0.406 spatial: 0.080 
(epoch: 65, iters: 3368, time: 0.488, data: 0.001) G_GAN_ViT: 0.388 D_real_ViT: 0.268 D_fake_ViT: 0.194 global: 0.258 spatial: 0.073 
(epoch: 65, iters: 3468, time: 0.488, data: 0.001) G_GAN_ViT: 0.274 D_real_ViT: 0.319 D_fake_ViT: 0.262 global: 0.257 spatial: 0.061 
(epoch: 65, iters: 3568, time: 0.488, data: 0.001) G_GAN_ViT: 0.444 D_real_ViT: 0.114 D_fake_ViT: 0.146 global: 0.327 spatial: 0.094 
(epoch: 65, iters: 3668, time: 0.487, data: 0.001) G_GAN_ViT: 0.486 D_real_ViT: 0.219 D_fake_ViT: 0.125 global: 0.298 spatial: 0.074 
(epoch: 65, iters: 3768, time: 0.488, data: 0.001) G_GAN_ViT: 0.462 D_real_ViT: 0.119 D_fake_ViT: 0.133 global: 0.303 spatial: 0.074 
(epoch: 65, iters: 3868, time: 0.488, data: 0.001) G_GAN_ViT: 0.490 D_real_ViT: 0.280 D_fake_ViT: 0.116 global: 0.282 spatial: 0.070 
(epoch: 65, iters: 3968, time: 0.488, data: 0.002) G_GAN_ViT: 0.204 D_real_ViT: 0.185 D_fake_ViT: 0.369 global: 0.479 spatial: 0.099 
(epoch: 65, iters: 4068, time: 0.488, data: 0.001) G_GAN_ViT: 0.365 D_real_ViT: 0.197 D_fake_ViT: 0.215 global: 0.502 spatial: 0.090 
(epoch: 65, iters: 4168, time: 0.488, data: 0.001) G_GAN_ViT: 0.462 D_real_ViT: 0.155 D_fake_ViT: 0.151 global: 0.416 spatial: 0.093 
(epoch: 65, iters: 4268, time: 0.488, data: 0.001) G_GAN_ViT: 0.192 D_real_ViT: 0.160 D_fake_ViT: 0.384 global: 0.321 spatial: 0.068 
(epoch: 65, iters: 4368, time: 0.487, data: 0.001) G_GAN_ViT: 0.515 D_real_ViT: 0.354 D_fake_ViT: 0.110 global: 0.304 spatial: 0.078 
(epoch: 65, iters: 4468, time: 0.486, data: 0.002) G_GAN_ViT: 0.326 D_real_ViT: 0.253 D_fake_ViT: 0.236 global: 0.381 spatial: 0.090 
(epoch: 65, iters: 4568, time: 0.487, data: 0.001) G_GAN_ViT: 0.334 D_real_ViT: 0.326 D_fake_ViT: 0.229 global: 0.439 spatial: 0.094 
(epoch: 65, iters: 4668, time: 0.487, data: 0.001) G_GAN_ViT: 0.444 D_real_ViT: 0.195 D_fake_ViT: 0.141 global: 0.282 spatial: 0.072 
(epoch: 65, iters: 4768, time: 0.487, data: 0.001) G_GAN_ViT: 0.354 D_real_ViT: 0.248 D_fake_ViT: 0.211 global: 0.483 spatial: 0.088 
(epoch: 65, iters: 4868, time: 0.488, data: 0.002) G_GAN_ViT: 0.247 D_real_ViT: 0.264 D_fake_ViT: 0.294 global: 0.303 spatial: 0.065 
(epoch: 65, iters: 4968, time: 0.489, data: 0.001) G_GAN_ViT: 0.396 D_real_ViT: 0.203 D_fake_ViT: 0.179 global: 0.252 spatial: 0.074 
(epoch: 65, iters: 5068, time: 0.489, data: 0.001) G_GAN_ViT: 0.434 D_real_ViT: 0.199 D_fake_ViT: 0.152 global: 0.318 spatial: 0.071 
(epoch: 65, iters: 5168, time: 0.489, data: 0.001) G_GAN_ViT: 0.232 D_real_ViT: 0.163 D_fake_ViT: 0.317 global: 0.316 spatial: 0.071 
(epoch: 65, iters: 5268, time: 0.489, data: 0.001) G_GAN_ViT: 0.546 D_real_ViT: 0.176 D_fake_ViT: 0.100 global: 0.295 spatial: 0.071 
(epoch: 65, iters: 5368, time: 0.489, data: 0.001) G_GAN_ViT: 0.358 D_real_ViT: 0.223 D_fake_ViT: 0.196 global: 0.492 spatial: 0.084 
(epoch: 65, iters: 5468, time: 0.489, data: 0.001) G_GAN_ViT: 0.312 D_real_ViT: 0.131 D_fake_ViT: 0.256 global: 0.504 spatial: 0.082 
saving the model at the end of epoch 65, iters 359970
End of epoch 65 / 100 	 Time Taken: 2710 sec
learning rate = 0.0000069
(epoch: 66, iters: 30, time: 0.488, data: 0.002) G_GAN_ViT: 0.252 D_real_ViT: 0.223 D_fake_ViT: 0.298 global: 0.254 spatial: 0.068 
saving the latest model (epoch 66, total_iters 360000)
ICL_single_traffic_city
(epoch: 66, iters: 130, time: 0.488, data: 0.002) G_GAN_ViT: 0.463 D_real_ViT: 0.063 D_fake_ViT: 0.138 global: 0.235 spatial: 0.063 
(epoch: 66, iters: 230, time: 0.487, data: 0.001) G_GAN_ViT: 0.363 D_real_ViT: 0.124 D_fake_ViT: 0.206 global: 0.253 spatial: 0.082 
(epoch: 66, iters: 330, time: 0.488, data: 0.001) G_GAN_ViT: 0.391 D_real_ViT: 0.132 D_fake_ViT: 0.196 global: 0.363 spatial: 0.102 
(epoch: 66, iters: 430, time: 0.488, data: 0.001) G_GAN_ViT: 0.250 D_real_ViT: 0.286 D_fake_ViT: 0.300 global: 0.363 spatial: 0.094 
(epoch: 66, iters: 530, time: 0.488, data: 0.001) G_GAN_ViT: 0.369 D_real_ViT: 0.301 D_fake_ViT: 0.201 global: 0.294 spatial: 0.076 
(epoch: 66, iters: 630, time: 0.488, data: 0.002) G_GAN_ViT: 0.247 D_real_ViT: 0.090 D_fake_ViT: 0.303 global: 0.556 spatial: 0.079 
(epoch: 66, iters: 730, time: 0.487, data: 0.002) G_GAN_ViT: 0.236 D_real_ViT: 0.122 D_fake_ViT: 0.321 global: 0.531 spatial: 0.089 
(epoch: 66, iters: 830, time: 0.487, data: 0.001) G_GAN_ViT: 0.407 D_real_ViT: 0.234 D_fake_ViT: 0.164 global: 0.325 spatial: 0.061 
(epoch: 66, iters: 930, time: 0.487, data: 0.001) G_GAN_ViT: 0.332 D_real_ViT: 0.153 D_fake_ViT: 0.222 global: 0.405 spatial: 0.089 
(epoch: 66, iters: 1030, time: 0.488, data: 0.001) G_GAN_ViT: 0.443 D_real_ViT: 0.263 D_fake_ViT: 0.151 global: 0.305 spatial: 0.071 
(epoch: 66, iters: 1130, time: 0.488, data: 0.001) G_GAN_ViT: 0.375 D_real_ViT: 0.189 D_fake_ViT: 0.183 global: 0.278 spatial: 0.063 
(epoch: 66, iters: 1230, time: 0.488, data: 0.002) G_GAN_ViT: 0.307 D_real_ViT: 0.270 D_fake_ViT: 0.253 global: 0.318 spatial: 0.073 
(epoch: 66, iters: 1330, time: 0.489, data: 0.001) G_GAN_ViT: 0.275 D_real_ViT: 0.251 D_fake_ViT: 0.274 global: 0.546 spatial: 0.078 
(epoch: 66, iters: 1430, time: 0.489, data: 0.001) G_GAN_ViT: 0.476 D_real_ViT: 0.140 D_fake_ViT: 0.130 global: 0.306 spatial: 0.083 
(epoch: 66, iters: 1530, time: 0.489, data: 0.001) G_GAN_ViT: 0.311 D_real_ViT: 0.368 D_fake_ViT: 0.287 global: 0.554 spatial: 0.094 
(epoch: 66, iters: 1630, time: 0.490, data: 0.001) G_GAN_ViT: 0.385 D_real_ViT: 0.150 D_fake_ViT: 0.189 global: 0.523 spatial: 0.089 
(epoch: 66, iters: 1730, time: 0.490, data: 0.001) G_GAN_ViT: 0.245 D_real_ViT: 0.245 D_fake_ViT: 0.320 global: 0.511 spatial: 0.088 
(epoch: 66, iters: 1830, time: 0.489, data: 0.001) G_GAN_ViT: 0.495 D_real_ViT: 0.186 D_fake_ViT: 0.157 global: 0.317 spatial: 0.081 
(epoch: 66, iters: 1930, time: 0.489, data: 0.001) G_GAN_ViT: 0.375 D_real_ViT: 0.389 D_fake_ViT: 0.201 global: 0.468 spatial: 0.093 
(epoch: 66, iters: 2030, time: 0.489, data: 0.001) G_GAN_ViT: 0.298 D_real_ViT: 0.213 D_fake_ViT: 0.254 global: 0.275 spatial: 0.075 
(epoch: 66, iters: 2130, time: 0.490, data: 0.001) G_GAN_ViT: 0.510 D_real_ViT: 0.174 D_fake_ViT: 0.112 global: 0.280 spatial: 0.073 
(epoch: 66, iters: 2230, time: 0.490, data: 0.001) G_GAN_ViT: 0.402 D_real_ViT: 0.317 D_fake_ViT: 0.170 global: 0.295 spatial: 0.074 
(epoch: 66, iters: 2330, time: 0.490, data: 0.001) G_GAN_ViT: 0.408 D_real_ViT: 0.118 D_fake_ViT: 0.168 global: 0.289 spatial: 0.070 
(epoch: 66, iters: 2430, time: 0.490, data: 0.001) G_GAN_ViT: 0.262 D_real_ViT: 0.278 D_fake_ViT: 0.287 global: 0.548 spatial: 0.091 
(epoch: 66, iters: 2530, time: 0.490, data: 0.001) G_GAN_ViT: 0.460 D_real_ViT: 0.261 D_fake_ViT: 0.146 global: 0.349 spatial: 0.069 
(epoch: 66, iters: 2630, time: 0.490, data: 0.001) G_GAN_ViT: 0.448 D_real_ViT: 0.383 D_fake_ViT: 0.154 global: 0.312 spatial: 0.090 
(epoch: 66, iters: 2730, time: 0.490, data: 0.002) G_GAN_ViT: 0.399 D_real_ViT: 0.151 D_fake_ViT: 0.172 global: 0.250 spatial: 0.062 
(epoch: 66, iters: 2830, time: 0.490, data: 0.001) G_GAN_ViT: 0.489 D_real_ViT: 0.299 D_fake_ViT: 0.152 global: 0.413 spatial: 0.084 
(epoch: 66, iters: 2930, time: 0.490, data: 0.001) G_GAN_ViT: 0.437 D_real_ViT: 0.155 D_fake_ViT: 0.157 global: 0.332 spatial: 0.087 
(epoch: 66, iters: 3030, time: 0.490, data: 0.001) G_GAN_ViT: 0.318 D_real_ViT: 0.120 D_fake_ViT: 0.231 global: 0.309 spatial: 0.072 
(epoch: 66, iters: 3130, time: 0.489, data: 0.001) G_GAN_ViT: 0.427 D_real_ViT: 0.270 D_fake_ViT: 0.144 global: 0.267 spatial: 0.069 
(epoch: 66, iters: 3230, time: 0.489, data: 0.001) G_GAN_ViT: 0.406 D_real_ViT: 0.143 D_fake_ViT: 0.166 global: 0.315 spatial: 0.084 
(epoch: 66, iters: 3330, time: 0.489, data: 0.001) G_GAN_ViT: 0.449 D_real_ViT: 0.309 D_fake_ViT: 0.170 global: 0.397 spatial: 0.101 
(epoch: 66, iters: 3430, time: 0.489, data: 0.001) G_GAN_ViT: 0.300 D_real_ViT: 0.241 D_fake_ViT: 0.252 global: 0.403 spatial: 0.082 
(epoch: 66, iters: 3530, time: 0.490, data: 0.001) G_GAN_ViT: 0.407 D_real_ViT: 0.267 D_fake_ViT: 0.171 global: 0.329 spatial: 0.080 
(epoch: 66, iters: 3630, time: 0.490, data: 0.001) G_GAN_ViT: 0.379 D_real_ViT: 0.296 D_fake_ViT: 0.186 global: 0.412 spatial: 0.088 
(epoch: 66, iters: 3730, time: 0.490, data: 0.001) G_GAN_ViT: 0.447 D_real_ViT: 0.293 D_fake_ViT: 0.141 global: 0.239 spatial: 0.073 
(epoch: 66, iters: 3830, time: 0.489, data: 0.001) G_GAN_ViT: 0.333 D_real_ViT: 0.169 D_fake_ViT: 0.219 global: 0.410 spatial: 0.089 
(epoch: 66, iters: 3930, time: 0.489, data: 0.001) G_GAN_ViT: 0.454 D_real_ViT: 0.150 D_fake_ViT: 0.134 global: 0.294 spatial: 0.069 
(epoch: 66, iters: 4030, time: 0.489, data: 0.001) G_GAN_ViT: 0.295 D_real_ViT: 0.222 D_fake_ViT: 0.246 global: 0.566 spatial: 0.088 
(epoch: 66, iters: 4130, time: 0.489, data: 0.001) G_GAN_ViT: 0.527 D_real_ViT: 0.324 D_fake_ViT: 0.140 global: 0.358 spatial: 0.109 
(epoch: 66, iters: 4230, time: 0.489, data: 0.001) G_GAN_ViT: 0.356 D_real_ViT: 0.122 D_fake_ViT: 0.202 global: 0.485 spatial: 0.086 
(epoch: 66, iters: 4330, time: 0.489, data: 0.001) G_GAN_ViT: 0.364 D_real_ViT: 0.096 D_fake_ViT: 0.234 global: 0.415 spatial: 0.091 
(epoch: 66, iters: 4430, time: 0.488, data: 0.001) G_GAN_ViT: 0.209 D_real_ViT: 0.053 D_fake_ViT: 0.340 global: 0.353 spatial: 0.081 
(epoch: 66, iters: 4530, time: 0.488, data: 0.001) G_GAN_ViT: 0.461 D_real_ViT: 0.158 D_fake_ViT: 0.140 global: 0.307 spatial: 0.068 
(epoch: 66, iters: 4630, time: 0.489, data: 0.001) G_GAN_ViT: 0.324 D_real_ViT: 0.140 D_fake_ViT: 0.222 global: 0.444 spatial: 0.083 
(epoch: 66, iters: 4730, time: 0.489, data: 0.001) G_GAN_ViT: 0.388 D_real_ViT: 0.231 D_fake_ViT: 0.177 global: 0.397 spatial: 0.076 
(epoch: 66, iters: 4830, time: 0.489, data: 0.001) G_GAN_ViT: 0.275 D_real_ViT: 0.131 D_fake_ViT: 0.268 global: 0.282 spatial: 0.064 
(epoch: 66, iters: 4930, time: 0.490, data: 0.001) G_GAN_ViT: 0.221 D_real_ViT: 0.264 D_fake_ViT: 0.336 global: 0.367 spatial: 0.102 
(epoch: 66, iters: 5030, time: 0.490, data: 0.001) G_GAN_ViT: 0.481 D_real_ViT: 0.187 D_fake_ViT: 0.143 global: 0.379 spatial: 0.070 
saving the latest model (epoch 66, total_iters 365000)
ICL_single_traffic_city
(epoch: 66, iters: 5130, time: 0.489, data: 0.002) G_GAN_ViT: 0.316 D_real_ViT: 0.196 D_fake_ViT: 0.236 global: 0.383 spatial: 0.087 
(epoch: 66, iters: 5230, time: 0.490, data: 0.001) G_GAN_ViT: 0.402 D_real_ViT: 0.282 D_fake_ViT: 0.178 global: 0.351 spatial: 0.080 
(epoch: 66, iters: 5330, time: 0.490, data: 0.001) G_GAN_ViT: 0.285 D_real_ViT: 0.230 D_fake_ViT: 0.273 global: 0.528 spatial: 0.093 
(epoch: 66, iters: 5430, time: 0.490, data: 0.001) G_GAN_ViT: 0.391 D_real_ViT: 0.105 D_fake_ViT: 0.190 global: 0.282 spatial: 0.070 
(epoch: 66, iters: 5530, time: 0.490, data: 0.001) G_GAN_ViT: 0.335 D_real_ViT: 0.119 D_fake_ViT: 0.233 global: 0.325 spatial: 0.075 
End of epoch 66 / 100 	 Time Taken: 2718 sec
learning rate = 0.0000067
(epoch: 67, iters: 92, time: 0.490, data: 0.001) G_GAN_ViT: 0.263 D_real_ViT: 0.223 D_fake_ViT: 0.280 global: 0.348 spatial: 0.072 
(epoch: 67, iters: 192, time: 0.490, data: 0.001) G_GAN_ViT: 0.253 D_real_ViT: 0.237 D_fake_ViT: 0.291 global: 0.524 spatial: 0.087 
(epoch: 67, iters: 292, time: 0.490, data: 0.001) G_GAN_ViT: 0.269 D_real_ViT: 0.242 D_fake_ViT: 0.275 global: 0.546 spatial: 0.094 
(epoch: 67, iters: 392, time: 0.490, data: 0.001) G_GAN_ViT: 0.431 D_real_ViT: 0.292 D_fake_ViT: 0.157 global: 0.319 spatial: 0.086 
(epoch: 67, iters: 492, time: 0.490, data: 0.001) G_GAN_ViT: 0.436 D_real_ViT: 0.035 D_fake_ViT: 0.151 global: 0.329 spatial: 0.081 
(epoch: 67, iters: 592, time: 0.490, data: 0.001) G_GAN_ViT: 0.237 D_real_ViT: 0.273 D_fake_ViT: 0.319 global: 0.388 spatial: 0.079 
(epoch: 67, iters: 692, time: 0.490, data: 0.001) G_GAN_ViT: 0.327 D_real_ViT: 0.097 D_fake_ViT: 0.253 global: 0.321 spatial: 0.096 
(epoch: 67, iters: 792, time: 0.490, data: 0.001) G_GAN_ViT: 0.429 D_real_ViT: 0.229 D_fake_ViT: 0.154 global: 0.429 spatial: 0.083 
(epoch: 67, iters: 892, time: 0.490, data: 0.001) G_GAN_ViT: 0.404 D_real_ViT: 0.238 D_fake_ViT: 0.186 global: 0.437 spatial: 0.099 
(epoch: 67, iters: 992, time: 0.489, data: 0.001) G_GAN_ViT: 0.280 D_real_ViT: 0.234 D_fake_ViT: 0.278 global: 0.344 spatial: 0.105 
(epoch: 67, iters: 1092, time: 0.489, data: 0.001) G_GAN_ViT: 0.402 D_real_ViT: 0.198 D_fake_ViT: 0.166 global: 0.304 spatial: 0.063 
(epoch: 67, iters: 1192, time: 0.489, data: 0.001) G_GAN_ViT: 0.380 D_real_ViT: 0.242 D_fake_ViT: 0.181 global: 0.301 spatial: 0.066 
(epoch: 67, iters: 1292, time: 0.489, data: 0.001) G_GAN_ViT: 0.285 D_real_ViT: 0.239 D_fake_ViT: 0.284 global: 0.419 spatial: 0.082 
(epoch: 67, iters: 1392, time: 0.490, data: 0.001) G_GAN_ViT: 0.273 D_real_ViT: 0.352 D_fake_ViT: 0.285 global: 0.508 spatial: 0.092 
(epoch: 67, iters: 1492, time: 0.490, data: 0.001) G_GAN_ViT: 0.462 D_real_ViT: 0.108 D_fake_ViT: 0.131 global: 0.285 spatial: 0.085 
(epoch: 67, iters: 1592, time: 0.490, data: 0.001) G_GAN_ViT: 0.329 D_real_ViT: 0.220 D_fake_ViT: 0.228 global: 0.543 spatial: 0.094 
(epoch: 67, iters: 1692, time: 0.490, data: 0.001) G_GAN_ViT: 0.443 D_real_ViT: 0.293 D_fake_ViT: 0.170 global: 0.567 spatial: 0.085 
(epoch: 67, iters: 1792, time: 0.490, data: 0.002) G_GAN_ViT: 0.487 D_real_ViT: 0.155 D_fake_ViT: 0.124 global: 0.304 spatial: 0.073 
(epoch: 67, iters: 1892, time: 0.490, data: 0.001) G_GAN_ViT: 0.476 D_real_ViT: 0.254 D_fake_ViT: 0.125 global: 0.288 spatial: 0.060 
(epoch: 67, iters: 1992, time: 0.490, data: 0.001) G_GAN_ViT: 0.427 D_real_ViT: 0.241 D_fake_ViT: 0.166 global: 0.409 spatial: 0.085 
(epoch: 67, iters: 2092, time: 0.490, data: 0.001) G_GAN_ViT: 0.162 D_real_ViT: 0.170 D_fake_ViT: 0.420 global: 0.316 spatial: 0.070 
(epoch: 67, iters: 2192, time: 0.490, data: 0.001) G_GAN_ViT: 0.396 D_real_ViT: 0.195 D_fake_ViT: 0.190 global: 0.352 spatial: 0.085 
(epoch: 67, iters: 2292, time: 0.490, data: 0.001) G_GAN_ViT: 0.453 D_real_ViT: 0.224 D_fake_ViT: 0.177 global: 0.336 spatial: 0.076 
(epoch: 67, iters: 2392, time: 0.490, data: 0.001) G_GAN_ViT: 0.307 D_real_ViT: 0.250 D_fake_ViT: 0.245 global: 0.503 spatial: 0.088 
(epoch: 67, iters: 2492, time: 0.489, data: 0.001) G_GAN_ViT: 0.335 D_real_ViT: 0.397 D_fake_ViT: 0.234 global: 0.334 spatial: 0.071 
(epoch: 67, iters: 2592, time: 0.490, data: 0.001) G_GAN_ViT: 0.293 D_real_ViT: 0.347 D_fake_ViT: 0.259 global: 0.405 spatial: 0.086 
(epoch: 67, iters: 2692, time: 0.490, data: 0.001) G_GAN_ViT: 0.480 D_real_ViT: 0.217 D_fake_ViT: 0.122 global: 0.383 spatial: 0.073 
(epoch: 67, iters: 2792, time: 0.490, data: 0.001) G_GAN_ViT: 0.464 D_real_ViT: 0.140 D_fake_ViT: 0.153 global: 0.345 spatial: 0.073 
(epoch: 67, iters: 2892, time: 0.490, data: 0.001) G_GAN_ViT: 0.312 D_real_ViT: 0.262 D_fake_ViT: 0.235 global: 0.306 spatial: 0.068 
(epoch: 67, iters: 2992, time: 0.490, data: 0.001) G_GAN_ViT: 0.240 D_real_ViT: 0.131 D_fake_ViT: 0.327 global: 0.457 spatial: 0.086 
(epoch: 67, iters: 3092, time: 0.489, data: 0.001) G_GAN_ViT: 0.355 D_real_ViT: 0.184 D_fake_ViT: 0.220 global: 0.299 spatial: 0.085 
(epoch: 67, iters: 3192, time: 0.489, data: 0.002) G_GAN_ViT: 0.410 D_real_ViT: 0.211 D_fake_ViT: 0.166 global: 0.403 spatial: 0.094 
(epoch: 67, iters: 3292, time: 0.489, data: 0.001) G_GAN_ViT: 0.363 D_real_ViT: 0.229 D_fake_ViT: 0.214 global: 0.401 spatial: 0.075 
(epoch: 67, iters: 3392, time: 0.489, data: 0.001) G_GAN_ViT: 0.424 D_real_ViT: 0.148 D_fake_ViT: 0.170 global: 0.292 spatial: 0.081 
(epoch: 67, iters: 3492, time: 0.490, data: 0.002) G_GAN_ViT: 0.412 D_real_ViT: 0.410 D_fake_ViT: 0.170 global: 0.365 spatial: 0.084 
(epoch: 67, iters: 3592, time: 0.490, data: 0.001) G_GAN_ViT: 0.269 D_real_ViT: 0.322 D_fake_ViT: 0.274 global: 0.297 spatial: 0.059 
(epoch: 67, iters: 3692, time: 0.490, data: 0.001) G_GAN_ViT: 0.254 D_real_ViT: 0.281 D_fake_ViT: 0.297 global: 0.477 spatial: 0.084 
(epoch: 67, iters: 3792, time: 0.490, data: 0.001) G_GAN_ViT: 0.461 D_real_ViT: 0.324 D_fake_ViT: 0.146 global: 0.404 spatial: 0.100 
(epoch: 67, iters: 3892, time: 0.490, data: 0.001) G_GAN_ViT: 0.297 D_real_ViT: 0.269 D_fake_ViT: 0.268 global: 0.421 spatial: 0.076 
(epoch: 67, iters: 3992, time: 0.490, data: 0.001) G_GAN_ViT: 0.493 D_real_ViT: 0.205 D_fake_ViT: 0.130 global: 0.374 spatial: 0.090 
(epoch: 67, iters: 4092, time: 0.489, data: 0.001) G_GAN_ViT: 0.352 D_real_ViT: 0.142 D_fake_ViT: 0.215 global: 0.293 spatial: 0.083 
(epoch: 67, iters: 4192, time: 0.490, data: 0.001) G_GAN_ViT: 0.384 D_real_ViT: 0.122 D_fake_ViT: 0.182 global: 0.392 spatial: 0.088 
(epoch: 67, iters: 4292, time: 0.490, data: 0.001) G_GAN_ViT: 0.420 D_real_ViT: 0.208 D_fake_ViT: 0.171 global: 0.414 spatial: 0.079 
(epoch: 67, iters: 4392, time: 0.490, data: 0.001) G_GAN_ViT: 0.280 D_real_ViT: 0.141 D_fake_ViT: 0.264 global: 0.270 spatial: 0.063 
(epoch: 67, iters: 4492, time: 0.489, data: 0.002) G_GAN_ViT: 0.377 D_real_ViT: 0.199 D_fake_ViT: 0.191 global: 0.284 spatial: 0.078 
saving the latest model (epoch 67, total_iters 370000)
ICL_single_traffic_city
(epoch: 67, iters: 4592, time: 0.489, data: 0.001) G_GAN_ViT: 0.340 D_real_ViT: 0.289 D_fake_ViT: 0.219 global: 0.290 spatial: 0.068 
(epoch: 67, iters: 4692, time: 0.489, data: 0.004) G_GAN_ViT: 0.374 D_real_ViT: 0.230 D_fake_ViT: 0.195 global: 0.287 spatial: 0.075 
(epoch: 67, iters: 4792, time: 0.489, data: 0.002) G_GAN_ViT: 0.458 D_real_ViT: 0.082 D_fake_ViT: 0.148 global: 0.287 spatial: 0.085 
(epoch: 67, iters: 4892, time: 0.489, data: 0.001) G_GAN_ViT: 0.269 D_real_ViT: 0.310 D_fake_ViT: 0.309 global: 0.398 spatial: 0.097 
(epoch: 67, iters: 4992, time: 0.490, data: 0.001) G_GAN_ViT: 0.355 D_real_ViT: 0.189 D_fake_ViT: 0.204 global: 0.531 spatial: 0.091 
(epoch: 67, iters: 5092, time: 0.490, data: 0.001) G_GAN_ViT: 0.421 D_real_ViT: 0.216 D_fake_ViT: 0.163 global: 0.287 spatial: 0.065 
(epoch: 67, iters: 5192, time: 0.490, data: 0.002) G_GAN_ViT: 0.506 D_real_ViT: 0.183 D_fake_ViT: 0.111 global: 0.297 spatial: 0.071 
(epoch: 67, iters: 5292, time: 0.489, data: 0.002) G_GAN_ViT: 0.414 D_real_ViT: 0.103 D_fake_ViT: 0.217 global: 0.359 spatial: 0.094 
(epoch: 67, iters: 5392, time: 0.489, data: 0.001) G_GAN_ViT: 0.259 D_real_ViT: 0.187 D_fake_ViT: 0.290 global: 0.540 spatial: 0.093 
(epoch: 67, iters: 5492, time: 0.489, data: 0.001) G_GAN_ViT: 0.489 D_real_ViT: 0.242 D_fake_ViT: 0.129 global: 0.450 spatial: 0.086 
End of epoch 67 / 100 	 Time Taken: 2720 sec
learning rate = 0.0000065
(epoch: 68, iters: 54, time: 0.489, data: 0.001) G_GAN_ViT: 0.425 D_real_ViT: 0.182 D_fake_ViT: 0.155 global: 0.336 spatial: 0.076 
(epoch: 68, iters: 154, time: 0.489, data: 0.002) G_GAN_ViT: 0.383 D_real_ViT: 0.182 D_fake_ViT: 0.178 global: 0.305 spatial: 0.085 
(epoch: 68, iters: 254, time: 0.489, data: 0.002) G_GAN_ViT: 0.419 D_real_ViT: 0.208 D_fake_ViT: 0.165 global: 0.377 spatial: 0.096 
(epoch: 68, iters: 354, time: 0.489, data: 0.001) G_GAN_ViT: 0.378 D_real_ViT: 0.386 D_fake_ViT: 0.198 global: 0.393 spatial: 0.086 
(epoch: 68, iters: 454, time: 0.489, data: 0.002) G_GAN_ViT: 0.371 D_real_ViT: 0.165 D_fake_ViT: 0.193 global: 0.280 spatial: 0.063 
(epoch: 68, iters: 554, time: 0.490, data: 0.001) G_GAN_ViT: 0.225 D_real_ViT: 0.278 D_fake_ViT: 0.346 global: 0.407 spatial: 0.089 
(epoch: 68, iters: 654, time: 0.490, data: 0.002) G_GAN_ViT: 0.325 D_real_ViT: 0.348 D_fake_ViT: 0.237 global: 0.416 spatial: 0.089 
(epoch: 68, iters: 754, time: 0.489, data: 0.001) G_GAN_ViT: 0.431 D_real_ViT: 0.291 D_fake_ViT: 0.147 global: 0.281 spatial: 0.069 
(epoch: 68, iters: 854, time: 0.488, data: 0.001) G_GAN_ViT: 0.483 D_real_ViT: 0.341 D_fake_ViT: 0.123 global: 0.417 spatial: 0.086 
(epoch: 68, iters: 954, time: 0.488, data: 0.001) G_GAN_ViT: 0.501 D_real_ViT: 0.306 D_fake_ViT: 0.116 global: 0.302 spatial: 0.068 
(epoch: 68, iters: 1054, time: 0.488, data: 0.001) G_GAN_ViT: 0.505 D_real_ViT: 0.223 D_fake_ViT: 0.119 global: 0.265 spatial: 0.072 
(epoch: 68, iters: 1154, time: 0.488, data: 0.001) G_GAN_ViT: 0.473 D_real_ViT: 0.124 D_fake_ViT: 0.129 global: 0.303 spatial: 0.071 
(epoch: 68, iters: 1254, time: 0.488, data: 0.001) G_GAN_ViT: 0.291 D_real_ViT: 0.067 D_fake_ViT: 0.261 global: 0.271 spatial: 0.075 
(epoch: 68, iters: 1354, time: 0.488, data: 0.001) G_GAN_ViT: 0.307 D_real_ViT: 0.311 D_fake_ViT: 0.255 global: 0.477 spatial: 0.081 
(epoch: 68, iters: 1454, time: 0.488, data: 0.001) G_GAN_ViT: 0.330 D_real_ViT: 0.188 D_fake_ViT: 0.227 global: 0.295 spatial: 0.073 
(epoch: 68, iters: 1554, time: 0.488, data: 0.001) G_GAN_ViT: 0.402 D_real_ViT: 0.064 D_fake_ViT: 0.200 global: 0.286 spatial: 0.079 
(epoch: 68, iters: 1654, time: 0.488, data: 0.002) G_GAN_ViT: 0.330 D_real_ViT: 0.104 D_fake_ViT: 0.218 global: 0.491 spatial: 0.086 
(epoch: 68, iters: 1754, time: 0.488, data: 0.001) G_GAN_ViT: 0.346 D_real_ViT: 0.196 D_fake_ViT: 0.213 global: 0.343 spatial: 0.086 
(epoch: 68, iters: 1854, time: 0.487, data: 0.001) G_GAN_ViT: 0.458 D_real_ViT: 0.131 D_fake_ViT: 0.141 global: 0.323 spatial: 0.083 
(epoch: 68, iters: 1954, time: 0.487, data: 0.001) G_GAN_ViT: 0.388 D_real_ViT: 0.164 D_fake_ViT: 0.187 global: 0.443 spatial: 0.091 
(epoch: 68, iters: 2054, time: 0.488, data: 0.002) G_GAN_ViT: 0.386 D_real_ViT: 0.177 D_fake_ViT: 0.198 global: 0.310 spatial: 0.071 
(epoch: 68, iters: 2154, time: 0.488, data: 0.001) G_GAN_ViT: 0.303 D_real_ViT: 0.291 D_fake_ViT: 0.250 global: 0.520 spatial: 0.092 
(epoch: 68, iters: 2254, time: 0.488, data: 0.001) G_GAN_ViT: 0.399 D_real_ViT: 0.303 D_fake_ViT: 0.188 global: 0.475 spatial: 0.089 
(epoch: 68, iters: 2354, time: 0.488, data: 0.002) G_GAN_ViT: 0.488 D_real_ViT: 0.343 D_fake_ViT: 0.119 global: 0.284 spatial: 0.062 
(epoch: 68, iters: 2454, time: 0.488, data: 0.001) G_GAN_ViT: 0.368 D_real_ViT: 0.205 D_fake_ViT: 0.200 global: 0.313 spatial: 0.063 
(epoch: 68, iters: 2554, time: 0.488, data: 0.002) G_GAN_ViT: 0.457 D_real_ViT: 0.121 D_fake_ViT: 0.155 global: 0.320 spatial: 0.067 
(epoch: 68, iters: 2654, time: 0.488, data: 0.001) G_GAN_ViT: 0.378 D_real_ViT: 0.031 D_fake_ViT: 0.186 global: 0.405 spatial: 0.080 
(epoch: 68, iters: 2754, time: 0.487, data: 0.002) G_GAN_ViT: 0.481 D_real_ViT: 0.186 D_fake_ViT: 0.125 global: 0.303 spatial: 0.074 
(epoch: 68, iters: 2854, time: 0.487, data: 0.001) G_GAN_ViT: 0.414 D_real_ViT: 0.288 D_fake_ViT: 0.164 global: 0.375 spatial: 0.072 
(epoch: 68, iters: 2954, time: 0.488, data: 0.002) G_GAN_ViT: 0.464 D_real_ViT: 0.279 D_fake_ViT: 0.133 global: 0.334 spatial: 0.083 
(epoch: 68, iters: 3054, time: 0.488, data: 0.001) G_GAN_ViT: 0.421 D_real_ViT: 0.146 D_fake_ViT: 0.157 global: 0.283 spatial: 0.072 
(epoch: 68, iters: 3154, time: 0.489, data: 0.001) G_GAN_ViT: 0.446 D_real_ViT: 0.218 D_fake_ViT: 0.141 global: 0.296 spatial: 0.069 
(epoch: 68, iters: 3254, time: 0.489, data: 0.001) G_GAN_ViT: 0.490 D_real_ViT: 0.298 D_fake_ViT: 0.135 global: 0.338 spatial: 0.089 
(epoch: 68, iters: 3354, time: 0.489, data: 0.001) G_GAN_ViT: 0.360 D_real_ViT: 0.123 D_fake_ViT: 0.203 global: 0.328 spatial: 0.073 
(epoch: 68, iters: 3454, time: 0.488, data: 0.001) G_GAN_ViT: 0.494 D_real_ViT: 0.375 D_fake_ViT: 0.119 global: 0.303 spatial: 0.070 
(epoch: 68, iters: 3554, time: 0.488, data: 0.001) G_GAN_ViT: 0.474 D_real_ViT: 0.102 D_fake_ViT: 0.150 global: 0.369 spatial: 0.105 
(epoch: 68, iters: 3654, time: 0.488, data: 0.001) G_GAN_ViT: 0.379 D_real_ViT: 0.124 D_fake_ViT: 0.193 global: 0.399 spatial: 0.090 
(epoch: 68, iters: 3754, time: 0.488, data: 0.001) G_GAN_ViT: 0.410 D_real_ViT: 0.216 D_fake_ViT: 0.171 global: 0.270 spatial: 0.072 
(epoch: 68, iters: 3854, time: 0.488, data: 0.002) G_GAN_ViT: 0.300 D_real_ViT: 0.236 D_fake_ViT: 0.242 global: 0.304 spatial: 0.056 
(epoch: 68, iters: 3954, time: 0.487, data: 0.001) G_GAN_ViT: 0.282 D_real_ViT: 0.147 D_fake_ViT: 0.260 global: 0.275 spatial: 0.066 
saving the latest model (epoch 68, total_iters 375000)
ICL_single_traffic_city
(epoch: 68, iters: 4054, time: 0.487, data: 0.002) G_GAN_ViT: 0.224 D_real_ViT: 0.208 D_fake_ViT: 0.313 global: 0.288 spatial: 0.061 
(epoch: 68, iters: 4154, time: 0.487, data: 0.001) G_GAN_ViT: 0.487 D_real_ViT: 0.123 D_fake_ViT: 0.157 global: 0.376 spatial: 0.083 
(epoch: 68, iters: 4254, time: 0.488, data: 0.002) G_GAN_ViT: 0.489 D_real_ViT: 0.302 D_fake_ViT: 0.137 global: 0.542 spatial: 0.079 
(epoch: 68, iters: 4354, time: 0.487, data: 0.001) G_GAN_ViT: 0.319 D_real_ViT: 0.216 D_fake_ViT: 0.249 global: 0.281 spatial: 0.072 
(epoch: 68, iters: 4454, time: 0.487, data: 0.001) G_GAN_ViT: 0.294 D_real_ViT: 0.354 D_fake_ViT: 0.263 global: 0.516 spatial: 0.106 
(epoch: 68, iters: 4554, time: 0.487, data: 0.001) G_GAN_ViT: 0.456 D_real_ViT: 0.262 D_fake_ViT: 0.134 global: 0.319 spatial: 0.064 
(epoch: 68, iters: 4654, time: 0.487, data: 0.002) G_GAN_ViT: 0.185 D_real_ViT: 0.188 D_fake_ViT: 0.388 global: 0.301 spatial: 0.066 
(epoch: 68, iters: 4754, time: 0.487, data: 0.001) G_GAN_ViT: 0.294 D_real_ViT: 0.152 D_fake_ViT: 0.256 global: 0.287 spatial: 0.084 
(epoch: 68, iters: 4854, time: 0.487, data: 0.001) G_GAN_ViT: 0.364 D_real_ViT: 0.352 D_fake_ViT: 0.198 global: 0.360 spatial: 0.079 
(epoch: 68, iters: 4954, time: 0.487, data: 0.001) G_GAN_ViT: 0.466 D_real_ViT: 0.254 D_fake_ViT: 0.137 global: 0.316 spatial: 0.089 
(epoch: 68, iters: 5054, time: 0.487, data: 0.002) G_GAN_ViT: 0.367 D_real_ViT: 0.263 D_fake_ViT: 0.206 global: 0.348 spatial: 0.088 
(epoch: 68, iters: 5154, time: 0.487, data: 0.001) G_GAN_ViT: 0.331 D_real_ViT: 0.387 D_fake_ViT: 0.227 global: 0.361 spatial: 0.091 
(epoch: 68, iters: 5254, time: 0.487, data: 0.001) G_GAN_ViT: 0.476 D_real_ViT: 0.313 D_fake_ViT: 0.136 global: 0.405 spatial: 0.083 
(epoch: 68, iters: 5354, time: 0.487, data: 0.001) G_GAN_ViT: 0.484 D_real_ViT: 0.205 D_fake_ViT: 0.136 global: 0.377 spatial: 0.085 
(epoch: 68, iters: 5454, time: 0.487, data: 0.001) G_GAN_ViT: 0.315 D_real_ViT: 0.263 D_fake_ViT: 0.242 global: 0.557 spatial: 0.101 
End of epoch 68 / 100 	 Time Taken: 2711 sec
learning rate = 0.0000063
(epoch: 69, iters: 16, time: 0.487, data: 0.002) G_GAN_ViT: 0.379 D_real_ViT: 0.269 D_fake_ViT: 0.179 global: 0.283 spatial: 0.069 
(epoch: 69, iters: 116, time: 0.487, data: 0.002) G_GAN_ViT: 0.411 D_real_ViT: 0.203 D_fake_ViT: 0.166 global: 0.267 spatial: 0.071 
(epoch: 69, iters: 216, time: 0.487, data: 0.001) G_GAN_ViT: 0.338 D_real_ViT: 0.101 D_fake_ViT: 0.214 global: 0.342 spatial: 0.076 
(epoch: 69, iters: 316, time: 0.487, data: 0.002) G_GAN_ViT: 0.364 D_real_ViT: 0.326 D_fake_ViT: 0.199 global: 0.439 spatial: 0.083 
(epoch: 69, iters: 416, time: 0.487, data: 0.001) G_GAN_ViT: 0.327 D_real_ViT: 0.412 D_fake_ViT: 0.224 global: 0.445 spatial: 0.075 
(epoch: 69, iters: 516, time: 0.487, data: 0.002) G_GAN_ViT: 0.428 D_real_ViT: 0.400 D_fake_ViT: 0.146 global: 0.310 spatial: 0.068 
(epoch: 69, iters: 616, time: 0.487, data: 0.001) G_GAN_ViT: 0.197 D_real_ViT: 0.237 D_fake_ViT: 0.354 global: 0.349 spatial: 0.076 
(epoch: 69, iters: 716, time: 0.487, data: 0.001) G_GAN_ViT: 0.434 D_real_ViT: 0.288 D_fake_ViT: 0.162 global: 0.289 spatial: 0.080 
(epoch: 69, iters: 816, time: 0.487, data: 0.001) G_GAN_ViT: 0.390 D_real_ViT: 0.382 D_fake_ViT: 0.175 global: 0.313 spatial: 0.072 
(epoch: 69, iters: 916, time: 0.487, data: 0.001) G_GAN_ViT: 0.289 D_real_ViT: 0.285 D_fake_ViT: 0.252 global: 0.275 spatial: 0.064 
(epoch: 69, iters: 1016, time: 0.488, data: 0.001) G_GAN_ViT: 0.429 D_real_ViT: 0.176 D_fake_ViT: 0.159 global: 0.275 spatial: 0.067 
(epoch: 69, iters: 1116, time: 0.487, data: 0.001) G_GAN_ViT: 0.496 D_real_ViT: 0.163 D_fake_ViT: 0.129 global: 0.412 spatial: 0.092 
(epoch: 69, iters: 1216, time: 0.487, data: 0.002) G_GAN_ViT: 0.448 D_real_ViT: 0.098 D_fake_ViT: 0.161 global: 0.404 spatial: 0.083 
(epoch: 69, iters: 1316, time: 0.487, data: 0.001) G_GAN_ViT: 0.382 D_real_ViT: 0.347 D_fake_ViT: 0.192 global: 0.427 spatial: 0.083 
(epoch: 69, iters: 1416, time: 0.488, data: 0.001) G_GAN_ViT: 0.440 D_real_ViT: 0.029 D_fake_ViT: 0.190 global: 0.396 spatial: 0.098 
(epoch: 69, iters: 1516, time: 0.488, data: 0.001) G_GAN_ViT: 0.347 D_real_ViT: 0.024 D_fake_ViT: 0.232 global: 0.474 spatial: 0.091 
(epoch: 69, iters: 1616, time: 0.488, data: 0.001) G_GAN_ViT: 0.285 D_real_ViT: 0.260 D_fake_ViT: 0.275 global: 0.367 spatial: 0.106 
(epoch: 69, iters: 1716, time: 0.488, data: 0.001) G_GAN_ViT: 0.359 D_real_ViT: 0.262 D_fake_ViT: 0.207 global: 0.272 spatial: 0.072 
(epoch: 69, iters: 1816, time: 0.488, data: 0.002) G_GAN_ViT: 0.493 D_real_ViT: 0.218 D_fake_ViT: 0.112 global: 0.268 spatial: 0.062 
(epoch: 69, iters: 1916, time: 0.487, data: 0.001) G_GAN_ViT: 0.236 D_real_ViT: 0.239 D_fake_ViT: 0.321 global: 0.522 spatial: 0.086 
(epoch: 69, iters: 2016, time: 0.488, data: 0.001) G_GAN_ViT: 0.422 D_real_ViT: 0.168 D_fake_ViT: 0.172 global: 0.372 spatial: 0.102 
(epoch: 69, iters: 2116, time: 0.488, data: 0.001) G_GAN_ViT: 0.392 D_real_ViT: 0.095 D_fake_ViT: 0.197 global: 0.383 spatial: 0.101 
(epoch: 69, iters: 2216, time: 0.487, data: 0.001) G_GAN_ViT: 0.389 D_real_ViT: 0.288 D_fake_ViT: 0.186 global: 0.280 spatial: 0.068 
(epoch: 69, iters: 2316, time: 0.487, data: 0.001) G_GAN_ViT: 0.390 D_real_ViT: 0.288 D_fake_ViT: 0.169 global: 0.277 spatial: 0.065 
(epoch: 69, iters: 2416, time: 0.487, data: 0.001) G_GAN_ViT: 0.267 D_real_ViT: 0.218 D_fake_ViT: 0.304 global: 0.492 spatial: 0.092 
(epoch: 69, iters: 2516, time: 0.487, data: 0.001) G_GAN_ViT: 0.300 D_real_ViT: 0.121 D_fake_ViT: 0.247 global: 0.409 spatial: 0.084 
(epoch: 69, iters: 2616, time: 0.488, data: 0.001) G_GAN_ViT: 0.435 D_real_ViT: 0.215 D_fake_ViT: 0.144 global: 0.327 spatial: 0.085 
(epoch: 69, iters: 2716, time: 0.488, data: 0.001) G_GAN_ViT: 0.357 D_real_ViT: 0.150 D_fake_ViT: 0.197 global: 0.398 spatial: 0.079 
(epoch: 69, iters: 2816, time: 0.488, data: 0.001) G_GAN_ViT: 0.338 D_real_ViT: 0.147 D_fake_ViT: 0.231 global: 0.313 spatial: 0.080 
(epoch: 69, iters: 2916, time: 0.487, data: 0.001) G_GAN_ViT: 0.237 D_real_ViT: 0.273 D_fake_ViT: 0.348 global: 0.487 spatial: 0.088 
(epoch: 69, iters: 3016, time: 0.487, data: 0.001) G_GAN_ViT: 0.369 D_real_ViT: 0.058 D_fake_ViT: 0.193 global: 0.360 spatial: 0.083 
(epoch: 69, iters: 3116, time: 0.488, data: 0.001) G_GAN_ViT: 0.275 D_real_ViT: 0.296 D_fake_ViT: 0.273 global: 0.528 spatial: 0.095 
(epoch: 69, iters: 3216, time: 0.487, data: 0.001) G_GAN_ViT: 0.408 D_real_ViT: 0.251 D_fake_ViT: 0.183 global: 0.333 spatial: 0.073 
(epoch: 69, iters: 3316, time: 0.487, data: 0.001) G_GAN_ViT: 0.347 D_real_ViT: 0.195 D_fake_ViT: 0.235 global: 0.560 spatial: 0.089 
(epoch: 69, iters: 3416, time: 0.487, data: 0.001) G_GAN_ViT: 0.371 D_real_ViT: 0.258 D_fake_ViT: 0.195 global: 0.272 spatial: 0.071 
saving the latest model (epoch 69, total_iters 380000)
ICL_single_traffic_city
(epoch: 69, iters: 3516, time: 0.487, data: 0.002) G_GAN_ViT: 0.336 D_real_ViT: 0.207 D_fake_ViT: 0.228 global: 0.344 spatial: 0.085 
(epoch: 69, iters: 3616, time: 0.487, data: 0.001) G_GAN_ViT: 0.333 D_real_ViT: 0.139 D_fake_ViT: 0.218 global: 0.259 spatial: 0.074 
(epoch: 69, iters: 3716, time: 0.487, data: 0.001) G_GAN_ViT: 0.410 D_real_ViT: 0.098 D_fake_ViT: 0.170 global: 0.310 spatial: 0.072 
(epoch: 69, iters: 3816, time: 0.487, data: 0.001) G_GAN_ViT: 0.282 D_real_ViT: 0.230 D_fake_ViT: 0.258 global: 0.309 spatial: 0.080 
(epoch: 69, iters: 3916, time: 0.488, data: 0.001) G_GAN_ViT: 0.302 D_real_ViT: 0.174 D_fake_ViT: 0.240 global: 0.459 spatial: 0.079 
(epoch: 69, iters: 4016, time: 0.488, data: 0.002) G_GAN_ViT: 0.501 D_real_ViT: 0.284 D_fake_ViT: 0.105 global: 0.296 spatial: 0.075 
(epoch: 69, iters: 4116, time: 0.487, data: 0.001) G_GAN_ViT: 0.445 D_real_ViT: 0.320 D_fake_ViT: 0.158 global: 0.275 spatial: 0.074 
(epoch: 69, iters: 4216, time: 0.487, data: 0.001) G_GAN_ViT: 0.461 D_real_ViT: 0.134 D_fake_ViT: 0.148 global: 0.332 spatial: 0.077 
(epoch: 69, iters: 4316, time: 0.487, data: 0.001) G_GAN_ViT: 0.411 D_real_ViT: 0.241 D_fake_ViT: 0.176 global: 0.322 spatial: 0.088 
(epoch: 69, iters: 4416, time: 0.486, data: 0.001) G_GAN_ViT: 0.312 D_real_ViT: 0.282 D_fake_ViT: 0.240 global: 0.277 spatial: 0.065 
(epoch: 69, iters: 4516, time: 0.486, data: 0.001) G_GAN_ViT: 0.466 D_real_ViT: 0.289 D_fake_ViT: 0.147 global: 0.298 spatial: 0.079 
(epoch: 69, iters: 4616, time: 0.487, data: 0.001) G_GAN_ViT: 0.409 D_real_ViT: 0.161 D_fake_ViT: 0.167 global: 0.323 spatial: 0.081 
(epoch: 69, iters: 4716, time: 0.487, data: 0.001) G_GAN_ViT: 0.453 D_real_ViT: 0.301 D_fake_ViT: 0.133 global: 0.315 spatial: 0.073 
(epoch: 69, iters: 4816, time: 0.487, data: 0.001) G_GAN_ViT: 0.419 D_real_ViT: 0.279 D_fake_ViT: 0.151 global: 0.323 spatial: 0.085 
(epoch: 69, iters: 4916, time: 0.487, data: 0.001) G_GAN_ViT: 0.233 D_real_ViT: 0.220 D_fake_ViT: 0.307 global: 0.292 spatial: 0.059 
(epoch: 69, iters: 5016, time: 0.487, data: 0.001) G_GAN_ViT: 0.290 D_real_ViT: 0.215 D_fake_ViT: 0.256 global: 0.432 spatial: 0.083 
(epoch: 69, iters: 5116, time: 0.487, data: 0.001) G_GAN_ViT: 0.447 D_real_ViT: 0.210 D_fake_ViT: 0.151 global: 0.333 spatial: 0.102 
(epoch: 69, iters: 5216, time: 0.487, data: 0.001) G_GAN_ViT: 0.468 D_real_ViT: 0.274 D_fake_ViT: 0.144 global: 0.295 spatial: 0.084 
(epoch: 69, iters: 5316, time: 0.487, data: 0.001) G_GAN_ViT: 0.486 D_real_ViT: 0.256 D_fake_ViT: 0.134 global: 0.330 spatial: 0.080 
(epoch: 69, iters: 5416, time: 0.488, data: 0.001) G_GAN_ViT: 0.392 D_real_ViT: 0.061 D_fake_ViT: 0.184 global: 0.369 spatial: 0.080 
(epoch: 69, iters: 5516, time: 0.488, data: 0.001) G_GAN_ViT: 0.410 D_real_ViT: 0.266 D_fake_ViT: 0.159 global: 0.269 spatial: 0.063 
End of epoch 69 / 100 	 Time Taken: 2707 sec
learning rate = 0.0000061
(epoch: 70, iters: 78, time: 0.488, data: 0.001) G_GAN_ViT: 0.490 D_real_ViT: 0.249 D_fake_ViT: 0.135 global: 0.316 spatial: 0.079 
(epoch: 70, iters: 178, time: 0.489, data: 0.001) G_GAN_ViT: 0.251 D_real_ViT: 0.253 D_fake_ViT: 0.287 global: 0.280 spatial: 0.070 
(epoch: 70, iters: 278, time: 0.488, data: 0.001) G_GAN_ViT: 0.309 D_real_ViT: 0.279 D_fake_ViT: 0.246 global: 0.327 spatial: 0.064 
(epoch: 70, iters: 378, time: 0.487, data: 0.001) G_GAN_ViT: 0.375 D_real_ViT: 0.137 D_fake_ViT: 0.193 global: 0.363 spatial: 0.086 
(epoch: 70, iters: 478, time: 0.487, data: 0.001) G_GAN_ViT: 0.419 D_real_ViT: 0.121 D_fake_ViT: 0.161 global: 0.325 spatial: 0.080 
(epoch: 70, iters: 578, time: 0.487, data: 0.001) G_GAN_ViT: 0.335 D_real_ViT: 0.181 D_fake_ViT: 0.223 global: 0.412 spatial: 0.086 
(epoch: 70, iters: 678, time: 0.487, data: 0.002) G_GAN_ViT: 0.379 D_real_ViT: 0.235 D_fake_ViT: 0.184 global: 0.299 spatial: 0.085 
(epoch: 70, iters: 778, time: 0.488, data: 0.002) G_GAN_ViT: 0.293 D_real_ViT: 0.200 D_fake_ViT: 0.249 global: 0.246 spatial: 0.066 
(epoch: 70, iters: 878, time: 0.488, data: 0.001) G_GAN_ViT: 0.392 D_real_ViT: 0.233 D_fake_ViT: 0.182 global: 0.414 spatial: 0.084 
(epoch: 70, iters: 978, time: 0.488, data: 0.001) G_GAN_ViT: 0.301 D_real_ViT: 0.240 D_fake_ViT: 0.240 global: 0.509 spatial: 0.093 
(epoch: 70, iters: 1078, time: 0.487, data: 0.001) G_GAN_ViT: 0.303 D_real_ViT: 0.224 D_fake_ViT: 0.242 global: 0.524 spatial: 0.076 
(epoch: 70, iters: 1178, time: 0.487, data: 0.002) G_GAN_ViT: 0.440 D_real_ViT: 0.365 D_fake_ViT: 0.148 global: 0.252 spatial: 0.066 
(epoch: 70, iters: 1278, time: 0.488, data: 0.001) G_GAN_ViT: 0.298 D_real_ViT: 0.311 D_fake_ViT: 0.256 global: 0.383 spatial: 0.090 
(epoch: 70, iters: 1378, time: 0.488, data: 0.002) G_GAN_ViT: 0.400 D_real_ViT: 0.036 D_fake_ViT: 0.174 global: 0.329 spatial: 0.070 
(epoch: 70, iters: 1478, time: 0.488, data: 0.001) G_GAN_ViT: 0.215 D_real_ViT: 0.119 D_fake_ViT: 0.357 global: 0.505 spatial: 0.098 
(epoch: 70, iters: 1578, time: 0.488, data: 0.001) G_GAN_ViT: 0.347 D_real_ViT: 0.169 D_fake_ViT: 0.216 global: 0.319 spatial: 0.081 
(epoch: 70, iters: 1678, time: 0.488, data: 0.001) G_GAN_ViT: 0.491 D_real_ViT: 0.156 D_fake_ViT: 0.162 global: 0.399 spatial: 0.107 
(epoch: 70, iters: 1778, time: 0.488, data: 0.001) G_GAN_ViT: 0.452 D_real_ViT: 0.238 D_fake_ViT: 0.156 global: 0.304 spatial: 0.072 
(epoch: 70, iters: 1878, time: 0.488, data: 0.002) G_GAN_ViT: 0.360 D_real_ViT: 0.225 D_fake_ViT: 0.203 global: 0.441 spatial: 0.091 
(epoch: 70, iters: 1978, time: 0.488, data: 0.001) G_GAN_ViT: 0.339 D_real_ViT: 0.125 D_fake_ViT: 0.214 global: 0.449 spatial: 0.084 
(epoch: 70, iters: 2078, time: 0.488, data: 0.002) G_GAN_ViT: 0.393 D_real_ViT: 0.286 D_fake_ViT: 0.179 global: 0.335 spatial: 0.094 
(epoch: 70, iters: 2178, time: 0.488, data: 0.002) G_GAN_ViT: 0.434 D_real_ViT: 0.299 D_fake_ViT: 0.180 global: 0.364 spatial: 0.099 
(epoch: 70, iters: 2278, time: 0.488, data: 0.002) G_GAN_ViT: 0.261 D_real_ViT: 0.224 D_fake_ViT: 0.286 global: 0.426 spatial: 0.102 
(epoch: 70, iters: 2378, time: 0.488, data: 0.001) G_GAN_ViT: 0.360 D_real_ViT: 0.362 D_fake_ViT: 0.229 global: 0.398 spatial: 0.102 
(epoch: 70, iters: 2478, time: 0.488, data: 0.002) G_GAN_ViT: 0.334 D_real_ViT: 0.137 D_fake_ViT: 0.221 global: 0.480 spatial: 0.076 
(epoch: 70, iters: 2578, time: 0.488, data: 0.001) G_GAN_ViT: 0.479 D_real_ViT: 0.133 D_fake_ViT: 0.136 global: 0.356 spatial: 0.091 
(epoch: 70, iters: 2678, time: 0.488, data: 0.002) G_GAN_ViT: 0.459 D_real_ViT: 0.180 D_fake_ViT: 0.135 global: 0.351 spatial: 0.093 
(epoch: 70, iters: 2778, time: 0.489, data: 0.001) G_GAN_ViT: 0.294 D_real_ViT: 0.297 D_fake_ViT: 0.251 global: 0.395 spatial: 0.074 
(epoch: 70, iters: 2878, time: 0.488, data: 0.001) G_GAN_ViT: 0.351 D_real_ViT: 0.275 D_fake_ViT: 0.228 global: 0.339 spatial: 0.081 
saving the latest model (epoch 70, total_iters 385000)
ICL_single_traffic_city
(epoch: 70, iters: 2978, time: 0.488, data: 0.002) G_GAN_ViT: 0.423 D_real_ViT: 0.339 D_fake_ViT: 0.187 global: 0.453 spatial: 0.086 
(epoch: 70, iters: 3078, time: 0.488, data: 0.002) G_GAN_ViT: 0.459 D_real_ViT: 0.168 D_fake_ViT: 0.150 global: 0.421 spatial: 0.078 
(epoch: 70, iters: 3178, time: 0.488, data: 0.002) G_GAN_ViT: 0.408 D_real_ViT: 0.189 D_fake_ViT: 0.180 global: 0.307 spatial: 0.086 
(epoch: 70, iters: 3278, time: 0.489, data: 0.001) G_GAN_ViT: 0.524 D_real_ViT: 0.310 D_fake_ViT: 0.107 global: 0.303 spatial: 0.085 
(epoch: 70, iters: 3378, time: 0.489, data: 0.002) G_GAN_ViT: 0.298 D_real_ViT: 0.197 D_fake_ViT: 0.265 global: 0.371 spatial: 0.107 
(epoch: 70, iters: 3478, time: 0.488, data: 0.001) G_GAN_ViT: 0.348 D_real_ViT: 0.247 D_fake_ViT: 0.210 global: 0.372 spatial: 0.077 
(epoch: 70, iters: 3578, time: 0.488, data: 0.002) G_GAN_ViT: 0.298 D_real_ViT: 0.285 D_fake_ViT: 0.257 global: 0.466 spatial: 0.084 
(epoch: 70, iters: 3678, time: 0.488, data: 0.001) G_GAN_ViT: 0.323 D_real_ViT: 0.152 D_fake_ViT: 0.225 global: 0.435 spatial: 0.074 
(epoch: 70, iters: 3778, time: 0.488, data: 0.001) G_GAN_ViT: 0.443 D_real_ViT: 0.326 D_fake_ViT: 0.153 global: 0.320 spatial: 0.076 
(epoch: 70, iters: 3878, time: 0.487, data: 0.001) G_GAN_ViT: 0.522 D_real_ViT: 0.189 D_fake_ViT: 0.117 global: 0.295 spatial: 0.066 
(epoch: 70, iters: 3978, time: 0.487, data: 0.001) G_GAN_ViT: 0.320 D_real_ViT: 0.188 D_fake_ViT: 0.231 global: 0.328 spatial: 0.078 
(epoch: 70, iters: 4078, time: 0.487, data: 0.002) G_GAN_ViT: 0.292 D_real_ViT: 0.298 D_fake_ViT: 0.257 global: 0.437 spatial: 0.090 
(epoch: 70, iters: 4178, time: 0.487, data: 0.002) G_GAN_ViT: 0.437 D_real_ViT: 0.157 D_fake_ViT: 0.156 global: 0.280 spatial: 0.077 
(epoch: 70, iters: 4278, time: 0.487, data: 0.001) G_GAN_ViT: 0.376 D_real_ViT: 0.233 D_fake_ViT: 0.201 global: 0.349 spatial: 0.095 
(epoch: 70, iters: 4378, time: 0.487, data: 0.003) G_GAN_ViT: 0.270 D_real_ViT: 0.223 D_fake_ViT: 0.269 global: 0.477 spatial: 0.094 
(epoch: 70, iters: 4478, time: 0.486, data: 0.001) G_GAN_ViT: 0.468 D_real_ViT: 0.028 D_fake_ViT: 0.133 global: 0.312 spatial: 0.071 
(epoch: 70, iters: 4578, time: 0.486, data: 0.001) G_GAN_ViT: 0.204 D_real_ViT: 0.208 D_fake_ViT: 0.341 global: 0.349 spatial: 0.073 
(epoch: 70, iters: 4678, time: 0.486, data: 0.001) G_GAN_ViT: 0.275 D_real_ViT: 0.366 D_fake_ViT: 0.273 global: 0.402 spatial: 0.088 
(epoch: 70, iters: 4778, time: 0.487, data: 0.002) G_GAN_ViT: 0.304 D_real_ViT: 0.142 D_fake_ViT: 0.251 global: 0.538 spatial: 0.083 
(epoch: 70, iters: 4878, time: 0.487, data: 0.001) G_GAN_ViT: 0.336 D_real_ViT: 0.209 D_fake_ViT: 0.224 global: 0.399 spatial: 0.096 
(epoch: 70, iters: 4978, time: 0.487, data: 0.001) G_GAN_ViT: 0.207 D_real_ViT: 0.168 D_fake_ViT: 0.331 global: 0.379 spatial: 0.074 
(epoch: 70, iters: 5078, time: 0.487, data: 0.001) G_GAN_ViT: 0.212 D_real_ViT: 0.227 D_fake_ViT: 0.326 global: 0.373 spatial: 0.076 
(epoch: 70, iters: 5178, time: 0.487, data: 0.001) G_GAN_ViT: 0.354 D_real_ViT: 0.136 D_fake_ViT: 0.217 global: 0.378 spatial: 0.079 
(epoch: 70, iters: 5278, time: 0.487, data: 0.001) G_GAN_ViT: 0.452 D_real_ViT: 0.203 D_fake_ViT: 0.145 global: 0.327 spatial: 0.086 
(epoch: 70, iters: 5378, time: 0.487, data: 0.001) G_GAN_ViT: 0.444 D_real_ViT: 0.252 D_fake_ViT: 0.146 global: 0.384 spatial: 0.086 
(epoch: 70, iters: 5478, time: 0.487, data: 0.002) G_GAN_ViT: 0.335 D_real_ViT: 0.352 D_fake_ViT: 0.217 global: 0.480 spatial: 0.095 
saving the model at the end of epoch 70, iters 387660
End of epoch 70 / 100 	 Time Taken: 2711 sec
learning rate = 0.0000059
(epoch: 71, iters: 40, time: 0.488, data: 0.002) G_GAN_ViT: 0.309 D_real_ViT: 0.290 D_fake_ViT: 0.239 global: 0.449 spatial: 0.087 
(epoch: 71, iters: 140, time: 0.487, data: 0.001) G_GAN_ViT: 0.363 D_real_ViT: 0.167 D_fake_ViT: 0.199 global: 0.403 spatial: 0.088 
(epoch: 71, iters: 240, time: 0.487, data: 0.001) G_GAN_ViT: 0.319 D_real_ViT: 0.294 D_fake_ViT: 0.239 global: 0.414 spatial: 0.090 
(epoch: 71, iters: 340, time: 0.487, data: 0.001) G_GAN_ViT: 0.307 D_real_ViT: 0.198 D_fake_ViT: 0.246 global: 0.408 spatial: 0.094 
(epoch: 71, iters: 440, time: 0.487, data: 0.001) G_GAN_ViT: 0.453 D_real_ViT: 0.120 D_fake_ViT: 0.140 global: 0.316 spatial: 0.082 
(epoch: 71, iters: 540, time: 0.488, data: 0.001) G_GAN_ViT: 0.408 D_real_ViT: 0.319 D_fake_ViT: 0.167 global: 0.389 spatial: 0.085 
(epoch: 71, iters: 640, time: 0.487, data: 0.001) G_GAN_ViT: 0.435 D_real_ViT: 0.243 D_fake_ViT: 0.145 global: 0.242 spatial: 0.064 
(epoch: 71, iters: 740, time: 0.487, data: 0.001) G_GAN_ViT: 0.332 D_real_ViT: 0.240 D_fake_ViT: 0.219 global: 0.420 spatial: 0.089 
(epoch: 71, iters: 840, time: 0.487, data: 0.001) G_GAN_ViT: 0.464 D_real_ViT: 0.144 D_fake_ViT: 0.130 global: 0.410 spatial: 0.079 
(epoch: 71, iters: 940, time: 0.488, data: 0.001) G_GAN_ViT: 0.391 D_real_ViT: 0.325 D_fake_ViT: 0.187 global: 0.346 spatial: 0.077 
(epoch: 71, iters: 1040, time: 0.488, data: 0.001) G_GAN_ViT: 0.230 D_real_ViT: 0.196 D_fake_ViT: 0.318 global: 0.267 spatial: 0.067 
(epoch: 71, iters: 1140, time: 0.487, data: 0.002) G_GAN_ViT: 0.404 D_real_ViT: 0.219 D_fake_ViT: 0.171 global: 0.271 spatial: 0.061 
(epoch: 71, iters: 1240, time: 0.487, data: 0.002) G_GAN_ViT: 0.345 D_real_ViT: 0.266 D_fake_ViT: 0.217 global: 0.311 spatial: 0.070 
(epoch: 71, iters: 1340, time: 0.487, data: 0.001) G_GAN_ViT: 0.440 D_real_ViT: 0.360 D_fake_ViT: 0.146 global: 0.353 spatial: 0.082 
(epoch: 71, iters: 1440, time: 0.487, data: 0.001) G_GAN_ViT: 0.269 D_real_ViT: 0.205 D_fake_ViT: 0.278 global: 0.338 spatial: 0.090 
(epoch: 71, iters: 1540, time: 0.487, data: 0.001) G_GAN_ViT: 0.347 D_real_ViT: 0.364 D_fake_ViT: 0.225 global: 0.504 spatial: 0.089 
(epoch: 71, iters: 1640, time: 0.487, data: 0.001) G_GAN_ViT: 0.396 D_real_ViT: 0.308 D_fake_ViT: 0.171 global: 0.280 spatial: 0.074 
(epoch: 71, iters: 1740, time: 0.487, data: 0.001) G_GAN_ViT: 0.415 D_real_ViT: 0.130 D_fake_ViT: 0.159 global: 0.314 spatial: 0.061 
(epoch: 71, iters: 1840, time: 0.487, data: 0.001) G_GAN_ViT: 0.340 D_real_ViT: 0.111 D_fake_ViT: 0.226 global: 0.347 spatial: 0.104 
(epoch: 71, iters: 1940, time: 0.487, data: 0.002) G_GAN_ViT: 0.448 D_real_ViT: 0.435 D_fake_ViT: 0.138 global: 0.289 spatial: 0.071 
(epoch: 71, iters: 2040, time: 0.487, data: 0.002) G_GAN_ViT: 0.306 D_real_ViT: 0.156 D_fake_ViT: 0.233 global: 0.293 spatial: 0.071 
(epoch: 71, iters: 2140, time: 0.486, data: 0.002) G_GAN_ViT: 0.255 D_real_ViT: 0.201 D_fake_ViT: 0.289 global: 0.541 spatial: 0.098 
(epoch: 71, iters: 2240, time: 0.486, data: 0.002) G_GAN_ViT: 0.348 D_real_ViT: 0.287 D_fake_ViT: 0.203 global: 0.431 spatial: 0.079 
(epoch: 71, iters: 2340, time: 0.485, data: 0.002) G_GAN_ViT: 0.365 D_real_ViT: 0.216 D_fake_ViT: 0.200 global: 0.380 spatial: 0.093 
saving the latest model (epoch 71, total_iters 390000)
ICL_single_traffic_city
(epoch: 71, iters: 2440, time: 0.486, data: 0.002) G_GAN_ViT: 0.420 D_real_ViT: 0.234 D_fake_ViT: 0.169 global: 0.343 spatial: 0.076 
(epoch: 71, iters: 2540, time: 0.486, data: 0.001) G_GAN_ViT: 0.464 D_real_ViT: 0.328 D_fake_ViT: 0.154 global: 0.390 spatial: 0.083 
(epoch: 71, iters: 2640, time: 0.487, data: 0.002) G_GAN_ViT: 0.419 D_real_ViT: 0.338 D_fake_ViT: 0.157 global: 0.355 spatial: 0.083 
(epoch: 71, iters: 2740, time: 0.487, data: 0.001) G_GAN_ViT: 0.398 D_real_ViT: 0.306 D_fake_ViT: 0.172 global: 0.392 spatial: 0.071 
(epoch: 71, iters: 2840, time: 0.487, data: 0.001) G_GAN_ViT: 0.369 D_real_ViT: 0.318 D_fake_ViT: 0.189 global: 0.415 spatial: 0.080 
(epoch: 71, iters: 2940, time: 0.487, data: 0.001) G_GAN_ViT: 0.357 D_real_ViT: 0.191 D_fake_ViT: 0.194 global: 0.481 spatial: 0.081 
(epoch: 71, iters: 3040, time: 0.487, data: 0.001) G_GAN_ViT: 0.487 D_real_ViT: 0.231 D_fake_ViT: 0.129 global: 0.337 spatial: 0.082 
(epoch: 71, iters: 3140, time: 0.487, data: 0.001) G_GAN_ViT: 0.242 D_real_ViT: 0.234 D_fake_ViT: 0.300 global: 0.260 spatial: 0.069 
(epoch: 71, iters: 3240, time: 0.487, data: 0.001) G_GAN_ViT: 0.428 D_real_ViT: 0.324 D_fake_ViT: 0.165 global: 0.364 spatial: 0.096 
(epoch: 71, iters: 3340, time: 0.486, data: 0.001) G_GAN_ViT: 0.344 D_real_ViT: 0.219 D_fake_ViT: 0.209 global: 0.266 spatial: 0.069 
(epoch: 71, iters: 3440, time: 0.485, data: 0.002) G_GAN_ViT: 0.431 D_real_ViT: 0.250 D_fake_ViT: 0.144 global: 0.312 spatial: 0.077 
(epoch: 71, iters: 3540, time: 0.485, data: 0.001) G_GAN_ViT: 0.268 D_real_ViT: 0.228 D_fake_ViT: 0.289 global: 0.351 spatial: 0.100 
(epoch: 71, iters: 3640, time: 0.485, data: 0.002) G_GAN_ViT: 0.393 D_real_ViT: 0.034 D_fake_ViT: 0.180 global: 0.445 spatial: 0.087 
(epoch: 71, iters: 3740, time: 0.486, data: 0.001) G_GAN_ViT: 0.323 D_real_ViT: 0.212 D_fake_ViT: 0.226 global: 0.288 spatial: 0.069 
(epoch: 71, iters: 3840, time: 0.486, data: 0.001) G_GAN_ViT: 0.475 D_real_ViT: 0.110 D_fake_ViT: 0.129 global: 0.340 spatial: 0.089 
(epoch: 71, iters: 3940, time: 0.487, data: 0.002) G_GAN_ViT: 0.358 D_real_ViT: 0.268 D_fake_ViT: 0.236 global: 0.335 spatial: 0.088 
(epoch: 71, iters: 4040, time: 0.487, data: 0.002) G_GAN_ViT: 0.450 D_real_ViT: 0.080 D_fake_ViT: 0.144 global: 0.292 spatial: 0.063 
(epoch: 71, iters: 4140, time: 0.487, data: 0.002) G_GAN_ViT: 0.435 D_real_ViT: 0.337 D_fake_ViT: 0.138 global: 0.302 spatial: 0.082 
(epoch: 71, iters: 4240, time: 0.487, data: 0.001) G_GAN_ViT: 0.275 D_real_ViT: 0.220 D_fake_ViT: 0.265 global: 0.457 spatial: 0.086 
(epoch: 71, iters: 4340, time: 0.487, data: 0.002) G_GAN_ViT: 0.249 D_real_ViT: 0.127 D_fake_ViT: 0.300 global: 0.345 spatial: 0.080 
(epoch: 71, iters: 4440, time: 0.488, data: 0.001) G_GAN_ViT: 0.338 D_real_ViT: 0.263 D_fake_ViT: 0.217 global: 0.352 spatial: 0.068 
(epoch: 71, iters: 4540, time: 0.489, data: 0.001) G_GAN_ViT: 0.425 D_real_ViT: 0.211 D_fake_ViT: 0.146 global: 0.275 spatial: 0.073 
(epoch: 71, iters: 4640, time: 0.488, data: 0.002) G_GAN_ViT: 0.324 D_real_ViT: 0.114 D_fake_ViT: 0.247 global: 0.382 spatial: 0.104 
(epoch: 71, iters: 4740, time: 0.488, data: 0.001) G_GAN_ViT: 0.323 D_real_ViT: 0.284 D_fake_ViT: 0.234 global: 0.575 spatial: 0.085 
(epoch: 71, iters: 4840, time: 0.489, data: 0.002) G_GAN_ViT: 0.332 D_real_ViT: 0.183 D_fake_ViT: 0.243 global: 0.469 spatial: 0.094 
(epoch: 71, iters: 4940, time: 0.488, data: 0.002) G_GAN_ViT: 0.442 D_real_ViT: 0.271 D_fake_ViT: 0.142 global: 0.305 spatial: 0.079 
(epoch: 71, iters: 5040, time: 0.488, data: 0.002) G_GAN_ViT: 0.328 D_real_ViT: 0.269 D_fake_ViT: 0.234 global: 0.424 spatial: 0.083 
(epoch: 71, iters: 5140, time: 0.488, data: 0.001) G_GAN_ViT: 0.329 D_real_ViT: 0.160 D_fake_ViT: 0.226 global: 0.514 spatial: 0.093 
(epoch: 71, iters: 5240, time: 0.487, data: 0.001) G_GAN_ViT: 0.318 D_real_ViT: 0.286 D_fake_ViT: 0.234 global: 0.412 spatial: 0.073 
(epoch: 71, iters: 5340, time: 0.487, data: 0.002) G_GAN_ViT: 0.296 D_real_ViT: 0.341 D_fake_ViT: 0.262 global: 0.421 spatial: 0.086 
(epoch: 71, iters: 5440, time: 0.486, data: 0.001) G_GAN_ViT: 0.310 D_real_ViT: 0.304 D_fake_ViT: 0.252 global: 0.411 spatial: 0.087 
End of epoch 71 / 100 	 Time Taken: 2706 sec
learning rate = 0.0000057
(epoch: 72, iters: 2, time: 0.487, data: 0.001) G_GAN_ViT: 0.474 D_real_ViT: 0.215 D_fake_ViT: 0.125 global: 0.273 spatial: 0.065 
(epoch: 72, iters: 102, time: 0.487, data: 0.003) G_GAN_ViT: 0.346 D_real_ViT: 0.306 D_fake_ViT: 0.218 global: 0.319 spatial: 0.085 
(epoch: 72, iters: 202, time: 0.486, data: 0.002) G_GAN_ViT: 0.429 D_real_ViT: 0.172 D_fake_ViT: 0.170 global: 0.249 spatial: 0.073 
(epoch: 72, iters: 302, time: 0.486, data: 0.001) G_GAN_ViT: 0.340 D_real_ViT: 0.153 D_fake_ViT: 0.220 global: 0.498 spatial: 0.085 
(epoch: 72, iters: 402, time: 0.487, data: 0.001) G_GAN_ViT: 0.375 D_real_ViT: 0.250 D_fake_ViT: 0.201 global: 0.423 spatial: 0.092 
(epoch: 72, iters: 502, time: 0.487, data: 0.002) G_GAN_ViT: 0.422 D_real_ViT: 0.121 D_fake_ViT: 0.175 global: 0.417 spatial: 0.093 
(epoch: 72, iters: 602, time: 0.486, data: 0.001) G_GAN_ViT: 0.277 D_real_ViT: 0.293 D_fake_ViT: 0.258 global: 0.280 spatial: 0.070 
(epoch: 72, iters: 702, time: 0.486, data: 0.002) G_GAN_ViT: 0.449 D_real_ViT: 0.314 D_fake_ViT: 0.134 global: 0.300 spatial: 0.083 
(epoch: 72, iters: 802, time: 0.486, data: 0.001) G_GAN_ViT: 0.377 D_real_ViT: 0.237 D_fake_ViT: 0.181 global: 0.303 spatial: 0.071 
(epoch: 72, iters: 902, time: 0.487, data: 0.001) G_GAN_ViT: 0.422 D_real_ViT: 0.293 D_fake_ViT: 0.159 global: 0.294 spatial: 0.065 
(epoch: 72, iters: 1002, time: 0.486, data: 0.002) G_GAN_ViT: 0.245 D_real_ViT: 0.108 D_fake_ViT: 0.316 global: 0.427 spatial: 0.076 
(epoch: 72, iters: 1102, time: 0.486, data: 0.001) G_GAN_ViT: 0.469 D_real_ViT: 0.214 D_fake_ViT: 0.146 global: 0.331 spatial: 0.106 
(epoch: 72, iters: 1202, time: 0.485, data: 0.002) G_GAN_ViT: 0.397 D_real_ViT: 0.355 D_fake_ViT: 0.171 global: 0.399 spatial: 0.078 
(epoch: 72, iters: 1302, time: 0.486, data: 0.001) G_GAN_ViT: 0.304 D_real_ViT: 0.081 D_fake_ViT: 0.260 global: 0.336 spatial: 0.079 
(epoch: 72, iters: 1402, time: 0.486, data: 0.002) G_GAN_ViT: 0.425 D_real_ViT: 0.216 D_fake_ViT: 0.165 global: 0.391 spatial: 0.082 
(epoch: 72, iters: 1502, time: 0.486, data: 0.002) G_GAN_ViT: 0.385 D_real_ViT: 0.210 D_fake_ViT: 0.185 global: 0.329 spatial: 0.075 
(epoch: 72, iters: 1602, time: 0.486, data: 0.002) G_GAN_ViT: 0.275 D_real_ViT: 0.216 D_fake_ViT: 0.263 global: 0.276 spatial: 0.067 
(epoch: 72, iters: 1702, time: 0.487, data: 0.001) G_GAN_ViT: 0.304 D_real_ViT: 0.184 D_fake_ViT: 0.236 global: 0.401 spatial: 0.085 
(epoch: 72, iters: 1802, time: 0.486, data: 0.001) G_GAN_ViT: 0.256 D_real_ViT: 0.077 D_fake_ViT: 0.292 global: 0.502 spatial: 0.100 
saving the latest model (epoch 72, total_iters 395000)
ICL_single_traffic_city
(epoch: 72, iters: 1902, time: 0.487, data: 0.002) G_GAN_ViT: 0.349 D_real_ViT: 0.229 D_fake_ViT: 0.207 global: 0.422 spatial: 0.087 
(epoch: 72, iters: 2002, time: 0.487, data: 0.002) G_GAN_ViT: 0.335 D_real_ViT: 0.175 D_fake_ViT: 0.209 global: 0.442 spatial: 0.085 
(epoch: 72, iters: 2102, time: 0.487, data: 0.001) G_GAN_ViT: 0.306 D_real_ViT: 0.342 D_fake_ViT: 0.253 global: 0.342 spatial: 0.097 
(epoch: 72, iters: 2202, time: 0.487, data: 0.001) G_GAN_ViT: 0.450 D_real_ViT: 0.142 D_fake_ViT: 0.133 global: 0.279 spatial: 0.075 
(epoch: 72, iters: 2302, time: 0.487, data: 0.001) G_GAN_ViT: 0.453 D_real_ViT: 0.197 D_fake_ViT: 0.151 global: 0.344 spatial: 0.075 
(epoch: 72, iters: 2402, time: 0.487, data: 0.001) G_GAN_ViT: 0.435 D_real_ViT: 0.169 D_fake_ViT: 0.152 global: 0.310 spatial: 0.072 
(epoch: 72, iters: 2502, time: 0.488, data: 0.002) G_GAN_ViT: 0.207 D_real_ViT: 0.196 D_fake_ViT: 0.358 global: 0.456 spatial: 0.081 
(epoch: 72, iters: 2602, time: 0.488, data: 0.002) G_GAN_ViT: 0.472 D_real_ViT: 0.128 D_fake_ViT: 0.134 global: 0.306 spatial: 0.079 
(epoch: 72, iters: 2702, time: 0.487, data: 0.002) G_GAN_ViT: 0.455 D_real_ViT: 0.263 D_fake_ViT: 0.135 global: 0.310 spatial: 0.072 
(epoch: 72, iters: 2802, time: 0.488, data: 0.001) G_GAN_ViT: 0.373 D_real_ViT: 0.142 D_fake_ViT: 0.212 global: 0.333 spatial: 0.085 
(epoch: 72, iters: 2902, time: 0.487, data: 0.001) G_GAN_ViT: 0.304 D_real_ViT: 0.144 D_fake_ViT: 0.246 global: 0.353 spatial: 0.072 
(epoch: 72, iters: 3002, time: 0.487, data: 0.001) G_GAN_ViT: 0.497 D_real_ViT: 0.228 D_fake_ViT: 0.144 global: 0.370 spatial: 0.076 
(epoch: 72, iters: 3102, time: 0.488, data: 0.001) G_GAN_ViT: 0.308 D_real_ViT: 0.374 D_fake_ViT: 0.235 global: 0.297 spatial: 0.075 
(epoch: 72, iters: 3202, time: 0.488, data: 0.001) G_GAN_ViT: 0.404 D_real_ViT: 0.303 D_fake_ViT: 0.170 global: 0.305 spatial: 0.083 
(epoch: 72, iters: 3302, time: 0.488, data: 0.002) G_GAN_ViT: 0.439 D_real_ViT: 0.123 D_fake_ViT: 0.155 global: 0.280 spatial: 0.072 
(epoch: 72, iters: 3402, time: 0.488, data: 0.001) G_GAN_ViT: 0.495 D_real_ViT: 0.264 D_fake_ViT: 0.130 global: 0.516 spatial: 0.079 
(epoch: 72, iters: 3502, time: 0.488, data: 0.002) G_GAN_ViT: 0.315 D_real_ViT: 0.272 D_fake_ViT: 0.233 global: 0.482 spatial: 0.081 
(epoch: 72, iters: 3602, time: 0.488, data: 0.001) G_GAN_ViT: 0.398 D_real_ViT: 0.240 D_fake_ViT: 0.180 global: 0.382 spatial: 0.084 
(epoch: 72, iters: 3702, time: 0.487, data: 0.001) G_GAN_ViT: 0.296 D_real_ViT: 0.350 D_fake_ViT: 0.245 global: 0.462 spatial: 0.083 
(epoch: 72, iters: 3802, time: 0.487, data: 0.001) G_GAN_ViT: 0.263 D_real_ViT: 0.171 D_fake_ViT: 0.278 global: 0.445 spatial: 0.086 
(epoch: 72, iters: 3902, time: 0.487, data: 0.001) G_GAN_ViT: 0.214 D_real_ViT: 0.161 D_fake_ViT: 0.338 global: 0.317 spatial: 0.082 
(epoch: 72, iters: 4002, time: 0.487, data: 0.001) G_GAN_ViT: 0.423 D_real_ViT: 0.280 D_fake_ViT: 0.164 global: 0.300 spatial: 0.061 
(epoch: 72, iters: 4102, time: 0.487, data: 0.001) G_GAN_ViT: 0.320 D_real_ViT: 0.316 D_fake_ViT: 0.228 global: 0.454 spatial: 0.067 
(epoch: 72, iters: 4202, time: 0.487, data: 0.001) G_GAN_ViT: 0.387 D_real_ViT: 0.056 D_fake_ViT: 0.180 global: 0.462 spatial: 0.087 
(epoch: 72, iters: 4302, time: 0.487, data: 0.001) G_GAN_ViT: 0.228 D_real_ViT: 0.262 D_fake_ViT: 0.314 global: 0.266 spatial: 0.064 
(epoch: 72, iters: 4402, time: 0.487, data: 0.001) G_GAN_ViT: 0.274 D_real_ViT: 0.314 D_fake_ViT: 0.279 global: 0.418 spatial: 0.082 
(epoch: 72, iters: 4502, time: 0.488, data: 0.002) G_GAN_ViT: 0.352 D_real_ViT: 0.238 D_fake_ViT: 0.201 global: 0.513 spatial: 0.084 
(epoch: 72, iters: 4602, time: 0.487, data: 0.001) G_GAN_ViT: 0.389 D_real_ViT: 0.290 D_fake_ViT: 0.176 global: 0.303 spatial: 0.072 
(epoch: 72, iters: 4702, time: 0.487, data: 0.002) G_GAN_ViT: 0.452 D_real_ViT: 0.051 D_fake_ViT: 0.136 global: 0.311 spatial: 0.073 
(epoch: 72, iters: 4802, time: 0.487, data: 0.001) G_GAN_ViT: 0.260 D_real_ViT: 0.188 D_fake_ViT: 0.276 global: 0.381 spatial: 0.073 
(epoch: 72, iters: 4902, time: 0.487, data: 0.001) G_GAN_ViT: 0.444 D_real_ViT: 0.238 D_fake_ViT: 0.151 global: 0.326 spatial: 0.067 
(epoch: 72, iters: 5002, time: 0.487, data: 0.001) G_GAN_ViT: 0.399 D_real_ViT: 0.238 D_fake_ViT: 0.183 global: 0.309 spatial: 0.075 
(epoch: 72, iters: 5102, time: 0.487, data: 0.002) G_GAN_ViT: 0.420 D_real_ViT: 0.164 D_fake_ViT: 0.160 global: 0.303 spatial: 0.085 
(epoch: 72, iters: 5202, time: 0.488, data: 0.001) G_GAN_ViT: 0.293 D_real_ViT: 0.243 D_fake_ViT: 0.258 global: 0.555 spatial: 0.089 
(epoch: 72, iters: 5302, time: 0.488, data: 0.001) G_GAN_ViT: 0.321 D_real_ViT: 0.317 D_fake_ViT: 0.223 global: 0.389 spatial: 0.080 
(epoch: 72, iters: 5402, time: 0.488, data: 0.001) G_GAN_ViT: 0.387 D_real_ViT: 0.269 D_fake_ViT: 0.185 global: 0.261 spatial: 0.080 
(epoch: 72, iters: 5502, time: 0.488, data: 0.001) G_GAN_ViT: 0.310 D_real_ViT: 0.184 D_fake_ViT: 0.241 global: 0.577 spatial: 0.094 
End of epoch 72 / 100 	 Time Taken: 2707 sec
learning rate = 0.0000055
(epoch: 73, iters: 64, time: 0.488, data: 0.002) G_GAN_ViT: 0.427 D_real_ViT: 0.280 D_fake_ViT: 0.148 global: 0.327 spatial: 0.078 
(epoch: 73, iters: 164, time: 0.488, data: 0.001) G_GAN_ViT: 0.449 D_real_ViT: 0.203 D_fake_ViT: 0.153 global: 0.401 spatial: 0.089 
(epoch: 73, iters: 264, time: 0.487, data: 0.001) G_GAN_ViT: 0.283 D_real_ViT: 0.150 D_fake_ViT: 0.258 global: 0.313 spatial: 0.085 
(epoch: 73, iters: 364, time: 0.488, data: 0.001) G_GAN_ViT: 0.391 D_real_ViT: 0.364 D_fake_ViT: 0.171 global: 0.257 spatial: 0.067 
(epoch: 73, iters: 464, time: 0.487, data: 0.001) G_GAN_ViT: 0.463 D_real_ViT: 0.204 D_fake_ViT: 0.162 global: 0.328 spatial: 0.078 
(epoch: 73, iters: 564, time: 0.488, data: 0.001) G_GAN_ViT: 0.246 D_real_ViT: 0.347 D_fake_ViT: 0.295 global: 0.468 spatial: 0.093 
(epoch: 73, iters: 664, time: 0.487, data: 0.001) G_GAN_ViT: 0.353 D_real_ViT: 0.181 D_fake_ViT: 0.203 global: 0.459 spatial: 0.089 
(epoch: 73, iters: 764, time: 0.487, data: 0.001) G_GAN_ViT: 0.392 D_real_ViT: 0.152 D_fake_ViT: 0.170 global: 0.275 spatial: 0.073 
(epoch: 73, iters: 864, time: 0.487, data: 0.001) G_GAN_ViT: 0.426 D_real_ViT: 0.233 D_fake_ViT: 0.152 global: 0.282 spatial: 0.074 
(epoch: 73, iters: 964, time: 0.487, data: 0.001) G_GAN_ViT: 0.447 D_real_ViT: 0.167 D_fake_ViT: 0.160 global: 0.432 spatial: 0.083 
(epoch: 73, iters: 1064, time: 0.487, data: 0.001) G_GAN_ViT: 0.307 D_real_ViT: 0.174 D_fake_ViT: 0.246 global: 0.471 spatial: 0.093 
(epoch: 73, iters: 1164, time: 0.487, data: 0.001) G_GAN_ViT: 0.285 D_real_ViT: 0.239 D_fake_ViT: 0.258 global: 0.414 spatial: 0.082 
(epoch: 73, iters: 1264, time: 0.487, data: 0.001) G_GAN_ViT: 0.397 D_real_ViT: 0.252 D_fake_ViT: 0.166 global: 0.325 spatial: 0.083 
saving the latest model (epoch 73, total_iters 400000)
ICL_single_traffic_city
(epoch: 73, iters: 1364, time: 0.487, data: 0.002) G_GAN_ViT: 0.307 D_real_ViT: 0.233 D_fake_ViT: 0.233 global: 0.324 spatial: 0.083 
(epoch: 73, iters: 1464, time: 0.487, data: 0.001) G_GAN_ViT: 0.377 D_real_ViT: 0.397 D_fake_ViT: 0.212 global: 0.322 spatial: 0.075 
(epoch: 73, iters: 1564, time: 0.487, data: 0.001) G_GAN_ViT: 0.331 D_real_ViT: 0.336 D_fake_ViT: 0.227 global: 0.530 spatial: 0.091 
(epoch: 73, iters: 1664, time: 0.488, data: 0.001) G_GAN_ViT: 0.411 D_real_ViT: 0.187 D_fake_ViT: 0.166 global: 0.345 spatial: 0.077 
(epoch: 73, iters: 1764, time: 0.488, data: 0.001) G_GAN_ViT: 0.425 D_real_ViT: 0.257 D_fake_ViT: 0.151 global: 0.404 spatial: 0.075 
(epoch: 73, iters: 1864, time: 0.488, data: 0.001) G_GAN_ViT: 0.305 D_real_ViT: 0.320 D_fake_ViT: 0.240 global: 0.399 spatial: 0.076 
(epoch: 73, iters: 1964, time: 0.489, data: 0.002) G_GAN_ViT: 0.303 D_real_ViT: 0.275 D_fake_ViT: 0.258 global: 0.346 spatial: 0.097 
(epoch: 73, iters: 2064, time: 0.490, data: 0.001) G_GAN_ViT: 0.364 D_real_ViT: 0.138 D_fake_ViT: 0.206 global: 0.554 spatial: 0.084 
(epoch: 73, iters: 2164, time: 0.490, data: 0.001) G_GAN_ViT: 0.308 D_real_ViT: 0.346 D_fake_ViT: 0.237 global: 0.430 spatial: 0.091 
(epoch: 73, iters: 2264, time: 0.490, data: 0.001) G_GAN_ViT: 0.376 D_real_ViT: 0.258 D_fake_ViT: 0.185 global: 0.398 spatial: 0.092 
(epoch: 73, iters: 2364, time: 0.490, data: 0.001) G_GAN_ViT: 0.377 D_real_ViT: 0.242 D_fake_ViT: 0.181 global: 0.253 spatial: 0.067 
(epoch: 73, iters: 2464, time: 0.489, data: 0.003) G_GAN_ViT: 0.446 D_real_ViT: 0.296 D_fake_ViT: 0.135 global: 0.276 spatial: 0.066 
(epoch: 73, iters: 2564, time: 0.489, data: 0.001) G_GAN_ViT: 0.333 D_real_ViT: 0.268 D_fake_ViT: 0.216 global: 0.353 spatial: 0.094 
(epoch: 73, iters: 2664, time: 0.489, data: 0.001) G_GAN_ViT: 0.292 D_real_ViT: 0.205 D_fake_ViT: 0.260 global: 0.410 spatial: 0.088 
(epoch: 73, iters: 2764, time: 0.489, data: 0.002) G_GAN_ViT: 0.355 D_real_ViT: 0.145 D_fake_ViT: 0.205 global: 0.262 spatial: 0.076 
(epoch: 73, iters: 2864, time: 0.489, data: 0.001) G_GAN_ViT: 0.357 D_real_ViT: 0.208 D_fake_ViT: 0.202 global: 0.335 spatial: 0.083 
(epoch: 73, iters: 2964, time: 0.489, data: 0.001) G_GAN_ViT: 0.385 D_real_ViT: 0.269 D_fake_ViT: 0.185 global: 0.276 spatial: 0.083 
(epoch: 73, iters: 3064, time: 0.489, data: 0.002) G_GAN_ViT: 0.282 D_real_ViT: 0.222 D_fake_ViT: 0.264 global: 0.510 spatial: 0.086 
(epoch: 73, iters: 3164, time: 0.489, data: 0.001) G_GAN_ViT: 0.428 D_real_ViT: 0.211 D_fake_ViT: 0.154 global: 0.331 spatial: 0.087 
(epoch: 73, iters: 3264, time: 0.489, data: 0.001) G_GAN_ViT: 0.450 D_real_ViT: 0.223 D_fake_ViT: 0.130 global: 0.306 spatial: 0.071 
(epoch: 73, iters: 3364, time: 0.488, data: 0.002) G_GAN_ViT: 0.379 D_real_ViT: 0.327 D_fake_ViT: 0.200 global: 0.317 spatial: 0.089 
(epoch: 73, iters: 3464, time: 0.489, data: 0.002) G_GAN_ViT: 0.391 D_real_ViT: 0.225 D_fake_ViT: 0.176 global: 0.413 spatial: 0.074 
(epoch: 73, iters: 3564, time: 0.489, data: 0.001) G_GAN_ViT: 0.195 D_real_ViT: 0.204 D_fake_ViT: 0.352 global: 0.284 spatial: 0.065 
(epoch: 73, iters: 3664, time: 0.489, data: 0.001) G_GAN_ViT: 0.428 D_real_ViT: 0.126 D_fake_ViT: 0.181 global: 0.395 spatial: 0.104 
(epoch: 73, iters: 3764, time: 0.489, data: 0.001) G_GAN_ViT: 0.391 D_real_ViT: 0.295 D_fake_ViT: 0.180 global: 0.372 spatial: 0.080 
(epoch: 73, iters: 3864, time: 0.489, data: 0.001) G_GAN_ViT: 0.371 D_real_ViT: 0.256 D_fake_ViT: 0.205 global: 0.373 spatial: 0.103 
(epoch: 73, iters: 3964, time: 0.489, data: 0.001) G_GAN_ViT: 0.270 D_real_ViT: 0.165 D_fake_ViT: 0.289 global: 0.327 spatial: 0.091 
(epoch: 73, iters: 4064, time: 0.489, data: 0.001) G_GAN_ViT: 0.296 D_real_ViT: 0.042 D_fake_ViT: 0.251 global: 0.379 spatial: 0.078 
(epoch: 73, iters: 4164, time: 0.489, data: 0.002) G_GAN_ViT: 0.251 D_real_ViT: 0.223 D_fake_ViT: 0.300 global: 0.514 spatial: 0.096 
(epoch: 73, iters: 4264, time: 0.489, data: 0.001) G_GAN_ViT: 0.401 D_real_ViT: 0.227 D_fake_ViT: 0.164 global: 0.312 spatial: 0.069 
(epoch: 73, iters: 4364, time: 0.489, data: 0.002) G_GAN_ViT: 0.260 D_real_ViT: 0.178 D_fake_ViT: 0.292 global: 0.517 spatial: 0.089 
(epoch: 73, iters: 4464, time: 0.489, data: 0.001) G_GAN_ViT: 0.416 D_real_ViT: 0.173 D_fake_ViT: 0.158 global: 0.310 spatial: 0.078 
(epoch: 73, iters: 4564, time: 0.489, data: 0.001) G_GAN_ViT: 0.364 D_real_ViT: 0.206 D_fake_ViT: 0.195 global: 0.377 spatial: 0.069 
(epoch: 73, iters: 4664, time: 0.489, data: 0.002) G_GAN_ViT: 0.467 D_real_ViT: 0.249 D_fake_ViT: 0.126 global: 0.358 spatial: 0.091 
(epoch: 73, iters: 4764, time: 0.489, data: 0.002) G_GAN_ViT: 0.368 D_real_ViT: 0.357 D_fake_ViT: 0.186 global: 0.440 spatial: 0.081 
(epoch: 73, iters: 4864, time: 0.489, data: 0.002) G_GAN_ViT: 0.355 D_real_ViT: 0.249 D_fake_ViT: 0.205 global: 0.425 spatial: 0.080 
(epoch: 73, iters: 4964, time: 0.489, data: 0.001) G_GAN_ViT: 0.454 D_real_ViT: 0.231 D_fake_ViT: 0.129 global: 0.233 spatial: 0.059 
(epoch: 73, iters: 5064, time: 0.489, data: 0.002) G_GAN_ViT: 0.192 D_real_ViT: 0.037 D_fake_ViT: 0.366 global: 0.290 spatial: 0.061 
(epoch: 73, iters: 5164, time: 0.489, data: 0.002) G_GAN_ViT: 0.341 D_real_ViT: 0.113 D_fake_ViT: 0.225 global: 0.311 spatial: 0.066 
(epoch: 73, iters: 5264, time: 0.489, data: 0.002) G_GAN_ViT: 0.477 D_real_ViT: 0.336 D_fake_ViT: 0.125 global: 0.281 spatial: 0.067 
(epoch: 73, iters: 5364, time: 0.489, data: 0.001) G_GAN_ViT: 0.451 D_real_ViT: 0.233 D_fake_ViT: 0.158 global: 0.293 spatial: 0.075 
(epoch: 73, iters: 5464, time: 0.489, data: 0.001) G_GAN_ViT: 0.438 D_real_ViT: 0.169 D_fake_ViT: 0.152 global: 0.388 spatial: 0.081 
End of epoch 73 / 100 	 Time Taken: 2715 sec
learning rate = 0.0000053
(epoch: 74, iters: 26, time: 0.489, data: 0.001) G_GAN_ViT: 0.421 D_real_ViT: 0.259 D_fake_ViT: 0.158 global: 0.343 spatial: 0.071 
(epoch: 74, iters: 126, time: 0.489, data: 0.001) G_GAN_ViT: 0.446 D_real_ViT: 0.195 D_fake_ViT: 0.142 global: 0.301 spatial: 0.069 
(epoch: 74, iters: 226, time: 0.490, data: 0.001) G_GAN_ViT: 0.327 D_real_ViT: 0.148 D_fake_ViT: 0.232 global: 0.324 spatial: 0.079 
(epoch: 74, iters: 326, time: 0.489, data: 0.001) G_GAN_ViT: 0.514 D_real_ViT: 0.056 D_fake_ViT: 0.106 global: 0.315 spatial: 0.080 
(epoch: 74, iters: 426, time: 0.490, data: 0.001) G_GAN_ViT: 0.443 D_real_ViT: 0.170 D_fake_ViT: 0.137 global: 0.326 spatial: 0.069 
(epoch: 74, iters: 526, time: 0.490, data: 0.002) G_GAN_ViT: 0.336 D_real_ViT: 0.252 D_fake_ViT: 0.216 global: 0.325 spatial: 0.060 
(epoch: 74, iters: 626, time: 0.489, data: 0.002) G_GAN_ViT: 0.496 D_real_ViT: 0.286 D_fake_ViT: 0.118 global: 0.302 spatial: 0.080 
(epoch: 74, iters: 726, time: 0.489, data: 0.002) G_GAN_ViT: 0.446 D_real_ViT: 0.188 D_fake_ViT: 0.143 global: 0.412 spatial: 0.083 
saving the latest model (epoch 74, total_iters 405000)
ICL_single_traffic_city
(epoch: 74, iters: 826, time: 0.489, data: 0.001) G_GAN_ViT: 0.462 D_real_ViT: 0.222 D_fake_ViT: 0.168 global: 0.353 spatial: 0.080 
(epoch: 74, iters: 926, time: 0.489, data: 0.002) G_GAN_ViT: 0.317 D_real_ViT: 0.209 D_fake_ViT: 0.232 global: 0.481 spatial: 0.090 
(epoch: 74, iters: 1026, time: 0.489, data: 0.001) G_GAN_ViT: 0.285 D_real_ViT: 0.326 D_fake_ViT: 0.259 global: 0.333 spatial: 0.079 
(epoch: 74, iters: 1126, time: 0.490, data: 0.001) G_GAN_ViT: 0.346 D_real_ViT: 0.121 D_fake_ViT: 0.219 global: 0.277 spatial: 0.072 
(epoch: 74, iters: 1226, time: 0.489, data: 0.001) G_GAN_ViT: 0.444 D_real_ViT: 0.225 D_fake_ViT: 0.138 global: 0.245 spatial: 0.057 
(epoch: 74, iters: 1326, time: 0.489, data: 0.002) G_GAN_ViT: 0.234 D_real_ViT: 0.299 D_fake_ViT: 0.310 global: 0.472 spatial: 0.080 
(epoch: 74, iters: 1426, time: 0.489, data: 0.001) G_GAN_ViT: 0.511 D_real_ViT: 0.043 D_fake_ViT: 0.118 global: 0.274 spatial: 0.073 
(epoch: 74, iters: 1526, time: 0.490, data: 0.001) G_GAN_ViT: 0.342 D_real_ViT: 0.292 D_fake_ViT: 0.206 global: 0.366 spatial: 0.080 
(epoch: 74, iters: 1626, time: 0.490, data: 0.001) G_GAN_ViT: 0.456 D_real_ViT: 0.313 D_fake_ViT: 0.131 global: 0.295 spatial: 0.072 
(epoch: 74, iters: 1726, time: 0.489, data: 0.001) G_GAN_ViT: 0.262 D_real_ViT: 0.160 D_fake_ViT: 0.271 global: 0.283 spatial: 0.055 
(epoch: 74, iters: 1826, time: 0.489, data: 0.001) G_GAN_ViT: 0.307 D_real_ViT: 0.072 D_fake_ViT: 0.246 global: 0.389 spatial: 0.088 
(epoch: 74, iters: 1926, time: 0.489, data: 0.001) G_GAN_ViT: 0.435 D_real_ViT: 0.103 D_fake_ViT: 0.156 global: 0.300 spatial: 0.081 
(epoch: 74, iters: 2026, time: 0.488, data: 0.001) G_GAN_ViT: 0.487 D_real_ViT: 0.302 D_fake_ViT: 0.114 global: 0.264 spatial: 0.065 
(epoch: 74, iters: 2126, time: 0.488, data: 0.002) G_GAN_ViT: 0.479 D_real_ViT: 0.223 D_fake_ViT: 0.123 global: 0.343 spatial: 0.078 
(epoch: 74, iters: 2226, time: 0.489, data: 0.002) G_GAN_ViT: 0.372 D_real_ViT: 0.147 D_fake_ViT: 0.205 global: 0.390 spatial: 0.081 
(epoch: 74, iters: 2326, time: 0.489, data: 0.002) G_GAN_ViT: 0.292 D_real_ViT: 0.256 D_fake_ViT: 0.256 global: 0.518 spatial: 0.089 
(epoch: 74, iters: 2426, time: 0.488, data: 0.002) G_GAN_ViT: 0.356 D_real_ViT: 0.235 D_fake_ViT: 0.193 global: 0.370 spatial: 0.080 
(epoch: 74, iters: 2526, time: 0.489, data: 0.002) G_GAN_ViT: 0.449 D_real_ViT: 0.299 D_fake_ViT: 0.141 global: 0.331 spatial: 0.089 
(epoch: 74, iters: 2626, time: 0.489, data: 0.001) G_GAN_ViT: 0.442 D_real_ViT: 0.246 D_fake_ViT: 0.167 global: 0.310 spatial: 0.084 
(epoch: 74, iters: 2726, time: 0.489, data: 0.001) G_GAN_ViT: 0.318 D_real_ViT: 0.171 D_fake_ViT: 0.232 global: 0.372 spatial: 0.074 
(epoch: 74, iters: 2826, time: 0.489, data: 0.001) G_GAN_ViT: 0.496 D_real_ViT: 0.175 D_fake_ViT: 0.115 global: 0.275 spatial: 0.079 
(epoch: 74, iters: 2926, time: 0.489, data: 0.001) G_GAN_ViT: 0.439 D_real_ViT: 0.276 D_fake_ViT: 0.139 global: 0.282 spatial: 0.070 
(epoch: 74, iters: 3026, time: 0.489, data: 0.001) G_GAN_ViT: 0.372 D_real_ViT: 0.253 D_fake_ViT: 0.183 global: 0.325 spatial: 0.077 
(epoch: 74, iters: 3126, time: 0.489, data: 0.001) G_GAN_ViT: 0.327 D_real_ViT: 0.335 D_fake_ViT: 0.224 global: 0.479 spatial: 0.098 
(epoch: 74, iters: 3226, time: 0.489, data: 0.001) G_GAN_ViT: 0.461 D_real_ViT: 0.167 D_fake_ViT: 0.130 global: 0.295 spatial: 0.068 
(epoch: 74, iters: 3326, time: 0.490, data: 0.001) G_GAN_ViT: 0.219 D_real_ViT: 0.384 D_fake_ViT: 0.333 global: 0.313 spatial: 0.070 
(epoch: 74, iters: 3426, time: 0.490, data: 0.001) G_GAN_ViT: 0.482 D_real_ViT: 0.246 D_fake_ViT: 0.132 global: 0.349 spatial: 0.085 
(epoch: 74, iters: 3526, time: 0.489, data: 0.002) G_GAN_ViT: 0.283 D_real_ViT: 0.172 D_fake_ViT: 0.261 global: 0.378 spatial: 0.076 
(epoch: 74, iters: 3626, time: 0.489, data: 0.001) G_GAN_ViT: 0.499 D_real_ViT: 0.322 D_fake_ViT: 0.127 global: 0.295 spatial: 0.071 
(epoch: 74, iters: 3726, time: 0.489, data: 0.002) G_GAN_ViT: 0.213 D_real_ViT: 0.183 D_fake_ViT: 0.326 global: 0.291 spatial: 0.065 
(epoch: 74, iters: 3826, time: 0.490, data: 0.001) G_GAN_ViT: 0.221 D_real_ViT: 0.102 D_fake_ViT: 0.318 global: 0.287 spatial: 0.068 
(epoch: 74, iters: 3926, time: 0.489, data: 0.001) G_GAN_ViT: 0.303 D_real_ViT: 0.314 D_fake_ViT: 0.242 global: 0.408 spatial: 0.084 
(epoch: 74, iters: 4026, time: 0.488, data: 0.001) G_GAN_ViT: 0.622 D_real_ViT: 0.281 D_fake_ViT: 0.080 global: 0.334 spatial: 0.080 
(epoch: 74, iters: 4126, time: 0.489, data: 0.001) G_GAN_ViT: 0.505 D_real_ViT: 0.167 D_fake_ViT: 0.121 global: 0.303 spatial: 0.079 
(epoch: 74, iters: 4226, time: 0.489, data: 0.001) G_GAN_ViT: 0.399 D_real_ViT: 0.303 D_fake_ViT: 0.167 global: 0.446 spatial: 0.092 
(epoch: 74, iters: 4326, time: 0.489, data: 0.001) G_GAN_ViT: 0.484 D_real_ViT: 0.318 D_fake_ViT: 0.115 global: 0.319 spatial: 0.077 
(epoch: 74, iters: 4426, time: 0.489, data: 0.001) G_GAN_ViT: 0.380 D_real_ViT: 0.241 D_fake_ViT: 0.237 global: 0.318 spatial: 0.083 
(epoch: 74, iters: 4526, time: 0.488, data: 0.001) G_GAN_ViT: 0.297 D_real_ViT: 0.233 D_fake_ViT: 0.255 global: 0.555 spatial: 0.096 
(epoch: 74, iters: 4626, time: 0.489, data: 0.001) G_GAN_ViT: 0.393 D_real_ViT: 0.182 D_fake_ViT: 0.179 global: 0.284 spatial: 0.078 
(epoch: 74, iters: 4726, time: 0.489, data: 0.002) G_GAN_ViT: 0.384 D_real_ViT: 0.340 D_fake_ViT: 0.189 global: 0.350 spatial: 0.075 
(epoch: 74, iters: 4826, time: 0.489, data: 0.001) G_GAN_ViT: 0.387 D_real_ViT: 0.150 D_fake_ViT: 0.176 global: 0.407 spatial: 0.083 
(epoch: 74, iters: 4926, time: 0.490, data: 0.001) G_GAN_ViT: 0.364 D_real_ViT: 0.342 D_fake_ViT: 0.192 global: 0.302 spatial: 0.074 
(epoch: 74, iters: 5026, time: 0.489, data: 0.001) G_GAN_ViT: 0.471 D_real_ViT: 0.264 D_fake_ViT: 0.134 global: 0.277 spatial: 0.072 
(epoch: 74, iters: 5126, time: 0.489, data: 0.001) G_GAN_ViT: 0.336 D_real_ViT: 0.241 D_fake_ViT: 0.224 global: 0.425 spatial: 0.089 
(epoch: 74, iters: 5226, time: 0.489, data: 0.001) G_GAN_ViT: 0.411 D_real_ViT: 0.190 D_fake_ViT: 0.166 global: 0.281 spatial: 0.081 
(epoch: 74, iters: 5326, time: 0.488, data: 0.001) G_GAN_ViT: 0.321 D_real_ViT: 0.389 D_fake_ViT: 0.229 global: 0.342 spatial: 0.079 
(epoch: 74, iters: 5426, time: 0.489, data: 0.001) G_GAN_ViT: 0.399 D_real_ViT: 0.026 D_fake_ViT: 0.178 global: 0.367 spatial: 0.100 
(epoch: 74, iters: 5526, time: 0.488, data: 0.002) G_GAN_ViT: 0.385 D_real_ViT: 0.294 D_fake_ViT: 0.176 global: 0.244 spatial: 0.065 
End of epoch 74 / 100 	 Time Taken: 2718 sec
learning rate = 0.0000051
(epoch: 75, iters: 88, time: 0.488, data: 0.001) G_GAN_ViT: 0.420 D_real_ViT: 0.218 D_fake_ViT: 0.165 global: 0.324 spatial: 0.087 
(epoch: 75, iters: 188, time: 0.489, data: 0.001) G_GAN_ViT: 0.459 D_real_ViT: 0.317 D_fake_ViT: 0.124 global: 0.279 spatial: 0.068 
saving the latest model (epoch 75, total_iters 410000)
ICL_single_traffic_city
(epoch: 75, iters: 288, time: 0.490, data: 0.001) G_GAN_ViT: 0.378 D_real_ViT: 0.172 D_fake_ViT: 0.191 global: 0.465 spatial: 0.083 
(epoch: 75, iters: 388, time: 0.489, data: 0.002) G_GAN_ViT: 0.480 D_real_ViT: 0.185 D_fake_ViT: 0.145 global: 0.348 spatial: 0.079 
(epoch: 75, iters: 488, time: 0.489, data: 0.001) G_GAN_ViT: 0.277 D_real_ViT: 0.256 D_fake_ViT: 0.275 global: 0.393 spatial: 0.075 
(epoch: 75, iters: 588, time: 0.489, data: 0.002) G_GAN_ViT: 0.369 D_real_ViT: 0.279 D_fake_ViT: 0.185 global: 0.266 spatial: 0.072 
(epoch: 75, iters: 688, time: 0.489, data: 0.001) G_GAN_ViT: 0.253 D_real_ViT: 0.052 D_fake_ViT: 0.281 global: 0.285 spatial: 0.052 
(epoch: 75, iters: 788, time: 0.488, data: 0.001) G_GAN_ViT: 0.210 D_real_ViT: 0.215 D_fake_ViT: 0.335 global: 0.330 spatial: 0.074 
(epoch: 75, iters: 888, time: 0.489, data: 0.001) G_GAN_ViT: 0.389 D_real_ViT: 0.189 D_fake_ViT: 0.186 global: 0.295 spatial: 0.081 
(epoch: 75, iters: 988, time: 0.488, data: 0.001) G_GAN_ViT: 0.408 D_real_ViT: 0.196 D_fake_ViT: 0.171 global: 0.355 spatial: 0.076 
(epoch: 75, iters: 1088, time: 0.489, data: 0.001) G_GAN_ViT: 0.404 D_real_ViT: 0.048 D_fake_ViT: 0.171 global: 0.271 spatial: 0.058 
(epoch: 75, iters: 1188, time: 0.489, data: 0.002) G_GAN_ViT: 0.457 D_real_ViT: 0.154 D_fake_ViT: 0.139 global: 0.288 spatial: 0.064 
(epoch: 75, iters: 1288, time: 0.489, data: 0.001) G_GAN_ViT: 0.422 D_real_ViT: 0.290 D_fake_ViT: 0.149 global: 0.286 spatial: 0.073 
(epoch: 75, iters: 1388, time: 0.489, data: 0.002) G_GAN_ViT: 0.377 D_real_ViT: 0.102 D_fake_ViT: 0.184 global: 0.396 spatial: 0.078 
(epoch: 75, iters: 1488, time: 0.489, data: 0.001) G_GAN_ViT: 0.407 D_real_ViT: 0.266 D_fake_ViT: 0.167 global: 0.304 spatial: 0.086 
(epoch: 75, iters: 1588, time: 0.489, data: 0.004) G_GAN_ViT: 0.251 D_real_ViT: 0.140 D_fake_ViT: 0.310 global: 0.472 spatial: 0.084 
(epoch: 75, iters: 1688, time: 0.489, data: 0.001) G_GAN_ViT: 0.419 D_real_ViT: 0.131 D_fake_ViT: 0.157 global: 0.293 spatial: 0.073 
(epoch: 75, iters: 1788, time: 0.489, data: 0.002) G_GAN_ViT: 0.311 D_real_ViT: 0.262 D_fake_ViT: 0.233 global: 0.515 spatial: 0.080 
(epoch: 75, iters: 1888, time: 0.489, data: 0.001) G_GAN_ViT: 0.391 D_real_ViT: 0.270 D_fake_ViT: 0.173 global: 0.309 spatial: 0.077 
(epoch: 75, iters: 1988, time: 0.489, data: 0.002) G_GAN_ViT: 0.386 D_real_ViT: 0.370 D_fake_ViT: 0.191 global: 0.314 spatial: 0.071 
(epoch: 75, iters: 2088, time: 0.489, data: 0.001) G_GAN_ViT: 0.350 D_real_ViT: 0.220 D_fake_ViT: 0.213 global: 0.331 spatial: 0.084 
(epoch: 75, iters: 2188, time: 0.489, data: 0.001) G_GAN_ViT: 0.180 D_real_ViT: 0.315 D_fake_ViT: 0.376 global: 0.312 spatial: 0.066 
(epoch: 75, iters: 2288, time: 0.489, data: 0.001) G_GAN_ViT: 0.364 D_real_ViT: 0.254 D_fake_ViT: 0.186 global: 0.392 spatial: 0.080 
(epoch: 75, iters: 2388, time: 0.489, data: 0.001) G_GAN_ViT: 0.251 D_real_ViT: 0.169 D_fake_ViT: 0.279 global: 0.358 spatial: 0.073 
(epoch: 75, iters: 2488, time: 0.488, data: 0.001) G_GAN_ViT: 0.387 D_real_ViT: 0.226 D_fake_ViT: 0.177 global: 0.289 spatial: 0.087 
(epoch: 75, iters: 2588, time: 0.489, data: 0.001) G_GAN_ViT: 0.302 D_real_ViT: 0.176 D_fake_ViT: 0.238 global: 0.434 spatial: 0.074 
(epoch: 75, iters: 2688, time: 0.489, data: 0.001) G_GAN_ViT: 0.418 D_real_ViT: 0.222 D_fake_ViT: 0.152 global: 0.280 spatial: 0.069 
(epoch: 75, iters: 2788, time: 0.489, data: 0.001) G_GAN_ViT: 0.365 D_real_ViT: 0.221 D_fake_ViT: 0.229 global: 0.341 spatial: 0.102 
(epoch: 75, iters: 2888, time: 0.488, data: 0.001) G_GAN_ViT: 0.289 D_real_ViT: 0.316 D_fake_ViT: 0.258 global: 0.436 spatial: 0.082 
(epoch: 75, iters: 2988, time: 0.489, data: 0.001) G_GAN_ViT: 0.343 D_real_ViT: 0.262 D_fake_ViT: 0.214 global: 0.325 spatial: 0.078 
(epoch: 75, iters: 3088, time: 0.488, data: 0.001) G_GAN_ViT: 0.440 D_real_ViT: 0.263 D_fake_ViT: 0.155 global: 0.359 spatial: 0.089 
(epoch: 75, iters: 3188, time: 0.488, data: 0.002) G_GAN_ViT: 0.472 D_real_ViT: 0.101 D_fake_ViT: 0.125 global: 0.287 spatial: 0.076 
(epoch: 75, iters: 3288, time: 0.488, data: 0.002) G_GAN_ViT: 0.385 D_real_ViT: 0.281 D_fake_ViT: 0.174 global: 0.305 spatial: 0.087 
(epoch: 75, iters: 3388, time: 0.488, data: 0.001) G_GAN_ViT: 0.306 D_real_ViT: 0.167 D_fake_ViT: 0.248 global: 0.505 spatial: 0.084 
(epoch: 75, iters: 3488, time: 0.488, data: 0.001) G_GAN_ViT: 0.322 D_real_ViT: 0.134 D_fake_ViT: 0.223 global: 0.344 spatial: 0.075 
(epoch: 75, iters: 3588, time: 0.489, data: 0.001) G_GAN_ViT: 0.303 D_real_ViT: 0.284 D_fake_ViT: 0.238 global: 0.485 spatial: 0.083 
(epoch: 75, iters: 3688, time: 0.488, data: 0.001) G_GAN_ViT: 0.369 D_real_ViT: 0.259 D_fake_ViT: 0.186 global: 0.348 spatial: 0.087 
(epoch: 75, iters: 3788, time: 0.488, data: 0.001) G_GAN_ViT: 0.247 D_real_ViT: 0.169 D_fake_ViT: 0.295 global: 0.330 spatial: 0.090 
(epoch: 75, iters: 3888, time: 0.488, data: 0.002) G_GAN_ViT: 0.294 D_real_ViT: 0.297 D_fake_ViT: 0.248 global: 0.475 spatial: 0.078 
(epoch: 75, iters: 3988, time: 0.488, data: 0.001) G_GAN_ViT: 0.319 D_real_ViT: 0.270 D_fake_ViT: 0.230 global: 0.391 spatial: 0.083 
(epoch: 75, iters: 4088, time: 0.488, data: 0.002) G_GAN_ViT: 0.469 D_real_ViT: 0.197 D_fake_ViT: 0.129 global: 0.353 spatial: 0.089 
(epoch: 75, iters: 4188, time: 0.489, data: 0.001) G_GAN_ViT: 0.407 D_real_ViT: 0.387 D_fake_ViT: 0.171 global: 0.283 spatial: 0.071 
(epoch: 75, iters: 4288, time: 0.489, data: 0.002) G_GAN_ViT: 0.382 D_real_ViT: 0.266 D_fake_ViT: 0.200 global: 0.533 spatial: 0.099 
(epoch: 75, iters: 4388, time: 0.489, data: 0.001) G_GAN_ViT: 0.470 D_real_ViT: 0.129 D_fake_ViT: 0.132 global: 0.317 spatial: 0.069 
(epoch: 75, iters: 4488, time: 0.488, data: 0.001) G_GAN_ViT: 0.314 D_real_ViT: 0.120 D_fake_ViT: 0.254 global: 0.355 spatial: 0.086 
(epoch: 75, iters: 4588, time: 0.488, data: 0.002) G_GAN_ViT: 0.371 D_real_ViT: 0.206 D_fake_ViT: 0.192 global: 0.336 spatial: 0.084 
(epoch: 75, iters: 4688, time: 0.488, data: 0.001) G_GAN_ViT: 0.446 D_real_ViT: 0.158 D_fake_ViT: 0.143 global: 0.291 spatial: 0.075 
(epoch: 75, iters: 4788, time: 0.488, data: 0.001) G_GAN_ViT: 0.272 D_real_ViT: 0.189 D_fake_ViT: 0.270 global: 0.473 spatial: 0.079 
(epoch: 75, iters: 4888, time: 0.488, data: 0.001) G_GAN_ViT: 0.375 D_real_ViT: 0.310 D_fake_ViT: 0.205 global: 0.364 spatial: 0.084 
(epoch: 75, iters: 4988, time: 0.488, data: 0.001) G_GAN_ViT: 0.394 D_real_ViT: 0.130 D_fake_ViT: 0.191 global: 0.373 spatial: 0.081 
(epoch: 75, iters: 5088, time: 0.489, data: 0.001) G_GAN_ViT: 0.497 D_real_ViT: 0.375 D_fake_ViT: 0.111 global: 0.340 spatial: 0.083 
(epoch: 75, iters: 5188, time: 0.489, data: 0.001) G_GAN_ViT: 0.429 D_real_ViT: 0.181 D_fake_ViT: 0.151 global: 0.310 spatial: 0.075 
saving the latest model (epoch 75, total_iters 415000)
ICL_single_traffic_city
(epoch: 75, iters: 5288, time: 0.490, data: 0.001) G_GAN_ViT: 0.393 D_real_ViT: 0.197 D_fake_ViT: 0.173 global: 0.305 spatial: 0.078 
(epoch: 75, iters: 5388, time: 0.490, data: 0.001) G_GAN_ViT: 0.311 D_real_ViT: 0.142 D_fake_ViT: 0.243 global: 0.302 spatial: 0.061 
(epoch: 75, iters: 5488, time: 0.490, data: 0.001) G_GAN_ViT: 0.348 D_real_ViT: 0.179 D_fake_ViT: 0.205 global: 0.295 spatial: 0.081 
saving the model at the end of epoch 75, iters 415350
End of epoch 75 / 100 	 Time Taken: 2718 sec
learning rate = 0.0000049
(epoch: 76, iters: 50, time: 0.491, data: 0.002) G_GAN_ViT: 0.436 D_real_ViT: 0.276 D_fake_ViT: 0.166 global: 0.382 spatial: 0.083 
(epoch: 76, iters: 150, time: 0.491, data: 0.001) G_GAN_ViT: 0.449 D_real_ViT: 0.186 D_fake_ViT: 0.147 global: 0.293 spatial: 0.081 
(epoch: 76, iters: 250, time: 0.491, data: 0.002) G_GAN_ViT: 0.312 D_real_ViT: 0.334 D_fake_ViT: 0.250 global: 0.331 spatial: 0.100 
(epoch: 76, iters: 350, time: 0.491, data: 0.001) G_GAN_ViT: 0.449 D_real_ViT: 0.318 D_fake_ViT: 0.137 global: 0.306 spatial: 0.081 
(epoch: 76, iters: 450, time: 0.491, data: 0.001) G_GAN_ViT: 0.334 D_real_ViT: 0.322 D_fake_ViT: 0.214 global: 0.278 spatial: 0.069 
(epoch: 76, iters: 550, time: 0.490, data: 0.001) G_GAN_ViT: 0.412 D_real_ViT: 0.326 D_fake_ViT: 0.155 global: 0.277 spatial: 0.067 
(epoch: 76, iters: 650, time: 0.490, data: 0.001) G_GAN_ViT: 0.419 D_real_ViT: 0.256 D_fake_ViT: 0.152 global: 0.409 spatial: 0.084 
(epoch: 76, iters: 750, time: 0.490, data: 0.001) G_GAN_ViT: 0.417 D_real_ViT: 0.312 D_fake_ViT: 0.156 global: 0.343 spatial: 0.078 
(epoch: 76, iters: 850, time: 0.490, data: 0.002) G_GAN_ViT: 0.431 D_real_ViT: 0.215 D_fake_ViT: 0.146 global: 0.301 spatial: 0.076 
(epoch: 76, iters: 950, time: 0.490, data: 0.001) G_GAN_ViT: 0.329 D_real_ViT: 0.256 D_fake_ViT: 0.226 global: 0.341 spatial: 0.081 
(epoch: 76, iters: 1050, time: 0.490, data: 0.001) G_GAN_ViT: 0.229 D_real_ViT: 0.210 D_fake_ViT: 0.312 global: 0.339 spatial: 0.071 
(epoch: 76, iters: 1150, time: 0.491, data: 0.002) G_GAN_ViT: 0.601 D_real_ViT: 0.206 D_fake_ViT: 0.087 global: 0.355 spatial: 0.094 
(epoch: 76, iters: 1250, time: 0.491, data: 0.001) G_GAN_ViT: 0.332 D_real_ViT: 0.312 D_fake_ViT: 0.213 global: 0.428 spatial: 0.072 
(epoch: 76, iters: 1350, time: 0.491, data: 0.001) G_GAN_ViT: 0.319 D_real_ViT: 0.093 D_fake_ViT: 0.226 global: 0.406 spatial: 0.093 
(epoch: 76, iters: 1450, time: 0.491, data: 0.001) G_GAN_ViT: 0.266 D_real_ViT: 0.316 D_fake_ViT: 0.272 global: 0.323 spatial: 0.081 
(epoch: 76, iters: 1550, time: 0.490, data: 0.002) G_GAN_ViT: 0.382 D_real_ViT: 0.409 D_fake_ViT: 0.184 global: 0.295 spatial: 0.079 
(epoch: 76, iters: 1650, time: 0.489, data: 0.001) G_GAN_ViT: 0.393 D_real_ViT: 0.339 D_fake_ViT: 0.175 global: 0.336 spatial: 0.085 
(epoch: 76, iters: 1750, time: 0.489, data: 0.002) G_GAN_ViT: 0.404 D_real_ViT: 0.172 D_fake_ViT: 0.163 global: 0.262 spatial: 0.072 
(epoch: 76, iters: 1850, time: 0.490, data: 0.001) G_GAN_ViT: 0.223 D_real_ViT: 0.235 D_fake_ViT: 0.343 global: 0.472 spatial: 0.075 
(epoch: 76, iters: 1950, time: 0.490, data: 0.001) G_GAN_ViT: 0.338 D_real_ViT: 0.308 D_fake_ViT: 0.225 global: 0.327 spatial: 0.089 
(epoch: 76, iters: 2050, time: 0.491, data: 0.001) G_GAN_ViT: 0.316 D_real_ViT: 0.282 D_fake_ViT: 0.232 global: 0.521 spatial: 0.086 
(epoch: 76, iters: 2150, time: 0.490, data: 0.001) G_GAN_ViT: 0.199 D_real_ViT: 0.171 D_fake_ViT: 0.377 global: 0.365 spatial: 0.106 
(epoch: 76, iters: 2250, time: 0.490, data: 0.002) G_GAN_ViT: 0.399 D_real_ViT: 0.173 D_fake_ViT: 0.163 global: 0.277 spatial: 0.068 
(epoch: 76, iters: 2350, time: 0.489, data: 0.002) G_GAN_ViT: 0.233 D_real_ViT: 0.209 D_fake_ViT: 0.306 global: 0.337 spatial: 0.073 
(epoch: 76, iters: 2450, time: 0.489, data: 0.002) G_GAN_ViT: 0.431 D_real_ViT: 0.266 D_fake_ViT: 0.150 global: 0.299 spatial: 0.077 
(epoch: 76, iters: 2550, time: 0.490, data: 0.002) G_GAN_ViT: 0.453 D_real_ViT: 0.299 D_fake_ViT: 0.147 global: 0.348 spatial: 0.084 
(epoch: 76, iters: 2650, time: 0.491, data: 0.001) G_GAN_ViT: 0.177 D_real_ViT: 0.281 D_fake_ViT: 0.379 global: 0.250 spatial: 0.060 
(epoch: 76, iters: 2750, time: 0.492, data: 0.001) G_GAN_ViT: 0.479 D_real_ViT: 0.305 D_fake_ViT: 0.143 global: 0.347 spatial: 0.082 
(epoch: 76, iters: 2850, time: 0.491, data: 0.001) G_GAN_ViT: 0.428 D_real_ViT: 0.411 D_fake_ViT: 0.172 global: 0.390 spatial: 0.092 
(epoch: 76, iters: 2950, time: 0.491, data: 0.002) G_GAN_ViT: 0.225 D_real_ViT: 0.249 D_fake_ViT: 0.315 global: 0.323 spatial: 0.073 
(epoch: 76, iters: 3050, time: 0.491, data: 0.001) G_GAN_ViT: 0.274 D_real_ViT: 0.231 D_fake_ViT: 0.270 global: 0.520 spatial: 0.085 
(epoch: 76, iters: 3150, time: 0.491, data: 0.001) G_GAN_ViT: 0.467 D_real_ViT: 0.065 D_fake_ViT: 0.138 global: 0.339 spatial: 0.070 
(epoch: 76, iters: 3250, time: 0.490, data: 0.001) G_GAN_ViT: 0.219 D_real_ViT: 0.141 D_fake_ViT: 0.324 global: 0.336 spatial: 0.078 
(epoch: 76, iters: 3350, time: 0.490, data: 0.001) G_GAN_ViT: 0.327 D_real_ViT: 0.207 D_fake_ViT: 0.255 global: 0.265 spatial: 0.077 
(epoch: 76, iters: 3450, time: 0.491, data: 0.001) G_GAN_ViT: 0.362 D_real_ViT: 0.278 D_fake_ViT: 0.190 global: 0.393 spatial: 0.074 
(epoch: 76, iters: 3550, time: 0.490, data: 0.001) G_GAN_ViT: 0.428 D_real_ViT: 0.146 D_fake_ViT: 0.159 global: 0.415 spatial: 0.092 
(epoch: 76, iters: 3650, time: 0.491, data: 0.001) G_GAN_ViT: 0.456 D_real_ViT: 0.350 D_fake_ViT: 0.151 global: 0.323 spatial: 0.075 
(epoch: 76, iters: 3750, time: 0.491, data: 0.001) G_GAN_ViT: 0.215 D_real_ViT: 0.131 D_fake_ViT: 0.327 global: 0.260 spatial: 0.059 
(epoch: 76, iters: 3850, time: 0.490, data: 0.001) G_GAN_ViT: 0.418 D_real_ViT: 0.238 D_fake_ViT: 0.162 global: 0.297 spatial: 0.068 
(epoch: 76, iters: 3950, time: 0.490, data: 0.002) G_GAN_ViT: 0.360 D_real_ViT: 0.191 D_fake_ViT: 0.189 global: 0.303 spatial: 0.073 
(epoch: 76, iters: 4050, time: 0.490, data: 0.001) G_GAN_ViT: 0.446 D_real_ViT: 0.294 D_fake_ViT: 0.141 global: 0.277 spatial: 0.066 
(epoch: 76, iters: 4150, time: 0.490, data: 0.001) G_GAN_ViT: 0.449 D_real_ViT: 0.228 D_fake_ViT: 0.143 global: 0.393 spatial: 0.092 
(epoch: 76, iters: 4250, time: 0.491, data: 0.001) G_GAN_ViT: 0.302 D_real_ViT: 0.169 D_fake_ViT: 0.252 global: 0.372 spatial: 0.097 
(epoch: 76, iters: 4350, time: 0.491, data: 0.001) G_GAN_ViT: 0.400 D_real_ViT: 0.270 D_fake_ViT: 0.171 global: 0.370 spatial: 0.077 
(epoch: 76, iters: 4450, time: 0.490, data: 0.001) G_GAN_ViT: 0.280 D_real_ViT: 0.120 D_fake_ViT: 0.270 global: 0.514 spatial: 0.086 
(epoch: 76, iters: 4550, time: 0.490, data: 0.002) G_GAN_ViT: 0.357 D_real_ViT: 0.145 D_fake_ViT: 0.208 global: 0.336 spatial: 0.097 
(epoch: 76, iters: 4650, time: 0.491, data: 0.001) G_GAN_ViT: 0.386 D_real_ViT: 0.388 D_fake_ViT: 0.176 global: 0.349 spatial: 0.083 
saving the latest model (epoch 76, total_iters 420000)
ICL_single_traffic_city
(epoch: 76, iters: 4750, time: 0.490, data: 0.001) G_GAN_ViT: 0.397 D_real_ViT: 0.347 D_fake_ViT: 0.166 global: 0.299 spatial: 0.077 
(epoch: 76, iters: 4850, time: 0.490, data: 0.001) G_GAN_ViT: 0.512 D_real_ViT: 0.292 D_fake_ViT: 0.115 global: 0.305 spatial: 0.084 
(epoch: 76, iters: 4950, time: 0.490, data: 0.001) G_GAN_ViT: 0.456 D_real_ViT: 0.025 D_fake_ViT: 0.143 global: 0.278 spatial: 0.081 
(epoch: 76, iters: 5050, time: 0.490, data: 0.002) G_GAN_ViT: 0.252 D_real_ViT: 0.139 D_fake_ViT: 0.281 global: 0.292 spatial: 0.063 
(epoch: 76, iters: 5150, time: 0.490, data: 0.001) G_GAN_ViT: 0.474 D_real_ViT: 0.214 D_fake_ViT: 0.124 global: 0.294 spatial: 0.073 
(epoch: 76, iters: 5250, time: 0.490, data: 0.001) G_GAN_ViT: 0.380 D_real_ViT: 0.243 D_fake_ViT: 0.192 global: 0.338 spatial: 0.077 
(epoch: 76, iters: 5350, time: 0.490, data: 0.001) G_GAN_ViT: 0.301 D_real_ViT: 0.116 D_fake_ViT: 0.257 global: 0.459 spatial: 0.095 
(epoch: 76, iters: 5450, time: 0.491, data: 0.002) G_GAN_ViT: 0.241 D_real_ViT: 0.193 D_fake_ViT: 0.303 global: 0.508 spatial: 0.087 
End of epoch 76 / 100 	 Time Taken: 2725 sec
learning rate = 0.0000047
(epoch: 77, iters: 12, time: 0.491, data: 0.002) G_GAN_ViT: 0.208 D_real_ViT: 0.131 D_fake_ViT: 0.342 global: 0.304 spatial: 0.067 
(epoch: 77, iters: 112, time: 0.491, data: 0.002) G_GAN_ViT: 0.280 D_real_ViT: 0.287 D_fake_ViT: 0.266 global: 0.481 spatial: 0.086 
(epoch: 77, iters: 212, time: 0.491, data: 0.002) G_GAN_ViT: 0.423 D_real_ViT: 0.039 D_fake_ViT: 0.154 global: 0.336 spatial: 0.075 
(epoch: 77, iters: 312, time: 0.491, data: 0.001) G_GAN_ViT: 0.302 D_real_ViT: 0.307 D_fake_ViT: 0.248 global: 0.409 spatial: 0.080 
(epoch: 77, iters: 412, time: 0.491, data: 0.001) G_GAN_ViT: 0.288 D_real_ViT: 0.370 D_fake_ViT: 0.266 global: 0.369 spatial: 0.092 
(epoch: 77, iters: 512, time: 0.491, data: 0.001) G_GAN_ViT: 0.466 D_real_ViT: 0.333 D_fake_ViT: 0.130 global: 0.303 spatial: 0.083 
(epoch: 77, iters: 612, time: 0.491, data: 0.002) G_GAN_ViT: 0.352 D_real_ViT: 0.168 D_fake_ViT: 0.200 global: 0.373 spatial: 0.076 
(epoch: 77, iters: 712, time: 0.491, data: 0.001) G_GAN_ViT: 0.286 D_real_ViT: 0.239 D_fake_ViT: 0.275 global: 0.364 spatial: 0.093 
(epoch: 77, iters: 812, time: 0.491, data: 0.001) G_GAN_ViT: 0.342 D_real_ViT: 0.194 D_fake_ViT: 0.219 global: 0.254 spatial: 0.060 
(epoch: 77, iters: 912, time: 0.491, data: 0.001) G_GAN_ViT: 0.411 D_real_ViT: 0.267 D_fake_ViT: 0.157 global: 0.294 spatial: 0.077 
(epoch: 77, iters: 1012, time: 0.491, data: 0.001) G_GAN_ViT: 0.361 D_real_ViT: 0.151 D_fake_ViT: 0.205 global: 0.313 spatial: 0.086 
(epoch: 77, iters: 1112, time: 0.491, data: 0.001) G_GAN_ViT: 0.429 D_real_ViT: 0.045 D_fake_ViT: 0.165 global: 0.363 spatial: 0.107 
(epoch: 77, iters: 1212, time: 0.490, data: 0.001) G_GAN_ViT: 0.244 D_real_ViT: 0.227 D_fake_ViT: 0.313 global: 0.433 spatial: 0.083 
(epoch: 77, iters: 1312, time: 0.490, data: 0.002) G_GAN_ViT: 0.395 D_real_ViT: 0.319 D_fake_ViT: 0.186 global: 0.349 spatial: 0.089 
(epoch: 77, iters: 1412, time: 0.490, data: 0.001) G_GAN_ViT: 0.357 D_real_ViT: 0.292 D_fake_ViT: 0.191 global: 0.388 spatial: 0.087 
(epoch: 77, iters: 1512, time: 0.490, data: 0.001) G_GAN_ViT: 0.436 D_real_ViT: 0.213 D_fake_ViT: 0.143 global: 0.361 spatial: 0.079 
(epoch: 77, iters: 1612, time: 0.490, data: 0.001) G_GAN_ViT: 0.322 D_real_ViT: 0.077 D_fake_ViT: 0.222 global: 0.288 spatial: 0.067 
(epoch: 77, iters: 1712, time: 0.488, data: 0.001) G_GAN_ViT: 0.413 D_real_ViT: 0.042 D_fake_ViT: 0.159 global: 0.280 spatial: 0.069 
(epoch: 77, iters: 1812, time: 0.489, data: 0.001) G_GAN_ViT: 0.407 D_real_ViT: 0.232 D_fake_ViT: 0.160 global: 0.301 spatial: 0.065 
(epoch: 77, iters: 1912, time: 0.490, data: 0.002) G_GAN_ViT: 0.353 D_real_ViT: 0.245 D_fake_ViT: 0.221 global: 0.366 spatial: 0.086 
(epoch: 77, iters: 2012, time: 0.491, data: 0.001) G_GAN_ViT: 0.392 D_real_ViT: 0.194 D_fake_ViT: 0.177 global: 0.265 spatial: 0.074 
(epoch: 77, iters: 2112, time: 0.491, data: 0.001) G_GAN_ViT: 0.473 D_real_ViT: 0.231 D_fake_ViT: 0.138 global: 0.302 spatial: 0.072 
(epoch: 77, iters: 2212, time: 0.491, data: 0.002) G_GAN_ViT: 0.359 D_real_ViT: 0.177 D_fake_ViT: 0.199 global: 0.280 spatial: 0.075 
(epoch: 77, iters: 2312, time: 0.491, data: 0.001) G_GAN_ViT: 0.317 D_real_ViT: 0.301 D_fake_ViT: 0.230 global: 0.290 spatial: 0.075 
(epoch: 77, iters: 2412, time: 0.490, data: 0.001) G_GAN_ViT: 0.332 D_real_ViT: 0.025 D_fake_ViT: 0.222 global: 0.288 spatial: 0.070 
(epoch: 77, iters: 2512, time: 0.489, data: 0.001) G_GAN_ViT: 0.213 D_real_ViT: 0.277 D_fake_ViT: 0.344 global: 0.414 spatial: 0.076 
(epoch: 77, iters: 2612, time: 0.490, data: 0.001) G_GAN_ViT: 0.272 D_real_ViT: 0.144 D_fake_ViT: 0.273 global: 0.392 spatial: 0.076 
(epoch: 77, iters: 2712, time: 0.491, data: 0.002) G_GAN_ViT: 0.303 D_real_ViT: 0.224 D_fake_ViT: 0.235 global: 0.549 spatial: 0.089 
(epoch: 77, iters: 2812, time: 0.490, data: 0.001) G_GAN_ViT: 0.317 D_real_ViT: 0.278 D_fake_ViT: 0.263 global: 0.353 spatial: 0.089 
(epoch: 77, iters: 2912, time: 0.490, data: 0.002) G_GAN_ViT: 0.317 D_real_ViT: 0.296 D_fake_ViT: 0.234 global: 0.411 spatial: 0.084 
(epoch: 77, iters: 3012, time: 0.490, data: 0.001) G_GAN_ViT: 0.288 D_real_ViT: 0.321 D_fake_ViT: 0.252 global: 0.504 spatial: 0.100 
(epoch: 77, iters: 3112, time: 0.490, data: 0.001) G_GAN_ViT: 0.468 D_real_ViT: 0.115 D_fake_ViT: 0.130 global: 0.318 spatial: 0.083 
(epoch: 77, iters: 3212, time: 0.490, data: 0.002) G_GAN_ViT: 0.368 D_real_ViT: 0.193 D_fake_ViT: 0.197 global: 0.294 spatial: 0.071 
(epoch: 77, iters: 3312, time: 0.490, data: 0.001) G_GAN_ViT: 0.465 D_real_ViT: 0.024 D_fake_ViT: 0.134 global: 0.330 spatial: 0.081 
(epoch: 77, iters: 3412, time: 0.490, data: 0.001) G_GAN_ViT: 0.343 D_real_ViT: 0.348 D_fake_ViT: 0.245 global: 0.368 spatial: 0.073 
(epoch: 77, iters: 3512, time: 0.490, data: 0.001) G_GAN_ViT: 0.447 D_real_ViT: 0.159 D_fake_ViT: 0.135 global: 0.261 spatial: 0.060 
(epoch: 77, iters: 3612, time: 0.489, data: 0.002) G_GAN_ViT: 0.425 D_real_ViT: 0.225 D_fake_ViT: 0.165 global: 0.294 spatial: 0.082 
(epoch: 77, iters: 3712, time: 0.490, data: 0.001) G_GAN_ViT: 0.220 D_real_ViT: 0.137 D_fake_ViT: 0.319 global: 0.374 spatial: 0.075 
(epoch: 77, iters: 3812, time: 0.491, data: 0.002) G_GAN_ViT: 0.215 D_real_ViT: 0.184 D_fake_ViT: 0.325 global: 0.266 spatial: 0.064 
(epoch: 77, iters: 3912, time: 0.490, data: 0.001) G_GAN_ViT: 0.411 D_real_ViT: 0.239 D_fake_ViT: 0.153 global: 0.305 spatial: 0.077 
(epoch: 77, iters: 4012, time: 0.490, data: 0.001) G_GAN_ViT: 0.450 D_real_ViT: 0.154 D_fake_ViT: 0.138 global: 0.328 spatial: 0.075 
(epoch: 77, iters: 4112, time: 0.491, data: 0.001) G_GAN_ViT: 0.690 D_real_ViT: 0.219 D_fake_ViT: 0.063 global: 0.342 spatial: 0.085 
saving the latest model (epoch 77, total_iters 425000)
ICL_single_traffic_city
(epoch: 77, iters: 4212, time: 0.491, data: 0.002) G_GAN_ViT: 0.341 D_real_ViT: 0.195 D_fake_ViT: 0.217 global: 0.334 spatial: 0.082 
(epoch: 77, iters: 4312, time: 0.490, data: 0.001) G_GAN_ViT: 0.330 D_real_ViT: 0.247 D_fake_ViT: 0.231 global: 0.341 spatial: 0.090 
(epoch: 77, iters: 4412, time: 0.491, data: 0.001) G_GAN_ViT: 0.374 D_real_ViT: 0.098 D_fake_ViT: 0.211 global: 0.326 spatial: 0.091 
(epoch: 77, iters: 4512, time: 0.491, data: 0.001) G_GAN_ViT: 0.379 D_real_ViT: 0.025 D_fake_ViT: 0.179 global: 0.284 spatial: 0.067 
(epoch: 77, iters: 4612, time: 0.490, data: 0.001) G_GAN_ViT: 0.365 D_real_ViT: 0.182 D_fake_ViT: 0.188 global: 0.273 spatial: 0.065 
(epoch: 77, iters: 4712, time: 0.491, data: 0.001) G_GAN_ViT: 0.424 D_real_ViT: 0.182 D_fake_ViT: 0.155 global: 0.305 spatial: 0.071 
(epoch: 77, iters: 4812, time: 0.491, data: 0.001) G_GAN_ViT: 0.307 D_real_ViT: 0.259 D_fake_ViT: 0.239 global: 0.529 spatial: 0.083 
(epoch: 77, iters: 4912, time: 0.490, data: 0.001) G_GAN_ViT: 0.478 D_real_ViT: 0.070 D_fake_ViT: 0.143 global: 0.382 spatial: 0.098 
(epoch: 77, iters: 5012, time: 0.491, data: 0.001) G_GAN_ViT: 0.330 D_real_ViT: 0.246 D_fake_ViT: 0.212 global: 0.371 spatial: 0.077 
(epoch: 77, iters: 5112, time: 0.490, data: 0.001) G_GAN_ViT: 0.459 D_real_ViT: 0.176 D_fake_ViT: 0.147 global: 0.311 spatial: 0.083 
(epoch: 77, iters: 5212, time: 0.490, data: 0.002) G_GAN_ViT: 0.382 D_real_ViT: 0.144 D_fake_ViT: 0.174 global: 0.271 spatial: 0.071 
(epoch: 77, iters: 5312, time: 0.490, data: 0.001) G_GAN_ViT: 0.442 D_real_ViT: 0.201 D_fake_ViT: 0.156 global: 0.383 spatial: 0.098 
(epoch: 77, iters: 5412, time: 0.490, data: 0.001) G_GAN_ViT: 0.302 D_real_ViT: 0.243 D_fake_ViT: 0.241 global: 0.508 spatial: 0.076 
(epoch: 77, iters: 5512, time: 0.491, data: 0.001) G_GAN_ViT: 0.390 D_real_ViT: 0.116 D_fake_ViT: 0.172 global: 0.312 spatial: 0.071 
End of epoch 77 / 100 	 Time Taken: 2725 sec
learning rate = 0.0000045
(epoch: 78, iters: 74, time: 0.490, data: 0.001) G_GAN_ViT: 0.207 D_real_ViT: 0.284 D_fake_ViT: 0.355 global: 0.408 spatial: 0.090 
(epoch: 78, iters: 174, time: 0.490, data: 0.001) G_GAN_ViT: 0.366 D_real_ViT: 0.333 D_fake_ViT: 0.189 global: 0.307 spatial: 0.080 
(epoch: 78, iters: 274, time: 0.489, data: 0.001) G_GAN_ViT: 0.230 D_real_ViT: 0.157 D_fake_ViT: 0.298 global: 0.284 spatial: 0.058 
(epoch: 78, iters: 374, time: 0.489, data: 0.001) G_GAN_ViT: 0.374 D_real_ViT: 0.318 D_fake_ViT: 0.192 global: 0.297 spatial: 0.084 
(epoch: 78, iters: 474, time: 0.489, data: 0.001) G_GAN_ViT: 0.315 D_real_ViT: 0.220 D_fake_ViT: 0.231 global: 0.307 spatial: 0.076 
(epoch: 78, iters: 574, time: 0.489, data: 0.001) G_GAN_ViT: 0.377 D_real_ViT: 0.303 D_fake_ViT: 0.190 global: 0.303 spatial: 0.079 
(epoch: 78, iters: 674, time: 0.489, data: 0.001) G_GAN_ViT: 0.355 D_real_ViT: 0.180 D_fake_ViT: 0.196 global: 0.333 spatial: 0.075 
(epoch: 78, iters: 774, time: 0.489, data: 0.001) G_GAN_ViT: 0.310 D_real_ViT: 0.073 D_fake_ViT: 0.240 global: 0.408 spatial: 0.087 
(epoch: 78, iters: 874, time: 0.489, data: 0.001) G_GAN_ViT: 0.361 D_real_ViT: 0.265 D_fake_ViT: 0.199 global: 0.430 spatial: 0.080 
(epoch: 78, iters: 974, time: 0.489, data: 0.001) G_GAN_ViT: 0.348 D_real_ViT: 0.207 D_fake_ViT: 0.211 global: 0.381 spatial: 0.088 
(epoch: 78, iters: 1074, time: 0.489, data: 0.001) G_GAN_ViT: 0.244 D_real_ViT: 0.273 D_fake_ViT: 0.303 global: 0.446 spatial: 0.085 
(epoch: 78, iters: 1174, time: 0.489, data: 0.001) G_GAN_ViT: 0.240 D_real_ViT: 0.222 D_fake_ViT: 0.303 global: 0.276 spatial: 0.066 
(epoch: 78, iters: 1274, time: 0.489, data: 0.001) G_GAN_ViT: 0.470 D_real_ViT: 0.182 D_fake_ViT: 0.134 global: 0.345 spatial: 0.087 
(epoch: 78, iters: 1374, time: 0.489, data: 0.001) G_GAN_ViT: 0.251 D_real_ViT: 0.325 D_fake_ViT: 0.291 global: 0.520 spatial: 0.095 
(epoch: 78, iters: 1474, time: 0.490, data: 0.001) G_GAN_ViT: 0.442 D_real_ViT: 0.186 D_fake_ViT: 0.140 global: 0.319 spatial: 0.086 
(epoch: 78, iters: 1574, time: 0.490, data: 0.001) G_GAN_ViT: 0.404 D_real_ViT: 0.177 D_fake_ViT: 0.168 global: 0.291 spatial: 0.080 
(epoch: 78, iters: 1674, time: 0.489, data: 0.001) G_GAN_ViT: 0.454 D_real_ViT: 0.199 D_fake_ViT: 0.141 global: 0.366 spatial: 0.096 
(epoch: 78, iters: 1774, time: 0.489, data: 0.001) G_GAN_ViT: 0.330 D_real_ViT: 0.135 D_fake_ViT: 0.219 global: 0.270 spatial: 0.065 
(epoch: 78, iters: 1874, time: 0.489, data: 0.002) G_GAN_ViT: 0.369 D_real_ViT: 0.330 D_fake_ViT: 0.178 global: 0.260 spatial: 0.069 
(epoch: 78, iters: 1974, time: 0.489, data: 0.001) G_GAN_ViT: 0.319 D_real_ViT: 0.268 D_fake_ViT: 0.219 global: 0.430 spatial: 0.081 
(epoch: 78, iters: 2074, time: 0.489, data: 0.001) G_GAN_ViT: 0.269 D_real_ViT: 0.280 D_fake_ViT: 0.279 global: 0.338 spatial: 0.080 
(epoch: 78, iters: 2174, time: 0.489, data: 0.001) G_GAN_ViT: 0.257 D_real_ViT: 0.242 D_fake_ViT: 0.284 global: 0.445 spatial: 0.095 
(epoch: 78, iters: 2274, time: 0.489, data: 0.001) G_GAN_ViT: 0.424 D_real_ViT: 0.266 D_fake_ViT: 0.158 global: 0.319 spatial: 0.084 
(epoch: 78, iters: 2374, time: 0.489, data: 0.001) G_GAN_ViT: 0.294 D_real_ViT: 0.140 D_fake_ViT: 0.244 global: 0.446 spatial: 0.094 
(epoch: 78, iters: 2474, time: 0.489, data: 0.001) G_GAN_ViT: 0.470 D_real_ViT: 0.220 D_fake_ViT: 0.151 global: 0.348 spatial: 0.084 
(epoch: 78, iters: 2574, time: 0.490, data: 0.001) G_GAN_ViT: 0.293 D_real_ViT: 0.244 D_fake_ViT: 0.270 global: 0.365 spatial: 0.110 
(epoch: 78, iters: 2674, time: 0.489, data: 0.001) G_GAN_ViT: 0.407 D_real_ViT: 0.271 D_fake_ViT: 0.157 global: 0.286 spatial: 0.079 
(epoch: 78, iters: 2774, time: 0.489, data: 0.001) G_GAN_ViT: 0.234 D_real_ViT: 0.252 D_fake_ViT: 0.304 global: 0.524 spatial: 0.081 
(epoch: 78, iters: 2874, time: 0.489, data: 0.001) G_GAN_ViT: 0.362 D_real_ViT: 0.355 D_fake_ViT: 0.200 global: 0.258 spatial: 0.069 
(epoch: 78, iters: 2974, time: 0.489, data: 0.001) G_GAN_ViT: 0.419 D_real_ViT: 0.118 D_fake_ViT: 0.162 global: 0.277 spatial: 0.068 
(epoch: 78, iters: 3074, time: 0.489, data: 0.001) G_GAN_ViT: 0.376 D_real_ViT: 0.434 D_fake_ViT: 0.182 global: 0.390 spatial: 0.087 
(epoch: 78, iters: 3174, time: 0.489, data: 0.001) G_GAN_ViT: 0.439 D_real_ViT: 0.290 D_fake_ViT: 0.174 global: 0.352 spatial: 0.094 
(epoch: 78, iters: 3274, time: 0.488, data: 0.001) G_GAN_ViT: 0.251 D_real_ViT: 0.317 D_fake_ViT: 0.296 global: 0.532 spatial: 0.088 
(epoch: 78, iters: 3374, time: 0.488, data: 0.001) G_GAN_ViT: 0.389 D_real_ViT: 0.085 D_fake_ViT: 0.179 global: 0.394 spatial: 0.073 
(epoch: 78, iters: 3474, time: 0.489, data: 0.001) G_GAN_ViT: 0.385 D_real_ViT: 0.172 D_fake_ViT: 0.171 global: 0.274 spatial: 0.064 
(epoch: 78, iters: 3574, time: 0.489, data: 0.001) G_GAN_ViT: 0.421 D_real_ViT: 0.106 D_fake_ViT: 0.173 global: 0.362 spatial: 0.072 
saving the latest model (epoch 78, total_iters 430000)
ICL_single_traffic_city
(epoch: 78, iters: 3674, time: 0.490, data: 0.001) G_GAN_ViT: 0.405 D_real_ViT: 0.192 D_fake_ViT: 0.169 global: 0.298 spatial: 0.085 
(epoch: 78, iters: 3774, time: 0.490, data: 0.001) G_GAN_ViT: 0.393 D_real_ViT: 0.173 D_fake_ViT: 0.194 global: 0.323 spatial: 0.100 
(epoch: 78, iters: 3874, time: 0.490, data: 0.001) G_GAN_ViT: 0.405 D_real_ViT: 0.197 D_fake_ViT: 0.168 global: 0.399 spatial: 0.080 
(epoch: 78, iters: 3974, time: 0.489, data: 0.001) G_GAN_ViT: 0.450 D_real_ViT: 0.098 D_fake_ViT: 0.138 global: 0.332 spatial: 0.084 
(epoch: 78, iters: 4074, time: 0.489, data: 0.002) G_GAN_ViT: 0.358 D_real_ViT: 0.167 D_fake_ViT: 0.197 global: 0.289 spatial: 0.070 
(epoch: 78, iters: 4174, time: 0.489, data: 0.001) G_GAN_ViT: 0.424 D_real_ViT: 0.327 D_fake_ViT: 0.153 global: 0.299 spatial: 0.078 
(epoch: 78, iters: 4274, time: 0.489, data: 0.001) G_GAN_ViT: 0.411 D_real_ViT: 0.303 D_fake_ViT: 0.159 global: 0.253 spatial: 0.068 
(epoch: 78, iters: 4374, time: 0.489, data: 0.001) G_GAN_ViT: 0.262 D_real_ViT: 0.188 D_fake_ViT: 0.281 global: 0.496 spatial: 0.086 
(epoch: 78, iters: 4474, time: 0.489, data: 0.001) G_GAN_ViT: 0.409 D_real_ViT: 0.163 D_fake_ViT: 0.178 global: 0.377 spatial: 0.103 
(epoch: 78, iters: 4574, time: 0.489, data: 0.001) G_GAN_ViT: 0.450 D_real_ViT: 0.213 D_fake_ViT: 0.138 global: 0.292 spatial: 0.060 
(epoch: 78, iters: 4674, time: 0.489, data: 0.001) G_GAN_ViT: 0.456 D_real_ViT: 0.265 D_fake_ViT: 0.131 global: 0.284 spatial: 0.073 
(epoch: 78, iters: 4774, time: 0.489, data: 0.001) G_GAN_ViT: 0.457 D_real_ViT: 0.041 D_fake_ViT: 0.163 global: 0.313 spatial: 0.083 
(epoch: 78, iters: 4874, time: 0.489, data: 0.001) G_GAN_ViT: 0.376 D_real_ViT: 0.181 D_fake_ViT: 0.180 global: 0.237 spatial: 0.066 
(epoch: 78, iters: 4974, time: 0.489, data: 0.001) G_GAN_ViT: 0.346 D_real_ViT: 0.113 D_fake_ViT: 0.224 global: 0.296 spatial: 0.084 
(epoch: 78, iters: 5074, time: 0.488, data: 0.001) G_GAN_ViT: 0.213 D_real_ViT: 0.283 D_fake_ViT: 0.329 global: 0.266 spatial: 0.059 
(epoch: 78, iters: 5174, time: 0.488, data: 0.001) G_GAN_ViT: 0.461 D_real_ViT: 0.392 D_fake_ViT: 0.130 global: 0.329 spatial: 0.076 
(epoch: 78, iters: 5274, time: 0.489, data: 0.001) G_GAN_ViT: 0.403 D_real_ViT: 0.179 D_fake_ViT: 0.163 global: 0.300 spatial: 0.071 
(epoch: 78, iters: 5374, time: 0.489, data: 0.002) G_GAN_ViT: 0.341 D_real_ViT: 0.187 D_fake_ViT: 0.208 global: 0.342 spatial: 0.078 
(epoch: 78, iters: 5474, time: 0.489, data: 0.001) G_GAN_ViT: 0.326 D_real_ViT: 0.214 D_fake_ViT: 0.216 global: 0.458 spatial: 0.080 
End of epoch 78 / 100 	 Time Taken: 2717 sec
learning rate = 0.0000043
(epoch: 79, iters: 36, time: 0.489, data: 0.001) G_GAN_ViT: 0.416 D_real_ViT: 0.193 D_fake_ViT: 0.165 global: 0.283 spatial: 0.079 
(epoch: 79, iters: 136, time: 0.489, data: 0.001) G_GAN_ViT: 0.438 D_real_ViT: 0.137 D_fake_ViT: 0.158 global: 0.292 spatial: 0.082 
(epoch: 79, iters: 236, time: 0.489, data: 0.001) G_GAN_ViT: 0.369 D_real_ViT: 0.151 D_fake_ViT: 0.192 global: 0.325 spatial: 0.093 
(epoch: 79, iters: 336, time: 0.489, data: 0.001) G_GAN_ViT: 0.319 D_real_ViT: 0.251 D_fake_ViT: 0.223 global: 0.403 spatial: 0.085 
(epoch: 79, iters: 436, time: 0.489, data: 0.001) G_GAN_ViT: 0.432 D_real_ViT: 0.321 D_fake_ViT: 0.163 global: 0.344 spatial: 0.085 
(epoch: 79, iters: 536, time: 0.488, data: 0.001) G_GAN_ViT: 0.401 D_real_ViT: 0.111 D_fake_ViT: 0.165 global: 0.278 spatial: 0.065 
(epoch: 79, iters: 636, time: 0.488, data: 0.001) G_GAN_ViT: 0.331 D_real_ViT: 0.419 D_fake_ViT: 0.240 global: 0.466 spatial: 0.099 
(epoch: 79, iters: 736, time: 0.488, data: 0.001) G_GAN_ViT: 0.473 D_real_ViT: 0.047 D_fake_ViT: 0.123 global: 0.267 spatial: 0.071 
(epoch: 79, iters: 836, time: 0.488, data: 0.001) G_GAN_ViT: 0.392 D_real_ViT: 0.373 D_fake_ViT: 0.172 global: 0.372 spatial: 0.072 
(epoch: 79, iters: 936, time: 0.489, data: 0.001) G_GAN_ViT: 0.277 D_real_ViT: 0.243 D_fake_ViT: 0.287 global: 0.313 spatial: 0.091 
(epoch: 79, iters: 1036, time: 0.489, data: 0.001) G_GAN_ViT: 0.405 D_real_ViT: 0.375 D_fake_ViT: 0.169 global: 0.353 spatial: 0.074 
(epoch: 79, iters: 1136, time: 0.489, data: 0.001) G_GAN_ViT: 0.227 D_real_ViT: 0.191 D_fake_ViT: 0.319 global: 0.482 spatial: 0.094 
(epoch: 79, iters: 1236, time: 0.489, data: 0.001) G_GAN_ViT: 0.285 D_real_ViT: 0.266 D_fake_ViT: 0.264 global: 0.477 spatial: 0.079 
(epoch: 79, iters: 1336, time: 0.489, data: 0.001) G_GAN_ViT: 0.332 D_real_ViT: 0.229 D_fake_ViT: 0.212 global: 0.343 spatial: 0.073 
(epoch: 79, iters: 1436, time: 0.489, data: 0.001) G_GAN_ViT: 0.392 D_real_ViT: 0.259 D_fake_ViT: 0.178 global: 0.322 spatial: 0.079 
(epoch: 79, iters: 1536, time: 0.489, data: 0.001) G_GAN_ViT: 0.414 D_real_ViT: 0.233 D_fake_ViT: 0.178 global: 0.391 spatial: 0.086 
(epoch: 79, iters: 1636, time: 0.489, data: 0.001) G_GAN_ViT: 0.401 D_real_ViT: 0.265 D_fake_ViT: 0.170 global: 0.297 spatial: 0.071 
(epoch: 79, iters: 1736, time: 0.489, data: 0.001) G_GAN_ViT: 0.356 D_real_ViT: 0.319 D_fake_ViT: 0.199 global: 0.348 spatial: 0.086 
(epoch: 79, iters: 1836, time: 0.489, data: 0.001) G_GAN_ViT: 0.253 D_real_ViT: 0.300 D_fake_ViT: 0.288 global: 0.253 spatial: 0.061 
(epoch: 79, iters: 1936, time: 0.489, data: 0.001) G_GAN_ViT: 0.430 D_real_ViT: 0.278 D_fake_ViT: 0.155 global: 0.373 spatial: 0.081 
(epoch: 79, iters: 2036, time: 0.489, data: 0.001) G_GAN_ViT: 0.223 D_real_ViT: 0.160 D_fake_ViT: 0.321 global: 0.243 spatial: 0.072 
(epoch: 79, iters: 2136, time: 0.489, data: 0.001) G_GAN_ViT: 0.272 D_real_ViT: 0.048 D_fake_ViT: 0.269 global: 0.266 spatial: 0.062 
(epoch: 79, iters: 2236, time: 0.489, data: 0.001) G_GAN_ViT: 0.396 D_real_ViT: 0.223 D_fake_ViT: 0.164 global: 0.259 spatial: 0.061 
(epoch: 79, iters: 2336, time: 0.489, data: 0.001) G_GAN_ViT: 0.313 D_real_ViT: 0.300 D_fake_ViT: 0.227 global: 0.421 spatial: 0.086 
(epoch: 79, iters: 2436, time: 0.490, data: 0.001) G_GAN_ViT: 0.342 D_real_ViT: 0.168 D_fake_ViT: 0.213 global: 0.408 spatial: 0.083 
(epoch: 79, iters: 2536, time: 0.489, data: 0.001) G_GAN_ViT: 0.378 D_real_ViT: 0.146 D_fake_ViT: 0.192 global: 0.482 spatial: 0.099 
(epoch: 79, iters: 2636, time: 0.489, data: 0.001) G_GAN_ViT: 0.332 D_real_ViT: 0.357 D_fake_ViT: 0.213 global: 0.484 spatial: 0.100 
(epoch: 79, iters: 2736, time: 0.488, data: 0.001) G_GAN_ViT: 0.257 D_real_ViT: 0.236 D_fake_ViT: 0.290 global: 0.454 spatial: 0.097 
(epoch: 79, iters: 2836, time: 0.489, data: 0.001) G_GAN_ViT: 0.458 D_real_ViT: 0.223 D_fake_ViT: 0.124 global: 0.297 spatial: 0.073 
(epoch: 79, iters: 2936, time: 0.489, data: 0.001) G_GAN_ViT: 0.382 D_real_ViT: 0.408 D_fake_ViT: 0.178 global: 0.427 spatial: 0.080 
(epoch: 79, iters: 3036, time: 0.490, data: 0.001) G_GAN_ViT: 0.202 D_real_ViT: 0.348 D_fake_ViT: 0.338 global: 0.324 spatial: 0.071 
saving the latest model (epoch 79, total_iters 435000)
ICL_single_traffic_city
(epoch: 79, iters: 3136, time: 0.489, data: 0.001) G_GAN_ViT: 0.280 D_real_ViT: 0.324 D_fake_ViT: 0.258 global: 0.565 spatial: 0.090 
(epoch: 79, iters: 3236, time: 0.489, data: 0.001) G_GAN_ViT: 0.249 D_real_ViT: 0.250 D_fake_ViT: 0.287 global: 0.273 spatial: 0.062 
(epoch: 79, iters: 3336, time: 0.489, data: 0.001) G_GAN_ViT: 0.283 D_real_ViT: 0.130 D_fake_ViT: 0.254 global: 0.463 spatial: 0.082 
(epoch: 79, iters: 3436, time: 0.489, data: 0.001) G_GAN_ViT: 0.484 D_real_ViT: 0.259 D_fake_ViT: 0.136 global: 0.283 spatial: 0.065 
(epoch: 79, iters: 3536, time: 0.489, data: 0.001) G_GAN_ViT: 0.385 D_real_ViT: 0.299 D_fake_ViT: 0.188 global: 0.353 spatial: 0.075 
(epoch: 79, iters: 3636, time: 0.489, data: 0.002) G_GAN_ViT: 0.296 D_real_ViT: 0.190 D_fake_ViT: 0.247 global: 0.428 spatial: 0.088 
(epoch: 79, iters: 3736, time: 0.490, data: 0.001) G_GAN_ViT: 0.258 D_real_ViT: 0.215 D_fake_ViT: 0.288 global: 0.409 spatial: 0.075 
(epoch: 79, iters: 3836, time: 0.489, data: 0.001) G_GAN_ViT: 0.362 D_real_ViT: 0.027 D_fake_ViT: 0.202 global: 0.297 spatial: 0.068 
(epoch: 79, iters: 3936, time: 0.489, data: 0.001) G_GAN_ViT: 0.389 D_real_ViT: 0.308 D_fake_ViT: 0.172 global: 0.308 spatial: 0.060 
(epoch: 79, iters: 4036, time: 0.489, data: 0.001) G_GAN_ViT: 0.436 D_real_ViT: 0.329 D_fake_ViT: 0.153 global: 0.296 spatial: 0.081 
(epoch: 79, iters: 4136, time: 0.489, data: 0.001) G_GAN_ViT: 0.261 D_real_ViT: 0.263 D_fake_ViT: 0.275 global: 0.477 spatial: 0.084 
(epoch: 79, iters: 4236, time: 0.489, data: 0.001) G_GAN_ViT: 0.301 D_real_ViT: 0.300 D_fake_ViT: 0.241 global: 0.278 spatial: 0.077 
(epoch: 79, iters: 4336, time: 0.489, data: 0.001) G_GAN_ViT: 0.288 D_real_ViT: 0.329 D_fake_ViT: 0.251 global: 0.492 spatial: 0.096 
(epoch: 79, iters: 4436, time: 0.490, data: 0.001) G_GAN_ViT: 0.316 D_real_ViT: 0.188 D_fake_ViT: 0.231 global: 0.291 spatial: 0.079 
(epoch: 79, iters: 4536, time: 0.489, data: 0.001) G_GAN_ViT: 0.368 D_real_ViT: 0.314 D_fake_ViT: 0.185 global: 0.505 spatial: 0.077 
(epoch: 79, iters: 4636, time: 0.489, data: 0.001) G_GAN_ViT: 0.272 D_real_ViT: 0.240 D_fake_ViT: 0.272 global: 0.508 spatial: 0.081 
(epoch: 79, iters: 4736, time: 0.489, data: 0.001) G_GAN_ViT: 0.336 D_real_ViT: 0.342 D_fake_ViT: 0.206 global: 0.473 spatial: 0.075 
(epoch: 79, iters: 4836, time: 0.489, data: 0.001) G_GAN_ViT: 0.437 D_real_ViT: 0.173 D_fake_ViT: 0.143 global: 0.242 spatial: 0.058 
(epoch: 79, iters: 4936, time: 0.489, data: 0.001) G_GAN_ViT: 0.371 D_real_ViT: 0.230 D_fake_ViT: 0.190 global: 0.424 spatial: 0.073 
(epoch: 79, iters: 5036, time: 0.489, data: 0.001) G_GAN_ViT: 0.210 D_real_ViT: 0.330 D_fake_ViT: 0.333 global: 0.257 spatial: 0.062 
(epoch: 79, iters: 5136, time: 0.489, data: 0.001) G_GAN_ViT: 0.423 D_real_ViT: 0.163 D_fake_ViT: 0.152 global: 0.253 spatial: 0.079 
(epoch: 79, iters: 5236, time: 0.489, data: 0.002) G_GAN_ViT: 0.342 D_real_ViT: 0.202 D_fake_ViT: 0.208 global: 0.456 spatial: 0.087 
(epoch: 79, iters: 5336, time: 0.489, data: 0.001) G_GAN_ViT: 0.403 D_real_ViT: 0.149 D_fake_ViT: 0.183 global: 0.346 spatial: 0.070 
(epoch: 79, iters: 5436, time: 0.489, data: 0.001) G_GAN_ViT: 0.349 D_real_ViT: 0.202 D_fake_ViT: 0.201 global: 0.293 spatial: 0.079 
(epoch: 79, iters: 5536, time: 0.489, data: 0.001) G_GAN_ViT: 0.432 D_real_ViT: 0.181 D_fake_ViT: 0.155 global: 0.287 spatial: 0.070 
End of epoch 79 / 100 	 Time Taken: 2717 sec
learning rate = 0.0000041
(epoch: 80, iters: 98, time: 0.488, data: 0.001) G_GAN_ViT: 0.240 D_real_ViT: 0.369 D_fake_ViT: 0.300 global: 0.502 spatial: 0.090 
(epoch: 80, iters: 198, time: 0.488, data: 0.001) G_GAN_ViT: 0.464 D_real_ViT: 0.153 D_fake_ViT: 0.136 global: 0.400 spatial: 0.080 
(epoch: 80, iters: 298, time: 0.489, data: 0.001) G_GAN_ViT: 0.334 D_real_ViT: 0.185 D_fake_ViT: 0.210 global: 0.279 spatial: 0.074 
(epoch: 80, iters: 398, time: 0.489, data: 0.002) G_GAN_ViT: 0.476 D_real_ViT: 0.279 D_fake_ViT: 0.136 global: 0.318 spatial: 0.103 
(epoch: 80, iters: 498, time: 0.489, data: 0.002) G_GAN_ViT: 0.352 D_real_ViT: 0.383 D_fake_ViT: 0.204 global: 0.419 spatial: 0.085 
(epoch: 80, iters: 598, time: 0.489, data: 0.001) G_GAN_ViT: 0.396 D_real_ViT: 0.176 D_fake_ViT: 0.167 global: 0.239 spatial: 0.068 
(epoch: 80, iters: 698, time: 0.489, data: 0.001) G_GAN_ViT: 0.396 D_real_ViT: 0.266 D_fake_ViT: 0.166 global: 0.292 spatial: 0.078 
(epoch: 80, iters: 798, time: 0.489, data: 0.001) G_GAN_ViT: 0.429 D_real_ViT: 0.200 D_fake_ViT: 0.150 global: 0.319 spatial: 0.082 
(epoch: 80, iters: 898, time: 0.489, data: 0.001) G_GAN_ViT: 0.299 D_real_ViT: 0.140 D_fake_ViT: 0.239 global: 0.446 spatial: 0.070 
(epoch: 80, iters: 998, time: 0.489, data: 0.001) G_GAN_ViT: 0.418 D_real_ViT: 0.266 D_fake_ViT: 0.152 global: 0.299 spatial: 0.076 
(epoch: 80, iters: 1098, time: 0.489, data: 0.001) G_GAN_ViT: 0.324 D_real_ViT: 0.136 D_fake_ViT: 0.225 global: 0.379 spatial: 0.071 
(epoch: 80, iters: 1198, time: 0.489, data: 0.001) G_GAN_ViT: 0.220 D_real_ViT: 0.289 D_fake_ViT: 0.314 global: 0.326 spatial: 0.075 
(epoch: 80, iters: 1298, time: 0.489, data: 0.001) G_GAN_ViT: 0.440 D_real_ViT: 0.350 D_fake_ViT: 0.147 global: 0.349 spatial: 0.088 
(epoch: 80, iters: 1398, time: 0.489, data: 0.001) G_GAN_ViT: 0.420 D_real_ViT: 0.287 D_fake_ViT: 0.165 global: 0.349 spatial: 0.081 
(epoch: 80, iters: 1498, time: 0.489, data: 0.001) G_GAN_ViT: 0.410 D_real_ViT: 0.266 D_fake_ViT: 0.164 global: 0.312 spatial: 0.073 
(epoch: 80, iters: 1598, time: 0.489, data: 0.002) G_GAN_ViT: 0.394 D_real_ViT: 0.191 D_fake_ViT: 0.179 global: 0.346 spatial: 0.061 
(epoch: 80, iters: 1698, time: 0.490, data: 0.001) G_GAN_ViT: 0.270 D_real_ViT: 0.205 D_fake_ViT: 0.268 global: 0.269 spatial: 0.065 
(epoch: 80, iters: 1798, time: 0.490, data: 0.002) G_GAN_ViT: 0.382 D_real_ViT: 0.173 D_fake_ViT: 0.183 global: 0.274 spatial: 0.067 
(epoch: 80, iters: 1898, time: 0.490, data: 0.001) G_GAN_ViT: 0.339 D_real_ViT: 0.192 D_fake_ViT: 0.210 global: 0.379 spatial: 0.086 
(epoch: 80, iters: 1998, time: 0.489, data: 0.001) G_GAN_ViT: 0.397 D_real_ViT: 0.396 D_fake_ViT: 0.177 global: 0.289 spatial: 0.089 
(epoch: 80, iters: 2098, time: 0.490, data: 0.001) G_GAN_ViT: 0.306 D_real_ViT: 0.049 D_fake_ViT: 0.264 global: 0.535 spatial: 0.089 
(epoch: 80, iters: 2198, time: 0.489, data: 0.001) G_GAN_ViT: 0.403 D_real_ViT: 0.249 D_fake_ViT: 0.165 global: 0.253 spatial: 0.071 
(epoch: 80, iters: 2298, time: 0.489, data: 0.001) G_GAN_ViT: 0.219 D_real_ViT: 0.302 D_fake_ViT: 0.320 global: 0.358 spatial: 0.074 
(epoch: 80, iters: 2398, time: 0.489, data: 0.001) G_GAN_ViT: 0.257 D_real_ViT: 0.044 D_fake_ViT: 0.278 global: 0.313 spatial: 0.076 
(epoch: 80, iters: 2498, time: 0.488, data: 0.001) G_GAN_ViT: 0.299 D_real_ViT: 0.104 D_fake_ViT: 0.244 global: 0.481 spatial: 0.077 
saving the latest model (epoch 80, total_iters 440000)
ICL_single_traffic_city
(epoch: 80, iters: 2598, time: 0.488, data: 0.001) G_GAN_ViT: 0.358 D_real_ViT: 0.209 D_fake_ViT: 0.200 global: 0.395 spatial: 0.084 
(epoch: 80, iters: 2698, time: 0.488, data: 0.001) G_GAN_ViT: 0.403 D_real_ViT: 0.178 D_fake_ViT: 0.162 global: 0.280 spatial: 0.074 
(epoch: 80, iters: 2798, time: 0.489, data: 0.002) G_GAN_ViT: 0.330 D_real_ViT: 0.274 D_fake_ViT: 0.216 global: 0.323 spatial: 0.078 
(epoch: 80, iters: 2898, time: 0.489, data: 0.001) G_GAN_ViT: 0.391 D_real_ViT: 0.280 D_fake_ViT: 0.173 global: 0.352 spatial: 0.080 
(epoch: 80, iters: 2998, time: 0.489, data: 0.001) G_GAN_ViT: 0.312 D_real_ViT: 0.185 D_fake_ViT: 0.241 global: 0.347 spatial: 0.085 
(epoch: 80, iters: 3098, time: 0.490, data: 0.001) G_GAN_ViT: 0.432 D_real_ViT: 0.129 D_fake_ViT: 0.147 global: 0.278 spatial: 0.074 
(epoch: 80, iters: 3198, time: 0.490, data: 0.001) G_GAN_ViT: 0.430 D_real_ViT: 0.174 D_fake_ViT: 0.163 global: 0.298 spatial: 0.073 
(epoch: 80, iters: 3298, time: 0.490, data: 0.001) G_GAN_ViT: 0.323 D_real_ViT: 0.316 D_fake_ViT: 0.249 global: 0.324 spatial: 0.101 
(epoch: 80, iters: 3398, time: 0.490, data: 0.001) G_GAN_ViT: 0.454 D_real_ViT: 0.334 D_fake_ViT: 0.127 global: 0.266 spatial: 0.070 
(epoch: 80, iters: 3498, time: 0.490, data: 0.001) G_GAN_ViT: 0.468 D_real_ViT: 0.205 D_fake_ViT: 0.125 global: 0.302 spatial: 0.073 
(epoch: 80, iters: 3598, time: 0.490, data: 0.001) G_GAN_ViT: 0.423 D_real_ViT: 0.243 D_fake_ViT: 0.157 global: 0.429 spatial: 0.079 
(epoch: 80, iters: 3698, time: 0.490, data: 0.001) G_GAN_ViT: 0.266 D_real_ViT: 0.200 D_fake_ViT: 0.276 global: 0.439 spatial: 0.085 
(epoch: 80, iters: 3798, time: 0.489, data: 0.001) G_GAN_ViT: 0.244 D_real_ViT: 0.345 D_fake_ViT: 0.296 global: 0.259 spatial: 0.062 
(epoch: 80, iters: 3898, time: 0.490, data: 0.001) G_GAN_ViT: 0.389 D_real_ViT: 0.058 D_fake_ViT: 0.172 global: 0.338 spatial: 0.094 
(epoch: 80, iters: 3998, time: 0.489, data: 0.001) G_GAN_ViT: 0.456 D_real_ViT: 0.041 D_fake_ViT: 0.132 global: 0.301 spatial: 0.074 
(epoch: 80, iters: 4098, time: 0.489, data: 0.001) G_GAN_ViT: 0.221 D_real_ViT: 0.300 D_fake_ViT: 0.320 global: 0.294 spatial: 0.069 
(epoch: 80, iters: 4198, time: 0.489, data: 0.001) G_GAN_ViT: 0.429 D_real_ViT: 0.192 D_fake_ViT: 0.145 global: 0.297 spatial: 0.073 
(epoch: 80, iters: 4298, time: 0.489, data: 0.001) G_GAN_ViT: 0.261 D_real_ViT: 0.292 D_fake_ViT: 0.277 global: 0.503 spatial: 0.090 
(epoch: 80, iters: 4398, time: 0.489, data: 0.001) G_GAN_ViT: 0.326 D_real_ViT: 0.298 D_fake_ViT: 0.223 global: 0.450 spatial: 0.083 
(epoch: 80, iters: 4498, time: 0.489, data: 0.001) G_GAN_ViT: 0.400 D_real_ViT: 0.220 D_fake_ViT: 0.180 global: 0.370 spatial: 0.084 
(epoch: 80, iters: 4598, time: 0.489, data: 0.001) G_GAN_ViT: 0.220 D_real_ViT: 0.228 D_fake_ViT: 0.323 global: 0.569 spatial: 0.092 
(epoch: 80, iters: 4698, time: 0.489, data: 0.001) G_GAN_ViT: 0.368 D_real_ViT: 0.374 D_fake_ViT: 0.181 global: 0.267 spatial: 0.052 
(epoch: 80, iters: 4798, time: 0.488, data: 0.001) G_GAN_ViT: 0.293 D_real_ViT: 0.287 D_fake_ViT: 0.248 global: 0.468 spatial: 0.102 
(epoch: 80, iters: 4898, time: 0.488, data: 0.001) G_GAN_ViT: 0.324 D_real_ViT: 0.170 D_fake_ViT: 0.228 global: 0.397 spatial: 0.078 
(epoch: 80, iters: 4998, time: 0.489, data: 0.001) G_GAN_ViT: 0.363 D_real_ViT: 0.196 D_fake_ViT: 0.191 global: 0.270 spatial: 0.064 
(epoch: 80, iters: 5098, time: 0.489, data: 0.001) G_GAN_ViT: 0.384 D_real_ViT: 0.139 D_fake_ViT: 0.189 global: 0.347 spatial: 0.069 
(epoch: 80, iters: 5198, time: 0.489, data: 0.001) G_GAN_ViT: 0.270 D_real_ViT: 0.299 D_fake_ViT: 0.274 global: 0.419 spatial: 0.076 
(epoch: 80, iters: 5298, time: 0.489, data: 0.001) G_GAN_ViT: 0.482 D_real_ViT: 0.273 D_fake_ViT: 0.123 global: 0.287 spatial: 0.077 
(epoch: 80, iters: 5398, time: 0.490, data: 0.001) G_GAN_ViT: 0.471 D_real_ViT: 0.172 D_fake_ViT: 0.123 global: 0.288 spatial: 0.067 
(epoch: 80, iters: 5498, time: 0.490, data: 0.001) G_GAN_ViT: 0.288 D_real_ViT: 0.125 D_fake_ViT: 0.259 global: 0.336 spatial: 0.099 
saving the model at the end of epoch 80, iters 443040
End of epoch 80 / 100 	 Time Taken: 2719 sec
learning rate = 0.0000039
(epoch: 81, iters: 60, time: 0.490, data: 0.001) G_GAN_ViT: 0.350 D_real_ViT: 0.282 D_fake_ViT: 0.207 global: 0.268 spatial: 0.079 
(epoch: 81, iters: 160, time: 0.490, data: 0.001) G_GAN_ViT: 0.349 D_real_ViT: 0.164 D_fake_ViT: 0.200 global: 0.380 spatial: 0.080 
(epoch: 81, iters: 260, time: 0.490, data: 0.001) G_GAN_ViT: 0.403 D_real_ViT: 0.119 D_fake_ViT: 0.169 global: 0.282 spatial: 0.083 
(epoch: 81, iters: 360, time: 0.490, data: 0.001) G_GAN_ViT: 0.232 D_real_ViT: 0.283 D_fake_ViT: 0.301 global: 0.243 spatial: 0.060 
(epoch: 81, iters: 460, time: 0.489, data: 0.001) G_GAN_ViT: 0.436 D_real_ViT: 0.323 D_fake_ViT: 0.142 global: 0.305 spatial: 0.071 
(epoch: 81, iters: 560, time: 0.489, data: 0.001) G_GAN_ViT: 0.276 D_real_ViT: 0.143 D_fake_ViT: 0.268 global: 0.444 spatial: 0.076 
(epoch: 81, iters: 660, time: 0.488, data: 0.001) G_GAN_ViT: 0.378 D_real_ViT: 0.346 D_fake_ViT: 0.181 global: 0.277 spatial: 0.059 
(epoch: 81, iters: 760, time: 0.489, data: 0.001) G_GAN_ViT: 0.317 D_real_ViT: 0.078 D_fake_ViT: 0.231 global: 0.530 spatial: 0.083 
(epoch: 81, iters: 860, time: 0.488, data: 0.001) G_GAN_ViT: 0.448 D_real_ViT: 0.353 D_fake_ViT: 0.136 global: 0.245 spatial: 0.067 
(epoch: 81, iters: 960, time: 0.488, data: 0.001) G_GAN_ViT: 0.304 D_real_ViT: 0.172 D_fake_ViT: 0.242 global: 0.586 spatial: 0.094 
(epoch: 81, iters: 1060, time: 0.488, data: 0.001) G_GAN_ViT: 0.315 D_real_ViT: 0.185 D_fake_ViT: 0.234 global: 0.321 spatial: 0.070 
(epoch: 81, iters: 1160, time: 0.489, data: 0.002) G_GAN_ViT: 0.329 D_real_ViT: 0.201 D_fake_ViT: 0.219 global: 0.349 spatial: 0.088 
(epoch: 81, iters: 1260, time: 0.489, data: 0.001) G_GAN_ViT: 0.318 D_real_ViT: 0.263 D_fake_ViT: 0.225 global: 0.346 spatial: 0.078 
(epoch: 81, iters: 1360, time: 0.490, data: 0.001) G_GAN_ViT: 0.376 D_real_ViT: 0.286 D_fake_ViT: 0.187 global: 0.282 spatial: 0.076 
(epoch: 81, iters: 1460, time: 0.490, data: 0.001) G_GAN_ViT: 0.401 D_real_ViT: 0.144 D_fake_ViT: 0.178 global: 0.299 spatial: 0.083 
(epoch: 81, iters: 1560, time: 0.490, data: 0.002) G_GAN_ViT: 0.331 D_real_ViT: 0.236 D_fake_ViT: 0.213 global: 0.306 spatial: 0.061 
(epoch: 81, iters: 1660, time: 0.489, data: 0.001) G_GAN_ViT: 0.313 D_real_ViT: 0.264 D_fake_ViT: 0.225 global: 0.328 spatial: 0.061 
(epoch: 81, iters: 1760, time: 0.489, data: 0.001) G_GAN_ViT: 0.429 D_real_ViT: 0.299 D_fake_ViT: 0.138 global: 0.261 spatial: 0.065 
(epoch: 81, iters: 1860, time: 0.489, data: 0.001) G_GAN_ViT: 0.428 D_real_ViT: 0.436 D_fake_ViT: 0.150 global: 0.347 spatial: 0.090 
(epoch: 81, iters: 1960, time: 0.489, data: 0.002) G_GAN_ViT: 0.416 D_real_ViT: 0.165 D_fake_ViT: 0.159 global: 0.348 spatial: 0.089 
saving the latest model (epoch 81, total_iters 445000)
ICL_single_traffic_city
(epoch: 81, iters: 2060, time: 0.489, data: 0.001) G_GAN_ViT: 0.262 D_real_ViT: 0.356 D_fake_ViT: 0.273 global: 0.415 spatial: 0.078 
(epoch: 81, iters: 2160, time: 0.489, data: 0.002) G_GAN_ViT: 0.467 D_real_ViT: 0.211 D_fake_ViT: 0.130 global: 0.310 spatial: 0.080 
(epoch: 81, iters: 2260, time: 0.489, data: 0.001) G_GAN_ViT: 0.298 D_real_ViT: 0.198 D_fake_ViT: 0.249 global: 0.457 spatial: 0.092 
(epoch: 81, iters: 2360, time: 0.489, data: 0.001) G_GAN_ViT: 0.391 D_real_ViT: 0.318 D_fake_ViT: 0.187 global: 0.388 spatial: 0.103 
(epoch: 81, iters: 2460, time: 0.489, data: 0.001) G_GAN_ViT: 0.309 D_real_ViT: 0.230 D_fake_ViT: 0.241 global: 0.372 spatial: 0.073 
(epoch: 81, iters: 2560, time: 0.489, data: 0.001) G_GAN_ViT: 0.308 D_real_ViT: 0.412 D_fake_ViT: 0.238 global: 0.291 spatial: 0.070 
(epoch: 81, iters: 2660, time: 0.489, data: 0.001) G_GAN_ViT: 0.193 D_real_ViT: 0.174 D_fake_ViT: 0.351 global: 0.334 spatial: 0.073 
(epoch: 81, iters: 2760, time: 0.489, data: 0.001) G_GAN_ViT: 0.339 D_real_ViT: 0.270 D_fake_ViT: 0.204 global: 0.299 spatial: 0.083 
(epoch: 81, iters: 2860, time: 0.489, data: 0.001) G_GAN_ViT: 0.371 D_real_ViT: 0.246 D_fake_ViT: 0.180 global: 0.367 spatial: 0.078 
(epoch: 81, iters: 2960, time: 0.490, data: 0.001) G_GAN_ViT: 0.376 D_real_ViT: 0.085 D_fake_ViT: 0.191 global: 0.353 spatial: 0.088 
(epoch: 81, iters: 3060, time: 0.490, data: 0.001) G_GAN_ViT: 0.253 D_real_ViT: 0.031 D_fake_ViT: 0.310 global: 0.364 spatial: 0.109 
(epoch: 81, iters: 3160, time: 0.490, data: 0.001) G_GAN_ViT: 0.426 D_real_ViT: 0.223 D_fake_ViT: 0.148 global: 0.298 spatial: 0.075 
(epoch: 81, iters: 3260, time: 0.490, data: 0.001) G_GAN_ViT: 0.312 D_real_ViT: 0.276 D_fake_ViT: 0.237 global: 0.495 spatial: 0.077 
(epoch: 81, iters: 3360, time: 0.490, data: 0.001) G_GAN_ViT: 0.244 D_real_ViT: 0.190 D_fake_ViT: 0.313 global: 0.340 spatial: 0.095 
(epoch: 81, iters: 3460, time: 0.490, data: 0.001) G_GAN_ViT: 0.360 D_real_ViT: 0.153 D_fake_ViT: 0.207 global: 0.393 spatial: 0.108 
(epoch: 81, iters: 3560, time: 0.490, data: 0.002) G_GAN_ViT: 0.344 D_real_ViT: 0.247 D_fake_ViT: 0.209 global: 0.442 spatial: 0.083 
(epoch: 81, iters: 3660, time: 0.489, data: 0.001) G_GAN_ViT: 0.358 D_real_ViT: 0.270 D_fake_ViT: 0.195 global: 0.461 spatial: 0.095 
(epoch: 81, iters: 3760, time: 0.489, data: 0.001) G_GAN_ViT: 0.363 D_real_ViT: 0.034 D_fake_ViT: 0.198 global: 0.288 spatial: 0.081 
(epoch: 81, iters: 3860, time: 0.488, data: 0.001) G_GAN_ViT: 0.355 D_real_ViT: 0.218 D_fake_ViT: 0.203 global: 0.274 spatial: 0.069 
(epoch: 81, iters: 3960, time: 0.489, data: 0.001) G_GAN_ViT: 0.413 D_real_ViT: 0.368 D_fake_ViT: 0.178 global: 0.329 spatial: 0.095 
(epoch: 81, iters: 4060, time: 0.489, data: 0.002) G_GAN_ViT: 0.406 D_real_ViT: 0.069 D_fake_ViT: 0.168 global: 0.360 spatial: 0.082 
(epoch: 81, iters: 4160, time: 0.489, data: 0.002) G_GAN_ViT: 0.304 D_real_ViT: 0.161 D_fake_ViT: 0.262 global: 0.521 spatial: 0.098 
(epoch: 81, iters: 4260, time: 0.488, data: 0.001) G_GAN_ViT: 0.473 D_real_ViT: 0.156 D_fake_ViT: 0.129 global: 0.310 spatial: 0.077 
(epoch: 81, iters: 4360, time: 0.488, data: 0.001) G_GAN_ViT: 0.412 D_real_ViT: 0.021 D_fake_ViT: 0.156 global: 0.266 spatial: 0.057 
(epoch: 81, iters: 4460, time: 0.489, data: 0.001) G_GAN_ViT: 0.377 D_real_ViT: 0.207 D_fake_ViT: 0.211 global: 0.336 spatial: 0.102 
(epoch: 81, iters: 4560, time: 0.489, data: 0.001) G_GAN_ViT: 0.289 D_real_ViT: 0.220 D_fake_ViT: 0.250 global: 0.433 spatial: 0.083 
(epoch: 81, iters: 4660, time: 0.489, data: 0.001) G_GAN_ViT: 0.286 D_real_ViT: 0.436 D_fake_ViT: 0.252 global: 0.272 spatial: 0.072 
(epoch: 81, iters: 4760, time: 0.489, data: 0.001) G_GAN_ViT: 0.321 D_real_ViT: 0.276 D_fake_ViT: 0.239 global: 0.353 spatial: 0.086 
(epoch: 81, iters: 4860, time: 0.488, data: 0.001) G_GAN_ViT: 0.401 D_real_ViT: 0.035 D_fake_ViT: 0.167 global: 0.302 spatial: 0.077 
(epoch: 81, iters: 4960, time: 0.488, data: 0.002) G_GAN_ViT: 0.305 D_real_ViT: 0.331 D_fake_ViT: 0.235 global: 0.469 spatial: 0.075 
(epoch: 81, iters: 5060, time: 0.488, data: 0.001) G_GAN_ViT: 0.232 D_real_ViT: 0.250 D_fake_ViT: 0.332 global: 0.358 spatial: 0.099 
(epoch: 81, iters: 5160, time: 0.489, data: 0.001) G_GAN_ViT: 0.438 D_real_ViT: 0.165 D_fake_ViT: 0.152 global: 0.334 spatial: 0.087 
(epoch: 81, iters: 5260, time: 0.489, data: 0.001) G_GAN_ViT: 0.391 D_real_ViT: 0.212 D_fake_ViT: 0.173 global: 0.306 spatial: 0.066 
(epoch: 81, iters: 5360, time: 0.490, data: 0.001) G_GAN_ViT: 0.310 D_real_ViT: 0.246 D_fake_ViT: 0.228 global: 0.585 spatial: 0.091 
(epoch: 81, iters: 5460, time: 0.490, data: 0.001) G_GAN_ViT: 0.351 D_real_ViT: 0.278 D_fake_ViT: 0.208 global: 0.279 spatial: 0.080 
End of epoch 81 / 100 	 Time Taken: 2717 sec
learning rate = 0.0000037
(epoch: 82, iters: 22, time: 0.490, data: 0.001) G_GAN_ViT: 0.213 D_real_ViT: 0.269 D_fake_ViT: 0.325 global: 0.364 spatial: 0.078 
(epoch: 82, iters: 122, time: 0.489, data: 0.001) G_GAN_ViT: 0.399 D_real_ViT: 0.201 D_fake_ViT: 0.159 global: 0.274 spatial: 0.073 
(epoch: 82, iters: 222, time: 0.488, data: 0.001) G_GAN_ViT: 0.389 D_real_ViT: 0.046 D_fake_ViT: 0.169 global: 0.252 spatial: 0.061 
(epoch: 82, iters: 322, time: 0.488, data: 0.001) G_GAN_ViT: 0.209 D_real_ViT: 0.206 D_fake_ViT: 0.346 global: 0.431 spatial: 0.089 
(epoch: 82, iters: 422, time: 0.488, data: 0.001) G_GAN_ViT: 0.292 D_real_ViT: 0.191 D_fake_ViT: 0.249 global: 0.473 spatial: 0.080 
(epoch: 82, iters: 522, time: 0.488, data: 0.002) G_GAN_ViT: 0.281 D_real_ViT: 0.128 D_fake_ViT: 0.280 global: 0.379 spatial: 0.084 
(epoch: 82, iters: 622, time: 0.489, data: 0.001) G_GAN_ViT: 0.407 D_real_ViT: 0.373 D_fake_ViT: 0.162 global: 0.319 spatial: 0.078 
(epoch: 82, iters: 722, time: 0.489, data: 0.001) G_GAN_ViT: 0.222 D_real_ViT: 0.264 D_fake_ViT: 0.311 global: 0.282 spatial: 0.061 
(epoch: 82, iters: 822, time: 0.489, data: 0.001) G_GAN_ViT: 0.205 D_real_ViT: 0.226 D_fake_ViT: 0.336 global: 0.334 spatial: 0.073 
(epoch: 82, iters: 922, time: 0.489, data: 0.001) G_GAN_ViT: 0.317 D_real_ViT: 0.163 D_fake_ViT: 0.233 global: 0.378 spatial: 0.080 
(epoch: 82, iters: 1022, time: 0.489, data: 0.001) G_GAN_ViT: 0.369 D_real_ViT: 0.164 D_fake_ViT: 0.187 global: 0.277 spatial: 0.073 
(epoch: 82, iters: 1122, time: 0.488, data: 0.001) G_GAN_ViT: 0.365 D_real_ViT: 0.298 D_fake_ViT: 0.188 global: 0.377 spatial: 0.088 
(epoch: 82, iters: 1222, time: 0.489, data: 0.002) G_GAN_ViT: 0.189 D_real_ViT: 0.388 D_fake_ViT: 0.352 global: 0.277 spatial: 0.061 
(epoch: 82, iters: 1322, time: 0.489, data: 0.001) G_GAN_ViT: 0.425 D_real_ViT: 0.238 D_fake_ViT: 0.150 global: 0.269 spatial: 0.064 
(epoch: 82, iters: 1422, time: 0.489, data: 0.002) G_GAN_ViT: 0.279 D_real_ViT: 0.237 D_fake_ViT: 0.269 global: 0.507 spatial: 0.086 
saving the latest model (epoch 82, total_iters 450000)
ICL_single_traffic_city
(epoch: 82, iters: 1522, time: 0.489, data: 0.002) G_GAN_ViT: 0.360 D_real_ViT: 0.028 D_fake_ViT: 0.196 global: 0.410 spatial: 0.087 
(epoch: 82, iters: 1622, time: 0.489, data: 0.001) G_GAN_ViT: 0.279 D_real_ViT: 0.188 D_fake_ViT: 0.261 global: 0.494 spatial: 0.099 
(epoch: 82, iters: 1722, time: 0.489, data: 0.001) G_GAN_ViT: 0.431 D_real_ViT: 0.387 D_fake_ViT: 0.158 global: 0.351 spatial: 0.096 
(epoch: 82, iters: 1822, time: 0.489, data: 0.001) G_GAN_ViT: 0.352 D_real_ViT: 0.147 D_fake_ViT: 0.195 global: 0.382 spatial: 0.081 
(epoch: 82, iters: 1922, time: 0.489, data: 0.002) G_GAN_ViT: 0.426 D_real_ViT: 0.241 D_fake_ViT: 0.152 global: 0.291 spatial: 0.064 
(epoch: 82, iters: 2022, time: 0.489, data: 0.001) G_GAN_ViT: 0.263 D_real_ViT: 0.110 D_fake_ViT: 0.268 global: 0.253 spatial: 0.062 
(epoch: 82, iters: 2122, time: 0.489, data: 0.002) G_GAN_ViT: 0.373 D_real_ViT: 0.248 D_fake_ViT: 0.183 global: 0.308 spatial: 0.087 
(epoch: 82, iters: 2222, time: 0.489, data: 0.001) G_GAN_ViT: 0.408 D_real_ViT: 0.299 D_fake_ViT: 0.158 global: 0.306 spatial: 0.070 
(epoch: 82, iters: 2322, time: 0.489, data: 0.001) G_GAN_ViT: 0.353 D_real_ViT: 0.291 D_fake_ViT: 0.205 global: 0.316 spatial: 0.076 
(epoch: 82, iters: 2422, time: 0.489, data: 0.001) G_GAN_ViT: 0.196 D_real_ViT: 0.121 D_fake_ViT: 0.347 global: 0.325 spatial: 0.072 
(epoch: 82, iters: 2522, time: 0.488, data: 0.001) G_GAN_ViT: 0.225 D_real_ViT: 0.120 D_fake_ViT: 0.321 global: 0.507 spatial: 0.091 
(epoch: 82, iters: 2622, time: 0.489, data: 0.001) G_GAN_ViT: 0.502 D_real_ViT: 0.341 D_fake_ViT: 0.114 global: 0.338 spatial: 0.076 
(epoch: 82, iters: 2722, time: 0.489, data: 0.001) G_GAN_ViT: 0.201 D_real_ViT: 0.209 D_fake_ViT: 0.340 global: 0.357 spatial: 0.073 
(epoch: 82, iters: 2822, time: 0.489, data: 0.001) G_GAN_ViT: 0.361 D_real_ViT: 0.206 D_fake_ViT: 0.190 global: 0.389 spatial: 0.078 
(epoch: 82, iters: 2922, time: 0.489, data: 0.001) G_GAN_ViT: 0.397 D_real_ViT: 0.173 D_fake_ViT: 0.171 global: 0.416 spatial: 0.083 
(epoch: 82, iters: 3022, time: 0.488, data: 0.001) G_GAN_ViT: 0.334 D_real_ViT: 0.130 D_fake_ViT: 0.209 global: 0.452 spatial: 0.082 
(epoch: 82, iters: 3122, time: 0.489, data: 0.001) G_GAN_ViT: 0.254 D_real_ViT: 0.176 D_fake_ViT: 0.285 global: 0.490 spatial: 0.095 
(epoch: 82, iters: 3222, time: 0.489, data: 0.001) G_GAN_ViT: 0.241 D_real_ViT: 0.137 D_fake_ViT: 0.302 global: 0.269 spatial: 0.067 
(epoch: 82, iters: 3322, time: 0.488, data: 0.001) G_GAN_ViT: 0.448 D_real_ViT: 0.284 D_fake_ViT: 0.134 global: 0.280 spatial: 0.085 
(epoch: 82, iters: 3422, time: 0.488, data: 0.001) G_GAN_ViT: 0.421 D_real_ViT: 0.112 D_fake_ViT: 0.151 global: 0.241 spatial: 0.061 
(epoch: 82, iters: 3522, time: 0.489, data: 0.002) G_GAN_ViT: 0.190 D_real_ViT: 0.134 D_fake_ViT: 0.378 global: 0.455 spatial: 0.086 
(epoch: 82, iters: 3622, time: 0.489, data: 0.001) G_GAN_ViT: 0.335 D_real_ViT: 0.337 D_fake_ViT: 0.208 global: 0.341 spatial: 0.074 
(epoch: 82, iters: 3722, time: 0.489, data: 0.001) G_GAN_ViT: 0.443 D_real_ViT: 0.191 D_fake_ViT: 0.148 global: 0.331 spatial: 0.067 
(epoch: 82, iters: 3822, time: 0.489, data: 0.001) G_GAN_ViT: 0.394 D_real_ViT: 0.171 D_fake_ViT: 0.177 global: 0.366 spatial: 0.076 
(epoch: 82, iters: 3922, time: 0.489, data: 0.001) G_GAN_ViT: 0.460 D_real_ViT: 0.035 D_fake_ViT: 0.134 global: 0.282 spatial: 0.086 
(epoch: 82, iters: 4022, time: 0.489, data: 0.001) G_GAN_ViT: 0.410 D_real_ViT: 0.253 D_fake_ViT: 0.165 global: 0.309 spatial: 0.081 
(epoch: 82, iters: 4122, time: 0.489, data: 0.001) G_GAN_ViT: 0.396 D_real_ViT: 0.232 D_fake_ViT: 0.165 global: 0.285 spatial: 0.069 
(epoch: 82, iters: 4222, time: 0.489, data: 0.002) G_GAN_ViT: 0.247 D_real_ViT: 0.417 D_fake_ViT: 0.293 global: 0.335 spatial: 0.101 
(epoch: 82, iters: 4322, time: 0.489, data: 0.001) G_GAN_ViT: 0.420 D_real_ViT: 0.273 D_fake_ViT: 0.149 global: 0.288 spatial: 0.069 
(epoch: 82, iters: 4422, time: 0.489, data: 0.002) G_GAN_ViT: 0.318 D_real_ViT: 0.329 D_fake_ViT: 0.243 global: 0.425 spatial: 0.088 
(epoch: 82, iters: 4522, time: 0.489, data: 0.002) G_GAN_ViT: 0.458 D_real_ViT: 0.236 D_fake_ViT: 0.136 global: 0.309 spatial: 0.083 
(epoch: 82, iters: 4622, time: 0.489, data: 0.001) G_GAN_ViT: 0.356 D_real_ViT: 0.092 D_fake_ViT: 0.198 global: 0.303 spatial: 0.082 
(epoch: 82, iters: 4722, time: 0.489, data: 0.001) G_GAN_ViT: 0.420 D_real_ViT: 0.199 D_fake_ViT: 0.155 global: 0.291 spatial: 0.080 
(epoch: 82, iters: 4822, time: 0.489, data: 0.001) G_GAN_ViT: 0.372 D_real_ViT: 0.257 D_fake_ViT: 0.187 global: 0.319 spatial: 0.080 
(epoch: 82, iters: 4922, time: 0.489, data: 0.001) G_GAN_ViT: 0.404 D_real_ViT: 0.275 D_fake_ViT: 0.175 global: 0.272 spatial: 0.078 
(epoch: 82, iters: 5022, time: 0.489, data: 0.001) G_GAN_ViT: 0.388 D_real_ViT: 0.222 D_fake_ViT: 0.184 global: 0.266 spatial: 0.069 
(epoch: 82, iters: 5122, time: 0.488, data: 0.001) G_GAN_ViT: 0.419 D_real_ViT: 0.356 D_fake_ViT: 0.156 global: 0.299 spatial: 0.087 
(epoch: 82, iters: 5222, time: 0.489, data: 0.001) G_GAN_ViT: 0.301 D_real_ViT: 0.236 D_fake_ViT: 0.238 global: 0.398 spatial: 0.080 
(epoch: 82, iters: 5322, time: 0.488, data: 0.001) G_GAN_ViT: 0.233 D_real_ViT: 0.193 D_fake_ViT: 0.307 global: 0.525 spatial: 0.100 
(epoch: 82, iters: 5422, time: 0.489, data: 0.001) G_GAN_ViT: 0.281 D_real_ViT: 0.370 D_fake_ViT: 0.268 global: 0.340 spatial: 0.098 
(epoch: 82, iters: 5522, time: 0.489, data: 0.001) G_GAN_ViT: 0.412 D_real_ViT: 0.235 D_fake_ViT: 0.166 global: 0.290 spatial: 0.086 
End of epoch 82 / 100 	 Time Taken: 2716 sec
learning rate = 0.0000035
(epoch: 83, iters: 84, time: 0.489, data: 0.002) G_GAN_ViT: 0.420 D_real_ViT: 0.369 D_fake_ViT: 0.145 global: 0.273 spatial: 0.063 
(epoch: 83, iters: 184, time: 0.489, data: 0.001) G_GAN_ViT: 0.400 D_real_ViT: 0.049 D_fake_ViT: 0.168 global: 0.397 spatial: 0.080 
(epoch: 83, iters: 284, time: 0.489, data: 0.001) G_GAN_ViT: 0.354 D_real_ViT: 0.099 D_fake_ViT: 0.194 global: 0.289 spatial: 0.071 
(epoch: 83, iters: 384, time: 0.489, data: 0.001) G_GAN_ViT: 0.330 D_real_ViT: 0.367 D_fake_ViT: 0.211 global: 0.377 spatial: 0.065 
(epoch: 83, iters: 484, time: 0.489, data: 0.001) G_GAN_ViT: 0.415 D_real_ViT: 0.433 D_fake_ViT: 0.158 global: 0.295 spatial: 0.073 
(epoch: 83, iters: 584, time: 0.488, data: 0.001) G_GAN_ViT: 0.404 D_real_ViT: 0.305 D_fake_ViT: 0.176 global: 0.292 spatial: 0.071 
(epoch: 83, iters: 684, time: 0.489, data: 0.001) G_GAN_ViT: 0.360 D_real_ViT: 0.307 D_fake_ViT: 0.193 global: 0.271 spatial: 0.074 
(epoch: 83, iters: 784, time: 0.489, data: 0.001) G_GAN_ViT: 0.450 D_real_ViT: 0.163 D_fake_ViT: 0.134 global: 0.275 spatial: 0.075 
(epoch: 83, iters: 884, time: 0.490, data: 0.002) G_GAN_ViT: 0.370 D_real_ViT: 0.211 D_fake_ViT: 0.185 global: 0.324 spatial: 0.068 
saving the latest model (epoch 83, total_iters 455000)
ICL_single_traffic_city
(epoch: 83, iters: 984, time: 0.490, data: 0.001) G_GAN_ViT: 0.447 D_real_ViT: 0.311 D_fake_ViT: 0.151 global: 0.267 spatial: 0.073 
(epoch: 83, iters: 1084, time: 0.489, data: 0.001) G_GAN_ViT: 0.241 D_real_ViT: 0.323 D_fake_ViT: 0.295 global: 0.248 spatial: 0.058 
(epoch: 83, iters: 1184, time: 0.489, data: 0.002) G_GAN_ViT: 0.280 D_real_ViT: 0.193 D_fake_ViT: 0.262 global: 0.416 spatial: 0.073 
(epoch: 83, iters: 1284, time: 0.489, data: 0.001) G_GAN_ViT: 0.424 D_real_ViT: 0.162 D_fake_ViT: 0.155 global: 0.377 spatial: 0.077 
(epoch: 83, iters: 1384, time: 0.489, data: 0.001) G_GAN_ViT: 0.253 D_real_ViT: 0.263 D_fake_ViT: 0.295 global: 0.310 spatial: 0.082 
(epoch: 83, iters: 1484, time: 0.489, data: 0.001) G_GAN_ViT: 0.253 D_real_ViT: 0.304 D_fake_ViT: 0.272 global: 0.262 spatial: 0.061 
(epoch: 83, iters: 1584, time: 0.489, data: 0.001) G_GAN_ViT: 0.303 D_real_ViT: 0.370 D_fake_ViT: 0.236 global: 0.488 spatial: 0.087 
(epoch: 83, iters: 1684, time: 0.489, data: 0.002) G_GAN_ViT: 0.407 D_real_ViT: 0.172 D_fake_ViT: 0.152 global: 0.287 spatial: 0.073 
(epoch: 83, iters: 1784, time: 0.489, data: 0.001) G_GAN_ViT: 0.341 D_real_ViT: 0.052 D_fake_ViT: 0.216 global: 0.341 spatial: 0.084 
(epoch: 83, iters: 1884, time: 0.488, data: 0.001) G_GAN_ViT: 0.419 D_real_ViT: 0.364 D_fake_ViT: 0.152 global: 0.307 spatial: 0.075 
(epoch: 83, iters: 1984, time: 0.488, data: 0.001) G_GAN_ViT: 0.171 D_real_ViT: 0.203 D_fake_ViT: 0.389 global: 0.342 spatial: 0.076 
(epoch: 83, iters: 2084, time: 0.489, data: 0.002) G_GAN_ViT: 0.189 D_real_ViT: 0.241 D_fake_ViT: 0.354 global: 0.270 spatial: 0.065 
(epoch: 83, iters: 2184, time: 0.489, data: 0.001) G_GAN_ViT: 0.365 D_real_ViT: 0.268 D_fake_ViT: 0.179 global: 0.271 spatial: 0.069 
(epoch: 83, iters: 2284, time: 0.489, data: 0.001) G_GAN_ViT: 0.407 D_real_ViT: 0.178 D_fake_ViT: 0.172 global: 0.378 spatial: 0.079 
(epoch: 83, iters: 2384, time: 0.489, data: 0.001) G_GAN_ViT: 0.416 D_real_ViT: 0.253 D_fake_ViT: 0.151 global: 0.269 spatial: 0.071 
(epoch: 83, iters: 2484, time: 0.489, data: 0.001) G_GAN_ViT: 0.440 D_real_ViT: 0.182 D_fake_ViT: 0.148 global: 0.322 spatial: 0.079 
(epoch: 83, iters: 2584, time: 0.489, data: 0.001) G_GAN_ViT: 0.325 D_real_ViT: 0.097 D_fake_ViT: 0.216 global: 0.334 spatial: 0.085 
(epoch: 83, iters: 2684, time: 0.489, data: 0.001) G_GAN_ViT: 0.414 D_real_ViT: 0.084 D_fake_ViT: 0.157 global: 0.318 spatial: 0.070 
(epoch: 83, iters: 2784, time: 0.488, data: 0.001) G_GAN_ViT: 0.306 D_real_ViT: 0.265 D_fake_ViT: 0.232 global: 0.311 spatial: 0.074 
(epoch: 83, iters: 2884, time: 0.488, data: 0.002) G_GAN_ViT: 0.398 D_real_ViT: 0.108 D_fake_ViT: 0.170 global: 0.340 spatial: 0.083 
(epoch: 83, iters: 2984, time: 0.488, data: 0.001) G_GAN_ViT: 0.336 D_real_ViT: 0.256 D_fake_ViT: 0.213 global: 0.478 spatial: 0.098 
(epoch: 83, iters: 3084, time: 0.488, data: 0.001) G_GAN_ViT: 0.406 D_real_ViT: 0.191 D_fake_ViT: 0.170 global: 0.273 spatial: 0.071 
(epoch: 83, iters: 3184, time: 0.489, data: 0.001) G_GAN_ViT: 0.442 D_real_ViT: 0.352 D_fake_ViT: 0.136 global: 0.284 spatial: 0.069 
(epoch: 83, iters: 3284, time: 0.488, data: 0.001) G_GAN_ViT: 0.409 D_real_ViT: 0.318 D_fake_ViT: 0.164 global: 0.289 spatial: 0.073 
(epoch: 83, iters: 3384, time: 0.489, data: 0.001) G_GAN_ViT: 0.395 D_real_ViT: 0.270 D_fake_ViT: 0.175 global: 0.302 spatial: 0.082 
(epoch: 83, iters: 3484, time: 0.489, data: 0.001) G_GAN_ViT: 0.432 D_real_ViT: 0.275 D_fake_ViT: 0.147 global: 0.278 spatial: 0.063 
(epoch: 83, iters: 3584, time: 0.489, data: 0.001) G_GAN_ViT: 0.384 D_real_ViT: 0.402 D_fake_ViT: 0.205 global: 0.329 spatial: 0.096 
(epoch: 83, iters: 3684, time: 0.489, data: 0.001) G_GAN_ViT: 0.387 D_real_ViT: 0.231 D_fake_ViT: 0.216 global: 0.324 spatial: 0.085 
(epoch: 83, iters: 3784, time: 0.489, data: 0.001) G_GAN_ViT: 0.335 D_real_ViT: 0.211 D_fake_ViT: 0.203 global: 0.384 spatial: 0.074 
(epoch: 83, iters: 3884, time: 0.489, data: 0.001) G_GAN_ViT: 0.268 D_real_ViT: 0.219 D_fake_ViT: 0.262 global: 0.531 spatial: 0.091 
(epoch: 83, iters: 3984, time: 0.489, data: 0.001) G_GAN_ViT: 0.398 D_real_ViT: 0.382 D_fake_ViT: 0.172 global: 0.297 spatial: 0.080 
(epoch: 83, iters: 4084, time: 0.490, data: 0.001) G_GAN_ViT: 0.387 D_real_ViT: 0.214 D_fake_ViT: 0.183 global: 0.290 spatial: 0.071 
(epoch: 83, iters: 4184, time: 0.490, data: 0.001) G_GAN_ViT: 0.410 D_real_ViT: 0.339 D_fake_ViT: 0.164 global: 0.306 spatial: 0.073 
(epoch: 83, iters: 4284, time: 0.490, data: 0.001) G_GAN_ViT: 0.325 D_real_ViT: 0.272 D_fake_ViT: 0.230 global: 0.348 spatial: 0.089 
(epoch: 83, iters: 4384, time: 0.490, data: 0.001) G_GAN_ViT: 0.360 D_real_ViT: 0.260 D_fake_ViT: 0.193 global: 0.285 spatial: 0.084 
(epoch: 83, iters: 4484, time: 0.490, data: 0.001) G_GAN_ViT: 0.347 D_real_ViT: 0.145 D_fake_ViT: 0.201 global: 0.399 spatial: 0.081 
(epoch: 83, iters: 4584, time: 0.489, data: 0.001) G_GAN_ViT: 0.381 D_real_ViT: 0.228 D_fake_ViT: 0.198 global: 0.385 spatial: 0.089 
(epoch: 83, iters: 4684, time: 0.489, data: 0.001) G_GAN_ViT: 0.370 D_real_ViT: 0.182 D_fake_ViT: 0.184 global: 0.340 spatial: 0.090 
(epoch: 83, iters: 4784, time: 0.489, data: 0.001) G_GAN_ViT: 0.353 D_real_ViT: 0.118 D_fake_ViT: 0.196 global: 0.380 spatial: 0.091 
(epoch: 83, iters: 4884, time: 0.489, data: 0.001) G_GAN_ViT: 0.384 D_real_ViT: 0.268 D_fake_ViT: 0.173 global: 0.273 spatial: 0.066 
(epoch: 83, iters: 4984, time: 0.489, data: 0.001) G_GAN_ViT: 0.313 D_real_ViT: 0.313 D_fake_ViT: 0.241 global: 0.318 spatial: 0.072 
(epoch: 83, iters: 5084, time: 0.489, data: 0.001) G_GAN_ViT: 0.447 D_real_ViT: 0.160 D_fake_ViT: 0.145 global: 0.342 spatial: 0.085 
(epoch: 83, iters: 5184, time: 0.490, data: 0.002) G_GAN_ViT: 0.464 D_real_ViT: 0.399 D_fake_ViT: 0.128 global: 0.303 spatial: 0.089 
(epoch: 83, iters: 5284, time: 0.490, data: 0.001) G_GAN_ViT: 0.458 D_real_ViT: 0.193 D_fake_ViT: 0.142 global: 0.307 spatial: 0.083 
(epoch: 83, iters: 5384, time: 0.490, data: 0.001) G_GAN_ViT: 0.320 D_real_ViT: 0.173 D_fake_ViT: 0.228 global: 0.467 spatial: 0.085 
(epoch: 83, iters: 5484, time: 0.490, data: 0.001) G_GAN_ViT: 0.402 D_real_ViT: 0.171 D_fake_ViT: 0.165 global: 0.311 spatial: 0.079 
End of epoch 83 / 100 	 Time Taken: 2717 sec
learning rate = 0.0000033
(epoch: 84, iters: 46, time: 0.489, data: 0.001) G_GAN_ViT: 0.417 D_real_ViT: 0.237 D_fake_ViT: 0.167 global: 0.299 spatial: 0.067 
(epoch: 84, iters: 146, time: 0.489, data: 0.001) G_GAN_ViT: 0.310 D_real_ViT: 0.246 D_fake_ViT: 0.225 global: 0.298 spatial: 0.080 
(epoch: 84, iters: 246, time: 0.489, data: 0.001) G_GAN_ViT: 0.379 D_real_ViT: 0.153 D_fake_ViT: 0.176 global: 0.310 spatial: 0.075 
(epoch: 84, iters: 346, time: 0.489, data: 0.001) G_GAN_ViT: 0.307 D_real_ViT: 0.112 D_fake_ViT: 0.240 global: 0.465 spatial: 0.074 
saving the latest model (epoch 84, total_iters 460000)
ICL_single_traffic_city
(epoch: 84, iters: 446, time: 0.489, data: 0.001) G_GAN_ViT: 0.294 D_real_ViT: 0.269 D_fake_ViT: 0.247 global: 0.293 spatial: 0.066 
(epoch: 84, iters: 546, time: 0.489, data: 0.001) G_GAN_ViT: 0.413 D_real_ViT: 0.157 D_fake_ViT: 0.164 global: 0.290 spatial: 0.075 
(epoch: 84, iters: 646, time: 0.490, data: 0.001) G_GAN_ViT: 0.463 D_real_ViT: 0.229 D_fake_ViT: 0.122 global: 0.245 spatial: 0.067 
(epoch: 84, iters: 746, time: 0.490, data: 0.001) G_GAN_ViT: 0.352 D_real_ViT: 0.188 D_fake_ViT: 0.226 global: 0.369 spatial: 0.083 
(epoch: 84, iters: 846, time: 0.490, data: 0.001) G_GAN_ViT: 0.227 D_real_ViT: 0.123 D_fake_ViT: 0.312 global: 0.317 spatial: 0.080 
(epoch: 84, iters: 946, time: 0.490, data: 0.001) G_GAN_ViT: 0.192 D_real_ViT: 0.196 D_fake_ViT: 0.358 global: 0.253 spatial: 0.060 
(epoch: 84, iters: 1046, time: 0.490, data: 0.002) G_GAN_ViT: 0.325 D_real_ViT: 0.188 D_fake_ViT: 0.229 global: 0.281 spatial: 0.064 
(epoch: 84, iters: 1146, time: 0.490, data: 0.001) G_GAN_ViT: 0.456 D_real_ViT: 0.165 D_fake_ViT: 0.130 global: 0.270 spatial: 0.072 
(epoch: 84, iters: 1246, time: 0.490, data: 0.001) G_GAN_ViT: 0.263 D_real_ViT: 0.270 D_fake_ViT: 0.271 global: 0.487 spatial: 0.091 
(epoch: 84, iters: 1346, time: 0.490, data: 0.001) G_GAN_ViT: 0.321 D_real_ViT: 0.193 D_fake_ViT: 0.221 global: 0.340 spatial: 0.070 
(epoch: 84, iters: 1446, time: 0.490, data: 0.001) G_GAN_ViT: 0.350 D_real_ViT: 0.306 D_fake_ViT: 0.197 global: 0.445 spatial: 0.076 
(epoch: 84, iters: 1546, time: 0.489, data: 0.002) G_GAN_ViT: 0.326 D_real_ViT: 0.387 D_fake_ViT: 0.229 global: 0.319 spatial: 0.089 
(epoch: 84, iters: 1646, time: 0.489, data: 0.001) G_GAN_ViT: 0.365 D_real_ViT: 0.319 D_fake_ViT: 0.194 global: 0.323 spatial: 0.087 
(epoch: 84, iters: 1746, time: 0.489, data: 0.001) G_GAN_ViT: 0.423 D_real_ViT: 0.227 D_fake_ViT: 0.148 global: 0.343 spatial: 0.075 
(epoch: 84, iters: 1846, time: 0.488, data: 0.001) G_GAN_ViT: 0.395 D_real_ViT: 0.262 D_fake_ViT: 0.181 global: 0.353 spatial: 0.078 
(epoch: 84, iters: 1946, time: 0.489, data: 0.001) G_GAN_ViT: 0.326 D_real_ViT: 0.215 D_fake_ViT: 0.218 global: 0.334 spatial: 0.075 
(epoch: 84, iters: 2046, time: 0.489, data: 0.001) G_GAN_ViT: 0.351 D_real_ViT: 0.165 D_fake_ViT: 0.195 global: 0.260 spatial: 0.068 
(epoch: 84, iters: 2146, time: 0.490, data: 0.001) G_GAN_ViT: 0.283 D_real_ViT: 0.240 D_fake_ViT: 0.270 global: 0.328 spatial: 0.071 
(epoch: 84, iters: 2246, time: 0.489, data: 0.001) G_GAN_ViT: 0.326 D_real_ViT: 0.271 D_fake_ViT: 0.217 global: 0.288 spatial: 0.061 
(epoch: 84, iters: 2346, time: 0.489, data: 0.001) G_GAN_ViT: 0.439 D_real_ViT: 0.033 D_fake_ViT: 0.151 global: 0.355 spatial: 0.077 
(epoch: 84, iters: 2446, time: 0.488, data: 0.001) G_GAN_ViT: 0.355 D_real_ViT: 0.347 D_fake_ViT: 0.207 global: 0.329 spatial: 0.075 
(epoch: 84, iters: 2546, time: 0.488, data: 0.002) G_GAN_ViT: 0.430 D_real_ViT: 0.126 D_fake_ViT: 0.160 global: 0.365 spatial: 0.094 
(epoch: 84, iters: 2646, time: 0.488, data: 0.001) G_GAN_ViT: 0.397 D_real_ViT: 0.163 D_fake_ViT: 0.160 global: 0.263 spatial: 0.068 
(epoch: 84, iters: 2746, time: 0.488, data: 0.001) G_GAN_ViT: 0.383 D_real_ViT: 0.175 D_fake_ViT: 0.190 global: 0.309 spatial: 0.090 
(epoch: 84, iters: 2846, time: 0.489, data: 0.001) G_GAN_ViT: 0.298 D_real_ViT: 0.263 D_fake_ViT: 0.248 global: 0.412 spatial: 0.089 
(epoch: 84, iters: 2946, time: 0.489, data: 0.001) G_GAN_ViT: 0.338 D_real_ViT: 0.048 D_fake_ViT: 0.204 global: 0.355 spatial: 0.082 
(epoch: 84, iters: 3046, time: 0.490, data: 0.001) G_GAN_ViT: 0.218 D_real_ViT: 0.199 D_fake_ViT: 0.307 global: 0.260 spatial: 0.059 
(epoch: 84, iters: 3146, time: 0.490, data: 0.001) G_GAN_ViT: 0.405 D_real_ViT: 0.171 D_fake_ViT: 0.160 global: 0.257 spatial: 0.065 
(epoch: 84, iters: 3246, time: 0.490, data: 0.001) G_GAN_ViT: 0.324 D_real_ViT: 0.343 D_fake_ViT: 0.223 global: 0.348 spatial: 0.077 
(epoch: 84, iters: 3346, time: 0.489, data: 0.001) G_GAN_ViT: 0.239 D_real_ViT: 0.245 D_fake_ViT: 0.300 global: 0.455 spatial: 0.088 
(epoch: 84, iters: 3446, time: 0.490, data: 0.001) G_GAN_ViT: 0.469 D_real_ViT: 0.224 D_fake_ViT: 0.137 global: 0.382 spatial: 0.100 
(epoch: 84, iters: 3546, time: 0.490, data: 0.001) G_GAN_ViT: 0.217 D_real_ViT: 0.393 D_fake_ViT: 0.326 global: 0.503 spatial: 0.094 
(epoch: 84, iters: 3646, time: 0.489, data: 0.002) G_GAN_ViT: 0.367 D_real_ViT: 0.216 D_fake_ViT: 0.192 global: 0.347 spatial: 0.086 
(epoch: 84, iters: 3746, time: 0.490, data: 0.001) G_GAN_ViT: 0.438 D_real_ViT: 0.075 D_fake_ViT: 0.144 global: 0.292 spatial: 0.080 
(epoch: 84, iters: 3846, time: 0.490, data: 0.001) G_GAN_ViT: 0.321 D_real_ViT: 0.292 D_fake_ViT: 0.225 global: 0.429 spatial: 0.091 
(epoch: 84, iters: 3946, time: 0.489, data: 0.001) G_GAN_ViT: 0.556 D_real_ViT: 0.117 D_fake_ViT: 0.100 global: 0.333 spatial: 0.080 
(epoch: 84, iters: 4046, time: 0.489, data: 0.001) G_GAN_ViT: 0.376 D_real_ViT: 0.314 D_fake_ViT: 0.181 global: 0.232 spatial: 0.060 
(epoch: 84, iters: 4146, time: 0.489, data: 0.001) G_GAN_ViT: 0.405 D_real_ViT: 0.295 D_fake_ViT: 0.157 global: 0.272 spatial: 0.070 
(epoch: 84, iters: 4246, time: 0.489, data: 0.001) G_GAN_ViT: 0.411 D_real_ViT: 0.306 D_fake_ViT: 0.153 global: 0.281 spatial: 0.064 
(epoch: 84, iters: 4346, time: 0.490, data: 0.001) G_GAN_ViT: 0.474 D_real_ViT: 0.228 D_fake_ViT: 0.121 global: 0.326 spatial: 0.075 
(epoch: 84, iters: 4446, time: 0.489, data: 0.001) G_GAN_ViT: 0.208 D_real_ViT: 0.439 D_fake_ViT: 0.331 global: 0.521 spatial: 0.091 
(epoch: 84, iters: 4546, time: 0.489, data: 0.001) G_GAN_ViT: 0.258 D_real_ViT: 0.201 D_fake_ViT: 0.268 global: 0.271 spatial: 0.053 
(epoch: 84, iters: 4646, time: 0.489, data: 0.001) G_GAN_ViT: 0.423 D_real_ViT: 0.248 D_fake_ViT: 0.146 global: 0.292 spatial: 0.067 
(epoch: 84, iters: 4746, time: 0.489, data: 0.001) G_GAN_ViT: 0.247 D_real_ViT: 0.160 D_fake_ViT: 0.290 global: 0.507 spatial: 0.082 
(epoch: 84, iters: 4846, time: 0.490, data: 0.001) G_GAN_ViT: 0.424 D_real_ViT: 0.263 D_fake_ViT: 0.168 global: 0.355 spatial: 0.079 
(epoch: 84, iters: 4946, time: 0.489, data: 0.001) G_GAN_ViT: 0.386 D_real_ViT: 0.347 D_fake_ViT: 0.171 global: 0.280 spatial: 0.076 
(epoch: 84, iters: 5046, time: 0.489, data: 0.001) G_GAN_ViT: 0.303 D_real_ViT: 0.219 D_fake_ViT: 0.239 global: 0.552 spatial: 0.089 
(epoch: 84, iters: 5146, time: 0.489, data: 0.001) G_GAN_ViT: 0.372 D_real_ViT: 0.223 D_fake_ViT: 0.185 global: 0.260 spatial: 0.072 
(epoch: 84, iters: 5246, time: 0.489, data: 0.001) G_GAN_ViT: 0.448 D_real_ViT: 0.259 D_fake_ViT: 0.155 global: 0.375 spatial: 0.093 
(epoch: 84, iters: 5346, time: 0.489, data: 0.001) G_GAN_ViT: 0.406 D_real_ViT: 0.252 D_fake_ViT: 0.164 global: 0.289 spatial: 0.084 
saving the latest model (epoch 84, total_iters 465000)
ICL_single_traffic_city
(epoch: 84, iters: 5446, time: 0.489, data: 0.001) G_GAN_ViT: 0.300 D_real_ViT: 0.206 D_fake_ViT: 0.237 global: 0.519 spatial: 0.083 
End of epoch 84 / 100 	 Time Taken: 2718 sec
learning rate = 0.0000031
(epoch: 85, iters: 8, time: 0.489, data: 0.001) G_GAN_ViT: 0.439 D_real_ViT: 0.233 D_fake_ViT: 0.143 global: 0.285 spatial: 0.081 
(epoch: 85, iters: 108, time: 0.489, data: 0.000) G_GAN_ViT: 0.200 D_real_ViT: 0.118 D_fake_ViT: 0.346 global: 0.307 spatial: 0.076 
(epoch: 85, iters: 208, time: 0.489, data: 0.001) G_GAN_ViT: 0.385 D_real_ViT: 0.285 D_fake_ViT: 0.170 global: 0.217 spatial: 0.062 
(epoch: 85, iters: 308, time: 0.489, data: 0.001) G_GAN_ViT: 0.289 D_real_ViT: 0.041 D_fake_ViT: 0.267 global: 0.288 spatial: 0.082 
(epoch: 85, iters: 408, time: 0.489, data: 0.001) G_GAN_ViT: 0.344 D_real_ViT: 0.133 D_fake_ViT: 0.199 global: 0.360 spatial: 0.077 
(epoch: 85, iters: 508, time: 0.489, data: 0.001) G_GAN_ViT: 0.454 D_real_ViT: 0.162 D_fake_ViT: 0.132 global: 0.339 spatial: 0.082 
(epoch: 85, iters: 608, time: 0.489, data: 0.001) G_GAN_ViT: 0.299 D_real_ViT: 0.185 D_fake_ViT: 0.242 global: 0.503 spatial: 0.095 
(epoch: 85, iters: 708, time: 0.489, data: 0.001) G_GAN_ViT: 0.315 D_real_ViT: 0.037 D_fake_ViT: 0.228 global: 0.397 spatial: 0.070 
(epoch: 85, iters: 808, time: 0.489, data: 0.002) G_GAN_ViT: 0.331 D_real_ViT: 0.190 D_fake_ViT: 0.208 global: 0.491 spatial: 0.073 
(epoch: 85, iters: 908, time: 0.489, data: 0.001) G_GAN_ViT: 0.352 D_real_ViT: 0.249 D_fake_ViT: 0.202 global: 0.296 spatial: 0.081 
(epoch: 85, iters: 1008, time: 0.489, data: 0.001) G_GAN_ViT: 0.312 D_real_ViT: 0.305 D_fake_ViT: 0.230 global: 0.388 spatial: 0.077 
(epoch: 85, iters: 1108, time: 0.489, data: 0.001) G_GAN_ViT: 0.421 D_real_ViT: 0.096 D_fake_ViT: 0.152 global: 0.263 spatial: 0.073 
(epoch: 85, iters: 1208, time: 0.489, data: 0.001) G_GAN_ViT: 0.427 D_real_ViT: 0.128 D_fake_ViT: 0.151 global: 0.308 spatial: 0.084 
(epoch: 85, iters: 1308, time: 0.489, data: 0.002) G_GAN_ViT: 0.430 D_real_ViT: 0.133 D_fake_ViT: 0.143 global: 0.302 spatial: 0.070 
(epoch: 85, iters: 1408, time: 0.489, data: 0.002) G_GAN_ViT: 0.354 D_real_ViT: 0.321 D_fake_ViT: 0.200 global: 0.404 spatial: 0.080 
(epoch: 85, iters: 1508, time: 0.489, data: 0.001) G_GAN_ViT: 0.472 D_real_ViT: 0.035 D_fake_ViT: 0.142 global: 0.370 spatial: 0.106 
(epoch: 85, iters: 1608, time: 0.490, data: 0.001) G_GAN_ViT: 0.239 D_real_ViT: 0.124 D_fake_ViT: 0.304 global: 0.463 spatial: 0.088 
(epoch: 85, iters: 1708, time: 0.490, data: 0.001) G_GAN_ViT: 0.335 D_real_ViT: 0.340 D_fake_ViT: 0.206 global: 0.382 spatial: 0.077 
(epoch: 85, iters: 1808, time: 0.489, data: 0.001) G_GAN_ViT: 0.257 D_real_ViT: 0.282 D_fake_ViT: 0.285 global: 0.479 spatial: 0.085 
(epoch: 85, iters: 1908, time: 0.489, data: 0.001) G_GAN_ViT: 0.284 D_real_ViT: 0.211 D_fake_ViT: 0.252 global: 0.387 spatial: 0.081 
(epoch: 85, iters: 2008, time: 0.489, data: 0.001) G_GAN_ViT: 0.474 D_real_ViT: 0.267 D_fake_ViT: 0.130 global: 0.299 spatial: 0.088 
(epoch: 85, iters: 2108, time: 0.488, data: 0.001) G_GAN_ViT: 0.424 D_real_ViT: 0.212 D_fake_ViT: 0.149 global: 0.289 spatial: 0.076 
(epoch: 85, iters: 2208, time: 0.489, data: 0.001) G_GAN_ViT: 0.257 D_real_ViT: 0.163 D_fake_ViT: 0.279 global: 0.428 spatial: 0.081 
(epoch: 85, iters: 2308, time: 0.489, data: 0.001) G_GAN_ViT: 0.287 D_real_ViT: 0.167 D_fake_ViT: 0.245 global: 0.303 spatial: 0.079 
(epoch: 85, iters: 2408, time: 0.489, data: 0.001) G_GAN_ViT: 0.355 D_real_ViT: 0.163 D_fake_ViT: 0.195 global: 0.285 spatial: 0.076 
(epoch: 85, iters: 2508, time: 0.489, data: 0.001) G_GAN_ViT: 0.407 D_real_ViT: 0.098 D_fake_ViT: 0.161 global: 0.294 spatial: 0.085 
(epoch: 85, iters: 2608, time: 0.489, data: 0.001) G_GAN_ViT: 0.220 D_real_ViT: 0.116 D_fake_ViT: 0.320 global: 0.258 spatial: 0.054 
(epoch: 85, iters: 2708, time: 0.489, data: 0.001) G_GAN_ViT: 0.370 D_real_ViT: 0.242 D_fake_ViT: 0.188 global: 0.250 spatial: 0.081 
(epoch: 85, iters: 2808, time: 0.489, data: 0.001) G_GAN_ViT: 0.404 D_real_ViT: 0.308 D_fake_ViT: 0.159 global: 0.329 spatial: 0.084 
(epoch: 85, iters: 2908, time: 0.490, data: 0.001) G_GAN_ViT: 0.222 D_real_ViT: 0.245 D_fake_ViT: 0.306 global: 0.271 spatial: 0.058 
(epoch: 85, iters: 3008, time: 0.490, data: 0.001) G_GAN_ViT: 0.411 D_real_ViT: 0.268 D_fake_ViT: 0.156 global: 0.319 spatial: 0.091 
(epoch: 85, iters: 3108, time: 0.490, data: 0.001) G_GAN_ViT: 0.292 D_real_ViT: 0.293 D_fake_ViT: 0.244 global: 0.504 spatial: 0.106 
(epoch: 85, iters: 3208, time: 0.490, data: 0.001) G_GAN_ViT: 0.308 D_real_ViT: 0.244 D_fake_ViT: 0.232 global: 0.335 spatial: 0.071 
(epoch: 85, iters: 3308, time: 0.490, data: 0.001) G_GAN_ViT: 0.269 D_real_ViT: 0.233 D_fake_ViT: 0.266 global: 0.384 spatial: 0.078 
(epoch: 85, iters: 3408, time: 0.490, data: 0.001) G_GAN_ViT: 0.359 D_real_ViT: 0.231 D_fake_ViT: 0.189 global: 0.278 spatial: 0.077 
(epoch: 85, iters: 3508, time: 0.489, data: 0.001) G_GAN_ViT: 0.356 D_real_ViT: 0.181 D_fake_ViT: 0.197 global: 0.286 spatial: 0.076 
(epoch: 85, iters: 3608, time: 0.489, data: 0.001) G_GAN_ViT: 0.178 D_real_ViT: 0.291 D_fake_ViT: 0.369 global: 0.271 spatial: 0.064 
(epoch: 85, iters: 3708, time: 0.488, data: 0.001) G_GAN_ViT: 0.251 D_real_ViT: 0.260 D_fake_ViT: 0.285 global: 0.425 spatial: 0.079 
(epoch: 85, iters: 3808, time: 0.488, data: 0.002) G_GAN_ViT: 0.406 D_real_ViT: 0.306 D_fake_ViT: 0.156 global: 0.297 spatial: 0.073 
(epoch: 85, iters: 3908, time: 0.488, data: 0.001) G_GAN_ViT: 0.298 D_real_ViT: 0.387 D_fake_ViT: 0.240 global: 0.388 spatial: 0.073 
(epoch: 85, iters: 4008, time: 0.489, data: 0.001) G_GAN_ViT: 0.382 D_real_ViT: 0.321 D_fake_ViT: 0.175 global: 0.306 spatial: 0.068 
(epoch: 85, iters: 4108, time: 0.488, data: 0.002) G_GAN_ViT: 0.402 D_real_ViT: 0.228 D_fake_ViT: 0.163 global: 0.250 spatial: 0.064 
(epoch: 85, iters: 4208, time: 0.488, data: 0.001) G_GAN_ViT: 0.250 D_real_ViT: 0.220 D_fake_ViT: 0.291 global: 0.414 spatial: 0.072 
(epoch: 85, iters: 4308, time: 0.488, data: 0.001) G_GAN_ViT: 0.364 D_real_ViT: 0.134 D_fake_ViT: 0.194 global: 0.285 spatial: 0.071 
(epoch: 85, iters: 4408, time: 0.488, data: 0.002) G_GAN_ViT: 0.198 D_real_ViT: 0.268 D_fake_ViT: 0.338 global: 0.334 spatial: 0.067 
(epoch: 85, iters: 4508, time: 0.487, data: 0.002) G_GAN_ViT: 0.246 D_real_ViT: 0.357 D_fake_ViT: 0.297 global: 0.431 spatial: 0.077 
(epoch: 85, iters: 4608, time: 0.488, data: 0.001) G_GAN_ViT: 0.432 D_real_ViT: 0.235 D_fake_ViT: 0.141 global: 0.252 spatial: 0.069 
(epoch: 85, iters: 4708, time: 0.488, data: 0.001) G_GAN_ViT: 0.307 D_real_ViT: 0.189 D_fake_ViT: 0.232 global: 0.432 spatial: 0.083 
(epoch: 85, iters: 4808, time: 0.488, data: 0.001) G_GAN_ViT: 0.304 D_real_ViT: 0.287 D_fake_ViT: 0.246 global: 0.505 spatial: 0.109 
saving the latest model (epoch 85, total_iters 470000)
ICL_single_traffic_city
(epoch: 85, iters: 4908, time: 0.489, data: 0.001) G_GAN_ViT: 0.334 D_real_ViT: 0.223 D_fake_ViT: 0.211 global: 0.421 spatial: 0.066 
(epoch: 85, iters: 5008, time: 0.489, data: 0.001) G_GAN_ViT: 0.467 D_real_ViT: 0.255 D_fake_ViT: 0.126 global: 0.298 spatial: 0.083 
(epoch: 85, iters: 5108, time: 0.489, data: 0.001) G_GAN_ViT: 0.470 D_real_ViT: 0.183 D_fake_ViT: 0.122 global: 0.274 spatial: 0.071 
(epoch: 85, iters: 5208, time: 0.489, data: 0.002) G_GAN_ViT: 0.372 D_real_ViT: 0.279 D_fake_ViT: 0.186 global: 0.250 spatial: 0.078 
(epoch: 85, iters: 5308, time: 0.489, data: 0.001) G_GAN_ViT: 0.419 D_real_ViT: 0.303 D_fake_ViT: 0.160 global: 0.307 spatial: 0.081 
(epoch: 85, iters: 5408, time: 0.490, data: 0.001) G_GAN_ViT: 0.380 D_real_ViT: 0.275 D_fake_ViT: 0.186 global: 0.271 spatial: 0.082 
(epoch: 85, iters: 5508, time: 0.490, data: 0.001) G_GAN_ViT: 0.247 D_real_ViT: 0.268 D_fake_ViT: 0.284 global: 0.510 spatial: 0.084 
saving the model at the end of epoch 85, iters 470730
End of epoch 85 / 100 	 Time Taken: 2718 sec
learning rate = 0.0000029
(epoch: 86, iters: 70, time: 0.490, data: 0.001) G_GAN_ViT: 0.350 D_real_ViT: 0.173 D_fake_ViT: 0.197 global: 0.314 spatial: 0.065 
(epoch: 86, iters: 170, time: 0.491, data: 0.001) G_GAN_ViT: 0.302 D_real_ViT: 0.267 D_fake_ViT: 0.228 global: 0.434 spatial: 0.084 
(epoch: 86, iters: 270, time: 0.490, data: 0.001) G_GAN_ViT: 0.406 D_real_ViT: 0.312 D_fake_ViT: 0.182 global: 0.312 spatial: 0.076 
(epoch: 86, iters: 370, time: 0.490, data: 0.002) G_GAN_ViT: 0.354 D_real_ViT: 0.280 D_fake_ViT: 0.200 global: 0.307 spatial: 0.086 
(epoch: 86, iters: 470, time: 0.489, data: 0.001) G_GAN_ViT: 0.415 D_real_ViT: 0.238 D_fake_ViT: 0.149 global: 0.285 spatial: 0.074 
(epoch: 86, iters: 570, time: 0.489, data: 0.001) G_GAN_ViT: 0.446 D_real_ViT: 0.381 D_fake_ViT: 0.134 global: 0.311 spatial: 0.074 
(epoch: 86, iters: 670, time: 0.490, data: 0.001) G_GAN_ViT: 0.404 D_real_ViT: 0.031 D_fake_ViT: 0.182 global: 0.374 spatial: 0.082 
(epoch: 86, iters: 770, time: 0.490, data: 0.001) G_GAN_ViT: 0.356 D_real_ViT: 0.206 D_fake_ViT: 0.216 global: 0.306 spatial: 0.072 
(epoch: 86, iters: 870, time: 0.491, data: 0.001) G_GAN_ViT: 0.345 D_real_ViT: 0.172 D_fake_ViT: 0.200 global: 0.378 spatial: 0.081 
(epoch: 86, iters: 970, time: 0.490, data: 0.001) G_GAN_ViT: 0.430 D_real_ViT: 0.380 D_fake_ViT: 0.143 global: 0.300 spatial: 0.088 
(epoch: 86, iters: 1070, time: 0.490, data: 0.001) G_GAN_ViT: 0.318 D_real_ViT: 0.312 D_fake_ViT: 0.225 global: 0.394 spatial: 0.081 
(epoch: 86, iters: 1170, time: 0.490, data: 0.001) G_GAN_ViT: 0.417 D_real_ViT: 0.291 D_fake_ViT: 0.152 global: 0.259 spatial: 0.071 
(epoch: 86, iters: 1270, time: 0.489, data: 0.001) G_GAN_ViT: 0.369 D_real_ViT: 0.116 D_fake_ViT: 0.181 global: 0.246 spatial: 0.067 
(epoch: 86, iters: 1370, time: 0.490, data: 0.001) G_GAN_ViT: 0.326 D_real_ViT: 0.158 D_fake_ViT: 0.234 global: 0.349 spatial: 0.067 
(epoch: 86, iters: 1470, time: 0.490, data: 0.001) G_GAN_ViT: 0.361 D_real_ViT: 0.269 D_fake_ViT: 0.212 global: 0.322 spatial: 0.080 
(epoch: 86, iters: 1570, time: 0.490, data: 0.001) G_GAN_ViT: 0.272 D_real_ViT: 0.300 D_fake_ViT: 0.263 global: 0.465 spatial: 0.088 
(epoch: 86, iters: 1670, time: 0.490, data: 0.001) G_GAN_ViT: 0.349 D_real_ViT: 0.176 D_fake_ViT: 0.205 global: 0.322 spatial: 0.092 
(epoch: 86, iters: 1770, time: 0.489, data: 0.002) G_GAN_ViT: 0.394 D_real_ViT: 0.275 D_fake_ViT: 0.173 global: 0.320 spatial: 0.095 
(epoch: 86, iters: 1870, time: 0.489, data: 0.001) G_GAN_ViT: 0.302 D_real_ViT: 0.037 D_fake_ViT: 0.243 global: 0.354 spatial: 0.084 
(epoch: 86, iters: 1970, time: 0.489, data: 0.002) G_GAN_ViT: 0.325 D_real_ViT: 0.282 D_fake_ViT: 0.221 global: 0.341 spatial: 0.088 
(epoch: 86, iters: 2070, time: 0.489, data: 0.001) G_GAN_ViT: 0.347 D_real_ViT: 0.300 D_fake_ViT: 0.192 global: 0.377 spatial: 0.081 
(epoch: 86, iters: 2170, time: 0.488, data: 0.001) G_GAN_ViT: 0.463 D_real_ViT: 0.279 D_fake_ViT: 0.128 global: 0.289 spatial: 0.068 
(epoch: 86, iters: 2270, time: 0.488, data: 0.002) G_GAN_ViT: 0.230 D_real_ViT: 0.171 D_fake_ViT: 0.305 global: 0.527 spatial: 0.096 
(epoch: 86, iters: 2370, time: 0.488, data: 0.001) G_GAN_ViT: 0.376 D_real_ViT: 0.251 D_fake_ViT: 0.174 global: 0.222 spatial: 0.065 
(epoch: 86, iters: 2470, time: 0.488, data: 0.002) G_GAN_ViT: 0.354 D_real_ViT: 0.350 D_fake_ViT: 0.197 global: 0.367 spatial: 0.076 
(epoch: 86, iters: 2570, time: 0.488, data: 0.001) G_GAN_ViT: 0.327 D_real_ViT: 0.197 D_fake_ViT: 0.234 global: 0.329 spatial: 0.061 
(epoch: 86, iters: 2670, time: 0.488, data: 0.001) G_GAN_ViT: 0.257 D_real_ViT: 0.207 D_fake_ViT: 0.279 global: 0.437 spatial: 0.079 
(epoch: 86, iters: 2770, time: 0.489, data: 0.001) G_GAN_ViT: 0.246 D_real_ViT: 0.223 D_fake_ViT: 0.286 global: 0.278 spatial: 0.075 
(epoch: 86, iters: 2870, time: 0.489, data: 0.001) G_GAN_ViT: 0.219 D_real_ViT: 0.138 D_fake_ViT: 0.320 global: 0.345 spatial: 0.074 
(epoch: 86, iters: 2970, time: 0.487, data: 0.001) G_GAN_ViT: 0.416 D_real_ViT: 0.140 D_fake_ViT: 0.151 global: 0.267 spatial: 0.070 
(epoch: 86, iters: 3070, time: 0.488, data: 0.002) G_GAN_ViT: 0.171 D_real_ViT: 0.158 D_fake_ViT: 0.403 global: 0.277 spatial: 0.079 
(epoch: 86, iters: 3170, time: 0.488, data: 0.002) G_GAN_ViT: 0.422 D_real_ViT: 0.327 D_fake_ViT: 0.151 global: 0.376 spatial: 0.080 
(epoch: 86, iters: 3270, time: 0.488, data: 0.001) G_GAN_ViT: 0.391 D_real_ViT: 0.295 D_fake_ViT: 0.168 global: 0.415 spatial: 0.079 
(epoch: 86, iters: 3370, time: 0.489, data: 0.002) G_GAN_ViT: 0.258 D_real_ViT: 0.409 D_fake_ViT: 0.301 global: 0.300 spatial: 0.084 
(epoch: 86, iters: 3470, time: 0.489, data: 0.001) G_GAN_ViT: 0.417 D_real_ViT: 0.140 D_fake_ViT: 0.168 global: 0.389 spatial: 0.096 
(epoch: 86, iters: 3570, time: 0.489, data: 0.001) G_GAN_ViT: 0.383 D_real_ViT: 0.150 D_fake_ViT: 0.186 global: 0.367 spatial: 0.097 
(epoch: 86, iters: 3670, time: 0.489, data: 0.001) G_GAN_ViT: 0.472 D_real_ViT: 0.286 D_fake_ViT: 0.146 global: 0.296 spatial: 0.079 
(epoch: 86, iters: 3770, time: 0.489, data: 0.001) G_GAN_ViT: 0.312 D_real_ViT: 0.188 D_fake_ViT: 0.265 global: 0.317 spatial: 0.094 
(epoch: 86, iters: 3870, time: 0.490, data: 0.001) G_GAN_ViT: 0.430 D_real_ViT: 0.115 D_fake_ViT: 0.160 global: 0.358 spatial: 0.100 
(epoch: 86, iters: 3970, time: 0.489, data: 0.001) G_GAN_ViT: 0.473 D_real_ViT: 0.380 D_fake_ViT: 0.122 global: 0.275 spatial: 0.076 
(epoch: 86, iters: 4070, time: 0.489, data: 0.001) G_GAN_ViT: 0.305 D_real_ViT: 0.123 D_fake_ViT: 0.232 global: 0.313 spatial: 0.077 
(epoch: 86, iters: 4170, time: 0.489, data: 0.001) G_GAN_ViT: 0.322 D_real_ViT: 0.320 D_fake_ViT: 0.227 global: 0.268 spatial: 0.065 
(epoch: 86, iters: 4270, time: 0.489, data: 0.001) G_GAN_ViT: 0.363 D_real_ViT: 0.321 D_fake_ViT: 0.192 global: 0.304 spatial: 0.072 
saving the latest model (epoch 86, total_iters 475000)
ICL_single_traffic_city
(epoch: 86, iters: 4370, time: 0.489, data: 0.001) G_GAN_ViT: 0.311 D_real_ViT: 0.286 D_fake_ViT: 0.227 global: 0.452 spatial: 0.086 
(epoch: 86, iters: 4470, time: 0.489, data: 0.001) G_GAN_ViT: 0.387 D_real_ViT: 0.359 D_fake_ViT: 0.180 global: 0.335 spatial: 0.090 
(epoch: 86, iters: 4570, time: 0.488, data: 0.001) G_GAN_ViT: 0.348 D_real_ViT: 0.147 D_fake_ViT: 0.223 global: 0.492 spatial: 0.108 
(epoch: 86, iters: 4670, time: 0.489, data: 0.001) G_GAN_ViT: 0.466 D_real_ViT: 0.135 D_fake_ViT: 0.130 global: 0.275 spatial: 0.076 
(epoch: 86, iters: 4770, time: 0.489, data: 0.001) G_GAN_ViT: 0.296 D_real_ViT: 0.258 D_fake_ViT: 0.243 global: 0.465 spatial: 0.081 
(epoch: 86, iters: 4870, time: 0.489, data: 0.001) G_GAN_ViT: 0.398 D_real_ViT: 0.135 D_fake_ViT: 0.184 global: 0.379 spatial: 0.084 
(epoch: 86, iters: 4970, time: 0.487, data: 0.001) G_GAN_ViT: 0.408 D_real_ViT: 0.272 D_fake_ViT: 0.165 global: 0.366 spatial: 0.072 
(epoch: 86, iters: 5070, time: 0.488, data: 0.001) G_GAN_ViT: 0.406 D_real_ViT: 0.365 D_fake_ViT: 0.178 global: 0.349 spatial: 0.075 
(epoch: 86, iters: 5170, time: 0.488, data: 0.001) G_GAN_ViT: 0.369 D_real_ViT: 0.286 D_fake_ViT: 0.193 global: 0.440 spatial: 0.081 
(epoch: 86, iters: 5270, time: 0.489, data: 0.001) G_GAN_ViT: 0.311 D_real_ViT: 0.346 D_fake_ViT: 0.240 global: 0.277 spatial: 0.065 
(epoch: 86, iters: 5370, time: 0.489, data: 0.001) G_GAN_ViT: 0.297 D_real_ViT: 0.164 D_fake_ViT: 0.244 global: 0.449 spatial: 0.085 
(epoch: 86, iters: 5470, time: 0.490, data: 0.001) G_GAN_ViT: 0.340 D_real_ViT: 0.121 D_fake_ViT: 0.218 global: 0.285 spatial: 0.071 
End of epoch 86 / 100 	 Time Taken: 2717 sec
learning rate = 0.0000027
(epoch: 87, iters: 32, time: 0.489, data: 0.001) G_GAN_ViT: 0.347 D_real_ViT: 0.336 D_fake_ViT: 0.209 global: 0.387 spatial: 0.076 
(epoch: 87, iters: 132, time: 0.490, data: 0.001) G_GAN_ViT: 0.417 D_real_ViT: 0.170 D_fake_ViT: 0.154 global: 0.294 spatial: 0.082 
(epoch: 87, iters: 232, time: 0.490, data: 0.001) G_GAN_ViT: 0.286 D_real_ViT: 0.216 D_fake_ViT: 0.244 global: 0.488 spatial: 0.095 
(epoch: 87, iters: 332, time: 0.490, data: 0.001) G_GAN_ViT: 0.277 D_real_ViT: 0.145 D_fake_ViT: 0.260 global: 0.377 spatial: 0.084 
(epoch: 87, iters: 432, time: 0.489, data: 0.001) G_GAN_ViT: 0.322 D_real_ViT: 0.277 D_fake_ViT: 0.219 global: 0.469 spatial: 0.078 
(epoch: 87, iters: 532, time: 0.489, data: 0.001) G_GAN_ViT: 0.323 D_real_ViT: 0.221 D_fake_ViT: 0.219 global: 0.400 spatial: 0.081 
(epoch: 87, iters: 632, time: 0.490, data: 0.001) G_GAN_ViT: 0.322 D_real_ViT: 0.262 D_fake_ViT: 0.215 global: 0.348 spatial: 0.090 
(epoch: 87, iters: 732, time: 0.489, data: 0.001) G_GAN_ViT: 0.259 D_real_ViT: 0.229 D_fake_ViT: 0.271 global: 0.302 spatial: 0.077 
(epoch: 87, iters: 832, time: 0.490, data: 0.001) G_GAN_ViT: 0.221 D_real_ViT: 0.179 D_fake_ViT: 0.307 global: 0.272 spatial: 0.054 
(epoch: 87, iters: 932, time: 0.489, data: 0.001) G_GAN_ViT: 0.378 D_real_ViT: 0.340 D_fake_ViT: 0.174 global: 0.223 spatial: 0.059 
(epoch: 87, iters: 1032, time: 0.489, data: 0.001) G_GAN_ViT: 0.436 D_real_ViT: 0.199 D_fake_ViT: 0.145 global: 0.283 spatial: 0.087 
(epoch: 87, iters: 1132, time: 0.489, data: 0.001) G_GAN_ViT: 0.440 D_real_ViT: 0.139 D_fake_ViT: 0.144 global: 0.379 spatial: 0.080 
(epoch: 87, iters: 1232, time: 0.489, data: 0.001) G_GAN_ViT: 0.432 D_real_ViT: 0.135 D_fake_ViT: 0.142 global: 0.282 spatial: 0.075 
(epoch: 87, iters: 1332, time: 0.489, data: 0.001) G_GAN_ViT: 0.299 D_real_ViT: 0.274 D_fake_ViT: 0.240 global: 0.506 spatial: 0.091 
(epoch: 87, iters: 1432, time: 0.489, data: 0.002) G_GAN_ViT: 0.332 D_real_ViT: 0.224 D_fake_ViT: 0.208 global: 0.402 spatial: 0.072 
(epoch: 87, iters: 1532, time: 0.489, data: 0.001) G_GAN_ViT: 0.200 D_real_ViT: 0.115 D_fake_ViT: 0.339 global: 0.249 spatial: 0.056 
(epoch: 87, iters: 1632, time: 0.489, data: 0.001) G_GAN_ViT: 0.274 D_real_ViT: 0.212 D_fake_ViT: 0.257 global: 0.365 spatial: 0.080 
(epoch: 87, iters: 1732, time: 0.489, data: 0.001) G_GAN_ViT: 0.491 D_real_ViT: 0.223 D_fake_ViT: 0.112 global: 0.239 spatial: 0.056 
(epoch: 87, iters: 1832, time: 0.489, data: 0.001) G_GAN_ViT: 0.351 D_real_ViT: 0.179 D_fake_ViT: 0.195 global: 0.274 spatial: 0.076 
(epoch: 87, iters: 1932, time: 0.489, data: 0.001) G_GAN_ViT: 0.377 D_real_ViT: 0.099 D_fake_ViT: 0.180 global: 0.318 spatial: 0.076 
(epoch: 87, iters: 2032, time: 0.489, data: 0.001) G_GAN_ViT: 0.154 D_real_ViT: 0.291 D_fake_ViT: 0.411 global: 0.328 spatial: 0.077 
(epoch: 87, iters: 2132, time: 0.489, data: 0.001) G_GAN_ViT: 0.380 D_real_ViT: 0.157 D_fake_ViT: 0.173 global: 0.264 spatial: 0.062 
(epoch: 87, iters: 2232, time: 0.488, data: 0.001) G_GAN_ViT: 0.342 D_real_ViT: 0.118 D_fake_ViT: 0.211 global: 0.268 spatial: 0.073 
(epoch: 87, iters: 2332, time: 0.489, data: 0.001) G_GAN_ViT: 0.431 D_real_ViT: 0.261 D_fake_ViT: 0.151 global: 0.284 spatial: 0.065 
(epoch: 87, iters: 2432, time: 0.488, data: 0.001) G_GAN_ViT: 0.395 D_real_ViT: 0.406 D_fake_ViT: 0.175 global: 0.354 spatial: 0.086 
(epoch: 87, iters: 2532, time: 0.488, data: 0.001) G_GAN_ViT: 0.372 D_real_ViT: 0.293 D_fake_ViT: 0.178 global: 0.380 spatial: 0.075 
(epoch: 87, iters: 2632, time: 0.488, data: 0.001) G_GAN_ViT: 0.250 D_real_ViT: 0.317 D_fake_ViT: 0.283 global: 0.448 spatial: 0.084 
(epoch: 87, iters: 2732, time: 0.489, data: 0.001) G_GAN_ViT: 0.398 D_real_ViT: 0.384 D_fake_ViT: 0.162 global: 0.386 spatial: 0.078 
(epoch: 87, iters: 2832, time: 0.489, data: 0.001) G_GAN_ViT: 0.354 D_real_ViT: 0.302 D_fake_ViT: 0.200 global: 0.460 spatial: 0.086 
(epoch: 87, iters: 2932, time: 0.489, data: 0.002) G_GAN_ViT: 0.303 D_real_ViT: 0.072 D_fake_ViT: 0.233 global: 0.447 spatial: 0.085 
(epoch: 87, iters: 3032, time: 0.489, data: 0.001) G_GAN_ViT: 0.335 D_real_ViT: 0.311 D_fake_ViT: 0.214 global: 0.350 spatial: 0.077 
(epoch: 87, iters: 3132, time: 0.489, data: 0.001) G_GAN_ViT: 0.393 D_real_ViT: 0.144 D_fake_ViT: 0.221 global: 0.398 spatial: 0.102 
(epoch: 87, iters: 3232, time: 0.489, data: 0.001) G_GAN_ViT: 0.344 D_real_ViT: 0.191 D_fake_ViT: 0.199 global: 0.385 spatial: 0.076 
(epoch: 87, iters: 3332, time: 0.490, data: 0.001) G_GAN_ViT: 0.315 D_real_ViT: 0.176 D_fake_ViT: 0.232 global: 0.392 spatial: 0.079 
(epoch: 87, iters: 3432, time: 0.489, data: 0.001) G_GAN_ViT: 0.452 D_real_ViT: 0.045 D_fake_ViT: 0.131 global: 0.278 spatial: 0.071 
(epoch: 87, iters: 3532, time: 0.489, data: 0.001) G_GAN_ViT: 0.449 D_real_ViT: 0.046 D_fake_ViT: 0.130 global: 0.264 spatial: 0.073 
(epoch: 87, iters: 3632, time: 0.489, data: 0.001) G_GAN_ViT: 0.349 D_real_ViT: 0.230 D_fake_ViT: 0.198 global: 0.312 spatial: 0.078 
(epoch: 87, iters: 3732, time: 0.489, data: 0.001) G_GAN_ViT: 0.397 D_real_ViT: 0.282 D_fake_ViT: 0.164 global: 0.334 spatial: 0.070 
saving the latest model (epoch 87, total_iters 480000)
ICL_single_traffic_city
(epoch: 87, iters: 3832, time: 0.490, data: 0.002) G_GAN_ViT: 0.364 D_real_ViT: 0.189 D_fake_ViT: 0.204 global: 0.312 spatial: 0.067 
(epoch: 87, iters: 3932, time: 0.489, data: 0.001) G_GAN_ViT: 0.258 D_real_ViT: 0.361 D_fake_ViT: 0.283 global: 0.335 spatial: 0.093 
(epoch: 87, iters: 4032, time: 0.489, data: 0.001) G_GAN_ViT: 0.422 D_real_ViT: 0.343 D_fake_ViT: 0.171 global: 0.283 spatial: 0.085 
(epoch: 87, iters: 4132, time: 0.489, data: 0.001) G_GAN_ViT: 0.271 D_real_ViT: 0.124 D_fake_ViT: 0.266 global: 0.506 spatial: 0.083 
(epoch: 87, iters: 4232, time: 0.489, data: 0.001) G_GAN_ViT: 0.285 D_real_ViT: 0.205 D_fake_ViT: 0.261 global: 0.338 spatial: 0.095 
(epoch: 87, iters: 4332, time: 0.489, data: 0.001) G_GAN_ViT: 0.204 D_real_ViT: 0.315 D_fake_ViT: 0.339 global: 0.249 spatial: 0.062 
(epoch: 87, iters: 4432, time: 0.489, data: 0.001) G_GAN_ViT: 0.349 D_real_ViT: 0.123 D_fake_ViT: 0.198 global: 0.393 spatial: 0.075 
(epoch: 87, iters: 4532, time: 0.490, data: 0.001) G_GAN_ViT: 0.375 D_real_ViT: 0.178 D_fake_ViT: 0.181 global: 0.313 spatial: 0.071 
(epoch: 87, iters: 4632, time: 0.490, data: 0.001) G_GAN_ViT: 0.350 D_real_ViT: 0.236 D_fake_ViT: 0.211 global: 0.434 spatial: 0.093 
(epoch: 87, iters: 4732, time: 0.490, data: 0.001) G_GAN_ViT: 0.311 D_real_ViT: 0.399 D_fake_ViT: 0.225 global: 0.440 spatial: 0.082 
(epoch: 87, iters: 4832, time: 0.491, data: 0.001) G_GAN_ViT: 0.253 D_real_ViT: 0.283 D_fake_ViT: 0.285 global: 0.393 spatial: 0.087 
(epoch: 87, iters: 4932, time: 0.491, data: 0.001) G_GAN_ViT: 0.360 D_real_ViT: 0.424 D_fake_ViT: 0.208 global: 0.297 spatial: 0.080 
(epoch: 87, iters: 5032, time: 0.490, data: 0.001) G_GAN_ViT: 0.423 D_real_ViT: 0.306 D_fake_ViT: 0.147 global: 0.289 spatial: 0.086 
(epoch: 87, iters: 5132, time: 0.490, data: 0.001) G_GAN_ViT: 0.256 D_real_ViT: 0.199 D_fake_ViT: 0.276 global: 0.293 spatial: 0.068 
(epoch: 87, iters: 5232, time: 0.491, data: 0.001) G_GAN_ViT: 0.248 D_real_ViT: 0.132 D_fake_ViT: 0.287 global: 0.524 spatial: 0.104 
(epoch: 87, iters: 5332, time: 0.491, data: 0.001) G_GAN_ViT: 0.167 D_real_ViT: 0.195 D_fake_ViT: 0.435 global: 0.302 spatial: 0.091 
(epoch: 87, iters: 5432, time: 0.491, data: 0.001) G_GAN_ViT: 0.442 D_real_ViT: 0.245 D_fake_ViT: 0.130 global: 0.289 spatial: 0.074 
(epoch: 87, iters: 5532, time: 0.490, data: 0.001) G_GAN_ViT: 0.417 D_real_ViT: 0.328 D_fake_ViT: 0.150 global: 0.294 spatial: 0.088 
End of epoch 87 / 100 	 Time Taken: 2719 sec
learning rate = 0.0000025
(epoch: 88, iters: 94, time: 0.490, data: 0.001) G_GAN_ViT: 0.368 D_real_ViT: 0.270 D_fake_ViT: 0.177 global: 0.247 spatial: 0.078 
(epoch: 88, iters: 194, time: 0.490, data: 0.001) G_GAN_ViT: 0.349 D_real_ViT: 0.179 D_fake_ViT: 0.195 global: 0.298 spatial: 0.073 
(epoch: 88, iters: 294, time: 0.490, data: 0.001) G_GAN_ViT: 0.402 D_real_ViT: 0.096 D_fake_ViT: 0.165 global: 0.296 spatial: 0.070 
(epoch: 88, iters: 394, time: 0.490, data: 0.001) G_GAN_ViT: 0.282 D_real_ViT: 0.251 D_fake_ViT: 0.256 global: 0.518 spatial: 0.091 
(epoch: 88, iters: 494, time: 0.488, data: 0.001) G_GAN_ViT: 0.358 D_real_ViT: 0.339 D_fake_ViT: 0.188 global: 0.375 spatial: 0.079 
(epoch: 88, iters: 594, time: 0.489, data: 0.001) G_GAN_ViT: 0.454 D_real_ViT: 0.345 D_fake_ViT: 0.135 global: 0.268 spatial: 0.068 
(epoch: 88, iters: 694, time: 0.489, data: 0.001) G_GAN_ViT: 0.343 D_real_ViT: 0.193 D_fake_ViT: 0.211 global: 0.285 spatial: 0.086 
(epoch: 88, iters: 794, time: 0.489, data: 0.001) G_GAN_ViT: 0.298 D_real_ViT: 0.179 D_fake_ViT: 0.241 global: 0.372 spatial: 0.083 
(epoch: 88, iters: 894, time: 0.490, data: 0.001) G_GAN_ViT: 0.386 D_real_ViT: 0.338 D_fake_ViT: 0.174 global: 0.333 spatial: 0.073 
(epoch: 88, iters: 994, time: 0.489, data: 0.001) G_GAN_ViT: 0.284 D_real_ViT: 0.325 D_fake_ViT: 0.258 global: 0.302 spatial: 0.078 
(epoch: 88, iters: 1094, time: 0.488, data: 0.001) G_GAN_ViT: 0.443 D_real_ViT: 0.282 D_fake_ViT: 0.147 global: 0.299 spatial: 0.073 
(epoch: 88, iters: 1194, time: 0.489, data: 0.001) G_GAN_ViT: 0.405 D_real_ViT: 0.301 D_fake_ViT: 0.157 global: 0.292 spatial: 0.080 
(epoch: 88, iters: 1294, time: 0.490, data: 0.001) G_GAN_ViT: 0.216 D_real_ViT: 0.117 D_fake_ViT: 0.328 global: 0.435 spatial: 0.099 
(epoch: 88, iters: 1394, time: 0.489, data: 0.001) G_GAN_ViT: 0.379 D_real_ViT: 0.183 D_fake_ViT: 0.177 global: 0.350 spatial: 0.082 
(epoch: 88, iters: 1494, time: 0.489, data: 0.001) G_GAN_ViT: 0.304 D_real_ViT: 0.109 D_fake_ViT: 0.236 global: 0.471 spatial: 0.077 
(epoch: 88, iters: 1594, time: 0.487, data: 0.001) G_GAN_ViT: 0.403 D_real_ViT: 0.115 D_fake_ViT: 0.179 global: 0.284 spatial: 0.072 
(epoch: 88, iters: 1694, time: 0.489, data: 0.001) G_GAN_ViT: 0.440 D_real_ViT: 0.283 D_fake_ViT: 0.142 global: 0.286 spatial: 0.084 
(epoch: 88, iters: 1794, time: 0.488, data: 0.001) G_GAN_ViT: 0.255 D_real_ViT: 0.110 D_fake_ViT: 0.285 global: 0.389 spatial: 0.082 
(epoch: 88, iters: 1894, time: 0.488, data: 0.001) G_GAN_ViT: 0.390 D_real_ViT: 0.326 D_fake_ViT: 0.166 global: 0.278 spatial: 0.071 
(epoch: 88, iters: 1994, time: 0.488, data: 0.001) G_GAN_ViT: 0.423 D_real_ViT: 0.394 D_fake_ViT: 0.155 global: 0.428 spatial: 0.078 
(epoch: 88, iters: 2094, time: 0.489, data: 0.001) G_GAN_ViT: 0.296 D_real_ViT: 0.172 D_fake_ViT: 0.254 global: 0.369 spatial: 0.090 
(epoch: 88, iters: 2194, time: 0.490, data: 0.001) G_GAN_ViT: 0.341 D_real_ViT: 0.160 D_fake_ViT: 0.215 global: 0.393 spatial: 0.087 
(epoch: 88, iters: 2294, time: 0.490, data: 0.001) G_GAN_ViT: 0.362 D_real_ViT: 0.295 D_fake_ViT: 0.200 global: 0.411 spatial: 0.081 
(epoch: 88, iters: 2394, time: 0.490, data: 0.001) G_GAN_ViT: 0.393 D_real_ViT: 0.183 D_fake_ViT: 0.173 global: 0.355 spatial: 0.081 
(epoch: 88, iters: 2494, time: 0.490, data: 0.001) G_GAN_ViT: 0.356 D_real_ViT: 0.041 D_fake_ViT: 0.193 global: 0.282 spatial: 0.073 
(epoch: 88, iters: 2594, time: 0.490, data: 0.001) G_GAN_ViT: 0.413 D_real_ViT: 0.161 D_fake_ViT: 0.189 global: 0.409 spatial: 0.103 
(epoch: 88, iters: 2694, time: 0.490, data: 0.001) G_GAN_ViT: 0.282 D_real_ViT: 0.274 D_fake_ViT: 0.260 global: 0.335 spatial: 0.091 
(epoch: 88, iters: 2794, time: 0.490, data: 0.001) G_GAN_ViT: 0.356 D_real_ViT: 0.371 D_fake_ViT: 0.198 global: 0.300 spatial: 0.084 
(epoch: 88, iters: 2894, time: 0.489, data: 0.003) G_GAN_ViT: 0.373 D_real_ViT: 0.256 D_fake_ViT: 0.184 global: 0.247 spatial: 0.076 
(epoch: 88, iters: 2994, time: 0.489, data: 0.002) G_GAN_ViT: 0.384 D_real_ViT: 0.202 D_fake_ViT: 0.176 global: 0.445 spatial: 0.093 
(epoch: 88, iters: 3094, time: 0.489, data: 0.002) G_GAN_ViT: 0.359 D_real_ViT: 0.319 D_fake_ViT: 0.185 global: 0.229 spatial: 0.069 
(epoch: 88, iters: 3194, time: 0.490, data: 0.001) G_GAN_ViT: 0.365 D_real_ViT: 0.326 D_fake_ViT: 0.188 global: 0.365 spatial: 0.081 
saving the latest model (epoch 88, total_iters 485000)
ICL_single_traffic_city
(epoch: 88, iters: 3294, time: 0.490, data: 0.002) G_GAN_ViT: 0.281 D_real_ViT: 0.286 D_fake_ViT: 0.258 global: 0.516 spatial: 0.100 
(epoch: 88, iters: 3394, time: 0.489, data: 0.001) G_GAN_ViT: 0.320 D_real_ViT: 0.193 D_fake_ViT: 0.217 global: 0.385 spatial: 0.076 
(epoch: 88, iters: 3494, time: 0.489, data: 0.001) G_GAN_ViT: 0.340 D_real_ViT: 0.280 D_fake_ViT: 0.201 global: 0.426 spatial: 0.082 
(epoch: 88, iters: 3594, time: 0.489, data: 0.001) G_GAN_ViT: 0.179 D_real_ViT: 0.174 D_fake_ViT: 0.367 global: 0.244 spatial: 0.059 
(epoch: 88, iters: 3694, time: 0.489, data: 0.001) G_GAN_ViT: 0.337 D_real_ViT: 0.263 D_fake_ViT: 0.212 global: 0.456 spatial: 0.073 
(epoch: 88, iters: 3794, time: 0.489, data: 0.001) G_GAN_ViT: 0.350 D_real_ViT: 0.338 D_fake_ViT: 0.211 global: 0.395 spatial: 0.084 
(epoch: 88, iters: 3894, time: 0.489, data: 0.001) G_GAN_ViT: 0.482 D_real_ViT: 0.163 D_fake_ViT: 0.124 global: 0.292 spatial: 0.073 
(epoch: 88, iters: 3994, time: 0.488, data: 0.001) G_GAN_ViT: 0.436 D_real_ViT: 0.084 D_fake_ViT: 0.142 global: 0.304 spatial: 0.075 
(epoch: 88, iters: 4094, time: 0.489, data: 0.001) G_GAN_ViT: 0.410 D_real_ViT: 0.305 D_fake_ViT: 0.159 global: 0.313 spatial: 0.086 
(epoch: 88, iters: 4194, time: 0.489, data: 0.002) G_GAN_ViT: 0.379 D_real_ViT: 0.035 D_fake_ViT: 0.183 global: 0.450 spatial: 0.085 
(epoch: 88, iters: 4294, time: 0.489, data: 0.001) G_GAN_ViT: 0.366 D_real_ViT: 0.135 D_fake_ViT: 0.189 global: 0.339 spatial: 0.081 
(epoch: 88, iters: 4394, time: 0.489, data: 0.001) G_GAN_ViT: 0.338 D_real_ViT: 0.174 D_fake_ViT: 0.206 global: 0.251 spatial: 0.074 
(epoch: 88, iters: 4494, time: 0.489, data: 0.001) G_GAN_ViT: 0.428 D_real_ViT: 0.172 D_fake_ViT: 0.161 global: 0.324 spatial: 0.091 
(epoch: 88, iters: 4594, time: 0.489, data: 0.001) G_GAN_ViT: 0.401 D_real_ViT: 0.200 D_fake_ViT: 0.162 global: 0.276 spatial: 0.064 
(epoch: 88, iters: 4694, time: 0.489, data: 0.001) G_GAN_ViT: 0.365 D_real_ViT: 0.146 D_fake_ViT: 0.184 global: 0.239 spatial: 0.065 
(epoch: 88, iters: 4794, time: 0.489, data: 0.001) G_GAN_ViT: 0.259 D_real_ViT: 0.024 D_fake_ViT: 0.275 global: 0.490 spatial: 0.093 
(epoch: 88, iters: 4894, time: 0.489, data: 0.001) G_GAN_ViT: 0.259 D_real_ViT: 0.350 D_fake_ViT: 0.280 global: 0.533 spatial: 0.089 
(epoch: 88, iters: 4994, time: 0.489, data: 0.001) G_GAN_ViT: 0.418 D_real_ViT: 0.213 D_fake_ViT: 0.158 global: 0.357 spatial: 0.065 
(epoch: 88, iters: 5094, time: 0.489, data: 0.001) G_GAN_ViT: 0.299 D_real_ViT: 0.161 D_fake_ViT: 0.249 global: 0.374 spatial: 0.087 
(epoch: 88, iters: 5194, time: 0.489, data: 0.001) G_GAN_ViT: 0.159 D_real_ViT: 0.162 D_fake_ViT: 0.395 global: 0.286 spatial: 0.067 
(epoch: 88, iters: 5294, time: 0.490, data: 0.001) G_GAN_ViT: 0.342 D_real_ViT: 0.299 D_fake_ViT: 0.202 global: 0.314 spatial: 0.078 
(epoch: 88, iters: 5394, time: 0.490, data: 0.001) G_GAN_ViT: 0.212 D_real_ViT: 0.157 D_fake_ViT: 0.325 global: 0.233 spatial: 0.065 
(epoch: 88, iters: 5494, time: 0.490, data: 0.002) G_GAN_ViT: 0.397 D_real_ViT: 0.179 D_fake_ViT: 0.166 global: 0.319 spatial: 0.079 
End of epoch 88 / 100 	 Time Taken: 2718 sec
learning rate = 0.0000024
(epoch: 89, iters: 56, time: 0.490, data: 0.001) G_GAN_ViT: 0.295 D_real_ViT: 0.311 D_fake_ViT: 0.246 global: 0.305 spatial: 0.062 
(epoch: 89, iters: 156, time: 0.489, data: 0.001) G_GAN_ViT: 0.337 D_real_ViT: 0.166 D_fake_ViT: 0.231 global: 0.315 spatial: 0.090 
(epoch: 89, iters: 256, time: 0.490, data: 0.001) G_GAN_ViT: 0.426 D_real_ViT: 0.097 D_fake_ViT: 0.155 global: 0.298 spatial: 0.077 
(epoch: 89, iters: 356, time: 0.490, data: 0.001) G_GAN_ViT: 0.352 D_real_ViT: 0.249 D_fake_ViT: 0.205 global: 0.482 spatial: 0.082 
(epoch: 89, iters: 456, time: 0.491, data: 0.001) G_GAN_ViT: 0.376 D_real_ViT: 0.319 D_fake_ViT: 0.176 global: 0.286 spatial: 0.080 
(epoch: 89, iters: 556, time: 0.490, data: 0.001) G_GAN_ViT: 0.410 D_real_ViT: 0.237 D_fake_ViT: 0.161 global: 0.288 spatial: 0.083 
(epoch: 89, iters: 656, time: 0.490, data: 0.001) G_GAN_ViT: 0.414 D_real_ViT: 0.374 D_fake_ViT: 0.171 global: 0.277 spatial: 0.073 
(epoch: 89, iters: 756, time: 0.489, data: 0.001) G_GAN_ViT: 0.259 D_real_ViT: 0.283 D_fake_ViT: 0.272 global: 0.461 spatial: 0.080 
(epoch: 89, iters: 856, time: 0.489, data: 0.001) G_GAN_ViT: 0.254 D_real_ViT: 0.269 D_fake_ViT: 0.285 global: 0.490 spatial: 0.086 
(epoch: 89, iters: 956, time: 0.489, data: 0.001) G_GAN_ViT: 0.338 D_real_ViT: 0.210 D_fake_ViT: 0.206 global: 0.390 spatial: 0.093 
(epoch: 89, iters: 1056, time: 0.489, data: 0.001) G_GAN_ViT: 0.404 D_real_ViT: 0.275 D_fake_ViT: 0.156 global: 0.280 spatial: 0.069 
(epoch: 89, iters: 1156, time: 0.489, data: 0.002) G_GAN_ViT: 0.179 D_real_ViT: 0.273 D_fake_ViT: 0.370 global: 0.275 spatial: 0.063 
(epoch: 89, iters: 1256, time: 0.488, data: 0.001) G_GAN_ViT: 0.320 D_real_ViT: 0.283 D_fake_ViT: 0.217 global: 0.499 spatial: 0.082 
(epoch: 89, iters: 1356, time: 0.488, data: 0.001) G_GAN_ViT: 0.294 D_real_ViT: 0.178 D_fake_ViT: 0.249 global: 0.289 spatial: 0.080 
(epoch: 89, iters: 1456, time: 0.488, data: 0.001) G_GAN_ViT: 0.326 D_real_ViT: 0.213 D_fake_ViT: 0.211 global: 0.366 spatial: 0.080 
(epoch: 89, iters: 1556, time: 0.489, data: 0.001) G_GAN_ViT: 0.308 D_real_ViT: 0.293 D_fake_ViT: 0.236 global: 0.461 spatial: 0.091 
(epoch: 89, iters: 1656, time: 0.489, data: 0.001) G_GAN_ViT: 0.292 D_real_ViT: 0.214 D_fake_ViT: 0.276 global: 0.345 spatial: 0.073 
(epoch: 89, iters: 1756, time: 0.489, data: 0.001) G_GAN_ViT: 0.406 D_real_ViT: 0.189 D_fake_ViT: 0.153 global: 0.279 spatial: 0.061 
(epoch: 89, iters: 1856, time: 0.489, data: 0.001) G_GAN_ViT: 0.316 D_real_ViT: 0.356 D_fake_ViT: 0.218 global: 0.282 spatial: 0.076 
(epoch: 89, iters: 1956, time: 0.489, data: 0.001) G_GAN_ViT: 0.373 D_real_ViT: 0.140 D_fake_ViT: 0.187 global: 0.315 spatial: 0.083 
(epoch: 89, iters: 2056, time: 0.490, data: 0.001) G_GAN_ViT: 0.299 D_real_ViT: 0.143 D_fake_ViT: 0.241 global: 0.377 spatial: 0.080 
(epoch: 89, iters: 2156, time: 0.489, data: 0.001) G_GAN_ViT: 0.302 D_real_ViT: 0.239 D_fake_ViT: 0.238 global: 0.252 spatial: 0.068 
(epoch: 89, iters: 2256, time: 0.490, data: 0.001) G_GAN_ViT: 0.398 D_real_ViT: 0.107 D_fake_ViT: 0.166 global: 0.249 spatial: 0.057 
(epoch: 89, iters: 2356, time: 0.489, data: 0.001) G_GAN_ViT: 0.354 D_real_ViT: 0.232 D_fake_ViT: 0.188 global: 0.431 spatial: 0.072 
(epoch: 89, iters: 2456, time: 0.489, data: 0.001) G_GAN_ViT: 0.346 D_real_ViT: 0.338 D_fake_ViT: 0.208 global: 0.322 spatial: 0.080 
(epoch: 89, iters: 2556, time: 0.489, data: 0.001) G_GAN_ViT: 0.393 D_real_ViT: 0.133 D_fake_ViT: 0.174 global: 0.274 spatial: 0.080 
(epoch: 89, iters: 2656, time: 0.490, data: 0.001) G_GAN_ViT: 0.390 D_real_ViT: 0.304 D_fake_ViT: 0.172 global: 0.285 spatial: 0.057 
saving the latest model (epoch 89, total_iters 490000)
ICL_single_traffic_city
(epoch: 89, iters: 2756, time: 0.489, data: 0.001) G_GAN_ViT: 0.375 D_real_ViT: 0.214 D_fake_ViT: 0.174 global: 0.374 spatial: 0.082 
(epoch: 89, iters: 2856, time: 0.489, data: 0.001) G_GAN_ViT: 0.256 D_real_ViT: 0.350 D_fake_ViT: 0.275 global: 0.306 spatial: 0.080 
(epoch: 89, iters: 2956, time: 0.489, data: 0.001) G_GAN_ViT: 0.235 D_real_ViT: 0.294 D_fake_ViT: 0.297 global: 0.279 spatial: 0.069 
(epoch: 89, iters: 3056, time: 0.489, data: 0.001) G_GAN_ViT: 0.180 D_real_ViT: 0.179 D_fake_ViT: 0.363 global: 0.315 spatial: 0.071 
(epoch: 89, iters: 3156, time: 0.489, data: 0.001) G_GAN_ViT: 0.392 D_real_ViT: 0.218 D_fake_ViT: 0.186 global: 0.369 spatial: 0.076 
(epoch: 89, iters: 3256, time: 0.489, data: 0.001) G_GAN_ViT: 0.274 D_real_ViT: 0.225 D_fake_ViT: 0.262 global: 0.276 spatial: 0.057 
(epoch: 89, iters: 3356, time: 0.489, data: 0.001) G_GAN_ViT: 0.390 D_real_ViT: 0.240 D_fake_ViT: 0.172 global: 0.294 spatial: 0.093 
(epoch: 89, iters: 3456, time: 0.490, data: 0.001) G_GAN_ViT: 0.323 D_real_ViT: 0.251 D_fake_ViT: 0.213 global: 0.461 spatial: 0.084 
(epoch: 89, iters: 3556, time: 0.490, data: 0.001) G_GAN_ViT: 0.288 D_real_ViT: 0.250 D_fake_ViT: 0.245 global: 0.376 spatial: 0.081 
(epoch: 89, iters: 3656, time: 0.490, data: 0.001) G_GAN_ViT: 0.404 D_real_ViT: 0.204 D_fake_ViT: 0.158 global: 0.270 spatial: 0.071 
(epoch: 89, iters: 3756, time: 0.491, data: 0.001) G_GAN_ViT: 0.276 D_real_ViT: 0.157 D_fake_ViT: 0.271 global: 0.443 spatial: 0.074 
(epoch: 89, iters: 3856, time: 0.491, data: 0.001) G_GAN_ViT: 0.416 D_real_ViT: 0.303 D_fake_ViT: 0.147 global: 0.292 spatial: 0.066 
(epoch: 89, iters: 3956, time: 0.490, data: 0.002) G_GAN_ViT: 0.429 D_real_ViT: 0.234 D_fake_ViT: 0.139 global: 0.281 spatial: 0.071 
(epoch: 89, iters: 4056, time: 0.490, data: 0.001) G_GAN_ViT: 0.281 D_real_ViT: 0.435 D_fake_ViT: 0.261 global: 0.386 spatial: 0.079 
(epoch: 89, iters: 4156, time: 0.490, data: 0.001) G_GAN_ViT: 0.205 D_real_ViT: 0.119 D_fake_ViT: 0.337 global: 0.517 spatial: 0.087 
(epoch: 89, iters: 4256, time: 0.490, data: 0.001) G_GAN_ViT: 0.286 D_real_ViT: 0.324 D_fake_ViT: 0.265 global: 0.315 spatial: 0.077 
(epoch: 89, iters: 4356, time: 0.490, data: 0.001) G_GAN_ViT: 0.345 D_real_ViT: 0.158 D_fake_ViT: 0.205 global: 0.304 spatial: 0.082 
(epoch: 89, iters: 4456, time: 0.489, data: 0.001) G_GAN_ViT: 0.378 D_real_ViT: 0.328 D_fake_ViT: 0.214 global: 0.345 spatial: 0.087 
(epoch: 89, iters: 4556, time: 0.490, data: 0.001) G_GAN_ViT: 0.255 D_real_ViT: 0.269 D_fake_ViT: 0.279 global: 0.507 spatial: 0.085 
(epoch: 89, iters: 4656, time: 0.490, data: 0.001) G_GAN_ViT: 0.283 D_real_ViT: 0.317 D_fake_ViT: 0.257 global: 0.401 spatial: 0.080 
(epoch: 89, iters: 4756, time: 0.489, data: 0.001) G_GAN_ViT: 0.275 D_real_ViT: 0.056 D_fake_ViT: 0.260 global: 0.494 spatial: 0.091 
(epoch: 89, iters: 4856, time: 0.490, data: 0.001) G_GAN_ViT: 0.220 D_real_ViT: 0.250 D_fake_ViT: 0.309 global: 0.272 spatial: 0.055 
(epoch: 89, iters: 4956, time: 0.490, data: 0.001) G_GAN_ViT: 0.421 D_real_ViT: 0.456 D_fake_ViT: 0.159 global: 0.346 spatial: 0.100 
(epoch: 89, iters: 5056, time: 0.490, data: 0.002) G_GAN_ViT: 0.424 D_real_ViT: 0.255 D_fake_ViT: 0.144 global: 0.316 spatial: 0.078 
(epoch: 89, iters: 5156, time: 0.490, data: 0.001) G_GAN_ViT: 0.309 D_real_ViT: 0.209 D_fake_ViT: 0.229 global: 0.430 spatial: 0.091 
(epoch: 89, iters: 5256, time: 0.490, data: 0.001) G_GAN_ViT: 0.194 D_real_ViT: 0.210 D_fake_ViT: 0.345 global: 0.329 spatial: 0.066 
(epoch: 89, iters: 5356, time: 0.489, data: 0.001) G_GAN_ViT: 0.443 D_real_ViT: 0.285 D_fake_ViT: 0.133 global: 0.295 spatial: 0.073 
(epoch: 89, iters: 5456, time: 0.490, data: 0.001) G_GAN_ViT: 0.191 D_real_ViT: 0.139 D_fake_ViT: 0.351 global: 0.267 spatial: 0.068 
End of epoch 89 / 100 	 Time Taken: 2719 sec
learning rate = 0.0000022
(epoch: 90, iters: 18, time: 0.490, data: 0.001) G_GAN_ViT: 0.381 D_real_ViT: 0.272 D_fake_ViT: 0.171 global: 0.269 spatial: 0.063 
(epoch: 90, iters: 118, time: 0.489, data: 0.001) G_GAN_ViT: 0.384 D_real_ViT: 0.202 D_fake_ViT: 0.181 global: 0.376 spatial: 0.079 
(epoch: 90, iters: 218, time: 0.489, data: 0.001) G_GAN_ViT: 0.433 D_real_ViT: 0.260 D_fake_ViT: 0.162 global: 0.421 spatial: 0.085 
(epoch: 90, iters: 318, time: 0.489, data: 0.001) G_GAN_ViT: 0.243 D_real_ViT: 0.298 D_fake_ViT: 0.320 global: 0.438 spatial: 0.076 
(epoch: 90, iters: 418, time: 0.488, data: 0.001) G_GAN_ViT: 0.192 D_real_ViT: 0.164 D_fake_ViT: 0.349 global: 0.323 spatial: 0.068 
(epoch: 90, iters: 518, time: 0.488, data: 0.001) G_GAN_ViT: 0.264 D_real_ViT: 0.357 D_fake_ViT: 0.271 global: 0.391 spatial: 0.074 
(epoch: 90, iters: 618, time: 0.488, data: 0.001) G_GAN_ViT: 0.332 D_real_ViT: 0.426 D_fake_ViT: 0.209 global: 0.273 spatial: 0.065 
(epoch: 90, iters: 718, time: 0.488, data: 0.001) G_GAN_ViT: 0.365 D_real_ViT: 0.047 D_fake_ViT: 0.195 global: 0.254 spatial: 0.071 
(epoch: 90, iters: 818, time: 0.488, data: 0.001) G_GAN_ViT: 0.292 D_real_ViT: 0.166 D_fake_ViT: 0.240 global: 0.450 spatial: 0.094 
(epoch: 90, iters: 918, time: 0.489, data: 0.001) G_GAN_ViT: 0.351 D_real_ViT: 0.170 D_fake_ViT: 0.213 global: 0.338 spatial: 0.076 
(epoch: 90, iters: 1018, time: 0.489, data: 0.001) G_GAN_ViT: 0.454 D_real_ViT: 0.154 D_fake_ViT: 0.130 global: 0.260 spatial: 0.068 
(epoch: 90, iters: 1118, time: 0.489, data: 0.001) G_GAN_ViT: 0.156 D_real_ViT: 0.289 D_fake_ViT: 0.405 global: 0.337 spatial: 0.068 
(epoch: 90, iters: 1218, time: 0.489, data: 0.001) G_GAN_ViT: 0.243 D_real_ViT: 0.197 D_fake_ViT: 0.292 global: 0.504 spatial: 0.094 
(epoch: 90, iters: 1318, time: 0.489, data: 0.001) G_GAN_ViT: 0.266 D_real_ViT: 0.133 D_fake_ViT: 0.261 global: 0.256 spatial: 0.063 
(epoch: 90, iters: 1418, time: 0.489, data: 0.002) G_GAN_ViT: 0.303 D_real_ViT: 0.217 D_fake_ViT: 0.232 global: 0.523 spatial: 0.099 
(epoch: 90, iters: 1518, time: 0.489, data: 0.001) G_GAN_ViT: 0.385 D_real_ViT: 0.231 D_fake_ViT: 0.174 global: 0.295 spatial: 0.077 
(epoch: 90, iters: 1618, time: 0.490, data: 0.002) G_GAN_ViT: 0.374 D_real_ViT: 0.233 D_fake_ViT: 0.176 global: 0.300 spatial: 0.073 
(epoch: 90, iters: 1718, time: 0.490, data: 0.001) G_GAN_ViT: 0.409 D_real_ViT: 0.158 D_fake_ViT: 0.164 global: 0.428 spatial: 0.078 
(epoch: 90, iters: 1818, time: 0.489, data: 0.001) G_GAN_ViT: 0.327 D_real_ViT: 0.120 D_fake_ViT: 0.211 global: 0.459 spatial: 0.068 
(epoch: 90, iters: 1918, time: 0.489, data: 0.002) G_GAN_ViT: 0.277 D_real_ViT: 0.186 D_fake_ViT: 0.260 global: 0.380 spatial: 0.083 
(epoch: 90, iters: 2018, time: 0.489, data: 0.001) G_GAN_ViT: 0.414 D_real_ViT: 0.339 D_fake_ViT: 0.151 global: 0.268 spatial: 0.072 
(epoch: 90, iters: 2118, time: 0.489, data: 0.001) G_GAN_ViT: 0.282 D_real_ViT: 0.219 D_fake_ViT: 0.251 global: 0.537 spatial: 0.091 
saving the latest model (epoch 90, total_iters 495000)
ICL_single_traffic_city
(epoch: 90, iters: 2218, time: 0.490, data: 0.001) G_GAN_ViT: 0.471 D_real_ViT: 0.257 D_fake_ViT: 0.119 global: 0.301 spatial: 0.068 
(epoch: 90, iters: 2318, time: 0.490, data: 0.001) G_GAN_ViT: 0.320 D_real_ViT: 0.079 D_fake_ViT: 0.248 global: 0.336 spatial: 0.096 
(epoch: 90, iters: 2418, time: 0.490, data: 0.001) G_GAN_ViT: 0.339 D_real_ViT: 0.127 D_fake_ViT: 0.214 global: 0.400 spatial: 0.091 
(epoch: 90, iters: 2518, time: 0.489, data: 0.001) G_GAN_ViT: 0.349 D_real_ViT: 0.268 D_fake_ViT: 0.195 global: 0.280 spatial: 0.071 
(epoch: 90, iters: 2618, time: 0.489, data: 0.001) G_GAN_ViT: 0.362 D_real_ViT: 0.269 D_fake_ViT: 0.197 global: 0.315 spatial: 0.087 
(epoch: 90, iters: 2718, time: 0.489, data: 0.002) G_GAN_ViT: 0.471 D_real_ViT: 0.208 D_fake_ViT: 0.155 global: 0.347 spatial: 0.099 
(epoch: 90, iters: 2818, time: 0.489, data: 0.001) G_GAN_ViT: 0.378 D_real_ViT: 0.287 D_fake_ViT: 0.169 global: 0.261 spatial: 0.063 
(epoch: 90, iters: 2918, time: 0.489, data: 0.001) G_GAN_ViT: 0.245 D_real_ViT: 0.283 D_fake_ViT: 0.289 global: 0.517 spatial: 0.094 
(epoch: 90, iters: 3018, time: 0.489, data: 0.001) G_GAN_ViT: 0.329 D_real_ViT: 0.232 D_fake_ViT: 0.212 global: 0.266 spatial: 0.063 
(epoch: 90, iters: 3118, time: 0.489, data: 0.001) G_GAN_ViT: 0.184 D_real_ViT: 0.325 D_fake_ViT: 0.356 global: 0.259 spatial: 0.064 
(epoch: 90, iters: 3218, time: 0.489, data: 0.001) G_GAN_ViT: 0.391 D_real_ViT: 0.145 D_fake_ViT: 0.182 global: 0.360 spatial: 0.081 
(epoch: 90, iters: 3318, time: 0.489, data: 0.001) G_GAN_ViT: 0.310 D_real_ViT: 0.268 D_fake_ViT: 0.225 global: 0.313 spatial: 0.082 
(epoch: 90, iters: 3418, time: 0.489, data: 0.001) G_GAN_ViT: 0.280 D_real_ViT: 0.137 D_fake_ViT: 0.261 global: 0.346 spatial: 0.078 
(epoch: 90, iters: 3518, time: 0.489, data: 0.001) G_GAN_ViT: 0.351 D_real_ViT: 0.148 D_fake_ViT: 0.191 global: 0.434 spatial: 0.075 
(epoch: 90, iters: 3618, time: 0.489, data: 0.001) G_GAN_ViT: 0.427 D_real_ViT: 0.273 D_fake_ViT: 0.149 global: 0.297 spatial: 0.070 
(epoch: 90, iters: 3718, time: 0.489, data: 0.001) G_GAN_ViT: 0.248 D_real_ViT: 0.214 D_fake_ViT: 0.291 global: 0.242 spatial: 0.071 
(epoch: 90, iters: 3818, time: 0.489, data: 0.001) G_GAN_ViT: 0.368 D_real_ViT: 0.331 D_fake_ViT: 0.186 global: 0.338 spatial: 0.086 
(epoch: 90, iters: 3918, time: 0.488, data: 0.001) G_GAN_ViT: 0.311 D_real_ViT: 0.206 D_fake_ViT: 0.237 global: 0.264 spatial: 0.071 
(epoch: 90, iters: 4018, time: 0.489, data: 0.001) G_GAN_ViT: 0.501 D_real_ViT: 0.146 D_fake_ViT: 0.108 global: 0.249 spatial: 0.081 
(epoch: 90, iters: 4118, time: 0.488, data: 0.001) G_GAN_ViT: 0.436 D_real_ViT: 0.234 D_fake_ViT: 0.175 global: 0.372 spatial: 0.103 
(epoch: 90, iters: 4218, time: 0.488, data: 0.001) G_GAN_ViT: 0.286 D_real_ViT: 0.252 D_fake_ViT: 0.251 global: 0.432 spatial: 0.085 
(epoch: 90, iters: 4318, time: 0.489, data: 0.001) G_GAN_ViT: 0.288 D_real_ViT: 0.230 D_fake_ViT: 0.253 global: 0.482 spatial: 0.089 
(epoch: 90, iters: 4418, time: 0.489, data: 0.001) G_GAN_ViT: 0.439 D_real_ViT: 0.187 D_fake_ViT: 0.138 global: 0.270 spatial: 0.077 
(epoch: 90, iters: 4518, time: 0.489, data: 0.001) G_GAN_ViT: 0.328 D_real_ViT: 0.283 D_fake_ViT: 0.217 global: 0.504 spatial: 0.082 
(epoch: 90, iters: 4618, time: 0.489, data: 0.001) G_GAN_ViT: 0.409 D_real_ViT: 0.243 D_fake_ViT: 0.155 global: 0.257 spatial: 0.057 
(epoch: 90, iters: 4718, time: 0.489, data: 0.002) G_GAN_ViT: 0.285 D_real_ViT: 0.307 D_fake_ViT: 0.258 global: 0.307 spatial: 0.094 
(epoch: 90, iters: 4818, time: 0.489, data: 0.002) G_GAN_ViT: 0.286 D_real_ViT: 0.238 D_fake_ViT: 0.248 global: 0.368 spatial: 0.081 
(epoch: 90, iters: 4918, time: 0.489, data: 0.002) G_GAN_ViT: 0.357 D_real_ViT: 0.146 D_fake_ViT: 0.210 global: 0.277 spatial: 0.066 
(epoch: 90, iters: 5018, time: 0.489, data: 0.001) G_GAN_ViT: 0.177 D_real_ViT: 0.198 D_fake_ViT: 0.364 global: 0.318 spatial: 0.072 
(epoch: 90, iters: 5118, time: 0.489, data: 0.001) G_GAN_ViT: 0.409 D_real_ViT: 0.238 D_fake_ViT: 0.149 global: 0.263 spatial: 0.068 
(epoch: 90, iters: 5218, time: 0.488, data: 0.002) G_GAN_ViT: 0.321 D_real_ViT: 0.194 D_fake_ViT: 0.227 global: 0.411 spatial: 0.077 
(epoch: 90, iters: 5318, time: 0.489, data: 0.001) G_GAN_ViT: 0.262 D_real_ViT: 0.167 D_fake_ViT: 0.270 global: 0.448 spatial: 0.083 
(epoch: 90, iters: 5418, time: 0.490, data: 0.001) G_GAN_ViT: 0.207 D_real_ViT: 0.143 D_fake_ViT: 0.341 global: 0.450 spatial: 0.094 
(epoch: 90, iters: 5518, time: 0.490, data: 0.001) G_GAN_ViT: 0.312 D_real_ViT: 0.361 D_fake_ViT: 0.226 global: 0.249 spatial: 0.064 
saving the model at the end of epoch 90, iters 498420
End of epoch 90 / 100 	 Time Taken: 2718 sec
learning rate = 0.0000020
(epoch: 91, iters: 80, time: 0.489, data: 0.001) G_GAN_ViT: 0.364 D_real_ViT: 0.343 D_fake_ViT: 0.183 global: 0.283 spatial: 0.074 
(epoch: 91, iters: 180, time: 0.489, data: 0.001) G_GAN_ViT: 0.313 D_real_ViT: 0.304 D_fake_ViT: 0.223 global: 0.447 spatial: 0.088 
(epoch: 91, iters: 280, time: 0.489, data: 0.001) G_GAN_ViT: 0.197 D_real_ViT: 0.184 D_fake_ViT: 0.336 global: 0.270 spatial: 0.057 
(epoch: 91, iters: 380, time: 0.488, data: 0.002) G_GAN_ViT: 0.419 D_real_ViT: 0.337 D_fake_ViT: 0.162 global: 0.282 spatial: 0.069 
(epoch: 91, iters: 480, time: 0.489, data: 0.001) G_GAN_ViT: 0.303 D_real_ViT: 0.381 D_fake_ViT: 0.226 global: 0.442 spatial: 0.087 
(epoch: 91, iters: 580, time: 0.489, data: 0.001) G_GAN_ViT: 0.271 D_real_ViT: 0.202 D_fake_ViT: 0.291 global: 0.325 spatial: 0.094 
(epoch: 91, iters: 680, time: 0.489, data: 0.001) G_GAN_ViT: 0.369 D_real_ViT: 0.350 D_fake_ViT: 0.178 global: 0.258 spatial: 0.063 
(epoch: 91, iters: 780, time: 0.489, data: 0.001) G_GAN_ViT: 0.420 D_real_ViT: 0.272 D_fake_ViT: 0.147 global: 0.319 spatial: 0.077 
(epoch: 91, iters: 880, time: 0.490, data: 0.001) G_GAN_ViT: 0.323 D_real_ViT: 0.257 D_fake_ViT: 0.212 global: 0.295 spatial: 0.069 
(epoch: 91, iters: 980, time: 0.490, data: 0.001) G_GAN_ViT: 0.318 D_real_ViT: 0.344 D_fake_ViT: 0.227 global: 0.492 spatial: 0.091 
(epoch: 91, iters: 1080, time: 0.490, data: 0.001) G_GAN_ViT: 0.345 D_real_ViT: 0.082 D_fake_ViT: 0.201 global: 0.343 spatial: 0.088 
(epoch: 91, iters: 1180, time: 0.489, data: 0.001) G_GAN_ViT: 0.357 D_real_ViT: 0.126 D_fake_ViT: 0.185 global: 0.361 spatial: 0.083 
(epoch: 91, iters: 1280, time: 0.489, data: 0.001) G_GAN_ViT: 0.415 D_real_ViT: 0.190 D_fake_ViT: 0.152 global: 0.280 spatial: 0.064 
(epoch: 91, iters: 1380, time: 0.489, data: 0.001) G_GAN_ViT: 0.304 D_real_ViT: 0.364 D_fake_ViT: 0.235 global: 0.352 spatial: 0.084 
(epoch: 91, iters: 1480, time: 0.489, data: 0.001) G_GAN_ViT: 0.300 D_real_ViT: 0.204 D_fake_ViT: 0.238 global: 0.468 spatial: 0.088 
(epoch: 91, iters: 1580, time: 0.489, data: 0.002) G_GAN_ViT: 0.175 D_real_ViT: 0.165 D_fake_ViT: 0.371 global: 0.293 spatial: 0.063 
saving the latest model (epoch 91, total_iters 500000)
ICL_single_traffic_city
(epoch: 91, iters: 1680, time: 0.489, data: 0.002) G_GAN_ViT: 0.367 D_real_ViT: 0.327 D_fake_ViT: 0.183 global: 0.265 spatial: 0.063 
(epoch: 91, iters: 1780, time: 0.489, data: 0.002) G_GAN_ViT: 0.271 D_real_ViT: 0.205 D_fake_ViT: 0.261 global: 0.483 spatial: 0.094 
(epoch: 91, iters: 1880, time: 0.489, data: 0.001) G_GAN_ViT: 0.261 D_real_ViT: 0.366 D_fake_ViT: 0.272 global: 0.537 spatial: 0.087 
(epoch: 91, iters: 1980, time: 0.489, data: 0.001) G_GAN_ViT: 0.339 D_real_ViT: 0.232 D_fake_ViT: 0.198 global: 0.295 spatial: 0.075 
(epoch: 91, iters: 2080, time: 0.490, data: 0.001) G_GAN_ViT: 0.342 D_real_ViT: 0.398 D_fake_ViT: 0.224 global: 0.332 spatial: 0.092 
(epoch: 91, iters: 2180, time: 0.490, data: 0.001) G_GAN_ViT: 0.371 D_real_ViT: 0.120 D_fake_ViT: 0.181 global: 0.249 spatial: 0.076 
(epoch: 91, iters: 2280, time: 0.489, data: 0.001) G_GAN_ViT: 0.337 D_real_ViT: 0.115 D_fake_ViT: 0.201 global: 0.393 spatial: 0.082 
(epoch: 91, iters: 2380, time: 0.489, data: 0.001) G_GAN_ViT: 0.375 D_real_ViT: 0.217 D_fake_ViT: 0.177 global: 0.239 spatial: 0.063 
(epoch: 91, iters: 2480, time: 0.489, data: 0.001) G_GAN_ViT: 0.316 D_real_ViT: 0.259 D_fake_ViT: 0.221 global: 0.275 spatial: 0.073 
(epoch: 91, iters: 2580, time: 0.489, data: 0.001) G_GAN_ViT: 0.522 D_real_ViT: 0.231 D_fake_ViT: 0.106 global: 0.331 spatial: 0.080 
(epoch: 91, iters: 2680, time: 0.489, data: 0.002) G_GAN_ViT: 0.311 D_real_ViT: 0.232 D_fake_ViT: 0.225 global: 0.365 spatial: 0.072 
(epoch: 91, iters: 2780, time: 0.489, data: 0.001) G_GAN_ViT: 0.260 D_real_ViT: 0.340 D_fake_ViT: 0.273 global: 0.503 spatial: 0.086 
(epoch: 91, iters: 2880, time: 0.489, data: 0.001) G_GAN_ViT: 0.343 D_real_ViT: 0.251 D_fake_ViT: 0.199 global: 0.387 spatial: 0.077 
(epoch: 91, iters: 2980, time: 0.489, data: 0.001) G_GAN_ViT: 0.383 D_real_ViT: 0.121 D_fake_ViT: 0.176 global: 0.261 spatial: 0.066 
(epoch: 91, iters: 3080, time: 0.489, data: 0.001) G_GAN_ViT: 0.262 D_real_ViT: 0.130 D_fake_ViT: 0.273 global: 0.383 spatial: 0.070 
(epoch: 91, iters: 3180, time: 0.490, data: 0.001) G_GAN_ViT: 0.425 D_real_ViT: 0.262 D_fake_ViT: 0.146 global: 0.264 spatial: 0.072 
(epoch: 91, iters: 3280, time: 0.489, data: 0.001) G_GAN_ViT: 0.408 D_real_ViT: 0.197 D_fake_ViT: 0.164 global: 0.340 spatial: 0.080 
(epoch: 91, iters: 3380, time: 0.489, data: 0.001) G_GAN_ViT: 0.346 D_real_ViT: 0.236 D_fake_ViT: 0.191 global: 0.258 spatial: 0.059 
(epoch: 91, iters: 3480, time: 0.489, data: 0.001) G_GAN_ViT: 0.438 D_real_ViT: 0.193 D_fake_ViT: 0.141 global: 0.299 spatial: 0.066 
(epoch: 91, iters: 3580, time: 0.489, data: 0.001) G_GAN_ViT: 0.297 D_real_ViT: 0.206 D_fake_ViT: 0.241 global: 0.333 spatial: 0.086 
(epoch: 91, iters: 3680, time: 0.489, data: 0.001) G_GAN_ViT: 0.161 D_real_ViT: 0.288 D_fake_ViT: 0.414 global: 0.276 spatial: 0.092 
(epoch: 91, iters: 3780, time: 0.489, data: 0.001) G_GAN_ViT: 0.191 D_real_ViT: 0.197 D_fake_ViT: 0.347 global: 0.326 spatial: 0.072 
(epoch: 91, iters: 3880, time: 0.489, data: 0.001) G_GAN_ViT: 0.221 D_real_ViT: 0.267 D_fake_ViT: 0.323 global: 0.487 spatial: 0.085 
(epoch: 91, iters: 3980, time: 0.490, data: 0.002) G_GAN_ViT: 0.362 D_real_ViT: 0.328 D_fake_ViT: 0.185 global: 0.417 spatial: 0.086 
(epoch: 91, iters: 4080, time: 0.490, data: 0.002) G_GAN_ViT: 0.434 D_real_ViT: 0.249 D_fake_ViT: 0.138 global: 0.299 spatial: 0.077 
(epoch: 91, iters: 4180, time: 0.489, data: 0.001) G_GAN_ViT: 0.230 D_real_ViT: 0.275 D_fake_ViT: 0.307 global: 0.457 spatial: 0.087 
(epoch: 91, iters: 4280, time: 0.489, data: 0.001) G_GAN_ViT: 0.397 D_real_ViT: 0.243 D_fake_ViT: 0.169 global: 0.304 spatial: 0.080 
(epoch: 91, iters: 4380, time: 0.490, data: 0.001) G_GAN_ViT: 0.591 D_real_ViT: 0.177 D_fake_ViT: 0.082 global: 0.335 spatial: 0.082 
(epoch: 91, iters: 4480, time: 0.489, data: 0.001) G_GAN_ViT: 0.331 D_real_ViT: 0.328 D_fake_ViT: 0.211 global: 0.370 spatial: 0.082 
(epoch: 91, iters: 4580, time: 0.489, data: 0.001) G_GAN_ViT: 0.410 D_real_ViT: 0.329 D_fake_ViT: 0.162 global: 0.404 spatial: 0.092 
(epoch: 91, iters: 4680, time: 0.488, data: 0.002) G_GAN_ViT: 0.390 D_real_ViT: 0.145 D_fake_ViT: 0.166 global: 0.295 spatial: 0.072 
(epoch: 91, iters: 4780, time: 0.488, data: 0.001) G_GAN_ViT: 0.311 D_real_ViT: 0.129 D_fake_ViT: 0.228 global: 0.389 spatial: 0.086 
(epoch: 91, iters: 4880, time: 0.489, data: 0.001) G_GAN_ViT: 0.471 D_real_ViT: 0.031 D_fake_ViT: 0.126 global: 0.288 spatial: 0.086 
(epoch: 91, iters: 4980, time: 0.489, data: 0.001) G_GAN_ViT: 0.349 D_real_ViT: 0.044 D_fake_ViT: 0.196 global: 0.266 spatial: 0.069 
(epoch: 91, iters: 5080, time: 0.489, data: 0.001) G_GAN_ViT: 0.270 D_real_ViT: 0.316 D_fake_ViT: 0.263 global: 0.368 spatial: 0.081 
(epoch: 91, iters: 5180, time: 0.488, data: 0.001) G_GAN_ViT: 0.399 D_real_ViT: 0.073 D_fake_ViT: 0.172 global: 0.306 spatial: 0.084 
(epoch: 91, iters: 5280, time: 0.487, data: 0.001) G_GAN_ViT: 0.354 D_real_ViT: 0.296 D_fake_ViT: 0.186 global: 0.228 spatial: 0.061 
(epoch: 91, iters: 5380, time: 0.488, data: 0.001) G_GAN_ViT: 0.404 D_real_ViT: 0.074 D_fake_ViT: 0.177 global: 0.285 spatial: 0.066 
(epoch: 91, iters: 5480, time: 0.489, data: 0.001) G_GAN_ViT: 0.266 D_real_ViT: 0.035 D_fake_ViT: 0.268 global: 0.559 spatial: 0.097 
End of epoch 91 / 100 	 Time Taken: 2717 sec
learning rate = 0.0000018
(epoch: 92, iters: 42, time: 0.489, data: 0.002) G_GAN_ViT: 0.373 D_real_ViT: 0.327 D_fake_ViT: 0.185 global: 0.310 spatial: 0.076 
(epoch: 92, iters: 142, time: 0.489, data: 0.001) G_GAN_ViT: 0.355 D_real_ViT: 0.199 D_fake_ViT: 0.196 global: 0.423 spatial: 0.080 
(epoch: 92, iters: 242, time: 0.489, data: 0.001) G_GAN_ViT: 0.354 D_real_ViT: 0.206 D_fake_ViT: 0.195 global: 0.315 spatial: 0.081 
(epoch: 92, iters: 342, time: 0.489, data: 0.001) G_GAN_ViT: 0.278 D_real_ViT: 0.299 D_fake_ViT: 0.263 global: 0.521 spatial: 0.090 
(epoch: 92, iters: 442, time: 0.488, data: 0.002) G_GAN_ViT: 0.321 D_real_ViT: 0.185 D_fake_ViT: 0.218 global: 0.382 spatial: 0.079 
(epoch: 92, iters: 542, time: 0.489, data: 0.001) G_GAN_ViT: 0.349 D_real_ViT: 0.070 D_fake_ViT: 0.206 global: 0.345 spatial: 0.085 
(epoch: 92, iters: 642, time: 0.489, data: 0.001) G_GAN_ViT: 0.324 D_real_ViT: 0.342 D_fake_ViT: 0.212 global: 0.499 spatial: 0.076 
(epoch: 92, iters: 742, time: 0.488, data: 0.001) G_GAN_ViT: 0.364 D_real_ViT: 0.330 D_fake_ViT: 0.187 global: 0.246 spatial: 0.075 
(epoch: 92, iters: 842, time: 0.488, data: 0.001) G_GAN_ViT: 0.300 D_real_ViT: 0.034 D_fake_ViT: 0.229 global: 0.289 spatial: 0.057 
(epoch: 92, iters: 942, time: 0.489, data: 0.001) G_GAN_ViT: 0.349 D_real_ViT: 0.223 D_fake_ViT: 0.203 global: 0.287 spatial: 0.080 
(epoch: 92, iters: 1042, time: 0.489, data: 0.001) G_GAN_ViT: 0.366 D_real_ViT: 0.225 D_fake_ViT: 0.185 global: 0.305 spatial: 0.069 
saving the latest model (epoch 92, total_iters 505000)
ICL_single_traffic_city
(epoch: 92, iters: 1142, time: 0.489, data: 0.001) G_GAN_ViT: 0.451 D_real_ViT: 0.143 D_fake_ViT: 0.146 global: 0.264 spatial: 0.078 
(epoch: 92, iters: 1242, time: 0.488, data: 0.001) G_GAN_ViT: 0.197 D_real_ViT: 0.253 D_fake_ViT: 0.335 global: 0.317 spatial: 0.075 
(epoch: 92, iters: 1342, time: 0.488, data: 0.001) G_GAN_ViT: 0.361 D_real_ViT: 0.289 D_fake_ViT: 0.199 global: 0.304 spatial: 0.062 
(epoch: 92, iters: 1442, time: 0.488, data: 0.001) G_GAN_ViT: 0.308 D_real_ViT: 0.224 D_fake_ViT: 0.233 global: 0.356 spatial: 0.068 
(epoch: 92, iters: 1542, time: 0.489, data: 0.001) G_GAN_ViT: 0.336 D_real_ViT: 0.391 D_fake_ViT: 0.225 global: 0.294 spatial: 0.065 
(epoch: 92, iters: 1642, time: 0.489, data: 0.001) G_GAN_ViT: 0.335 D_real_ViT: 0.202 D_fake_ViT: 0.209 global: 0.283 spatial: 0.075 
(epoch: 92, iters: 1742, time: 0.489, data: 0.001) G_GAN_ViT: 0.398 D_real_ViT: 0.041 D_fake_ViT: 0.165 global: 0.305 spatial: 0.075 
(epoch: 92, iters: 1842, time: 0.489, data: 0.001) G_GAN_ViT: 0.430 D_real_ViT: 0.242 D_fake_ViT: 0.143 global: 0.278 spatial: 0.076 
(epoch: 92, iters: 1942, time: 0.489, data: 0.001) G_GAN_ViT: 0.224 D_real_ViT: 0.216 D_fake_ViT: 0.311 global: 0.264 spatial: 0.062 
(epoch: 92, iters: 2042, time: 0.489, data: 0.001) G_GAN_ViT: 0.278 D_real_ViT: 0.312 D_fake_ViT: 0.282 global: 0.427 spatial: 0.082 
(epoch: 92, iters: 2142, time: 0.488, data: 0.002) G_GAN_ViT: 0.337 D_real_ViT: 0.281 D_fake_ViT: 0.212 global: 0.415 spatial: 0.098 
(epoch: 92, iters: 2242, time: 0.489, data: 0.001) G_GAN_ViT: 0.444 D_real_ViT: 0.295 D_fake_ViT: 0.139 global: 0.384 spatial: 0.087 
(epoch: 92, iters: 2342, time: 0.488, data: 0.001) G_GAN_ViT: 0.311 D_real_ViT: 0.263 D_fake_ViT: 0.241 global: 0.392 spatial: 0.088 
(epoch: 92, iters: 2442, time: 0.488, data: 0.002) G_GAN_ViT: 0.421 D_real_ViT: 0.293 D_fake_ViT: 0.146 global: 0.262 spatial: 0.077 
(epoch: 92, iters: 2542, time: 0.489, data: 0.001) G_GAN_ViT: 0.348 D_real_ViT: 0.266 D_fake_ViT: 0.204 global: 0.370 spatial: 0.084 
(epoch: 92, iters: 2642, time: 0.487, data: 0.001) G_GAN_ViT: 0.382 D_real_ViT: 0.231 D_fake_ViT: 0.213 global: 0.351 spatial: 0.076 
(epoch: 92, iters: 2742, time: 0.488, data: 0.001) G_GAN_ViT: 0.253 D_real_ViT: 0.175 D_fake_ViT: 0.279 global: 0.241 spatial: 0.065 
(epoch: 92, iters: 2842, time: 0.489, data: 0.002) G_GAN_ViT: 0.433 D_real_ViT: 0.336 D_fake_ViT: 0.134 global: 0.269 spatial: 0.065 
(epoch: 92, iters: 2942, time: 0.489, data: 0.001) G_GAN_ViT: 0.412 D_real_ViT: 0.325 D_fake_ViT: 0.168 global: 0.288 spatial: 0.081 
(epoch: 92, iters: 3042, time: 0.489, data: 0.001) G_GAN_ViT: 0.301 D_real_ViT: 0.238 D_fake_ViT: 0.240 global: 0.267 spatial: 0.068 
(epoch: 92, iters: 3142, time: 0.490, data: 0.001) G_GAN_ViT: 0.440 D_real_ViT: 0.182 D_fake_ViT: 0.135 global: 0.274 spatial: 0.077 
(epoch: 92, iters: 3242, time: 0.489, data: 0.001) G_GAN_ViT: 0.394 D_real_ViT: 0.244 D_fake_ViT: 0.162 global: 0.268 spatial: 0.073 
(epoch: 92, iters: 3342, time: 0.489, data: 0.002) G_GAN_ViT: 0.301 D_real_ViT: 0.162 D_fake_ViT: 0.233 global: 0.407 spatial: 0.076 
(epoch: 92, iters: 3442, time: 0.489, data: 0.001) G_GAN_ViT: 0.424 D_real_ViT: 0.246 D_fake_ViT: 0.159 global: 0.301 spatial: 0.077 
(epoch: 92, iters: 3542, time: 0.490, data: 0.001) G_GAN_ViT: 0.356 D_real_ViT: 0.236 D_fake_ViT: 0.192 global: 0.360 spatial: 0.085 
(epoch: 92, iters: 3642, time: 0.489, data: 0.001) G_GAN_ViT: 0.330 D_real_ViT: 0.298 D_fake_ViT: 0.209 global: 0.327 spatial: 0.077 
(epoch: 92, iters: 3742, time: 0.470, data: 0.001) G_GAN_ViT: 0.376 D_real_ViT: 0.092 D_fake_ViT: 0.187 global: 0.381 spatial: 0.087 
(epoch: 92, iters: 3842, time: 0.438, data: 0.001) G_GAN_ViT: 0.226 D_real_ViT: 0.058 D_fake_ViT: 0.313 global: 0.492 spatial: 0.084 
(epoch: 92, iters: 3942, time: 0.419, data: 0.001) G_GAN_ViT: 0.358 D_real_ViT: 0.133 D_fake_ViT: 0.196 global: 0.301 spatial: 0.074 
(epoch: 92, iters: 4042, time: 0.407, data: 0.002) G_GAN_ViT: 0.233 D_real_ViT: 0.314 D_fake_ViT: 0.295 global: 0.508 spatial: 0.084 
(epoch: 92, iters: 4142, time: 0.400, data: 0.002) G_GAN_ViT: 0.400 D_real_ViT: 0.344 D_fake_ViT: 0.159 global: 0.339 spatial: 0.072 
(epoch: 92, iters: 4242, time: 0.396, data: 0.001) G_GAN_ViT: 0.324 D_real_ViT: 0.131 D_fake_ViT: 0.226 global: 0.361 spatial: 0.082 
(epoch: 92, iters: 4342, time: 0.393, data: 0.002) G_GAN_ViT: 0.282 D_real_ViT: 0.157 D_fake_ViT: 0.249 global: 0.512 spatial: 0.087 
(epoch: 92, iters: 4442, time: 0.392, data: 0.002) G_GAN_ViT: 0.425 D_real_ViT: 0.222 D_fake_ViT: 0.146 global: 0.288 spatial: 0.083 
(epoch: 92, iters: 4542, time: 0.390, data: 0.002) G_GAN_ViT: 0.428 D_real_ViT: 0.207 D_fake_ViT: 0.137 global: 0.278 spatial: 0.073 
(epoch: 92, iters: 4642, time: 0.390, data: 0.002) G_GAN_ViT: 0.347 D_real_ViT: 0.332 D_fake_ViT: 0.197 global: 0.279 spatial: 0.074 
(epoch: 92, iters: 4742, time: 0.389, data: 0.002) G_GAN_ViT: 0.248 D_real_ViT: 0.253 D_fake_ViT: 0.286 global: 0.487 spatial: 0.100 
(epoch: 92, iters: 4842, time: 0.389, data: 0.001) G_GAN_ViT: 0.240 D_real_ViT: 0.328 D_fake_ViT: 0.293 global: 0.528 spatial: 0.085 
(epoch: 92, iters: 4942, time: 0.390, data: 0.001) G_GAN_ViT: 0.298 D_real_ViT: 0.186 D_fake_ViT: 0.238 global: 0.331 spatial: 0.067 
(epoch: 92, iters: 5042, time: 0.389, data: 0.001) G_GAN_ViT: 0.248 D_real_ViT: 0.200 D_fake_ViT: 0.284 global: 0.294 spatial: 0.076 
(epoch: 92, iters: 5142, time: 0.389, data: 0.002) G_GAN_ViT: 0.196 D_real_ViT: 0.033 D_fake_ViT: 0.343 global: 0.319 spatial: 0.073 
(epoch: 92, iters: 5242, time: 0.389, data: 0.002) G_GAN_ViT: 0.245 D_real_ViT: 0.257 D_fake_ViT: 0.284 global: 0.512 spatial: 0.079 
(epoch: 92, iters: 5342, time: 0.389, data: 0.002) G_GAN_ViT: 0.362 D_real_ViT: 0.263 D_fake_ViT: 0.197 global: 0.355 spatial: 0.070 
(epoch: 92, iters: 5442, time: 0.389, data: 0.002) G_GAN_ViT: 0.278 D_real_ViT: 0.251 D_fake_ViT: 0.264 global: 0.492 spatial: 0.090 
End of epoch 92 / 100 	 Time Taken: 2533 sec
learning rate = 0.0000016
(epoch: 93, iters: 4, time: 0.389, data: 0.002) G_GAN_ViT: 0.341 D_real_ViT: 0.271 D_fake_ViT: 0.200 global: 0.249 spatial: 0.074 
(epoch: 93, iters: 104, time: 0.390, data: 0.000) G_GAN_ViT: 0.310 D_real_ViT: 0.243 D_fake_ViT: 0.233 global: 0.284 spatial: 0.088 
(epoch: 93, iters: 204, time: 0.390, data: 0.002) G_GAN_ViT: 0.248 D_real_ViT: 0.377 D_fake_ViT: 0.299 global: 0.250 spatial: 0.067 
(epoch: 93, iters: 304, time: 0.389, data: 0.002) G_GAN_ViT: 0.250 D_real_ViT: 0.332 D_fake_ViT: 0.288 global: 0.487 spatial: 0.084 
(epoch: 93, iters: 404, time: 0.389, data: 0.001) G_GAN_ViT: 0.420 D_real_ViT: 0.294 D_fake_ViT: 0.147 global: 0.271 spatial: 0.071 
(epoch: 93, iters: 504, time: 0.390, data: 0.002) G_GAN_ViT: 0.380 D_real_ViT: 0.220 D_fake_ViT: 0.172 global: 0.296 spatial: 0.059 
saving the latest model (epoch 93, total_iters 510000)
ICL_single_traffic_city
(epoch: 93, iters: 604, time: 0.390, data: 0.001) G_GAN_ViT: 0.322 D_real_ViT: 0.413 D_fake_ViT: 0.222 global: 0.284 spatial: 0.065 
(epoch: 93, iters: 704, time: 0.390, data: 0.002) G_GAN_ViT: 0.348 D_real_ViT: 0.200 D_fake_ViT: 0.193 global: 0.265 spatial: 0.078 
(epoch: 93, iters: 804, time: 0.390, data: 0.002) G_GAN_ViT: 0.396 D_real_ViT: 0.208 D_fake_ViT: 0.157 global: 0.286 spatial: 0.072 
(epoch: 93, iters: 904, time: 0.390, data: 0.002) G_GAN_ViT: 0.386 D_real_ViT: 0.281 D_fake_ViT: 0.168 global: 0.346 spatial: 0.073 
(epoch: 93, iters: 1004, time: 0.390, data: 0.001) G_GAN_ViT: 0.253 D_real_ViT: 0.280 D_fake_ViT: 0.285 global: 0.438 spatial: 0.075 
(epoch: 93, iters: 1104, time: 0.390, data: 0.002) G_GAN_ViT: 0.399 D_real_ViT: 0.161 D_fake_ViT: 0.174 global: 0.360 spatial: 0.082 
(epoch: 93, iters: 1204, time: 0.390, data: 0.002) G_GAN_ViT: 0.408 D_real_ViT: 0.270 D_fake_ViT: 0.156 global: 0.318 spatial: 0.074 
(epoch: 93, iters: 1304, time: 0.390, data: 0.002) G_GAN_ViT: 0.306 D_real_ViT: 0.234 D_fake_ViT: 0.249 global: 0.311 spatial: 0.086 
(epoch: 93, iters: 1404, time: 0.390, data: 0.002) G_GAN_ViT: 0.371 D_real_ViT: 0.269 D_fake_ViT: 0.183 global: 0.352 spatial: 0.072 
(epoch: 93, iters: 1504, time: 0.390, data: 0.002) G_GAN_ViT: 0.407 D_real_ViT: 0.161 D_fake_ViT: 0.162 global: 0.308 spatial: 0.090 
(epoch: 93, iters: 1604, time: 0.390, data: 0.001) G_GAN_ViT: 0.403 D_real_ViT: 0.141 D_fake_ViT: 0.175 global: 0.311 spatial: 0.083 
(epoch: 93, iters: 1704, time: 0.390, data: 0.001) G_GAN_ViT: 0.337 D_real_ViT: 0.168 D_fake_ViT: 0.217 global: 0.322 spatial: 0.076 
(epoch: 93, iters: 1804, time: 0.389, data: 0.002) G_GAN_ViT: 0.392 D_real_ViT: 0.292 D_fake_ViT: 0.167 global: 0.287 spatial: 0.059 
(epoch: 93, iters: 1904, time: 0.390, data: 0.002) G_GAN_ViT: 0.393 D_real_ViT: 0.308 D_fake_ViT: 0.164 global: 0.386 spatial: 0.082 
(epoch: 93, iters: 2004, time: 0.390, data: 0.002) G_GAN_ViT: 0.350 D_real_ViT: 0.313 D_fake_ViT: 0.196 global: 0.301 spatial: 0.067 
(epoch: 93, iters: 2104, time: 0.390, data: 0.002) G_GAN_ViT: 0.354 D_real_ViT: 0.258 D_fake_ViT: 0.195 global: 0.274 spatial: 0.067 
(epoch: 93, iters: 2204, time: 0.390, data: 0.002) G_GAN_ViT: 0.323 D_real_ViT: 0.075 D_fake_ViT: 0.215 global: 0.254 spatial: 0.071 
(epoch: 93, iters: 2304, time: 0.389, data: 0.002) G_GAN_ViT: 0.405 D_real_ViT: 0.234 D_fake_ViT: 0.159 global: 0.247 spatial: 0.063 
(epoch: 93, iters: 2404, time: 0.389, data: 0.002) G_GAN_ViT: 0.418 D_real_ViT: 0.198 D_fake_ViT: 0.151 global: 0.238 spatial: 0.069 
(epoch: 93, iters: 2504, time: 0.389, data: 0.002) G_GAN_ViT: 0.240 D_real_ViT: 0.191 D_fake_ViT: 0.306 global: 0.449 spatial: 0.073 
(epoch: 93, iters: 2604, time: 0.390, data: 0.002) G_GAN_ViT: 0.364 D_real_ViT: 0.299 D_fake_ViT: 0.191 global: 0.288 spatial: 0.063 
(epoch: 93, iters: 2704, time: 0.390, data: 0.002) G_GAN_ViT: 0.492 D_real_ViT: 0.225 D_fake_ViT: 0.114 global: 0.287 spatial: 0.065 
(epoch: 93, iters: 2804, time: 0.390, data: 0.002) G_GAN_ViT: 0.326 D_real_ViT: 0.137 D_fake_ViT: 0.210 global: 0.420 spatial: 0.067 
(epoch: 93, iters: 2904, time: 0.390, data: 0.002) G_GAN_ViT: 0.392 D_real_ViT: 0.400 D_fake_ViT: 0.161 global: 0.242 spatial: 0.070 
(epoch: 93, iters: 3004, time: 0.390, data: 0.002) G_GAN_ViT: 0.449 D_real_ViT: 0.301 D_fake_ViT: 0.141 global: 0.268 spatial: 0.068 
(epoch: 93, iters: 3104, time: 0.390, data: 0.001) G_GAN_ViT: 0.426 D_real_ViT: 0.277 D_fake_ViT: 0.141 global: 0.223 spatial: 0.057 
(epoch: 93, iters: 3204, time: 0.390, data: 0.002) G_GAN_ViT: 0.328 D_real_ViT: 0.201 D_fake_ViT: 0.214 global: 0.358 spatial: 0.076 
(epoch: 93, iters: 3304, time: 0.390, data: 0.002) G_GAN_ViT: 0.271 D_real_ViT: 0.209 D_fake_ViT: 0.269 global: 0.308 spatial: 0.082 
(epoch: 93, iters: 3404, time: 0.390, data: 0.002) G_GAN_ViT: 0.423 D_real_ViT: 0.407 D_fake_ViT: 0.176 global: 0.346 spatial: 0.108 
(epoch: 93, iters: 3504, time: 0.390, data: 0.002) G_GAN_ViT: 0.335 D_real_ViT: 0.022 D_fake_ViT: 0.210 global: 0.337 spatial: 0.080 
(epoch: 93, iters: 3604, time: 0.390, data: 0.001) G_GAN_ViT: 0.287 D_real_ViT: 0.258 D_fake_ViT: 0.250 global: 0.379 spatial: 0.075 
(epoch: 93, iters: 3704, time: 0.390, data: 0.002) G_GAN_ViT: 0.249 D_real_ViT: 0.133 D_fake_ViT: 0.283 global: 0.503 spatial: 0.074 
(epoch: 93, iters: 3804, time: 0.390, data: 0.002) G_GAN_ViT: 0.425 D_real_ViT: 0.229 D_fake_ViT: 0.153 global: 0.283 spatial: 0.066 
(epoch: 93, iters: 3904, time: 0.390, data: 0.002) G_GAN_ViT: 0.401 D_real_ViT: 0.337 D_fake_ViT: 0.164 global: 0.271 spatial: 0.052 
(epoch: 93, iters: 4004, time: 0.389, data: 0.002) G_GAN_ViT: 0.213 D_real_ViT: 0.224 D_fake_ViT: 0.320 global: 0.279 spatial: 0.065 
(epoch: 93, iters: 4104, time: 0.389, data: 0.002) G_GAN_ViT: 0.187 D_real_ViT: 0.283 D_fake_ViT: 0.360 global: 0.441 spatial: 0.080 
(epoch: 93, iters: 4204, time: 0.389, data: 0.002) G_GAN_ViT: 0.408 D_real_ViT: 0.228 D_fake_ViT: 0.153 global: 0.244 spatial: 0.065 
(epoch: 93, iters: 4304, time: 0.389, data: 0.002) G_GAN_ViT: 0.207 D_real_ViT: 0.091 D_fake_ViT: 0.329 global: 0.305 spatial: 0.080 
(epoch: 93, iters: 4404, time: 0.389, data: 0.002) G_GAN_ViT: 0.330 D_real_ViT: 0.228 D_fake_ViT: 0.208 global: 0.381 spatial: 0.092 
(epoch: 93, iters: 4504, time: 0.389, data: 0.002) G_GAN_ViT: 0.446 D_real_ViT: 0.224 D_fake_ViT: 0.130 global: 0.293 spatial: 0.070 
(epoch: 93, iters: 4604, time: 0.389, data: 0.002) G_GAN_ViT: 0.332 D_real_ViT: 0.177 D_fake_ViT: 0.207 global: 0.276 spatial: 0.078 
(epoch: 93, iters: 4704, time: 0.390, data: 0.001) G_GAN_ViT: 0.349 D_real_ViT: 0.236 D_fake_ViT: 0.191 global: 0.304 spatial: 0.066 
(epoch: 93, iters: 4804, time: 0.390, data: 0.002) G_GAN_ViT: 0.352 D_real_ViT: 0.331 D_fake_ViT: 0.189 global: 0.297 spatial: 0.065 
(epoch: 93, iters: 4904, time: 0.390, data: 0.002) G_GAN_ViT: 0.316 D_real_ViT: 0.282 D_fake_ViT: 0.227 global: 0.381 spatial: 0.084 
(epoch: 93, iters: 5004, time: 0.390, data: 0.001) G_GAN_ViT: 0.228 D_real_ViT: 0.280 D_fake_ViT: 0.311 global: 0.493 spatial: 0.093 
(epoch: 93, iters: 5104, time: 0.390, data: 0.001) G_GAN_ViT: 0.456 D_real_ViT: 0.157 D_fake_ViT: 0.131 global: 0.261 spatial: 0.060 
(epoch: 93, iters: 5204, time: 0.390, data: 0.002) G_GAN_ViT: 0.346 D_real_ViT: 0.238 D_fake_ViT: 0.197 global: 0.278 spatial: 0.068 
(epoch: 93, iters: 5304, time: 0.389, data: 0.002) G_GAN_ViT: 0.327 D_real_ViT: 0.292 D_fake_ViT: 0.212 global: 0.281 spatial: 0.062 
(epoch: 93, iters: 5404, time: 0.390, data: 0.001) G_GAN_ViT: 0.379 D_real_ViT: 0.259 D_fake_ViT: 0.201 global: 0.335 spatial: 0.099 
(epoch: 93, iters: 5504, time: 0.390, data: 0.002) G_GAN_ViT: 0.388 D_real_ViT: 0.306 D_fake_ViT: 0.168 global: 0.273 spatial: 0.076 
saving the latest model (epoch 93, total_iters 515000)
ICL_single_traffic_city
End of epoch 93 / 100 	 Time Taken: 2168 sec
learning rate = 0.0000014
(epoch: 94, iters: 66, time: 0.390, data: 0.001) G_GAN_ViT: 0.394 D_real_ViT: 0.247 D_fake_ViT: 0.169 global: 0.309 spatial: 0.086 
(epoch: 94, iters: 166, time: 0.390, data: 0.002) G_GAN_ViT: 0.375 D_real_ViT: 0.290 D_fake_ViT: 0.197 global: 0.317 spatial: 0.084 
(epoch: 94, iters: 266, time: 0.390, data: 0.001) G_GAN_ViT: 0.407 D_real_ViT: 0.059 D_fake_ViT: 0.161 global: 0.313 spatial: 0.079 
(epoch: 94, iters: 366, time: 0.390, data: 0.001) G_GAN_ViT: 0.382 D_real_ViT: 0.277 D_fake_ViT: 0.169 global: 0.264 spatial: 0.074 
(epoch: 94, iters: 466, time: 0.390, data: 0.003) G_GAN_ViT: 0.409 D_real_ViT: 0.200 D_fake_ViT: 0.159 global: 0.288 spatial: 0.071 
(epoch: 94, iters: 566, time: 0.390, data: 0.001) G_GAN_ViT: 0.193 D_real_ViT: 0.359 D_fake_ViT: 0.346 global: 0.317 spatial: 0.069 
(epoch: 94, iters: 666, time: 0.388, data: 0.002) G_GAN_ViT: 0.227 D_real_ViT: 0.156 D_fake_ViT: 0.314 global: 0.482 spatial: 0.085 
(epoch: 94, iters: 766, time: 0.389, data: 0.002) G_GAN_ViT: 0.439 D_real_ViT: 0.171 D_fake_ViT: 0.140 global: 0.280 spatial: 0.088 
(epoch: 94, iters: 866, time: 0.389, data: 0.002) G_GAN_ViT: 0.218 D_real_ViT: 0.317 D_fake_ViT: 0.315 global: 0.545 spatial: 0.093 
(epoch: 94, iters: 966, time: 0.389, data: 0.001) G_GAN_ViT: 0.339 D_real_ViT: 0.213 D_fake_ViT: 0.207 global: 0.265 spatial: 0.072 
(epoch: 94, iters: 1066, time: 0.389, data: 0.002) G_GAN_ViT: 0.262 D_real_ViT: 0.229 D_fake_ViT: 0.280 global: 0.436 spatial: 0.076 
(epoch: 94, iters: 1166, time: 0.389, data: 0.003) G_GAN_ViT: 0.250 D_real_ViT: 0.130 D_fake_ViT: 0.278 global: 0.529 spatial: 0.083 
(epoch: 94, iters: 1266, time: 0.390, data: 0.002) G_GAN_ViT: 0.277 D_real_ViT: 0.073 D_fake_ViT: 0.255 global: 0.407 spatial: 0.073 
(epoch: 94, iters: 1366, time: 0.390, data: 0.002) G_GAN_ViT: 0.261 D_real_ViT: 0.234 D_fake_ViT: 0.295 global: 0.426 spatial: 0.084 
(epoch: 94, iters: 1466, time: 0.390, data: 0.002) G_GAN_ViT: 0.420 D_real_ViT: 0.281 D_fake_ViT: 0.151 global: 0.268 spatial: 0.083 
(epoch: 94, iters: 1566, time: 0.389, data: 0.002) G_GAN_ViT: 0.459 D_real_ViT: 0.224 D_fake_ViT: 0.138 global: 0.328 spatial: 0.092 
(epoch: 94, iters: 1666, time: 0.389, data: 0.001) G_GAN_ViT: 0.317 D_real_ViT: 0.101 D_fake_ViT: 0.223 global: 0.323 spatial: 0.078 
(epoch: 94, iters: 1766, time: 0.389, data: 0.002) G_GAN_ViT: 0.387 D_real_ViT: 0.231 D_fake_ViT: 0.185 global: 0.284 spatial: 0.072 
(epoch: 94, iters: 1866, time: 0.391, data: 0.001) G_GAN_ViT: 0.224 D_real_ViT: 0.167 D_fake_ViT: 0.333 global: 0.296 spatial: 0.091 
(epoch: 94, iters: 1966, time: 0.391, data: 0.002) G_GAN_ViT: 0.365 D_real_ViT: 0.152 D_fake_ViT: 0.191 global: 0.353 spatial: 0.079 
(epoch: 94, iters: 2066, time: 0.391, data: 0.002) G_GAN_ViT: 0.202 D_real_ViT: 0.192 D_fake_ViT: 0.333 global: 0.340 spatial: 0.068 
(epoch: 94, iters: 2166, time: 0.390, data: 0.002) G_GAN_ViT: 0.406 D_real_ViT: 0.369 D_fake_ViT: 0.161 global: 0.280 spatial: 0.074 
(epoch: 94, iters: 2266, time: 0.390, data: 0.001) G_GAN_ViT: 0.319 D_real_ViT: 0.298 D_fake_ViT: 0.228 global: 0.460 spatial: 0.082 
(epoch: 94, iters: 2366, time: 0.390, data: 0.002) G_GAN_ViT: 0.278 D_real_ViT: 0.192 D_fake_ViT: 0.262 global: 0.457 spatial: 0.089 
(epoch: 94, iters: 2466, time: 0.389, data: 0.002) G_GAN_ViT: 0.402 D_real_ViT: 0.104 D_fake_ViT: 0.164 global: 0.355 spatial: 0.093 
(epoch: 94, iters: 2566, time: 0.389, data: 0.002) G_GAN_ViT: 0.187 D_real_ViT: 0.155 D_fake_ViT: 0.351 global: 0.314 spatial: 0.069 
(epoch: 94, iters: 2666, time: 0.389, data: 0.002) G_GAN_ViT: 0.326 D_real_ViT: 0.179 D_fake_ViT: 0.217 global: 0.307 spatial: 0.068 
(epoch: 94, iters: 2766, time: 0.389, data: 0.002) G_GAN_ViT: 0.374 D_real_ViT: 0.307 D_fake_ViT: 0.185 global: 0.261 spatial: 0.070 
(epoch: 94, iters: 2866, time: 0.389, data: 0.002) G_GAN_ViT: 0.408 D_real_ViT: 0.174 D_fake_ViT: 0.152 global: 0.263 spatial: 0.066 
(epoch: 94, iters: 2966, time: 0.390, data: 0.002) G_GAN_ViT: 0.342 D_real_ViT: 0.339 D_fake_ViT: 0.204 global: 0.263 spatial: 0.060 
(epoch: 94, iters: 3066, time: 0.390, data: 0.002) G_GAN_ViT: 0.293 D_real_ViT: 0.330 D_fake_ViT: 0.240 global: 0.434 spatial: 0.084 
(epoch: 94, iters: 3166, time: 0.389, data: 0.002) G_GAN_ViT: 0.451 D_real_ViT: 0.178 D_fake_ViT: 0.133 global: 0.290 spatial: 0.080 
(epoch: 94, iters: 3266, time: 0.390, data: 0.002) G_GAN_ViT: 0.220 D_real_ViT: 0.234 D_fake_ViT: 0.321 global: 0.493 spatial: 0.081 
(epoch: 94, iters: 3366, time: 0.390, data: 0.001) G_GAN_ViT: 0.414 D_real_ViT: 0.375 D_fake_ViT: 0.153 global: 0.249 spatial: 0.059 
(epoch: 94, iters: 3466, time: 0.389, data: 0.003) G_GAN_ViT: 0.416 D_real_ViT: 0.258 D_fake_ViT: 0.152 global: 0.296 spatial: 0.080 
(epoch: 94, iters: 3566, time: 0.389, data: 0.002) G_GAN_ViT: 0.336 D_real_ViT: 0.330 D_fake_ViT: 0.213 global: 0.300 spatial: 0.078 
(epoch: 94, iters: 3666, time: 0.389, data: 0.002) G_GAN_ViT: 0.173 D_real_ViT: 0.191 D_fake_ViT: 0.374 global: 0.306 spatial: 0.069 
(epoch: 94, iters: 3766, time: 0.389, data: 0.002) G_GAN_ViT: 0.206 D_real_ViT: 0.147 D_fake_ViT: 0.326 global: 0.323 spatial: 0.070 
(epoch: 94, iters: 3866, time: 0.389, data: 0.001) G_GAN_ViT: 0.316 D_real_ViT: 0.382 D_fake_ViT: 0.218 global: 0.391 spatial: 0.082 
(epoch: 94, iters: 3966, time: 0.389, data: 0.001) G_GAN_ViT: 0.394 D_real_ViT: 0.120 D_fake_ViT: 0.169 global: 0.330 spatial: 0.081 
(epoch: 94, iters: 4066, time: 0.389, data: 0.001) G_GAN_ViT: 0.359 D_real_ViT: 0.348 D_fake_ViT: 0.190 global: 0.277 spatial: 0.077 
(epoch: 94, iters: 4166, time: 0.390, data: 0.002) G_GAN_ViT: 0.446 D_real_ViT: 0.365 D_fake_ViT: 0.134 global: 0.292 spatial: 0.079 
(epoch: 94, iters: 4266, time: 0.390, data: 0.002) G_GAN_ViT: 0.318 D_real_ViT: 0.299 D_fake_ViT: 0.225 global: 0.254 spatial: 0.067 
(epoch: 94, iters: 4366, time: 0.390, data: 0.002) G_GAN_ViT: 0.348 D_real_ViT: 0.311 D_fake_ViT: 0.194 global: 0.367 spatial: 0.080 
(epoch: 94, iters: 4466, time: 0.390, data: 0.001) G_GAN_ViT: 0.367 D_real_ViT: 0.032 D_fake_ViT: 0.183 global: 0.282 spatial: 0.076 
(epoch: 94, iters: 4566, time: 0.390, data: 0.002) G_GAN_ViT: 0.398 D_real_ViT: 0.294 D_fake_ViT: 0.164 global: 0.297 spatial: 0.077 
(epoch: 94, iters: 4666, time: 0.390, data: 0.001) G_GAN_ViT: 0.305 D_real_ViT: 0.158 D_fake_ViT: 0.234 global: 0.324 spatial: 0.080 
(epoch: 94, iters: 4766, time: 0.390, data: 0.002) G_GAN_ViT: 0.302 D_real_ViT: 0.185 D_fake_ViT: 0.242 global: 0.361 spatial: 0.089 
(epoch: 94, iters: 4866, time: 0.389, data: 0.002) G_GAN_ViT: 0.381 D_real_ViT: 0.263 D_fake_ViT: 0.175 global: 0.268 spatial: 0.079 
(epoch: 94, iters: 4966, time: 0.390, data: 0.002) G_GAN_ViT: 0.281 D_real_ViT: 0.287 D_fake_ViT: 0.262 global: 0.387 spatial: 0.084 
saving the latest model (epoch 94, total_iters 520000)
ICL_single_traffic_city
(epoch: 94, iters: 5066, time: 0.390, data: 0.002) G_GAN_ViT: 0.308 D_real_ViT: 0.162 D_fake_ViT: 0.224 global: 0.428 spatial: 0.076 
(epoch: 94, iters: 5166, time: 0.389, data: 0.001) G_GAN_ViT: 0.161 D_real_ViT: 0.142 D_fake_ViT: 0.385 global: 0.270 spatial: 0.058 
(epoch: 94, iters: 5266, time: 0.389, data: 0.002) G_GAN_ViT: 0.174 D_real_ViT: 0.232 D_fake_ViT: 0.370 global: 0.312 spatial: 0.064 
(epoch: 94, iters: 5366, time: 0.389, data: 0.002) G_GAN_ViT: 0.256 D_real_ViT: 0.171 D_fake_ViT: 0.288 global: 0.327 spatial: 0.093 
(epoch: 94, iters: 5466, time: 0.389, data: 0.002) G_GAN_ViT: 0.428 D_real_ViT: 0.362 D_fake_ViT: 0.143 global: 0.278 spatial: 0.068 
End of epoch 94 / 100 	 Time Taken: 2167 sec
learning rate = 0.0000012
(epoch: 95, iters: 28, time: 0.389, data: 0.002) G_GAN_ViT: 0.315 D_real_ViT: 0.061 D_fake_ViT: 0.222 global: 0.513 spatial: 0.086 
(epoch: 95, iters: 128, time: 0.390, data: 0.002) G_GAN_ViT: 0.307 D_real_ViT: 0.176 D_fake_ViT: 0.235 global: 0.468 spatial: 0.078 
(epoch: 95, iters: 228, time: 0.390, data: 0.001) G_GAN_ViT: 0.399 D_real_ViT: 0.033 D_fake_ViT: 0.173 global: 0.317 spatial: 0.076 
(epoch: 95, iters: 328, time: 0.390, data: 0.002) G_GAN_ViT: 0.359 D_real_ViT: 0.270 D_fake_ViT: 0.203 global: 0.251 spatial: 0.080 
(epoch: 95, iters: 428, time: 0.390, data: 0.002) G_GAN_ViT: 0.356 D_real_ViT: 0.255 D_fake_ViT: 0.188 global: 0.340 spatial: 0.079 
(epoch: 95, iters: 528, time: 0.390, data: 0.001) G_GAN_ViT: 0.240 D_real_ViT: 0.266 D_fake_ViT: 0.300 global: 0.456 spatial: 0.083 
(epoch: 95, iters: 628, time: 0.390, data: 0.002) G_GAN_ViT: 0.362 D_real_ViT: 0.143 D_fake_ViT: 0.186 global: 0.276 spatial: 0.081 
(epoch: 95, iters: 728, time: 0.390, data: 0.001) G_GAN_ViT: 0.445 D_real_ViT: 0.273 D_fake_ViT: 0.131 global: 0.331 spatial: 0.084 
(epoch: 95, iters: 828, time: 0.389, data: 0.002) G_GAN_ViT: 0.404 D_real_ViT: 0.204 D_fake_ViT: 0.161 global: 0.317 spatial: 0.084 
(epoch: 95, iters: 928, time: 0.390, data: 0.002) G_GAN_ViT: 0.357 D_real_ViT: 0.166 D_fake_ViT: 0.193 global: 0.253 spatial: 0.074 
(epoch: 95, iters: 1028, time: 0.389, data: 0.002) G_GAN_ViT: 0.374 D_real_ViT: 0.331 D_fake_ViT: 0.175 global: 0.342 spatial: 0.076 
(epoch: 95, iters: 1128, time: 0.389, data: 0.002) G_GAN_ViT: 0.265 D_real_ViT: 0.291 D_fake_ViT: 0.267 global: 0.371 spatial: 0.071 
(epoch: 95, iters: 1228, time: 0.390, data: 0.002) G_GAN_ViT: 0.352 D_real_ViT: 0.258 D_fake_ViT: 0.209 global: 0.270 spatial: 0.077 
(epoch: 95, iters: 1328, time: 0.390, data: 0.002) G_GAN_ViT: 0.415 D_real_ViT: 0.166 D_fake_ViT: 0.152 global: 0.286 spatial: 0.061 
(epoch: 95, iters: 1428, time: 0.390, data: 0.002) G_GAN_ViT: 0.401 D_real_ViT: 0.392 D_fake_ViT: 0.169 global: 0.309 spatial: 0.064 
(epoch: 95, iters: 1528, time: 0.390, data: 0.002) G_GAN_ViT: 0.308 D_real_ViT: 0.245 D_fake_ViT: 0.229 global: 0.386 spatial: 0.089 
(epoch: 95, iters: 1628, time: 0.389, data: 0.002) G_GAN_ViT: 0.378 D_real_ViT: 0.216 D_fake_ViT: 0.179 global: 0.357 spatial: 0.084 
(epoch: 95, iters: 1728, time: 0.389, data: 0.002) G_GAN_ViT: 0.444 D_real_ViT: 0.166 D_fake_ViT: 0.135 global: 0.270 spatial: 0.077 
(epoch: 95, iters: 1828, time: 0.389, data: 0.002) G_GAN_ViT: 0.377 D_real_ViT: 0.195 D_fake_ViT: 0.176 global: 0.345 spatial: 0.070 
(epoch: 95, iters: 1928, time: 0.389, data: 0.001) G_GAN_ViT: 0.359 D_real_ViT: 0.270 D_fake_ViT: 0.195 global: 0.311 spatial: 0.072 
(epoch: 95, iters: 2028, time: 0.389, data: 0.002) G_GAN_ViT: 0.285 D_real_ViT: 0.227 D_fake_ViT: 0.247 global: 0.460 spatial: 0.071 
(epoch: 95, iters: 2128, time: 0.389, data: 0.002) G_GAN_ViT: 0.370 D_real_ViT: 0.376 D_fake_ViT: 0.184 global: 0.248 spatial: 0.069 
(epoch: 95, iters: 2228, time: 0.389, data: 0.002) G_GAN_ViT: 0.395 D_real_ViT: 0.267 D_fake_ViT: 0.159 global: 0.380 spatial: 0.080 
(epoch: 95, iters: 2328, time: 0.390, data: 0.002) G_GAN_ViT: 0.347 D_real_ViT: 0.305 D_fake_ViT: 0.202 global: 0.294 spatial: 0.082 
(epoch: 95, iters: 2428, time: 0.390, data: 0.002) G_GAN_ViT: 0.309 D_real_ViT: 0.278 D_fake_ViT: 0.226 global: 0.405 spatial: 0.082 
(epoch: 95, iters: 2528, time: 0.390, data: 0.002) G_GAN_ViT: 0.416 D_real_ViT: 0.149 D_fake_ViT: 0.154 global: 0.256 spatial: 0.072 
(epoch: 95, iters: 2628, time: 0.389, data: 0.002) G_GAN_ViT: 0.381 D_real_ViT: 0.221 D_fake_ViT: 0.171 global: 0.265 spatial: 0.063 
(epoch: 95, iters: 2728, time: 0.390, data: 0.002) G_GAN_ViT: 0.383 D_real_ViT: 0.294 D_fake_ViT: 0.191 global: 0.351 spatial: 0.071 
(epoch: 95, iters: 2828, time: 0.390, data: 0.002) G_GAN_ViT: 0.262 D_real_ViT: 0.127 D_fake_ViT: 0.262 global: 0.243 spatial: 0.057 
(epoch: 95, iters: 2928, time: 0.389, data: 0.002) G_GAN_ViT: 0.245 D_real_ViT: 0.132 D_fake_ViT: 0.282 global: 0.529 spatial: 0.084 
(epoch: 95, iters: 3028, time: 0.389, data: 0.001) G_GAN_ViT: 0.352 D_real_ViT: 0.312 D_fake_ViT: 0.189 global: 0.407 spatial: 0.082 
(epoch: 95, iters: 3128, time: 0.389, data: 0.002) G_GAN_ViT: 0.364 D_real_ViT: 0.214 D_fake_ViT: 0.181 global: 0.375 spatial: 0.080 
(epoch: 95, iters: 3228, time: 0.389, data: 0.002) G_GAN_ViT: 0.363 D_real_ViT: 0.230 D_fake_ViT: 0.180 global: 0.222 spatial: 0.064 
(epoch: 95, iters: 3328, time: 0.389, data: 0.002) G_GAN_ViT: 0.270 D_real_ViT: 0.245 D_fake_ViT: 0.264 global: 0.498 spatial: 0.091 
(epoch: 95, iters: 3428, time: 0.389, data: 0.002) G_GAN_ViT: 0.363 D_real_ViT: 0.263 D_fake_ViT: 0.187 global: 0.276 spatial: 0.077 
(epoch: 95, iters: 3528, time: 0.389, data: 0.002) G_GAN_ViT: 0.374 D_real_ViT: 0.224 D_fake_ViT: 0.178 global: 0.321 spatial: 0.082 
(epoch: 95, iters: 3628, time: 0.389, data: 0.001) G_GAN_ViT: 0.213 D_real_ViT: 0.164 D_fake_ViT: 0.331 global: 0.390 spatial: 0.082 
(epoch: 95, iters: 3728, time: 0.389, data: 0.002) G_GAN_ViT: 0.293 D_real_ViT: 0.337 D_fake_ViT: 0.235 global: 0.453 spatial: 0.084 
(epoch: 95, iters: 3828, time: 0.389, data: 0.002) G_GAN_ViT: 0.303 D_real_ViT: 0.281 D_fake_ViT: 0.232 global: 0.370 spatial: 0.088 
(epoch: 95, iters: 3928, time: 0.389, data: 0.002) G_GAN_ViT: 0.371 D_real_ViT: 0.121 D_fake_ViT: 0.194 global: 0.442 spatial: 0.080 
(epoch: 95, iters: 4028, time: 0.390, data: 0.002) G_GAN_ViT: 0.216 D_real_ViT: 0.225 D_fake_ViT: 0.316 global: 0.518 spatial: 0.090 
(epoch: 95, iters: 4128, time: 0.390, data: 0.002) G_GAN_ViT: 0.386 D_real_ViT: 0.139 D_fake_ViT: 0.175 global: 0.293 spatial: 0.070 
(epoch: 95, iters: 4228, time: 0.390, data: 0.002) G_GAN_ViT: 0.373 D_real_ViT: 0.353 D_fake_ViT: 0.180 global: 0.257 spatial: 0.059 
(epoch: 95, iters: 4328, time: 0.389, data: 0.001) G_GAN_ViT: 0.407 D_real_ViT: 0.287 D_fake_ViT: 0.155 global: 0.285 spatial: 0.085 
(epoch: 95, iters: 4428, time: 0.389, data: 0.002) G_GAN_ViT: 0.360 D_real_ViT: 0.129 D_fake_ViT: 0.188 global: 0.302 spatial: 0.077 
saving the latest model (epoch 95, total_iters 525000)
ICL_single_traffic_city
(epoch: 95, iters: 4528, time: 0.389, data: 0.002) G_GAN_ViT: 0.298 D_real_ViT: 0.197 D_fake_ViT: 0.237 global: 0.312 spatial: 0.067 
(epoch: 95, iters: 4628, time: 0.389, data: 0.001) G_GAN_ViT: 0.381 D_real_ViT: 0.155 D_fake_ViT: 0.178 global: 0.338 spatial: 0.088 
(epoch: 95, iters: 4728, time: 0.390, data: 0.001) G_GAN_ViT: 0.386 D_real_ViT: 0.309 D_fake_ViT: 0.184 global: 0.458 spatial: 0.098 
(epoch: 95, iters: 4828, time: 0.390, data: 0.002) G_GAN_ViT: 0.287 D_real_ViT: 0.225 D_fake_ViT: 0.257 global: 0.288 spatial: 0.071 
(epoch: 95, iters: 4928, time: 0.389, data: 0.002) G_GAN_ViT: 0.215 D_real_ViT: 0.185 D_fake_ViT: 0.313 global: 0.262 spatial: 0.055 
(epoch: 95, iters: 5028, time: 0.390, data: 0.001) G_GAN_ViT: 0.187 D_real_ViT: 0.143 D_fake_ViT: 0.351 global: 0.320 spatial: 0.068 
(epoch: 95, iters: 5128, time: 0.389, data: 0.002) G_GAN_ViT: 0.328 D_real_ViT: 0.328 D_fake_ViT: 0.210 global: 0.365 spatial: 0.084 
(epoch: 95, iters: 5228, time: 0.389, data: 0.002) G_GAN_ViT: 0.409 D_real_ViT: 0.198 D_fake_ViT: 0.160 global: 0.220 spatial: 0.071 
(epoch: 95, iters: 5328, time: 0.389, data: 0.001) G_GAN_ViT: 0.305 D_real_ViT: 0.038 D_fake_ViT: 0.244 global: 0.431 spatial: 0.083 
(epoch: 95, iters: 5428, time: 0.389, data: 0.002) G_GAN_ViT: 0.194 D_real_ViT: 0.358 D_fake_ViT: 0.357 global: 0.398 spatial: 0.081 
(epoch: 95, iters: 5528, time: 0.389, data: 0.002) G_GAN_ViT: 0.364 D_real_ViT: 0.068 D_fake_ViT: 0.199 global: 0.373 spatial: 0.086 
saving the model at the end of epoch 95, iters 526110
End of epoch 95 / 100 	 Time Taken: 2168 sec
learning rate = 0.0000010
(epoch: 96, iters: 90, time: 0.389, data: 0.001) G_GAN_ViT: 0.410 D_real_ViT: 0.318 D_fake_ViT: 0.159 global: 0.300 spatial: 0.085 
(epoch: 96, iters: 190, time: 0.390, data: 0.002) G_GAN_ViT: 0.343 D_real_ViT: 0.295 D_fake_ViT: 0.200 global: 0.355 spatial: 0.079 
(epoch: 96, iters: 290, time: 0.390, data: 0.001) G_GAN_ViT: 0.233 D_real_ViT: 0.209 D_fake_ViT: 0.291 global: 0.517 spatial: 0.087 
(epoch: 96, iters: 390, time: 0.390, data: 0.002) G_GAN_ViT: 0.397 D_real_ViT: 0.246 D_fake_ViT: 0.173 global: 0.360 spatial: 0.084 
(epoch: 96, iters: 490, time: 0.389, data: 0.001) G_GAN_ViT: 0.254 D_real_ViT: 0.256 D_fake_ViT: 0.270 global: 0.244 spatial: 0.058 
(epoch: 96, iters: 590, time: 0.389, data: 0.002) G_GAN_ViT: 0.177 D_real_ViT: 0.226 D_fake_ViT: 0.368 global: 0.315 spatial: 0.072 
(epoch: 96, iters: 690, time: 0.389, data: 0.002) G_GAN_ViT: 0.313 D_real_ViT: 0.201 D_fake_ViT: 0.227 global: 0.261 spatial: 0.076 
(epoch: 96, iters: 790, time: 0.389, data: 0.002) G_GAN_ViT: 0.332 D_real_ViT: 0.290 D_fake_ViT: 0.226 global: 0.391 spatial: 0.084 
(epoch: 96, iters: 890, time: 0.389, data: 0.002) G_GAN_ViT: 0.302 D_real_ViT: 0.159 D_fake_ViT: 0.237 global: 0.282 spatial: 0.059 
(epoch: 96, iters: 990, time: 0.389, data: 0.002) G_GAN_ViT: 0.361 D_real_ViT: 0.210 D_fake_ViT: 0.185 global: 0.220 spatial: 0.063 
(epoch: 96, iters: 1090, time: 0.390, data: 0.002) G_GAN_ViT: 0.397 D_real_ViT: 0.035 D_fake_ViT: 0.163 global: 0.263 spatial: 0.057 
(epoch: 96, iters: 1190, time: 0.389, data: 0.002) G_GAN_ViT: 0.409 D_real_ViT: 0.352 D_fake_ViT: 0.159 global: 0.287 spatial: 0.078 
(epoch: 96, iters: 1290, time: 0.390, data: 0.002) G_GAN_ViT: 0.236 D_real_ViT: 0.154 D_fake_ViT: 0.293 global: 0.465 spatial: 0.086 
(epoch: 96, iters: 1390, time: 0.389, data: 0.002) G_GAN_ViT: 0.377 D_real_ViT: 0.189 D_fake_ViT: 0.180 global: 0.284 spatial: 0.080 
(epoch: 96, iters: 1490, time: 0.389, data: 0.002) G_GAN_ViT: 0.184 D_real_ViT: 0.228 D_fake_ViT: 0.358 global: 0.327 spatial: 0.065 
(epoch: 96, iters: 1590, time: 0.389, data: 0.002) G_GAN_ViT: 0.350 D_real_ViT: 0.156 D_fake_ViT: 0.194 global: 0.384 spatial: 0.079 
(epoch: 96, iters: 1690, time: 0.389, data: 0.002) G_GAN_ViT: 0.255 D_real_ViT: 0.088 D_fake_ViT: 0.280 global: 0.520 spatial: 0.092 
(epoch: 96, iters: 1790, time: 0.389, data: 0.001) G_GAN_ViT: 0.423 D_real_ViT: 0.186 D_fake_ViT: 0.151 global: 0.318 spatial: 0.072 
(epoch: 96, iters: 1890, time: 0.389, data: 0.002) G_GAN_ViT: 0.370 D_real_ViT: 0.232 D_fake_ViT: 0.183 global: 0.279 spatial: 0.073 
(epoch: 96, iters: 1990, time: 0.389, data: 0.001) G_GAN_ViT: 0.374 D_real_ViT: 0.272 D_fake_ViT: 0.174 global: 0.368 spatial: 0.082 
(epoch: 96, iters: 2090, time: 0.389, data: 0.002) G_GAN_ViT: 0.385 D_real_ViT: 0.309 D_fake_ViT: 0.170 global: 0.271 spatial: 0.080 
(epoch: 96, iters: 2190, time: 0.389, data: 0.002) G_GAN_ViT: 0.414 D_real_ViT: 0.378 D_fake_ViT: 0.155 global: 0.340 spatial: 0.075 
(epoch: 96, iters: 2290, time: 0.389, data: 0.002) G_GAN_ViT: 0.361 D_real_ViT: 0.033 D_fake_ViT: 0.189 global: 0.338 spatial: 0.080 
(epoch: 96, iters: 2390, time: 0.389, data: 0.001) G_GAN_ViT: 0.193 D_real_ViT: 0.351 D_fake_ViT: 0.345 global: 0.318 spatial: 0.069 
(epoch: 96, iters: 2490, time: 0.389, data: 0.001) G_GAN_ViT: 0.441 D_real_ViT: 0.205 D_fake_ViT: 0.136 global: 0.245 spatial: 0.061 
(epoch: 96, iters: 2590, time: 0.388, data: 0.001) G_GAN_ViT: 0.261 D_real_ViT: 0.040 D_fake_ViT: 0.264 global: 0.521 spatial: 0.086 
(epoch: 96, iters: 2690, time: 0.389, data: 0.002) G_GAN_ViT: 0.389 D_real_ViT: 0.279 D_fake_ViT: 0.177 global: 0.353 spatial: 0.090 
(epoch: 96, iters: 2790, time: 0.389, data: 0.002) G_GAN_ViT: 0.299 D_real_ViT: 0.245 D_fake_ViT: 0.240 global: 0.434 spatial: 0.079 
(epoch: 96, iters: 2890, time: 0.390, data: 0.002) G_GAN_ViT: 0.206 D_real_ViT: 0.154 D_fake_ViT: 0.326 global: 0.265 spatial: 0.066 
(epoch: 96, iters: 2990, time: 0.390, data: 0.002) G_GAN_ViT: 0.328 D_real_ViT: 0.313 D_fake_ViT: 0.208 global: 0.373 spatial: 0.078 
(epoch: 96, iters: 3090, time: 0.390, data: 0.001) G_GAN_ViT: 0.229 D_real_ViT: 0.302 D_fake_ViT: 0.307 global: 0.240 spatial: 0.066 
(epoch: 96, iters: 3190, time: 0.390, data: 0.002) G_GAN_ViT: 0.303 D_real_ViT: 0.038 D_fake_ViT: 0.233 global: 0.506 spatial: 0.087 
(epoch: 96, iters: 3290, time: 0.390, data: 0.001) G_GAN_ViT: 0.261 D_real_ViT: 0.031 D_fake_ViT: 0.282 global: 0.473 spatial: 0.093 
(epoch: 96, iters: 3390, time: 0.390, data: 0.002) G_GAN_ViT: 0.348 D_real_ViT: 0.158 D_fake_ViT: 0.195 global: 0.285 spatial: 0.066 
(epoch: 96, iters: 3490, time: 0.390, data: 0.002) G_GAN_ViT: 0.287 D_real_ViT: 0.113 D_fake_ViT: 0.245 global: 0.335 spatial: 0.083 
(epoch: 96, iters: 3590, time: 0.390, data: 0.002) G_GAN_ViT: 0.260 D_real_ViT: 0.196 D_fake_ViT: 0.296 global: 0.488 spatial: 0.098 
(epoch: 96, iters: 3690, time: 0.390, data: 0.001) G_GAN_ViT: 0.333 D_real_ViT: 0.302 D_fake_ViT: 0.206 global: 0.480 spatial: 0.079 
(epoch: 96, iters: 3790, time: 0.390, data: 0.001) G_GAN_ViT: 0.311 D_real_ViT: 0.288 D_fake_ViT: 0.226 global: 0.303 spatial: 0.079 
(epoch: 96, iters: 3890, time: 0.390, data: 0.002) G_GAN_ViT: 0.385 D_real_ViT: 0.176 D_fake_ViT: 0.179 global: 0.346 spatial: 0.080 
saving the latest model (epoch 96, total_iters 530000)
ICL_single_traffic_city
(epoch: 96, iters: 3990, time: 0.390, data: 0.001) G_GAN_ViT: 0.319 D_real_ViT: 0.260 D_fake_ViT: 0.222 global: 0.453 spatial: 0.079 
(epoch: 96, iters: 4090, time: 0.390, data: 0.002) G_GAN_ViT: 0.468 D_real_ViT: 0.065 D_fake_ViT: 0.122 global: 0.242 spatial: 0.062 
(epoch: 96, iters: 4190, time: 0.389, data: 0.002) G_GAN_ViT: 0.313 D_real_ViT: 0.223 D_fake_ViT: 0.226 global: 0.328 spatial: 0.087 
(epoch: 96, iters: 4290, time: 0.389, data: 0.002) G_GAN_ViT: 0.251 D_real_ViT: 0.134 D_fake_ViT: 0.280 global: 0.483 spatial: 0.096 
(epoch: 96, iters: 4390, time: 0.389, data: 0.002) G_GAN_ViT: 0.342 D_real_ViT: 0.203 D_fake_ViT: 0.202 global: 0.460 spatial: 0.078 
(epoch: 96, iters: 4490, time: 0.389, data: 0.002) G_GAN_ViT: 0.368 D_real_ViT: 0.338 D_fake_ViT: 0.181 global: 0.326 spatial: 0.095 
(epoch: 96, iters: 4590, time: 0.390, data: 0.002) G_GAN_ViT: 0.389 D_real_ViT: 0.267 D_fake_ViT: 0.163 global: 0.341 spatial: 0.078 
(epoch: 96, iters: 4690, time: 0.389, data: 0.002) G_GAN_ViT: 0.426 D_real_ViT: 0.281 D_fake_ViT: 0.143 global: 0.254 spatial: 0.065 
(epoch: 96, iters: 4790, time: 0.390, data: 0.002) G_GAN_ViT: 0.307 D_real_ViT: 0.353 D_fake_ViT: 0.226 global: 0.426 spatial: 0.079 
(epoch: 96, iters: 4890, time: 0.390, data: 0.001) G_GAN_ViT: 0.384 D_real_ViT: 0.297 D_fake_ViT: 0.182 global: 0.309 spatial: 0.084 
(epoch: 96, iters: 4990, time: 0.390, data: 0.002) G_GAN_ViT: 0.326 D_real_ViT: 0.250 D_fake_ViT: 0.209 global: 0.267 spatial: 0.068 
(epoch: 96, iters: 5090, time: 0.390, data: 0.001) G_GAN_ViT: 0.416 D_real_ViT: 0.272 D_fake_ViT: 0.159 global: 0.339 spatial: 0.074 
(epoch: 96, iters: 5190, time: 0.390, data: 0.001) G_GAN_ViT: 0.193 D_real_ViT: 0.213 D_fake_ViT: 0.345 global: 0.312 spatial: 0.067 
(epoch: 96, iters: 5290, time: 0.390, data: 0.002) G_GAN_ViT: 0.359 D_real_ViT: 0.238 D_fake_ViT: 0.185 global: 0.278 spatial: 0.064 
(epoch: 96, iters: 5390, time: 0.390, data: 0.002) G_GAN_ViT: 0.390 D_real_ViT: 0.163 D_fake_ViT: 0.164 global: 0.288 spatial: 0.057 
(epoch: 96, iters: 5490, time: 0.387, data: 0.001) G_GAN_ViT: 0.386 D_real_ViT: 0.381 D_fake_ViT: 0.174 global: 0.315 spatial: 0.074 
End of epoch 96 / 100 	 Time Taken: 2166 sec
learning rate = 0.0000008
(epoch: 97, iters: 52, time: 0.388, data: 0.002) G_GAN_ViT: 0.221 D_real_ViT: 0.193 D_fake_ViT: 0.305 global: 0.237 spatial: 0.056 
(epoch: 97, iters: 152, time: 0.389, data: 0.002) G_GAN_ViT: 0.321 D_real_ViT: 0.252 D_fake_ViT: 0.214 global: 0.386 spatial: 0.078 
(epoch: 97, iters: 252, time: 0.389, data: 0.001) G_GAN_ViT: 0.178 D_real_ViT: 0.208 D_fake_ViT: 0.369 global: 0.313 spatial: 0.069 
(epoch: 97, iters: 352, time: 0.389, data: 0.002) G_GAN_ViT: 0.345 D_real_ViT: 0.129 D_fake_ViT: 0.195 global: 0.365 spatial: 0.074 
(epoch: 97, iters: 452, time: 0.389, data: 0.002) G_GAN_ViT: 0.280 D_real_ViT: 0.148 D_fake_ViT: 0.254 global: 0.430 spatial: 0.090 
(epoch: 97, iters: 552, time: 0.390, data: 0.001) G_GAN_ViT: 0.243 D_real_ViT: 0.275 D_fake_ViT: 0.293 global: 0.480 spatial: 0.089 
(epoch: 97, iters: 652, time: 0.390, data: 0.002) G_GAN_ViT: 0.325 D_real_ViT: 0.158 D_fake_ViT: 0.215 global: 0.250 spatial: 0.062 
(epoch: 97, iters: 752, time: 0.389, data: 0.002) G_GAN_ViT: 0.399 D_real_ViT: 0.201 D_fake_ViT: 0.163 global: 0.308 spatial: 0.086 
(epoch: 97, iters: 852, time: 0.389, data: 0.002) G_GAN_ViT: 0.460 D_real_ViT: 0.062 D_fake_ViT: 0.131 global: 0.252 spatial: 0.066 
(epoch: 97, iters: 952, time: 0.390, data: 0.002) G_GAN_ViT: 0.203 D_real_ViT: 0.231 D_fake_ViT: 0.329 global: 0.258 spatial: 0.050 
(epoch: 97, iters: 1052, time: 0.390, data: 0.001) G_GAN_ViT: 0.267 D_real_ViT: 0.030 D_fake_ViT: 0.272 global: 0.389 spatial: 0.085 
(epoch: 97, iters: 1152, time: 0.390, data: 0.001) G_GAN_ViT: 0.235 D_real_ViT: 0.270 D_fake_ViT: 0.320 global: 0.411 spatial: 0.081 
(epoch: 97, iters: 1252, time: 0.390, data: 0.002) G_GAN_ViT: 0.368 D_real_ViT: 0.159 D_fake_ViT: 0.184 global: 0.285 spatial: 0.078 
(epoch: 97, iters: 1352, time: 0.390, data: 0.001) G_GAN_ViT: 0.383 D_real_ViT: 0.289 D_fake_ViT: 0.170 global: 0.301 spatial: 0.078 
(epoch: 97, iters: 1452, time: 0.390, data: 0.002) G_GAN_ViT: 0.320 D_real_ViT: 0.229 D_fake_ViT: 0.214 global: 0.278 spatial: 0.070 
(epoch: 97, iters: 1552, time: 0.390, data: 0.001) G_GAN_ViT: 0.406 D_real_ViT: 0.262 D_fake_ViT: 0.150 global: 0.256 spatial: 0.067 
(epoch: 97, iters: 1652, time: 0.390, data: 0.001) G_GAN_ViT: 0.211 D_real_ViT: 0.120 D_fake_ViT: 0.317 global: 0.250 spatial: 0.048 
(epoch: 97, iters: 1752, time: 0.390, data: 0.001) G_GAN_ViT: 0.438 D_real_ViT: 0.193 D_fake_ViT: 0.146 global: 0.272 spatial: 0.079 
(epoch: 97, iters: 1852, time: 0.389, data: 0.002) G_GAN_ViT: 0.280 D_real_ViT: 0.066 D_fake_ViT: 0.257 global: 0.326 spatial: 0.092 
(epoch: 97, iters: 1952, time: 0.389, data: 0.002) G_GAN_ViT: 0.267 D_real_ViT: 0.306 D_fake_ViT: 0.268 global: 0.461 spatial: 0.087 
(epoch: 97, iters: 2052, time: 0.389, data: 0.002) G_GAN_ViT: 0.367 D_real_ViT: 0.193 D_fake_ViT: 0.187 global: 0.355 spatial: 0.074 
(epoch: 97, iters: 2152, time: 0.389, data: 0.002) G_GAN_ViT: 0.406 D_real_ViT: 0.026 D_fake_ViT: 0.164 global: 0.315 spatial: 0.063 
(epoch: 97, iters: 2252, time: 0.389, data: 0.002) G_GAN_ViT: 0.420 D_real_ViT: 0.165 D_fake_ViT: 0.149 global: 0.317 spatial: 0.083 
(epoch: 97, iters: 2352, time: 0.389, data: 0.001) G_GAN_ViT: 0.412 D_real_ViT: 0.378 D_fake_ViT: 0.150 global: 0.227 spatial: 0.064 
(epoch: 97, iters: 2452, time: 0.389, data: 0.001) G_GAN_ViT: 0.250 D_real_ViT: 0.179 D_fake_ViT: 0.280 global: 0.358 spatial: 0.089 
(epoch: 97, iters: 2552, time: 0.390, data: 0.001) G_GAN_ViT: 0.373 D_real_ViT: 0.178 D_fake_ViT: 0.170 global: 0.258 spatial: 0.069 
(epoch: 97, iters: 2652, time: 0.390, data: 0.002) G_GAN_ViT: 0.341 D_real_ViT: 0.294 D_fake_ViT: 0.216 global: 0.356 spatial: 0.089 
(epoch: 97, iters: 2752, time: 0.390, data: 0.002) G_GAN_ViT: 0.299 D_real_ViT: 0.177 D_fake_ViT: 0.240 global: 0.379 spatial: 0.074 
(epoch: 97, iters: 2852, time: 0.390, data: 0.002) G_GAN_ViT: 0.239 D_real_ViT: 0.154 D_fake_ViT: 0.289 global: 0.368 spatial: 0.085 
(epoch: 97, iters: 2952, time: 0.390, data: 0.002) G_GAN_ViT: 0.338 D_real_ViT: 0.273 D_fake_ViT: 0.202 global: 0.297 spatial: 0.077 
(epoch: 97, iters: 3052, time: 0.390, data: 0.002) G_GAN_ViT: 0.216 D_real_ViT: 0.199 D_fake_ViT: 0.314 global: 0.332 spatial: 0.090 
(epoch: 97, iters: 3152, time: 0.390, data: 0.002) G_GAN_ViT: 0.370 D_real_ViT: 0.245 D_fake_ViT: 0.189 global: 0.312 spatial: 0.075 
(epoch: 97, iters: 3252, time: 0.390, data: 0.002) G_GAN_ViT: 0.335 D_real_ViT: 0.172 D_fake_ViT: 0.204 global: 0.279 spatial: 0.080 
(epoch: 97, iters: 3352, time: 0.390, data: 0.001) G_GAN_ViT: 0.423 D_real_ViT: 0.215 D_fake_ViT: 0.151 global: 0.219 spatial: 0.072 
saving the latest model (epoch 97, total_iters 535000)
ICL_single_traffic_city
(epoch: 97, iters: 3452, time: 0.390, data: 0.001) G_GAN_ViT: 0.361 D_real_ViT: 0.204 D_fake_ViT: 0.200 global: 0.238 spatial: 0.068 
(epoch: 97, iters: 3552, time: 0.389, data: 0.001) G_GAN_ViT: 0.318 D_real_ViT: 0.191 D_fake_ViT: 0.226 global: 0.296 spatial: 0.057 
(epoch: 97, iters: 3652, time: 0.389, data: 0.002) G_GAN_ViT: 0.384 D_real_ViT: 0.449 D_fake_ViT: 0.171 global: 0.316 spatial: 0.083 
(epoch: 97, iters: 3752, time: 0.389, data: 0.002) G_GAN_ViT: 0.326 D_real_ViT: 0.227 D_fake_ViT: 0.212 global: 0.282 spatial: 0.061 
(epoch: 97, iters: 3852, time: 0.389, data: 0.002) G_GAN_ViT: 0.346 D_real_ViT: 0.327 D_fake_ViT: 0.206 global: 0.391 spatial: 0.078 
(epoch: 97, iters: 3952, time: 0.389, data: 0.002) G_GAN_ViT: 0.333 D_real_ViT: 0.224 D_fake_ViT: 0.211 global: 0.330 spatial: 0.074 
(epoch: 97, iters: 4052, time: 0.389, data: 0.001) G_GAN_ViT: 0.425 D_real_ViT: 0.171 D_fake_ViT: 0.142 global: 0.233 spatial: 0.067 
(epoch: 97, iters: 4152, time: 0.389, data: 0.002) G_GAN_ViT: 0.326 D_real_ViT: 0.349 D_fake_ViT: 0.217 global: 0.302 spatial: 0.081 
(epoch: 97, iters: 4252, time: 0.389, data: 0.001) G_GAN_ViT: 0.424 D_real_ViT: 0.398 D_fake_ViT: 0.147 global: 0.225 spatial: 0.070 
(epoch: 97, iters: 4352, time: 0.390, data: 0.002) G_GAN_ViT: 0.297 D_real_ViT: 0.173 D_fake_ViT: 0.241 global: 0.531 spatial: 0.078 
(epoch: 97, iters: 4452, time: 0.389, data: 0.002) G_GAN_ViT: 0.398 D_real_ViT: 0.302 D_fake_ViT: 0.158 global: 0.254 spatial: 0.062 
(epoch: 97, iters: 4552, time: 0.389, data: 0.002) G_GAN_ViT: 0.344 D_real_ViT: 0.295 D_fake_ViT: 0.195 global: 0.392 spatial: 0.075 
(epoch: 97, iters: 4652, time: 0.389, data: 0.002) G_GAN_ViT: 0.217 D_real_ViT: 0.221 D_fake_ViT: 0.309 global: 0.260 spatial: 0.053 
(epoch: 97, iters: 4752, time: 0.390, data: 0.002) G_GAN_ViT: 0.326 D_real_ViT: 0.385 D_fake_ViT: 0.227 global: 0.315 spatial: 0.078 
(epoch: 97, iters: 4852, time: 0.390, data: 0.002) G_GAN_ViT: 0.262 D_real_ViT: 0.052 D_fake_ViT: 0.278 global: 0.367 spatial: 0.082 
(epoch: 97, iters: 4952, time: 0.389, data: 0.002) G_GAN_ViT: 0.285 D_real_ViT: 0.308 D_fake_ViT: 0.247 global: 0.389 spatial: 0.062 
(epoch: 97, iters: 5052, time: 0.389, data: 0.002) G_GAN_ViT: 0.364 D_real_ViT: 0.145 D_fake_ViT: 0.183 global: 0.245 spatial: 0.069 
(epoch: 97, iters: 5152, time: 0.389, data: 0.002) G_GAN_ViT: 0.308 D_real_ViT: 0.194 D_fake_ViT: 0.229 global: 0.274 spatial: 0.070 
(epoch: 97, iters: 5252, time: 0.389, data: 0.002) G_GAN_ViT: 0.343 D_real_ViT: 0.231 D_fake_ViT: 0.212 global: 0.305 spatial: 0.087 
(epoch: 97, iters: 5352, time: 0.389, data: 0.001) G_GAN_ViT: 0.287 D_real_ViT: 0.356 D_fake_ViT: 0.244 global: 0.442 spatial: 0.085 
(epoch: 97, iters: 5452, time: 0.389, data: 0.002) G_GAN_ViT: 0.384 D_real_ViT: 0.214 D_fake_ViT: 0.170 global: 0.360 spatial: 0.079 
End of epoch 97 / 100 	 Time Taken: 2167 sec
learning rate = 0.0000006
(epoch: 98, iters: 14, time: 0.389, data: 0.002) G_GAN_ViT: 0.351 D_real_ViT: 0.198 D_fake_ViT: 0.197 global: 0.269 spatial: 0.071 
(epoch: 98, iters: 114, time: 0.389, data: 0.002) G_GAN_ViT: 0.273 D_real_ViT: 0.041 D_fake_ViT: 0.263 global: 0.387 spatial: 0.083 
(epoch: 98, iters: 214, time: 0.389, data: 0.002) G_GAN_ViT: 0.349 D_real_ViT: 0.293 D_fake_ViT: 0.195 global: 0.387 spatial: 0.081 
(epoch: 98, iters: 314, time: 0.389, data: 0.002) G_GAN_ViT: 0.358 D_real_ViT: 0.263 D_fake_ViT: 0.187 global: 0.280 spatial: 0.086 
(epoch: 98, iters: 414, time: 0.389, data: 0.002) G_GAN_ViT: 0.357 D_real_ViT: 0.282 D_fake_ViT: 0.191 global: 0.378 spatial: 0.076 
(epoch: 98, iters: 514, time: 0.389, data: 0.002) G_GAN_ViT: 0.370 D_real_ViT: 0.085 D_fake_ViT: 0.182 global: 0.321 spatial: 0.076 
(epoch: 98, iters: 614, time: 0.389, data: 0.002) G_GAN_ViT: 0.268 D_real_ViT: 0.215 D_fake_ViT: 0.258 global: 0.492 spatial: 0.084 
(epoch: 98, iters: 714, time: 0.389, data: 0.002) G_GAN_ViT: 0.383 D_real_ViT: 0.162 D_fake_ViT: 0.183 global: 0.307 spatial: 0.078 
(epoch: 98, iters: 814, time: 0.390, data: 0.002) G_GAN_ViT: 0.355 D_real_ViT: 0.326 D_fake_ViT: 0.190 global: 0.282 spatial: 0.072 
(epoch: 98, iters: 914, time: 0.390, data: 0.002) G_GAN_ViT: 0.244 D_real_ViT: 0.215 D_fake_ViT: 0.286 global: 0.469 spatial: 0.082 
(epoch: 98, iters: 1014, time: 0.390, data: 0.002) G_GAN_ViT: 0.405 D_real_ViT: 0.193 D_fake_ViT: 0.152 global: 0.249 spatial: 0.068 
(epoch: 98, iters: 1114, time: 0.390, data: 0.002) G_GAN_ViT: 0.371 D_real_ViT: 0.132 D_fake_ViT: 0.177 global: 0.262 spatial: 0.068 
(epoch: 98, iters: 1214, time: 0.390, data: 0.001) G_GAN_ViT: 0.281 D_real_ViT: 0.203 D_fake_ViT: 0.250 global: 0.350 spatial: 0.074 
(epoch: 98, iters: 1314, time: 0.389, data: 0.001) G_GAN_ViT: 0.248 D_real_ViT: 0.282 D_fake_ViT: 0.285 global: 0.473 spatial: 0.070 
(epoch: 98, iters: 1414, time: 0.389, data: 0.002) G_GAN_ViT: 0.386 D_real_ViT: 0.150 D_fake_ViT: 0.168 global: 0.276 spatial: 0.075 
(epoch: 98, iters: 1514, time: 0.388, data: 0.002) G_GAN_ViT: 0.274 D_real_ViT: 0.356 D_fake_ViT: 0.261 global: 0.276 spatial: 0.066 
(epoch: 98, iters: 1614, time: 0.389, data: 0.002) G_GAN_ViT: 0.267 D_real_ViT: 0.368 D_fake_ViT: 0.262 global: 0.397 spatial: 0.079 
(epoch: 98, iters: 1714, time: 0.389, data: 0.001) G_GAN_ViT: 0.430 D_real_ViT: 0.150 D_fake_ViT: 0.141 global: 0.240 spatial: 0.061 
(epoch: 98, iters: 1814, time: 0.389, data: 0.002) G_GAN_ViT: 0.255 D_real_ViT: 0.235 D_fake_ViT: 0.267 global: 0.237 spatial: 0.054 
(epoch: 98, iters: 1914, time: 0.390, data: 0.002) G_GAN_ViT: 0.451 D_real_ViT: 0.215 D_fake_ViT: 0.127 global: 0.271 spatial: 0.072 
(epoch: 98, iters: 2014, time: 0.389, data: 0.001) G_GAN_ViT: 0.413 D_real_ViT: 0.221 D_fake_ViT: 0.150 global: 0.269 spatial: 0.073 
(epoch: 98, iters: 2114, time: 0.390, data: 0.002) G_GAN_ViT: 0.315 D_real_ViT: 0.194 D_fake_ViT: 0.224 global: 0.295 spatial: 0.067 
(epoch: 98, iters: 2214, time: 0.389, data: 0.002) G_GAN_ViT: 0.308 D_real_ViT: 0.220 D_fake_ViT: 0.235 global: 0.388 spatial: 0.083 
(epoch: 98, iters: 2314, time: 0.389, data: 0.002) G_GAN_ViT: 0.351 D_real_ViT: 0.315 D_fake_ViT: 0.193 global: 0.269 spatial: 0.071 
(epoch: 98, iters: 2414, time: 0.390, data: 0.002) G_GAN_ViT: 0.334 D_real_ViT: 0.127 D_fake_ViT: 0.204 global: 0.429 spatial: 0.074 
(epoch: 98, iters: 2514, time: 0.390, data: 0.002) G_GAN_ViT: 0.250 D_real_ViT: 0.313 D_fake_ViT: 0.278 global: 0.553 spatial: 0.092 
(epoch: 98, iters: 2614, time: 0.390, data: 0.001) G_GAN_ViT: 0.260 D_real_ViT: 0.148 D_fake_ViT: 0.276 global: 0.482 spatial: 0.082 
(epoch: 98, iters: 2714, time: 0.390, data: 0.002) G_GAN_ViT: 0.408 D_real_ViT: 0.253 D_fake_ViT: 0.155 global: 0.273 spatial: 0.074 
(epoch: 98, iters: 2814, time: 0.390, data: 0.002) G_GAN_ViT: 0.382 D_real_ViT: 0.223 D_fake_ViT: 0.181 global: 0.290 spatial: 0.069 
saving the latest model (epoch 98, total_iters 540000)
ICL_single_traffic_city
(epoch: 98, iters: 2914, time: 0.390, data: 0.001) G_GAN_ViT: 0.406 D_real_ViT: 0.261 D_fake_ViT: 0.156 global: 0.292 spatial: 0.076 
(epoch: 98, iters: 3014, time: 0.390, data: 0.002) G_GAN_ViT: 0.402 D_real_ViT: 0.195 D_fake_ViT: 0.157 global: 0.232 spatial: 0.063 
(epoch: 98, iters: 3114, time: 0.390, data: 0.002) G_GAN_ViT: 0.406 D_real_ViT: 0.205 D_fake_ViT: 0.168 global: 0.353 spatial: 0.098 
(epoch: 98, iters: 3214, time: 0.390, data: 0.001) G_GAN_ViT: 0.368 D_real_ViT: 0.302 D_fake_ViT: 0.184 global: 0.274 spatial: 0.087 
(epoch: 98, iters: 3314, time: 0.389, data: 0.002) G_GAN_ViT: 0.358 D_real_ViT: 0.168 D_fake_ViT: 0.209 global: 0.364 spatial: 0.097 
(epoch: 98, iters: 3414, time: 0.389, data: 0.002) G_GAN_ViT: 0.327 D_real_ViT: 0.182 D_fake_ViT: 0.211 global: 0.319 spatial: 0.081 
(epoch: 98, iters: 3514, time: 0.389, data: 0.002) G_GAN_ViT: 0.284 D_real_ViT: 0.121 D_fake_ViT: 0.253 global: 0.285 spatial: 0.082 
(epoch: 98, iters: 3614, time: 0.389, data: 0.002) G_GAN_ViT: 0.337 D_real_ViT: 0.355 D_fake_ViT: 0.221 global: 0.249 spatial: 0.083 
(epoch: 98, iters: 3714, time: 0.389, data: 0.002) G_GAN_ViT: 0.400 D_real_ViT: 0.156 D_fake_ViT: 0.165 global: 0.319 spatial: 0.081 
(epoch: 98, iters: 3814, time: 0.389, data: 0.002) G_GAN_ViT: 0.402 D_real_ViT: 0.321 D_fake_ViT: 0.155 global: 0.270 spatial: 0.079 
(epoch: 98, iters: 3914, time: 0.389, data: 0.002) G_GAN_ViT: 0.412 D_real_ViT: 0.340 D_fake_ViT: 0.146 global: 0.260 spatial: 0.071 
(epoch: 98, iters: 4014, time: 0.389, data: 0.002) G_GAN_ViT: 0.269 D_real_ViT: 0.213 D_fake_ViT: 0.266 global: 0.319 spatial: 0.095 
(epoch: 98, iters: 4114, time: 0.389, data: 0.001) G_GAN_ViT: 0.264 D_real_ViT: 0.257 D_fake_ViT: 0.268 global: 0.416 spatial: 0.089 
(epoch: 98, iters: 4214, time: 0.390, data: 0.001) G_GAN_ViT: 0.371 D_real_ViT: 0.192 D_fake_ViT: 0.178 global: 0.276 spatial: 0.077 
(epoch: 98, iters: 4314, time: 0.389, data: 0.001) G_GAN_ViT: 0.331 D_real_ViT: 0.278 D_fake_ViT: 0.209 global: 0.253 spatial: 0.073 
(epoch: 98, iters: 4414, time: 0.389, data: 0.001) G_GAN_ViT: 0.358 D_real_ViT: 0.375 D_fake_ViT: 0.195 global: 0.292 spatial: 0.065 
(epoch: 98, iters: 4514, time: 0.389, data: 0.001) G_GAN_ViT: 0.426 D_real_ViT: 0.367 D_fake_ViT: 0.145 global: 0.297 spatial: 0.076 
(epoch: 98, iters: 4614, time: 0.389, data: 0.001) G_GAN_ViT: 0.419 D_real_ViT: 0.265 D_fake_ViT: 0.149 global: 0.278 spatial: 0.074 
(epoch: 98, iters: 4714, time: 0.390, data: 0.002) G_GAN_ViT: 0.419 D_real_ViT: 0.300 D_fake_ViT: 0.148 global: 0.299 spatial: 0.071 
(epoch: 98, iters: 4814, time: 0.390, data: 0.002) G_GAN_ViT: 0.394 D_real_ViT: 0.282 D_fake_ViT: 0.163 global: 0.272 spatial: 0.071 
(epoch: 98, iters: 4914, time: 0.390, data: 0.002) G_GAN_ViT: 0.352 D_real_ViT: 0.284 D_fake_ViT: 0.198 global: 0.265 spatial: 0.076 
(epoch: 98, iters: 5014, time: 0.390, data: 0.002) G_GAN_ViT: 0.336 D_real_ViT: 0.364 D_fake_ViT: 0.203 global: 0.259 spatial: 0.069 
(epoch: 98, iters: 5114, time: 0.390, data: 0.002) G_GAN_ViT: 0.273 D_real_ViT: 0.248 D_fake_ViT: 0.280 global: 0.425 spatial: 0.087 
(epoch: 98, iters: 5214, time: 0.390, data: 0.002) G_GAN_ViT: 0.378 D_real_ViT: 0.207 D_fake_ViT: 0.173 global: 0.346 spatial: 0.078 
(epoch: 98, iters: 5314, time: 0.389, data: 0.002) G_GAN_ViT: 0.435 D_real_ViT: 0.329 D_fake_ViT: 0.135 global: 0.322 spatial: 0.079 
(epoch: 98, iters: 5414, time: 0.389, data: 0.002) G_GAN_ViT: 0.259 D_real_ViT: 0.220 D_fake_ViT: 0.280 global: 0.378 spatial: 0.086 
(epoch: 98, iters: 5514, time: 0.389, data: 0.002) G_GAN_ViT: 0.279 D_real_ViT: 0.166 D_fake_ViT: 0.269 global: 0.521 spatial: 0.086 
End of epoch 98 / 100 	 Time Taken: 2167 sec
learning rate = 0.0000004
(epoch: 99, iters: 76, time: 0.389, data: 0.002) G_GAN_ViT: 0.366 D_real_ViT: 0.137 D_fake_ViT: 0.194 global: 0.371 spatial: 0.083 
(epoch: 99, iters: 176, time: 0.389, data: 0.003) G_GAN_ViT: 0.317 D_real_ViT: 0.239 D_fake_ViT: 0.230 global: 0.286 spatial: 0.076 
(epoch: 99, iters: 276, time: 0.389, data: 0.002) G_GAN_ViT: 0.324 D_real_ViT: 0.272 D_fake_ViT: 0.212 global: 0.317 spatial: 0.077 
(epoch: 99, iters: 376, time: 0.390, data: 0.002) G_GAN_ViT: 0.306 D_real_ViT: 0.243 D_fake_ViT: 0.227 global: 0.454 spatial: 0.078 
(epoch: 99, iters: 476, time: 0.389, data: 0.001) G_GAN_ViT: 0.322 D_real_ViT: 0.170 D_fake_ViT: 0.223 global: 0.288 spatial: 0.080 
(epoch: 99, iters: 576, time: 0.389, data: 0.002) G_GAN_ViT: 0.177 D_real_ViT: 0.263 D_fake_ViT: 0.366 global: 0.310 spatial: 0.068 
(epoch: 99, iters: 676, time: 0.388, data: 0.002) G_GAN_ViT: 0.260 D_real_ViT: 0.162 D_fake_ViT: 0.264 global: 0.536 spatial: 0.087 
(epoch: 99, iters: 776, time: 0.389, data: 0.002) G_GAN_ViT: 0.417 D_real_ViT: 0.124 D_fake_ViT: 0.147 global: 0.288 spatial: 0.067 
(epoch: 99, iters: 876, time: 0.389, data: 0.002) G_GAN_ViT: 0.438 D_real_ViT: 0.177 D_fake_ViT: 0.137 global: 0.270 spatial: 0.083 
(epoch: 99, iters: 976, time: 0.389, data: 0.002) G_GAN_ViT: 0.313 D_real_ViT: 0.162 D_fake_ViT: 0.223 global: 0.269 spatial: 0.084 
(epoch: 99, iters: 1076, time: 0.389, data: 0.002) G_GAN_ViT: 0.366 D_real_ViT: 0.241 D_fake_ViT: 0.193 global: 0.363 spatial: 0.101 
(epoch: 99, iters: 1176, time: 0.389, data: 0.002) G_GAN_ViT: 0.397 D_real_ViT: 0.295 D_fake_ViT: 0.167 global: 0.346 spatial: 0.089 
(epoch: 99, iters: 1276, time: 0.390, data: 0.003) G_GAN_ViT: 0.252 D_real_ViT: 0.151 D_fake_ViT: 0.288 global: 0.427 spatial: 0.099 
(epoch: 99, iters: 1376, time: 0.389, data: 0.002) G_GAN_ViT: 0.337 D_real_ViT: 0.222 D_fake_ViT: 0.202 global: 0.375 spatial: 0.076 
(epoch: 99, iters: 1476, time: 0.389, data: 0.002) G_GAN_ViT: 0.224 D_real_ViT: 0.202 D_fake_ViT: 0.322 global: 0.344 spatial: 0.100 
(epoch: 99, iters: 1576, time: 0.389, data: 0.001) G_GAN_ViT: 0.221 D_real_ViT: 0.449 D_fake_ViT: 0.305 global: 0.256 spatial: 0.058 
(epoch: 99, iters: 1676, time: 0.389, data: 0.002) G_GAN_ViT: 0.188 D_real_ViT: 0.259 D_fake_ViT: 0.357 global: 0.242 spatial: 0.054 
(epoch: 99, iters: 1776, time: 0.389, data: 0.002) G_GAN_ViT: 0.352 D_real_ViT: 0.259 D_fake_ViT: 0.188 global: 0.381 spatial: 0.084 
(epoch: 99, iters: 1876, time: 0.389, data: 0.002) G_GAN_ViT: 0.250 D_real_ViT: 0.290 D_fake_ViT: 0.276 global: 0.244 spatial: 0.064 
(epoch: 99, iters: 1976, time: 0.389, data: 0.002) G_GAN_ViT: 0.362 D_real_ViT: 0.293 D_fake_ViT: 0.185 global: 0.209 spatial: 0.060 
(epoch: 99, iters: 2076, time: 0.390, data: 0.002) G_GAN_ViT: 0.332 D_real_ViT: 0.264 D_fake_ViT: 0.205 global: 0.302 spatial: 0.063 
(epoch: 99, iters: 2176, time: 0.389, data: 0.002) G_GAN_ViT: 0.265 D_real_ViT: 0.274 D_fake_ViT: 0.266 global: 0.415 spatial: 0.085 
(epoch: 99, iters: 2276, time: 0.389, data: 0.002) G_GAN_ViT: 0.247 D_real_ViT: 0.238 D_fake_ViT: 0.287 global: 0.425 spatial: 0.082 
saving the latest model (epoch 99, total_iters 545000)
ICL_single_traffic_city
(epoch: 99, iters: 2376, time: 0.389, data: 0.001) G_GAN_ViT: 0.357 D_real_ViT: 0.205 D_fake_ViT: 0.200 global: 0.308 spatial: 0.066 
(epoch: 99, iters: 2476, time: 0.389, data: 0.001) G_GAN_ViT: 0.324 D_real_ViT: 0.197 D_fake_ViT: 0.226 global: 0.324 spatial: 0.076 
(epoch: 99, iters: 2576, time: 0.389, data: 0.002) G_GAN_ViT: 0.328 D_real_ViT: 0.320 D_fake_ViT: 0.210 global: 0.397 spatial: 0.083 
(epoch: 99, iters: 2676, time: 0.389, data: 0.002) G_GAN_ViT: 0.394 D_real_ViT: 0.146 D_fake_ViT: 0.165 global: 0.299 spatial: 0.075 
(epoch: 99, iters: 2776, time: 0.389, data: 0.002) G_GAN_ViT: 0.420 D_real_ViT: 0.276 D_fake_ViT: 0.150 global: 0.302 spatial: 0.080 
(epoch: 99, iters: 2876, time: 0.389, data: 0.002) G_GAN_ViT: 0.354 D_real_ViT: 0.454 D_fake_ViT: 0.193 global: 0.375 spatial: 0.081 
(epoch: 99, iters: 2976, time: 0.389, data: 0.002) G_GAN_ViT: 0.292 D_real_ViT: 0.346 D_fake_ViT: 0.236 global: 0.531 spatial: 0.087 
(epoch: 99, iters: 3076, time: 0.389, data: 0.002) G_GAN_ViT: 0.401 D_real_ViT: 0.287 D_fake_ViT: 0.159 global: 0.254 spatial: 0.050 
(epoch: 99, iters: 3176, time: 0.390, data: 0.001) G_GAN_ViT: 0.418 D_real_ViT: 0.358 D_fake_ViT: 0.148 global: 0.227 spatial: 0.058 
(epoch: 99, iters: 3276, time: 0.389, data: 0.001) G_GAN_ViT: 0.344 D_real_ViT: 0.350 D_fake_ViT: 0.200 global: 0.288 spatial: 0.092 
(epoch: 99, iters: 3376, time: 0.389, data: 0.001) G_GAN_ViT: 0.367 D_real_ViT: 0.309 D_fake_ViT: 0.178 global: 0.375 spatial: 0.075 
(epoch: 99, iters: 3476, time: 0.390, data: 0.001) G_GAN_ViT: 0.327 D_real_ViT: 0.332 D_fake_ViT: 0.209 global: 0.428 spatial: 0.080 
(epoch: 99, iters: 3576, time: 0.390, data: 0.002) G_GAN_ViT: 0.407 D_real_ViT: 0.219 D_fake_ViT: 0.165 global: 0.275 spatial: 0.062 
(epoch: 99, iters: 3676, time: 0.390, data: 0.002) G_GAN_ViT: 0.421 D_real_ViT: 0.210 D_fake_ViT: 0.144 global: 0.315 spatial: 0.072 
(epoch: 99, iters: 3776, time: 0.390, data: 0.002) G_GAN_ViT: 0.434 D_real_ViT: 0.223 D_fake_ViT: 0.144 global: 0.354 spatial: 0.083 
(epoch: 99, iters: 3876, time: 0.389, data: 0.002) G_GAN_ViT: 0.365 D_real_ViT: 0.289 D_fake_ViT: 0.181 global: 0.295 spatial: 0.070 
(epoch: 99, iters: 3976, time: 0.389, data: 0.001) G_GAN_ViT: 0.389 D_real_ViT: 0.375 D_fake_ViT: 0.166 global: 0.233 spatial: 0.064 
(epoch: 99, iters: 4076, time: 0.389, data: 0.001) G_GAN_ViT: 0.263 D_real_ViT: 0.281 D_fake_ViT: 0.266 global: 0.269 spatial: 0.066 
(epoch: 99, iters: 4176, time: 0.389, data: 0.001) G_GAN_ViT: 0.321 D_real_ViT: 0.219 D_fake_ViT: 0.215 global: 0.242 spatial: 0.074 
(epoch: 99, iters: 4276, time: 0.389, data: 0.001) G_GAN_ViT: 0.399 D_real_ViT: 0.355 D_fake_ViT: 0.169 global: 0.283 spatial: 0.073 
(epoch: 99, iters: 4376, time: 0.389, data: 0.001) G_GAN_ViT: 0.382 D_real_ViT: 0.080 D_fake_ViT: 0.175 global: 0.256 spatial: 0.081 
(epoch: 99, iters: 4476, time: 0.389, data: 0.001) G_GAN_ViT: 0.321 D_real_ViT: 0.253 D_fake_ViT: 0.231 global: 0.273 spatial: 0.062 
(epoch: 99, iters: 4576, time: 0.389, data: 0.001) G_GAN_ViT: 0.275 D_real_ViT: 0.241 D_fake_ViT: 0.262 global: 0.494 spatial: 0.088 
(epoch: 99, iters: 4676, time: 0.389, data: 0.001) G_GAN_ViT: 0.203 D_real_ViT: 0.317 D_fake_ViT: 0.330 global: 0.331 spatial: 0.068 
(epoch: 99, iters: 4776, time: 0.389, data: 0.001) G_GAN_ViT: 0.282 D_real_ViT: 0.247 D_fake_ViT: 0.268 global: 0.341 spatial: 0.076 
(epoch: 99, iters: 4876, time: 0.389, data: 0.001) G_GAN_ViT: 0.341 D_real_ViT: 0.313 D_fake_ViT: 0.207 global: 0.388 spatial: 0.093 
(epoch: 99, iters: 4976, time: 0.390, data: 0.001) G_GAN_ViT: 0.396 D_real_ViT: 0.306 D_fake_ViT: 0.161 global: 0.252 spatial: 0.072 
(epoch: 99, iters: 5076, time: 0.390, data: 0.001) G_GAN_ViT: 0.249 D_real_ViT: 0.235 D_fake_ViT: 0.291 global: 0.450 spatial: 0.086 
(epoch: 99, iters: 5176, time: 0.389, data: 0.001) G_GAN_ViT: 0.417 D_real_ViT: 0.227 D_fake_ViT: 0.148 global: 0.254 spatial: 0.066 
(epoch: 99, iters: 5276, time: 0.389, data: 0.001) G_GAN_ViT: 0.259 D_real_ViT: 0.091 D_fake_ViT: 0.268 global: 0.393 spatial: 0.071 
(epoch: 99, iters: 5376, time: 0.388, data: 0.001) G_GAN_ViT: 0.242 D_real_ViT: 0.056 D_fake_ViT: 0.284 global: 0.356 spatial: 0.086 
(epoch: 99, iters: 5476, time: 0.388, data: 0.001) G_GAN_ViT: 0.216 D_real_ViT: 0.335 D_fake_ViT: 0.322 global: 0.408 spatial: 0.079 
End of epoch 99 / 100 	 Time Taken: 2166 sec
learning rate = 0.0000002
(epoch: 100, iters: 38, time: 0.389, data: 0.001) G_GAN_ViT: 0.379 D_real_ViT: 0.253 D_fake_ViT: 0.177 global: 0.289 spatial: 0.079 
(epoch: 100, iters: 138, time: 0.388, data: 0.002) G_GAN_ViT: 0.339 D_real_ViT: 0.228 D_fake_ViT: 0.207 global: 0.234 spatial: 0.064 
(epoch: 100, iters: 238, time: 0.389, data: 0.002) G_GAN_ViT: 0.382 D_real_ViT: 0.064 D_fake_ViT: 0.169 global: 0.256 spatial: 0.060 
(epoch: 100, iters: 338, time: 0.389, data: 0.002) G_GAN_ViT: 0.268 D_real_ViT: 0.344 D_fake_ViT: 0.265 global: 0.463 spatial: 0.084 
(epoch: 100, iters: 438, time: 0.389, data: 0.002) G_GAN_ViT: 0.213 D_real_ViT: 0.288 D_fake_ViT: 0.321 global: 0.459 spatial: 0.090 
(epoch: 100, iters: 538, time: 0.389, data: 0.002) G_GAN_ViT: 0.381 D_real_ViT: 0.202 D_fake_ViT: 0.171 global: 0.384 spatial: 0.084 
(epoch: 100, iters: 638, time: 0.389, data: 0.002) G_GAN_ViT: 0.461 D_real_ViT: 0.132 D_fake_ViT: 0.127 global: 0.284 spatial: 0.075 
(epoch: 100, iters: 738, time: 0.389, data: 0.002) G_GAN_ViT: 0.413 D_real_ViT: 0.251 D_fake_ViT: 0.146 global: 0.265 spatial: 0.072 
(epoch: 100, iters: 838, time: 0.390, data: 0.001) G_GAN_ViT: 0.303 D_real_ViT: 0.272 D_fake_ViT: 0.233 global: 0.383 spatial: 0.078 
(epoch: 100, iters: 938, time: 0.390, data: 0.002) G_GAN_ViT: 0.353 D_real_ViT: 0.186 D_fake_ViT: 0.190 global: 0.296 spatial: 0.080 
(epoch: 100, iters: 1038, time: 0.389, data: 0.001) G_GAN_ViT: 0.391 D_real_ViT: 0.185 D_fake_ViT: 0.167 global: 0.277 spatial: 0.073 
(epoch: 100, iters: 1138, time: 0.389, data: 0.001) G_GAN_ViT: 0.329 D_real_ViT: 0.231 D_fake_ViT: 0.227 global: 0.469 spatial: 0.103 
(epoch: 100, iters: 1238, time: 0.389, data: 0.001) G_GAN_ViT: 0.397 D_real_ViT: 0.274 D_fake_ViT: 0.157 global: 0.315 spatial: 0.082 
(epoch: 100, iters: 1338, time: 0.389, data: 0.002) G_GAN_ViT: 0.172 D_real_ViT: 0.289 D_fake_ViT: 0.366 global: 0.256 spatial: 0.061 
(epoch: 100, iters: 1438, time: 0.389, data: 0.002) G_GAN_ViT: 0.390 D_real_ViT: 0.279 D_fake_ViT: 0.178 global: 0.295 spatial: 0.073 
(epoch: 100, iters: 1538, time: 0.389, data: 0.002) G_GAN_ViT: 0.179 D_real_ViT: 0.217 D_fake_ViT: 0.377 global: 0.275 spatial: 0.092 
(epoch: 100, iters: 1638, time: 0.389, data: 0.002) G_GAN_ViT: 0.252 D_real_ViT: 0.183 D_fake_ViT: 0.278 global: 0.528 spatial: 0.086 
(epoch: 100, iters: 1738, time: 0.389, data: 0.002) G_GAN_ViT: 0.369 D_real_ViT: 0.261 D_fake_ViT: 0.209 global: 0.322 spatial: 0.093 
saving the latest model (epoch 100, total_iters 550000)
ICL_single_traffic_city
(epoch: 100, iters: 1838, time: 0.389, data: 0.001) G_GAN_ViT: 0.290 D_real_ViT: 0.269 D_fake_ViT: 0.258 global: 0.357 spatial: 0.094 
(epoch: 100, iters: 1938, time: 0.389, data: 0.002) G_GAN_ViT: 0.266 D_real_ViT: 0.184 D_fake_ViT: 0.262 global: 0.505 spatial: 0.083 
(epoch: 100, iters: 2038, time: 0.389, data: 0.002) G_GAN_ViT: 0.394 D_real_ViT: 0.145 D_fake_ViT: 0.165 global: 0.282 spatial: 0.087 
(epoch: 100, iters: 2138, time: 0.389, data: 0.002) G_GAN_ViT: 0.352 D_real_ViT: 0.339 D_fake_ViT: 0.193 global: 0.249 spatial: 0.062 
(epoch: 100, iters: 2238, time: 0.389, data: 0.002) G_GAN_ViT: 0.245 D_real_ViT: 0.311 D_fake_ViT: 0.285 global: 0.502 spatial: 0.096 
(epoch: 100, iters: 2338, time: 0.390, data: 0.001) G_GAN_ViT: 0.388 D_real_ViT: 0.246 D_fake_ViT: 0.172 global: 0.312 spatial: 0.090 
(epoch: 100, iters: 2438, time: 0.389, data: 0.001) G_GAN_ViT: 0.262 D_real_ViT: 0.276 D_fake_ViT: 0.289 global: 0.417 spatial: 0.081 
(epoch: 100, iters: 2538, time: 0.390, data: 0.002) G_GAN_ViT: 0.367 D_real_ViT: 0.197 D_fake_ViT: 0.184 global: 0.297 spatial: 0.073 
(epoch: 100, iters: 2638, time: 0.390, data: 0.002) G_GAN_ViT: 0.398 D_real_ViT: 0.171 D_fake_ViT: 0.170 global: 0.281 spatial: 0.074 
(epoch: 100, iters: 2738, time: 0.390, data: 0.002) G_GAN_ViT: 0.298 D_real_ViT: 0.283 D_fake_ViT: 0.229 global: 0.448 spatial: 0.082 
(epoch: 100, iters: 2838, time: 0.389, data: 0.002) G_GAN_ViT: 0.412 D_real_ViT: 0.108 D_fake_ViT: 0.151 global: 0.226 spatial: 0.057 
(epoch: 100, iters: 2938, time: 0.389, data: 0.002) G_GAN_ViT: 0.446 D_real_ViT: 0.266 D_fake_ViT: 0.129 global: 0.282 spatial: 0.076 
(epoch: 100, iters: 3038, time: 0.390, data: 0.002) G_GAN_ViT: 0.249 D_real_ViT: 0.267 D_fake_ViT: 0.292 global: 0.428 spatial: 0.093 
(epoch: 100, iters: 3138, time: 0.390, data: 0.002) G_GAN_ViT: 0.356 D_real_ViT: 0.092 D_fake_ViT: 0.193 global: 0.265 spatial: 0.079 
(epoch: 100, iters: 3238, time: 0.389, data: 0.002) G_GAN_ViT: 0.305 D_real_ViT: 0.231 D_fake_ViT: 0.228 global: 0.242 spatial: 0.056 
(epoch: 100, iters: 3338, time: 0.389, data: 0.002) G_GAN_ViT: 0.317 D_real_ViT: 0.130 D_fake_ViT: 0.224 global: 0.327 spatial: 0.079 
(epoch: 100, iters: 3438, time: 0.389, data: 0.002) G_GAN_ViT: 0.274 D_real_ViT: 0.385 D_fake_ViT: 0.257 global: 0.486 spatial: 0.080 
(epoch: 100, iters: 3538, time: 0.389, data: 0.002) G_GAN_ViT: 0.407 D_real_ViT: 0.240 D_fake_ViT: 0.156 global: 0.368 spatial: 0.081 
(epoch: 100, iters: 3638, time: 0.389, data: 0.002) G_GAN_ViT: 0.309 D_real_ViT: 0.310 D_fake_ViT: 0.220 global: 0.287 spatial: 0.061 
(epoch: 100, iters: 3738, time: 0.389, data: 0.002) G_GAN_ViT: 0.253 D_real_ViT: 0.208 D_fake_ViT: 0.277 global: 0.435 spatial: 0.083 
(epoch: 100, iters: 3838, time: 0.389, data: 0.002) G_GAN_ViT: 0.385 D_real_ViT: 0.216 D_fake_ViT: 0.165 global: 0.262 spatial: 0.072 
(epoch: 100, iters: 3938, time: 0.389, data: 0.002) G_GAN_ViT: 0.419 D_real_ViT: 0.295 D_fake_ViT: 0.146 global: 0.278 spatial: 0.075 
(epoch: 100, iters: 4038, time: 0.389, data: 0.002) G_GAN_ViT: 0.328 D_real_ViT: 0.371 D_fake_ViT: 0.228 global: 0.339 spatial: 0.075 
(epoch: 100, iters: 4138, time: 0.390, data: 0.002) G_GAN_ViT: 0.350 D_real_ViT: 0.334 D_fake_ViT: 0.195 global: 0.379 spatial: 0.085 
(epoch: 100, iters: 4238, time: 0.389, data: 0.002) G_GAN_ViT: 0.352 D_real_ViT: 0.363 D_fake_ViT: 0.186 global: 0.214 spatial: 0.061 
(epoch: 100, iters: 4338, time: 0.389, data: 0.002) G_GAN_ViT: 0.205 D_real_ViT: 0.166 D_fake_ViT: 0.336 global: 0.314 spatial: 0.096 
(epoch: 100, iters: 4438, time: 0.389, data: 0.002) G_GAN_ViT: 0.225 D_real_ViT: 0.247 D_fake_ViT: 0.311 global: 0.319 spatial: 0.092 
(epoch: 100, iters: 4538, time: 0.389, data: 0.002) G_GAN_ViT: 0.304 D_real_ViT: 0.210 D_fake_ViT: 0.235 global: 0.406 spatial: 0.088 
(epoch: 100, iters: 4638, time: 0.389, data: 0.001) G_GAN_ViT: 0.411 D_real_ViT: 0.242 D_fake_ViT: 0.160 global: 0.327 spatial: 0.074 
(epoch: 100, iters: 4738, time: 0.389, data: 0.002) G_GAN_ViT: 0.428 D_real_ViT: 0.338 D_fake_ViT: 0.157 global: 0.400 spatial: 0.086 
(epoch: 100, iters: 4838, time: 0.389, data: 0.002) G_GAN_ViT: 0.337 D_real_ViT: 0.419 D_fake_ViT: 0.206 global: 0.298 spatial: 0.077 
(epoch: 100, iters: 4938, time: 0.389, data: 0.002) G_GAN_ViT: 0.325 D_real_ViT: 0.301 D_fake_ViT: 0.212 global: 0.411 spatial: 0.074 
(epoch: 100, iters: 5038, time: 0.389, data: 0.001) G_GAN_ViT: 0.315 D_real_ViT: 0.098 D_fake_ViT: 0.220 global: 0.352 spatial: 0.070 
(epoch: 100, iters: 5138, time: 0.388, data: 0.002) G_GAN_ViT: 0.308 D_real_ViT: 0.219 D_fake_ViT: 0.222 global: 0.370 spatial: 0.090 
(epoch: 100, iters: 5238, time: 0.389, data: 0.001) G_GAN_ViT: 0.318 D_real_ViT: 0.174 D_fake_ViT: 0.225 global: 0.366 spatial: 0.084 
(epoch: 100, iters: 5338, time: 0.389, data: 0.002) G_GAN_ViT: 0.216 D_real_ViT: 0.250 D_fake_ViT: 0.321 global: 0.466 spatial: 0.096 
(epoch: 100, iters: 5438, time: 0.388, data: 0.002) G_GAN_ViT: 0.391 D_real_ViT: 0.248 D_fake_ViT: 0.160 global: 0.246 spatial: 0.067 
(epoch: 100, iters: 5538, time: 0.389, data: 0.002) G_GAN_ViT: 0.307 D_real_ViT: 0.171 D_fake_ViT: 0.222 global: 0.402 spatial: 0.074 
saving the model at the end of epoch 100, iters 553800
End of epoch 100 / 100 	 Time Taken: 2167 sec
learning rate = 0.0000000
