ArgumentParser(prog='train.py', usage=None, description=None, formatter_class=<class 'argparse.ArgumentDefaultsHelpFormatter'>, conflict_handler='error', add_help=True)
----------------- Options ---------------
            adj_size_list: [2, 4, 6, 8, 12]              
             atten_layers: 1,3,5                         
               batch_size: 1                             
                    beta1: 0.5                           
                    beta2: 0.999                         
          checkpoints_dir: /root/srp-translate/roma/checkpoints/roma_single	[default: ./checkpoints]
           continue_train: False                         
                crop_size: 256                           
                 dataroot: /root/dataset_archives/InfraredCity-Lite/Single/Monitor_std	[default: placeholder]
             dataset_mode: unaligned                     
                direction: AtoB                          
              display_env: main                          
             display_freq: 50                            
               display_id: -1                            	[default: None]
            display_ncols: 4                             
             display_port: 8097                          
           display_server: http://localhost              
          display_winsize: 256                           
               easy_label: experiment_name               
                    epoch: latest                        
              epoch_count: 1                             
          evaluation_freq: 5000                          
                 gan_mode: lsgan                         
                  gpu_ids: 0                             
                init_gain: 0.02                          
                init_type: xavier                        
                 input_nc: 3                             
                  isTrain: True                          	[default: None]
             lambda_D_ViT: 1.0                           
               lambda_GAN: 1.0                           
            lambda_global: 5.0                           	[default: 1.0]
               lambda_mlp: 1.0                           
            lambda_motion: 1.0                           
           lambda_spatial: 5.0                           	[default: 1.0]
                load_size: 286                           
               local_nums: 64                            	[default: 256]
                       lr: 1e-05                         	[default: 0.0002]
           lr_decay_iters: 50                            
                lr_policy: linear                        
         max_dataset_size: inf                           
                    model: roma_single                   	[default: cut]
                 n_epochs: 50                            	[default: 100]
           n_epochs_decay: 50                            	[default: 100]
               n_layers_D: 3                             
                     name: ICL_single_monitor            	[default: experiment_name]
                      ndf: 64                            
                     netD: basic                         
                     netG: resnet_9blocks                
                      ngf: 64                            
             no_antialias: False                         
          no_antialias_up: False                         
               no_dropout: True                          
                  no_flip: True                          	[default: False]
                  no_html: True                          	[default: False]
                    normD: instance                      
                    normG: instance                      
              num_threads: 4                             
                output_nc: 3                             
                    phase: train                         
                pool_size: 0                             
               preprocess: resize_and_crop               
          pretrained_name: None                          
               print_freq: 100                           
         random_scale_max: 3.0                           
             save_by_iter: False                         
          save_epoch_freq: 5                             
         save_latest_freq: 5000                          
           serial_batches: False                         
              side_length: 7                             
stylegan2_G_num_downsampling: 1                             
                   suffix:                               
         update_html_freq: 1000                          
                  use_idt: False                         
                  verbose: False                         
            which_D_layer: -1                            
----------------- End -------------------
dataset [UnalignedDataset] was created
model [ROMASingleModel] was created
The number of training images = 5612
---------- Networks initialized -------------
[Network G] Total number of parameters : 11.378 M
[Network D_ViT] Total number of parameters : 1.181 M
-----------------------------------------------
(epoch: 1, iters: 100, time: 0.239, data: 0.088) G_GAN_ViT: 0.903 D_real_ViT: 0.797 D_fake_ViT: 0.257 global: 0.347 spatial: 0.052 
(epoch: 1, iters: 200, time: 0.336, data: 0.002) G_GAN_ViT: 0.673 D_real_ViT: 0.520 D_fake_ViT: 0.261 global: 0.270 spatial: 0.034 
(epoch: 1, iters: 300, time: 0.394, data: 0.001) G_GAN_ViT: 0.626 D_real_ViT: 0.365 D_fake_ViT: 0.274 global: 0.317 spatial: 0.057 
(epoch: 1, iters: 400, time: 0.431, data: 0.001) G_GAN_ViT: 0.570 D_real_ViT: 0.310 D_fake_ViT: 0.249 global: 0.289 spatial: 0.058 
(epoch: 1, iters: 500, time: 0.453, data: 0.001) G_GAN_ViT: 0.566 D_real_ViT: 0.253 D_fake_ViT: 0.249 global: 0.321 spatial: 0.047 
(epoch: 1, iters: 600, time: 0.467, data: 0.001) G_GAN_ViT: 0.583 D_real_ViT: 0.228 D_fake_ViT: 0.225 global: 0.418 spatial: 0.077 
(epoch: 1, iters: 700, time: 0.476, data: 0.001) G_GAN_ViT: 0.616 D_real_ViT: 0.226 D_fake_ViT: 0.183 global: 0.394 spatial: 0.069 
(epoch: 1, iters: 800, time: 0.481, data: 0.001) G_GAN_ViT: 0.567 D_real_ViT: 0.197 D_fake_ViT: 0.183 global: 0.373 spatial: 0.058 
(epoch: 1, iters: 900, time: 0.483, data: 0.001) G_GAN_ViT: 0.601 D_real_ViT: 0.190 D_fake_ViT: 0.187 global: 0.401 spatial: 0.077 
(epoch: 1, iters: 1000, time: 0.486, data: 0.001) G_GAN_ViT: 0.582 D_real_ViT: 0.214 D_fake_ViT: 0.173 global: 0.357 spatial: 0.060 
(epoch: 1, iters: 1100, time: 0.487, data: 0.001) G_GAN_ViT: 0.655 D_real_ViT: 0.170 D_fake_ViT: 0.141 global: 0.453 spatial: 0.071 
(epoch: 1, iters: 1200, time: 0.488, data: 0.001) G_GAN_ViT: 0.590 D_real_ViT: 0.128 D_fake_ViT: 0.170 global: 0.520 spatial: 0.073 
(epoch: 1, iters: 1300, time: 0.488, data: 0.001) G_GAN_ViT: 0.564 D_real_ViT: 0.154 D_fake_ViT: 0.177 global: 0.433 spatial: 0.059 
(epoch: 1, iters: 1400, time: 0.489, data: 0.001) G_GAN_ViT: 0.530 D_real_ViT: 0.134 D_fake_ViT: 0.182 global: 0.398 spatial: 0.065 
(epoch: 1, iters: 1500, time: 0.489, data: 0.001) G_GAN_ViT: 0.493 D_real_ViT: 0.180 D_fake_ViT: 0.182 global: 0.347 spatial: 0.054 
(epoch: 1, iters: 1600, time: 0.489, data: 0.001) G_GAN_ViT: 0.608 D_real_ViT: 0.144 D_fake_ViT: 0.147 global: 0.440 spatial: 0.081 
(epoch: 1, iters: 1700, time: 0.489, data: 0.002) G_GAN_ViT: 0.550 D_real_ViT: 0.184 D_fake_ViT: 0.168 global: 0.418 spatial: 0.079 
(epoch: 1, iters: 1800, time: 0.489, data: 0.001) G_GAN_ViT: 0.599 D_real_ViT: 0.392 D_fake_ViT: 0.137 global: 0.391 spatial: 0.088 
(epoch: 1, iters: 1900, time: 0.489, data: 0.001) G_GAN_ViT: 0.577 D_real_ViT: 0.120 D_fake_ViT: 0.161 global: 0.490 spatial: 0.076 
(epoch: 1, iters: 2000, time: 0.489, data: 0.001) G_GAN_ViT: 0.508 D_real_ViT: 0.245 D_fake_ViT: 0.182 global: 0.477 spatial: 0.077 
(epoch: 1, iters: 2100, time: 0.489, data: 0.001) G_GAN_ViT: 0.446 D_real_ViT: 0.170 D_fake_ViT: 0.208 global: 0.350 spatial: 0.059 
(epoch: 1, iters: 2200, time: 0.489, data: 0.001) G_GAN_ViT: 0.582 D_real_ViT: 0.271 D_fake_ViT: 0.134 global: 0.381 spatial: 0.082 
(epoch: 1, iters: 2300, time: 0.489, data: 0.002) G_GAN_ViT: 0.428 D_real_ViT: 0.208 D_fake_ViT: 0.225 global: 0.449 spatial: 0.070 
(epoch: 1, iters: 2400, time: 0.489, data: 0.001) G_GAN_ViT: 0.656 D_real_ViT: 0.179 D_fake_ViT: 0.119 global: 0.571 spatial: 0.094 
(epoch: 1, iters: 2500, time: 0.489, data: 0.001) G_GAN_ViT: 0.544 D_real_ViT: 0.172 D_fake_ViT: 0.159 global: 0.462 spatial: 0.122 
(epoch: 1, iters: 2600, time: 0.489, data: 0.001) G_GAN_ViT: 0.523 D_real_ViT: 0.152 D_fake_ViT: 0.174 global: 0.381 spatial: 0.078 
(epoch: 1, iters: 2700, time: 0.489, data: 0.002) G_GAN_ViT: 0.519 D_real_ViT: 0.175 D_fake_ViT: 0.164 global: 0.468 spatial: 0.096 
(epoch: 1, iters: 2800, time: 0.489, data: 0.001) G_GAN_ViT: 0.509 D_real_ViT: 0.177 D_fake_ViT: 0.178 global: 0.388 spatial: 0.090 
(epoch: 1, iters: 2900, time: 0.489, data: 0.001) G_GAN_ViT: 0.526 D_real_ViT: 0.225 D_fake_ViT: 0.153 global: 0.472 spatial: 0.089 
(epoch: 1, iters: 3000, time: 0.489, data: 0.001) G_GAN_ViT: 0.452 D_real_ViT: 0.132 D_fake_ViT: 0.208 global: 0.438 spatial: 0.083 
(epoch: 1, iters: 3100, time: 0.489, data: 0.001) G_GAN_ViT: 0.433 D_real_ViT: 0.110 D_fake_ViT: 0.206 global: 0.340 spatial: 0.059 
(epoch: 1, iters: 3200, time: 0.489, data: 0.001) G_GAN_ViT: 0.529 D_real_ViT: 0.167 D_fake_ViT: 0.158 global: 0.547 spatial: 0.093 
(epoch: 1, iters: 3300, time: 0.489, data: 0.001) G_GAN_ViT: 0.425 D_real_ViT: 0.143 D_fake_ViT: 0.202 global: 0.303 spatial: 0.051 
(epoch: 1, iters: 3400, time: 0.489, data: 0.001) G_GAN_ViT: 0.481 D_real_ViT: 0.169 D_fake_ViT: 0.183 global: 0.447 spatial: 0.086 
(epoch: 1, iters: 3500, time: 0.489, data: 0.001) G_GAN_ViT: 0.514 D_real_ViT: 0.116 D_fake_ViT: 0.161 global: 0.361 spatial: 0.089 
(epoch: 1, iters: 3600, time: 0.489, data: 0.001) G_GAN_ViT: 0.536 D_real_ViT: 0.231 D_fake_ViT: 0.162 global: 0.488 spatial: 0.077 
(epoch: 1, iters: 3700, time: 0.489, data: 0.001) G_GAN_ViT: 0.390 D_real_ViT: 0.152 D_fake_ViT: 0.238 global: 0.432 spatial: 0.081 
(epoch: 1, iters: 3800, time: 0.489, data: 0.001) G_GAN_ViT: 0.356 D_real_ViT: 0.143 D_fake_ViT: 0.257 global: 0.447 spatial: 0.058 
(epoch: 1, iters: 3900, time: 0.489, data: 0.001) G_GAN_ViT: 0.501 D_real_ViT: 0.175 D_fake_ViT: 0.180 global: 0.488 spatial: 0.085 
(epoch: 1, iters: 4000, time: 0.489, data: 0.001) G_GAN_ViT: 0.614 D_real_ViT: 0.180 D_fake_ViT: 0.126 global: 0.471 spatial: 0.072 
(epoch: 1, iters: 4100, time: 0.489, data: 0.002) G_GAN_ViT: 0.551 D_real_ViT: 0.115 D_fake_ViT: 0.143 global: 0.433 spatial: 0.085 
(epoch: 1, iters: 4200, time: 0.489, data: 0.001) G_GAN_ViT: 0.386 D_real_ViT: 0.223 D_fake_ViT: 0.231 global: 0.395 spatial: 0.072 
(epoch: 1, iters: 4300, time: 0.489, data: 0.001) G_GAN_ViT: 0.405 D_real_ViT: 0.266 D_fake_ViT: 0.222 global: 0.421 spatial: 0.089 
(epoch: 1, iters: 4400, time: 0.489, data: 0.001) G_GAN_ViT: 0.452 D_real_ViT: 0.094 D_fake_ViT: 0.183 global: 0.347 spatial: 0.061 
(epoch: 1, iters: 4500, time: 0.489, data: 0.001) G_GAN_ViT: 0.472 D_real_ViT: 0.142 D_fake_ViT: 0.185 global: 0.414 spatial: 0.068 
(epoch: 1, iters: 4600, time: 0.489, data: 0.001) G_GAN_ViT: 0.510 D_real_ViT: 0.247 D_fake_ViT: 0.162 global: 0.398 spatial: 0.091 
(epoch: 1, iters: 4700, time: 0.489, data: 0.002) G_GAN_ViT: 0.383 D_real_ViT: 0.211 D_fake_ViT: 0.229 global: 0.401 spatial: 0.086 
(epoch: 1, iters: 4800, time: 0.489, data: 0.001) G_GAN_ViT: 0.284 D_real_ViT: 0.182 D_fake_ViT: 0.324 global: 0.362 spatial: 0.063 
(epoch: 1, iters: 4900, time: 0.489, data: 0.001) G_GAN_ViT: 0.509 D_real_ViT: 0.226 D_fake_ViT: 0.153 global: 0.406 spatial: 0.091 
(epoch: 1, iters: 5000, time: 0.488, data: 0.001) G_GAN_ViT: 0.513 D_real_ViT: 0.190 D_fake_ViT: 0.162 global: 0.492 spatial: 0.078 
saving the latest model (epoch 1, total_iters 5000)
ICL_single_monitor
(epoch: 1, iters: 5100, time: 0.487, data: 0.001) G_GAN_ViT: 0.392 D_real_ViT: 0.267 D_fake_ViT: 0.207 global: 0.400 spatial: 0.063 
(epoch: 1, iters: 5200, time: 0.488, data: 0.001) G_GAN_ViT: 0.473 D_real_ViT: 0.229 D_fake_ViT: 0.155 global: 0.310 spatial: 0.057 
(epoch: 1, iters: 5300, time: 0.488, data: 0.002) G_GAN_ViT: 0.461 D_real_ViT: 0.177 D_fake_ViT: 0.173 global: 0.484 spatial: 0.084 
(epoch: 1, iters: 5400, time: 0.488, data: 0.001) G_GAN_ViT: 0.452 D_real_ViT: 0.260 D_fake_ViT: 0.173 global: 0.363 spatial: 0.073 
(epoch: 1, iters: 5500, time: 0.488, data: 0.001) G_GAN_ViT: 0.321 D_real_ViT: 0.181 D_fake_ViT: 0.265 global: 0.439 spatial: 0.075 
(epoch: 1, iters: 5600, time: 0.489, data: 0.001) G_GAN_ViT: 0.438 D_real_ViT: 0.197 D_fake_ViT: 0.176 global: 0.302 spatial: 0.054 
End of epoch 1 / 100 	 Time Taken: 2747 sec
learning rate = 0.0000100
(epoch: 2, iters: 88, time: 0.489, data: 0.001) G_GAN_ViT: 0.538 D_real_ViT: 0.154 D_fake_ViT: 0.134 global: 0.350 spatial: 0.069 
(epoch: 2, iters: 188, time: 0.489, data: 0.001) G_GAN_ViT: 0.460 D_real_ViT: 0.145 D_fake_ViT: 0.174 global: 0.402 spatial: 0.066 
(epoch: 2, iters: 288, time: 0.489, data: 0.001) G_GAN_ViT: 0.438 D_real_ViT: 0.124 D_fake_ViT: 0.178 global: 0.400 spatial: 0.082 
(epoch: 2, iters: 388, time: 0.489, data: 0.001) G_GAN_ViT: 0.562 D_real_ViT: 0.166 D_fake_ViT: 0.137 global: 0.529 spatial: 0.095 
(epoch: 2, iters: 488, time: 0.489, data: 0.001) G_GAN_ViT: 0.499 D_real_ViT: 0.234 D_fake_ViT: 0.161 global: 0.360 spatial: 0.086 
(epoch: 2, iters: 588, time: 0.489, data: 0.001) G_GAN_ViT: 0.492 D_real_ViT: 0.297 D_fake_ViT: 0.173 global: 0.388 spatial: 0.096 
(epoch: 2, iters: 688, time: 0.489, data: 0.001) G_GAN_ViT: 0.435 D_real_ViT: 0.185 D_fake_ViT: 0.187 global: 0.434 spatial: 0.087 
(epoch: 2, iters: 788, time: 0.489, data: 0.001) G_GAN_ViT: 0.427 D_real_ViT: 0.147 D_fake_ViT: 0.184 global: 0.419 spatial: 0.063 
(epoch: 2, iters: 888, time: 0.489, data: 0.001) G_GAN_ViT: 0.576 D_real_ViT: 0.247 D_fake_ViT: 0.111 global: 0.319 spatial: 0.059 
(epoch: 2, iters: 988, time: 0.489, data: 0.001) G_GAN_ViT: 0.517 D_real_ViT: 0.159 D_fake_ViT: 0.134 global: 0.321 spatial: 0.046 
(epoch: 2, iters: 1088, time: 0.489, data: 0.002) G_GAN_ViT: 0.382 D_real_ViT: 0.300 D_fake_ViT: 0.210 global: 0.431 spatial: 0.086 
(epoch: 2, iters: 1188, time: 0.489, data: 0.001) G_GAN_ViT: 0.457 D_real_ViT: 0.237 D_fake_ViT: 0.188 global: 0.510 spatial: 0.080 
(epoch: 2, iters: 1288, time: 0.489, data: 0.001) G_GAN_ViT: 0.383 D_real_ViT: 0.203 D_fake_ViT: 0.233 global: 0.483 spatial: 0.096 
(epoch: 2, iters: 1388, time: 0.489, data: 0.001) G_GAN_ViT: 0.445 D_real_ViT: 0.231 D_fake_ViT: 0.188 global: 0.458 spatial: 0.088 
(epoch: 2, iters: 1488, time: 0.489, data: 0.001) G_GAN_ViT: 0.412 D_real_ViT: 0.154 D_fake_ViT: 0.222 global: 0.452 spatial: 0.089 
(epoch: 2, iters: 1588, time: 0.489, data: 0.001) G_GAN_ViT: 0.540 D_real_ViT: 0.180 D_fake_ViT: 0.144 global: 0.386 spatial: 0.087 
(epoch: 2, iters: 1688, time: 0.489, data: 0.001) G_GAN_ViT: 0.460 D_real_ViT: 0.266 D_fake_ViT: 0.183 global: 0.312 spatial: 0.085 
(epoch: 2, iters: 1788, time: 0.489, data: 0.001) G_GAN_ViT: 0.378 D_real_ViT: 0.130 D_fake_ViT: 0.214 global: 0.311 spatial: 0.063 
(epoch: 2, iters: 1888, time: 0.489, data: 0.001) G_GAN_ViT: 0.505 D_real_ViT: 0.290 D_fake_ViT: 0.137 global: 0.315 spatial: 0.055 
(epoch: 2, iters: 1988, time: 0.489, data: 0.001) G_GAN_ViT: 0.378 D_real_ViT: 0.244 D_fake_ViT: 0.210 global: 0.369 spatial: 0.056 
(epoch: 2, iters: 2088, time: 0.489, data: 0.001) G_GAN_ViT: 0.450 D_real_ViT: 0.083 D_fake_ViT: 0.178 global: 0.517 spatial: 0.090 
(epoch: 2, iters: 2188, time: 0.489, data: 0.001) G_GAN_ViT: 0.444 D_real_ViT: 0.161 D_fake_ViT: 0.203 global: 0.451 spatial: 0.095 
(epoch: 2, iters: 2288, time: 0.489, data: 0.001) G_GAN_ViT: 0.353 D_real_ViT: 0.267 D_fake_ViT: 0.237 global: 0.428 spatial: 0.084 
(epoch: 2, iters: 2388, time: 0.489, data: 0.001) G_GAN_ViT: 0.594 D_real_ViT: 0.355 D_fake_ViT: 0.104 global: 0.431 spatial: 0.089 
(epoch: 2, iters: 2488, time: 0.489, data: 0.001) G_GAN_ViT: 0.528 D_real_ViT: 0.212 D_fake_ViT: 0.150 global: 0.327 spatial: 0.086 
(epoch: 2, iters: 2588, time: 0.489, data: 0.001) G_GAN_ViT: 0.443 D_real_ViT: 0.202 D_fake_ViT: 0.182 global: 0.342 spatial: 0.076 
(epoch: 2, iters: 2688, time: 0.489, data: 0.002) G_GAN_ViT: 0.397 D_real_ViT: 0.201 D_fake_ViT: 0.211 global: 0.470 spatial: 0.093 
(epoch: 2, iters: 2788, time: 0.489, data: 0.001) G_GAN_ViT: 0.466 D_real_ViT: 0.245 D_fake_ViT: 0.159 global: 0.384 spatial: 0.071 
(epoch: 2, iters: 2888, time: 0.489, data: 0.001) G_GAN_ViT: 0.385 D_real_ViT: 0.179 D_fake_ViT: 0.211 global: 0.405 spatial: 0.092 
(epoch: 2, iters: 2988, time: 0.489, data: 0.001) G_GAN_ViT: 0.417 D_real_ViT: 0.084 D_fake_ViT: 0.205 global: 0.454 spatial: 0.087 
(epoch: 2, iters: 3088, time: 0.489, data: 0.002) G_GAN_ViT: 0.407 D_real_ViT: 0.196 D_fake_ViT: 0.206 global: 0.366 spatial: 0.073 
(epoch: 2, iters: 3188, time: 0.489, data: 0.001) G_GAN_ViT: 0.786 D_real_ViT: 0.165 D_fake_ViT: 0.078 global: 0.379 spatial: 0.100 
(epoch: 2, iters: 3288, time: 0.489, data: 0.001) G_GAN_ViT: 0.439 D_real_ViT: 0.225 D_fake_ViT: 0.174 global: 0.417 spatial: 0.070 
(epoch: 2, iters: 3388, time: 0.490, data: 0.001) G_GAN_ViT: 0.563 D_real_ViT: 0.115 D_fake_ViT: 0.133 global: 0.385 spatial: 0.101 
(epoch: 2, iters: 3488, time: 0.490, data: 0.001) G_GAN_ViT: 0.444 D_real_ViT: 0.156 D_fake_ViT: 0.181 global: 0.416 spatial: 0.074 
(epoch: 2, iters: 3588, time: 0.490, data: 0.001) G_GAN_ViT: 0.412 D_real_ViT: 0.243 D_fake_ViT: 0.195 global: 0.441 spatial: 0.082 
(epoch: 2, iters: 3688, time: 0.489, data: 0.001) G_GAN_ViT: 0.482 D_real_ViT: 0.347 D_fake_ViT: 0.141 global: 0.448 spatial: 0.079 
(epoch: 2, iters: 3788, time: 0.489, data: 0.002) G_GAN_ViT: 0.446 D_real_ViT: 0.118 D_fake_ViT: 0.191 global: 0.377 spatial: 0.079 
(epoch: 2, iters: 3888, time: 0.489, data: 0.001) G_GAN_ViT: 0.325 D_real_ViT: 0.165 D_fake_ViT: 0.257 global: 0.507 spatial: 0.089 
(epoch: 2, iters: 3988, time: 0.489, data: 0.001) G_GAN_ViT: 0.332 D_real_ViT: 0.107 D_fake_ViT: 0.280 global: 0.393 spatial: 0.083 
(epoch: 2, iters: 4088, time: 0.489, data: 0.001) G_GAN_ViT: 0.469 D_real_ViT: 0.349 D_fake_ViT: 0.147 global: 0.321 spatial: 0.047 
(epoch: 2, iters: 4188, time: 0.489, data: 0.001) G_GAN_ViT: 0.293 D_real_ViT: 0.228 D_fake_ViT: 0.296 global: 0.495 spatial: 0.094 
(epoch: 2, iters: 4288, time: 0.489, data: 0.001) G_GAN_ViT: 0.558 D_real_ViT: 0.393 D_fake_ViT: 0.121 global: 0.344 spatial: 0.099 
(epoch: 2, iters: 4388, time: 0.488, data: 0.002) G_GAN_ViT: 0.449 D_real_ViT: 0.136 D_fake_ViT: 0.188 global: 0.433 spatial: 0.091 
saving the latest model (epoch 2, total_iters 10000)
ICL_single_monitor
(epoch: 2, iters: 4488, time: 0.487, data: 0.001) G_GAN_ViT: 0.357 D_real_ViT: 0.150 D_fake_ViT: 0.236 global: 0.437 spatial: 0.084 
(epoch: 2, iters: 4588, time: 0.488, data: 0.001) G_GAN_ViT: 0.510 D_real_ViT: 0.171 D_fake_ViT: 0.134 global: 0.297 spatial: 0.056 
(epoch: 2, iters: 4688, time: 0.488, data: 0.001) G_GAN_ViT: 0.350 D_real_ViT: 0.118 D_fake_ViT: 0.243 global: 0.445 spatial: 0.100 
(epoch: 2, iters: 4788, time: 0.488, data: 0.002) G_GAN_ViT: 0.516 D_real_ViT: 0.268 D_fake_ViT: 0.136 global: 0.387 spatial: 0.065 
(epoch: 2, iters: 4888, time: 0.489, data: 0.001) G_GAN_ViT: 0.429 D_real_ViT: 0.169 D_fake_ViT: 0.177 global: 0.459 spatial: 0.080 
(epoch: 2, iters: 4988, time: 0.489, data: 0.002) G_GAN_ViT: 0.404 D_real_ViT: 0.105 D_fake_ViT: 0.213 global: 0.429 spatial: 0.092 
(epoch: 2, iters: 5088, time: 0.489, data: 0.001) G_GAN_ViT: 0.597 D_real_ViT: 0.144 D_fake_ViT: 0.104 global: 0.423 spatial: 0.059 
(epoch: 2, iters: 5188, time: 0.489, data: 0.001) G_GAN_ViT: 0.488 D_real_ViT: 0.249 D_fake_ViT: 0.145 global: 0.366 spatial: 0.086 
(epoch: 2, iters: 5288, time: 0.489, data: 0.001) G_GAN_ViT: 0.400 D_real_ViT: 0.113 D_fake_ViT: 0.196 global: 0.436 spatial: 0.090 
(epoch: 2, iters: 5388, time: 0.489, data: 0.002) G_GAN_ViT: 0.367 D_real_ViT: 0.328 D_fake_ViT: 0.212 global: 0.485 spatial: 0.082 
(epoch: 2, iters: 5488, time: 0.489, data: 0.001) G_GAN_ViT: 0.515 D_real_ViT: 0.234 D_fake_ViT: 0.141 global: 0.394 spatial: 0.056 
(epoch: 2, iters: 5588, time: 0.489, data: 0.001) G_GAN_ViT: 0.404 D_real_ViT: 0.134 D_fake_ViT: 0.226 global: 0.467 spatial: 0.089 
End of epoch 2 / 100 	 Time Taken: 2753 sec
learning rate = 0.0000100
(epoch: 3, iters: 76, time: 0.489, data: 0.002) G_GAN_ViT: 0.446 D_real_ViT: 0.182 D_fake_ViT: 0.175 global: 0.367 spatial: 0.074 
(epoch: 3, iters: 176, time: 0.489, data: 0.001) G_GAN_ViT: 0.276 D_real_ViT: 0.123 D_fake_ViT: 0.332 global: 0.496 spatial: 0.096 
(epoch: 3, iters: 276, time: 0.489, data: 0.001) G_GAN_ViT: 0.339 D_real_ViT: 0.174 D_fake_ViT: 0.253 global: 0.357 spatial: 0.060 
(epoch: 3, iters: 376, time: 0.489, data: 0.001) G_GAN_ViT: 0.491 D_real_ViT: 0.291 D_fake_ViT: 0.131 global: 0.414 spatial: 0.083 
(epoch: 3, iters: 476, time: 0.490, data: 0.001) G_GAN_ViT: 0.345 D_real_ViT: 0.133 D_fake_ViT: 0.250 global: 0.443 spatial: 0.089 
(epoch: 3, iters: 576, time: 0.490, data: 0.001) G_GAN_ViT: 0.535 D_real_ViT: 0.165 D_fake_ViT: 0.115 global: 0.334 spatial: 0.051 
(epoch: 3, iters: 676, time: 0.490, data: 0.002) G_GAN_ViT: 0.560 D_real_ViT: 0.092 D_fake_ViT: 0.108 global: 0.323 spatial: 0.051 
(epoch: 3, iters: 776, time: 0.490, data: 0.001) G_GAN_ViT: 0.465 D_real_ViT: 0.124 D_fake_ViT: 0.157 global: 0.320 spatial: 0.060 
(epoch: 3, iters: 876, time: 0.490, data: 0.002) G_GAN_ViT: 0.543 D_real_ViT: 0.190 D_fake_ViT: 0.117 global: 0.471 spatial: 0.078 
(epoch: 3, iters: 976, time: 0.490, data: 0.001) G_GAN_ViT: 0.390 D_real_ViT: 0.156 D_fake_ViT: 0.208 global: 0.454 spatial: 0.080 
(epoch: 3, iters: 1076, time: 0.490, data: 0.002) G_GAN_ViT: 0.570 D_real_ViT: 0.184 D_fake_ViT: 0.109 global: 0.442 spatial: 0.072 
(epoch: 3, iters: 1176, time: 0.490, data: 0.001) G_GAN_ViT: 0.319 D_real_ViT: 0.146 D_fake_ViT: 0.270 global: 0.401 spatial: 0.093 
(epoch: 3, iters: 1276, time: 0.490, data: 0.001) G_GAN_ViT: 0.417 D_real_ViT: 0.195 D_fake_ViT: 0.194 global: 0.451 spatial: 0.090 
(epoch: 3, iters: 1376, time: 0.490, data: 0.001) G_GAN_ViT: 0.439 D_real_ViT: 0.153 D_fake_ViT: 0.192 global: 0.448 spatial: 0.094 
(epoch: 3, iters: 1476, time: 0.490, data: 0.001) G_GAN_ViT: 0.375 D_real_ViT: 0.168 D_fake_ViT: 0.217 global: 0.419 spatial: 0.079 
(epoch: 3, iters: 1576, time: 0.490, data: 0.001) G_GAN_ViT: 0.500 D_real_ViT: 0.191 D_fake_ViT: 0.142 global: 0.397 spatial: 0.095 
(epoch: 3, iters: 1676, time: 0.490, data: 0.001) G_GAN_ViT: 0.457 D_real_ViT: 0.114 D_fake_ViT: 0.180 global: 0.370 spatial: 0.082 
(epoch: 3, iters: 1776, time: 0.489, data: 0.001) G_GAN_ViT: 0.427 D_real_ViT: 0.256 D_fake_ViT: 0.179 global: 0.410 spatial: 0.078 
(epoch: 3, iters: 1876, time: 0.489, data: 0.001) G_GAN_ViT: 0.564 D_real_ViT: 0.175 D_fake_ViT: 0.103 global: 0.456 spatial: 0.072 
(epoch: 3, iters: 1976, time: 0.488, data: 0.001) G_GAN_ViT: 0.559 D_real_ViT: 0.153 D_fake_ViT: 0.109 global: 0.351 spatial: 0.054 
(epoch: 3, iters: 2076, time: 0.488, data: 0.001) G_GAN_ViT: 0.597 D_real_ViT: 0.208 D_fake_ViT: 0.107 global: 0.436 spatial: 0.080 
(epoch: 3, iters: 2176, time: 0.488, data: 0.001) G_GAN_ViT: 0.570 D_real_ViT: 0.152 D_fake_ViT: 0.121 global: 0.417 spatial: 0.061 
(epoch: 3, iters: 2276, time: 0.488, data: 0.005) G_GAN_ViT: 0.540 D_real_ViT: 0.195 D_fake_ViT: 0.116 global: 0.481 spatial: 0.062 
(epoch: 3, iters: 2376, time: 0.488, data: 0.001) G_GAN_ViT: 0.407 D_real_ViT: 0.126 D_fake_ViT: 0.193 global: 0.436 spatial: 0.084 
(epoch: 3, iters: 2476, time: 0.488, data: 0.001) G_GAN_ViT: 0.665 D_real_ViT: 0.105 D_fake_ViT: 0.099 global: 0.396 spatial: 0.086 
(epoch: 3, iters: 2576, time: 0.488, data: 0.002) G_GAN_ViT: 0.462 D_real_ViT: 0.183 D_fake_ViT: 0.144 global: 0.311 spatial: 0.047 
(epoch: 3, iters: 2676, time: 0.488, data: 0.002) G_GAN_ViT: 0.288 D_real_ViT: 0.194 D_fake_ViT: 0.305 global: 0.418 spatial: 0.102 
(epoch: 3, iters: 2776, time: 0.488, data: 0.001) G_GAN_ViT: 0.564 D_real_ViT: 0.244 D_fake_ViT: 0.101 global: 0.328 spatial: 0.055 
(epoch: 3, iters: 2876, time: 0.488, data: 0.001) G_GAN_ViT: 0.430 D_real_ViT: 0.134 D_fake_ViT: 0.189 global: 0.402 spatial: 0.084 
(epoch: 3, iters: 2976, time: 0.488, data: 0.001) G_GAN_ViT: 0.397 D_real_ViT: 0.127 D_fake_ViT: 0.188 global: 0.342 spatial: 0.071 
(epoch: 3, iters: 3076, time: 0.488, data: 0.001) G_GAN_ViT: 0.594 D_real_ViT: 0.189 D_fake_ViT: 0.114 global: 0.391 spatial: 0.071 
(epoch: 3, iters: 3176, time: 0.489, data: 0.001) G_GAN_ViT: 0.562 D_real_ViT: 0.114 D_fake_ViT: 0.102 global: 0.418 spatial: 0.068 
(epoch: 3, iters: 3276, time: 0.489, data: 0.001) G_GAN_ViT: 0.356 D_real_ViT: 0.276 D_fake_ViT: 0.240 global: 0.466 spatial: 0.099 
(epoch: 3, iters: 3376, time: 0.488, data: 0.001) G_GAN_ViT: 0.442 D_real_ViT: 0.184 D_fake_ViT: 0.159 global: 0.340 spatial: 0.054 
(epoch: 3, iters: 3476, time: 0.488, data: 0.001) G_GAN_ViT: 0.396 D_real_ViT: 0.209 D_fake_ViT: 0.197 global: 0.446 spatial: 0.080 
(epoch: 3, iters: 3576, time: 0.488, data: 0.001) G_GAN_ViT: 0.513 D_real_ViT: 0.119 D_fake_ViT: 0.124 global: 0.357 spatial: 0.053 
(epoch: 3, iters: 3676, time: 0.488, data: 0.001) G_GAN_ViT: 0.498 D_real_ViT: 0.130 D_fake_ViT: 0.140 global: 0.359 spatial: 0.055 
(epoch: 3, iters: 3776, time: 0.487, data: 0.001) G_GAN_ViT: 0.498 D_real_ViT: 0.214 D_fake_ViT: 0.140 global: 0.397 spatial: 0.092 
saving the latest model (epoch 3, total_iters 15000)
ICL_single_monitor
(epoch: 3, iters: 3876, time: 0.487, data: 0.001) G_GAN_ViT: 0.399 D_real_ViT: 0.141 D_fake_ViT: 0.192 global: 0.425 spatial: 0.093 
(epoch: 3, iters: 3976, time: 0.487, data: 0.001) G_GAN_ViT: 0.485 D_real_ViT: 0.094 D_fake_ViT: 0.144 global: 0.343 spatial: 0.049 
(epoch: 3, iters: 4076, time: 0.487, data: 0.001) G_GAN_ViT: 0.636 D_real_ViT: 0.525 D_fake_ViT: 0.074 global: 0.383 spatial: 0.057 
(epoch: 3, iters: 4176, time: 0.488, data: 0.001) G_GAN_ViT: 0.407 D_real_ViT: 0.136 D_fake_ViT: 0.186 global: 0.452 spatial: 0.075 
(epoch: 3, iters: 4276, time: 0.488, data: 0.001) G_GAN_ViT: 0.386 D_real_ViT: 0.195 D_fake_ViT: 0.204 global: 0.376 spatial: 0.066 
(epoch: 3, iters: 4376, time: 0.489, data: 0.001) G_GAN_ViT: 0.519 D_real_ViT: 0.220 D_fake_ViT: 0.159 global: 0.469 spatial: 0.097 
(epoch: 3, iters: 4476, time: 0.488, data: 0.001) G_GAN_ViT: 0.616 D_real_ViT: 0.124 D_fake_ViT: 0.129 global: 0.408 spatial: 0.092 
(epoch: 3, iters: 4576, time: 0.488, data: 0.001) G_GAN_ViT: 0.670 D_real_ViT: 0.173 D_fake_ViT: 0.088 global: 0.390 spatial: 0.074 
(epoch: 3, iters: 4676, time: 0.488, data: 0.001) G_GAN_ViT: 0.415 D_real_ViT: 0.206 D_fake_ViT: 0.185 global: 0.375 spatial: 0.056 
(epoch: 3, iters: 4776, time: 0.488, data: 0.002) G_GAN_ViT: 0.475 D_real_ViT: 0.153 D_fake_ViT: 0.145 global: 0.469 spatial: 0.081 
(epoch: 3, iters: 4876, time: 0.488, data: 0.001) G_GAN_ViT: 0.469 D_real_ViT: 0.143 D_fake_ViT: 0.147 global: 0.369 spatial: 0.066 
(epoch: 3, iters: 4976, time: 0.488, data: 0.001) G_GAN_ViT: 0.420 D_real_ViT: 0.256 D_fake_ViT: 0.200 global: 0.393 spatial: 0.083 
(epoch: 3, iters: 5076, time: 0.488, data: 0.001) G_GAN_ViT: 0.490 D_real_ViT: 0.112 D_fake_ViT: 0.162 global: 0.424 spatial: 0.083 
(epoch: 3, iters: 5176, time: 0.488, data: 0.001) G_GAN_ViT: 0.314 D_real_ViT: 0.120 D_fake_ViT: 0.264 global: 0.455 spatial: 0.090 
(epoch: 3, iters: 5276, time: 0.488, data: 0.001) G_GAN_ViT: 0.464 D_real_ViT: 0.116 D_fake_ViT: 0.167 global: 0.337 spatial: 0.064 
(epoch: 3, iters: 5376, time: 0.488, data: 0.001) G_GAN_ViT: 0.378 D_real_ViT: 0.087 D_fake_ViT: 0.215 global: 0.487 spatial: 0.093 
(epoch: 3, iters: 5476, time: 0.488, data: 0.001) G_GAN_ViT: 0.368 D_real_ViT: 0.116 D_fake_ViT: 0.212 global: 0.452 spatial: 0.091 
(epoch: 3, iters: 5576, time: 0.488, data: 0.001) G_GAN_ViT: 0.515 D_real_ViT: 0.170 D_fake_ViT: 0.122 global: 0.401 spatial: 0.067 
End of epoch 3 / 100 	 Time Taken: 2751 sec
learning rate = 0.0000100
(epoch: 4, iters: 64, time: 0.488, data: 0.001) G_GAN_ViT: 0.436 D_real_ViT: 0.144 D_fake_ViT: 0.201 global: 0.498 spatial: 0.076 
(epoch: 4, iters: 164, time: 0.488, data: 0.001) G_GAN_ViT: 0.405 D_real_ViT: 0.170 D_fake_ViT: 0.187 global: 0.371 spatial: 0.084 
(epoch: 4, iters: 264, time: 0.489, data: 0.001) G_GAN_ViT: 0.468 D_real_ViT: 0.195 D_fake_ViT: 0.169 global: 0.360 spatial: 0.094 
(epoch: 4, iters: 364, time: 0.488, data: 0.002) G_GAN_ViT: 0.752 D_real_ViT: 0.162 D_fake_ViT: 0.082 global: 0.449 spatial: 0.093 
(epoch: 4, iters: 464, time: 0.488, data: 0.002) G_GAN_ViT: 0.395 D_real_ViT: 0.182 D_fake_ViT: 0.221 global: 0.340 spatial: 0.098 
(epoch: 4, iters: 564, time: 0.488, data: 0.002) G_GAN_ViT: 0.356 D_real_ViT: 0.147 D_fake_ViT: 0.221 global: 0.349 spatial: 0.056 
(epoch: 4, iters: 664, time: 0.488, data: 0.001) G_GAN_ViT: 0.592 D_real_ViT: 0.097 D_fake_ViT: 0.122 global: 0.451 spatial: 0.111 
(epoch: 4, iters: 764, time: 0.488, data: 0.001) G_GAN_ViT: 0.509 D_real_ViT: 0.155 D_fake_ViT: 0.153 global: 0.423 spatial: 0.096 
(epoch: 4, iters: 864, time: 0.488, data: 0.001) G_GAN_ViT: 0.485 D_real_ViT: 0.114 D_fake_ViT: 0.180 global: 0.432 spatial: 0.100 
(epoch: 4, iters: 964, time: 0.488, data: 0.001) G_GAN_ViT: 0.317 D_real_ViT: 0.371 D_fake_ViT: 0.272 global: 0.461 spatial: 0.093 
(epoch: 4, iters: 1064, time: 0.488, data: 0.001) G_GAN_ViT: 0.400 D_real_ViT: 0.216 D_fake_ViT: 0.201 global: 0.392 spatial: 0.076 
(epoch: 4, iters: 1164, time: 0.488, data: 0.001) G_GAN_ViT: 0.308 D_real_ViT: 0.154 D_fake_ViT: 0.262 global: 0.376 spatial: 0.065 
(epoch: 4, iters: 1264, time: 0.488, data: 0.002) G_GAN_ViT: 0.458 D_real_ViT: 0.175 D_fake_ViT: 0.154 global: 0.341 spatial: 0.052 
(epoch: 4, iters: 1364, time: 0.488, data: 0.001) G_GAN_ViT: 0.541 D_real_ViT: 0.092 D_fake_ViT: 0.110 global: 0.303 spatial: 0.049 
(epoch: 4, iters: 1464, time: 0.488, data: 0.001) G_GAN_ViT: 0.580 D_real_ViT: 0.617 D_fake_ViT: 0.111 global: 0.445 spatial: 0.085 
(epoch: 4, iters: 1564, time: 0.488, data: 0.001) G_GAN_ViT: 0.591 D_real_ViT: 0.157 D_fake_ViT: 0.089 global: 0.347 spatial: 0.056 
(epoch: 4, iters: 1664, time: 0.488, data: 0.001) G_GAN_ViT: 0.585 D_real_ViT: 0.164 D_fake_ViT: 0.100 global: 0.347 spatial: 0.054 
(epoch: 4, iters: 1764, time: 0.488, data: 0.001) G_GAN_ViT: 0.402 D_real_ViT: 0.282 D_fake_ViT: 0.185 global: 0.497 spatial: 0.091 
(epoch: 4, iters: 1864, time: 0.488, data: 0.002) G_GAN_ViT: 0.560 D_real_ViT: 0.203 D_fake_ViT: 0.103 global: 0.376 spatial: 0.063 
(epoch: 4, iters: 1964, time: 0.488, data: 0.001) G_GAN_ViT: 0.502 D_real_ViT: 0.360 D_fake_ViT: 0.136 global: 0.442 spatial: 0.087 
(epoch: 4, iters: 2064, time: 0.488, data: 0.002) G_GAN_ViT: 0.445 D_real_ViT: 0.238 D_fake_ViT: 0.174 global: 0.390 spatial: 0.095 
(epoch: 4, iters: 2164, time: 0.488, data: 0.001) G_GAN_ViT: 0.454 D_real_ViT: 0.073 D_fake_ViT: 0.147 global: 0.344 spatial: 0.060 
(epoch: 4, iters: 2264, time: 0.488, data: 0.001) G_GAN_ViT: 0.514 D_real_ViT: 0.100 D_fake_ViT: 0.135 global: 0.414 spatial: 0.077 
(epoch: 4, iters: 2364, time: 0.488, data: 0.001) G_GAN_ViT: 0.344 D_real_ViT: 0.170 D_fake_ViT: 0.243 global: 0.490 spatial: 0.093 
(epoch: 4, iters: 2464, time: 0.489, data: 0.001) G_GAN_ViT: 0.356 D_real_ViT: 0.326 D_fake_ViT: 0.224 global: 0.459 spatial: 0.090 
(epoch: 4, iters: 2564, time: 0.489, data: 0.002) G_GAN_ViT: 0.558 D_real_ViT: 0.091 D_fake_ViT: 0.131 global: 0.387 spatial: 0.098 
(epoch: 4, iters: 2664, time: 0.488, data: 0.001) G_GAN_ViT: 0.434 D_real_ViT: 0.171 D_fake_ViT: 0.165 global: 0.375 spatial: 0.072 
(epoch: 4, iters: 2764, time: 0.488, data: 0.002) G_GAN_ViT: 0.515 D_real_ViT: 0.253 D_fake_ViT: 0.116 global: 0.399 spatial: 0.063 
(epoch: 4, iters: 2864, time: 0.488, data: 0.001) G_GAN_ViT: 0.580 D_real_ViT: 0.145 D_fake_ViT: 0.124 global: 0.464 spatial: 0.092 
(epoch: 4, iters: 2964, time: 0.488, data: 0.001) G_GAN_ViT: 0.545 D_real_ViT: 0.078 D_fake_ViT: 0.122 global: 0.427 spatial: 0.078 
(epoch: 4, iters: 3064, time: 0.488, data: 0.001) G_GAN_ViT: 0.550 D_real_ViT: 0.279 D_fake_ViT: 0.107 global: 0.487 spatial: 0.078 
(epoch: 4, iters: 3164, time: 0.487, data: 0.001) G_GAN_ViT: 0.443 D_real_ViT: 0.261 D_fake_ViT: 0.173 global: 0.407 spatial: 0.096 
saving the latest model (epoch 4, total_iters 20000)
ICL_single_monitor
(epoch: 4, iters: 3264, time: 0.487, data: 0.002) G_GAN_ViT: 0.546 D_real_ViT: 0.167 D_fake_ViT: 0.118 global: 0.328 spatial: 0.064 
(epoch: 4, iters: 3364, time: 0.487, data: 0.001) G_GAN_ViT: 0.427 D_real_ViT: 0.102 D_fake_ViT: 0.184 global: 0.382 spatial: 0.096 
(epoch: 4, iters: 3464, time: 0.488, data: 0.001) G_GAN_ViT: 0.443 D_real_ViT: 0.227 D_fake_ViT: 0.151 global: 0.407 spatial: 0.068 
(epoch: 4, iters: 3564, time: 0.488, data: 0.001) G_GAN_ViT: 0.569 D_real_ViT: 0.116 D_fake_ViT: 0.119 global: 0.368 spatial: 0.086 
(epoch: 4, iters: 3664, time: 0.488, data: 0.001) G_GAN_ViT: 0.481 D_real_ViT: 0.115 D_fake_ViT: 0.179 global: 0.396 spatial: 0.094 
(epoch: 4, iters: 3764, time: 0.488, data: 0.002) G_GAN_ViT: 0.448 D_real_ViT: 0.239 D_fake_ViT: 0.165 global: 0.442 spatial: 0.083 
(epoch: 4, iters: 3864, time: 0.488, data: 0.001) G_GAN_ViT: 0.383 D_real_ViT: 0.170 D_fake_ViT: 0.195 global: 0.416 spatial: 0.068 
(epoch: 4, iters: 3964, time: 0.489, data: 0.001) G_GAN_ViT: 0.327 D_real_ViT: 0.115 D_fake_ViT: 0.268 global: 0.492 spatial: 0.101 
(epoch: 4, iters: 4064, time: 0.489, data: 0.001) G_GAN_ViT: 0.475 D_real_ViT: 0.166 D_fake_ViT: 0.145 global: 0.423 spatial: 0.081 
(epoch: 4, iters: 4164, time: 0.489, data: 0.001) G_GAN_ViT: 0.612 D_real_ViT: 0.156 D_fake_ViT: 0.095 global: 0.361 spatial: 0.070 
(epoch: 4, iters: 4264, time: 0.490, data: 0.001) G_GAN_ViT: 0.380 D_real_ViT: 0.237 D_fake_ViT: 0.233 global: 0.472 spatial: 0.093 
(epoch: 4, iters: 4364, time: 0.490, data: 0.002) G_GAN_ViT: 0.488 D_real_ViT: 0.116 D_fake_ViT: 0.162 global: 0.444 spatial: 0.099 
(epoch: 4, iters: 4464, time: 0.490, data: 0.001) G_GAN_ViT: 0.567 D_real_ViT: 0.170 D_fake_ViT: 0.103 global: 0.385 spatial: 0.070 
(epoch: 4, iters: 4564, time: 0.490, data: 0.002) G_GAN_ViT: 0.452 D_real_ViT: 0.137 D_fake_ViT: 0.170 global: 0.417 spatial: 0.090 
(epoch: 4, iters: 4664, time: 0.490, data: 0.001) G_GAN_ViT: 0.366 D_real_ViT: 0.211 D_fake_ViT: 0.235 global: 0.390 spatial: 0.093 
(epoch: 4, iters: 4764, time: 0.489, data: 0.001) G_GAN_ViT: 0.462 D_real_ViT: 0.196 D_fake_ViT: 0.147 global: 0.347 spatial: 0.058 
(epoch: 4, iters: 4864, time: 0.489, data: 0.001) G_GAN_ViT: 0.420 D_real_ViT: 0.133 D_fake_ViT: 0.186 global: 0.370 spatial: 0.079 
(epoch: 4, iters: 4964, time: 0.489, data: 0.001) G_GAN_ViT: 0.457 D_real_ViT: 0.092 D_fake_ViT: 0.169 global: 0.456 spatial: 0.110 
(epoch: 4, iters: 5064, time: 0.489, data: 0.001) G_GAN_ViT: 0.480 D_real_ViT: 0.054 D_fake_ViT: 0.136 global: 0.316 spatial: 0.051 
(epoch: 4, iters: 5164, time: 0.489, data: 0.001) G_GAN_ViT: 0.469 D_real_ViT: 0.088 D_fake_ViT: 0.164 global: 0.444 spatial: 0.097 
(epoch: 4, iters: 5264, time: 0.489, data: 0.001) G_GAN_ViT: 0.459 D_real_ViT: 0.065 D_fake_ViT: 0.169 global: 0.490 spatial: 0.076 
(epoch: 4, iters: 5364, time: 0.489, data: 0.001) G_GAN_ViT: 0.553 D_real_ViT: 0.155 D_fake_ViT: 0.114 global: 0.406 spatial: 0.078 
(epoch: 4, iters: 5464, time: 0.490, data: 0.001) G_GAN_ViT: 0.431 D_real_ViT: 0.282 D_fake_ViT: 0.171 global: 0.428 spatial: 0.061 
(epoch: 4, iters: 5564, time: 0.490, data: 0.002) G_GAN_ViT: 0.423 D_real_ViT: 0.336 D_fake_ViT: 0.186 global: 0.520 spatial: 0.085 
End of epoch 4 / 100 	 Time Taken: 2750 sec
learning rate = 0.0000100
(epoch: 5, iters: 52, time: 0.490, data: 0.001) G_GAN_ViT: 0.618 D_real_ViT: 0.104 D_fake_ViT: 0.087 global: 0.425 spatial: 0.074 
(epoch: 5, iters: 152, time: 0.490, data: 0.001) G_GAN_ViT: 0.390 D_real_ViT: 0.110 D_fake_ViT: 0.210 global: 0.448 spatial: 0.077 
(epoch: 5, iters: 252, time: 0.489, data: 0.001) G_GAN_ViT: 0.584 D_real_ViT: 0.236 D_fake_ViT: 0.094 global: 0.344 spatial: 0.059 
(epoch: 5, iters: 352, time: 0.489, data: 0.001) G_GAN_ViT: 0.282 D_real_ViT: 0.124 D_fake_ViT: 0.297 global: 0.476 spatial: 0.095 
(epoch: 5, iters: 452, time: 0.488, data: 0.002) G_GAN_ViT: 0.348 D_real_ViT: 0.132 D_fake_ViT: 0.246 global: 0.464 spatial: 0.096 
(epoch: 5, iters: 552, time: 0.487, data: 0.001) G_GAN_ViT: 0.464 D_real_ViT: 0.186 D_fake_ViT: 0.151 global: 0.328 spatial: 0.049 
(epoch: 5, iters: 652, time: 0.486, data: 0.001) G_GAN_ViT: 0.481 D_real_ViT: 0.225 D_fake_ViT: 0.143 global: 0.415 spatial: 0.087 
(epoch: 5, iters: 752, time: 0.486, data: 0.001) G_GAN_ViT: 0.418 D_real_ViT: 0.098 D_fake_ViT: 0.183 global: 0.484 spatial: 0.076 
(epoch: 5, iters: 852, time: 0.486, data: 0.002) G_GAN_ViT: 0.379 D_real_ViT: 0.300 D_fake_ViT: 0.197 global: 0.463 spatial: 0.081 
(epoch: 5, iters: 952, time: 0.486, data: 0.001) G_GAN_ViT: 0.276 D_real_ViT: 0.189 D_fake_ViT: 0.320 global: 0.459 spatial: 0.086 
(epoch: 5, iters: 1052, time: 0.485, data: 0.002) G_GAN_ViT: 0.649 D_real_ViT: 0.225 D_fake_ViT: 0.082 global: 0.366 spatial: 0.054 
(epoch: 5, iters: 1152, time: 0.485, data: 0.002) G_GAN_ViT: 0.582 D_real_ViT: 0.299 D_fake_ViT: 0.096 global: 0.432 spatial: 0.070 
(epoch: 5, iters: 1252, time: 0.485, data: 0.001) G_GAN_ViT: 0.463 D_real_ViT: 0.213 D_fake_ViT: 0.148 global: 0.436 spatial: 0.085 
(epoch: 5, iters: 1352, time: 0.485, data: 0.001) G_GAN_ViT: 0.503 D_real_ViT: 0.255 D_fake_ViT: 0.134 global: 0.405 spatial: 0.089 
(epoch: 5, iters: 1452, time: 0.485, data: 0.001) G_GAN_ViT: 0.426 D_real_ViT: 0.185 D_fake_ViT: 0.183 global: 0.395 spatial: 0.080 
(epoch: 5, iters: 1552, time: 0.485, data: 0.002) G_GAN_ViT: 0.525 D_real_ViT: 0.197 D_fake_ViT: 0.114 global: 0.363 spatial: 0.056 
(epoch: 5, iters: 1652, time: 0.485, data: 0.001) G_GAN_ViT: 0.484 D_real_ViT: 0.095 D_fake_ViT: 0.138 global: 0.349 spatial: 0.051 
(epoch: 5, iters: 1752, time: 0.485, data: 0.002) G_GAN_ViT: 0.409 D_real_ViT: 0.108 D_fake_ViT: 0.205 global: 0.323 spatial: 0.082 
(epoch: 5, iters: 1852, time: 0.485, data: 0.001) G_GAN_ViT: 0.432 D_real_ViT: 0.186 D_fake_ViT: 0.164 global: 0.397 spatial: 0.079 
(epoch: 5, iters: 1952, time: 0.485, data: 0.002) G_GAN_ViT: 0.530 D_real_ViT: 0.290 D_fake_ViT: 0.120 global: 0.491 spatial: 0.072 
(epoch: 5, iters: 2052, time: 0.485, data: 0.001) G_GAN_ViT: 0.567 D_real_ViT: 0.091 D_fake_ViT: 0.096 global: 0.289 spatial: 0.043 
(epoch: 5, iters: 2152, time: 0.485, data: 0.001) G_GAN_ViT: 0.546 D_real_ViT: 0.215 D_fake_ViT: 0.132 global: 0.425 spatial: 0.088 
(epoch: 5, iters: 2252, time: 0.485, data: 0.001) G_GAN_ViT: 0.356 D_real_ViT: 0.068 D_fake_ViT: 0.235 global: 0.386 spatial: 0.100 
(epoch: 5, iters: 2352, time: 0.485, data: 0.001) G_GAN_ViT: 0.506 D_real_ViT: 0.198 D_fake_ViT: 0.127 global: 0.376 spatial: 0.058 
(epoch: 5, iters: 2452, time: 0.485, data: 0.001) G_GAN_ViT: 0.505 D_real_ViT: 0.086 D_fake_ViT: 0.163 global: 0.424 spatial: 0.093 
(epoch: 5, iters: 2552, time: 0.484, data: 0.001) G_GAN_ViT: 0.342 D_real_ViT: 0.172 D_fake_ViT: 0.255 global: 0.346 spatial: 0.060 
saving the latest model (epoch 5, total_iters 25000)
ICL_single_monitor
(epoch: 5, iters: 2652, time: 0.484, data: 0.001) G_GAN_ViT: 0.381 D_real_ViT: 0.093 D_fake_ViT: 0.264 global: 0.475 spatial: 0.117 
(epoch: 5, iters: 2752, time: 0.485, data: 0.001) G_GAN_ViT: 0.403 D_real_ViT: 0.176 D_fake_ViT: 0.196 global: 0.327 spatial: 0.058 
(epoch: 5, iters: 2852, time: 0.485, data: 0.001) G_GAN_ViT: 0.583 D_real_ViT: 0.069 D_fake_ViT: 0.115 global: 0.407 spatial: 0.059 
(epoch: 5, iters: 2952, time: 0.484, data: 0.001) G_GAN_ViT: 0.501 D_real_ViT: 0.193 D_fake_ViT: 0.148 global: 0.444 spatial: 0.089 
(epoch: 5, iters: 3052, time: 0.485, data: 0.001) G_GAN_ViT: 0.600 D_real_ViT: 0.264 D_fake_ViT: 0.096 global: 0.441 spatial: 0.067 
(epoch: 5, iters: 3152, time: 0.485, data: 0.001) G_GAN_ViT: 0.563 D_real_ViT: 0.190 D_fake_ViT: 0.100 global: 0.428 spatial: 0.070 
(epoch: 5, iters: 3252, time: 0.485, data: 0.005) G_GAN_ViT: 0.560 D_real_ViT: 0.140 D_fake_ViT: 0.134 global: 0.578 spatial: 0.100 
(epoch: 5, iters: 3352, time: 0.485, data: 0.001) G_GAN_ViT: 0.371 D_real_ViT: 0.115 D_fake_ViT: 0.244 global: 0.476 spatial: 0.093 
(epoch: 5, iters: 3452, time: 0.485, data: 0.002) G_GAN_ViT: 0.392 D_real_ViT: 0.125 D_fake_ViT: 0.218 global: 0.421 spatial: 0.102 
(epoch: 5, iters: 3552, time: 0.485, data: 0.001) G_GAN_ViT: 0.393 D_real_ViT: 0.145 D_fake_ViT: 0.211 global: 0.482 spatial: 0.094 
(epoch: 5, iters: 3652, time: 0.485, data: 0.001) G_GAN_ViT: 0.543 D_real_ViT: 0.155 D_fake_ViT: 0.110 global: 0.343 spatial: 0.055 
(epoch: 5, iters: 3752, time: 0.485, data: 0.002) G_GAN_ViT: 0.495 D_real_ViT: 0.090 D_fake_ViT: 0.146 global: 0.505 spatial: 0.086 
(epoch: 5, iters: 3852, time: 0.486, data: 0.001) G_GAN_ViT: 0.617 D_real_ViT: 0.322 D_fake_ViT: 0.095 global: 0.328 spatial: 0.066 
(epoch: 5, iters: 3952, time: 0.486, data: 0.001) G_GAN_ViT: 0.509 D_real_ViT: 0.064 D_fake_ViT: 0.141 global: 0.383 spatial: 0.076 
(epoch: 5, iters: 4052, time: 0.486, data: 0.001) G_GAN_ViT: 0.437 D_real_ViT: 0.240 D_fake_ViT: 0.189 global: 0.503 spatial: 0.104 
(epoch: 5, iters: 4152, time: 0.486, data: 0.002) G_GAN_ViT: 0.288 D_real_ViT: 0.206 D_fake_ViT: 0.303 global: 0.478 spatial: 0.098 
(epoch: 5, iters: 4252, time: 0.486, data: 0.001) G_GAN_ViT: 0.359 D_real_ViT: 0.231 D_fake_ViT: 0.225 global: 0.504 spatial: 0.104 
(epoch: 5, iters: 4352, time: 0.486, data: 0.001) G_GAN_ViT: 0.651 D_real_ViT: 0.093 D_fake_ViT: 0.103 global: 0.521 spatial: 0.082 
(epoch: 5, iters: 4452, time: 0.486, data: 0.001) G_GAN_ViT: 0.535 D_real_ViT: 0.220 D_fake_ViT: 0.113 global: 0.368 spatial: 0.071 
(epoch: 5, iters: 4552, time: 0.486, data: 0.001) G_GAN_ViT: 0.414 D_real_ViT: 0.172 D_fake_ViT: 0.190 global: 0.511 spatial: 0.089 
(epoch: 5, iters: 4652, time: 0.486, data: 0.001) G_GAN_ViT: 0.533 D_real_ViT: 0.140 D_fake_ViT: 0.115 global: 0.348 spatial: 0.075 
(epoch: 5, iters: 4752, time: 0.486, data: 0.001) G_GAN_ViT: 0.576 D_real_ViT: 0.174 D_fake_ViT: 0.099 global: 0.344 spatial: 0.058 
(epoch: 5, iters: 4852, time: 0.486, data: 0.001) G_GAN_ViT: 0.491 D_real_ViT: 0.129 D_fake_ViT: 0.136 global: 0.338 spatial: 0.052 
(epoch: 5, iters: 4952, time: 0.486, data: 0.001) G_GAN_ViT: 0.382 D_real_ViT: 0.177 D_fake_ViT: 0.204 global: 0.502 spatial: 0.099 
(epoch: 5, iters: 5052, time: 0.486, data: 0.001) G_GAN_ViT: 0.419 D_real_ViT: 0.149 D_fake_ViT: 0.192 global: 0.438 spatial: 0.086 
(epoch: 5, iters: 5152, time: 0.486, data: 0.001) G_GAN_ViT: 0.656 D_real_ViT: 0.227 D_fake_ViT: 0.073 global: 0.340 spatial: 0.052 
(epoch: 5, iters: 5252, time: 0.486, data: 0.001) G_GAN_ViT: 0.472 D_real_ViT: 0.125 D_fake_ViT: 0.141 global: 0.351 spatial: 0.052 
(epoch: 5, iters: 5352, time: 0.485, data: 0.001) G_GAN_ViT: 0.550 D_real_ViT: 0.119 D_fake_ViT: 0.122 global: 0.357 spatial: 0.091 
(epoch: 5, iters: 5452, time: 0.485, data: 0.001) G_GAN_ViT: 0.419 D_real_ViT: 0.134 D_fake_ViT: 0.175 global: 0.388 spatial: 0.057 
(epoch: 5, iters: 5552, time: 0.486, data: 0.002) G_GAN_ViT: 0.524 D_real_ViT: 0.099 D_fake_ViT: 0.148 global: 0.458 spatial: 0.113 
saving the model at the end of epoch 5, iters 28060
End of epoch 5 / 100 	 Time Taken: 2735 sec
learning rate = 0.0000100
(epoch: 6, iters: 40, time: 0.486, data: 0.001) G_GAN_ViT: 0.656 D_real_ViT: 0.183 D_fake_ViT: 0.112 global: 0.487 spatial: 0.099 
(epoch: 6, iters: 140, time: 0.486, data: 0.001) G_GAN_ViT: 0.366 D_real_ViT: 0.146 D_fake_ViT: 0.216 global: 0.329 spatial: 0.052 
(epoch: 6, iters: 240, time: 0.486, data: 0.001) G_GAN_ViT: 0.411 D_real_ViT: 0.266 D_fake_ViT: 0.189 global: 0.487 spatial: 0.091 
(epoch: 6, iters: 340, time: 0.486, data: 0.001) G_GAN_ViT: 0.367 D_real_ViT: 0.157 D_fake_ViT: 0.217 global: 0.486 spatial: 0.098 
(epoch: 6, iters: 440, time: 0.486, data: 0.001) G_GAN_ViT: 0.484 D_real_ViT: 0.344 D_fake_ViT: 0.144 global: 0.493 spatial: 0.095 
(epoch: 6, iters: 540, time: 0.486, data: 0.002) G_GAN_ViT: 0.326 D_real_ViT: 0.102 D_fake_ViT: 0.250 global: 0.442 spatial: 0.082 
(epoch: 6, iters: 640, time: 0.486, data: 0.001) G_GAN_ViT: 0.442 D_real_ViT: 0.122 D_fake_ViT: 0.186 global: 0.433 spatial: 0.089 
(epoch: 6, iters: 740, time: 0.486, data: 0.002) G_GAN_ViT: 0.622 D_real_ViT: 0.224 D_fake_ViT: 0.104 global: 0.379 spatial: 0.100 
(epoch: 6, iters: 840, time: 0.486, data: 0.001) G_GAN_ViT: 0.560 D_real_ViT: 0.253 D_fake_ViT: 0.120 global: 0.399 spatial: 0.102 
(epoch: 6, iters: 940, time: 0.487, data: 0.001) G_GAN_ViT: 0.479 D_real_ViT: 0.109 D_fake_ViT: 0.148 global: 0.340 spatial: 0.056 
(epoch: 6, iters: 1040, time: 0.486, data: 0.001) G_GAN_ViT: 0.522 D_real_ViT: 0.159 D_fake_ViT: 0.127 global: 0.363 spatial: 0.058 
(epoch: 6, iters: 1140, time: 0.486, data: 0.001) G_GAN_ViT: 0.404 D_real_ViT: 0.149 D_fake_ViT: 0.196 global: 0.343 spatial: 0.066 
(epoch: 6, iters: 1240, time: 0.487, data: 0.001) G_GAN_ViT: 0.423 D_real_ViT: 0.286 D_fake_ViT: 0.203 global: 0.472 spatial: 0.096 
(epoch: 6, iters: 1340, time: 0.486, data: 0.001) G_GAN_ViT: 0.431 D_real_ViT: 0.195 D_fake_ViT: 0.211 global: 0.468 spatial: 0.106 
(epoch: 6, iters: 1440, time: 0.486, data: 0.002) G_GAN_ViT: 0.553 D_real_ViT: 0.256 D_fake_ViT: 0.138 global: 0.392 spatial: 0.096 
(epoch: 6, iters: 1540, time: 0.486, data: 0.001) G_GAN_ViT: 0.433 D_real_ViT: 0.160 D_fake_ViT: 0.163 global: 0.465 spatial: 0.078 
(epoch: 6, iters: 1640, time: 0.486, data: 0.001) G_GAN_ViT: 0.482 D_real_ViT: 0.148 D_fake_ViT: 0.137 global: 0.368 spatial: 0.060 
(epoch: 6, iters: 1740, time: 0.486, data: 0.001) G_GAN_ViT: 0.573 D_real_ViT: 0.154 D_fake_ViT: 0.098 global: 0.327 spatial: 0.056 
(epoch: 6, iters: 1840, time: 0.485, data: 0.001) G_GAN_ViT: 0.462 D_real_ViT: 0.197 D_fake_ViT: 0.170 global: 0.455 spatial: 0.103 
(epoch: 6, iters: 1940, time: 0.485, data: 0.001) G_GAN_ViT: 0.429 D_real_ViT: 0.178 D_fake_ViT: 0.182 global: 0.474 spatial: 0.107 
saving the latest model (epoch 6, total_iters 30000)
ICL_single_monitor
(epoch: 6, iters: 2040, time: 0.485, data: 0.001) G_GAN_ViT: 0.372 D_real_ViT: 0.170 D_fake_ViT: 0.214 global: 0.426 spatial: 0.094 
(epoch: 6, iters: 2140, time: 0.485, data: 0.002) G_GAN_ViT: 0.586 D_real_ViT: 0.180 D_fake_ViT: 0.094 global: 0.385 spatial: 0.054 
(epoch: 6, iters: 2240, time: 0.486, data: 0.002) G_GAN_ViT: 0.690 D_real_ViT: 0.096 D_fake_ViT: 0.064 global: 0.353 spatial: 0.057 
(epoch: 6, iters: 2340, time: 0.486, data: 0.001) G_GAN_ViT: 0.556 D_real_ViT: 0.129 D_fake_ViT: 0.127 global: 0.445 spatial: 0.097 
(epoch: 6, iters: 2440, time: 0.486, data: 0.002) G_GAN_ViT: 0.489 D_real_ViT: 0.240 D_fake_ViT: 0.137 global: 0.364 spatial: 0.067 
(epoch: 6, iters: 2540, time: 0.486, data: 0.001) G_GAN_ViT: 0.547 D_real_ViT: 0.167 D_fake_ViT: 0.123 global: 0.461 spatial: 0.079 
(epoch: 6, iters: 2640, time: 0.486, data: 0.001) G_GAN_ViT: 0.617 D_real_ViT: 0.222 D_fake_ViT: 0.082 global: 0.379 spatial: 0.070 
(epoch: 6, iters: 2740, time: 0.486, data: 0.001) G_GAN_ViT: 0.339 D_real_ViT: 0.279 D_fake_ViT: 0.249 global: 0.431 spatial: 0.080 
(epoch: 6, iters: 2840, time: 0.487, data: 0.001) G_GAN_ViT: 0.640 D_real_ViT: 0.301 D_fake_ViT: 0.102 global: 0.400 spatial: 0.105 
(epoch: 6, iters: 2940, time: 0.487, data: 0.001) G_GAN_ViT: 0.523 D_real_ViT: 0.188 D_fake_ViT: 0.123 global: 0.322 spatial: 0.051 
(epoch: 6, iters: 3040, time: 0.486, data: 0.001) G_GAN_ViT: 0.450 D_real_ViT: 0.097 D_fake_ViT: 0.194 global: 0.437 spatial: 0.092 
(epoch: 6, iters: 3140, time: 0.486, data: 0.001) G_GAN_ViT: 0.533 D_real_ViT: 0.248 D_fake_ViT: 0.117 global: 0.346 spatial: 0.054 
(epoch: 6, iters: 3240, time: 0.486, data: 0.001) G_GAN_ViT: 0.480 D_real_ViT: 0.088 D_fake_ViT: 0.167 global: 0.429 spatial: 0.097 
(epoch: 6, iters: 3340, time: 0.486, data: 0.001) G_GAN_ViT: 0.446 D_real_ViT: 0.109 D_fake_ViT: 0.164 global: 0.503 spatial: 0.082 
(epoch: 6, iters: 3440, time: 0.486, data: 0.001) G_GAN_ViT: 0.520 D_real_ViT: 0.149 D_fake_ViT: 0.143 global: 0.511 spatial: 0.082 
(epoch: 6, iters: 3540, time: 0.486, data: 0.001) G_GAN_ViT: 0.464 D_real_ViT: 0.117 D_fake_ViT: 0.177 global: 0.394 spatial: 0.100 
(epoch: 6, iters: 3640, time: 0.486, data: 0.001) G_GAN_ViT: 0.391 D_real_ViT: 0.203 D_fake_ViT: 0.211 global: 0.461 spatial: 0.099 
(epoch: 6, iters: 3740, time: 0.486, data: 0.001) G_GAN_ViT: 0.475 D_real_ViT: 0.196 D_fake_ViT: 0.172 global: 0.462 spatial: 0.094 
(epoch: 6, iters: 3840, time: 0.485, data: 0.001) G_GAN_ViT: 0.428 D_real_ViT: 0.196 D_fake_ViT: 0.174 global: 0.494 spatial: 0.085 
(epoch: 6, iters: 3940, time: 0.485, data: 0.002) G_GAN_ViT: 0.372 D_real_ViT: 0.142 D_fake_ViT: 0.236 global: 0.497 spatial: 0.111 
(epoch: 6, iters: 4040, time: 0.485, data: 0.001) G_GAN_ViT: 0.411 D_real_ViT: 0.161 D_fake_ViT: 0.221 global: 0.489 spatial: 0.091 
(epoch: 6, iters: 4140, time: 0.485, data: 0.001) G_GAN_ViT: 0.615 D_real_ViT: 0.263 D_fake_ViT: 0.096 global: 0.453 spatial: 0.069 
(epoch: 6, iters: 4240, time: 0.485, data: 0.001) G_GAN_ViT: 0.390 D_real_ViT: 0.061 D_fake_ViT: 0.199 global: 0.491 spatial: 0.090 
(epoch: 6, iters: 4340, time: 0.484, data: 0.001) G_GAN_ViT: 0.559 D_real_ViT: 0.329 D_fake_ViT: 0.125 global: 0.388 spatial: 0.057 
(epoch: 6, iters: 4440, time: 0.485, data: 0.001) G_GAN_ViT: 0.401 D_real_ViT: 0.080 D_fake_ViT: 0.213 global: 0.433 spatial: 0.107 
(epoch: 6, iters: 4540, time: 0.486, data: 0.001) G_GAN_ViT: 0.504 D_real_ViT: 0.171 D_fake_ViT: 0.133 global: 0.530 spatial: 0.071 
(epoch: 6, iters: 4640, time: 0.486, data: 0.001) G_GAN_ViT: 0.422 D_real_ViT: 0.126 D_fake_ViT: 0.175 global: 0.451 spatial: 0.079 
(epoch: 6, iters: 4740, time: 0.486, data: 0.001) G_GAN_ViT: 0.727 D_real_ViT: 0.251 D_fake_ViT: 0.068 global: 0.389 spatial: 0.068 
(epoch: 6, iters: 4840, time: 0.486, data: 0.001) G_GAN_ViT: 0.572 D_real_ViT: 0.096 D_fake_ViT: 0.104 global: 0.334 spatial: 0.055 
(epoch: 6, iters: 4940, time: 0.486, data: 0.001) G_GAN_ViT: 0.577 D_real_ViT: 0.160 D_fake_ViT: 0.101 global: 0.359 spatial: 0.052 
(epoch: 6, iters: 5040, time: 0.485, data: 0.001) G_GAN_ViT: 0.423 D_real_ViT: 0.100 D_fake_ViT: 0.185 global: 0.446 spatial: 0.101 
(epoch: 6, iters: 5140, time: 0.486, data: 0.001) G_GAN_ViT: 0.371 D_real_ViT: 0.227 D_fake_ViT: 0.212 global: 0.469 spatial: 0.086 
(epoch: 6, iters: 5240, time: 0.485, data: 0.001) G_GAN_ViT: 0.635 D_real_ViT: 0.178 D_fake_ViT: 0.090 global: 0.361 spatial: 0.060 
(epoch: 6, iters: 5340, time: 0.485, data: 0.001) G_GAN_ViT: 0.625 D_real_ViT: 0.138 D_fake_ViT: 0.096 global: 0.404 spatial: 0.067 
(epoch: 6, iters: 5440, time: 0.485, data: 0.001) G_GAN_ViT: 0.332 D_real_ViT: 0.110 D_fake_ViT: 0.248 global: 0.382 spatial: 0.063 
(epoch: 6, iters: 5540, time: 0.485, data: 0.001) G_GAN_ViT: 0.530 D_real_ViT: 0.155 D_fake_ViT: 0.125 global: 0.341 spatial: 0.062 
End of epoch 6 / 100 	 Time Taken: 2735 sec
learning rate = 0.0000100
(epoch: 7, iters: 28, time: 0.485, data: 0.001) G_GAN_ViT: 0.337 D_real_ViT: 0.149 D_fake_ViT: 0.256 global: 0.391 spatial: 0.097 
(epoch: 7, iters: 128, time: 0.486, data: 0.001) G_GAN_ViT: 0.522 D_real_ViT: 0.132 D_fake_ViT: 0.115 global: 0.407 spatial: 0.073 
(epoch: 7, iters: 228, time: 0.485, data: 0.001) G_GAN_ViT: 0.317 D_real_ViT: 0.243 D_fake_ViT: 0.277 global: 0.518 spatial: 0.100 
(epoch: 7, iters: 328, time: 0.485, data: 0.001) G_GAN_ViT: 0.644 D_real_ViT: 0.247 D_fake_ViT: 0.104 global: 0.459 spatial: 0.097 
(epoch: 7, iters: 428, time: 0.485, data: 0.001) G_GAN_ViT: 0.580 D_real_ViT: 0.244 D_fake_ViT: 0.112 global: 0.410 spatial: 0.080 
(epoch: 7, iters: 528, time: 0.486, data: 0.001) G_GAN_ViT: 0.391 D_real_ViT: 0.163 D_fake_ViT: 0.202 global: 0.465 spatial: 0.087 
(epoch: 7, iters: 628, time: 0.486, data: 0.001) G_GAN_ViT: 0.665 D_real_ViT: 0.128 D_fake_ViT: 0.089 global: 0.345 spatial: 0.070 
(epoch: 7, iters: 728, time: 0.486, data: 0.004) G_GAN_ViT: 0.427 D_real_ViT: 0.186 D_fake_ViT: 0.183 global: 0.383 spatial: 0.082 
(epoch: 7, iters: 828, time: 0.487, data: 0.002) G_GAN_ViT: 0.596 D_real_ViT: 0.249 D_fake_ViT: 0.091 global: 0.321 spatial: 0.063 
(epoch: 7, iters: 928, time: 0.486, data: 0.001) G_GAN_ViT: 0.577 D_real_ViT: 0.242 D_fake_ViT: 0.116 global: 0.422 spatial: 0.075 
(epoch: 7, iters: 1028, time: 0.485, data: 0.001) G_GAN_ViT: 0.538 D_real_ViT: 0.136 D_fake_ViT: 0.144 global: 0.425 spatial: 0.090 
(epoch: 7, iters: 1128, time: 0.485, data: 0.001) G_GAN_ViT: 0.481 D_real_ViT: 0.118 D_fake_ViT: 0.146 global: 0.424 spatial: 0.077 
(epoch: 7, iters: 1228, time: 0.484, data: 0.001) G_GAN_ViT: 0.439 D_real_ViT: 0.196 D_fake_ViT: 0.168 global: 0.456 spatial: 0.076 
(epoch: 7, iters: 1328, time: 0.483, data: 0.002) G_GAN_ViT: 0.333 D_real_ViT: 0.170 D_fake_ViT: 0.275 global: 0.483 spatial: 0.103 
saving the latest model (epoch 7, total_iters 35000)
ICL_single_monitor
(epoch: 7, iters: 1428, time: 0.484, data: 0.001) G_GAN_ViT: 0.476 D_real_ViT: 0.194 D_fake_ViT: 0.176 global: 0.482 spatial: 0.107 
(epoch: 7, iters: 1528, time: 0.483, data: 0.001) G_GAN_ViT: 0.474 D_real_ViT: 0.085 D_fake_ViT: 0.150 global: 0.450 spatial: 0.089 
(epoch: 7, iters: 1628, time: 0.484, data: 0.001) G_GAN_ViT: 0.386 D_real_ViT: 0.145 D_fake_ViT: 0.233 global: 0.497 spatial: 0.094 
(epoch: 7, iters: 1728, time: 0.484, data: 0.002) G_GAN_ViT: 0.510 D_real_ViT: 0.249 D_fake_ViT: 0.159 global: 0.494 spatial: 0.105 
(epoch: 7, iters: 1828, time: 0.483, data: 0.002) G_GAN_ViT: 0.403 D_real_ViT: 0.119 D_fake_ViT: 0.199 global: 0.395 spatial: 0.086 
(epoch: 7, iters: 1928, time: 0.484, data: 0.002) G_GAN_ViT: 0.493 D_real_ViT: 0.122 D_fake_ViT: 0.138 global: 0.431 spatial: 0.076 
(epoch: 7, iters: 2028, time: 0.484, data: 0.001) G_GAN_ViT: 0.502 D_real_ViT: 0.150 D_fake_ViT: 0.133 global: 0.500 spatial: 0.085 
(epoch: 7, iters: 2128, time: 0.485, data: 0.001) G_GAN_ViT: 0.510 D_real_ViT: 0.266 D_fake_ViT: 0.134 global: 0.517 spatial: 0.082 
(epoch: 7, iters: 2228, time: 0.485, data: 0.001) G_GAN_ViT: 0.470 D_real_ViT: 0.289 D_fake_ViT: 0.147 global: 0.521 spatial: 0.079 
(epoch: 7, iters: 2328, time: 0.485, data: 0.002) G_GAN_ViT: 0.322 D_real_ViT: 0.289 D_fake_ViT: 0.266 global: 0.473 spatial: 0.106 
(epoch: 7, iters: 2428, time: 0.485, data: 0.001) G_GAN_ViT: 0.427 D_real_ViT: 0.121 D_fake_ViT: 0.180 global: 0.450 spatial: 0.082 
(epoch: 7, iters: 2528, time: 0.484, data: 0.002) G_GAN_ViT: 0.636 D_real_ViT: 0.250 D_fake_ViT: 0.113 global: 0.391 spatial: 0.099 
(epoch: 7, iters: 2628, time: 0.485, data: 0.001) G_GAN_ViT: 0.318 D_real_ViT: 0.102 D_fake_ViT: 0.266 global: 0.492 spatial: 0.084 
(epoch: 7, iters: 2728, time: 0.485, data: 0.001) G_GAN_ViT: 0.406 D_real_ViT: 0.144 D_fake_ViT: 0.188 global: 0.439 spatial: 0.074 
(epoch: 7, iters: 2828, time: 0.486, data: 0.001) G_GAN_ViT: 0.529 D_real_ViT: 0.171 D_fake_ViT: 0.120 global: 0.470 spatial: 0.077 
(epoch: 7, iters: 2928, time: 0.486, data: 0.001) G_GAN_ViT: 0.533 D_real_ViT: 0.234 D_fake_ViT: 0.143 global: 0.415 spatial: 0.093 
(epoch: 7, iters: 3028, time: 0.486, data: 0.001) G_GAN_ViT: 0.311 D_real_ViT: 0.197 D_fake_ViT: 0.273 global: 0.518 spatial: 0.097 
(epoch: 7, iters: 3128, time: 0.486, data: 0.001) G_GAN_ViT: 0.433 D_real_ViT: 0.178 D_fake_ViT: 0.201 global: 0.519 spatial: 0.109 
(epoch: 7, iters: 3228, time: 0.486, data: 0.001) G_GAN_ViT: 0.407 D_real_ViT: 0.122 D_fake_ViT: 0.212 global: 0.464 spatial: 0.106 
(epoch: 7, iters: 3328, time: 0.486, data: 0.001) G_GAN_ViT: 0.348 D_real_ViT: 0.107 D_fake_ViT: 0.231 global: 0.404 spatial: 0.094 
(epoch: 7, iters: 3428, time: 0.485, data: 0.001) G_GAN_ViT: 0.410 D_real_ViT: 0.139 D_fake_ViT: 0.199 global: 0.420 spatial: 0.083 
(epoch: 7, iters: 3528, time: 0.485, data: 0.001) G_GAN_ViT: 0.553 D_real_ViT: 0.230 D_fake_ViT: 0.123 global: 0.432 spatial: 0.089 
(epoch: 7, iters: 3628, time: 0.486, data: 0.001) G_GAN_ViT: 0.439 D_real_ViT: 0.077 D_fake_ViT: 0.176 global: 0.452 spatial: 0.089 
(epoch: 7, iters: 3728, time: 0.486, data: 0.002) G_GAN_ViT: 0.363 D_real_ViT: 0.153 D_fake_ViT: 0.211 global: 0.439 spatial: 0.082 
(epoch: 7, iters: 3828, time: 0.486, data: 0.001) G_GAN_ViT: 0.490 D_real_ViT: 0.195 D_fake_ViT: 0.152 global: 0.382 spatial: 0.079 
(epoch: 7, iters: 3928, time: 0.486, data: 0.001) G_GAN_ViT: 0.356 D_real_ViT: 0.217 D_fake_ViT: 0.234 global: 0.490 spatial: 0.082 
(epoch: 7, iters: 4028, time: 0.486, data: 0.001) G_GAN_ViT: 0.674 D_real_ViT: 0.098 D_fake_ViT: 0.091 global: 0.380 spatial: 0.097 
(epoch: 7, iters: 4128, time: 0.486, data: 0.001) G_GAN_ViT: 0.329 D_real_ViT: 0.085 D_fake_ViT: 0.252 global: 0.470 spatial: 0.087 
(epoch: 7, iters: 4228, time: 0.486, data: 0.002) G_GAN_ViT: 0.355 D_real_ViT: 0.137 D_fake_ViT: 0.235 global: 0.456 spatial: 0.094 
(epoch: 7, iters: 4328, time: 0.486, data: 0.001) G_GAN_ViT: 0.557 D_real_ViT: 0.100 D_fake_ViT: 0.124 global: 0.360 spatial: 0.089 
(epoch: 7, iters: 4428, time: 0.485, data: 0.001) G_GAN_ViT: 0.407 D_real_ViT: 0.165 D_fake_ViT: 0.212 global: 0.439 spatial: 0.106 
(epoch: 7, iters: 4528, time: 0.485, data: 0.001) G_GAN_ViT: 0.439 D_real_ViT: 0.145 D_fake_ViT: 0.187 global: 0.417 spatial: 0.100 
(epoch: 7, iters: 4628, time: 0.485, data: 0.001) G_GAN_ViT: 0.543 D_real_ViT: 0.212 D_fake_ViT: 0.110 global: 0.414 spatial: 0.091 
(epoch: 7, iters: 4728, time: 0.486, data: 0.001) G_GAN_ViT: 0.390 D_real_ViT: 0.100 D_fake_ViT: 0.202 global: 0.461 spatial: 0.075 
(epoch: 7, iters: 4828, time: 0.486, data: 0.001) G_GAN_ViT: 0.488 D_real_ViT: 0.194 D_fake_ViT: 0.145 global: 0.487 spatial: 0.084 
(epoch: 7, iters: 4928, time: 0.486, data: 0.001) G_GAN_ViT: 0.390 D_real_ViT: 0.192 D_fake_ViT: 0.195 global: 0.426 spatial: 0.090 
(epoch: 7, iters: 5028, time: 0.485, data: 0.001) G_GAN_ViT: 0.641 D_real_ViT: 0.085 D_fake_ViT: 0.078 global: 0.443 spatial: 0.071 
(epoch: 7, iters: 5128, time: 0.485, data: 0.001) G_GAN_ViT: 0.444 D_real_ViT: 0.090 D_fake_ViT: 0.163 global: 0.321 spatial: 0.055 
(epoch: 7, iters: 5228, time: 0.485, data: 0.001) G_GAN_ViT: 0.460 D_real_ViT: 0.095 D_fake_ViT: 0.161 global: 0.456 spatial: 0.080 
(epoch: 7, iters: 5328, time: 0.485, data: 0.001) G_GAN_ViT: 0.420 D_real_ViT: 0.299 D_fake_ViT: 0.189 global: 0.426 spatial: 0.105 
(epoch: 7, iters: 5428, time: 0.485, data: 0.001) G_GAN_ViT: 0.357 D_real_ViT: 0.087 D_fake_ViT: 0.253 global: 0.485 spatial: 0.109 
(epoch: 7, iters: 5528, time: 0.485, data: 0.001) G_GAN_ViT: 0.421 D_real_ViT: 0.313 D_fake_ViT: 0.186 global: 0.454 spatial: 0.104 
End of epoch 7 / 100 	 Time Taken: 2732 sec
learning rate = 0.0000100
(epoch: 8, iters: 16, time: 0.486, data: 0.001) G_GAN_ViT: 0.509 D_real_ViT: 0.087 D_fake_ViT: 0.139 global: 0.445 spatial: 0.080 
(epoch: 8, iters: 116, time: 0.486, data: 0.002) G_GAN_ViT: 0.586 D_real_ViT: 0.231 D_fake_ViT: 0.103 global: 0.377 spatial: 0.068 
(epoch: 8, iters: 216, time: 0.484, data: 0.001) G_GAN_ViT: 0.602 D_real_ViT: 0.179 D_fake_ViT: 0.090 global: 0.430 spatial: 0.082 
(epoch: 8, iters: 316, time: 0.483, data: 0.002) G_GAN_ViT: 0.351 D_real_ViT: 0.211 D_fake_ViT: 0.247 global: 0.450 spatial: 0.112 
(epoch: 8, iters: 416, time: 0.482, data: 0.001) G_GAN_ViT: 0.503 D_real_ViT: 0.178 D_fake_ViT: 0.164 global: 0.452 spatial: 0.099 
(epoch: 8, iters: 516, time: 0.482, data: 0.001) G_GAN_ViT: 0.448 D_real_ViT: 0.265 D_fake_ViT: 0.161 global: 0.410 spatial: 0.078 
(epoch: 8, iters: 616, time: 0.482, data: 0.001) G_GAN_ViT: 0.489 D_real_ViT: 0.178 D_fake_ViT: 0.147 global: 0.448 spatial: 0.100 
(epoch: 8, iters: 716, time: 0.484, data: 0.001) G_GAN_ViT: 0.357 D_real_ViT: 0.271 D_fake_ViT: 0.222 global: 0.369 spatial: 0.057 
saving the latest model (epoch 8, total_iters 40000)
ICL_single_monitor
(epoch: 8, iters: 816, time: 0.483, data: 0.001) G_GAN_ViT: 0.374 D_real_ViT: 0.099 D_fake_ViT: 0.207 global: 0.442 spatial: 0.090 
(epoch: 8, iters: 916, time: 0.484, data: 0.001) G_GAN_ViT: 0.523 D_real_ViT: 0.190 D_fake_ViT: 0.154 global: 0.408 spatial: 0.096 
(epoch: 8, iters: 1016, time: 0.484, data: 0.001) G_GAN_ViT: 0.416 D_real_ViT: 0.268 D_fake_ViT: 0.192 global: 0.437 spatial: 0.110 
(epoch: 8, iters: 1116, time: 0.484, data: 0.001) G_GAN_ViT: 0.592 D_real_ViT: 0.159 D_fake_ViT: 0.089 global: 0.338 spatial: 0.061 
(epoch: 8, iters: 1216, time: 0.484, data: 0.001) G_GAN_ViT: 0.464 D_real_ViT: 0.107 D_fake_ViT: 0.149 global: 0.319 spatial: 0.054 
(epoch: 8, iters: 1316, time: 0.485, data: 0.001) G_GAN_ViT: 0.482 D_real_ViT: 0.181 D_fake_ViT: 0.149 global: 0.344 spatial: 0.052 
(epoch: 8, iters: 1416, time: 0.485, data: 0.001) G_GAN_ViT: 0.451 D_real_ViT: 0.246 D_fake_ViT: 0.163 global: 0.355 spatial: 0.056 
(epoch: 8, iters: 1516, time: 0.485, data: 0.001) G_GAN_ViT: 0.278 D_real_ViT: 0.221 D_fake_ViT: 0.299 global: 0.481 spatial: 0.098 
(epoch: 8, iters: 1616, time: 0.485, data: 0.001) G_GAN_ViT: 0.364 D_real_ViT: 0.175 D_fake_ViT: 0.231 global: 0.489 spatial: 0.091 
(epoch: 8, iters: 1716, time: 0.485, data: 0.001) G_GAN_ViT: 0.301 D_real_ViT: 0.209 D_fake_ViT: 0.277 global: 0.539 spatial: 0.089 
(epoch: 8, iters: 1816, time: 0.485, data: 0.001) G_GAN_ViT: 0.407 D_real_ViT: 0.107 D_fake_ViT: 0.195 global: 0.277 spatial: 0.051 
(epoch: 8, iters: 1916, time: 0.485, data: 0.001) G_GAN_ViT: 0.553 D_real_ViT: 0.240 D_fake_ViT: 0.118 global: 0.388 spatial: 0.077 
(epoch: 8, iters: 2016, time: 0.484, data: 0.001) G_GAN_ViT: 0.492 D_real_ViT: 0.084 D_fake_ViT: 0.164 global: 0.423 spatial: 0.114 
(epoch: 8, iters: 2116, time: 0.484, data: 0.001) G_GAN_ViT: 0.424 D_real_ViT: 0.472 D_fake_ViT: 0.160 global: 0.367 spatial: 0.064 
(epoch: 8, iters: 2216, time: 0.484, data: 0.001) G_GAN_ViT: 0.529 D_real_ViT: 0.098 D_fake_ViT: 0.121 global: 0.364 spatial: 0.076 
(epoch: 8, iters: 2316, time: 0.483, data: 0.001) G_GAN_ViT: 0.324 D_real_ViT: 0.049 D_fake_ViT: 0.282 global: 0.488 spatial: 0.100 
(epoch: 8, iters: 2416, time: 0.484, data: 0.001) G_GAN_ViT: 0.319 D_real_ViT: 0.184 D_fake_ViT: 0.252 global: 0.477 spatial: 0.099 
(epoch: 8, iters: 2516, time: 0.485, data: 0.001) G_GAN_ViT: 0.552 D_real_ViT: 0.562 D_fake_ViT: 0.090 global: 0.326 spatial: 0.045 
(epoch: 8, iters: 2616, time: 0.485, data: 0.001) G_GAN_ViT: 0.502 D_real_ViT: 0.321 D_fake_ViT: 0.138 global: 0.402 spatial: 0.059 
(epoch: 8, iters: 2716, time: 0.485, data: 0.001) G_GAN_ViT: 0.506 D_real_ViT: 0.176 D_fake_ViT: 0.166 global: 0.536 spatial: 0.105 
(epoch: 8, iters: 2816, time: 0.485, data: 0.001) G_GAN_ViT: 0.405 D_real_ViT: 0.154 D_fake_ViT: 0.199 global: 0.432 spatial: 0.104 
(epoch: 8, iters: 2916, time: 0.485, data: 0.002) G_GAN_ViT: 0.472 D_real_ViT: 0.079 D_fake_ViT: 0.161 global: 0.495 spatial: 0.081 
(epoch: 8, iters: 3016, time: 0.485, data: 0.002) G_GAN_ViT: 0.641 D_real_ViT: 0.067 D_fake_ViT: 0.075 global: 0.395 spatial: 0.060 
(epoch: 8, iters: 3116, time: 0.485, data: 0.001) G_GAN_ViT: 0.608 D_real_ViT: 0.083 D_fake_ViT: 0.093 global: 0.386 spatial: 0.057 
(epoch: 8, iters: 3216, time: 0.486, data: 0.001) G_GAN_ViT: 0.451 D_real_ViT: 0.149 D_fake_ViT: 0.181 global: 0.448 spatial: 0.093 
(epoch: 8, iters: 3316, time: 0.486, data: 0.002) G_GAN_ViT: 0.469 D_real_ViT: 0.140 D_fake_ViT: 0.173 global: 0.515 spatial: 0.109 
(epoch: 8, iters: 3416, time: 0.485, data: 0.001) G_GAN_ViT: 0.318 D_real_ViT: 0.152 D_fake_ViT: 0.266 global: 0.391 spatial: 0.066 
(epoch: 8, iters: 3516, time: 0.485, data: 0.002) G_GAN_ViT: 0.401 D_real_ViT: 0.185 D_fake_ViT: 0.203 global: 0.444 spatial: 0.098 
(epoch: 8, iters: 3616, time: 0.486, data: 0.001) G_GAN_ViT: 0.547 D_real_ViT: 0.140 D_fake_ViT: 0.136 global: 0.452 spatial: 0.111 
(epoch: 8, iters: 3716, time: 0.486, data: 0.001) G_GAN_ViT: 0.657 D_real_ViT: 0.130 D_fake_ViT: 0.101 global: 0.396 spatial: 0.081 
(epoch: 8, iters: 3816, time: 0.486, data: 0.002) G_GAN_ViT: 0.599 D_real_ViT: 0.184 D_fake_ViT: 0.107 global: 0.358 spatial: 0.059 
(epoch: 8, iters: 3916, time: 0.486, data: 0.001) G_GAN_ViT: 0.434 D_real_ViT: 0.154 D_fake_ViT: 0.201 global: 0.476 spatial: 0.083 
(epoch: 8, iters: 4016, time: 0.487, data: 0.001) G_GAN_ViT: 0.363 D_real_ViT: 0.085 D_fake_ViT: 0.229 global: 0.459 spatial: 0.091 
(epoch: 8, iters: 4116, time: 0.488, data: 0.001) G_GAN_ViT: 0.560 D_real_ViT: 0.160 D_fake_ViT: 0.164 global: 0.552 spatial: 0.105 
(epoch: 8, iters: 4216, time: 0.488, data: 0.002) G_GAN_ViT: 0.319 D_real_ViT: 0.164 D_fake_ViT: 0.263 global: 0.510 spatial: 0.089 
(epoch: 8, iters: 4316, time: 0.489, data: 0.002) G_GAN_ViT: 0.568 D_real_ViT: 0.091 D_fake_ViT: 0.125 global: 0.396 spatial: 0.086 
(epoch: 8, iters: 4416, time: 0.489, data: 0.001) G_GAN_ViT: 0.567 D_real_ViT: 0.364 D_fake_ViT: 0.127 global: 0.548 spatial: 0.094 
(epoch: 8, iters: 4516, time: 0.490, data: 0.001) G_GAN_ViT: 0.408 D_real_ViT: 0.245 D_fake_ViT: 0.192 global: 0.449 spatial: 0.076 
(epoch: 8, iters: 4616, time: 0.490, data: 0.001) G_GAN_ViT: 0.314 D_real_ViT: 0.153 D_fake_ViT: 0.259 global: 0.509 spatial: 0.089 
(epoch: 8, iters: 4716, time: 0.490, data: 0.001) G_GAN_ViT: 0.578 D_real_ViT: 0.272 D_fake_ViT: 0.123 global: 0.351 spatial: 0.087 
(epoch: 8, iters: 4816, time: 0.489, data: 0.001) G_GAN_ViT: 0.427 D_real_ViT: 0.175 D_fake_ViT: 0.177 global: 0.427 spatial: 0.077 
(epoch: 8, iters: 4916, time: 0.489, data: 0.001) G_GAN_ViT: 0.664 D_real_ViT: 0.124 D_fake_ViT: 0.068 global: 0.314 spatial: 0.057 
(epoch: 8, iters: 5016, time: 0.489, data: 0.001) G_GAN_ViT: 0.577 D_real_ViT: 0.182 D_fake_ViT: 0.118 global: 0.426 spatial: 0.099 
(epoch: 8, iters: 5116, time: 0.488, data: 0.001) G_GAN_ViT: 0.441 D_real_ViT: 0.228 D_fake_ViT: 0.176 global: 0.479 spatial: 0.114 
(epoch: 8, iters: 5216, time: 0.489, data: 0.002) G_GAN_ViT: 0.439 D_real_ViT: 0.124 D_fake_ViT: 0.178 global: 0.478 spatial: 0.097 
(epoch: 8, iters: 5316, time: 0.488, data: 0.001) G_GAN_ViT: 0.328 D_real_ViT: 0.119 D_fake_ViT: 0.254 global: 0.439 spatial: 0.098 
(epoch: 8, iters: 5416, time: 0.488, data: 0.001) G_GAN_ViT: 0.695 D_real_ViT: 0.097 D_fake_ViT: 0.095 global: 0.428 spatial: 0.072 
(epoch: 8, iters: 5516, time: 0.489, data: 0.001) G_GAN_ViT: 0.449 D_real_ViT: 0.076 D_fake_ViT: 0.168 global: 0.387 spatial: 0.065 
End of epoch 8 / 100 	 Time Taken: 2735 sec
learning rate = 0.0000100
(epoch: 9, iters: 4, time: 0.488, data: 0.001) G_GAN_ViT: 0.531 D_real_ViT: 0.091 D_fake_ViT: 0.111 global: 0.310 spatial: 0.048 
(epoch: 9, iters: 104, time: 0.488, data: 0.000) G_GAN_ViT: 0.409 D_real_ViT: 0.105 D_fake_ViT: 0.189 global: 0.443 spatial: 0.094 
saving the latest model (epoch 9, total_iters 45000)
ICL_single_monitor
(epoch: 9, iters: 204, time: 0.487, data: 0.002) G_GAN_ViT: 0.363 D_real_ViT: 0.161 D_fake_ViT: 0.248 global: 0.560 spatial: 0.080 
(epoch: 9, iters: 304, time: 0.486, data: 0.001) G_GAN_ViT: 0.457 D_real_ViT: 0.224 D_fake_ViT: 0.161 global: 0.433 spatial: 0.082 
(epoch: 9, iters: 404, time: 0.487, data: 0.001) G_GAN_ViT: 0.392 D_real_ViT: 0.151 D_fake_ViT: 0.192 global: 0.463 spatial: 0.088 
(epoch: 9, iters: 504, time: 0.487, data: 0.001) G_GAN_ViT: 0.381 D_real_ViT: 0.145 D_fake_ViT: 0.192 global: 0.341 spatial: 0.056 
(epoch: 9, iters: 604, time: 0.488, data: 0.001) G_GAN_ViT: 0.420 D_real_ViT: 0.145 D_fake_ViT: 0.186 global: 0.438 spatial: 0.134 
(epoch: 9, iters: 704, time: 0.488, data: 0.001) G_GAN_ViT: 0.483 D_real_ViT: 0.158 D_fake_ViT: 0.149 global: 0.431 spatial: 0.099 
(epoch: 9, iters: 804, time: 0.488, data: 0.001) G_GAN_ViT: 0.653 D_real_ViT: 0.208 D_fake_ViT: 0.082 global: 0.384 spatial: 0.062 
(epoch: 9, iters: 904, time: 0.487, data: 0.001) G_GAN_ViT: 0.621 D_real_ViT: 0.254 D_fake_ViT: 0.083 global: 0.381 spatial: 0.056 
(epoch: 9, iters: 1004, time: 0.488, data: 0.001) G_GAN_ViT: 0.446 D_real_ViT: 0.148 D_fake_ViT: 0.192 global: 0.530 spatial: 0.088 
(epoch: 9, iters: 1104, time: 0.488, data: 0.001) G_GAN_ViT: 0.411 D_real_ViT: 0.337 D_fake_ViT: 0.167 global: 0.356 spatial: 0.055 
(epoch: 9, iters: 1204, time: 0.488, data: 0.001) G_GAN_ViT: 0.317 D_real_ViT: 0.215 D_fake_ViT: 0.270 global: 0.448 spatial: 0.092 
(epoch: 9, iters: 1304, time: 0.488, data: 0.001) G_GAN_ViT: 0.379 D_real_ViT: 0.110 D_fake_ViT: 0.254 global: 0.476 spatial: 0.110 
(epoch: 9, iters: 1404, time: 0.488, data: 0.001) G_GAN_ViT: 0.436 D_real_ViT: 0.174 D_fake_ViT: 0.178 global: 0.397 spatial: 0.086 
(epoch: 9, iters: 1504, time: 0.487, data: 0.001) G_GAN_ViT: 0.587 D_real_ViT: 0.140 D_fake_ViT: 0.108 global: 0.359 spatial: 0.074 
(epoch: 9, iters: 1604, time: 0.487, data: 0.001) G_GAN_ViT: 0.489 D_real_ViT: 0.197 D_fake_ViT: 0.134 global: 0.505 spatial: 0.098 
(epoch: 9, iters: 1704, time: 0.487, data: 0.004) G_GAN_ViT: 0.369 D_real_ViT: 0.225 D_fake_ViT: 0.214 global: 0.492 spatial: 0.096 
(epoch: 9, iters: 1804, time: 0.487, data: 0.001) G_GAN_ViT: 0.490 D_real_ViT: 0.110 D_fake_ViT: 0.188 global: 0.479 spatial: 0.106 
(epoch: 9, iters: 1904, time: 0.487, data: 0.001) G_GAN_ViT: 0.551 D_real_ViT: 0.074 D_fake_ViT: 0.142 global: 0.508 spatial: 0.099 
(epoch: 9, iters: 2004, time: 0.487, data: 0.004) G_GAN_ViT: 0.405 D_real_ViT: 0.059 D_fake_ViT: 0.206 global: 0.455 spatial: 0.099 
(epoch: 9, iters: 2104, time: 0.487, data: 0.001) G_GAN_ViT: 0.482 D_real_ViT: 0.224 D_fake_ViT: 0.175 global: 0.501 spatial: 0.075 
(epoch: 9, iters: 2204, time: 0.487, data: 0.001) G_GAN_ViT: 0.391 D_real_ViT: 0.099 D_fake_ViT: 0.218 global: 0.437 spatial: 0.111 
(epoch: 9, iters: 2304, time: 0.487, data: 0.001) G_GAN_ViT: 0.510 D_real_ViT: 0.103 D_fake_ViT: 0.135 global: 0.506 spatial: 0.077 
(epoch: 9, iters: 2404, time: 0.488, data: 0.001) G_GAN_ViT: 0.540 D_real_ViT: 0.225 D_fake_ViT: 0.169 global: 0.500 spatial: 0.089 
(epoch: 9, iters: 2504, time: 0.487, data: 0.001) G_GAN_ViT: 0.562 D_real_ViT: 0.062 D_fake_ViT: 0.128 global: 0.466 spatial: 0.081 
(epoch: 9, iters: 2604, time: 0.487, data: 0.001) G_GAN_ViT: 0.531 D_real_ViT: 0.119 D_fake_ViT: 0.109 global: 0.398 spatial: 0.055 
(epoch: 9, iters: 2704, time: 0.487, data: 0.001) G_GAN_ViT: 0.345 D_real_ViT: 0.169 D_fake_ViT: 0.237 global: 0.378 spatial: 0.067 
(epoch: 9, iters: 2804, time: 0.487, data: 0.001) G_GAN_ViT: 0.597 D_real_ViT: 0.240 D_fake_ViT: 0.099 global: 0.441 spatial: 0.067 
(epoch: 9, iters: 2904, time: 0.487, data: 0.001) G_GAN_ViT: 0.635 D_real_ViT: 0.203 D_fake_ViT: 0.081 global: 0.408 spatial: 0.071 
(epoch: 9, iters: 3004, time: 0.487, data: 0.001) G_GAN_ViT: 0.365 D_real_ViT: 0.147 D_fake_ViT: 0.220 global: 0.469 spatial: 0.093 
(epoch: 9, iters: 3104, time: 0.486, data: 0.002) G_GAN_ViT: 0.575 D_real_ViT: 0.110 D_fake_ViT: 0.112 global: 0.371 spatial: 0.056 
(epoch: 9, iters: 3204, time: 0.487, data: 0.001) G_GAN_ViT: 0.426 D_real_ViT: 0.129 D_fake_ViT: 0.188 global: 0.521 spatial: 0.102 
(epoch: 9, iters: 3304, time: 0.487, data: 0.001) G_GAN_ViT: 0.593 D_real_ViT: 0.686 D_fake_ViT: 0.109 global: 0.351 spatial: 0.089 
(epoch: 9, iters: 3404, time: 0.487, data: 0.001) G_GAN_ViT: 0.571 D_real_ViT: 0.114 D_fake_ViT: 0.112 global: 0.362 spatial: 0.055 
(epoch: 9, iters: 3504, time: 0.487, data: 0.001) G_GAN_ViT: 0.407 D_real_ViT: 0.222 D_fake_ViT: 0.189 global: 0.531 spatial: 0.092 
(epoch: 9, iters: 3604, time: 0.487, data: 0.001) G_GAN_ViT: 0.647 D_real_ViT: 0.194 D_fake_ViT: 0.105 global: 0.426 spatial: 0.102 
(epoch: 9, iters: 3704, time: 0.487, data: 0.001) G_GAN_ViT: 0.382 D_real_ViT: 0.189 D_fake_ViT: 0.213 global: 0.408 spatial: 0.056 
(epoch: 9, iters: 3804, time: 0.487, data: 0.001) G_GAN_ViT: 0.537 D_real_ViT: 0.221 D_fake_ViT: 0.146 global: 0.382 spatial: 0.099 
(epoch: 9, iters: 3904, time: 0.487, data: 0.001) G_GAN_ViT: 0.423 D_real_ViT: 0.132 D_fake_ViT: 0.188 global: 0.457 spatial: 0.084 
(epoch: 9, iters: 4004, time: 0.487, data: 0.001) G_GAN_ViT: 0.416 D_real_ViT: 0.254 D_fake_ViT: 0.196 global: 0.402 spatial: 0.065 
(epoch: 9, iters: 4104, time: 0.487, data: 0.001) G_GAN_ViT: 0.530 D_real_ViT: 0.099 D_fake_ViT: 0.134 global: 0.406 spatial: 0.102 
(epoch: 9, iters: 4204, time: 0.487, data: 0.001) G_GAN_ViT: 0.326 D_real_ViT: 0.118 D_fake_ViT: 0.261 global: 0.419 spatial: 0.096 
(epoch: 9, iters: 4304, time: 0.487, data: 0.001) G_GAN_ViT: 0.363 D_real_ViT: 0.160 D_fake_ViT: 0.267 global: 0.531 spatial: 0.106 
(epoch: 9, iters: 4404, time: 0.487, data: 0.001) G_GAN_ViT: 0.563 D_real_ViT: 0.211 D_fake_ViT: 0.132 global: 0.447 spatial: 0.104 
(epoch: 9, iters: 4504, time: 0.487, data: 0.001) G_GAN_ViT: 0.416 D_real_ViT: 0.152 D_fake_ViT: 0.185 global: 0.426 spatial: 0.090 
(epoch: 9, iters: 4604, time: 0.487, data: 0.001) G_GAN_ViT: 0.515 D_real_ViT: 0.108 D_fake_ViT: 0.128 global: 0.440 spatial: 0.073 
(epoch: 9, iters: 4704, time: 0.488, data: 0.001) G_GAN_ViT: 0.389 D_real_ViT: 0.278 D_fake_ViT: 0.198 global: 0.517 spatial: 0.096 
(epoch: 9, iters: 4804, time: 0.488, data: 0.001) G_GAN_ViT: 0.389 D_real_ViT: 0.156 D_fake_ViT: 0.214 global: 0.499 spatial: 0.103 
(epoch: 9, iters: 4904, time: 0.487, data: 0.001) G_GAN_ViT: 0.283 D_real_ViT: 0.123 D_fake_ViT: 0.314 global: 0.391 spatial: 0.070 
(epoch: 9, iters: 5004, time: 0.487, data: 0.001) G_GAN_ViT: 0.429 D_real_ViT: 0.127 D_fake_ViT: 0.173 global: 0.487 spatial: 0.086 
(epoch: 9, iters: 5104, time: 0.487, data: 0.001) G_GAN_ViT: 0.458 D_real_ViT: 0.078 D_fake_ViT: 0.174 global: 0.466 spatial: 0.089 
saving the latest model (epoch 9, total_iters 50000)
ICL_single_monitor
(epoch: 9, iters: 5204, time: 0.486, data: 0.002) G_GAN_ViT: 0.427 D_real_ViT: 0.102 D_fake_ViT: 0.206 global: 0.526 spatial: 0.093 
(epoch: 9, iters: 5304, time: 0.486, data: 0.001) G_GAN_ViT: 0.500 D_real_ViT: 0.120 D_fake_ViT: 0.161 global: 0.471 spatial: 0.111 
(epoch: 9, iters: 5404, time: 0.487, data: 0.001) G_GAN_ViT: 0.534 D_real_ViT: 0.070 D_fake_ViT: 0.142 global: 0.457 spatial: 0.105 
(epoch: 9, iters: 5504, time: 0.487, data: 0.001) G_GAN_ViT: 0.507 D_real_ViT: 0.207 D_fake_ViT: 0.121 global: 0.351 spatial: 0.076 
(epoch: 9, iters: 5604, time: 0.487, data: 0.001) G_GAN_ViT: 0.468 D_real_ViT: 0.470 D_fake_ViT: 0.164 global: 0.483 spatial: 0.083 
End of epoch 9 / 100 	 Time Taken: 2743 sec
learning rate = 0.0000100
(epoch: 10, iters: 92, time: 0.487, data: 0.003) G_GAN_ViT: 0.408 D_real_ViT: 0.134 D_fake_ViT: 0.201 global: 0.489 spatial: 0.081 
(epoch: 10, iters: 192, time: 0.487, data: 0.001) G_GAN_ViT: 0.504 D_real_ViT: 0.114 D_fake_ViT: 0.136 global: 0.413 spatial: 0.094 
(epoch: 10, iters: 292, time: 0.488, data: 0.001) G_GAN_ViT: 0.664 D_real_ViT: 0.155 D_fake_ViT: 0.097 global: 0.557 spatial: 0.090 
(epoch: 10, iters: 392, time: 0.487, data: 0.001) G_GAN_ViT: 0.543 D_real_ViT: 0.069 D_fake_ViT: 0.111 global: 0.368 spatial: 0.064 
(epoch: 10, iters: 492, time: 0.487, data: 0.001) G_GAN_ViT: 0.410 D_real_ViT: 0.434 D_fake_ViT: 0.198 global: 0.402 spatial: 0.083 
(epoch: 10, iters: 592, time: 0.487, data: 0.001) G_GAN_ViT: 0.576 D_real_ViT: 0.104 D_fake_ViT: 0.128 global: 0.414 spatial: 0.081 
(epoch: 10, iters: 692, time: 0.487, data: 0.001) G_GAN_ViT: 0.417 D_real_ViT: 0.245 D_fake_ViT: 0.178 global: 0.300 spatial: 0.047 
(epoch: 10, iters: 792, time: 0.487, data: 0.001) G_GAN_ViT: 0.467 D_real_ViT: 0.114 D_fake_ViT: 0.162 global: 0.483 spatial: 0.089 
(epoch: 10, iters: 892, time: 0.488, data: 0.001) G_GAN_ViT: 0.434 D_real_ViT: 0.250 D_fake_ViT: 0.182 global: 0.442 spatial: 0.092 
(epoch: 10, iters: 992, time: 0.488, data: 0.001) G_GAN_ViT: 0.545 D_real_ViT: 0.055 D_fake_ViT: 0.148 global: 0.452 spatial: 0.100 
(epoch: 10, iters: 1092, time: 0.488, data: 0.001) G_GAN_ViT: 0.486 D_real_ViT: 0.211 D_fake_ViT: 0.143 global: 0.515 spatial: 0.089 
(epoch: 10, iters: 1192, time: 0.488, data: 0.001) G_GAN_ViT: 0.649 D_real_ViT: 0.150 D_fake_ViT: 0.071 global: 0.337 spatial: 0.048 
(epoch: 10, iters: 1292, time: 0.488, data: 0.001) G_GAN_ViT: 0.507 D_real_ViT: 0.189 D_fake_ViT: 0.129 global: 0.414 spatial: 0.085 
(epoch: 10, iters: 1392, time: 0.487, data: 0.001) G_GAN_ViT: 0.364 D_real_ViT: 0.188 D_fake_ViT: 0.225 global: 0.505 spatial: 0.105 
(epoch: 10, iters: 1492, time: 0.487, data: 0.001) G_GAN_ViT: 0.419 D_real_ViT: 0.138 D_fake_ViT: 0.183 global: 0.488 spatial: 0.095 
(epoch: 10, iters: 1592, time: 0.488, data: 0.001) G_GAN_ViT: 0.439 D_real_ViT: 0.246 D_fake_ViT: 0.190 global: 0.454 spatial: 0.106 
(epoch: 10, iters: 1692, time: 0.488, data: 0.001) G_GAN_ViT: 0.433 D_real_ViT: 0.114 D_fake_ViT: 0.177 global: 0.428 spatial: 0.093 
(epoch: 10, iters: 1792, time: 0.488, data: 0.001) G_GAN_ViT: 0.516 D_real_ViT: 0.215 D_fake_ViT: 0.159 global: 0.529 spatial: 0.090 
(epoch: 10, iters: 1892, time: 0.487, data: 0.001) G_GAN_ViT: 0.556 D_real_ViT: 0.250 D_fake_ViT: 0.101 global: 0.311 spatial: 0.058 
(epoch: 10, iters: 1992, time: 0.488, data: 0.001) G_GAN_ViT: 0.512 D_real_ViT: 0.212 D_fake_ViT: 0.126 global: 0.325 spatial: 0.054 
(epoch: 10, iters: 2092, time: 0.488, data: 0.001) G_GAN_ViT: 0.541 D_real_ViT: 0.213 D_fake_ViT: 0.123 global: 0.378 spatial: 0.071 
(epoch: 10, iters: 2192, time: 0.487, data: 0.001) G_GAN_ViT: 0.580 D_real_ViT: 0.118 D_fake_ViT: 0.109 global: 0.449 spatial: 0.078 
(epoch: 10, iters: 2292, time: 0.487, data: 0.001) G_GAN_ViT: 0.442 D_real_ViT: 0.082 D_fake_ViT: 0.164 global: 0.552 spatial: 0.080 
(epoch: 10, iters: 2392, time: 0.487, data: 0.001) G_GAN_ViT: 0.522 D_real_ViT: 0.467 D_fake_ViT: 0.112 global: 0.374 spatial: 0.058 
(epoch: 10, iters: 2492, time: 0.487, data: 0.001) G_GAN_ViT: 0.478 D_real_ViT: 0.180 D_fake_ViT: 0.146 global: 0.348 spatial: 0.053 
(epoch: 10, iters: 2592, time: 0.487, data: 0.001) G_GAN_ViT: 0.551 D_real_ViT: 0.079 D_fake_ViT: 0.136 global: 0.376 spatial: 0.079 
(epoch: 10, iters: 2692, time: 0.487, data: 0.001) G_GAN_ViT: 0.571 D_real_ViT: 0.107 D_fake_ViT: 0.128 global: 0.458 spatial: 0.106 
(epoch: 10, iters: 2792, time: 0.487, data: 0.001) G_GAN_ViT: 0.434 D_real_ViT: 0.104 D_fake_ViT: 0.203 global: 0.480 spatial: 0.102 
(epoch: 10, iters: 2892, time: 0.487, data: 0.001) G_GAN_ViT: 0.499 D_real_ViT: 0.165 D_fake_ViT: 0.157 global: 0.418 spatial: 0.102 
(epoch: 10, iters: 2992, time: 0.487, data: 0.001) G_GAN_ViT: 0.420 D_real_ViT: 0.052 D_fake_ViT: 0.177 global: 0.300 spatial: 0.058 
(epoch: 10, iters: 3092, time: 0.487, data: 0.001) G_GAN_ViT: 0.495 D_real_ViT: 0.323 D_fake_ViT: 0.146 global: 0.419 spatial: 0.088 
(epoch: 10, iters: 3192, time: 0.487, data: 0.001) G_GAN_ViT: 0.279 D_real_ViT: 0.202 D_fake_ViT: 0.287 global: 0.406 spatial: 0.087 
(epoch: 10, iters: 3292, time: 0.487, data: 0.001) G_GAN_ViT: 0.403 D_real_ViT: 0.076 D_fake_ViT: 0.194 global: 0.509 spatial: 0.101 
(epoch: 10, iters: 3392, time: 0.487, data: 0.001) G_GAN_ViT: 0.537 D_real_ViT: 0.370 D_fake_ViT: 0.143 global: 0.396 spatial: 0.101 
(epoch: 10, iters: 3492, time: 0.487, data: 0.001) G_GAN_ViT: 0.610 D_real_ViT: 0.232 D_fake_ViT: 0.092 global: 0.445 spatial: 0.085 
(epoch: 10, iters: 3592, time: 0.487, data: 0.001) G_GAN_ViT: 0.520 D_real_ViT: 0.095 D_fake_ViT: 0.123 global: 0.403 spatial: 0.056 
(epoch: 10, iters: 3692, time: 0.487, data: 0.001) G_GAN_ViT: 0.519 D_real_ViT: 0.165 D_fake_ViT: 0.160 global: 0.496 spatial: 0.116 
(epoch: 10, iters: 3792, time: 0.487, data: 0.001) G_GAN_ViT: 0.475 D_real_ViT: 0.084 D_fake_ViT: 0.156 global: 0.406 spatial: 0.065 
(epoch: 10, iters: 3892, time: 0.487, data: 0.001) G_GAN_ViT: 0.441 D_real_ViT: 0.152 D_fake_ViT: 0.158 global: 0.383 spatial: 0.058 
(epoch: 10, iters: 3992, time: 0.487, data: 0.001) G_GAN_ViT: 0.633 D_real_ViT: 0.172 D_fake_ViT: 0.075 global: 0.367 spatial: 0.070 
(epoch: 10, iters: 4092, time: 0.487, data: 0.001) G_GAN_ViT: 0.674 D_real_ViT: 0.376 D_fake_ViT: 0.094 global: 0.365 spatial: 0.099 
(epoch: 10, iters: 4192, time: 0.487, data: 0.001) G_GAN_ViT: 0.525 D_real_ViT: 0.176 D_fake_ViT: 0.135 global: 0.409 spatial: 0.076 
(epoch: 10, iters: 4292, time: 0.486, data: 0.002) G_GAN_ViT: 0.685 D_real_ViT: 0.091 D_fake_ViT: 0.087 global: 0.400 spatial: 0.074 
(epoch: 10, iters: 4392, time: 0.487, data: 0.001) G_GAN_ViT: 0.394 D_real_ViT: 0.080 D_fake_ViT: 0.215 global: 0.443 spatial: 0.100 
(epoch: 10, iters: 4492, time: 0.486, data: 0.001) G_GAN_ViT: 0.503 D_real_ViT: 0.106 D_fake_ViT: 0.160 global: 0.439 spatial: 0.095 
saving the latest model (epoch 10, total_iters 55000)
ICL_single_monitor
(epoch: 10, iters: 4592, time: 0.486, data: 0.001) G_GAN_ViT: 0.619 D_real_ViT: 0.191 D_fake_ViT: 0.102 global: 0.468 spatial: 0.095 
(epoch: 10, iters: 4692, time: 0.486, data: 0.001) G_GAN_ViT: 0.585 D_real_ViT: 0.355 D_fake_ViT: 0.097 global: 0.377 spatial: 0.058 
(epoch: 10, iters: 4792, time: 0.486, data: 0.001) G_GAN_ViT: 0.545 D_real_ViT: 0.156 D_fake_ViT: 0.134 global: 0.454 spatial: 0.090 
(epoch: 10, iters: 4892, time: 0.486, data: 0.001) G_GAN_ViT: 0.574 D_real_ViT: 0.150 D_fake_ViT: 0.107 global: 0.329 spatial: 0.053 
(epoch: 10, iters: 4992, time: 0.487, data: 0.001) G_GAN_ViT: 0.555 D_real_ViT: 0.255 D_fake_ViT: 0.120 global: 0.354 spatial: 0.059 
(epoch: 10, iters: 5092, time: 0.486, data: 0.001) G_GAN_ViT: 0.498 D_real_ViT: 0.305 D_fake_ViT: 0.135 global: 0.443 spatial: 0.052 
(epoch: 10, iters: 5192, time: 0.486, data: 0.001) G_GAN_ViT: 0.623 D_real_ViT: 0.160 D_fake_ViT: 0.088 global: 0.419 spatial: 0.084 
(epoch: 10, iters: 5292, time: 0.487, data: 0.001) G_GAN_ViT: 0.336 D_real_ViT: 0.210 D_fake_ViT: 0.238 global: 0.480 spatial: 0.089 
(epoch: 10, iters: 5392, time: 0.487, data: 0.001) G_GAN_ViT: 0.639 D_real_ViT: 0.202 D_fake_ViT: 0.088 global: 0.432 spatial: 0.072 
(epoch: 10, iters: 5492, time: 0.487, data: 0.001) G_GAN_ViT: 0.589 D_real_ViT: 0.113 D_fake_ViT: 0.102 global: 0.399 spatial: 0.080 
(epoch: 10, iters: 5592, time: 0.487, data: 0.002) G_GAN_ViT: 0.413 D_real_ViT: 0.168 D_fake_ViT: 0.196 global: 0.554 spatial: 0.090 
saving the model at the end of epoch 10, iters 56120
End of epoch 10 / 100 	 Time Taken: 2743 sec
learning rate = 0.0000100
(epoch: 11, iters: 80, time: 0.487, data: 0.001) G_GAN_ViT: 0.524 D_real_ViT: 0.162 D_fake_ViT: 0.164 global: 0.407 spatial: 0.099 
(epoch: 11, iters: 180, time: 0.487, data: 0.001) G_GAN_ViT: 0.546 D_real_ViT: 0.309 D_fake_ViT: 0.141 global: 0.457 spatial: 0.105 
(epoch: 11, iters: 280, time: 0.487, data: 0.001) G_GAN_ViT: 0.603 D_real_ViT: 0.170 D_fake_ViT: 0.119 global: 0.397 spatial: 0.096 
(epoch: 11, iters: 380, time: 0.487, data: 0.001) G_GAN_ViT: 0.516 D_real_ViT: 0.180 D_fake_ViT: 0.162 global: 0.516 spatial: 0.093 
(epoch: 11, iters: 480, time: 0.487, data: 0.001) G_GAN_ViT: 0.594 D_real_ViT: 0.154 D_fake_ViT: 0.103 global: 0.496 spatial: 0.088 
(epoch: 11, iters: 580, time: 0.487, data: 0.001) G_GAN_ViT: 0.552 D_real_ViT: 0.230 D_fake_ViT: 0.116 global: 0.424 spatial: 0.066 
(epoch: 11, iters: 680, time: 0.487, data: 0.001) G_GAN_ViT: 0.433 D_real_ViT: 0.045 D_fake_ViT: 0.188 global: 0.473 spatial: 0.089 
(epoch: 11, iters: 780, time: 0.487, data: 0.001) G_GAN_ViT: 0.545 D_real_ViT: 0.060 D_fake_ViT: 0.110 global: 0.435 spatial: 0.055 
(epoch: 11, iters: 880, time: 0.487, data: 0.003) G_GAN_ViT: 0.408 D_real_ViT: 0.130 D_fake_ViT: 0.198 global: 0.449 spatial: 0.087 
(epoch: 11, iters: 980, time: 0.487, data: 0.001) G_GAN_ViT: 0.445 D_real_ViT: 0.177 D_fake_ViT: 0.180 global: 0.507 spatial: 0.094 
(epoch: 11, iters: 1080, time: 0.487, data: 0.001) G_GAN_ViT: 0.456 D_real_ViT: 0.305 D_fake_ViT: 0.171 global: 0.528 spatial: 0.090 
(epoch: 11, iters: 1180, time: 0.487, data: 0.001) G_GAN_ViT: 0.635 D_real_ViT: 0.105 D_fake_ViT: 0.097 global: 0.541 spatial: 0.094 
(epoch: 11, iters: 1280, time: 0.487, data: 0.001) G_GAN_ViT: 0.605 D_real_ViT: 0.168 D_fake_ViT: 0.087 global: 0.333 spatial: 0.063 
(epoch: 11, iters: 1380, time: 0.487, data: 0.001) G_GAN_ViT: 0.598 D_real_ViT: 0.140 D_fake_ViT: 0.099 global: 0.455 spatial: 0.088 
(epoch: 11, iters: 1480, time: 0.487, data: 0.001) G_GAN_ViT: 0.406 D_real_ViT: 0.158 D_fake_ViT: 0.201 global: 0.483 spatial: 0.090 
(epoch: 11, iters: 1580, time: 0.487, data: 0.001) G_GAN_ViT: 0.434 D_real_ViT: 0.301 D_fake_ViT: 0.194 global: 0.477 spatial: 0.099 
(epoch: 11, iters: 1680, time: 0.487, data: 0.001) G_GAN_ViT: 0.568 D_real_ViT: 0.148 D_fake_ViT: 0.105 global: 0.326 spatial: 0.059 
(epoch: 11, iters: 1780, time: 0.487, data: 0.001) G_GAN_ViT: 0.444 D_real_ViT: 0.329 D_fake_ViT: 0.173 global: 0.491 spatial: 0.085 
(epoch: 11, iters: 1880, time: 0.487, data: 0.001) G_GAN_ViT: 0.634 D_real_ViT: 0.170 D_fake_ViT: 0.109 global: 0.428 spatial: 0.091 
(epoch: 11, iters: 1980, time: 0.487, data: 0.001) G_GAN_ViT: 0.489 D_real_ViT: 0.182 D_fake_ViT: 0.142 global: 0.399 spatial: 0.080 
(epoch: 11, iters: 2080, time: 0.487, data: 0.001) G_GAN_ViT: 0.395 D_real_ViT: 0.226 D_fake_ViT: 0.192 global: 0.497 spatial: 0.085 
(epoch: 11, iters: 2180, time: 0.487, data: 0.001) G_GAN_ViT: 0.524 D_real_ViT: 0.187 D_fake_ViT: 0.124 global: 0.484 spatial: 0.099 
(epoch: 11, iters: 2280, time: 0.487, data: 0.001) G_GAN_ViT: 0.396 D_real_ViT: 0.119 D_fake_ViT: 0.212 global: 0.460 spatial: 0.094 
(epoch: 11, iters: 2380, time: 0.487, data: 0.002) G_GAN_ViT: 0.480 D_real_ViT: 0.138 D_fake_ViT: 0.156 global: 0.419 spatial: 0.063 
(epoch: 11, iters: 2480, time: 0.488, data: 0.001) G_GAN_ViT: 0.316 D_real_ViT: 0.116 D_fake_ViT: 0.265 global: 0.501 spatial: 0.099 
(epoch: 11, iters: 2580, time: 0.487, data: 0.001) G_GAN_ViT: 0.512 D_real_ViT: 0.151 D_fake_ViT: 0.128 global: 0.372 spatial: 0.051 
(epoch: 11, iters: 2680, time: 0.487, data: 0.001) G_GAN_ViT: 0.413 D_real_ViT: 0.171 D_fake_ViT: 0.185 global: 0.410 spatial: 0.080 
(epoch: 11, iters: 2780, time: 0.487, data: 0.001) G_GAN_ViT: 0.483 D_real_ViT: 0.094 D_fake_ViT: 0.143 global: 0.494 spatial: 0.082 
(epoch: 11, iters: 2880, time: 0.488, data: 0.001) G_GAN_ViT: 0.302 D_real_ViT: 0.060 D_fake_ViT: 0.285 global: 0.483 spatial: 0.089 
(epoch: 11, iters: 2980, time: 0.487, data: 0.001) G_GAN_ViT: 0.608 D_real_ViT: 0.062 D_fake_ViT: 0.092 global: 0.332 spatial: 0.058 
(epoch: 11, iters: 3080, time: 0.487, data: 0.001) G_GAN_ViT: 0.616 D_real_ViT: 0.141 D_fake_ViT: 0.112 global: 0.411 spatial: 0.109 
(epoch: 11, iters: 3180, time: 0.487, data: 0.001) G_GAN_ViT: 0.371 D_real_ViT: 0.102 D_fake_ViT: 0.225 global: 0.456 spatial: 0.104 
(epoch: 11, iters: 3280, time: 0.488, data: 0.001) G_GAN_ViT: 0.582 D_real_ViT: 0.162 D_fake_ViT: 0.131 global: 0.460 spatial: 0.106 
(epoch: 11, iters: 3380, time: 0.488, data: 0.001) G_GAN_ViT: 0.395 D_real_ViT: 0.148 D_fake_ViT: 0.214 global: 0.556 spatial: 0.101 
(epoch: 11, iters: 3480, time: 0.488, data: 0.001) G_GAN_ViT: 0.546 D_real_ViT: 0.238 D_fake_ViT: 0.117 global: 0.463 spatial: 0.064 
(epoch: 11, iters: 3580, time: 0.487, data: 0.001) G_GAN_ViT: 0.482 D_real_ViT: 0.109 D_fake_ViT: 0.146 global: 0.437 spatial: 0.085 
(epoch: 11, iters: 3680, time: 0.487, data: 0.001) G_GAN_ViT: 0.352 D_real_ViT: 0.115 D_fake_ViT: 0.229 global: 0.435 spatial: 0.088 
(epoch: 11, iters: 3780, time: 0.487, data: 0.001) G_GAN_ViT: 0.623 D_real_ViT: 0.153 D_fake_ViT: 0.080 global: 0.373 spatial: 0.056 
(epoch: 11, iters: 3880, time: 0.486, data: 0.001) G_GAN_ViT: 0.652 D_real_ViT: 0.140 D_fake_ViT: 0.085 global: 0.362 spatial: 0.058 
saving the latest model (epoch 11, total_iters 60000)
ICL_single_monitor
(epoch: 11, iters: 3980, time: 0.486, data: 0.001) G_GAN_ViT: 0.361 D_real_ViT: 0.137 D_fake_ViT: 0.226 global: 0.452 spatial: 0.062 
(epoch: 11, iters: 4080, time: 0.486, data: 0.001) G_GAN_ViT: 0.718 D_real_ViT: 0.204 D_fake_ViT: 0.057 global: 0.353 spatial: 0.058 
(epoch: 11, iters: 4180, time: 0.486, data: 0.001) G_GAN_ViT: 0.585 D_real_ViT: 0.110 D_fake_ViT: 0.095 global: 0.390 spatial: 0.082 
(epoch: 11, iters: 4280, time: 0.486, data: 0.001) G_GAN_ViT: 0.547 D_real_ViT: 0.121 D_fake_ViT: 0.138 global: 0.402 spatial: 0.092 
(epoch: 11, iters: 4380, time: 0.487, data: 0.001) G_GAN_ViT: 0.439 D_real_ViT: 0.153 D_fake_ViT: 0.176 global: 0.467 spatial: 0.086 
(epoch: 11, iters: 4480, time: 0.487, data: 0.001) G_GAN_ViT: 0.534 D_real_ViT: 0.115 D_fake_ViT: 0.115 global: 0.372 spatial: 0.066 
(epoch: 11, iters: 4580, time: 0.487, data: 0.001) G_GAN_ViT: 0.528 D_real_ViT: 0.264 D_fake_ViT: 0.115 global: 0.372 spatial: 0.068 
(epoch: 11, iters: 4680, time: 0.487, data: 0.001) G_GAN_ViT: 0.386 D_real_ViT: 0.259 D_fake_ViT: 0.235 global: 0.565 spatial: 0.110 
(epoch: 11, iters: 4780, time: 0.487, data: 0.001) G_GAN_ViT: 0.517 D_real_ViT: 0.089 D_fake_ViT: 0.132 global: 0.395 spatial: 0.082 
(epoch: 11, iters: 4880, time: 0.487, data: 0.001) G_GAN_ViT: 0.476 D_real_ViT: 0.044 D_fake_ViT: 0.141 global: 0.395 spatial: 0.071 
(epoch: 11, iters: 4980, time: 0.486, data: 0.001) G_GAN_ViT: 0.608 D_real_ViT: 0.089 D_fake_ViT: 0.091 global: 0.363 spatial: 0.050 
(epoch: 11, iters: 5080, time: 0.486, data: 0.001) G_GAN_ViT: 0.570 D_real_ViT: 0.155 D_fake_ViT: 0.102 global: 0.388 spatial: 0.058 
(epoch: 11, iters: 5180, time: 0.486, data: 0.001) G_GAN_ViT: 0.411 D_real_ViT: 0.201 D_fake_ViT: 0.206 global: 0.402 spatial: 0.099 
(epoch: 11, iters: 5280, time: 0.487, data: 0.001) G_GAN_ViT: 0.430 D_real_ViT: 0.112 D_fake_ViT: 0.178 global: 0.518 spatial: 0.094 
(epoch: 11, iters: 5380, time: 0.486, data: 0.001) G_GAN_ViT: 0.631 D_real_ViT: 0.198 D_fake_ViT: 0.090 global: 0.455 spatial: 0.066 
(epoch: 11, iters: 5480, time: 0.487, data: 0.001) G_GAN_ViT: 0.446 D_real_ViT: 0.215 D_fake_ViT: 0.179 global: 0.477 spatial: 0.094 
(epoch: 11, iters: 5580, time: 0.486, data: 0.001) G_GAN_ViT: 0.642 D_real_ViT: 0.190 D_fake_ViT: 0.102 global: 0.450 spatial: 0.098 
End of epoch 11 / 100 	 Time Taken: 2741 sec
learning rate = 0.0000100
(epoch: 12, iters: 68, time: 0.486, data: 0.001) G_GAN_ViT: 0.498 D_real_ViT: 0.177 D_fake_ViT: 0.171 global: 0.501 spatial: 0.097 
(epoch: 12, iters: 168, time: 0.486, data: 0.001) G_GAN_ViT: 0.557 D_real_ViT: 0.082 D_fake_ViT: 0.112 global: 0.440 spatial: 0.081 
(epoch: 12, iters: 268, time: 0.487, data: 0.001) G_GAN_ViT: 0.450 D_real_ViT: 0.137 D_fake_ViT: 0.197 global: 0.536 spatial: 0.119 
(epoch: 12, iters: 368, time: 0.487, data: 0.001) G_GAN_ViT: 0.670 D_real_ViT: 0.239 D_fake_ViT: 0.069 global: 0.380 spatial: 0.080 
(epoch: 12, iters: 468, time: 0.487, data: 0.001) G_GAN_ViT: 0.482 D_real_ViT: 0.179 D_fake_ViT: 0.141 global: 0.408 spatial: 0.060 
(epoch: 12, iters: 568, time: 0.487, data: 0.001) G_GAN_ViT: 0.521 D_real_ViT: 0.116 D_fake_ViT: 0.153 global: 0.512 spatial: 0.109 
(epoch: 12, iters: 668, time: 0.487, data: 0.001) G_GAN_ViT: 0.478 D_real_ViT: 0.132 D_fake_ViT: 0.146 global: 0.315 spatial: 0.058 
(epoch: 12, iters: 768, time: 0.487, data: 0.001) G_GAN_ViT: 0.650 D_real_ViT: 0.184 D_fake_ViT: 0.068 global: 0.299 spatial: 0.050 
(epoch: 12, iters: 868, time: 0.487, data: 0.001) G_GAN_ViT: 0.573 D_real_ViT: 0.153 D_fake_ViT: 0.101 global: 0.396 spatial: 0.059 
(epoch: 12, iters: 968, time: 0.487, data: 0.001) G_GAN_ViT: 0.506 D_real_ViT: 0.112 D_fake_ViT: 0.126 global: 0.367 spatial: 0.082 
(epoch: 12, iters: 1068, time: 0.487, data: 0.001) G_GAN_ViT: 0.499 D_real_ViT: 0.172 D_fake_ViT: 0.136 global: 0.380 spatial: 0.057 
(epoch: 12, iters: 1168, time: 0.487, data: 0.001) G_GAN_ViT: 0.502 D_real_ViT: 0.119 D_fake_ViT: 0.153 global: 0.469 spatial: 0.102 
(epoch: 12, iters: 1268, time: 0.487, data: 0.001) G_GAN_ViT: 0.508 D_real_ViT: 0.054 D_fake_ViT: 0.129 global: 0.372 spatial: 0.057 
(epoch: 12, iters: 1368, time: 0.487, data: 0.001) G_GAN_ViT: 0.620 D_real_ViT: 0.136 D_fake_ViT: 0.089 global: 0.460 spatial: 0.085 
(epoch: 12, iters: 1468, time: 0.487, data: 0.001) G_GAN_ViT: 0.520 D_real_ViT: 0.120 D_fake_ViT: 0.141 global: 0.497 spatial: 0.091 
(epoch: 12, iters: 1568, time: 0.486, data: 0.001) G_GAN_ViT: 0.446 D_real_ViT: 0.115 D_fake_ViT: 0.169 global: 0.467 spatial: 0.097 
(epoch: 12, iters: 1668, time: 0.487, data: 0.001) G_GAN_ViT: 0.610 D_real_ViT: 0.070 D_fake_ViT: 0.082 global: 0.325 spatial: 0.054 
(epoch: 12, iters: 1768, time: 0.487, data: 0.001) G_GAN_ViT: 0.332 D_real_ViT: 0.044 D_fake_ViT: 0.282 global: 0.465 spatial: 0.100 
(epoch: 12, iters: 1868, time: 0.487, data: 0.001) G_GAN_ViT: 0.489 D_real_ViT: 0.155 D_fake_ViT: 0.132 global: 0.288 spatial: 0.048 
(epoch: 12, iters: 1968, time: 0.487, data: 0.001) G_GAN_ViT: 0.602 D_real_ViT: 0.040 D_fake_ViT: 0.108 global: 0.387 spatial: 0.060 
(epoch: 12, iters: 2068, time: 0.487, data: 0.001) G_GAN_ViT: 0.511 D_real_ViT: 0.084 D_fake_ViT: 0.128 global: 0.414 spatial: 0.068 
(epoch: 12, iters: 2168, time: 0.487, data: 0.001) G_GAN_ViT: 0.465 D_real_ViT: 0.173 D_fake_ViT: 0.137 global: 0.424 spatial: 0.081 
(epoch: 12, iters: 2268, time: 0.487, data: 0.002) G_GAN_ViT: 0.578 D_real_ViT: 0.101 D_fake_ViT: 0.108 global: 0.453 spatial: 0.074 
(epoch: 12, iters: 2368, time: 0.487, data: 0.001) G_GAN_ViT: 0.583 D_real_ViT: 0.239 D_fake_ViT: 0.104 global: 0.328 spatial: 0.053 
(epoch: 12, iters: 2468, time: 0.487, data: 0.001) G_GAN_ViT: 0.454 D_real_ViT: 0.249 D_fake_ViT: 0.181 global: 0.466 spatial: 0.105 
(epoch: 12, iters: 2568, time: 0.487, data: 0.001) G_GAN_ViT: 0.542 D_real_ViT: 0.139 D_fake_ViT: 0.141 global: 0.475 spatial: 0.110 
(epoch: 12, iters: 2668, time: 0.487, data: 0.001) G_GAN_ViT: 0.332 D_real_ViT: 0.246 D_fake_ViT: 0.270 global: 0.519 spatial: 0.103 
(epoch: 12, iters: 2768, time: 0.487, data: 0.001) G_GAN_ViT: 0.588 D_real_ViT: 0.099 D_fake_ViT: 0.098 global: 0.306 spatial: 0.050 
(epoch: 12, iters: 2868, time: 0.486, data: 0.001) G_GAN_ViT: 0.376 D_real_ViT: 0.079 D_fake_ViT: 0.214 global: 0.409 spatial: 0.083 
(epoch: 12, iters: 2968, time: 0.486, data: 0.001) G_GAN_ViT: 0.627 D_real_ViT: 0.163 D_fake_ViT: 0.080 global: 0.414 spatial: 0.069 
(epoch: 12, iters: 3068, time: 0.486, data: 0.001) G_GAN_ViT: 0.493 D_real_ViT: 0.202 D_fake_ViT: 0.133 global: 0.314 spatial: 0.049 
(epoch: 12, iters: 3168, time: 0.486, data: 0.001) G_GAN_ViT: 0.454 D_real_ViT: 0.227 D_fake_ViT: 0.148 global: 0.490 spatial: 0.091 
(epoch: 12, iters: 3268, time: 0.486, data: 0.001) G_GAN_ViT: 0.442 D_real_ViT: 0.197 D_fake_ViT: 0.177 global: 0.439 spatial: 0.072 
saving the latest model (epoch 12, total_iters 65000)
ICL_single_monitor
(epoch: 12, iters: 3368, time: 0.486, data: 0.001) G_GAN_ViT: 0.453 D_real_ViT: 0.062 D_fake_ViT: 0.160 global: 0.358 spatial: 0.064 
(epoch: 12, iters: 3468, time: 0.486, data: 0.001) G_GAN_ViT: 0.517 D_real_ViT: 0.128 D_fake_ViT: 0.146 global: 0.429 spatial: 0.085 
(epoch: 12, iters: 3568, time: 0.486, data: 0.001) G_GAN_ViT: 0.473 D_real_ViT: 0.189 D_fake_ViT: 0.163 global: 0.434 spatial: 0.099 
(epoch: 12, iters: 3668, time: 0.486, data: 0.001) G_GAN_ViT: 0.485 D_real_ViT: 0.092 D_fake_ViT: 0.162 global: 0.503 spatial: 0.087 
(epoch: 12, iters: 3768, time: 0.487, data: 0.001) G_GAN_ViT: 0.560 D_real_ViT: 0.185 D_fake_ViT: 0.117 global: 0.430 spatial: 0.080 
(epoch: 12, iters: 3868, time: 0.487, data: 0.001) G_GAN_ViT: 0.411 D_real_ViT: 0.087 D_fake_ViT: 0.197 global: 0.474 spatial: 0.100 
(epoch: 12, iters: 3968, time: 0.487, data: 0.001) G_GAN_ViT: 0.398 D_real_ViT: 0.191 D_fake_ViT: 0.203 global: 0.482 spatial: 0.102 
(epoch: 12, iters: 4068, time: 0.487, data: 0.002) G_GAN_ViT: 0.363 D_real_ViT: 0.090 D_fake_ViT: 0.218 global: 0.463 spatial: 0.087 
(epoch: 12, iters: 4168, time: 0.487, data: 0.001) G_GAN_ViT: 0.698 D_real_ViT: 0.083 D_fake_ViT: 0.091 global: 0.366 spatial: 0.056 
(epoch: 12, iters: 4268, time: 0.487, data: 0.001) G_GAN_ViT: 0.452 D_real_ViT: 0.080 D_fake_ViT: 0.185 global: 0.429 spatial: 0.096 
(epoch: 12, iters: 4368, time: 0.487, data: 0.001) G_GAN_ViT: 0.488 D_real_ViT: 0.147 D_fake_ViT: 0.162 global: 0.491 spatial: 0.109 
(epoch: 12, iters: 4468, time: 0.487, data: 0.001) G_GAN_ViT: 0.306 D_real_ViT: 0.208 D_fake_ViT: 0.276 global: 0.464 spatial: 0.096 
(epoch: 12, iters: 4568, time: 0.487, data: 0.001) G_GAN_ViT: 0.499 D_real_ViT: 0.118 D_fake_ViT: 0.159 global: 0.484 spatial: 0.101 
(epoch: 12, iters: 4668, time: 0.487, data: 0.001) G_GAN_ViT: 0.589 D_real_ViT: 0.110 D_fake_ViT: 0.128 global: 0.538 spatial: 0.105 
(epoch: 12, iters: 4768, time: 0.487, data: 0.001) G_GAN_ViT: 0.469 D_real_ViT: 0.168 D_fake_ViT: 0.162 global: 0.472 spatial: 0.082 
(epoch: 12, iters: 4868, time: 0.487, data: 0.001) G_GAN_ViT: 0.427 D_real_ViT: 0.176 D_fake_ViT: 0.177 global: 0.475 spatial: 0.089 
(epoch: 12, iters: 4968, time: 0.487, data: 0.001) G_GAN_ViT: 0.314 D_real_ViT: 0.406 D_fake_ViT: 0.278 global: 0.553 spatial: 0.102 
(epoch: 12, iters: 5068, time: 0.487, data: 0.001) G_GAN_ViT: 0.574 D_real_ViT: 0.206 D_fake_ViT: 0.112 global: 0.440 spatial: 0.065 
(epoch: 12, iters: 5168, time: 0.487, data: 0.001) G_GAN_ViT: 0.394 D_real_ViT: 0.062 D_fake_ViT: 0.196 global: 0.276 spatial: 0.051 
(epoch: 12, iters: 5268, time: 0.487, data: 0.001) G_GAN_ViT: 0.611 D_real_ViT: 0.160 D_fake_ViT: 0.112 global: 0.467 spatial: 0.108 
(epoch: 12, iters: 5368, time: 0.487, data: 0.001) G_GAN_ViT: 0.340 D_real_ViT: 0.365 D_fake_ViT: 0.267 global: 0.540 spatial: 0.117 
(epoch: 12, iters: 5468, time: 0.487, data: 0.002) G_GAN_ViT: 0.494 D_real_ViT: 0.120 D_fake_ViT: 0.127 global: 0.298 spatial: 0.042 
(epoch: 12, iters: 5568, time: 0.487, data: 0.001) G_GAN_ViT: 0.418 D_real_ViT: 0.221 D_fake_ViT: 0.197 global: 0.460 spatial: 0.099 
End of epoch 12 / 100 	 Time Taken: 2739 sec
learning rate = 0.0000100
(epoch: 13, iters: 56, time: 0.487, data: 0.002) G_GAN_ViT: 0.611 D_real_ViT: 0.122 D_fake_ViT: 0.111 global: 0.405 spatial: 0.102 
(epoch: 13, iters: 156, time: 0.486, data: 0.001) G_GAN_ViT: 0.559 D_real_ViT: 0.122 D_fake_ViT: 0.128 global: 0.449 spatial: 0.104 
(epoch: 13, iters: 256, time: 0.486, data: 0.001) G_GAN_ViT: 0.582 D_real_ViT: 0.130 D_fake_ViT: 0.110 global: 0.433 spatial: 0.078 
(epoch: 13, iters: 356, time: 0.487, data: 0.001) G_GAN_ViT: 0.647 D_real_ViT: 0.214 D_fake_ViT: 0.124 global: 0.414 spatial: 0.100 
(epoch: 13, iters: 456, time: 0.486, data: 0.001) G_GAN_ViT: 0.469 D_real_ViT: 0.232 D_fake_ViT: 0.173 global: 0.491 spatial: 0.110 
(epoch: 13, iters: 556, time: 0.487, data: 0.001) G_GAN_ViT: 0.410 D_real_ViT: 0.123 D_fake_ViT: 0.194 global: 0.468 spatial: 0.080 
(epoch: 13, iters: 656, time: 0.487, data: 0.001) G_GAN_ViT: 0.368 D_real_ViT: 0.045 D_fake_ViT: 0.221 global: 0.355 spatial: 0.064 
(epoch: 13, iters: 756, time: 0.487, data: 0.001) G_GAN_ViT: 0.478 D_real_ViT: 0.242 D_fake_ViT: 0.169 global: 0.356 spatial: 0.079 
(epoch: 13, iters: 856, time: 0.487, data: 0.001) G_GAN_ViT: 0.556 D_real_ViT: 0.237 D_fake_ViT: 0.140 global: 0.496 spatial: 0.110 
(epoch: 13, iters: 956, time: 0.487, data: 0.001) G_GAN_ViT: 0.366 D_real_ViT: 0.093 D_fake_ViT: 0.244 global: 0.426 spatial: 0.100 
(epoch: 13, iters: 1056, time: 0.487, data: 0.001) G_GAN_ViT: 0.436 D_real_ViT: 0.098 D_fake_ViT: 0.169 global: 0.350 spatial: 0.055 
(epoch: 13, iters: 1156, time: 0.487, data: 0.001) G_GAN_ViT: 0.587 D_real_ViT: 0.285 D_fake_ViT: 0.127 global: 0.460 spatial: 0.095 
(epoch: 13, iters: 1256, time: 0.487, data: 0.001) G_GAN_ViT: 0.559 D_real_ViT: 0.108 D_fake_ViT: 0.109 global: 0.425 spatial: 0.066 
(epoch: 13, iters: 1356, time: 0.487, data: 0.001) G_GAN_ViT: 0.354 D_real_ViT: 0.200 D_fake_ViT: 0.242 global: 0.469 spatial: 0.089 
(epoch: 13, iters: 1456, time: 0.487, data: 0.001) G_GAN_ViT: 0.619 D_real_ViT: 0.116 D_fake_ViT: 0.088 global: 0.356 spatial: 0.054 
(epoch: 13, iters: 1556, time: 0.487, data: 0.001) G_GAN_ViT: 0.594 D_real_ViT: 0.172 D_fake_ViT: 0.097 global: 0.464 spatial: 0.077 
(epoch: 13, iters: 1656, time: 0.487, data: 0.001) G_GAN_ViT: 0.573 D_real_ViT: 0.125 D_fake_ViT: 0.126 global: 0.415 spatial: 0.098 
(epoch: 13, iters: 1756, time: 0.487, data: 0.001) G_GAN_ViT: 0.384 D_real_ViT: 0.182 D_fake_ViT: 0.223 global: 0.399 spatial: 0.104 
(epoch: 13, iters: 1856, time: 0.487, data: 0.001) G_GAN_ViT: 0.637 D_real_ViT: 0.316 D_fake_ViT: 0.069 global: 0.379 spatial: 0.062 
(epoch: 13, iters: 1956, time: 0.488, data: 0.001) G_GAN_ViT: 0.492 D_real_ViT: 0.106 D_fake_ViT: 0.162 global: 0.408 spatial: 0.082 
(epoch: 13, iters: 2056, time: 0.488, data: 0.001) G_GAN_ViT: 0.343 D_real_ViT: 0.204 D_fake_ViT: 0.276 global: 0.469 spatial: 0.116 
(epoch: 13, iters: 2156, time: 0.488, data: 0.001) G_GAN_ViT: 0.527 D_real_ViT: 0.078 D_fake_ViT: 0.132 global: 0.427 spatial: 0.089 
(epoch: 13, iters: 2256, time: 0.488, data: 0.001) G_GAN_ViT: 0.507 D_real_ViT: 0.242 D_fake_ViT: 0.138 global: 0.477 spatial: 0.100 
(epoch: 13, iters: 2356, time: 0.487, data: 0.001) G_GAN_ViT: 0.288 D_real_ViT: 0.223 D_fake_ViT: 0.283 global: 0.336 spatial: 0.065 
(epoch: 13, iters: 2456, time: 0.487, data: 0.001) G_GAN_ViT: 0.451 D_real_ViT: 0.049 D_fake_ViT: 0.176 global: 0.455 spatial: 0.081 
(epoch: 13, iters: 2556, time: 0.487, data: 0.001) G_GAN_ViT: 0.576 D_real_ViT: 0.265 D_fake_ViT: 0.131 global: 0.364 spatial: 0.096 
(epoch: 13, iters: 2656, time: 0.487, data: 0.001) G_GAN_ViT: 0.389 D_real_ViT: 0.101 D_fake_ViT: 0.205 global: 0.487 spatial: 0.098 
saving the latest model (epoch 13, total_iters 70000)
ICL_single_monitor
(epoch: 13, iters: 2756, time: 0.487, data: 0.001) G_GAN_ViT: 0.548 D_real_ViT: 0.100 D_fake_ViT: 0.109 global: 0.405 spatial: 0.076 
(epoch: 13, iters: 2856, time: 0.487, data: 0.001) G_GAN_ViT: 0.369 D_real_ViT: 0.297 D_fake_ViT: 0.242 global: 0.445 spatial: 0.110 
(epoch: 13, iters: 2956, time: 0.487, data: 0.001) G_GAN_ViT: 0.415 D_real_ViT: 0.116 D_fake_ViT: 0.226 global: 0.471 spatial: 0.104 
(epoch: 13, iters: 3056, time: 0.487, data: 0.001) G_GAN_ViT: 0.534 D_real_ViT: 0.118 D_fake_ViT: 0.135 global: 0.435 spatial: 0.081 
(epoch: 13, iters: 3156, time: 0.487, data: 0.001) G_GAN_ViT: 0.664 D_real_ViT: 0.173 D_fake_ViT: 0.081 global: 0.477 spatial: 0.077 
(epoch: 13, iters: 3256, time: 0.487, data: 0.001) G_GAN_ViT: 0.408 D_real_ViT: 0.059 D_fake_ViT: 0.211 global: 0.427 spatial: 0.091 
(epoch: 13, iters: 3356, time: 0.487, data: 0.001) G_GAN_ViT: 0.561 D_real_ViT: 0.234 D_fake_ViT: 0.101 global: 0.414 spatial: 0.080 
(epoch: 13, iters: 3456, time: 0.487, data: 0.001) G_GAN_ViT: 0.455 D_real_ViT: 0.053 D_fake_ViT: 0.203 global: 0.438 spatial: 0.080 
(epoch: 13, iters: 3556, time: 0.487, data: 0.001) G_GAN_ViT: 0.708 D_real_ViT: 0.090 D_fake_ViT: 0.057 global: 0.347 spatial: 0.053 
(epoch: 13, iters: 3656, time: 0.487, data: 0.001) G_GAN_ViT: 0.554 D_real_ViT: 0.162 D_fake_ViT: 0.113 global: 0.409 spatial: 0.072 
(epoch: 13, iters: 3756, time: 0.488, data: 0.001) G_GAN_ViT: 0.299 D_real_ViT: 0.052 D_fake_ViT: 0.289 global: 0.500 spatial: 0.100 
(epoch: 13, iters: 3856, time: 0.488, data: 0.001) G_GAN_ViT: 0.467 D_real_ViT: 0.261 D_fake_ViT: 0.154 global: 0.402 spatial: 0.080 
(epoch: 13, iters: 3956, time: 0.488, data: 0.001) G_GAN_ViT: 0.515 D_real_ViT: 0.176 D_fake_ViT: 0.152 global: 0.456 spatial: 0.106 
(epoch: 13, iters: 4056, time: 0.487, data: 0.001) G_GAN_ViT: 0.515 D_real_ViT: 0.172 D_fake_ViT: 0.136 global: 0.444 spatial: 0.073 
(epoch: 13, iters: 4156, time: 0.488, data: 0.001) G_GAN_ViT: 0.463 D_real_ViT: 0.051 D_fake_ViT: 0.159 global: 0.498 spatial: 0.089 
(epoch: 13, iters: 4256, time: 0.488, data: 0.001) G_GAN_ViT: 0.465 D_real_ViT: 0.297 D_fake_ViT: 0.154 global: 0.558 spatial: 0.084 
(epoch: 13, iters: 4356, time: 0.488, data: 0.001) G_GAN_ViT: 0.411 D_real_ViT: 0.068 D_fake_ViT: 0.213 global: 0.516 spatial: 0.107 
(epoch: 13, iters: 4456, time: 0.489, data: 0.001) G_GAN_ViT: 0.375 D_real_ViT: 0.267 D_fake_ViT: 0.242 global: 0.491 spatial: 0.103 
(epoch: 13, iters: 4556, time: 0.488, data: 0.001) G_GAN_ViT: 0.576 D_real_ViT: 0.264 D_fake_ViT: 0.089 global: 0.457 spatial: 0.085 
(epoch: 13, iters: 4656, time: 0.488, data: 0.001) G_GAN_ViT: 0.424 D_real_ViT: 0.194 D_fake_ViT: 0.198 global: 0.447 spatial: 0.109 
(epoch: 13, iters: 4756, time: 0.488, data: 0.001) G_GAN_ViT: 0.650 D_real_ViT: 0.157 D_fake_ViT: 0.114 global: 0.443 spatial: 0.089 
(epoch: 13, iters: 4856, time: 0.488, data: 0.001) G_GAN_ViT: 0.486 D_real_ViT: 0.220 D_fake_ViT: 0.146 global: 0.463 spatial: 0.061 
(epoch: 13, iters: 4956, time: 0.488, data: 0.001) G_GAN_ViT: 0.581 D_real_ViT: 0.175 D_fake_ViT: 0.094 global: 0.331 spatial: 0.055 
(epoch: 13, iters: 5056, time: 0.488, data: 0.001) G_GAN_ViT: 0.525 D_real_ViT: 0.214 D_fake_ViT: 0.141 global: 0.462 spatial: 0.116 
(epoch: 13, iters: 5156, time: 0.488, data: 0.001) G_GAN_ViT: 0.504 D_real_ViT: 0.044 D_fake_ViT: 0.160 global: 0.373 spatial: 0.069 
(epoch: 13, iters: 5256, time: 0.487, data: 0.001) G_GAN_ViT: 0.457 D_real_ViT: 0.145 D_fake_ViT: 0.187 global: 0.506 spatial: 0.093 
(epoch: 13, iters: 5356, time: 0.487, data: 0.001) G_GAN_ViT: 0.560 D_real_ViT: 0.090 D_fake_ViT: 0.107 global: 0.447 spatial: 0.067 
(epoch: 13, iters: 5456, time: 0.487, data: 0.001) G_GAN_ViT: 0.526 D_real_ViT: 0.125 D_fake_ViT: 0.124 global: 0.552 spatial: 0.070 
(epoch: 13, iters: 5556, time: 0.487, data: 0.001) G_GAN_ViT: 0.517 D_real_ViT: 0.114 D_fake_ViT: 0.131 global: 0.396 spatial: 0.071 
End of epoch 13 / 100 	 Time Taken: 2743 sec
learning rate = 0.0000100
(epoch: 14, iters: 44, time: 0.488, data: 0.001) G_GAN_ViT: 0.581 D_real_ViT: 0.228 D_fake_ViT: 0.112 global: 0.443 spatial: 0.085 
(epoch: 14, iters: 144, time: 0.488, data: 0.001) G_GAN_ViT: 0.455 D_real_ViT: 0.205 D_fake_ViT: 0.175 global: 0.463 spatial: 0.083 
(epoch: 14, iters: 244, time: 0.487, data: 0.001) G_GAN_ViT: 0.429 D_real_ViT: 0.090 D_fake_ViT: 0.211 global: 0.482 spatial: 0.094 
(epoch: 14, iters: 344, time: 0.488, data: 0.001) G_GAN_ViT: 0.613 D_real_ViT: 0.326 D_fake_ViT: 0.098 global: 0.380 spatial: 0.079 
(epoch: 14, iters: 444, time: 0.488, data: 0.001) G_GAN_ViT: 0.463 D_real_ViT: 0.105 D_fake_ViT: 0.168 global: 0.469 spatial: 0.109 
(epoch: 14, iters: 544, time: 0.488, data: 0.001) G_GAN_ViT: 0.453 D_real_ViT: 0.198 D_fake_ViT: 0.177 global: 0.424 spatial: 0.111 
(epoch: 14, iters: 644, time: 0.488, data: 0.001) G_GAN_ViT: 0.534 D_real_ViT: 0.215 D_fake_ViT: 0.139 global: 0.459 spatial: 0.087 
(epoch: 14, iters: 744, time: 0.488, data: 0.001) G_GAN_ViT: 0.216 D_real_ViT: 0.307 D_fake_ViT: 0.405 global: 0.506 spatial: 0.085 
(epoch: 14, iters: 844, time: 0.488, data: 0.001) G_GAN_ViT: 0.471 D_real_ViT: 0.240 D_fake_ViT: 0.149 global: 0.463 spatial: 0.083 
(epoch: 14, iters: 944, time: 0.487, data: 0.001) G_GAN_ViT: 0.555 D_real_ViT: 0.211 D_fake_ViT: 0.106 global: 0.415 spatial: 0.082 
(epoch: 14, iters: 1044, time: 0.487, data: 0.001) G_GAN_ViT: 0.358 D_real_ViT: 0.194 D_fake_ViT: 0.252 global: 0.532 spatial: 0.110 
(epoch: 14, iters: 1144, time: 0.487, data: 0.001) G_GAN_ViT: 0.470 D_real_ViT: 0.150 D_fake_ViT: 0.157 global: 0.457 spatial: 0.061 
(epoch: 14, iters: 1244, time: 0.487, data: 0.001) G_GAN_ViT: 0.508 D_real_ViT: 0.148 D_fake_ViT: 0.163 global: 0.419 spatial: 0.094 
(epoch: 14, iters: 1344, time: 0.487, data: 0.001) G_GAN_ViT: 0.597 D_real_ViT: 0.112 D_fake_ViT: 0.103 global: 0.435 spatial: 0.075 
(epoch: 14, iters: 1444, time: 0.487, data: 0.001) G_GAN_ViT: 0.686 D_real_ViT: 0.161 D_fake_ViT: 0.062 global: 0.477 spatial: 0.081 
(epoch: 14, iters: 1544, time: 0.487, data: 0.002) G_GAN_ViT: 0.568 D_real_ViT: 0.118 D_fake_ViT: 0.097 global: 0.279 spatial: 0.049 
(epoch: 14, iters: 1644, time: 0.487, data: 0.001) G_GAN_ViT: 0.507 D_real_ViT: 0.307 D_fake_ViT: 0.139 global: 0.424 spatial: 0.097 
(epoch: 14, iters: 1744, time: 0.487, data: 0.001) G_GAN_ViT: 0.522 D_real_ViT: 0.241 D_fake_ViT: 0.111 global: 0.426 spatial: 0.080 
(epoch: 14, iters: 1844, time: 0.487, data: 0.001) G_GAN_ViT: 0.633 D_real_ViT: 0.232 D_fake_ViT: 0.097 global: 0.461 spatial: 0.078 
(epoch: 14, iters: 1944, time: 0.486, data: 0.001) G_GAN_ViT: 0.562 D_real_ViT: 0.157 D_fake_ViT: 0.119 global: 0.514 spatial: 0.081 
(epoch: 14, iters: 2044, time: 0.487, data: 0.001) G_GAN_ViT: 0.425 D_real_ViT: 0.078 D_fake_ViT: 0.196 global: 0.518 spatial: 0.116 
saving the latest model (epoch 14, total_iters 75000)
ICL_single_monitor
(epoch: 14, iters: 2144, time: 0.487, data: 0.001) G_GAN_ViT: 0.402 D_real_ViT: 0.092 D_fake_ViT: 0.202 global: 0.481 spatial: 0.096 
(epoch: 14, iters: 2244, time: 0.486, data: 0.001) G_GAN_ViT: 0.573 D_real_ViT: 0.162 D_fake_ViT: 0.092 global: 0.292 spatial: 0.047 
(epoch: 14, iters: 2344, time: 0.486, data: 0.001) G_GAN_ViT: 0.396 D_real_ViT: 0.242 D_fake_ViT: 0.217 global: 0.459 spatial: 0.095 
(epoch: 14, iters: 2444, time: 0.486, data: 0.001) G_GAN_ViT: 0.493 D_real_ViT: 0.298 D_fake_ViT: 0.130 global: 0.421 spatial: 0.078 
(epoch: 14, iters: 2544, time: 0.487, data: 0.001) G_GAN_ViT: 0.511 D_real_ViT: 0.186 D_fake_ViT: 0.129 global: 0.550 spatial: 0.086 
(epoch: 14, iters: 2644, time: 0.487, data: 0.001) G_GAN_ViT: 0.378 D_real_ViT: 0.181 D_fake_ViT: 0.236 global: 0.536 spatial: 0.117 
(epoch: 14, iters: 2744, time: 0.487, data: 0.001) G_GAN_ViT: 0.466 D_real_ViT: 0.197 D_fake_ViT: 0.199 global: 0.457 spatial: 0.107 
(epoch: 14, iters: 2844, time: 0.487, data: 0.001) G_GAN_ViT: 0.545 D_real_ViT: 0.288 D_fake_ViT: 0.115 global: 0.535 spatial: 0.085 
(epoch: 14, iters: 2944, time: 0.487, data: 0.001) G_GAN_ViT: 0.765 D_real_ViT: 0.250 D_fake_ViT: 0.053 global: 0.355 spatial: 0.059 
(epoch: 14, iters: 3044, time: 0.487, data: 0.001) G_GAN_ViT: 0.527 D_real_ViT: 0.140 D_fake_ViT: 0.134 global: 0.387 spatial: 0.099 
(epoch: 14, iters: 3144, time: 0.487, data: 0.001) G_GAN_ViT: 0.582 D_real_ViT: 0.274 D_fake_ViT: 0.095 global: 0.449 spatial: 0.085 
(epoch: 14, iters: 3244, time: 0.487, data: 0.004) G_GAN_ViT: 0.615 D_real_ViT: 0.147 D_fake_ViT: 0.133 global: 0.461 spatial: 0.105 
(epoch: 14, iters: 3344, time: 0.485, data: 0.001) G_GAN_ViT: 0.515 D_real_ViT: 0.107 D_fake_ViT: 0.138 global: 0.385 spatial: 0.068 
(epoch: 14, iters: 3444, time: 0.486, data: 0.001) G_GAN_ViT: 0.507 D_real_ViT: 0.154 D_fake_ViT: 0.157 global: 0.360 spatial: 0.081 
(epoch: 14, iters: 3544, time: 0.486, data: 0.001) G_GAN_ViT: 0.408 D_real_ViT: 0.214 D_fake_ViT: 0.202 global: 0.440 spatial: 0.098 
(epoch: 14, iters: 3644, time: 0.486, data: 0.001) G_GAN_ViT: 0.649 D_real_ViT: 0.229 D_fake_ViT: 0.074 global: 0.377 spatial: 0.062 
(epoch: 14, iters: 3744, time: 0.486, data: 0.001) G_GAN_ViT: 0.595 D_real_ViT: 0.114 D_fake_ViT: 0.099 global: 0.375 spatial: 0.078 
(epoch: 14, iters: 3844, time: 0.486, data: 0.001) G_GAN_ViT: 0.404 D_real_ViT: 0.234 D_fake_ViT: 0.204 global: 0.455 spatial: 0.100 
(epoch: 14, iters: 3944, time: 0.487, data: 0.001) G_GAN_ViT: 0.434 D_real_ViT: 0.190 D_fake_ViT: 0.172 global: 0.389 spatial: 0.073 
(epoch: 14, iters: 4044, time: 0.487, data: 0.001) G_GAN_ViT: 0.433 D_real_ViT: 0.194 D_fake_ViT: 0.180 global: 0.430 spatial: 0.088 
(epoch: 14, iters: 4144, time: 0.487, data: 0.001) G_GAN_ViT: 0.514 D_real_ViT: 0.219 D_fake_ViT: 0.138 global: 0.475 spatial: 0.058 
(epoch: 14, iters: 4244, time: 0.487, data: 0.001) G_GAN_ViT: 0.440 D_real_ViT: 0.129 D_fake_ViT: 0.182 global: 0.489 spatial: 0.114 
(epoch: 14, iters: 4344, time: 0.487, data: 0.001) G_GAN_ViT: 0.545 D_real_ViT: 0.160 D_fake_ViT: 0.122 global: 0.514 spatial: 0.076 
(epoch: 14, iters: 4444, time: 0.487, data: 0.002) G_GAN_ViT: 0.617 D_real_ViT: 0.200 D_fake_ViT: 0.089 global: 0.423 spatial: 0.078 
(epoch: 14, iters: 4544, time: 0.487, data: 0.001) G_GAN_ViT: 0.518 D_real_ViT: 0.092 D_fake_ViT: 0.128 global: 0.333 spatial: 0.051 
(epoch: 14, iters: 4644, time: 0.487, data: 0.001) G_GAN_ViT: 0.313 D_real_ViT: 0.161 D_fake_ViT: 0.280 global: 0.485 spatial: 0.100 
(epoch: 14, iters: 4744, time: 0.487, data: 0.001) G_GAN_ViT: 0.421 D_real_ViT: 0.208 D_fake_ViT: 0.171 global: 0.404 spatial: 0.063 
(epoch: 14, iters: 4844, time: 0.487, data: 0.001) G_GAN_ViT: 0.351 D_real_ViT: 0.154 D_fake_ViT: 0.242 global: 0.482 spatial: 0.095 
(epoch: 14, iters: 4944, time: 0.486, data: 0.001) G_GAN_ViT: 0.432 D_real_ViT: 0.127 D_fake_ViT: 0.162 global: 0.373 spatial: 0.066 
(epoch: 14, iters: 5044, time: 0.487, data: 0.001) G_GAN_ViT: 0.480 D_real_ViT: 0.161 D_fake_ViT: 0.132 global: 0.380 spatial: 0.070 
(epoch: 14, iters: 5144, time: 0.487, data: 0.001) G_GAN_ViT: 0.572 D_real_ViT: 0.114 D_fake_ViT: 0.107 global: 0.486 spatial: 0.081 
(epoch: 14, iters: 5244, time: 0.487, data: 0.001) G_GAN_ViT: 0.399 D_real_ViT: 0.174 D_fake_ViT: 0.200 global: 0.468 spatial: 0.106 
(epoch: 14, iters: 5344, time: 0.487, data: 0.001) G_GAN_ViT: 0.645 D_real_ViT: 0.083 D_fake_ViT: 0.072 global: 0.337 spatial: 0.054 
(epoch: 14, iters: 5444, time: 0.486, data: 0.001) G_GAN_ViT: 0.370 D_real_ViT: 0.290 D_fake_ViT: 0.222 global: 0.552 spatial: 0.101 
(epoch: 14, iters: 5544, time: 0.487, data: 0.001) G_GAN_ViT: 0.398 D_real_ViT: 0.124 D_fake_ViT: 0.220 global: 0.453 spatial: 0.093 
End of epoch 14 / 100 	 Time Taken: 2740 sec
learning rate = 0.0000100
(epoch: 15, iters: 32, time: 0.487, data: 0.001) G_GAN_ViT: 0.386 D_real_ViT: 0.198 D_fake_ViT: 0.219 global: 0.531 spatial: 0.091 
(epoch: 15, iters: 132, time: 0.487, data: 0.001) G_GAN_ViT: 0.524 D_real_ViT: 0.124 D_fake_ViT: 0.134 global: 0.385 spatial: 0.098 
(epoch: 15, iters: 232, time: 0.487, data: 0.001) G_GAN_ViT: 0.663 D_real_ViT: 0.132 D_fake_ViT: 0.066 global: 0.316 spatial: 0.060 
(epoch: 15, iters: 332, time: 0.487, data: 0.001) G_GAN_ViT: 0.502 D_real_ViT: 0.091 D_fake_ViT: 0.123 global: 0.296 spatial: 0.042 
(epoch: 15, iters: 432, time: 0.487, data: 0.001) G_GAN_ViT: 0.330 D_real_ViT: 0.270 D_fake_ViT: 0.251 global: 0.487 spatial: 0.091 
(epoch: 15, iters: 532, time: 0.486, data: 0.001) G_GAN_ViT: 0.429 D_real_ViT: 0.158 D_fake_ViT: 0.204 global: 0.413 spatial: 0.100 
(epoch: 15, iters: 632, time: 0.486, data: 0.001) G_GAN_ViT: 0.549 D_real_ViT: 0.201 D_fake_ViT: 0.111 global: 0.474 spatial: 0.075 
(epoch: 15, iters: 732, time: 0.487, data: 0.001) G_GAN_ViT: 0.671 D_real_ViT: 0.123 D_fake_ViT: 0.101 global: 0.364 spatial: 0.099 
(epoch: 15, iters: 832, time: 0.487, data: 0.001) G_GAN_ViT: 0.434 D_real_ViT: 0.094 D_fake_ViT: 0.192 global: 0.492 spatial: 0.104 
(epoch: 15, iters: 932, time: 0.486, data: 0.001) G_GAN_ViT: 0.647 D_real_ViT: 0.188 D_fake_ViT: 0.079 global: 0.371 spatial: 0.071 
(epoch: 15, iters: 1032, time: 0.487, data: 0.001) G_GAN_ViT: 0.368 D_real_ViT: 0.224 D_fake_ViT: 0.220 global: 0.510 spatial: 0.089 
(epoch: 15, iters: 1132, time: 0.486, data: 0.001) G_GAN_ViT: 0.590 D_real_ViT: 0.129 D_fake_ViT: 0.093 global: 0.356 spatial: 0.049 
(epoch: 15, iters: 1232, time: 0.486, data: 0.001) G_GAN_ViT: 0.511 D_real_ViT: 0.318 D_fake_ViT: 0.155 global: 0.519 spatial: 0.114 
(epoch: 15, iters: 1332, time: 0.486, data: 0.001) G_GAN_ViT: 0.720 D_real_ViT: 0.058 D_fake_ViT: 0.100 global: 0.441 spatial: 0.076 
(epoch: 15, iters: 1432, time: 0.486, data: 0.001) G_GAN_ViT: 0.497 D_real_ViT: 0.144 D_fake_ViT: 0.151 global: 0.521 spatial: 0.093 
saving the latest model (epoch 15, total_iters 80000)
ICL_single_monitor
(epoch: 15, iters: 1532, time: 0.486, data: 0.001) G_GAN_ViT: 0.545 D_real_ViT: 0.192 D_fake_ViT: 0.133 global: 0.460 spatial: 0.105 
(epoch: 15, iters: 1632, time: 0.486, data: 0.001) G_GAN_ViT: 0.522 D_real_ViT: 0.084 D_fake_ViT: 0.134 global: 0.415 spatial: 0.063 
(epoch: 15, iters: 1732, time: 0.486, data: 0.001) G_GAN_ViT: 0.568 D_real_ViT: 0.155 D_fake_ViT: 0.113 global: 0.410 spatial: 0.091 
(epoch: 15, iters: 1832, time: 0.486, data: 0.001) G_GAN_ViT: 0.585 D_real_ViT: 0.141 D_fake_ViT: 0.104 global: 0.553 spatial: 0.079 
(epoch: 15, iters: 1932, time: 0.487, data: 0.001) G_GAN_ViT: 0.509 D_real_ViT: 0.250 D_fake_ViT: 0.125 global: 0.405 spatial: 0.092 
(epoch: 15, iters: 2032, time: 0.486, data: 0.001) G_GAN_ViT: 0.521 D_real_ViT: 0.116 D_fake_ViT: 0.131 global: 0.555 spatial: 0.077 
(epoch: 15, iters: 2132, time: 0.486, data: 0.001) G_GAN_ViT: 0.569 D_real_ViT: 0.114 D_fake_ViT: 0.127 global: 0.425 spatial: 0.092 
(epoch: 15, iters: 2232, time: 0.487, data: 0.001) G_GAN_ViT: 0.553 D_real_ViT: 0.170 D_fake_ViT: 0.120 global: 0.457 spatial: 0.091 
(epoch: 15, iters: 2332, time: 0.486, data: 0.001) G_GAN_ViT: 0.481 D_real_ViT: 0.187 D_fake_ViT: 0.150 global: 0.396 spatial: 0.068 
(epoch: 15, iters: 2432, time: 0.486, data: 0.001) G_GAN_ViT: 0.668 D_real_ViT: 0.133 D_fake_ViT: 0.068 global: 0.332 spatial: 0.051 
(epoch: 15, iters: 2532, time: 0.486, data: 0.002) G_GAN_ViT: 0.653 D_real_ViT: 0.160 D_fake_ViT: 0.074 global: 0.329 spatial: 0.054 
(epoch: 15, iters: 2632, time: 0.487, data: 0.001) G_GAN_ViT: 0.414 D_real_ViT: 0.151 D_fake_ViT: 0.192 global: 0.440 spatial: 0.087 
(epoch: 15, iters: 2732, time: 0.487, data: 0.001) G_GAN_ViT: 0.417 D_real_ViT: 0.135 D_fake_ViT: 0.216 global: 0.425 spatial: 0.090 
(epoch: 15, iters: 2832, time: 0.487, data: 0.001) G_GAN_ViT: 0.413 D_real_ViT: 0.236 D_fake_ViT: 0.201 global: 0.435 spatial: 0.092 
(epoch: 15, iters: 2932, time: 0.487, data: 0.001) G_GAN_ViT: 0.361 D_real_ViT: 0.198 D_fake_ViT: 0.237 global: 0.480 spatial: 0.107 
(epoch: 15, iters: 3032, time: 0.487, data: 0.001) G_GAN_ViT: 0.664 D_real_ViT: 0.302 D_fake_ViT: 0.097 global: 0.500 spatial: 0.107 
(epoch: 15, iters: 3132, time: 0.486, data: 0.001) G_GAN_ViT: 0.376 D_real_ViT: 0.385 D_fake_ViT: 0.209 global: 0.413 spatial: 0.057 
(epoch: 15, iters: 3232, time: 0.486, data: 0.001) G_GAN_ViT: 0.355 D_real_ViT: 0.176 D_fake_ViT: 0.259 global: 0.455 spatial: 0.112 
(epoch: 15, iters: 3332, time: 0.487, data: 0.001) G_GAN_ViT: 0.575 D_real_ViT: 0.122 D_fake_ViT: 0.111 global: 0.374 spatial: 0.065 
(epoch: 15, iters: 3432, time: 0.486, data: 0.001) G_GAN_ViT: 0.423 D_real_ViT: 0.166 D_fake_ViT: 0.182 global: 0.517 spatial: 0.089 
(epoch: 15, iters: 3532, time: 0.486, data: 0.001) G_GAN_ViT: 0.576 D_real_ViT: 0.182 D_fake_ViT: 0.098 global: 0.349 spatial: 0.052 
(epoch: 15, iters: 3632, time: 0.487, data: 0.001) G_GAN_ViT: 0.438 D_real_ViT: 0.183 D_fake_ViT: 0.174 global: 0.428 spatial: 0.075 
(epoch: 15, iters: 3732, time: 0.487, data: 0.001) G_GAN_ViT: 0.694 D_real_ViT: 0.203 D_fake_ViT: 0.067 global: 0.353 spatial: 0.054 
(epoch: 15, iters: 3832, time: 0.487, data: 0.001) G_GAN_ViT: 0.489 D_real_ViT: 0.136 D_fake_ViT: 0.143 global: 0.470 spatial: 0.081 
(epoch: 15, iters: 3932, time: 0.487, data: 0.001) G_GAN_ViT: 0.459 D_real_ViT: 0.147 D_fake_ViT: 0.179 global: 0.446 spatial: 0.096 
(epoch: 15, iters: 4032, time: 0.486, data: 0.001) G_GAN_ViT: 0.444 D_real_ViT: 0.125 D_fake_ViT: 0.157 global: 0.435 spatial: 0.082 
(epoch: 15, iters: 4132, time: 0.486, data: 0.001) G_GAN_ViT: 0.300 D_real_ViT: 0.158 D_fake_ViT: 0.308 global: 0.511 spatial: 0.099 
(epoch: 15, iters: 4232, time: 0.486, data: 0.001) G_GAN_ViT: 0.274 D_real_ViT: 0.260 D_fake_ViT: 0.307 global: 0.464 spatial: 0.101 
(epoch: 15, iters: 4332, time: 0.487, data: 0.001) G_GAN_ViT: 0.488 D_real_ViT: 0.153 D_fake_ViT: 0.166 global: 0.481 spatial: 0.099 
(epoch: 15, iters: 4432, time: 0.487, data: 0.001) G_GAN_ViT: 0.508 D_real_ViT: 0.189 D_fake_ViT: 0.133 global: 0.436 spatial: 0.070 
(epoch: 15, iters: 4532, time: 0.487, data: 0.001) G_GAN_ViT: 0.675 D_real_ViT: 0.085 D_fake_ViT: 0.102 global: 0.421 spatial: 0.106 
(epoch: 15, iters: 4632, time: 0.487, data: 0.001) G_GAN_ViT: 0.570 D_real_ViT: 0.092 D_fake_ViT: 0.135 global: 0.477 spatial: 0.112 
(epoch: 15, iters: 4732, time: 0.485, data: 0.001) G_GAN_ViT: 0.459 D_real_ViT: 0.206 D_fake_ViT: 0.165 global: 0.392 spatial: 0.095 
(epoch: 15, iters: 4832, time: 0.486, data: 0.001) G_GAN_ViT: 0.457 D_real_ViT: 0.260 D_fake_ViT: 0.171 global: 0.443 spatial: 0.089 
(epoch: 15, iters: 4932, time: 0.486, data: 0.001) G_GAN_ViT: 0.337 D_real_ViT: 0.276 D_fake_ViT: 0.273 global: 0.532 spatial: 0.091 
(epoch: 15, iters: 5032, time: 0.486, data: 0.001) G_GAN_ViT: 0.400 D_real_ViT: 0.113 D_fake_ViT: 0.211 global: 0.419 spatial: 0.097 
(epoch: 15, iters: 5132, time: 0.486, data: 0.001) G_GAN_ViT: 0.419 D_real_ViT: 0.105 D_fake_ViT: 0.189 global: 0.408 spatial: 0.094 
(epoch: 15, iters: 5232, time: 0.486, data: 0.001) G_GAN_ViT: 0.300 D_real_ViT: 0.246 D_fake_ViT: 0.321 global: 0.491 spatial: 0.091 
(epoch: 15, iters: 5332, time: 0.486, data: 0.001) G_GAN_ViT: 0.314 D_real_ViT: 0.118 D_fake_ViT: 0.278 global: 0.460 spatial: 0.099 
(epoch: 15, iters: 5432, time: 0.486, data: 0.001) G_GAN_ViT: 0.374 D_real_ViT: 0.305 D_fake_ViT: 0.222 global: 0.488 spatial: 0.094 
(epoch: 15, iters: 5532, time: 0.486, data: 0.001) G_GAN_ViT: 0.292 D_real_ViT: 0.101 D_fake_ViT: 0.303 global: 0.462 spatial: 0.085 
saving the model at the end of epoch 15, iters 84180
End of epoch 15 / 100 	 Time Taken: 2739 sec
learning rate = 0.0000100
(epoch: 16, iters: 20, time: 0.487, data: 0.001) G_GAN_ViT: 0.408 D_real_ViT: 0.089 D_fake_ViT: 0.191 global: 0.490 spatial: 0.066 
(epoch: 16, iters: 120, time: 0.487, data: 0.001) G_GAN_ViT: 0.396 D_real_ViT: 0.212 D_fake_ViT: 0.195 global: 0.360 spatial: 0.074 
(epoch: 16, iters: 220, time: 0.486, data: 0.001) G_GAN_ViT: 0.474 D_real_ViT: 0.402 D_fake_ViT: 0.149 global: 0.450 spatial: 0.089 
(epoch: 16, iters: 320, time: 0.486, data: 0.001) G_GAN_ViT: 0.467 D_real_ViT: 0.078 D_fake_ViT: 0.159 global: 0.383 spatial: 0.074 
(epoch: 16, iters: 420, time: 0.486, data: 0.001) G_GAN_ViT: 0.427 D_real_ViT: 0.143 D_fake_ViT: 0.176 global: 0.420 spatial: 0.086 
(epoch: 16, iters: 520, time: 0.485, data: 0.001) G_GAN_ViT: 0.448 D_real_ViT: 0.135 D_fake_ViT: 0.175 global: 0.430 spatial: 0.098 
(epoch: 16, iters: 620, time: 0.485, data: 0.001) G_GAN_ViT: 0.646 D_real_ViT: 0.125 D_fake_ViT: 0.084 global: 0.486 spatial: 0.074 
(epoch: 16, iters: 720, time: 0.485, data: 0.001) G_GAN_ViT: 0.653 D_real_ViT: 0.066 D_fake_ViT: 0.071 global: 0.309 spatial: 0.048 
(epoch: 16, iters: 820, time: 0.486, data: 0.001) G_GAN_ViT: 0.554 D_real_ViT: 0.089 D_fake_ViT: 0.117 global: 0.417 spatial: 0.061 
saving the latest model (epoch 16, total_iters 85000)
ICL_single_monitor
(epoch: 16, iters: 920, time: 0.485, data: 0.001) G_GAN_ViT: 0.696 D_real_ViT: 0.225 D_fake_ViT: 0.079 global: 0.366 spatial: 0.059 
(epoch: 16, iters: 1020, time: 0.485, data: 0.001) G_GAN_ViT: 0.405 D_real_ViT: 0.243 D_fake_ViT: 0.209 global: 0.508 spatial: 0.098 
(epoch: 16, iters: 1120, time: 0.486, data: 0.001) G_GAN_ViT: 0.488 D_real_ViT: 0.188 D_fake_ViT: 0.146 global: 0.407 spatial: 0.084 
(epoch: 16, iters: 1220, time: 0.486, data: 0.001) G_GAN_ViT: 0.322 D_real_ViT: 0.266 D_fake_ViT: 0.297 global: 0.489 spatial: 0.096 
(epoch: 16, iters: 1320, time: 0.487, data: 0.001) G_GAN_ViT: 0.404 D_real_ViT: 0.100 D_fake_ViT: 0.196 global: 0.497 spatial: 0.084 
(epoch: 16, iters: 1420, time: 0.488, data: 0.001) G_GAN_ViT: 0.236 D_real_ViT: 0.292 D_fake_ViT: 0.341 global: 0.373 spatial: 0.064 
(epoch: 16, iters: 1520, time: 0.489, data: 0.001) G_GAN_ViT: 0.369 D_real_ViT: 0.275 D_fake_ViT: 0.208 global: 0.455 spatial: 0.062 
(epoch: 16, iters: 1620, time: 0.489, data: 0.001) G_GAN_ViT: 0.519 D_real_ViT: 0.134 D_fake_ViT: 0.169 global: 0.418 spatial: 0.086 
(epoch: 16, iters: 1720, time: 0.490, data: 0.001) G_GAN_ViT: 0.697 D_real_ViT: 0.084 D_fake_ViT: 0.060 global: 0.355 spatial: 0.057 
(epoch: 16, iters: 1820, time: 0.490, data: 0.001) G_GAN_ViT: 0.509 D_real_ViT: 0.161 D_fake_ViT: 0.164 global: 0.508 spatial: 0.099 
(epoch: 16, iters: 1920, time: 0.490, data: 0.001) G_GAN_ViT: 0.533 D_real_ViT: 0.169 D_fake_ViT: 0.137 global: 0.467 spatial: 0.106 
(epoch: 16, iters: 2020, time: 0.490, data: 0.001) G_GAN_ViT: 0.531 D_real_ViT: 0.222 D_fake_ViT: 0.105 global: 0.309 spatial: 0.051 
(epoch: 16, iters: 2120, time: 0.489, data: 0.001) G_GAN_ViT: 0.445 D_real_ViT: 0.138 D_fake_ViT: 0.169 global: 0.443 spatial: 0.087 
(epoch: 16, iters: 2220, time: 0.489, data: 0.001) G_GAN_ViT: 0.521 D_real_ViT: 0.194 D_fake_ViT: 0.116 global: 0.429 spatial: 0.064 
(epoch: 16, iters: 2320, time: 0.489, data: 0.001) G_GAN_ViT: 0.409 D_real_ViT: 0.352 D_fake_ViT: 0.192 global: 0.392 spatial: 0.057 
(epoch: 16, iters: 2420, time: 0.488, data: 0.001) G_GAN_ViT: 0.599 D_real_ViT: 0.169 D_fake_ViT: 0.098 global: 0.464 spatial: 0.085 
(epoch: 16, iters: 2520, time: 0.488, data: 0.001) G_GAN_ViT: 0.583 D_real_ViT: 0.059 D_fake_ViT: 0.111 global: 0.398 spatial: 0.078 
(epoch: 16, iters: 2620, time: 0.488, data: 0.001) G_GAN_ViT: 0.524 D_real_ViT: 0.111 D_fake_ViT: 0.132 global: 0.507 spatial: 0.057 
(epoch: 16, iters: 2720, time: 0.488, data: 0.001) G_GAN_ViT: 0.544 D_real_ViT: 0.168 D_fake_ViT: 0.117 global: 0.380 spatial: 0.083 
(epoch: 16, iters: 2820, time: 0.489, data: 0.001) G_GAN_ViT: 0.554 D_real_ViT: 0.143 D_fake_ViT: 0.122 global: 0.544 spatial: 0.099 
(epoch: 16, iters: 2920, time: 0.488, data: 0.001) G_GAN_ViT: 0.234 D_real_ViT: 0.143 D_fake_ViT: 0.356 global: 0.433 spatial: 0.069 
(epoch: 16, iters: 3020, time: 0.488, data: 0.001) G_GAN_ViT: 0.571 D_real_ViT: 0.187 D_fake_ViT: 0.115 global: 0.414 spatial: 0.109 
(epoch: 16, iters: 3120, time: 0.488, data: 0.001) G_GAN_ViT: 0.572 D_real_ViT: 0.189 D_fake_ViT: 0.125 global: 0.381 spatial: 0.096 
(epoch: 16, iters: 3220, time: 0.488, data: 0.001) G_GAN_ViT: 0.523 D_real_ViT: 0.163 D_fake_ViT: 0.124 global: 0.318 spatial: 0.056 
(epoch: 16, iters: 3320, time: 0.488, data: 0.001) G_GAN_ViT: 0.532 D_real_ViT: 0.185 D_fake_ViT: 0.127 global: 0.537 spatial: 0.081 
(epoch: 16, iters: 3420, time: 0.488, data: 0.001) G_GAN_ViT: 0.619 D_real_ViT: 0.102 D_fake_ViT: 0.111 global: 0.439 spatial: 0.097 
(epoch: 16, iters: 3520, time: 0.488, data: 0.001) G_GAN_ViT: 0.497 D_real_ViT: 0.150 D_fake_ViT: 0.136 global: 0.488 spatial: 0.103 
(epoch: 16, iters: 3620, time: 0.488, data: 0.001) G_GAN_ViT: 0.416 D_real_ViT: 0.091 D_fake_ViT: 0.186 global: 0.486 spatial: 0.098 
(epoch: 16, iters: 3720, time: 0.488, data: 0.001) G_GAN_ViT: 0.455 D_real_ViT: 0.245 D_fake_ViT: 0.183 global: 0.463 spatial: 0.107 
(epoch: 16, iters: 3820, time: 0.488, data: 0.001) G_GAN_ViT: 0.552 D_real_ViT: 0.052 D_fake_ViT: 0.131 global: 0.410 spatial: 0.085 
(epoch: 16, iters: 3920, time: 0.488, data: 0.001) G_GAN_ViT: 0.474 D_real_ViT: 0.213 D_fake_ViT: 0.148 global: 0.407 spatial: 0.077 
(epoch: 16, iters: 4020, time: 0.487, data: 0.001) G_GAN_ViT: 0.487 D_real_ViT: 0.065 D_fake_ViT: 0.150 global: 0.478 spatial: 0.090 
(epoch: 16, iters: 4120, time: 0.487, data: 0.002) G_GAN_ViT: 0.357 D_real_ViT: 0.098 D_fake_ViT: 0.259 global: 0.547 spatial: 0.117 
(epoch: 16, iters: 4220, time: 0.487, data: 0.001) G_GAN_ViT: 0.321 D_real_ViT: 0.254 D_fake_ViT: 0.283 global: 0.536 spatial: 0.094 
(epoch: 16, iters: 4320, time: 0.487, data: 0.002) G_GAN_ViT: 0.462 D_real_ViT: 0.105 D_fake_ViT: 0.150 global: 0.392 spatial: 0.069 
(epoch: 16, iters: 4420, time: 0.488, data: 0.001) G_GAN_ViT: 0.468 D_real_ViT: 0.119 D_fake_ViT: 0.150 global: 0.420 spatial: 0.086 
(epoch: 16, iters: 4520, time: 0.487, data: 0.001) G_GAN_ViT: 0.314 D_real_ViT: 0.145 D_fake_ViT: 0.278 global: 0.516 spatial: 0.105 
(epoch: 16, iters: 4620, time: 0.488, data: 0.001) G_GAN_ViT: 0.510 D_real_ViT: 0.060 D_fake_ViT: 0.125 global: 0.355 spatial: 0.061 
(epoch: 16, iters: 4720, time: 0.488, data: 0.001) G_GAN_ViT: 0.629 D_real_ViT: 0.137 D_fake_ViT: 0.109 global: 0.455 spatial: 0.098 
(epoch: 16, iters: 4820, time: 0.488, data: 0.001) G_GAN_ViT: 0.557 D_real_ViT: 0.210 D_fake_ViT: 0.105 global: 0.341 spatial: 0.056 
(epoch: 16, iters: 4920, time: 0.488, data: 0.001) G_GAN_ViT: 0.404 D_real_ViT: 0.219 D_fake_ViT: 0.193 global: 0.445 spatial: 0.069 
(epoch: 16, iters: 5020, time: 0.488, data: 0.001) G_GAN_ViT: 0.651 D_real_ViT: 0.169 D_fake_ViT: 0.074 global: 0.320 spatial: 0.051 
(epoch: 16, iters: 5120, time: 0.488, data: 0.001) G_GAN_ViT: 0.370 D_real_ViT: 0.175 D_fake_ViT: 0.217 global: 0.516 spatial: 0.105 
(epoch: 16, iters: 5220, time: 0.488, data: 0.001) G_GAN_ViT: 0.422 D_real_ViT: 0.210 D_fake_ViT: 0.197 global: 0.437 spatial: 0.089 
(epoch: 16, iters: 5320, time: 0.488, data: 0.001) G_GAN_ViT: 0.467 D_real_ViT: 0.146 D_fake_ViT: 0.175 global: 0.452 spatial: 0.091 
(epoch: 16, iters: 5420, time: 0.487, data: 0.001) G_GAN_ViT: 0.536 D_real_ViT: 0.145 D_fake_ViT: 0.127 global: 0.426 spatial: 0.066 
(epoch: 16, iters: 5520, time: 0.487, data: 0.001) G_GAN_ViT: 0.455 D_real_ViT: 0.164 D_fake_ViT: 0.145 global: 0.451 spatial: 0.066 
End of epoch 16 / 100 	 Time Taken: 2745 sec
learning rate = 0.0000100
(epoch: 17, iters: 8, time: 0.487, data: 0.001) G_GAN_ViT: 0.575 D_real_ViT: 0.125 D_fake_ViT: 0.108 global: 0.434 spatial: 0.083 
(epoch: 17, iters: 108, time: 0.488, data: 0.000) G_GAN_ViT: 0.520 D_real_ViT: 0.180 D_fake_ViT: 0.143 global: 0.467 spatial: 0.103 
(epoch: 17, iters: 208, time: 0.487, data: 0.001) G_GAN_ViT: 0.533 D_real_ViT: 0.183 D_fake_ViT: 0.134 global: 0.437 spatial: 0.084 
saving the latest model (epoch 17, total_iters 90000)
ICL_single_monitor
(epoch: 17, iters: 308, time: 0.487, data: 0.002) G_GAN_ViT: 0.464 D_real_ViT: 0.139 D_fake_ViT: 0.150 global: 0.429 spatial: 0.083 
(epoch: 17, iters: 408, time: 0.487, data: 0.001) G_GAN_ViT: 0.459 D_real_ViT: 0.284 D_fake_ViT: 0.163 global: 0.463 spatial: 0.058 
(epoch: 17, iters: 508, time: 0.487, data: 0.001) G_GAN_ViT: 0.457 D_real_ViT: 0.350 D_fake_ViT: 0.165 global: 0.448 spatial: 0.103 
(epoch: 17, iters: 608, time: 0.487, data: 0.002) G_GAN_ViT: 0.460 D_real_ViT: 0.197 D_fake_ViT: 0.154 global: 0.454 spatial: 0.089 
(epoch: 17, iters: 708, time: 0.488, data: 0.001) G_GAN_ViT: 0.550 D_real_ViT: 0.313 D_fake_ViT: 0.130 global: 0.537 spatial: 0.087 
(epoch: 17, iters: 808, time: 0.488, data: 0.001) G_GAN_ViT: 0.502 D_real_ViT: 0.151 D_fake_ViT: 0.130 global: 0.484 spatial: 0.089 
(epoch: 17, iters: 908, time: 0.488, data: 0.001) G_GAN_ViT: 0.353 D_real_ViT: 0.268 D_fake_ViT: 0.258 global: 0.444 spatial: 0.097 
(epoch: 17, iters: 1008, time: 0.488, data: 0.001) G_GAN_ViT: 0.614 D_real_ViT: 0.152 D_fake_ViT: 0.095 global: 0.401 spatial: 0.064 
(epoch: 17, iters: 1108, time: 0.487, data: 0.001) G_GAN_ViT: 0.310 D_real_ViT: 0.138 D_fake_ViT: 0.282 global: 0.466 spatial: 0.091 
(epoch: 17, iters: 1208, time: 0.488, data: 0.001) G_GAN_ViT: 0.425 D_real_ViT: 0.212 D_fake_ViT: 0.183 global: 0.464 spatial: 0.063 
(epoch: 17, iters: 1308, time: 0.488, data: 0.001) G_GAN_ViT: 0.424 D_real_ViT: 0.127 D_fake_ViT: 0.190 global: 0.457 spatial: 0.109 
(epoch: 17, iters: 1408, time: 0.488, data: 0.001) G_GAN_ViT: 0.539 D_real_ViT: 0.180 D_fake_ViT: 0.139 global: 0.490 spatial: 0.106 
(epoch: 17, iters: 1508, time: 0.488, data: 0.001) G_GAN_ViT: 0.687 D_real_ViT: 0.184 D_fake_ViT: 0.104 global: 0.389 spatial: 0.087 
(epoch: 17, iters: 1608, time: 0.488, data: 0.001) G_GAN_ViT: 0.388 D_real_ViT: 0.175 D_fake_ViT: 0.204 global: 0.462 spatial: 0.084 
(epoch: 17, iters: 1708, time: 0.488, data: 0.001) G_GAN_ViT: 0.448 D_real_ViT: 0.218 D_fake_ViT: 0.177 global: 0.416 spatial: 0.095 
(epoch: 17, iters: 1808, time: 0.487, data: 0.001) G_GAN_ViT: 0.439 D_real_ViT: 0.144 D_fake_ViT: 0.175 global: 0.473 spatial: 0.101 
(epoch: 17, iters: 1908, time: 0.488, data: 0.001) G_GAN_ViT: 0.377 D_real_ViT: 0.173 D_fake_ViT: 0.214 global: 0.343 spatial: 0.053 
(epoch: 17, iters: 2008, time: 0.487, data: 0.001) G_GAN_ViT: 0.585 D_real_ViT: 0.068 D_fake_ViT: 0.115 global: 0.492 spatial: 0.086 
(epoch: 17, iters: 2108, time: 0.487, data: 0.001) G_GAN_ViT: 0.449 D_real_ViT: 0.262 D_fake_ViT: 0.163 global: 0.471 spatial: 0.066 
(epoch: 17, iters: 2208, time: 0.487, data: 0.001) G_GAN_ViT: 0.395 D_real_ViT: 0.198 D_fake_ViT: 0.201 global: 0.422 spatial: 0.065 
(epoch: 17, iters: 2308, time: 0.488, data: 0.001) G_GAN_ViT: 0.414 D_real_ViT: 0.120 D_fake_ViT: 0.195 global: 0.470 spatial: 0.085 
(epoch: 17, iters: 2408, time: 0.487, data: 0.001) G_GAN_ViT: 0.640 D_real_ViT: 0.170 D_fake_ViT: 0.105 global: 0.438 spatial: 0.111 
(epoch: 17, iters: 2508, time: 0.487, data: 0.001) G_GAN_ViT: 0.417 D_real_ViT: 0.073 D_fake_ViT: 0.187 global: 0.455 spatial: 0.081 
(epoch: 17, iters: 2608, time: 0.487, data: 0.001) G_GAN_ViT: 0.616 D_real_ViT: 0.246 D_fake_ViT: 0.104 global: 0.399 spatial: 0.066 
(epoch: 17, iters: 2708, time: 0.488, data: 0.001) G_GAN_ViT: 0.633 D_real_ViT: 0.226 D_fake_ViT: 0.077 global: 0.515 spatial: 0.082 
(epoch: 17, iters: 2808, time: 0.487, data: 0.001) G_GAN_ViT: 0.550 D_real_ViT: 0.126 D_fake_ViT: 0.135 global: 0.493 spatial: 0.112 
(epoch: 17, iters: 2908, time: 0.487, data: 0.001) G_GAN_ViT: 0.514 D_real_ViT: 0.097 D_fake_ViT: 0.143 global: 0.452 spatial: 0.078 
(epoch: 17, iters: 3008, time: 0.487, data: 0.001) G_GAN_ViT: 0.509 D_real_ViT: 0.201 D_fake_ViT: 0.138 global: 0.527 spatial: 0.091 
(epoch: 17, iters: 3108, time: 0.487, data: 0.001) G_GAN_ViT: 0.528 D_real_ViT: 0.060 D_fake_ViT: 0.128 global: 0.465 spatial: 0.100 
(epoch: 17, iters: 3208, time: 0.487, data: 0.001) G_GAN_ViT: 0.586 D_real_ViT: 0.292 D_fake_ViT: 0.092 global: 0.359 spatial: 0.046 
(epoch: 17, iters: 3308, time: 0.488, data: 0.001) G_GAN_ViT: 0.462 D_real_ViT: 0.073 D_fake_ViT: 0.154 global: 0.441 spatial: 0.069 
(epoch: 17, iters: 3408, time: 0.487, data: 0.001) G_GAN_ViT: 0.476 D_real_ViT: 0.110 D_fake_ViT: 0.143 global: 0.382 spatial: 0.080 
(epoch: 17, iters: 3508, time: 0.487, data: 0.001) G_GAN_ViT: 0.420 D_real_ViT: 0.138 D_fake_ViT: 0.191 global: 0.441 spatial: 0.106 
(epoch: 17, iters: 3608, time: 0.488, data: 0.001) G_GAN_ViT: 0.596 D_real_ViT: 0.106 D_fake_ViT: 0.092 global: 0.425 spatial: 0.076 
(epoch: 17, iters: 3708, time: 0.487, data: 0.001) G_GAN_ViT: 0.477 D_real_ViT: 0.113 D_fake_ViT: 0.173 global: 0.402 spatial: 0.086 
(epoch: 17, iters: 3808, time: 0.488, data: 0.001) G_GAN_ViT: 0.508 D_real_ViT: 0.287 D_fake_ViT: 0.128 global: 0.384 spatial: 0.079 
(epoch: 17, iters: 3908, time: 0.487, data: 0.001) G_GAN_ViT: 0.526 D_real_ViT: 0.094 D_fake_ViT: 0.158 global: 0.421 spatial: 0.103 
(epoch: 17, iters: 4008, time: 0.487, data: 0.001) G_GAN_ViT: 0.706 D_real_ViT: 0.052 D_fake_ViT: 0.098 global: 0.410 spatial: 0.097 
(epoch: 17, iters: 4108, time: 0.487, data: 0.001) G_GAN_ViT: 0.460 D_real_ViT: 0.091 D_fake_ViT: 0.178 global: 0.475 spatial: 0.108 
(epoch: 17, iters: 4208, time: 0.487, data: 0.002) G_GAN_ViT: 0.437 D_real_ViT: 0.176 D_fake_ViT: 0.167 global: 0.343 spatial: 0.058 
(epoch: 17, iters: 4308, time: 0.487, data: 0.001) G_GAN_ViT: 0.468 D_real_ViT: 0.222 D_fake_ViT: 0.145 global: 0.432 spatial: 0.074 
(epoch: 17, iters: 4408, time: 0.488, data: 0.001) G_GAN_ViT: 0.545 D_real_ViT: 0.219 D_fake_ViT: 0.117 global: 0.432 spatial: 0.074 
(epoch: 17, iters: 4508, time: 0.488, data: 0.001) G_GAN_ViT: 0.459 D_real_ViT: 0.253 D_fake_ViT: 0.152 global: 0.416 spatial: 0.060 
(epoch: 17, iters: 4608, time: 0.488, data: 0.001) G_GAN_ViT: 0.561 D_real_ViT: 0.151 D_fake_ViT: 0.114 global: 0.385 spatial: 0.070 
(epoch: 17, iters: 4708, time: 0.488, data: 0.001) G_GAN_ViT: 0.608 D_real_ViT: 0.150 D_fake_ViT: 0.111 global: 0.559 spatial: 0.093 
(epoch: 17, iters: 4808, time: 0.487, data: 0.001) G_GAN_ViT: 0.420 D_real_ViT: 0.094 D_fake_ViT: 0.188 global: 0.376 spatial: 0.083 
(epoch: 17, iters: 4908, time: 0.487, data: 0.001) G_GAN_ViT: 0.525 D_real_ViT: 0.185 D_fake_ViT: 0.119 global: 0.427 spatial: 0.090 
(epoch: 17, iters: 5008, time: 0.487, data: 0.001) G_GAN_ViT: 0.397 D_real_ViT: 0.141 D_fake_ViT: 0.203 global: 0.492 spatial: 0.086 
(epoch: 17, iters: 5108, time: 0.487, data: 0.001) G_GAN_ViT: 0.576 D_real_ViT: 0.118 D_fake_ViT: 0.110 global: 0.419 spatial: 0.105 
(epoch: 17, iters: 5208, time: 0.488, data: 0.001) G_GAN_ViT: 0.604 D_real_ViT: 0.094 D_fake_ViT: 0.133 global: 0.552 spatial: 0.103 
saving the latest model (epoch 17, total_iters 95000)
ICL_single_monitor
(epoch: 17, iters: 5308, time: 0.488, data: 0.001) G_GAN_ViT: 0.580 D_real_ViT: 0.125 D_fake_ViT: 0.102 global: 0.390 spatial: 0.084 
(epoch: 17, iters: 5408, time: 0.487, data: 0.001) G_GAN_ViT: 0.435 D_real_ViT: 0.111 D_fake_ViT: 0.179 global: 0.404 spatial: 0.078 
(epoch: 17, iters: 5508, time: 0.487, data: 0.002) G_GAN_ViT: 0.504 D_real_ViT: 0.207 D_fake_ViT: 0.167 global: 0.433 spatial: 0.104 
(epoch: 17, iters: 5608, time: 0.488, data: 0.001) G_GAN_ViT: 0.420 D_real_ViT: 0.088 D_fake_ViT: 0.177 global: 0.468 spatial: 0.100 
End of epoch 17 / 100 	 Time Taken: 2744 sec
learning rate = 0.0000100
(epoch: 18, iters: 96, time: 0.488, data: 0.001) G_GAN_ViT: 0.570 D_real_ViT: 0.202 D_fake_ViT: 0.101 global: 0.498 spatial: 0.071 
(epoch: 18, iters: 196, time: 0.488, data: 0.001) G_GAN_ViT: 0.512 D_real_ViT: 0.116 D_fake_ViT: 0.120 global: 0.367 spatial: 0.082 
(epoch: 18, iters: 296, time: 0.487, data: 0.001) G_GAN_ViT: 0.488 D_real_ViT: 0.298 D_fake_ViT: 0.185 global: 0.505 spatial: 0.111 
(epoch: 18, iters: 396, time: 0.488, data: 0.001) G_GAN_ViT: 0.547 D_real_ViT: 0.116 D_fake_ViT: 0.107 global: 0.316 spatial: 0.055 
(epoch: 18, iters: 496, time: 0.487, data: 0.001) G_GAN_ViT: 0.415 D_real_ViT: 0.304 D_fake_ViT: 0.191 global: 0.483 spatial: 0.087 
(epoch: 18, iters: 596, time: 0.487, data: 0.001) G_GAN_ViT: 0.343 D_real_ViT: 0.218 D_fake_ViT: 0.242 global: 0.469 spatial: 0.100 
(epoch: 18, iters: 696, time: 0.487, data: 0.001) G_GAN_ViT: 0.450 D_real_ViT: 0.135 D_fake_ViT: 0.189 global: 0.381 spatial: 0.087 
(epoch: 18, iters: 796, time: 0.487, data: 0.001) G_GAN_ViT: 0.539 D_real_ViT: 0.220 D_fake_ViT: 0.116 global: 0.409 spatial: 0.086 
(epoch: 18, iters: 896, time: 0.487, data: 0.002) G_GAN_ViT: 0.523 D_real_ViT: 0.248 D_fake_ViT: 0.143 global: 0.478 spatial: 0.103 
(epoch: 18, iters: 996, time: 0.487, data: 0.001) G_GAN_ViT: 0.559 D_real_ViT: 0.147 D_fake_ViT: 0.107 global: 0.444 spatial: 0.075 
(epoch: 18, iters: 1096, time: 0.487, data: 0.001) G_GAN_ViT: 0.366 D_real_ViT: 0.140 D_fake_ViT: 0.216 global: 0.473 spatial: 0.102 
(epoch: 18, iters: 1196, time: 0.487, data: 0.001) G_GAN_ViT: 0.581 D_real_ViT: 0.211 D_fake_ViT: 0.093 global: 0.391 spatial: 0.072 
(epoch: 18, iters: 1296, time: 0.486, data: 0.001) G_GAN_ViT: 0.547 D_real_ViT: 0.231 D_fake_ViT: 0.159 global: 0.522 spatial: 0.123 
(epoch: 18, iters: 1396, time: 0.486, data: 0.002) G_GAN_ViT: 0.441 D_real_ViT: 0.276 D_fake_ViT: 0.173 global: 0.464 spatial: 0.096 
(epoch: 18, iters: 1496, time: 0.486, data: 0.001) G_GAN_ViT: 0.567 D_real_ViT: 0.239 D_fake_ViT: 0.133 global: 0.460 spatial: 0.105 
(epoch: 18, iters: 1596, time: 0.487, data: 0.001) G_GAN_ViT: 0.394 D_real_ViT: 0.219 D_fake_ViT: 0.213 global: 0.484 spatial: 0.092 
(epoch: 18, iters: 1696, time: 0.487, data: 0.001) G_GAN_ViT: 0.526 D_real_ViT: 0.174 D_fake_ViT: 0.140 global: 0.553 spatial: 0.086 
(epoch: 18, iters: 1796, time: 0.487, data: 0.001) G_GAN_ViT: 0.439 D_real_ViT: 0.129 D_fake_ViT: 0.185 global: 0.460 spatial: 0.102 
(epoch: 18, iters: 1896, time: 0.487, data: 0.001) G_GAN_ViT: 0.539 D_real_ViT: 0.082 D_fake_ViT: 0.110 global: 0.355 spatial: 0.079 
(epoch: 18, iters: 1996, time: 0.487, data: 0.001) G_GAN_ViT: 0.464 D_real_ViT: 0.244 D_fake_ViT: 0.158 global: 0.551 spatial: 0.071 
(epoch: 18, iters: 2096, time: 0.487, data: 0.001) G_GAN_ViT: 0.340 D_real_ViT: 0.168 D_fake_ViT: 0.254 global: 0.478 spatial: 0.105 
(epoch: 18, iters: 2196, time: 0.487, data: 0.001) G_GAN_ViT: 0.467 D_real_ViT: 0.199 D_fake_ViT: 0.194 global: 0.453 spatial: 0.091 
(epoch: 18, iters: 2296, time: 0.487, data: 0.001) G_GAN_ViT: 0.488 D_real_ViT: 0.187 D_fake_ViT: 0.149 global: 0.410 spatial: 0.080 
(epoch: 18, iters: 2396, time: 0.487, data: 0.001) G_GAN_ViT: 0.584 D_real_ViT: 0.299 D_fake_ViT: 0.100 global: 0.372 spatial: 0.060 
(epoch: 18, iters: 2496, time: 0.487, data: 0.001) G_GAN_ViT: 0.333 D_real_ViT: 0.116 D_fake_ViT: 0.270 global: 0.476 spatial: 0.079 
(epoch: 18, iters: 2596, time: 0.487, data: 0.001) G_GAN_ViT: 0.700 D_real_ViT: 0.335 D_fake_ViT: 0.082 global: 0.439 spatial: 0.099 
(epoch: 18, iters: 2696, time: 0.487, data: 0.001) G_GAN_ViT: 0.339 D_real_ViT: 0.225 D_fake_ViT: 0.252 global: 0.373 spatial: 0.059 
(epoch: 18, iters: 2796, time: 0.487, data: 0.001) G_GAN_ViT: 0.428 D_real_ViT: 0.076 D_fake_ViT: 0.181 global: 0.540 spatial: 0.104 
(epoch: 18, iters: 2896, time: 0.487, data: 0.001) G_GAN_ViT: 0.452 D_real_ViT: 0.352 D_fake_ViT: 0.186 global: 0.474 spatial: 0.101 
(epoch: 18, iters: 2996, time: 0.487, data: 0.001) G_GAN_ViT: 0.499 D_real_ViT: 0.242 D_fake_ViT: 0.135 global: 0.388 spatial: 0.067 
(epoch: 18, iters: 3096, time: 0.487, data: 0.001) G_GAN_ViT: 0.483 D_real_ViT: 0.200 D_fake_ViT: 0.141 global: 0.479 spatial: 0.075 
(epoch: 18, iters: 3196, time: 0.487, data: 0.001) G_GAN_ViT: 0.478 D_real_ViT: 0.346 D_fake_ViT: 0.145 global: 0.455 spatial: 0.097 
(epoch: 18, iters: 3296, time: 0.487, data: 0.001) G_GAN_ViT: 0.383 D_real_ViT: 0.195 D_fake_ViT: 0.211 global: 0.454 spatial: 0.099 
(epoch: 18, iters: 3396, time: 0.487, data: 0.001) G_GAN_ViT: 0.388 D_real_ViT: 0.111 D_fake_ViT: 0.216 global: 0.443 spatial: 0.087 
(epoch: 18, iters: 3496, time: 0.487, data: 0.001) G_GAN_ViT: 0.340 D_real_ViT: 0.304 D_fake_ViT: 0.247 global: 0.417 spatial: 0.086 
(epoch: 18, iters: 3596, time: 0.487, data: 0.001) G_GAN_ViT: 0.500 D_real_ViT: 0.280 D_fake_ViT: 0.153 global: 0.470 spatial: 0.092 
(epoch: 18, iters: 3696, time: 0.487, data: 0.001) G_GAN_ViT: 0.667 D_real_ViT: 0.214 D_fake_ViT: 0.068 global: 0.341 spatial: 0.046 
(epoch: 18, iters: 3796, time: 0.488, data: 0.002) G_GAN_ViT: 0.511 D_real_ViT: 0.147 D_fake_ViT: 0.147 global: 0.494 spatial: 0.106 
(epoch: 18, iters: 3896, time: 0.488, data: 0.001) G_GAN_ViT: 0.644 D_real_ViT: 0.091 D_fake_ViT: 0.084 global: 0.349 spatial: 0.057 
(epoch: 18, iters: 3996, time: 0.489, data: 0.001) G_GAN_ViT: 0.387 D_real_ViT: 0.123 D_fake_ViT: 0.223 global: 0.471 spatial: 0.108 
(epoch: 18, iters: 4096, time: 0.489, data: 0.001) G_GAN_ViT: 0.506 D_real_ViT: 0.149 D_fake_ViT: 0.126 global: 0.357 spatial: 0.071 
(epoch: 18, iters: 4196, time: 0.488, data: 0.001) G_GAN_ViT: 0.451 D_real_ViT: 0.162 D_fake_ViT: 0.171 global: 0.330 spatial: 0.056 
(epoch: 18, iters: 4296, time: 0.489, data: 0.001) G_GAN_ViT: 0.404 D_real_ViT: 0.132 D_fake_ViT: 0.225 global: 0.466 spatial: 0.097 
(epoch: 18, iters: 4396, time: 0.488, data: 0.001) G_GAN_ViT: 0.448 D_real_ViT: 0.099 D_fake_ViT: 0.175 global: 0.488 spatial: 0.092 
(epoch: 18, iters: 4496, time: 0.489, data: 0.001) G_GAN_ViT: 0.534 D_real_ViT: 0.183 D_fake_ViT: 0.129 global: 0.422 spatial: 0.086 
(epoch: 18, iters: 4596, time: 0.489, data: 0.001) G_GAN_ViT: 0.309 D_real_ViT: 0.149 D_fake_ViT: 0.293 global: 0.559 spatial: 0.102 
saving the latest model (epoch 18, total_iters 100000)
ICL_single_monitor
(epoch: 18, iters: 4696, time: 0.488, data: 0.001) G_GAN_ViT: 0.487 D_real_ViT: 0.334 D_fake_ViT: 0.135 global: 0.319 spatial: 0.050 
(epoch: 18, iters: 4796, time: 0.488, data: 0.001) G_GAN_ViT: 0.338 D_real_ViT: 0.191 D_fake_ViT: 0.292 global: 0.483 spatial: 0.093 
(epoch: 18, iters: 4896, time: 0.489, data: 0.001) G_GAN_ViT: 0.428 D_real_ViT: 0.136 D_fake_ViT: 0.178 global: 0.393 spatial: 0.063 
(epoch: 18, iters: 4996, time: 0.488, data: 0.001) G_GAN_ViT: 0.489 D_real_ViT: 0.207 D_fake_ViT: 0.138 global: 0.448 spatial: 0.060 
(epoch: 18, iters: 5096, time: 0.489, data: 0.001) G_GAN_ViT: 0.367 D_real_ViT: 0.212 D_fake_ViT: 0.255 global: 0.525 spatial: 0.110 
(epoch: 18, iters: 5196, time: 0.489, data: 0.001) G_GAN_ViT: 0.309 D_real_ViT: 0.215 D_fake_ViT: 0.272 global: 0.466 spatial: 0.102 
(epoch: 18, iters: 5296, time: 0.489, data: 0.001) G_GAN_ViT: 0.577 D_real_ViT: 0.148 D_fake_ViT: 0.106 global: 0.374 spatial: 0.053 
(epoch: 18, iters: 5396, time: 0.488, data: 0.001) G_GAN_ViT: 0.472 D_real_ViT: 0.130 D_fake_ViT: 0.164 global: 0.439 spatial: 0.089 
(epoch: 18, iters: 5496, time: 0.488, data: 0.001) G_GAN_ViT: 0.471 D_real_ViT: 0.175 D_fake_ViT: 0.150 global: 0.366 spatial: 0.070 
(epoch: 18, iters: 5596, time: 0.488, data: 0.001) G_GAN_ViT: 0.535 D_real_ViT: 0.131 D_fake_ViT: 0.112 global: 0.349 spatial: 0.073 
End of epoch 18 / 100 	 Time Taken: 2745 sec
learning rate = 0.0000100
(epoch: 19, iters: 84, time: 0.488, data: 0.001) G_GAN_ViT: 0.564 D_real_ViT: 0.237 D_fake_ViT: 0.106 global: 0.383 spatial: 0.065 
(epoch: 19, iters: 184, time: 0.489, data: 0.001) G_GAN_ViT: 0.548 D_real_ViT: 0.276 D_fake_ViT: 0.106 global: 0.362 spatial: 0.060 
(epoch: 19, iters: 284, time: 0.489, data: 0.001) G_GAN_ViT: 0.549 D_real_ViT: 0.106 D_fake_ViT: 0.119 global: 0.481 spatial: 0.080 
(epoch: 19, iters: 384, time: 0.488, data: 0.001) G_GAN_ViT: 0.379 D_real_ViT: 0.140 D_fake_ViT: 0.223 global: 0.454 spatial: 0.102 
(epoch: 19, iters: 484, time: 0.488, data: 0.001) G_GAN_ViT: 0.302 D_real_ViT: 0.111 D_fake_ViT: 0.282 global: 0.429 spatial: 0.072 
(epoch: 19, iters: 584, time: 0.488, data: 0.001) G_GAN_ViT: 0.437 D_real_ViT: 0.171 D_fake_ViT: 0.210 global: 0.496 spatial: 0.119 
(epoch: 19, iters: 684, time: 0.487, data: 0.001) G_GAN_ViT: 0.659 D_real_ViT: 0.060 D_fake_ViT: 0.066 global: 0.310 spatial: 0.047 
(epoch: 19, iters: 784, time: 0.488, data: 0.001) G_GAN_ViT: 0.362 D_real_ViT: 0.133 D_fake_ViT: 0.237 global: 0.439 spatial: 0.106 
(epoch: 19, iters: 884, time: 0.488, data: 0.001) G_GAN_ViT: 0.573 D_real_ViT: 0.256 D_fake_ViT: 0.114 global: 0.498 spatial: 0.090 
(epoch: 19, iters: 984, time: 0.488, data: 0.001) G_GAN_ViT: 0.282 D_real_ViT: 0.108 D_fake_ViT: 0.297 global: 0.469 spatial: 0.100 
(epoch: 19, iters: 1084, time: 0.489, data: 0.001) G_GAN_ViT: 0.276 D_real_ViT: 0.210 D_fake_ViT: 0.304 global: 0.468 spatial: 0.102 
(epoch: 19, iters: 1184, time: 0.489, data: 0.001) G_GAN_ViT: 0.543 D_real_ViT: 0.095 D_fake_ViT: 0.116 global: 0.363 spatial: 0.055 
(epoch: 19, iters: 1284, time: 0.490, data: 0.001) G_GAN_ViT: 0.366 D_real_ViT: 0.083 D_fake_ViT: 0.258 global: 0.466 spatial: 0.094 
(epoch: 19, iters: 1384, time: 0.490, data: 0.001) G_GAN_ViT: 0.356 D_real_ViT: 0.212 D_fake_ViT: 0.264 global: 0.505 spatial: 0.099 
(epoch: 19, iters: 1484, time: 0.490, data: 0.001) G_GAN_ViT: 0.534 D_real_ViT: 0.280 D_fake_ViT: 0.108 global: 0.438 spatial: 0.083 
(epoch: 19, iters: 1584, time: 0.489, data: 0.002) G_GAN_ViT: 0.472 D_real_ViT: 0.268 D_fake_ViT: 0.153 global: 0.573 spatial: 0.085 
(epoch: 19, iters: 1684, time: 0.489, data: 0.001) G_GAN_ViT: 0.321 D_real_ViT: 0.138 D_fake_ViT: 0.275 global: 0.460 spatial: 0.097 
(epoch: 19, iters: 1784, time: 0.489, data: 0.001) G_GAN_ViT: 0.445 D_real_ViT: 0.256 D_fake_ViT: 0.149 global: 0.361 spatial: 0.066 
(epoch: 19, iters: 1884, time: 0.489, data: 0.001) G_GAN_ViT: 0.525 D_real_ViT: 0.092 D_fake_ViT: 0.132 global: 0.560 spatial: 0.084 
(epoch: 19, iters: 1984, time: 0.489, data: 0.001) G_GAN_ViT: 0.576 D_real_ViT: 0.309 D_fake_ViT: 0.098 global: 0.399 spatial: 0.059 
(epoch: 19, iters: 2084, time: 0.489, data: 0.001) G_GAN_ViT: 0.421 D_real_ViT: 0.139 D_fake_ViT: 0.186 global: 0.429 spatial: 0.099 
(epoch: 19, iters: 2184, time: 0.489, data: 0.001) G_GAN_ViT: 0.445 D_real_ViT: 0.164 D_fake_ViT: 0.185 global: 0.409 spatial: 0.102 
(epoch: 19, iters: 2284, time: 0.489, data: 0.001) G_GAN_ViT: 0.425 D_real_ViT: 0.103 D_fake_ViT: 0.208 global: 0.428 spatial: 0.097 
(epoch: 19, iters: 2384, time: 0.489, data: 0.001) G_GAN_ViT: 0.793 D_real_ViT: 0.125 D_fake_ViT: 0.073 global: 0.404 spatial: 0.086 
(epoch: 19, iters: 2484, time: 0.489, data: 0.001) G_GAN_ViT: 0.438 D_real_ViT: 0.346 D_fake_ViT: 0.186 global: 0.487 spatial: 0.116 
(epoch: 19, iters: 2584, time: 0.489, data: 0.002) G_GAN_ViT: 0.445 D_real_ViT: 0.070 D_fake_ViT: 0.163 global: 0.319 spatial: 0.045 
(epoch: 19, iters: 2684, time: 0.489, data: 0.001) G_GAN_ViT: 0.431 D_real_ViT: 0.258 D_fake_ViT: 0.184 global: 0.492 spatial: 0.071 
(epoch: 19, iters: 2784, time: 0.489, data: 0.001) G_GAN_ViT: 0.355 D_real_ViT: 0.094 D_fake_ViT: 0.233 global: 0.511 spatial: 0.091 
(epoch: 19, iters: 2884, time: 0.489, data: 0.001) G_GAN_ViT: 0.452 D_real_ViT: 0.075 D_fake_ViT: 0.169 global: 0.482 spatial: 0.067 
(epoch: 19, iters: 2984, time: 0.488, data: 0.001) G_GAN_ViT: 0.545 D_real_ViT: 0.118 D_fake_ViT: 0.113 global: 0.368 spatial: 0.052 
(epoch: 19, iters: 3084, time: 0.488, data: 0.001) G_GAN_ViT: 0.328 D_real_ViT: 0.240 D_fake_ViT: 0.260 global: 0.413 spatial: 0.065 
(epoch: 19, iters: 3184, time: 0.488, data: 0.001) G_GAN_ViT: 0.402 D_real_ViT: 0.069 D_fake_ViT: 0.197 global: 0.483 spatial: 0.101 
(epoch: 19, iters: 3284, time: 0.488, data: 0.001) G_GAN_ViT: 0.644 D_real_ViT: 0.212 D_fake_ViT: 0.094 global: 0.577 spatial: 0.088 
(epoch: 19, iters: 3384, time: 0.489, data: 0.002) G_GAN_ViT: 0.392 D_real_ViT: 0.183 D_fake_ViT: 0.226 global: 0.556 spatial: 0.103 
(epoch: 19, iters: 3484, time: 0.488, data: 0.001) G_GAN_ViT: 0.459 D_real_ViT: 0.076 D_fake_ViT: 0.191 global: 0.464 spatial: 0.103 
(epoch: 19, iters: 3584, time: 0.488, data: 0.001) G_GAN_ViT: 0.404 D_real_ViT: 0.185 D_fake_ViT: 0.177 global: 0.381 spatial: 0.072 
(epoch: 19, iters: 3684, time: 0.487, data: 0.001) G_GAN_ViT: 0.565 D_real_ViT: 0.060 D_fake_ViT: 0.096 global: 0.409 spatial: 0.074 
(epoch: 19, iters: 3784, time: 0.488, data: 0.001) G_GAN_ViT: 0.304 D_real_ViT: 0.266 D_fake_ViT: 0.273 global: 0.452 spatial: 0.096 
(epoch: 19, iters: 3884, time: 0.488, data: 0.002) G_GAN_ViT: 0.617 D_real_ViT: 0.070 D_fake_ViT: 0.089 global: 0.444 spatial: 0.079 
(epoch: 19, iters: 3984, time: 0.489, data: 0.001) G_GAN_ViT: 0.401 D_real_ViT: 0.161 D_fake_ViT: 0.197 global: 0.404 spatial: 0.059 
saving the latest model (epoch 19, total_iters 105000)
ICL_single_monitor
(epoch: 19, iters: 4084, time: 0.488, data: 0.002) G_GAN_ViT: 0.450 D_real_ViT: 0.146 D_fake_ViT: 0.170 global: 0.414 spatial: 0.087 
(epoch: 19, iters: 4184, time: 0.488, data: 0.001) G_GAN_ViT: 0.422 D_real_ViT: 0.160 D_fake_ViT: 0.185 global: 0.422 spatial: 0.079 
(epoch: 19, iters: 4284, time: 0.488, data: 0.001) G_GAN_ViT: 0.512 D_real_ViT: 0.182 D_fake_ViT: 0.128 global: 0.432 spatial: 0.067 
(epoch: 19, iters: 4384, time: 0.488, data: 0.001) G_GAN_ViT: 0.551 D_real_ViT: 0.094 D_fake_ViT: 0.134 global: 0.479 spatial: 0.107 
(epoch: 19, iters: 4484, time: 0.488, data: 0.001) G_GAN_ViT: 0.625 D_real_ViT: 0.186 D_fake_ViT: 0.110 global: 0.347 spatial: 0.063 
(epoch: 19, iters: 4584, time: 0.489, data: 0.001) G_GAN_ViT: 0.352 D_real_ViT: 0.116 D_fake_ViT: 0.253 global: 0.450 spatial: 0.090 
(epoch: 19, iters: 4684, time: 0.489, data: 0.001) G_GAN_ViT: 0.581 D_real_ViT: 0.213 D_fake_ViT: 0.132 global: 0.434 spatial: 0.097 
(epoch: 19, iters: 4784, time: 0.489, data: 0.001) G_GAN_ViT: 0.618 D_real_ViT: 0.063 D_fake_ViT: 0.081 global: 0.325 spatial: 0.057 
(epoch: 19, iters: 4884, time: 0.489, data: 0.001) G_GAN_ViT: 0.353 D_real_ViT: 0.255 D_fake_ViT: 0.244 global: 0.409 spatial: 0.080 
(epoch: 19, iters: 4984, time: 0.489, data: 0.001) G_GAN_ViT: 0.479 D_real_ViT: 0.177 D_fake_ViT: 0.141 global: 0.476 spatial: 0.068 
(epoch: 19, iters: 5084, time: 0.488, data: 0.001) G_GAN_ViT: 0.499 D_real_ViT: 0.130 D_fake_ViT: 0.156 global: 0.401 spatial: 0.081 
(epoch: 19, iters: 5184, time: 0.488, data: 0.001) G_GAN_ViT: 0.402 D_real_ViT: 0.320 D_fake_ViT: 0.200 global: 0.403 spatial: 0.074 
(epoch: 19, iters: 5284, time: 0.488, data: 0.001) G_GAN_ViT: 0.626 D_real_ViT: 0.114 D_fake_ViT: 0.096 global: 0.503 spatial: 0.081 
(epoch: 19, iters: 5384, time: 0.488, data: 0.001) G_GAN_ViT: 0.548 D_real_ViT: 0.077 D_fake_ViT: 0.130 global: 0.481 spatial: 0.080 
(epoch: 19, iters: 5484, time: 0.488, data: 0.001) G_GAN_ViT: 0.445 D_real_ViT: 0.051 D_fake_ViT: 0.174 global: 0.372 spatial: 0.070 
(epoch: 19, iters: 5584, time: 0.488, data: 0.001) G_GAN_ViT: 0.544 D_real_ViT: 0.202 D_fake_ViT: 0.143 global: 0.409 spatial: 0.098 
End of epoch 19 / 100 	 Time Taken: 2750 sec
learning rate = 0.0000100
(epoch: 20, iters: 72, time: 0.488, data: 0.001) G_GAN_ViT: 0.331 D_real_ViT: 0.243 D_fake_ViT: 0.255 global: 0.367 spatial: 0.071 
(epoch: 20, iters: 172, time: 0.488, data: 0.001) G_GAN_ViT: 0.639 D_real_ViT: 0.166 D_fake_ViT: 0.078 global: 0.410 spatial: 0.081 
(epoch: 20, iters: 272, time: 0.488, data: 0.001) G_GAN_ViT: 0.308 D_real_ViT: 0.261 D_fake_ViT: 0.275 global: 0.454 spatial: 0.094 
(epoch: 20, iters: 372, time: 0.488, data: 0.001) G_GAN_ViT: 0.431 D_real_ViT: 0.108 D_fake_ViT: 0.184 global: 0.545 spatial: 0.076 
(epoch: 20, iters: 472, time: 0.488, data: 0.001) G_GAN_ViT: 0.350 D_real_ViT: 0.115 D_fake_ViT: 0.245 global: 0.463 spatial: 0.082 
(epoch: 20, iters: 572, time: 0.488, data: 0.001) G_GAN_ViT: 0.527 D_real_ViT: 0.111 D_fake_ViT: 0.158 global: 0.529 spatial: 0.085 
(epoch: 20, iters: 672, time: 0.488, data: 0.001) G_GAN_ViT: 0.747 D_real_ViT: 0.147 D_fake_ViT: 0.051 global: 0.408 spatial: 0.063 
(epoch: 20, iters: 772, time: 0.488, data: 0.001) G_GAN_ViT: 0.550 D_real_ViT: 0.242 D_fake_ViT: 0.104 global: 0.363 spatial: 0.074 
(epoch: 20, iters: 872, time: 0.488, data: 0.001) G_GAN_ViT: 0.379 D_real_ViT: 0.145 D_fake_ViT: 0.220 global: 0.514 spatial: 0.094 
(epoch: 20, iters: 972, time: 0.489, data: 0.001) G_GAN_ViT: 0.429 D_real_ViT: 0.227 D_fake_ViT: 0.175 global: 0.461 spatial: 0.088 
(epoch: 20, iters: 1072, time: 0.489, data: 0.001) G_GAN_ViT: 0.565 D_real_ViT: 0.257 D_fake_ViT: 0.107 global: 0.356 spatial: 0.065 
(epoch: 20, iters: 1172, time: 0.489, data: 0.001) G_GAN_ViT: 0.520 D_real_ViT: 0.109 D_fake_ViT: 0.125 global: 0.468 spatial: 0.084 
(epoch: 20, iters: 1272, time: 0.489, data: 0.001) G_GAN_ViT: 0.680 D_real_ViT: 0.122 D_fake_ViT: 0.070 global: 0.416 spatial: 0.065 
(epoch: 20, iters: 1372, time: 0.489, data: 0.001) G_GAN_ViT: 0.539 D_real_ViT: 0.089 D_fake_ViT: 0.138 global: 0.475 spatial: 0.108 
(epoch: 20, iters: 1472, time: 0.489, data: 0.001) G_GAN_ViT: 0.518 D_real_ViT: 0.061 D_fake_ViT: 0.132 global: 0.450 spatial: 0.096 
(epoch: 20, iters: 1572, time: 0.488, data: 0.001) G_GAN_ViT: 0.400 D_real_ViT: 0.323 D_fake_ViT: 0.194 global: 0.446 spatial: 0.058 
(epoch: 20, iters: 1672, time: 0.488, data: 0.001) G_GAN_ViT: 0.390 D_real_ViT: 0.203 D_fake_ViT: 0.241 global: 0.538 spatial: 0.120 
(epoch: 20, iters: 1772, time: 0.489, data: 0.001) G_GAN_ViT: 0.646 D_real_ViT: 0.206 D_fake_ViT: 0.122 global: 0.481 spatial: 0.108 
(epoch: 20, iters: 1872, time: 0.488, data: 0.001) G_GAN_ViT: 0.617 D_real_ViT: 0.105 D_fake_ViT: 0.090 global: 0.432 spatial: 0.080 
(epoch: 20, iters: 1972, time: 0.489, data: 0.001) G_GAN_ViT: 0.465 D_real_ViT: 0.151 D_fake_ViT: 0.198 global: 0.451 spatial: 0.092 
(epoch: 20, iters: 2072, time: 0.489, data: 0.001) G_GAN_ViT: 0.525 D_real_ViT: 0.084 D_fake_ViT: 0.150 global: 0.433 spatial: 0.101 
(epoch: 20, iters: 2172, time: 0.488, data: 0.001) G_GAN_ViT: 0.325 D_real_ViT: 0.257 D_fake_ViT: 0.279 global: 0.448 spatial: 0.100 
(epoch: 20, iters: 2272, time: 0.489, data: 0.001) G_GAN_ViT: 0.434 D_real_ViT: 0.157 D_fake_ViT: 0.202 global: 0.479 spatial: 0.085 
(epoch: 20, iters: 2372, time: 0.489, data: 0.001) G_GAN_ViT: 0.448 D_real_ViT: 0.190 D_fake_ViT: 0.175 global: 0.409 spatial: 0.085 
(epoch: 20, iters: 2472, time: 0.489, data: 0.001) G_GAN_ViT: 0.460 D_real_ViT: 0.110 D_fake_ViT: 0.160 global: 0.359 spatial: 0.067 
(epoch: 20, iters: 2572, time: 0.489, data: 0.001) G_GAN_ViT: 0.624 D_real_ViT: 0.044 D_fake_ViT: 0.098 global: 0.481 spatial: 0.109 
(epoch: 20, iters: 2672, time: 0.489, data: 0.001) G_GAN_ViT: 0.419 D_real_ViT: 0.176 D_fake_ViT: 0.182 global: 0.407 spatial: 0.059 
(epoch: 20, iters: 2772, time: 0.489, data: 0.001) G_GAN_ViT: 0.730 D_real_ViT: 0.327 D_fake_ViT: 0.094 global: 0.466 spatial: 0.106 
(epoch: 20, iters: 2872, time: 0.489, data: 0.001) G_GAN_ViT: 0.529 D_real_ViT: 0.112 D_fake_ViT: 0.152 global: 0.392 spatial: 0.086 
(epoch: 20, iters: 2972, time: 0.489, data: 0.001) G_GAN_ViT: 0.391 D_real_ViT: 0.197 D_fake_ViT: 0.220 global: 0.452 spatial: 0.092 
(epoch: 20, iters: 3072, time: 0.488, data: 0.001) G_GAN_ViT: 0.569 D_real_ViT: 0.119 D_fake_ViT: 0.095 global: 0.459 spatial: 0.089 
(epoch: 20, iters: 3172, time: 0.489, data: 0.001) G_GAN_ViT: 0.682 D_real_ViT: 0.152 D_fake_ViT: 0.087 global: 0.411 spatial: 0.098 
(epoch: 20, iters: 3272, time: 0.489, data: 0.001) G_GAN_ViT: 0.351 D_real_ViT: 0.135 D_fake_ViT: 0.240 global: 0.461 spatial: 0.076 
(epoch: 20, iters: 3372, time: 0.489, data: 0.001) G_GAN_ViT: 0.537 D_real_ViT: 0.073 D_fake_ViT: 0.135 global: 0.379 spatial: 0.059 
saving the latest model (epoch 20, total_iters 110000)
ICL_single_monitor
(epoch: 20, iters: 3472, time: 0.488, data: 0.001) G_GAN_ViT: 0.419 D_real_ViT: 0.053 D_fake_ViT: 0.191 global: 0.532 spatial: 0.101 
(epoch: 20, iters: 3572, time: 0.488, data: 0.001) G_GAN_ViT: 0.463 D_real_ViT: 0.222 D_fake_ViT: 0.177 global: 0.522 spatial: 0.097 
(epoch: 20, iters: 3672, time: 0.489, data: 0.001) G_GAN_ViT: 0.450 D_real_ViT: 0.182 D_fake_ViT: 0.172 global: 0.503 spatial: 0.063 
(epoch: 20, iters: 3772, time: 0.489, data: 0.001) G_GAN_ViT: 0.448 D_real_ViT: 0.245 D_fake_ViT: 0.175 global: 0.431 spatial: 0.097 
(epoch: 20, iters: 3872, time: 0.489, data: 0.001) G_GAN_ViT: 0.550 D_real_ViT: 0.245 D_fake_ViT: 0.127 global: 0.477 spatial: 0.111 
(epoch: 20, iters: 3972, time: 0.489, data: 0.001) G_GAN_ViT: 0.547 D_real_ViT: 0.186 D_fake_ViT: 0.136 global: 0.471 spatial: 0.106 
(epoch: 20, iters: 4072, time: 0.489, data: 0.001) G_GAN_ViT: 0.491 D_real_ViT: 0.063 D_fake_ViT: 0.136 global: 0.353 spatial: 0.075 
(epoch: 20, iters: 4172, time: 0.489, data: 0.002) G_GAN_ViT: 0.468 D_real_ViT: 0.113 D_fake_ViT: 0.173 global: 0.558 spatial: 0.084 
(epoch: 20, iters: 4272, time: 0.489, data: 0.001) G_GAN_ViT: 0.432 D_real_ViT: 0.158 D_fake_ViT: 0.191 global: 0.458 spatial: 0.104 
(epoch: 20, iters: 4372, time: 0.488, data: 0.002) G_GAN_ViT: 0.499 D_real_ViT: 0.174 D_fake_ViT: 0.158 global: 0.500 spatial: 0.106 
(epoch: 20, iters: 4472, time: 0.489, data: 0.001) G_GAN_ViT: 0.340 D_real_ViT: 0.073 D_fake_ViT: 0.242 global: 0.453 spatial: 0.103 
(epoch: 20, iters: 4572, time: 0.489, data: 0.001) G_GAN_ViT: 0.620 D_real_ViT: 0.074 D_fake_ViT: 0.086 global: 0.449 spatial: 0.082 
(epoch: 20, iters: 4672, time: 0.489, data: 0.001) G_GAN_ViT: 0.680 D_real_ViT: 0.073 D_fake_ViT: 0.068 global: 0.403 spatial: 0.054 
(epoch: 20, iters: 4772, time: 0.489, data: 0.001) G_GAN_ViT: 0.446 D_real_ViT: 0.198 D_fake_ViT: 0.177 global: 0.587 spatial: 0.091 
(epoch: 20, iters: 4872, time: 0.489, data: 0.001) G_GAN_ViT: 0.522 D_real_ViT: 0.145 D_fake_ViT: 0.124 global: 0.395 spatial: 0.067 
(epoch: 20, iters: 4972, time: 0.489, data: 0.001) G_GAN_ViT: 0.661 D_real_ViT: 0.072 D_fake_ViT: 0.078 global: 0.377 spatial: 0.065 
(epoch: 20, iters: 5072, time: 0.490, data: 0.001) G_GAN_ViT: 0.280 D_real_ViT: 0.298 D_fake_ViT: 0.295 global: 0.329 spatial: 0.059 
(epoch: 20, iters: 5172, time: 0.490, data: 0.001) G_GAN_ViT: 0.393 D_real_ViT: 0.131 D_fake_ViT: 0.229 global: 0.480 spatial: 0.097 
(epoch: 20, iters: 5272, time: 0.490, data: 0.001) G_GAN_ViT: 0.483 D_real_ViT: 0.050 D_fake_ViT: 0.151 global: 0.532 spatial: 0.067 
(epoch: 20, iters: 5372, time: 0.490, data: 0.001) G_GAN_ViT: 0.577 D_real_ViT: 0.160 D_fake_ViT: 0.097 global: 0.533 spatial: 0.073 
(epoch: 20, iters: 5472, time: 0.489, data: 0.001) G_GAN_ViT: 0.509 D_real_ViT: 0.090 D_fake_ViT: 0.146 global: 0.541 spatial: 0.070 
(epoch: 20, iters: 5572, time: 0.489, data: 0.001) G_GAN_ViT: 0.511 D_real_ViT: 0.198 D_fake_ViT: 0.176 global: 0.486 spatial: 0.098 
saving the model at the end of epoch 20, iters 112240
End of epoch 20 / 100 	 Time Taken: 2753 sec
learning rate = 0.0000100
(epoch: 21, iters: 60, time: 0.489, data: 0.001) G_GAN_ViT: 0.511 D_real_ViT: 0.187 D_fake_ViT: 0.148 global: 0.419 spatial: 0.087 
(epoch: 21, iters: 160, time: 0.489, data: 0.001) G_GAN_ViT: 0.391 D_real_ViT: 0.232 D_fake_ViT: 0.212 global: 0.429 spatial: 0.098 
(epoch: 21, iters: 260, time: 0.490, data: 0.001) G_GAN_ViT: 0.431 D_real_ViT: 0.067 D_fake_ViT: 0.189 global: 0.502 spatial: 0.082 
(epoch: 21, iters: 360, time: 0.490, data: 0.002) G_GAN_ViT: 0.497 D_real_ViT: 0.181 D_fake_ViT: 0.133 global: 0.396 spatial: 0.057 
(epoch: 21, iters: 460, time: 0.490, data: 0.001) G_GAN_ViT: 0.337 D_real_ViT: 0.340 D_fake_ViT: 0.293 global: 0.493 spatial: 0.086 
(epoch: 21, iters: 560, time: 0.489, data: 0.001) G_GAN_ViT: 0.400 D_real_ViT: 0.290 D_fake_ViT: 0.183 global: 0.325 spatial: 0.065 
(epoch: 21, iters: 660, time: 0.490, data: 0.001) G_GAN_ViT: 0.445 D_real_ViT: 0.126 D_fake_ViT: 0.167 global: 0.381 spatial: 0.072 
(epoch: 21, iters: 760, time: 0.490, data: 0.001) G_GAN_ViT: 0.466 D_real_ViT: 0.163 D_fake_ViT: 0.159 global: 0.479 spatial: 0.106 
(epoch: 21, iters: 860, time: 0.490, data: 0.001) G_GAN_ViT: 0.311 D_real_ViT: 0.128 D_fake_ViT: 0.268 global: 0.420 spatial: 0.065 
(epoch: 21, iters: 960, time: 0.490, data: 0.001) G_GAN_ViT: 0.318 D_real_ViT: 0.219 D_fake_ViT: 0.281 global: 0.519 spatial: 0.099 
(epoch: 21, iters: 1060, time: 0.490, data: 0.001) G_GAN_ViT: 0.458 D_real_ViT: 0.191 D_fake_ViT: 0.162 global: 0.416 spatial: 0.095 
(epoch: 21, iters: 1160, time: 0.490, data: 0.001) G_GAN_ViT: 0.553 D_real_ViT: 0.070 D_fake_ViT: 0.129 global: 0.548 spatial: 0.117 
(epoch: 21, iters: 1260, time: 0.489, data: 0.001) G_GAN_ViT: 0.468 D_real_ViT: 0.281 D_fake_ViT: 0.151 global: 0.462 spatial: 0.067 
(epoch: 21, iters: 1360, time: 0.490, data: 0.001) G_GAN_ViT: 0.324 D_real_ViT: 0.251 D_fake_ViT: 0.246 global: 0.345 spatial: 0.070 
(epoch: 21, iters: 1460, time: 0.490, data: 0.001) G_GAN_ViT: 0.509 D_real_ViT: 0.094 D_fake_ViT: 0.158 global: 0.435 spatial: 0.086 
(epoch: 21, iters: 1560, time: 0.490, data: 0.001) G_GAN_ViT: 0.495 D_real_ViT: 0.411 D_fake_ViT: 0.171 global: 0.550 spatial: 0.092 
(epoch: 21, iters: 1660, time: 0.489, data: 0.001) G_GAN_ViT: 0.542 D_real_ViT: 0.225 D_fake_ViT: 0.112 global: 0.464 spatial: 0.078 
(epoch: 21, iters: 1760, time: 0.489, data: 0.001) G_GAN_ViT: 0.400 D_real_ViT: 0.111 D_fake_ViT: 0.205 global: 0.429 spatial: 0.090 
(epoch: 21, iters: 1860, time: 0.489, data: 0.001) G_GAN_ViT: 0.572 D_real_ViT: 0.071 D_fake_ViT: 0.103 global: 0.360 spatial: 0.056 
(epoch: 21, iters: 1960, time: 0.489, data: 0.001) G_GAN_ViT: 0.825 D_real_ViT: 0.063 D_fake_ViT: 0.038 global: 0.340 spatial: 0.054 
(epoch: 21, iters: 2060, time: 0.489, data: 0.001) G_GAN_ViT: 0.467 D_real_ViT: 0.224 D_fake_ViT: 0.153 global: 0.456 spatial: 0.074 
(epoch: 21, iters: 2160, time: 0.489, data: 0.001) G_GAN_ViT: 0.435 D_real_ViT: 0.135 D_fake_ViT: 0.175 global: 0.450 spatial: 0.087 
(epoch: 21, iters: 2260, time: 0.489, data: 0.001) G_GAN_ViT: 0.498 D_real_ViT: 0.119 D_fake_ViT: 0.153 global: 0.480 spatial: 0.096 
(epoch: 21, iters: 2360, time: 0.488, data: 0.001) G_GAN_ViT: 0.408 D_real_ViT: 0.198 D_fake_ViT: 0.201 global: 0.522 spatial: 0.082 
(epoch: 21, iters: 2460, time: 0.489, data: 0.001) G_GAN_ViT: 0.310 D_real_ViT: 0.142 D_fake_ViT: 0.264 global: 0.463 spatial: 0.095 
(epoch: 21, iters: 2560, time: 0.489, data: 0.001) G_GAN_ViT: 0.559 D_real_ViT: 0.633 D_fake_ViT: 0.113 global: 0.512 spatial: 0.074 
(epoch: 21, iters: 2660, time: 0.489, data: 0.001) G_GAN_ViT: 0.543 D_real_ViT: 0.128 D_fake_ViT: 0.106 global: 0.372 spatial: 0.087 
(epoch: 21, iters: 2760, time: 0.489, data: 0.001) G_GAN_ViT: 0.418 D_real_ViT: 0.206 D_fake_ViT: 0.200 global: 0.458 spatial: 0.110 
saving the latest model (epoch 21, total_iters 115000)
ICL_single_monitor
(epoch: 21, iters: 2860, time: 0.489, data: 0.001) G_GAN_ViT: 0.540 D_real_ViT: 0.137 D_fake_ViT: 0.114 global: 0.446 spatial: 0.081 
(epoch: 21, iters: 2960, time: 0.489, data: 0.001) G_GAN_ViT: 0.398 D_real_ViT: 0.088 D_fake_ViT: 0.196 global: 0.490 spatial: 0.064 
(epoch: 21, iters: 3060, time: 0.489, data: 0.001) G_GAN_ViT: 0.371 D_real_ViT: 0.116 D_fake_ViT: 0.247 global: 0.483 spatial: 0.100 
(epoch: 21, iters: 3160, time: 0.489, data: 0.001) G_GAN_ViT: 0.344 D_real_ViT: 0.205 D_fake_ViT: 0.250 global: 0.508 spatial: 0.096 
(epoch: 21, iters: 3260, time: 0.489, data: 0.001) G_GAN_ViT: 0.429 D_real_ViT: 0.088 D_fake_ViT: 0.201 global: 0.530 spatial: 0.109 
(epoch: 21, iters: 3360, time: 0.489, data: 0.001) G_GAN_ViT: 0.357 D_real_ViT: 0.043 D_fake_ViT: 0.225 global: 0.473 spatial: 0.102 
(epoch: 21, iters: 3460, time: 0.489, data: 0.001) G_GAN_ViT: 0.608 D_real_ViT: 0.136 D_fake_ViT: 0.090 global: 0.440 spatial: 0.075 
(epoch: 21, iters: 3560, time: 0.490, data: 0.001) G_GAN_ViT: 0.453 D_real_ViT: 0.343 D_fake_ViT: 0.153 global: 0.379 spatial: 0.070 
(epoch: 21, iters: 3660, time: 0.489, data: 0.001) G_GAN_ViT: 0.373 D_real_ViT: 0.203 D_fake_ViT: 0.214 global: 0.381 spatial: 0.067 
(epoch: 21, iters: 3760, time: 0.489, data: 0.001) G_GAN_ViT: 0.539 D_real_ViT: 0.113 D_fake_ViT: 0.134 global: 0.459 spatial: 0.106 
(epoch: 21, iters: 3860, time: 0.489, data: 0.001) G_GAN_ViT: 0.584 D_real_ViT: 0.172 D_fake_ViT: 0.103 global: 0.460 spatial: 0.087 
(epoch: 21, iters: 3960, time: 0.490, data: 0.001) G_GAN_ViT: 0.487 D_real_ViT: 0.085 D_fake_ViT: 0.157 global: 0.528 spatial: 0.095 
(epoch: 21, iters: 4060, time: 0.489, data: 0.001) G_GAN_ViT: 0.325 D_real_ViT: 0.108 D_fake_ViT: 0.284 global: 0.503 spatial: 0.093 
(epoch: 21, iters: 4160, time: 0.489, data: 0.001) G_GAN_ViT: 0.655 D_real_ViT: 0.167 D_fake_ViT: 0.100 global: 0.473 spatial: 0.094 
(epoch: 21, iters: 4260, time: 0.489, data: 0.001) G_GAN_ViT: 0.550 D_real_ViT: 0.112 D_fake_ViT: 0.128 global: 0.536 spatial: 0.079 
(epoch: 21, iters: 4360, time: 0.489, data: 0.001) G_GAN_ViT: 0.433 D_real_ViT: 0.081 D_fake_ViT: 0.186 global: 0.510 spatial: 0.083 
(epoch: 21, iters: 4460, time: 0.490, data: 0.001) G_GAN_ViT: 0.608 D_real_ViT: 0.284 D_fake_ViT: 0.103 global: 0.466 spatial: 0.102 
(epoch: 21, iters: 4560, time: 0.490, data: 0.001) G_GAN_ViT: 0.618 D_real_ViT: 0.276 D_fake_ViT: 0.076 global: 0.347 spatial: 0.050 
(epoch: 21, iters: 4660, time: 0.490, data: 0.001) G_GAN_ViT: 0.472 D_real_ViT: 0.131 D_fake_ViT: 0.154 global: 0.425 spatial: 0.082 
(epoch: 21, iters: 4760, time: 0.490, data: 0.001) G_GAN_ViT: 0.451 D_real_ViT: 0.205 D_fake_ViT: 0.161 global: 0.334 spatial: 0.071 
(epoch: 21, iters: 4860, time: 0.490, data: 0.001) G_GAN_ViT: 0.484 D_real_ViT: 0.160 D_fake_ViT: 0.151 global: 0.603 spatial: 0.089 
(epoch: 21, iters: 4960, time: 0.489, data: 0.001) G_GAN_ViT: 0.255 D_real_ViT: 0.091 D_fake_ViT: 0.354 global: 0.469 spatial: 0.084 
(epoch: 21, iters: 5060, time: 0.490, data: 0.001) G_GAN_ViT: 0.427 D_real_ViT: 0.216 D_fake_ViT: 0.180 global: 0.461 spatial: 0.068 
(epoch: 21, iters: 5160, time: 0.489, data: 0.001) G_GAN_ViT: 0.425 D_real_ViT: 0.075 D_fake_ViT: 0.202 global: 0.525 spatial: 0.116 
(epoch: 21, iters: 5260, time: 0.489, data: 0.001) G_GAN_ViT: 0.411 D_real_ViT: 0.129 D_fake_ViT: 0.201 global: 0.522 spatial: 0.100 
(epoch: 21, iters: 5360, time: 0.489, data: 0.001) G_GAN_ViT: 0.317 D_real_ViT: 0.163 D_fake_ViT: 0.257 global: 0.507 spatial: 0.105 
(epoch: 21, iters: 5460, time: 0.489, data: 0.001) G_GAN_ViT: 0.344 D_real_ViT: 0.170 D_fake_ViT: 0.241 global: 0.481 spatial: 0.099 
(epoch: 21, iters: 5560, time: 0.489, data: 0.001) G_GAN_ViT: 0.733 D_real_ViT: 0.062 D_fake_ViT: 0.051 global: 0.333 spatial: 0.048 
End of epoch 21 / 100 	 Time Taken: 2755 sec
learning rate = 0.0000100
(epoch: 22, iters: 48, time: 0.489, data: 0.001) G_GAN_ViT: 0.569 D_real_ViT: 0.087 D_fake_ViT: 0.143 global: 0.443 spatial: 0.100 
(epoch: 22, iters: 148, time: 0.489, data: 0.001) G_GAN_ViT: 0.404 D_real_ViT: 0.112 D_fake_ViT: 0.186 global: 0.419 spatial: 0.080 
(epoch: 22, iters: 248, time: 0.489, data: 0.001) G_GAN_ViT: 0.462 D_real_ViT: 0.224 D_fake_ViT: 0.161 global: 0.372 spatial: 0.091 
(epoch: 22, iters: 348, time: 0.490, data: 0.001) G_GAN_ViT: 0.417 D_real_ViT: 0.093 D_fake_ViT: 0.206 global: 0.481 spatial: 0.094 
(epoch: 22, iters: 448, time: 0.489, data: 0.001) G_GAN_ViT: 0.386 D_real_ViT: 0.167 D_fake_ViT: 0.231 global: 0.541 spatial: 0.117 
(epoch: 22, iters: 548, time: 0.488, data: 0.001) G_GAN_ViT: 0.352 D_real_ViT: 0.107 D_fake_ViT: 0.235 global: 0.452 spatial: 0.081 
(epoch: 22, iters: 648, time: 0.488, data: 0.001) G_GAN_ViT: 0.274 D_real_ViT: 0.174 D_fake_ViT: 0.307 global: 0.468 spatial: 0.100 
(epoch: 22, iters: 748, time: 0.488, data: 0.001) G_GAN_ViT: 0.512 D_real_ViT: 0.189 D_fake_ViT: 0.145 global: 0.438 spatial: 0.091 
(epoch: 22, iters: 848, time: 0.488, data: 0.001) G_GAN_ViT: 0.646 D_real_ViT: 0.260 D_fake_ViT: 0.100 global: 0.412 spatial: 0.095 
(epoch: 22, iters: 948, time: 0.489, data: 0.001) G_GAN_ViT: 0.464 D_real_ViT: 0.345 D_fake_ViT: 0.169 global: 0.466 spatial: 0.103 
(epoch: 22, iters: 1048, time: 0.489, data: 0.001) G_GAN_ViT: 0.458 D_real_ViT: 0.157 D_fake_ViT: 0.171 global: 0.457 spatial: 0.089 
(epoch: 22, iters: 1148, time: 0.490, data: 0.001) G_GAN_ViT: 0.571 D_real_ViT: 0.155 D_fake_ViT: 0.108 global: 0.454 spatial: 0.083 
(epoch: 22, iters: 1248, time: 0.489, data: 0.001) G_GAN_ViT: 0.547 D_real_ViT: 0.277 D_fake_ViT: 0.133 global: 0.537 spatial: 0.111 
(epoch: 22, iters: 1348, time: 0.489, data: 0.001) G_GAN_ViT: 0.485 D_real_ViT: 0.042 D_fake_ViT: 0.144 global: 0.447 spatial: 0.092 
(epoch: 22, iters: 1448, time: 0.490, data: 0.001) G_GAN_ViT: 0.349 D_real_ViT: 0.104 D_fake_ViT: 0.244 global: 0.518 spatial: 0.099 
(epoch: 22, iters: 1548, time: 0.489, data: 0.001) G_GAN_ViT: 0.631 D_real_ViT: 0.192 D_fake_ViT: 0.102 global: 0.474 spatial: 0.085 
(epoch: 22, iters: 1648, time: 0.489, data: 0.001) G_GAN_ViT: 0.534 D_real_ViT: 0.162 D_fake_ViT: 0.112 global: 0.386 spatial: 0.056 
(epoch: 22, iters: 1748, time: 0.488, data: 0.001) G_GAN_ViT: 0.652 D_real_ViT: 0.139 D_fake_ViT: 0.075 global: 0.366 spatial: 0.051 
(epoch: 22, iters: 1848, time: 0.488, data: 0.001) G_GAN_ViT: 0.592 D_real_ViT: 0.264 D_fake_ViT: 0.111 global: 0.446 spatial: 0.097 
(epoch: 22, iters: 1948, time: 0.488, data: 0.001) G_GAN_ViT: 0.560 D_real_ViT: 0.186 D_fake_ViT: 0.110 global: 0.383 spatial: 0.069 
(epoch: 22, iters: 2048, time: 0.488, data: 0.001) G_GAN_ViT: 0.354 D_real_ViT: 0.249 D_fake_ViT: 0.207 global: 0.333 spatial: 0.054 
(epoch: 22, iters: 2148, time: 0.488, data: 0.001) G_GAN_ViT: 0.543 D_real_ViT: 0.202 D_fake_ViT: 0.101 global: 0.317 spatial: 0.050 
saving the latest model (epoch 22, total_iters 120000)
ICL_single_monitor
(epoch: 22, iters: 2248, time: 0.488, data: 0.001) G_GAN_ViT: 0.393 D_real_ViT: 0.086 D_fake_ViT: 0.219 global: 0.538 spatial: 0.105 
(epoch: 22, iters: 2348, time: 0.488, data: 0.001) G_GAN_ViT: 0.458 D_real_ViT: 0.215 D_fake_ViT: 0.158 global: 0.444 spatial: 0.096 
(epoch: 22, iters: 2448, time: 0.488, data: 0.001) G_GAN_ViT: 0.517 D_real_ViT: 0.112 D_fake_ViT: 0.125 global: 0.434 spatial: 0.065 
(epoch: 22, iters: 2548, time: 0.489, data: 0.001) G_GAN_ViT: 0.315 D_real_ViT: 0.204 D_fake_ViT: 0.264 global: 0.484 spatial: 0.100 
(epoch: 22, iters: 2648, time: 0.489, data: 0.001) G_GAN_ViT: 0.584 D_real_ViT: 0.240 D_fake_ViT: 0.097 global: 0.350 spatial: 0.058 
(epoch: 22, iters: 2748, time: 0.489, data: 0.001) G_GAN_ViT: 0.685 D_real_ViT: 0.132 D_fake_ViT: 0.059 global: 0.286 spatial: 0.054 
(epoch: 22, iters: 2848, time: 0.489, data: 0.001) G_GAN_ViT: 0.519 D_real_ViT: 0.141 D_fake_ViT: 0.125 global: 0.488 spatial: 0.084 
(epoch: 22, iters: 2948, time: 0.489, data: 0.001) G_GAN_ViT: 0.376 D_real_ViT: 0.192 D_fake_ViT: 0.223 global: 0.466 spatial: 0.108 
(epoch: 22, iters: 3048, time: 0.489, data: 0.001) G_GAN_ViT: 0.469 D_real_ViT: 0.225 D_fake_ViT: 0.165 global: 0.458 spatial: 0.087 
(epoch: 22, iters: 3148, time: 0.489, data: 0.001) G_GAN_ViT: 0.454 D_real_ViT: 0.126 D_fake_ViT: 0.176 global: 0.489 spatial: 0.111 
(epoch: 22, iters: 3248, time: 0.489, data: 0.001) G_GAN_ViT: 0.666 D_real_ViT: 0.275 D_fake_ViT: 0.097 global: 0.445 spatial: 0.102 
(epoch: 22, iters: 3348, time: 0.489, data: 0.001) G_GAN_ViT: 0.424 D_real_ViT: 0.294 D_fake_ViT: 0.184 global: 0.463 spatial: 0.105 
(epoch: 22, iters: 3448, time: 0.490, data: 0.001) G_GAN_ViT: 0.507 D_real_ViT: 0.203 D_fake_ViT: 0.129 global: 0.365 spatial: 0.091 
(epoch: 22, iters: 3548, time: 0.489, data: 0.001) G_GAN_ViT: 0.541 D_real_ViT: 0.190 D_fake_ViT: 0.123 global: 0.452 spatial: 0.103 
(epoch: 22, iters: 3648, time: 0.490, data: 0.001) G_GAN_ViT: 0.526 D_real_ViT: 0.216 D_fake_ViT: 0.126 global: 0.362 spatial: 0.063 
(epoch: 22, iters: 3748, time: 0.489, data: 0.001) G_GAN_ViT: 0.468 D_real_ViT: 0.189 D_fake_ViT: 0.148 global: 0.435 spatial: 0.090 
(epoch: 22, iters: 3848, time: 0.489, data: 0.001) G_GAN_ViT: 0.549 D_real_ViT: 0.153 D_fake_ViT: 0.138 global: 0.472 spatial: 0.111 
(epoch: 22, iters: 3948, time: 0.489, data: 0.001) G_GAN_ViT: 0.711 D_real_ViT: 0.169 D_fake_ViT: 0.066 global: 0.376 spatial: 0.065 
(epoch: 22, iters: 4048, time: 0.489, data: 0.001) G_GAN_ViT: 0.674 D_real_ViT: 0.085 D_fake_ViT: 0.074 global: 0.433 spatial: 0.071 
(epoch: 22, iters: 4148, time: 0.489, data: 0.001) G_GAN_ViT: 0.356 D_real_ViT: 0.308 D_fake_ViT: 0.249 global: 0.472 spatial: 0.096 
(epoch: 22, iters: 4248, time: 0.489, data: 0.001) G_GAN_ViT: 0.479 D_real_ViT: 0.331 D_fake_ViT: 0.147 global: 0.458 spatial: 0.079 
(epoch: 22, iters: 4348, time: 0.489, data: 0.001) G_GAN_ViT: 0.508 D_real_ViT: 0.094 D_fake_ViT: 0.142 global: 0.425 spatial: 0.095 
(epoch: 22, iters: 4448, time: 0.488, data: 0.001) G_GAN_ViT: 0.412 D_real_ViT: 0.119 D_fake_ViT: 0.206 global: 0.479 spatial: 0.112 
(epoch: 22, iters: 4548, time: 0.489, data: 0.001) G_GAN_ViT: 0.441 D_real_ViT: 0.095 D_fake_ViT: 0.173 global: 0.373 spatial: 0.080 
(epoch: 22, iters: 4648, time: 0.489, data: 0.001) G_GAN_ViT: 0.312 D_real_ViT: 0.067 D_fake_ViT: 0.278 global: 0.449 spatial: 0.098 
(epoch: 22, iters: 4748, time: 0.489, data: 0.001) G_GAN_ViT: 0.571 D_real_ViT: 0.059 D_fake_ViT: 0.099 global: 0.464 spatial: 0.074 
(epoch: 22, iters: 4848, time: 0.488, data: 0.001) G_GAN_ViT: 0.465 D_real_ViT: 0.214 D_fake_ViT: 0.201 global: 0.400 spatial: 0.091 
(epoch: 22, iters: 4948, time: 0.488, data: 0.001) G_GAN_ViT: 0.396 D_real_ViT: 0.154 D_fake_ViT: 0.194 global: 0.353 spatial: 0.065 
(epoch: 22, iters: 5048, time: 0.488, data: 0.001) G_GAN_ViT: 0.421 D_real_ViT: 0.140 D_fake_ViT: 0.198 global: 0.413 spatial: 0.069 
(epoch: 22, iters: 5148, time: 0.489, data: 0.001) G_GAN_ViT: 0.467 D_real_ViT: 0.266 D_fake_ViT: 0.158 global: 0.524 spatial: 0.107 
(epoch: 22, iters: 5248, time: 0.488, data: 0.001) G_GAN_ViT: 0.468 D_real_ViT: 0.163 D_fake_ViT: 0.205 global: 0.424 spatial: 0.100 
(epoch: 22, iters: 5348, time: 0.488, data: 0.001) G_GAN_ViT: 0.507 D_real_ViT: 0.104 D_fake_ViT: 0.130 global: 0.441 spatial: 0.089 
(epoch: 22, iters: 5448, time: 0.488, data: 0.001) G_GAN_ViT: 0.614 D_real_ViT: 0.319 D_fake_ViT: 0.079 global: 0.417 spatial: 0.093 
(epoch: 22, iters: 5548, time: 0.489, data: 0.001) G_GAN_ViT: 0.335 D_real_ViT: 0.172 D_fake_ViT: 0.251 global: 0.463 spatial: 0.081 
End of epoch 22 / 100 	 Time Taken: 2751 sec
learning rate = 0.0000100
(epoch: 23, iters: 36, time: 0.489, data: 0.001) G_GAN_ViT: 0.481 D_real_ViT: 0.402 D_fake_ViT: 0.165 global: 0.449 spatial: 0.111 
(epoch: 23, iters: 136, time: 0.489, data: 0.001) G_GAN_ViT: 0.306 D_real_ViT: 0.101 D_fake_ViT: 0.301 global: 0.516 spatial: 0.096 
(epoch: 23, iters: 236, time: 0.489, data: 0.001) G_GAN_ViT: 0.608 D_real_ViT: 0.047 D_fake_ViT: 0.122 global: 0.465 spatial: 0.111 
(epoch: 23, iters: 336, time: 0.489, data: 0.001) G_GAN_ViT: 0.590 D_real_ViT: 0.066 D_fake_ViT: 0.109 global: 0.473 spatial: 0.078 
(epoch: 23, iters: 436, time: 0.488, data: 0.002) G_GAN_ViT: 0.565 D_real_ViT: 0.085 D_fake_ViT: 0.101 global: 0.336 spatial: 0.057 
(epoch: 23, iters: 536, time: 0.489, data: 0.001) G_GAN_ViT: 0.420 D_real_ViT: 0.141 D_fake_ViT: 0.167 global: 0.295 spatial: 0.054 
(epoch: 23, iters: 636, time: 0.489, data: 0.001) G_GAN_ViT: 0.375 D_real_ViT: 0.189 D_fake_ViT: 0.217 global: 0.512 spatial: 0.091 
(epoch: 23, iters: 736, time: 0.489, data: 0.001) G_GAN_ViT: 0.420 D_real_ViT: 0.219 D_fake_ViT: 0.202 global: 0.403 spatial: 0.095 
(epoch: 23, iters: 836, time: 0.488, data: 0.001) G_GAN_ViT: 0.425 D_real_ViT: 0.179 D_fake_ViT: 0.176 global: 0.510 spatial: 0.070 
(epoch: 23, iters: 936, time: 0.488, data: 0.002) G_GAN_ViT: 0.343 D_real_ViT: 0.066 D_fake_ViT: 0.252 global: 0.462 spatial: 0.105 
(epoch: 23, iters: 1036, time: 0.488, data: 0.001) G_GAN_ViT: 0.553 D_real_ViT: 0.096 D_fake_ViT: 0.106 global: 0.368 spatial: 0.066 
(epoch: 23, iters: 1136, time: 0.488, data: 0.001) G_GAN_ViT: 0.664 D_real_ViT: 0.160 D_fake_ViT: 0.095 global: 0.468 spatial: 0.098 
(epoch: 23, iters: 1236, time: 0.488, data: 0.001) G_GAN_ViT: 0.287 D_real_ViT: 0.114 D_fake_ViT: 0.308 global: 0.445 spatial: 0.103 
(epoch: 23, iters: 1336, time: 0.488, data: 0.001) G_GAN_ViT: 0.741 D_real_ViT: 0.126 D_fake_ViT: 0.053 global: 0.311 spatial: 0.048 
(epoch: 23, iters: 1436, time: 0.488, data: 0.001) G_GAN_ViT: 0.425 D_real_ViT: 0.199 D_fake_ViT: 0.173 global: 0.407 spatial: 0.088 
(epoch: 23, iters: 1536, time: 0.488, data: 0.001) G_GAN_ViT: 0.550 D_real_ViT: 0.070 D_fake_ViT: 0.127 global: 0.419 spatial: 0.075 
saving the latest model (epoch 23, total_iters 125000)
ICL_single_monitor
(epoch: 23, iters: 1636, time: 0.488, data: 0.001) G_GAN_ViT: 0.427 D_real_ViT: 0.154 D_fake_ViT: 0.184 global: 0.409 spatial: 0.065 
(epoch: 23, iters: 1736, time: 0.488, data: 0.001) G_GAN_ViT: 0.301 D_real_ViT: 0.203 D_fake_ViT: 0.285 global: 0.489 spatial: 0.097 
(epoch: 23, iters: 1836, time: 0.488, data: 0.001) G_GAN_ViT: 0.377 D_real_ViT: 0.151 D_fake_ViT: 0.197 global: 0.355 spatial: 0.078 
(epoch: 23, iters: 1936, time: 0.489, data: 0.001) G_GAN_ViT: 0.422 D_real_ViT: 0.120 D_fake_ViT: 0.186 global: 0.379 spatial: 0.058 
(epoch: 23, iters: 2036, time: 0.489, data: 0.001) G_GAN_ViT: 0.555 D_real_ViT: 0.089 D_fake_ViT: 0.114 global: 0.346 spatial: 0.056 
(epoch: 23, iters: 2136, time: 0.489, data: 0.001) G_GAN_ViT: 0.364 D_real_ViT: 0.269 D_fake_ViT: 0.220 global: 0.406 spatial: 0.059 
(epoch: 23, iters: 2236, time: 0.489, data: 0.001) G_GAN_ViT: 0.548 D_real_ViT: 0.196 D_fake_ViT: 0.115 global: 0.568 spatial: 0.080 
(epoch: 23, iters: 2336, time: 0.489, data: 0.001) G_GAN_ViT: 0.453 D_real_ViT: 0.277 D_fake_ViT: 0.175 global: 0.534 spatial: 0.085 
(epoch: 23, iters: 2436, time: 0.489, data: 0.001) G_GAN_ViT: 0.428 D_real_ViT: 0.157 D_fake_ViT: 0.198 global: 0.523 spatial: 0.104 
(epoch: 23, iters: 2536, time: 0.489, data: 0.001) G_GAN_ViT: 0.458 D_real_ViT: 0.081 D_fake_ViT: 0.171 global: 0.382 spatial: 0.081 
(epoch: 23, iters: 2636, time: 0.489, data: 0.001) G_GAN_ViT: 0.350 D_real_ViT: 0.250 D_fake_ViT: 0.235 global: 0.512 spatial: 0.085 
(epoch: 23, iters: 2736, time: 0.489, data: 0.001) G_GAN_ViT: 0.373 D_real_ViT: 0.175 D_fake_ViT: 0.245 global: 0.482 spatial: 0.093 
(epoch: 23, iters: 2836, time: 0.489, data: 0.001) G_GAN_ViT: 0.538 D_real_ViT: 0.148 D_fake_ViT: 0.120 global: 0.457 spatial: 0.072 
(epoch: 23, iters: 2936, time: 0.488, data: 0.004) G_GAN_ViT: 0.498 D_real_ViT: 0.135 D_fake_ViT: 0.133 global: 0.417 spatial: 0.075 
(epoch: 23, iters: 3036, time: 0.488, data: 0.001) G_GAN_ViT: 0.342 D_real_ViT: 0.113 D_fake_ViT: 0.237 global: 0.469 spatial: 0.099 
(epoch: 23, iters: 3136, time: 0.489, data: 0.001) G_GAN_ViT: 0.441 D_real_ViT: 0.081 D_fake_ViT: 0.155 global: 0.306 spatial: 0.049 
(epoch: 23, iters: 3236, time: 0.488, data: 0.001) G_GAN_ViT: 0.492 D_real_ViT: 0.121 D_fake_ViT: 0.139 global: 0.378 spatial: 0.078 
(epoch: 23, iters: 3336, time: 0.488, data: 0.001) G_GAN_ViT: 0.350 D_real_ViT: 0.283 D_fake_ViT: 0.262 global: 0.469 spatial: 0.089 
(epoch: 23, iters: 3436, time: 0.488, data: 0.001) G_GAN_ViT: 0.576 D_real_ViT: 0.091 D_fake_ViT: 0.109 global: 0.455 spatial: 0.111 
(epoch: 23, iters: 3536, time: 0.488, data: 0.001) G_GAN_ViT: 0.510 D_real_ViT: 0.118 D_fake_ViT: 0.136 global: 0.446 spatial: 0.070 
(epoch: 23, iters: 3636, time: 0.487, data: 0.001) G_GAN_ViT: 0.521 D_real_ViT: 0.249 D_fake_ViT: 0.141 global: 0.497 spatial: 0.116 
(epoch: 23, iters: 3736, time: 0.488, data: 0.001) G_GAN_ViT: 0.410 D_real_ViT: 0.116 D_fake_ViT: 0.248 global: 0.471 spatial: 0.091 
(epoch: 23, iters: 3836, time: 0.488, data: 0.001) G_GAN_ViT: 0.431 D_real_ViT: 0.187 D_fake_ViT: 0.184 global: 0.474 spatial: 0.101 
(epoch: 23, iters: 3936, time: 0.489, data: 0.001) G_GAN_ViT: 0.535 D_real_ViT: 0.199 D_fake_ViT: 0.122 global: 0.369 spatial: 0.066 
(epoch: 23, iters: 4036, time: 0.489, data: 0.001) G_GAN_ViT: 0.408 D_real_ViT: 0.329 D_fake_ViT: 0.182 global: 0.430 spatial: 0.066 
(epoch: 23, iters: 4136, time: 0.489, data: 0.001) G_GAN_ViT: 0.385 D_real_ViT: 0.101 D_fake_ViT: 0.208 global: 0.482 spatial: 0.092 
(epoch: 23, iters: 4236, time: 0.489, data: 0.001) G_GAN_ViT: 0.637 D_real_ViT: 0.320 D_fake_ViT: 0.076 global: 0.531 spatial: 0.089 
(epoch: 23, iters: 4336, time: 0.489, data: 0.001) G_GAN_ViT: 0.541 D_real_ViT: 0.195 D_fake_ViT: 0.115 global: 0.456 spatial: 0.081 
(epoch: 23, iters: 4436, time: 0.488, data: 0.001) G_GAN_ViT: 0.305 D_real_ViT: 0.242 D_fake_ViT: 0.271 global: 0.471 spatial: 0.095 
(epoch: 23, iters: 4536, time: 0.488, data: 0.001) G_GAN_ViT: 0.357 D_real_ViT: 0.080 D_fake_ViT: 0.260 global: 0.495 spatial: 0.092 
(epoch: 23, iters: 4636, time: 0.488, data: 0.001) G_GAN_ViT: 0.527 D_real_ViT: 0.089 D_fake_ViT: 0.135 global: 0.472 spatial: 0.098 
(epoch: 23, iters: 4736, time: 0.488, data: 0.001) G_GAN_ViT: 0.552 D_real_ViT: 0.176 D_fake_ViT: 0.107 global: 0.474 spatial: 0.078 
(epoch: 23, iters: 4836, time: 0.488, data: 0.001) G_GAN_ViT: 0.502 D_real_ViT: 0.262 D_fake_ViT: 0.152 global: 0.463 spatial: 0.094 
(epoch: 23, iters: 4936, time: 0.488, data: 0.001) G_GAN_ViT: 0.324 D_real_ViT: 0.277 D_fake_ViT: 0.255 global: 0.463 spatial: 0.067 
(epoch: 23, iters: 5036, time: 0.489, data: 0.001) G_GAN_ViT: 0.694 D_real_ViT: 0.182 D_fake_ViT: 0.094 global: 0.414 spatial: 0.101 
(epoch: 23, iters: 5136, time: 0.489, data: 0.001) G_GAN_ViT: 0.679 D_real_ViT: 0.144 D_fake_ViT: 0.101 global: 0.494 spatial: 0.084 
(epoch: 23, iters: 5236, time: 0.487, data: 0.001) G_GAN_ViT: 0.567 D_real_ViT: 0.123 D_fake_ViT: 0.091 global: 0.417 spatial: 0.069 
(epoch: 23, iters: 5336, time: 0.487, data: 0.001) G_GAN_ViT: 0.435 D_real_ViT: 0.200 D_fake_ViT: 0.167 global: 0.545 spatial: 0.067 
(epoch: 23, iters: 5436, time: 0.488, data: 0.001) G_GAN_ViT: 0.366 D_real_ViT: 0.203 D_fake_ViT: 0.243 global: 0.492 spatial: 0.094 
(epoch: 23, iters: 5536, time: 0.488, data: 0.001) G_GAN_ViT: 0.619 D_real_ViT: 0.153 D_fake_ViT: 0.110 global: 0.515 spatial: 0.121 
End of epoch 23 / 100 	 Time Taken: 2749 sec
learning rate = 0.0000100
(epoch: 24, iters: 24, time: 0.488, data: 0.001) G_GAN_ViT: 0.657 D_real_ViT: 0.051 D_fake_ViT: 0.093 global: 0.418 spatial: 0.087 
(epoch: 24, iters: 124, time: 0.488, data: 0.001) G_GAN_ViT: 0.386 D_real_ViT: 0.081 D_fake_ViT: 0.219 global: 0.448 spatial: 0.097 
(epoch: 24, iters: 224, time: 0.488, data: 0.001) G_GAN_ViT: 0.391 D_real_ViT: 0.218 D_fake_ViT: 0.202 global: 0.469 spatial: 0.097 
(epoch: 24, iters: 324, time: 0.488, data: 0.001) G_GAN_ViT: 0.393 D_real_ViT: 0.172 D_fake_ViT: 0.225 global: 0.526 spatial: 0.103 
(epoch: 24, iters: 424, time: 0.488, data: 0.001) G_GAN_ViT: 0.566 D_real_ViT: 0.064 D_fake_ViT: 0.104 global: 0.434 spatial: 0.082 
(epoch: 24, iters: 524, time: 0.489, data: 0.001) G_GAN_ViT: 0.502 D_real_ViT: 0.271 D_fake_ViT: 0.158 global: 0.395 spatial: 0.101 
(epoch: 24, iters: 624, time: 0.489, data: 0.001) G_GAN_ViT: 0.575 D_real_ViT: 0.087 D_fake_ViT: 0.107 global: 0.527 spatial: 0.080 
(epoch: 24, iters: 724, time: 0.489, data: 0.001) G_GAN_ViT: 0.592 D_real_ViT: 0.075 D_fake_ViT: 0.088 global: 0.416 spatial: 0.082 
(epoch: 24, iters: 824, time: 0.489, data: 0.001) G_GAN_ViT: 0.434 D_real_ViT: 0.279 D_fake_ViT: 0.181 global: 0.517 spatial: 0.106 
(epoch: 24, iters: 924, time: 0.489, data: 0.001) G_GAN_ViT: 0.513 D_real_ViT: 0.185 D_fake_ViT: 0.126 global: 0.453 spatial: 0.073 
saving the latest model (epoch 24, total_iters 130000)
ICL_single_monitor
(epoch: 24, iters: 1024, time: 0.488, data: 0.001) G_GAN_ViT: 0.505 D_real_ViT: 0.102 D_fake_ViT: 0.142 global: 0.463 spatial: 0.085 
(epoch: 24, iters: 1124, time: 0.488, data: 0.002) G_GAN_ViT: 0.382 D_real_ViT: 0.204 D_fake_ViT: 0.218 global: 0.514 spatial: 0.103 
(epoch: 24, iters: 1224, time: 0.488, data: 0.001) G_GAN_ViT: 0.492 D_real_ViT: 0.034 D_fake_ViT: 0.133 global: 0.384 spatial: 0.078 
(epoch: 24, iters: 1324, time: 0.489, data: 0.001) G_GAN_ViT: 0.613 D_real_ViT: 0.108 D_fake_ViT: 0.090 global: 0.386 spatial: 0.067 
(epoch: 24, iters: 1424, time: 0.489, data: 0.001) G_GAN_ViT: 0.345 D_real_ViT: 0.171 D_fake_ViT: 0.246 global: 0.517 spatial: 0.102 
(epoch: 24, iters: 1524, time: 0.489, data: 0.001) G_GAN_ViT: 0.314 D_real_ViT: 0.072 D_fake_ViT: 0.276 global: 0.473 spatial: 0.091 
(epoch: 24, iters: 1624, time: 0.489, data: 0.001) G_GAN_ViT: 0.633 D_real_ViT: 0.046 D_fake_ViT: 0.114 global: 0.395 spatial: 0.091 
(epoch: 24, iters: 1724, time: 0.489, data: 0.001) G_GAN_ViT: 0.570 D_real_ViT: 0.219 D_fake_ViT: 0.109 global: 0.431 spatial: 0.095 
(epoch: 24, iters: 1824, time: 0.489, data: 0.001) G_GAN_ViT: 0.313 D_real_ViT: 0.207 D_fake_ViT: 0.287 global: 0.480 spatial: 0.101 
(epoch: 24, iters: 1924, time: 0.490, data: 0.001) G_GAN_ViT: 0.374 D_real_ViT: 0.237 D_fake_ViT: 0.225 global: 0.507 spatial: 0.092 
(epoch: 24, iters: 2024, time: 0.490, data: 0.001) G_GAN_ViT: 0.358 D_real_ViT: 0.289 D_fake_ViT: 0.235 global: 0.468 spatial: 0.098 
(epoch: 24, iters: 2124, time: 0.490, data: 0.001) G_GAN_ViT: 0.322 D_real_ViT: 0.215 D_fake_ViT: 0.260 global: 0.318 spatial: 0.053 
(epoch: 24, iters: 2224, time: 0.491, data: 0.001) G_GAN_ViT: 0.619 D_real_ViT: 0.149 D_fake_ViT: 0.104 global: 0.509 spatial: 0.118 
(epoch: 24, iters: 2324, time: 0.490, data: 0.001) G_GAN_ViT: 0.562 D_real_ViT: 0.185 D_fake_ViT: 0.116 global: 0.524 spatial: 0.091 
(epoch: 24, iters: 2424, time: 0.490, data: 0.001) G_GAN_ViT: 0.397 D_real_ViT: 0.090 D_fake_ViT: 0.223 global: 0.587 spatial: 0.100 
(epoch: 24, iters: 2524, time: 0.490, data: 0.001) G_GAN_ViT: 0.656 D_real_ViT: 0.054 D_fake_ViT: 0.074 global: 0.381 spatial: 0.082 
(epoch: 24, iters: 2624, time: 0.490, data: 0.001) G_GAN_ViT: 0.301 D_real_ViT: 0.200 D_fake_ViT: 0.314 global: 0.522 spatial: 0.120 
(epoch: 24, iters: 2724, time: 0.490, data: 0.001) G_GAN_ViT: 0.492 D_real_ViT: 0.149 D_fake_ViT: 0.136 global: 0.454 spatial: 0.077 
(epoch: 24, iters: 2824, time: 0.489, data: 0.001) G_GAN_ViT: 0.311 D_real_ViT: 0.323 D_fake_ViT: 0.273 global: 0.532 spatial: 0.103 
(epoch: 24, iters: 2924, time: 0.490, data: 0.005) G_GAN_ViT: 0.487 D_real_ViT: 0.104 D_fake_ViT: 0.161 global: 0.474 spatial: 0.100 
(epoch: 24, iters: 3024, time: 0.490, data: 0.001) G_GAN_ViT: 0.440 D_real_ViT: 0.438 D_fake_ViT: 0.164 global: 0.439 spatial: 0.076 
(epoch: 24, iters: 3124, time: 0.490, data: 0.001) G_GAN_ViT: 0.521 D_real_ViT: 0.056 D_fake_ViT: 0.142 global: 0.555 spatial: 0.072 
(epoch: 24, iters: 3224, time: 0.490, data: 0.001) G_GAN_ViT: 0.518 D_real_ViT: 0.128 D_fake_ViT: 0.133 global: 0.421 spatial: 0.102 
(epoch: 24, iters: 3324, time: 0.490, data: 0.001) G_GAN_ViT: 0.519 D_real_ViT: 0.225 D_fake_ViT: 0.137 global: 0.512 spatial: 0.087 
(epoch: 24, iters: 3424, time: 0.489, data: 0.001) G_GAN_ViT: 0.682 D_real_ViT: 0.147 D_fake_ViT: 0.073 global: 0.499 spatial: 0.076 
(epoch: 24, iters: 3524, time: 0.489, data: 0.001) G_GAN_ViT: 0.521 D_real_ViT: 0.147 D_fake_ViT: 0.120 global: 0.325 spatial: 0.055 
(epoch: 24, iters: 3624, time: 0.489, data: 0.003) G_GAN_ViT: 0.437 D_real_ViT: 0.168 D_fake_ViT: 0.187 global: 0.504 spatial: 0.093 
(epoch: 24, iters: 3724, time: 0.489, data: 0.001) G_GAN_ViT: 0.303 D_real_ViT: 0.116 D_fake_ViT: 0.276 global: 0.458 spatial: 0.098 
(epoch: 24, iters: 3824, time: 0.489, data: 0.001) G_GAN_ViT: 0.331 D_real_ViT: 0.118 D_fake_ViT: 0.265 global: 0.516 spatial: 0.089 
(epoch: 24, iters: 3924, time: 0.489, data: 0.001) G_GAN_ViT: 0.430 D_real_ViT: 0.149 D_fake_ViT: 0.175 global: 0.505 spatial: 0.068 
(epoch: 24, iters: 4024, time: 0.489, data: 0.001) G_GAN_ViT: 0.416 D_real_ViT: 0.093 D_fake_ViT: 0.204 global: 0.558 spatial: 0.081 
(epoch: 24, iters: 4124, time: 0.489, data: 0.001) G_GAN_ViT: 0.576 D_real_ViT: 0.128 D_fake_ViT: 0.097 global: 0.452 spatial: 0.074 
(epoch: 24, iters: 4224, time: 0.489, data: 0.001) G_GAN_ViT: 0.585 D_real_ViT: 0.175 D_fake_ViT: 0.110 global: 0.462 spatial: 0.108 
(epoch: 24, iters: 4324, time: 0.489, data: 0.001) G_GAN_ViT: 0.514 D_real_ViT: 0.154 D_fake_ViT: 0.148 global: 0.508 spatial: 0.119 
(epoch: 24, iters: 4424, time: 0.489, data: 0.001) G_GAN_ViT: 0.565 D_real_ViT: 0.176 D_fake_ViT: 0.091 global: 0.368 spatial: 0.059 
(epoch: 24, iters: 4524, time: 0.489, data: 0.001) G_GAN_ViT: 0.776 D_real_ViT: 0.083 D_fake_ViT: 0.077 global: 0.376 spatial: 0.096 
(epoch: 24, iters: 4624, time: 0.489, data: 0.001) G_GAN_ViT: 0.733 D_real_ViT: 0.160 D_fake_ViT: 0.061 global: 0.359 spatial: 0.066 
(epoch: 24, iters: 4724, time: 0.489, data: 0.001) G_GAN_ViT: 0.400 D_real_ViT: 0.283 D_fake_ViT: 0.214 global: 0.402 spatial: 0.064 
(epoch: 24, iters: 4824, time: 0.489, data: 0.001) G_GAN_ViT: 0.563 D_real_ViT: 0.168 D_fake_ViT: 0.107 global: 0.337 spatial: 0.050 
(epoch: 24, iters: 4924, time: 0.489, data: 0.001) G_GAN_ViT: 0.428 D_real_ViT: 0.137 D_fake_ViT: 0.200 global: 0.506 spatial: 0.118 
(epoch: 24, iters: 5024, time: 0.489, data: 0.001) G_GAN_ViT: 0.280 D_real_ViT: 0.177 D_fake_ViT: 0.290 global: 0.529 spatial: 0.089 
(epoch: 24, iters: 5124, time: 0.488, data: 0.001) G_GAN_ViT: 0.375 D_real_ViT: 0.219 D_fake_ViT: 0.225 global: 0.469 spatial: 0.095 
(epoch: 24, iters: 5224, time: 0.489, data: 0.001) G_GAN_ViT: 0.571 D_real_ViT: 0.529 D_fake_ViT: 0.080 global: 0.326 spatial: 0.048 
(epoch: 24, iters: 5324, time: 0.488, data: 0.001) G_GAN_ViT: 0.372 D_real_ViT: 0.316 D_fake_ViT: 0.204 global: 0.363 spatial: 0.074 
(epoch: 24, iters: 5424, time: 0.489, data: 0.001) G_GAN_ViT: 0.341 D_real_ViT: 0.111 D_fake_ViT: 0.224 global: 0.352 spatial: 0.070 
(epoch: 24, iters: 5524, time: 0.489, data: 0.001) G_GAN_ViT: 0.320 D_real_ViT: 0.060 D_fake_ViT: 0.288 global: 0.492 spatial: 0.097 
End of epoch 24 / 100 	 Time Taken: 2752 sec
learning rate = 0.0000100
(epoch: 25, iters: 12, time: 0.489, data: 0.001) G_GAN_ViT: 0.519 D_real_ViT: 0.170 D_fake_ViT: 0.123 global: 0.363 spatial: 0.066 
(epoch: 25, iters: 112, time: 0.489, data: 0.001) G_GAN_ViT: 0.397 D_real_ViT: 0.222 D_fake_ViT: 0.219 global: 0.553 spatial: 0.114 
(epoch: 25, iters: 212, time: 0.489, data: 0.001) G_GAN_ViT: 0.338 D_real_ViT: 0.204 D_fake_ViT: 0.236 global: 0.444 spatial: 0.070 
(epoch: 25, iters: 312, time: 0.490, data: 0.001) G_GAN_ViT: 0.636 D_real_ViT: 0.285 D_fake_ViT: 0.076 global: 0.347 spatial: 0.075 
saving the latest model (epoch 25, total_iters 135000)
ICL_single_monitor
(epoch: 25, iters: 412, time: 0.488, data: 0.001) G_GAN_ViT: 0.429 D_real_ViT: 0.087 D_fake_ViT: 0.199 global: 0.457 spatial: 0.112 
(epoch: 25, iters: 512, time: 0.488, data: 0.001) G_GAN_ViT: 0.413 D_real_ViT: 0.199 D_fake_ViT: 0.192 global: 0.474 spatial: 0.092 
(epoch: 25, iters: 612, time: 0.488, data: 0.002) G_GAN_ViT: 0.364 D_real_ViT: 0.102 D_fake_ViT: 0.219 global: 0.452 spatial: 0.064 
(epoch: 25, iters: 712, time: 0.488, data: 0.001) G_GAN_ViT: 0.461 D_real_ViT: 0.285 D_fake_ViT: 0.159 global: 0.401 spatial: 0.055 
(epoch: 25, iters: 812, time: 0.489, data: 0.001) G_GAN_ViT: 0.548 D_real_ViT: 0.191 D_fake_ViT: 0.118 global: 0.499 spatial: 0.089 
(epoch: 25, iters: 912, time: 0.489, data: 0.003) G_GAN_ViT: 0.557 D_real_ViT: 0.132 D_fake_ViT: 0.117 global: 0.415 spatial: 0.072 
(epoch: 25, iters: 1012, time: 0.490, data: 0.001) G_GAN_ViT: 0.407 D_real_ViT: 0.100 D_fake_ViT: 0.199 global: 0.472 spatial: 0.111 
(epoch: 25, iters: 1112, time: 0.489, data: 0.001) G_GAN_ViT: 0.555 D_real_ViT: 0.081 D_fake_ViT: 0.106 global: 0.396 spatial: 0.059 
(epoch: 25, iters: 1212, time: 0.489, data: 0.001) G_GAN_ViT: 0.380 D_real_ViT: 0.214 D_fake_ViT: 0.247 global: 0.542 spatial: 0.111 
(epoch: 25, iters: 1312, time: 0.489, data: 0.001) G_GAN_ViT: 0.376 D_real_ViT: 0.279 D_fake_ViT: 0.216 global: 0.507 spatial: 0.098 
(epoch: 25, iters: 1412, time: 0.489, data: 0.001) G_GAN_ViT: 0.475 D_real_ViT: 0.133 D_fake_ViT: 0.159 global: 0.497 spatial: 0.115 
(epoch: 25, iters: 1512, time: 0.489, data: 0.001) G_GAN_ViT: 0.714 D_real_ViT: 0.075 D_fake_ViT: 0.059 global: 0.358 spatial: 0.039 
(epoch: 25, iters: 1612, time: 0.489, data: 0.001) G_GAN_ViT: 0.547 D_real_ViT: 0.156 D_fake_ViT: 0.106 global: 0.446 spatial: 0.083 
(epoch: 25, iters: 1712, time: 0.489, data: 0.001) G_GAN_ViT: 0.242 D_real_ViT: 0.084 D_fake_ViT: 0.396 global: 0.513 spatial: 0.098 
(epoch: 25, iters: 1812, time: 0.489, data: 0.001) G_GAN_ViT: 0.534 D_real_ViT: 0.239 D_fake_ViT: 0.119 global: 0.579 spatial: 0.080 
(epoch: 25, iters: 1912, time: 0.489, data: 0.001) G_GAN_ViT: 0.541 D_real_ViT: 0.147 D_fake_ViT: 0.150 global: 0.475 spatial: 0.111 
(epoch: 25, iters: 2012, time: 0.489, data: 0.001) G_GAN_ViT: 0.479 D_real_ViT: 0.146 D_fake_ViT: 0.159 global: 0.511 spatial: 0.077 
(epoch: 25, iters: 2112, time: 0.489, data: 0.001) G_GAN_ViT: 0.436 D_real_ViT: 0.117 D_fake_ViT: 0.178 global: 0.459 spatial: 0.087 
(epoch: 25, iters: 2212, time: 0.489, data: 0.001) G_GAN_ViT: 0.487 D_real_ViT: 0.195 D_fake_ViT: 0.161 global: 0.469 spatial: 0.112 
(epoch: 25, iters: 2312, time: 0.489, data: 0.001) G_GAN_ViT: 0.350 D_real_ViT: 0.227 D_fake_ViT: 0.235 global: 0.433 spatial: 0.094 
(epoch: 25, iters: 2412, time: 0.490, data: 0.001) G_GAN_ViT: 0.545 D_real_ViT: 0.170 D_fake_ViT: 0.125 global: 0.509 spatial: 0.108 
(epoch: 25, iters: 2512, time: 0.489, data: 0.001) G_GAN_ViT: 0.507 D_real_ViT: 0.250 D_fake_ViT: 0.141 global: 0.516 spatial: 0.095 
(epoch: 25, iters: 2612, time: 0.490, data: 0.001) G_GAN_ViT: 0.382 D_real_ViT: 0.136 D_fake_ViT: 0.238 global: 0.534 spatial: 0.112 
(epoch: 25, iters: 2712, time: 0.490, data: 0.001) G_GAN_ViT: 0.579 D_real_ViT: 0.112 D_fake_ViT: 0.096 global: 0.393 spatial: 0.079 
(epoch: 25, iters: 2812, time: 0.490, data: 0.001) G_GAN_ViT: 0.444 D_real_ViT: 0.181 D_fake_ViT: 0.173 global: 0.493 spatial: 0.097 
(epoch: 25, iters: 2912, time: 0.490, data: 0.001) G_GAN_ViT: 0.363 D_real_ViT: 0.177 D_fake_ViT: 0.222 global: 0.397 spatial: 0.062 
(epoch: 25, iters: 3012, time: 0.489, data: 0.001) G_GAN_ViT: 0.601 D_real_ViT: 0.037 D_fake_ViT: 0.091 global: 0.485 spatial: 0.093 
(epoch: 25, iters: 3112, time: 0.489, data: 0.001) G_GAN_ViT: 0.685 D_real_ViT: 0.184 D_fake_ViT: 0.107 global: 0.393 spatial: 0.098 
(epoch: 25, iters: 3212, time: 0.489, data: 0.001) G_GAN_ViT: 0.378 D_real_ViT: 0.101 D_fake_ViT: 0.229 global: 0.540 spatial: 0.113 
(epoch: 25, iters: 3312, time: 0.489, data: 0.001) G_GAN_ViT: 0.479 D_real_ViT: 0.094 D_fake_ViT: 0.170 global: 0.504 spatial: 0.109 
(epoch: 25, iters: 3412, time: 0.489, data: 0.001) G_GAN_ViT: 0.701 D_real_ViT: 0.256 D_fake_ViT: 0.097 global: 0.468 spatial: 0.104 
(epoch: 25, iters: 3512, time: 0.489, data: 0.001) G_GAN_ViT: 0.486 D_real_ViT: 0.063 D_fake_ViT: 0.149 global: 0.475 spatial: 0.071 
(epoch: 25, iters: 3612, time: 0.489, data: 0.001) G_GAN_ViT: 0.605 D_real_ViT: 0.161 D_fake_ViT: 0.091 global: 0.491 spatial: 0.085 
(epoch: 25, iters: 3712, time: 0.489, data: 0.001) G_GAN_ViT: 0.460 D_real_ViT: 0.136 D_fake_ViT: 0.157 global: 0.410 spatial: 0.065 
(epoch: 25, iters: 3812, time: 0.489, data: 0.001) G_GAN_ViT: 0.345 D_real_ViT: 0.144 D_fake_ViT: 0.238 global: 0.344 spatial: 0.072 
(epoch: 25, iters: 3912, time: 0.490, data: 0.001) G_GAN_ViT: 0.384 D_real_ViT: 0.237 D_fake_ViT: 0.227 global: 0.461 spatial: 0.109 
(epoch: 25, iters: 4012, time: 0.488, data: 0.001) G_GAN_ViT: 0.578 D_real_ViT: 0.077 D_fake_ViT: 0.092 global: 0.424 spatial: 0.064 
(epoch: 25, iters: 4112, time: 0.489, data: 0.001) G_GAN_ViT: 0.662 D_real_ViT: 0.170 D_fake_ViT: 0.067 global: 0.283 spatial: 0.049 
(epoch: 25, iters: 4212, time: 0.489, data: 0.001) G_GAN_ViT: 0.367 D_real_ViT: 0.228 D_fake_ViT: 0.232 global: 0.469 spatial: 0.092 
(epoch: 25, iters: 4312, time: 0.489, data: 0.001) G_GAN_ViT: 0.449 D_real_ViT: 0.078 D_fake_ViT: 0.170 global: 0.507 spatial: 0.111 
(epoch: 25, iters: 4412, time: 0.489, data: 0.001) G_GAN_ViT: 0.435 D_real_ViT: 0.192 D_fake_ViT: 0.175 global: 0.384 spatial: 0.069 
(epoch: 25, iters: 4512, time: 0.489, data: 0.002) G_GAN_ViT: 0.554 D_real_ViT: 0.147 D_fake_ViT: 0.134 global: 0.522 spatial: 0.119 
(epoch: 25, iters: 4612, time: 0.489, data: 0.001) G_GAN_ViT: 0.378 D_real_ViT: 0.144 D_fake_ViT: 0.216 global: 0.434 spatial: 0.069 
(epoch: 25, iters: 4712, time: 0.490, data: 0.001) G_GAN_ViT: 0.696 D_real_ViT: 0.341 D_fake_ViT: 0.082 global: 0.376 spatial: 0.089 
(epoch: 25, iters: 4812, time: 0.490, data: 0.001) G_GAN_ViT: 0.422 D_real_ViT: 0.071 D_fake_ViT: 0.189 global: 0.497 spatial: 0.075 
(epoch: 25, iters: 4912, time: 0.490, data: 0.001) G_GAN_ViT: 0.341 D_real_ViT: 0.163 D_fake_ViT: 0.243 global: 0.471 spatial: 0.095 
(epoch: 25, iters: 5012, time: 0.490, data: 0.001) G_GAN_ViT: 0.582 D_real_ViT: 0.109 D_fake_ViT: 0.096 global: 0.397 spatial: 0.054 
(epoch: 25, iters: 5112, time: 0.490, data: 0.001) G_GAN_ViT: 0.514 D_real_ViT: 0.133 D_fake_ViT: 0.142 global: 0.427 spatial: 0.108 
(epoch: 25, iters: 5212, time: 0.490, data: 0.001) G_GAN_ViT: 0.381 D_real_ViT: 0.203 D_fake_ViT: 0.214 global: 0.444 spatial: 0.056 
(epoch: 25, iters: 5312, time: 0.490, data: 0.001) G_GAN_ViT: 0.382 D_real_ViT: 0.181 D_fake_ViT: 0.212 global: 0.463 spatial: 0.088 
saving the latest model (epoch 25, total_iters 140000)
ICL_single_monitor
(epoch: 25, iters: 5412, time: 0.489, data: 0.001) G_GAN_ViT: 0.611 D_real_ViT: 0.162 D_fake_ViT: 0.100 global: 0.565 spatial: 0.097 
(epoch: 25, iters: 5512, time: 0.488, data: 0.001) G_GAN_ViT: 0.480 D_real_ViT: 0.163 D_fake_ViT: 0.163 global: 0.515 spatial: 0.116 
(epoch: 25, iters: 5612, time: 0.489, data: 0.001) G_GAN_ViT: 0.507 D_real_ViT: 0.422 D_fake_ViT: 0.161 global: 0.467 spatial: 0.085 
saving the model at the end of epoch 25, iters 140300
End of epoch 25 / 100 	 Time Taken: 2756 sec
learning rate = 0.0000100
(epoch: 26, iters: 100, time: 0.489, data: 0.135) G_GAN_ViT: 0.415 D_real_ViT: 0.117 D_fake_ViT: 0.196 global: 0.490 spatial: 0.102 
(epoch: 26, iters: 200, time: 0.489, data: 0.001) G_GAN_ViT: 0.452 D_real_ViT: 0.328 D_fake_ViT: 0.181 global: 0.491 spatial: 0.101 
(epoch: 26, iters: 300, time: 0.489, data: 0.001) G_GAN_ViT: 0.611 D_real_ViT: 0.183 D_fake_ViT: 0.088 global: 0.374 spatial: 0.059 
(epoch: 26, iters: 400, time: 0.489, data: 0.001) G_GAN_ViT: 0.463 D_real_ViT: 0.113 D_fake_ViT: 0.150 global: 0.509 spatial: 0.098 
(epoch: 26, iters: 500, time: 0.490, data: 0.001) G_GAN_ViT: 0.320 D_real_ViT: 0.135 D_fake_ViT: 0.283 global: 0.590 spatial: 0.107 
(epoch: 26, iters: 600, time: 0.489, data: 0.001) G_GAN_ViT: 0.385 D_real_ViT: 0.092 D_fake_ViT: 0.215 global: 0.509 spatial: 0.085 
(epoch: 26, iters: 700, time: 0.489, data: 0.001) G_GAN_ViT: 0.520 D_real_ViT: 0.144 D_fake_ViT: 0.126 global: 0.419 spatial: 0.099 
(epoch: 26, iters: 800, time: 0.490, data: 0.001) G_GAN_ViT: 0.449 D_real_ViT: 0.225 D_fake_ViT: 0.211 global: 0.517 spatial: 0.096 
(epoch: 26, iters: 900, time: 0.489, data: 0.001) G_GAN_ViT: 0.317 D_real_ViT: 0.105 D_fake_ViT: 0.258 global: 0.437 spatial: 0.098 
(epoch: 26, iters: 1000, time: 0.489, data: 0.001) G_GAN_ViT: 0.348 D_real_ViT: 0.066 D_fake_ViT: 0.273 global: 0.563 spatial: 0.076 
(epoch: 26, iters: 1100, time: 0.489, data: 0.001) G_GAN_ViT: 0.552 D_real_ViT: 0.100 D_fake_ViT: 0.125 global: 0.496 spatial: 0.110 
(epoch: 26, iters: 1200, time: 0.489, data: 0.001) G_GAN_ViT: 0.303 D_real_ViT: 0.172 D_fake_ViT: 0.310 global: 0.472 spatial: 0.093 
(epoch: 26, iters: 1300, time: 0.489, data: 0.001) G_GAN_ViT: 0.312 D_real_ViT: 0.175 D_fake_ViT: 0.260 global: 0.396 spatial: 0.064 
(epoch: 26, iters: 1400, time: 0.489, data: 0.001) G_GAN_ViT: 0.736 D_real_ViT: 0.088 D_fake_ViT: 0.076 global: 0.423 spatial: 0.071 
(epoch: 26, iters: 1500, time: 0.489, data: 0.001) G_GAN_ViT: 0.649 D_real_ViT: 0.251 D_fake_ViT: 0.104 global: 0.401 spatial: 0.098 
(epoch: 26, iters: 1600, time: 0.489, data: 0.001) G_GAN_ViT: 0.351 D_real_ViT: 0.198 D_fake_ViT: 0.271 global: 0.545 spatial: 0.113 
(epoch: 26, iters: 1700, time: 0.489, data: 0.001) G_GAN_ViT: 0.480 D_real_ViT: 0.085 D_fake_ViT: 0.189 global: 0.507 spatial: 0.083 
(epoch: 26, iters: 1800, time: 0.489, data: 0.001) G_GAN_ViT: 0.592 D_real_ViT: 0.220 D_fake_ViT: 0.091 global: 0.377 spatial: 0.063 
(epoch: 26, iters: 1900, time: 0.489, data: 0.001) G_GAN_ViT: 0.445 D_real_ViT: 0.170 D_fake_ViT: 0.167 global: 0.583 spatial: 0.069 
(epoch: 26, iters: 2000, time: 0.488, data: 0.001) G_GAN_ViT: 0.429 D_real_ViT: 0.193 D_fake_ViT: 0.177 global: 0.432 spatial: 0.086 
(epoch: 26, iters: 2100, time: 0.489, data: 0.001) G_GAN_ViT: 0.459 D_real_ViT: 0.294 D_fake_ViT: 0.141 global: 0.341 spatial: 0.066 
(epoch: 26, iters: 2200, time: 0.488, data: 0.001) G_GAN_ViT: 0.467 D_real_ViT: 0.155 D_fake_ViT: 0.164 global: 0.390 spatial: 0.060 
(epoch: 26, iters: 2300, time: 0.488, data: 0.001) G_GAN_ViT: 0.646 D_real_ViT: 0.112 D_fake_ViT: 0.064 global: 0.308 spatial: 0.054 
(epoch: 26, iters: 2400, time: 0.488, data: 0.001) G_GAN_ViT: 0.558 D_real_ViT: 0.205 D_fake_ViT: 0.131 global: 0.444 spatial: 0.094 
(epoch: 26, iters: 2500, time: 0.489, data: 0.001) G_GAN_ViT: 0.607 D_real_ViT: 0.122 D_fake_ViT: 0.085 global: 0.467 spatial: 0.074 
(epoch: 26, iters: 2600, time: 0.489, data: 0.001) G_GAN_ViT: 0.430 D_real_ViT: 0.085 D_fake_ViT: 0.198 global: 0.468 spatial: 0.115 
(epoch: 26, iters: 2700, time: 0.490, data: 0.001) G_GAN_ViT: 0.451 D_real_ViT: 0.083 D_fake_ViT: 0.153 global: 0.315 spatial: 0.052 
(epoch: 26, iters: 2800, time: 0.490, data: 0.001) G_GAN_ViT: 0.460 D_real_ViT: 0.224 D_fake_ViT: 0.146 global: 0.422 spatial: 0.071 
(epoch: 26, iters: 2900, time: 0.489, data: 0.001) G_GAN_ViT: 0.431 D_real_ViT: 0.131 D_fake_ViT: 0.205 global: 0.426 spatial: 0.094 
(epoch: 26, iters: 3000, time: 0.489, data: 0.001) G_GAN_ViT: 0.350 D_real_ViT: 0.134 D_fake_ViT: 0.247 global: 0.535 spatial: 0.088 
(epoch: 26, iters: 3100, time: 0.489, data: 0.001) G_GAN_ViT: 0.288 D_real_ViT: 0.102 D_fake_ViT: 0.307 global: 0.531 spatial: 0.102 
(epoch: 26, iters: 3200, time: 0.489, data: 0.001) G_GAN_ViT: 0.480 D_real_ViT: 0.194 D_fake_ViT: 0.153 global: 0.459 spatial: 0.093 
(epoch: 26, iters: 3300, time: 0.488, data: 0.002) G_GAN_ViT: 0.437 D_real_ViT: 0.053 D_fake_ViT: 0.199 global: 0.484 spatial: 0.092 
(epoch: 26, iters: 3400, time: 0.488, data: 0.001) G_GAN_ViT: 0.338 D_real_ViT: 0.078 D_fake_ViT: 0.263 global: 0.361 spatial: 0.056 
(epoch: 26, iters: 3500, time: 0.489, data: 0.001) G_GAN_ViT: 0.416 D_real_ViT: 0.206 D_fake_ViT: 0.205 global: 0.443 spatial: 0.090 
(epoch: 26, iters: 3600, time: 0.489, data: 0.001) G_GAN_ViT: 0.533 D_real_ViT: 0.277 D_fake_ViT: 0.114 global: 0.306 spatial: 0.046 
(epoch: 26, iters: 3700, time: 0.488, data: 0.001) G_GAN_ViT: 0.374 D_real_ViT: 0.157 D_fake_ViT: 0.242 global: 0.505 spatial: 0.116 
(epoch: 26, iters: 3800, time: 0.488, data: 0.001) G_GAN_ViT: 0.485 D_real_ViT: 0.142 D_fake_ViT: 0.147 global: 0.501 spatial: 0.089 
(epoch: 26, iters: 3900, time: 0.488, data: 0.001) G_GAN_ViT: 0.292 D_real_ViT: 0.125 D_fake_ViT: 0.291 global: 0.369 spatial: 0.062 
(epoch: 26, iters: 4000, time: 0.488, data: 0.001) G_GAN_ViT: 0.382 D_real_ViT: 0.190 D_fake_ViT: 0.210 global: 0.445 spatial: 0.097 
(epoch: 26, iters: 4100, time: 0.488, data: 0.001) G_GAN_ViT: 0.328 D_real_ViT: 0.294 D_fake_ViT: 0.253 global: 0.504 spatial: 0.100 
(epoch: 26, iters: 4200, time: 0.488, data: 0.001) G_GAN_ViT: 0.481 D_real_ViT: 0.143 D_fake_ViT: 0.142 global: 0.419 spatial: 0.067 
(epoch: 26, iters: 4300, time: 0.488, data: 0.001) G_GAN_ViT: 0.420 D_real_ViT: 0.145 D_fake_ViT: 0.186 global: 0.448 spatial: 0.094 
(epoch: 26, iters: 4400, time: 0.488, data: 0.001) G_GAN_ViT: 0.359 D_real_ViT: 0.052 D_fake_ViT: 0.227 global: 0.456 spatial: 0.069 
(epoch: 26, iters: 4500, time: 0.489, data: 0.001) G_GAN_ViT: 0.339 D_real_ViT: 0.087 D_fake_ViT: 0.259 global: 0.478 spatial: 0.090 
(epoch: 26, iters: 4600, time: 0.489, data: 0.001) G_GAN_ViT: 0.263 D_real_ViT: 0.534 D_fake_ViT: 0.321 global: 0.484 spatial: 0.097 
(epoch: 26, iters: 4700, time: 0.489, data: 0.001) G_GAN_ViT: 0.386 D_real_ViT: 0.144 D_fake_ViT: 0.204 global: 0.355 spatial: 0.055 
saving the latest model (epoch 26, total_iters 145000)
ICL_single_monitor
(epoch: 26, iters: 4800, time: 0.489, data: 0.001) G_GAN_ViT: 0.735 D_real_ViT: 0.191 D_fake_ViT: 0.064 global: 0.337 spatial: 0.059 
(epoch: 26, iters: 4900, time: 0.489, data: 0.001) G_GAN_ViT: 0.329 D_real_ViT: 0.065 D_fake_ViT: 0.267 global: 0.477 spatial: 0.104 
(epoch: 26, iters: 5000, time: 0.489, data: 0.001) G_GAN_ViT: 0.366 D_real_ViT: 0.101 D_fake_ViT: 0.229 global: 0.444 spatial: 0.098 
(epoch: 26, iters: 5100, time: 0.489, data: 0.001) G_GAN_ViT: 0.580 D_real_ViT: 0.092 D_fake_ViT: 0.107 global: 0.405 spatial: 0.072 
(epoch: 26, iters: 5200, time: 0.488, data: 0.001) G_GAN_ViT: 0.458 D_real_ViT: 0.358 D_fake_ViT: 0.158 global: 0.505 spatial: 0.088 
(epoch: 26, iters: 5300, time: 0.488, data: 0.001) G_GAN_ViT: 0.297 D_real_ViT: 0.254 D_fake_ViT: 0.261 global: 0.412 spatial: 0.064 
(epoch: 26, iters: 5400, time: 0.488, data: 0.001) G_GAN_ViT: 0.321 D_real_ViT: 0.314 D_fake_ViT: 0.289 global: 0.589 spatial: 0.113 
(epoch: 26, iters: 5500, time: 0.488, data: 0.001) G_GAN_ViT: 0.403 D_real_ViT: 0.158 D_fake_ViT: 0.200 global: 0.487 spatial: 0.092 
(epoch: 26, iters: 5600, time: 0.489, data: 0.001) G_GAN_ViT: 0.416 D_real_ViT: 0.077 D_fake_ViT: 0.187 global: 0.525 spatial: 0.083 
End of epoch 26 / 100 	 Time Taken: 2751 sec
learning rate = 0.0000100
(epoch: 27, iters: 88, time: 0.489, data: 0.001) G_GAN_ViT: 0.393 D_real_ViT: 0.200 D_fake_ViT: 0.216 global: 0.471 spatial: 0.104 
(epoch: 27, iters: 188, time: 0.489, data: 0.001) G_GAN_ViT: 0.390 D_real_ViT: 0.209 D_fake_ViT: 0.230 global: 0.441 spatial: 0.104 
(epoch: 27, iters: 288, time: 0.489, data: 0.001) G_GAN_ViT: 0.520 D_real_ViT: 0.455 D_fake_ViT: 0.153 global: 0.479 spatial: 0.103 
(epoch: 27, iters: 388, time: 0.490, data: 0.001) G_GAN_ViT: 0.629 D_real_ViT: 0.067 D_fake_ViT: 0.089 global: 0.410 spatial: 0.066 
(epoch: 27, iters: 488, time: 0.489, data: 0.001) G_GAN_ViT: 0.477 D_real_ViT: 0.259 D_fake_ViT: 0.153 global: 0.497 spatial: 0.092 
(epoch: 27, iters: 588, time: 0.490, data: 0.001) G_GAN_ViT: 0.263 D_real_ViT: 0.327 D_fake_ViT: 0.321 global: 0.378 spatial: 0.071 
(epoch: 27, iters: 688, time: 0.489, data: 0.001) G_GAN_ViT: 0.579 D_real_ViT: 0.363 D_fake_ViT: 0.134 global: 0.540 spatial: 0.120 
(epoch: 27, iters: 788, time: 0.489, data: 0.001) G_GAN_ViT: 0.713 D_real_ViT: 0.062 D_fake_ViT: 0.084 global: 0.493 spatial: 0.100 
(epoch: 27, iters: 888, time: 0.489, data: 0.001) G_GAN_ViT: 0.367 D_real_ViT: 0.104 D_fake_ViT: 0.228 global: 0.532 spatial: 0.097 
(epoch: 27, iters: 988, time: 0.489, data: 0.002) G_GAN_ViT: 0.420 D_real_ViT: 0.148 D_fake_ViT: 0.197 global: 0.438 spatial: 0.094 
(epoch: 27, iters: 1088, time: 0.490, data: 0.001) G_GAN_ViT: 0.582 D_real_ViT: 0.161 D_fake_ViT: 0.122 global: 0.431 spatial: 0.088 
(epoch: 27, iters: 1188, time: 0.489, data: 0.001) G_GAN_ViT: 0.471 D_real_ViT: 0.173 D_fake_ViT: 0.152 global: 0.534 spatial: 0.082 
(epoch: 27, iters: 1288, time: 0.489, data: 0.001) G_GAN_ViT: 0.489 D_real_ViT: 0.133 D_fake_ViT: 0.149 global: 0.437 spatial: 0.089 
(epoch: 27, iters: 1388, time: 0.489, data: 0.001) G_GAN_ViT: 0.481 D_real_ViT: 0.322 D_fake_ViT: 0.149 global: 0.473 spatial: 0.092 
(epoch: 27, iters: 1488, time: 0.490, data: 0.001) G_GAN_ViT: 0.613 D_real_ViT: 0.155 D_fake_ViT: 0.116 global: 0.417 spatial: 0.108 
(epoch: 27, iters: 1588, time: 0.490, data: 0.001) G_GAN_ViT: 0.419 D_real_ViT: 0.048 D_fake_ViT: 0.174 global: 0.348 spatial: 0.071 
(epoch: 27, iters: 1688, time: 0.490, data: 0.001) G_GAN_ViT: 0.344 D_real_ViT: 0.350 D_fake_ViT: 0.271 global: 0.528 spatial: 0.110 
(epoch: 27, iters: 1788, time: 0.489, data: 0.001) G_GAN_ViT: 0.405 D_real_ViT: 0.088 D_fake_ViT: 0.204 global: 0.514 spatial: 0.110 
(epoch: 27, iters: 1888, time: 0.489, data: 0.001) G_GAN_ViT: 0.466 D_real_ViT: 0.044 D_fake_ViT: 0.154 global: 0.476 spatial: 0.085 
(epoch: 27, iters: 1988, time: 0.489, data: 0.001) G_GAN_ViT: 0.540 D_real_ViT: 0.218 D_fake_ViT: 0.133 global: 0.424 spatial: 0.102 
(epoch: 27, iters: 2088, time: 0.488, data: 0.001) G_GAN_ViT: 0.611 D_real_ViT: 0.108 D_fake_ViT: 0.084 global: 0.428 spatial: 0.075 
(epoch: 27, iters: 2188, time: 0.489, data: 0.001) G_GAN_ViT: 0.475 D_real_ViT: 0.127 D_fake_ViT: 0.148 global: 0.436 spatial: 0.059 
(epoch: 27, iters: 2288, time: 0.489, data: 0.001) G_GAN_ViT: 0.337 D_real_ViT: 0.107 D_fake_ViT: 0.252 global: 0.506 spatial: 0.108 
(epoch: 27, iters: 2388, time: 0.489, data: 0.001) G_GAN_ViT: 0.444 D_real_ViT: 0.090 D_fake_ViT: 0.162 global: 0.469 spatial: 0.079 
(epoch: 27, iters: 2488, time: 0.489, data: 0.001) G_GAN_ViT: 0.466 D_real_ViT: 0.187 D_fake_ViT: 0.156 global: 0.412 spatial: 0.073 
(epoch: 27, iters: 2588, time: 0.489, data: 0.001) G_GAN_ViT: 0.423 D_real_ViT: 0.145 D_fake_ViT: 0.186 global: 0.467 spatial: 0.061 
(epoch: 27, iters: 2688, time: 0.489, data: 0.001) G_GAN_ViT: 0.492 D_real_ViT: 0.200 D_fake_ViT: 0.148 global: 0.446 spatial: 0.098 
(epoch: 27, iters: 2788, time: 0.489, data: 0.001) G_GAN_ViT: 0.313 D_real_ViT: 0.146 D_fake_ViT: 0.262 global: 0.509 spatial: 0.094 
(epoch: 27, iters: 2888, time: 0.489, data: 0.001) G_GAN_ViT: 0.580 D_real_ViT: 0.458 D_fake_ViT: 0.123 global: 0.497 spatial: 0.118 
(epoch: 27, iters: 2988, time: 0.489, data: 0.001) G_GAN_ViT: 0.488 D_real_ViT: 0.069 D_fake_ViT: 0.133 global: 0.353 spatial: 0.056 
(epoch: 27, iters: 3088, time: 0.488, data: 0.001) G_GAN_ViT: 0.485 D_real_ViT: 0.142 D_fake_ViT: 0.149 global: 0.528 spatial: 0.082 
(epoch: 27, iters: 3188, time: 0.489, data: 0.001) G_GAN_ViT: 0.441 D_real_ViT: 0.120 D_fake_ViT: 0.197 global: 0.484 spatial: 0.119 
(epoch: 27, iters: 3288, time: 0.489, data: 0.001) G_GAN_ViT: 0.306 D_real_ViT: 0.364 D_fake_ViT: 0.309 global: 0.519 spatial: 0.111 
(epoch: 27, iters: 3388, time: 0.489, data: 0.001) G_GAN_ViT: 0.524 D_real_ViT: 0.137 D_fake_ViT: 0.114 global: 0.355 spatial: 0.059 
(epoch: 27, iters: 3488, time: 0.489, data: 0.001) G_GAN_ViT: 0.260 D_real_ViT: 0.248 D_fake_ViT: 0.367 global: 0.497 spatial: 0.091 
(epoch: 27, iters: 3588, time: 0.490, data: 0.001) G_GAN_ViT: 0.457 D_real_ViT: 0.166 D_fake_ViT: 0.151 global: 0.371 spatial: 0.074 
(epoch: 27, iters: 3688, time: 0.490, data: 0.001) G_GAN_ViT: 0.614 D_real_ViT: 0.106 D_fake_ViT: 0.126 global: 0.507 spatial: 0.107 
(epoch: 27, iters: 3788, time: 0.490, data: 0.001) G_GAN_ViT: 0.476 D_real_ViT: 0.059 D_fake_ViT: 0.143 global: 0.371 spatial: 0.065 
(epoch: 27, iters: 3888, time: 0.490, data: 0.001) G_GAN_ViT: 0.527 D_real_ViT: 0.206 D_fake_ViT: 0.106 global: 0.377 spatial: 0.070 
(epoch: 27, iters: 3988, time: 0.490, data: 0.001) G_GAN_ViT: 0.396 D_real_ViT: 0.052 D_fake_ViT: 0.214 global: 0.387 spatial: 0.066 
(epoch: 27, iters: 4088, time: 0.490, data: 0.001) G_GAN_ViT: 0.505 D_real_ViT: 0.067 D_fake_ViT: 0.156 global: 0.478 spatial: 0.120 
saving the latest model (epoch 27, total_iters 150000)
ICL_single_monitor
(epoch: 27, iters: 4188, time: 0.489, data: 0.001) G_GAN_ViT: 0.295 D_real_ViT: 0.174 D_fake_ViT: 0.299 global: 0.387 spatial: 0.061 
(epoch: 27, iters: 4288, time: 0.489, data: 0.002) G_GAN_ViT: 0.617 D_real_ViT: 0.265 D_fake_ViT: 0.105 global: 0.464 spatial: 0.102 
(epoch: 27, iters: 4388, time: 0.489, data: 0.001) G_GAN_ViT: 0.399 D_real_ViT: 0.104 D_fake_ViT: 0.236 global: 0.473 spatial: 0.119 
(epoch: 27, iters: 4488, time: 0.489, data: 0.001) G_GAN_ViT: 0.536 D_real_ViT: 0.298 D_fake_ViT: 0.110 global: 0.539 spatial: 0.068 
(epoch: 27, iters: 4588, time: 0.489, data: 0.001) G_GAN_ViT: 0.506 D_real_ViT: 0.209 D_fake_ViT: 0.166 global: 0.481 spatial: 0.112 
(epoch: 27, iters: 4688, time: 0.490, data: 0.001) G_GAN_ViT: 0.575 D_real_ViT: 0.094 D_fake_ViT: 0.118 global: 0.531 spatial: 0.085 
(epoch: 27, iters: 4788, time: 0.489, data: 0.001) G_GAN_ViT: 0.544 D_real_ViT: 0.091 D_fake_ViT: 0.111 global: 0.392 spatial: 0.080 
(epoch: 27, iters: 4888, time: 0.489, data: 0.001) G_GAN_ViT: 0.399 D_real_ViT: 0.354 D_fake_ViT: 0.194 global: 0.382 spatial: 0.063 
(epoch: 27, iters: 4988, time: 0.489, data: 0.001) G_GAN_ViT: 0.294 D_real_ViT: 0.370 D_fake_ViT: 0.263 global: 0.349 spatial: 0.061 
(epoch: 27, iters: 5088, time: 0.489, data: 0.001) G_GAN_ViT: 0.399 D_real_ViT: 0.045 D_fake_ViT: 0.201 global: 0.441 spatial: 0.077 
(epoch: 27, iters: 5188, time: 0.490, data: 0.001) G_GAN_ViT: 0.395 D_real_ViT: 0.189 D_fake_ViT: 0.197 global: 0.493 spatial: 0.099 
(epoch: 27, iters: 5288, time: 0.490, data: 0.001) G_GAN_ViT: 0.550 D_real_ViT: 0.292 D_fake_ViT: 0.109 global: 0.403 spatial: 0.090 
(epoch: 27, iters: 5388, time: 0.490, data: 0.001) G_GAN_ViT: 0.468 D_real_ViT: 0.095 D_fake_ViT: 0.156 global: 0.330 spatial: 0.058 
(epoch: 27, iters: 5488, time: 0.490, data: 0.001) G_GAN_ViT: 0.228 D_real_ViT: 0.179 D_fake_ViT: 0.363 global: 0.456 spatial: 0.088 
(epoch: 27, iters: 5588, time: 0.490, data: 0.001) G_GAN_ViT: 0.593 D_real_ViT: 0.239 D_fake_ViT: 0.123 global: 0.444 spatial: 0.111 
End of epoch 27 / 100 	 Time Taken: 2754 sec
learning rate = 0.0000100
(epoch: 28, iters: 76, time: 0.490, data: 0.001) G_GAN_ViT: 0.426 D_real_ViT: 0.104 D_fake_ViT: 0.207 global: 0.473 spatial: 0.114 
(epoch: 28, iters: 176, time: 0.489, data: 0.001) G_GAN_ViT: 0.309 D_real_ViT: 0.270 D_fake_ViT: 0.270 global: 0.504 spatial: 0.090 
(epoch: 28, iters: 276, time: 0.489, data: 0.001) G_GAN_ViT: 0.371 D_real_ViT: 0.260 D_fake_ViT: 0.207 global: 0.346 spatial: 0.065 
(epoch: 28, iters: 376, time: 0.489, data: 0.001) G_GAN_ViT: 0.569 D_real_ViT: 0.166 D_fake_ViT: 0.107 global: 0.442 spatial: 0.075 
(epoch: 28, iters: 476, time: 0.489, data: 0.001) G_GAN_ViT: 0.572 D_real_ViT: 0.185 D_fake_ViT: 0.095 global: 0.353 spatial: 0.045 
(epoch: 28, iters: 576, time: 0.489, data: 0.001) G_GAN_ViT: 0.297 D_real_ViT: 0.631 D_fake_ViT: 0.285 global: 0.402 spatial: 0.087 
(epoch: 28, iters: 676, time: 0.490, data: 0.001) G_GAN_ViT: 0.387 D_real_ViT: 0.163 D_fake_ViT: 0.213 global: 0.465 spatial: 0.063 
(epoch: 28, iters: 776, time: 0.490, data: 0.001) G_GAN_ViT: 0.309 D_real_ViT: 0.133 D_fake_ViT: 0.292 global: 0.498 spatial: 0.068 
(epoch: 28, iters: 876, time: 0.489, data: 0.001) G_GAN_ViT: 0.329 D_real_ViT: 0.427 D_fake_ViT: 0.262 global: 0.419 spatial: 0.077 
(epoch: 28, iters: 976, time: 0.489, data: 0.001) G_GAN_ViT: 0.625 D_real_ViT: 0.247 D_fake_ViT: 0.103 global: 0.475 spatial: 0.109 
(epoch: 28, iters: 1076, time: 0.489, data: 0.001) G_GAN_ViT: 0.299 D_real_ViT: 0.190 D_fake_ViT: 0.284 global: 0.500 spatial: 0.099 
(epoch: 28, iters: 1176, time: 0.489, data: 0.001) G_GAN_ViT: 0.461 D_real_ViT: 0.164 D_fake_ViT: 0.178 global: 0.489 spatial: 0.090 
(epoch: 28, iters: 1276, time: 0.489, data: 0.001) G_GAN_ViT: 0.598 D_real_ViT: 0.303 D_fake_ViT: 0.089 global: 0.425 spatial: 0.074 
(epoch: 28, iters: 1376, time: 0.489, data: 0.001) G_GAN_ViT: 0.471 D_real_ViT: 0.174 D_fake_ViT: 0.133 global: 0.321 spatial: 0.054 
(epoch: 28, iters: 1476, time: 0.489, data: 0.001) G_GAN_ViT: 0.406 D_real_ViT: 0.314 D_fake_ViT: 0.200 global: 0.441 spatial: 0.093 
(epoch: 28, iters: 1576, time: 0.490, data: 0.001) G_GAN_ViT: 0.527 D_real_ViT: 0.147 D_fake_ViT: 0.172 global: 0.384 spatial: 0.089 
(epoch: 28, iters: 1676, time: 0.489, data: 0.001) G_GAN_ViT: 0.519 D_real_ViT: 0.297 D_fake_ViT: 0.159 global: 0.462 spatial: 0.110 
(epoch: 28, iters: 1776, time: 0.490, data: 0.001) G_GAN_ViT: 0.690 D_real_ViT: 0.095 D_fake_ViT: 0.059 global: 0.316 spatial: 0.049 
(epoch: 28, iters: 1876, time: 0.489, data: 0.001) G_GAN_ViT: 0.665 D_real_ViT: 0.149 D_fake_ViT: 0.078 global: 0.392 spatial: 0.073 
(epoch: 28, iters: 1976, time: 0.490, data: 0.001) G_GAN_ViT: 0.509 D_real_ViT: 0.170 D_fake_ViT: 0.128 global: 0.563 spatial: 0.081 
(epoch: 28, iters: 2076, time: 0.489, data: 0.001) G_GAN_ViT: 0.561 D_real_ViT: 0.053 D_fake_ViT: 0.117 global: 0.387 spatial: 0.072 
(epoch: 28, iters: 2176, time: 0.489, data: 0.001) G_GAN_ViT: 0.700 D_real_ViT: 0.087 D_fake_ViT: 0.060 global: 0.331 spatial: 0.052 
(epoch: 28, iters: 2276, time: 0.490, data: 0.001) G_GAN_ViT: 0.474 D_real_ViT: 0.052 D_fake_ViT: 0.138 global: 0.498 spatial: 0.072 
(epoch: 28, iters: 2376, time: 0.490, data: 0.001) G_GAN_ViT: 0.523 D_real_ViT: 0.242 D_fake_ViT: 0.136 global: 0.474 spatial: 0.093 
(epoch: 28, iters: 2476, time: 0.489, data: 0.002) G_GAN_ViT: 0.373 D_real_ViT: 0.148 D_fake_ViT: 0.238 global: 0.393 spatial: 0.055 
(epoch: 28, iters: 2576, time: 0.488, data: 0.001) G_GAN_ViT: 0.698 D_real_ViT: 0.143 D_fake_ViT: 0.060 global: 0.362 spatial: 0.059 
(epoch: 28, iters: 2676, time: 0.489, data: 0.001) G_GAN_ViT: 0.453 D_real_ViT: 0.105 D_fake_ViT: 0.194 global: 0.471 spatial: 0.120 
(epoch: 28, iters: 2776, time: 0.489, data: 0.001) G_GAN_ViT: 0.300 D_real_ViT: 0.126 D_fake_ViT: 0.290 global: 0.432 spatial: 0.085 
(epoch: 28, iters: 2876, time: 0.489, data: 0.001) G_GAN_ViT: 0.484 D_real_ViT: 0.113 D_fake_ViT: 0.161 global: 0.468 spatial: 0.101 
(epoch: 28, iters: 2976, time: 0.489, data: 0.001) G_GAN_ViT: 0.553 D_real_ViT: 0.132 D_fake_ViT: 0.107 global: 0.446 spatial: 0.089 
(epoch: 28, iters: 3076, time: 0.489, data: 0.001) G_GAN_ViT: 0.315 D_real_ViT: 0.082 D_fake_ViT: 0.299 global: 0.545 spatial: 0.122 
(epoch: 28, iters: 3176, time: 0.490, data: 0.001) G_GAN_ViT: 0.511 D_real_ViT: 0.194 D_fake_ViT: 0.150 global: 0.436 spatial: 0.106 
(epoch: 28, iters: 3276, time: 0.490, data: 0.001) G_GAN_ViT: 0.319 D_real_ViT: 0.114 D_fake_ViT: 0.267 global: 0.463 spatial: 0.101 
(epoch: 28, iters: 3376, time: 0.489, data: 0.001) G_GAN_ViT: 0.453 D_real_ViT: 0.269 D_fake_ViT: 0.156 global: 0.488 spatial: 0.109 
(epoch: 28, iters: 3476, time: 0.489, data: 0.001) G_GAN_ViT: 0.607 D_real_ViT: 0.121 D_fake_ViT: 0.084 global: 0.333 spatial: 0.054 
saving the latest model (epoch 28, total_iters 155000)
ICL_single_monitor
(epoch: 28, iters: 3576, time: 0.489, data: 0.001) G_GAN_ViT: 0.300 D_real_ViT: 0.374 D_fake_ViT: 0.288 global: 0.541 spatial: 0.114 
(epoch: 28, iters: 3676, time: 0.489, data: 0.001) G_GAN_ViT: 0.379 D_real_ViT: 0.068 D_fake_ViT: 0.226 global: 0.550 spatial: 0.096 
(epoch: 28, iters: 3776, time: 0.489, data: 0.001) G_GAN_ViT: 0.309 D_real_ViT: 0.151 D_fake_ViT: 0.273 global: 0.426 spatial: 0.060 
(epoch: 28, iters: 3876, time: 0.489, data: 0.004) G_GAN_ViT: 0.352 D_real_ViT: 0.158 D_fake_ViT: 0.237 global: 0.487 spatial: 0.091 
(epoch: 28, iters: 3976, time: 0.489, data: 0.001) G_GAN_ViT: 0.320 D_real_ViT: 0.109 D_fake_ViT: 0.248 global: 0.463 spatial: 0.101 
(epoch: 28, iters: 4076, time: 0.489, data: 0.001) G_GAN_ViT: 0.384 D_real_ViT: 0.215 D_fake_ViT: 0.210 global: 0.467 spatial: 0.070 
(epoch: 28, iters: 4176, time: 0.488, data: 0.001) G_GAN_ViT: 0.561 D_real_ViT: 0.483 D_fake_ViT: 0.114 global: 0.502 spatial: 0.109 
(epoch: 28, iters: 4276, time: 0.489, data: 0.001) G_GAN_ViT: 0.758 D_real_ViT: 0.052 D_fake_ViT: 0.084 global: 0.445 spatial: 0.101 
(epoch: 28, iters: 4376, time: 0.489, data: 0.001) G_GAN_ViT: 0.502 D_real_ViT: 0.231 D_fake_ViT: 0.122 global: 0.463 spatial: 0.061 
(epoch: 28, iters: 4476, time: 0.489, data: 0.001) G_GAN_ViT: 0.567 D_real_ViT: 0.286 D_fake_ViT: 0.116 global: 0.480 spatial: 0.110 
(epoch: 28, iters: 4576, time: 0.489, data: 0.001) G_GAN_ViT: 0.386 D_real_ViT: 0.184 D_fake_ViT: 0.212 global: 0.527 spatial: 0.088 
(epoch: 28, iters: 4676, time: 0.489, data: 0.001) G_GAN_ViT: 0.385 D_real_ViT: 0.174 D_fake_ViT: 0.197 global: 0.427 spatial: 0.085 
(epoch: 28, iters: 4776, time: 0.489, data: 0.001) G_GAN_ViT: 0.546 D_real_ViT: 0.214 D_fake_ViT: 0.114 global: 0.374 spatial: 0.061 
(epoch: 28, iters: 4876, time: 0.489, data: 0.001) G_GAN_ViT: 0.383 D_real_ViT: 0.121 D_fake_ViT: 0.204 global: 0.489 spatial: 0.097 
(epoch: 28, iters: 4976, time: 0.489, data: 0.001) G_GAN_ViT: 0.516 D_real_ViT: 0.200 D_fake_ViT: 0.132 global: 0.338 spatial: 0.053 
(epoch: 28, iters: 5076, time: 0.489, data: 0.001) G_GAN_ViT: 0.588 D_real_ViT: 0.172 D_fake_ViT: 0.115 global: 0.463 spatial: 0.111 
(epoch: 28, iters: 5176, time: 0.489, data: 0.001) G_GAN_ViT: 0.575 D_real_ViT: 0.491 D_fake_ViT: 0.105 global: 0.387 spatial: 0.073 
(epoch: 28, iters: 5276, time: 0.489, data: 0.001) G_GAN_ViT: 0.581 D_real_ViT: 0.117 D_fake_ViT: 0.104 global: 0.393 spatial: 0.094 
(epoch: 28, iters: 5376, time: 0.489, data: 0.001) G_GAN_ViT: 0.351 D_real_ViT: 0.138 D_fake_ViT: 0.227 global: 0.411 spatial: 0.074 
(epoch: 28, iters: 5476, time: 0.490, data: 0.001) G_GAN_ViT: 0.530 D_real_ViT: 0.163 D_fake_ViT: 0.123 global: 0.375 spatial: 0.082 
(epoch: 28, iters: 5576, time: 0.490, data: 0.001) G_GAN_ViT: 0.477 D_real_ViT: 0.231 D_fake_ViT: 0.129 global: 0.391 spatial: 0.076 
End of epoch 28 / 100 	 Time Taken: 2753 sec
learning rate = 0.0000100
(epoch: 29, iters: 64, time: 0.490, data: 0.001) G_GAN_ViT: 0.255 D_real_ViT: 0.113 D_fake_ViT: 0.326 global: 0.398 spatial: 0.090 
(epoch: 29, iters: 164, time: 0.490, data: 0.001) G_GAN_ViT: 0.519 D_real_ViT: 0.183 D_fake_ViT: 0.143 global: 0.402 spatial: 0.103 
(epoch: 29, iters: 264, time: 0.490, data: 0.001) G_GAN_ViT: 0.540 D_real_ViT: 0.180 D_fake_ViT: 0.109 global: 0.392 spatial: 0.085 
(epoch: 29, iters: 364, time: 0.490, data: 0.001) G_GAN_ViT: 0.650 D_real_ViT: 0.216 D_fake_ViT: 0.089 global: 0.491 spatial: 0.087 
(epoch: 29, iters: 464, time: 0.490, data: 0.001) G_GAN_ViT: 0.725 D_real_ViT: 0.176 D_fake_ViT: 0.082 global: 0.417 spatial: 0.101 
(epoch: 29, iters: 564, time: 0.490, data: 0.001) G_GAN_ViT: 0.580 D_real_ViT: 0.324 D_fake_ViT: 0.094 global: 0.417 spatial: 0.083 
(epoch: 29, iters: 664, time: 0.490, data: 0.002) G_GAN_ViT: 0.362 D_real_ViT: 0.148 D_fake_ViT: 0.234 global: 0.298 spatial: 0.062 
(epoch: 29, iters: 764, time: 0.490, data: 0.001) G_GAN_ViT: 0.328 D_real_ViT: 0.146 D_fake_ViT: 0.268 global: 0.502 spatial: 0.089 
(epoch: 29, iters: 864, time: 0.490, data: 0.001) G_GAN_ViT: 0.415 D_real_ViT: 0.293 D_fake_ViT: 0.188 global: 0.393 spatial: 0.064 
(epoch: 29, iters: 964, time: 0.490, data: 0.002) G_GAN_ViT: 0.543 D_real_ViT: 0.074 D_fake_ViT: 0.108 global: 0.403 spatial: 0.072 
(epoch: 29, iters: 1064, time: 0.490, data: 0.001) G_GAN_ViT: 0.508 D_real_ViT: 0.209 D_fake_ViT: 0.122 global: 0.441 spatial: 0.071 
(epoch: 29, iters: 1164, time: 0.490, data: 0.001) G_GAN_ViT: 0.291 D_real_ViT: 0.181 D_fake_ViT: 0.307 global: 0.432 spatial: 0.073 
(epoch: 29, iters: 1264, time: 0.490, data: 0.001) G_GAN_ViT: 0.423 D_real_ViT: 0.209 D_fake_ViT: 0.190 global: 0.424 spatial: 0.098 
(epoch: 29, iters: 1364, time: 0.490, data: 0.001) G_GAN_ViT: 0.359 D_real_ViT: 0.396 D_fake_ViT: 0.215 global: 0.481 spatial: 0.100 
(epoch: 29, iters: 1464, time: 0.490, data: 0.001) G_GAN_ViT: 0.466 D_real_ViT: 0.154 D_fake_ViT: 0.157 global: 0.521 spatial: 0.105 
(epoch: 29, iters: 1564, time: 0.490, data: 0.001) G_GAN_ViT: 0.293 D_real_ViT: 0.202 D_fake_ViT: 0.287 global: 0.465 spatial: 0.098 
(epoch: 29, iters: 1664, time: 0.490, data: 0.001) G_GAN_ViT: 0.446 D_real_ViT: 0.115 D_fake_ViT: 0.162 global: 0.365 spatial: 0.057 
(epoch: 29, iters: 1764, time: 0.489, data: 0.001) G_GAN_ViT: 0.437 D_real_ViT: 0.227 D_fake_ViT: 0.180 global: 0.468 spatial: 0.090 
(epoch: 29, iters: 1864, time: 0.489, data: 0.001) G_GAN_ViT: 0.495 D_real_ViT: 0.243 D_fake_ViT: 0.138 global: 0.526 spatial: 0.084 
(epoch: 29, iters: 1964, time: 0.489, data: 0.002) G_GAN_ViT: 0.477 D_real_ViT: 0.188 D_fake_ViT: 0.196 global: 0.411 spatial: 0.103 
(epoch: 29, iters: 2064, time: 0.489, data: 0.001) G_GAN_ViT: 0.622 D_real_ViT: 0.115 D_fake_ViT: 0.081 global: 0.365 spatial: 0.062 
(epoch: 29, iters: 2164, time: 0.489, data: 0.001) G_GAN_ViT: 0.362 D_real_ViT: 0.065 D_fake_ViT: 0.238 global: 0.389 spatial: 0.066 
(epoch: 29, iters: 2264, time: 0.489, data: 0.001) G_GAN_ViT: 0.548 D_real_ViT: 0.076 D_fake_ViT: 0.116 global: 0.382 spatial: 0.065 
(epoch: 29, iters: 2364, time: 0.490, data: 0.001) G_GAN_ViT: 0.427 D_real_ViT: 0.046 D_fake_ViT: 0.185 global: 0.431 spatial: 0.081 
(epoch: 29, iters: 2464, time: 0.489, data: 0.001) G_GAN_ViT: 0.467 D_real_ViT: 0.139 D_fake_ViT: 0.160 global: 0.477 spatial: 0.094 
(epoch: 29, iters: 2564, time: 0.490, data: 0.001) G_GAN_ViT: 0.517 D_real_ViT: 0.135 D_fake_ViT: 0.118 global: 0.408 spatial: 0.084 
(epoch: 29, iters: 2664, time: 0.489, data: 0.001) G_GAN_ViT: 0.422 D_real_ViT: 0.068 D_fake_ViT: 0.184 global: 0.362 spatial: 0.064 
(epoch: 29, iters: 2764, time: 0.489, data: 0.001) G_GAN_ViT: 0.374 D_real_ViT: 0.086 D_fake_ViT: 0.213 global: 0.389 spatial: 0.060 
(epoch: 29, iters: 2864, time: 0.490, data: 0.001) G_GAN_ViT: 0.440 D_real_ViT: 0.125 D_fake_ViT: 0.200 global: 0.529 spatial: 0.123 
saving the latest model (epoch 29, total_iters 160000)
ICL_single_monitor
(epoch: 29, iters: 2964, time: 0.489, data: 0.002) G_GAN_ViT: 0.330 D_real_ViT: 0.211 D_fake_ViT: 0.290 global: 0.466 spatial: 0.103 
(epoch: 29, iters: 3064, time: 0.488, data: 0.001) G_GAN_ViT: 0.404 D_real_ViT: 0.164 D_fake_ViT: 0.188 global: 0.434 spatial: 0.066 
(epoch: 29, iters: 3164, time: 0.489, data: 0.001) G_GAN_ViT: 0.548 D_real_ViT: 0.121 D_fake_ViT: 0.107 global: 0.495 spatial: 0.086 
(epoch: 29, iters: 3264, time: 0.489, data: 0.001) G_GAN_ViT: 0.546 D_real_ViT: 0.165 D_fake_ViT: 0.120 global: 0.389 spatial: 0.097 
(epoch: 29, iters: 3364, time: 0.489, data: 0.001) G_GAN_ViT: 0.425 D_real_ViT: 0.133 D_fake_ViT: 0.174 global: 0.449 spatial: 0.095 
(epoch: 29, iters: 3464, time: 0.487, data: 0.001) G_GAN_ViT: 0.738 D_real_ViT: 0.155 D_fake_ViT: 0.083 global: 0.552 spatial: 0.088 
(epoch: 29, iters: 3564, time: 0.488, data: 0.001) G_GAN_ViT: 0.298 D_real_ViT: 0.156 D_fake_ViT: 0.278 global: 0.463 spatial: 0.098 
(epoch: 29, iters: 3664, time: 0.489, data: 0.001) G_GAN_ViT: 0.537 D_real_ViT: 0.190 D_fake_ViT: 0.116 global: 0.424 spatial: 0.095 
(epoch: 29, iters: 3764, time: 0.489, data: 0.001) G_GAN_ViT: 0.319 D_real_ViT: 0.134 D_fake_ViT: 0.258 global: 0.415 spatial: 0.068 
(epoch: 29, iters: 3864, time: 0.489, data: 0.001) G_GAN_ViT: 0.351 D_real_ViT: 0.173 D_fake_ViT: 0.241 global: 0.394 spatial: 0.075 
(epoch: 29, iters: 3964, time: 0.488, data: 0.001) G_GAN_ViT: 0.323 D_real_ViT: 0.206 D_fake_ViT: 0.272 global: 0.553 spatial: 0.119 
(epoch: 29, iters: 4064, time: 0.488, data: 0.001) G_GAN_ViT: 0.428 D_real_ViT: 0.272 D_fake_ViT: 0.184 global: 0.556 spatial: 0.079 
(epoch: 29, iters: 4164, time: 0.488, data: 0.001) G_GAN_ViT: 0.568 D_real_ViT: 0.045 D_fake_ViT: 0.116 global: 0.404 spatial: 0.087 
(epoch: 29, iters: 4264, time: 0.488, data: 0.001) G_GAN_ViT: 0.286 D_real_ViT: 0.226 D_fake_ViT: 0.306 global: 0.440 spatial: 0.089 
(epoch: 29, iters: 4364, time: 0.488, data: 0.001) G_GAN_ViT: 0.555 D_real_ViT: 0.152 D_fake_ViT: 0.100 global: 0.416 spatial: 0.085 
(epoch: 29, iters: 4464, time: 0.488, data: 0.001) G_GAN_ViT: 0.432 D_real_ViT: 0.059 D_fake_ViT: 0.181 global: 0.446 spatial: 0.095 
(epoch: 29, iters: 4564, time: 0.488, data: 0.001) G_GAN_ViT: 0.676 D_real_ViT: 0.179 D_fake_ViT: 0.108 global: 0.415 spatial: 0.098 
(epoch: 29, iters: 4664, time: 0.489, data: 0.001) G_GAN_ViT: 0.564 D_real_ViT: 0.063 D_fake_ViT: 0.118 global: 0.510 spatial: 0.070 
(epoch: 29, iters: 4764, time: 0.489, data: 0.001) G_GAN_ViT: 0.414 D_real_ViT: 0.283 D_fake_ViT: 0.189 global: 0.477 spatial: 0.086 
(epoch: 29, iters: 4864, time: 0.489, data: 0.001) G_GAN_ViT: 0.553 D_real_ViT: 0.057 D_fake_ViT: 0.103 global: 0.385 spatial: 0.061 
(epoch: 29, iters: 4964, time: 0.489, data: 0.002) G_GAN_ViT: 0.336 D_real_ViT: 0.090 D_fake_ViT: 0.251 global: 0.407 spatial: 0.063 
(epoch: 29, iters: 5064, time: 0.489, data: 0.001) G_GAN_ViT: 0.363 D_real_ViT: 0.140 D_fake_ViT: 0.218 global: 0.504 spatial: 0.112 
(epoch: 29, iters: 5164, time: 0.489, data: 0.001) G_GAN_ViT: 0.463 D_real_ViT: 0.142 D_fake_ViT: 0.176 global: 0.455 spatial: 0.112 
(epoch: 29, iters: 5264, time: 0.489, data: 0.001) G_GAN_ViT: 0.580 D_real_ViT: 0.133 D_fake_ViT: 0.120 global: 0.529 spatial: 0.097 
(epoch: 29, iters: 5364, time: 0.489, data: 0.001) G_GAN_ViT: 0.608 D_real_ViT: 0.148 D_fake_ViT: 0.113 global: 0.486 spatial: 0.113 
(epoch: 29, iters: 5464, time: 0.488, data: 0.001) G_GAN_ViT: 0.563 D_real_ViT: 0.150 D_fake_ViT: 0.104 global: 0.420 spatial: 0.076 
(epoch: 29, iters: 5564, time: 0.489, data: 0.001) G_GAN_ViT: 0.436 D_real_ViT: 0.102 D_fake_ViT: 0.178 global: 0.493 spatial: 0.100 
End of epoch 29 / 100 	 Time Taken: 2753 sec
learning rate = 0.0000100
(epoch: 30, iters: 52, time: 0.489, data: 0.001) G_GAN_ViT: 0.597 D_real_ViT: 0.103 D_fake_ViT: 0.116 global: 0.532 spatial: 0.132 
(epoch: 30, iters: 152, time: 0.489, data: 0.001) G_GAN_ViT: 0.509 D_real_ViT: 0.121 D_fake_ViT: 0.121 global: 0.396 spatial: 0.085 
(epoch: 30, iters: 252, time: 0.489, data: 0.002) G_GAN_ViT: 0.372 D_real_ViT: 0.157 D_fake_ViT: 0.232 global: 0.498 spatial: 0.109 
(epoch: 30, iters: 352, time: 0.489, data: 0.001) G_GAN_ViT: 0.513 D_real_ViT: 0.157 D_fake_ViT: 0.152 global: 0.425 spatial: 0.115 
(epoch: 30, iters: 452, time: 0.489, data: 0.001) G_GAN_ViT: 0.516 D_real_ViT: 0.114 D_fake_ViT: 0.137 global: 0.498 spatial: 0.097 
(epoch: 30, iters: 552, time: 0.488, data: 0.001) G_GAN_ViT: 0.570 D_real_ViT: 0.079 D_fake_ViT: 0.121 global: 0.555 spatial: 0.090 
(epoch: 30, iters: 652, time: 0.488, data: 0.001) G_GAN_ViT: 0.455 D_real_ViT: 0.298 D_fake_ViT: 0.180 global: 0.408 spatial: 0.098 
(epoch: 30, iters: 752, time: 0.488, data: 0.001) G_GAN_ViT: 0.512 D_real_ViT: 0.168 D_fake_ViT: 0.144 global: 0.402 spatial: 0.092 
(epoch: 30, iters: 852, time: 0.488, data: 0.001) G_GAN_ViT: 0.497 D_real_ViT: 0.240 D_fake_ViT: 0.143 global: 0.504 spatial: 0.109 
(epoch: 30, iters: 952, time: 0.488, data: 0.001) G_GAN_ViT: 0.581 D_real_ViT: 0.240 D_fake_ViT: 0.092 global: 0.340 spatial: 0.057 
(epoch: 30, iters: 1052, time: 0.488, data: 0.001) G_GAN_ViT: 0.546 D_real_ViT: 0.159 D_fake_ViT: 0.106 global: 0.394 spatial: 0.057 
(epoch: 30, iters: 1152, time: 0.488, data: 0.001) G_GAN_ViT: 0.406 D_real_ViT: 0.261 D_fake_ViT: 0.200 global: 0.482 spatial: 0.117 
(epoch: 30, iters: 1252, time: 0.487, data: 0.001) G_GAN_ViT: 0.604 D_real_ViT: 0.197 D_fake_ViT: 0.087 global: 0.336 spatial: 0.052 
(epoch: 30, iters: 1352, time: 0.488, data: 0.001) G_GAN_ViT: 0.386 D_real_ViT: 0.231 D_fake_ViT: 0.202 global: 0.326 spatial: 0.064 
(epoch: 30, iters: 1452, time: 0.489, data: 0.001) G_GAN_ViT: 0.569 D_real_ViT: 0.154 D_fake_ViT: 0.112 global: 0.515 spatial: 0.079 
(epoch: 30, iters: 1552, time: 0.488, data: 0.001) G_GAN_ViT: 0.545 D_real_ViT: 0.055 D_fake_ViT: 0.121 global: 0.445 spatial: 0.102 
(epoch: 30, iters: 1652, time: 0.488, data: 0.002) G_GAN_ViT: 0.383 D_real_ViT: 0.217 D_fake_ViT: 0.238 global: 0.558 spatial: 0.090 
(epoch: 30, iters: 1752, time: 0.488, data: 0.001) G_GAN_ViT: 0.395 D_real_ViT: 0.138 D_fake_ViT: 0.224 global: 0.490 spatial: 0.118 
(epoch: 30, iters: 1852, time: 0.488, data: 0.001) G_GAN_ViT: 0.387 D_real_ViT: 0.183 D_fake_ViT: 0.201 global: 0.464 spatial: 0.094 
(epoch: 30, iters: 1952, time: 0.488, data: 0.001) G_GAN_ViT: 0.300 D_real_ViT: 0.217 D_fake_ViT: 0.306 global: 0.508 spatial: 0.118 
(epoch: 30, iters: 2052, time: 0.489, data: 0.001) G_GAN_ViT: 0.410 D_real_ViT: 0.131 D_fake_ViT: 0.189 global: 0.487 spatial: 0.101 
(epoch: 30, iters: 2152, time: 0.489, data: 0.001) G_GAN_ViT: 0.495 D_real_ViT: 0.077 D_fake_ViT: 0.152 global: 0.442 spatial: 0.078 
(epoch: 30, iters: 2252, time: 0.489, data: 0.001) G_GAN_ViT: 0.577 D_real_ViT: 0.361 D_fake_ViT: 0.091 global: 0.468 spatial: 0.065 
saving the latest model (epoch 30, total_iters 165000)
ICL_single_monitor
(epoch: 30, iters: 2352, time: 0.489, data: 0.001) G_GAN_ViT: 0.505 D_real_ViT: 0.097 D_fake_ViT: 0.137 global: 0.388 spatial: 0.072 
(epoch: 30, iters: 2452, time: 0.488, data: 0.001) G_GAN_ViT: 0.428 D_real_ViT: 0.222 D_fake_ViT: 0.181 global: 0.464 spatial: 0.087 
(epoch: 30, iters: 2552, time: 0.488, data: 0.001) G_GAN_ViT: 0.599 D_real_ViT: 0.204 D_fake_ViT: 0.104 global: 0.405 spatial: 0.068 
(epoch: 30, iters: 2652, time: 0.488, data: 0.001) G_GAN_ViT: 0.458 D_real_ViT: 0.275 D_fake_ViT: 0.180 global: 0.467 spatial: 0.110 
(epoch: 30, iters: 2752, time: 0.487, data: 0.001) G_GAN_ViT: 0.529 D_real_ViT: 0.132 D_fake_ViT: 0.133 global: 0.498 spatial: 0.103 
(epoch: 30, iters: 2852, time: 0.487, data: 0.001) G_GAN_ViT: 0.518 D_real_ViT: 0.202 D_fake_ViT: 0.163 global: 0.500 spatial: 0.128 
(epoch: 30, iters: 2952, time: 0.487, data: 0.001) G_GAN_ViT: 0.449 D_real_ViT: 0.411 D_fake_ViT: 0.147 global: 0.441 spatial: 0.090 
(epoch: 30, iters: 3052, time: 0.487, data: 0.002) G_GAN_ViT: 0.395 D_real_ViT: 0.133 D_fake_ViT: 0.196 global: 0.503 spatial: 0.108 
(epoch: 30, iters: 3152, time: 0.487, data: 0.001) G_GAN_ViT: 0.584 D_real_ViT: 0.237 D_fake_ViT: 0.092 global: 0.375 spatial: 0.084 
(epoch: 30, iters: 3252, time: 0.487, data: 0.001) G_GAN_ViT: 0.396 D_real_ViT: 0.221 D_fake_ViT: 0.184 global: 0.361 spatial: 0.093 
(epoch: 30, iters: 3352, time: 0.488, data: 0.001) G_GAN_ViT: 0.457 D_real_ViT: 0.166 D_fake_ViT: 0.181 global: 0.539 spatial: 0.114 
(epoch: 30, iters: 3452, time: 0.487, data: 0.002) G_GAN_ViT: 0.548 D_real_ViT: 0.157 D_fake_ViT: 0.099 global: 0.338 spatial: 0.070 
(epoch: 30, iters: 3552, time: 0.486, data: 0.001) G_GAN_ViT: 0.486 D_real_ViT: 0.160 D_fake_ViT: 0.140 global: 0.467 spatial: 0.077 
(epoch: 30, iters: 3652, time: 0.487, data: 0.001) G_GAN_ViT: 0.465 D_real_ViT: 0.193 D_fake_ViT: 0.151 global: 0.425 spatial: 0.068 
(epoch: 30, iters: 3752, time: 0.487, data: 0.001) G_GAN_ViT: 0.410 D_real_ViT: 0.210 D_fake_ViT: 0.203 global: 0.483 spatial: 0.061 
(epoch: 30, iters: 3852, time: 0.487, data: 0.001) G_GAN_ViT: 0.482 D_real_ViT: 0.120 D_fake_ViT: 0.159 global: 0.523 spatial: 0.100 
(epoch: 30, iters: 3952, time: 0.487, data: 0.001) G_GAN_ViT: 0.458 D_real_ViT: 0.044 D_fake_ViT: 0.198 global: 0.496 spatial: 0.112 
(epoch: 30, iters: 4052, time: 0.487, data: 0.001) G_GAN_ViT: 0.531 D_real_ViT: 0.286 D_fake_ViT: 0.118 global: 0.327 spatial: 0.089 
(epoch: 30, iters: 4152, time: 0.487, data: 0.001) G_GAN_ViT: 0.458 D_real_ViT: 0.652 D_fake_ViT: 0.167 global: 0.458 spatial: 0.102 
(epoch: 30, iters: 4252, time: 0.487, data: 0.001) G_GAN_ViT: 0.371 D_real_ViT: 0.115 D_fake_ViT: 0.224 global: 0.476 spatial: 0.095 
(epoch: 30, iters: 4352, time: 0.488, data: 0.001) G_GAN_ViT: 0.499 D_real_ViT: 0.095 D_fake_ViT: 0.200 global: 0.425 spatial: 0.087 
(epoch: 30, iters: 4452, time: 0.488, data: 0.001) G_GAN_ViT: 0.514 D_real_ViT: 0.128 D_fake_ViT: 0.143 global: 0.429 spatial: 0.096 
(epoch: 30, iters: 4552, time: 0.488, data: 0.001) G_GAN_ViT: 0.357 D_real_ViT: 0.118 D_fake_ViT: 0.251 global: 0.548 spatial: 0.112 
(epoch: 30, iters: 4652, time: 0.487, data: 0.001) G_GAN_ViT: 0.474 D_real_ViT: 0.115 D_fake_ViT: 0.153 global: 0.551 spatial: 0.101 
(epoch: 30, iters: 4752, time: 0.487, data: 0.001) G_GAN_ViT: 0.524 D_real_ViT: 0.106 D_fake_ViT: 0.149 global: 0.472 spatial: 0.119 
(epoch: 30, iters: 4852, time: 0.487, data: 0.001) G_GAN_ViT: 0.463 D_real_ViT: 0.134 D_fake_ViT: 0.159 global: 0.513 spatial: 0.114 
(epoch: 30, iters: 4952, time: 0.487, data: 0.001) G_GAN_ViT: 0.446 D_real_ViT: 0.085 D_fake_ViT: 0.190 global: 0.476 spatial: 0.128 
(epoch: 30, iters: 5052, time: 0.487, data: 0.001) G_GAN_ViT: 0.343 D_real_ViT: 0.147 D_fake_ViT: 0.259 global: 0.491 spatial: 0.091 
(epoch: 30, iters: 5152, time: 0.487, data: 0.001) G_GAN_ViT: 0.402 D_real_ViT: 0.116 D_fake_ViT: 0.195 global: 0.450 spatial: 0.070 
(epoch: 30, iters: 5252, time: 0.487, data: 0.004) G_GAN_ViT: 0.751 D_real_ViT: 0.126 D_fake_ViT: 0.046 global: 0.331 spatial: 0.056 
(epoch: 30, iters: 5352, time: 0.487, data: 0.001) G_GAN_ViT: 0.517 D_real_ViT: 0.267 D_fake_ViT: 0.124 global: 0.420 spatial: 0.080 
(epoch: 30, iters: 5452, time: 0.488, data: 0.001) G_GAN_ViT: 0.561 D_real_ViT: 0.780 D_fake_ViT: 0.121 global: 0.494 spatial: 0.099 
(epoch: 30, iters: 5552, time: 0.488, data: 0.001) G_GAN_ViT: 0.439 D_real_ViT: 0.260 D_fake_ViT: 0.173 global: 0.443 spatial: 0.103 
saving the model at the end of epoch 30, iters 168360
End of epoch 30 / 100 	 Time Taken: 2747 sec
learning rate = 0.0000100
(epoch: 31, iters: 40, time: 0.489, data: 0.001) G_GAN_ViT: 0.408 D_real_ViT: 0.130 D_fake_ViT: 0.229 global: 0.530 spatial: 0.112 
(epoch: 31, iters: 140, time: 0.489, data: 0.001) G_GAN_ViT: 0.714 D_real_ViT: 0.153 D_fake_ViT: 0.062 global: 0.335 spatial: 0.066 
(epoch: 31, iters: 240, time: 0.489, data: 0.001) G_GAN_ViT: 0.387 D_real_ViT: 0.169 D_fake_ViT: 0.225 global: 0.491 spatial: 0.099 
(epoch: 31, iters: 340, time: 0.489, data: 0.002) G_GAN_ViT: 0.598 D_real_ViT: 0.072 D_fake_ViT: 0.084 global: 0.389 spatial: 0.060 
(epoch: 31, iters: 440, time: 0.488, data: 0.002) G_GAN_ViT: 0.341 D_real_ViT: 0.162 D_fake_ViT: 0.271 global: 0.474 spatial: 0.106 
(epoch: 31, iters: 540, time: 0.489, data: 0.001) G_GAN_ViT: 0.494 D_real_ViT: 0.164 D_fake_ViT: 0.149 global: 0.491 spatial: 0.115 
(epoch: 31, iters: 640, time: 0.489, data: 0.001) G_GAN_ViT: 0.643 D_real_ViT: 0.200 D_fake_ViT: 0.084 global: 0.408 spatial: 0.084 
(epoch: 31, iters: 740, time: 0.489, data: 0.002) G_GAN_ViT: 0.342 D_real_ViT: 0.176 D_fake_ViT: 0.255 global: 0.555 spatial: 0.113 
(epoch: 31, iters: 840, time: 0.490, data: 0.001) G_GAN_ViT: 0.537 D_real_ViT: 0.126 D_fake_ViT: 0.152 global: 0.473 spatial: 0.113 
(epoch: 31, iters: 940, time: 0.489, data: 0.001) G_GAN_ViT: 0.592 D_real_ViT: 0.079 D_fake_ViT: 0.116 global: 0.507 spatial: 0.096 
(epoch: 31, iters: 1040, time: 0.490, data: 0.002) G_GAN_ViT: 0.554 D_real_ViT: 0.248 D_fake_ViT: 0.120 global: 0.482 spatial: 0.092 
(epoch: 31, iters: 1140, time: 0.490, data: 0.002) G_GAN_ViT: 0.641 D_real_ViT: 0.386 D_fake_ViT: 0.090 global: 0.449 spatial: 0.106 
(epoch: 31, iters: 1240, time: 0.489, data: 0.002) G_GAN_ViT: 0.492 D_real_ViT: 0.195 D_fake_ViT: 0.145 global: 0.481 spatial: 0.110 
(epoch: 31, iters: 1340, time: 0.490, data: 0.002) G_GAN_ViT: 0.385 D_real_ViT: 0.069 D_fake_ViT: 0.226 global: 0.485 spatial: 0.106 
(epoch: 31, iters: 1440, time: 0.490, data: 0.002) G_GAN_ViT: 0.452 D_real_ViT: 0.382 D_fake_ViT: 0.151 global: 0.479 spatial: 0.096 
(epoch: 31, iters: 1540, time: 0.490, data: 0.002) G_GAN_ViT: 0.572 D_real_ViT: 0.249 D_fake_ViT: 0.135 global: 0.515 spatial: 0.119 
(epoch: 31, iters: 1640, time: 0.490, data: 0.001) G_GAN_ViT: 0.438 D_real_ViT: 0.139 D_fake_ViT: 0.169 global: 0.483 spatial: 0.104 
saving the latest model (epoch 31, total_iters 170000)
ICL_single_monitor
(epoch: 31, iters: 1740, time: 0.490, data: 0.002) G_GAN_ViT: 0.622 D_real_ViT: 0.213 D_fake_ViT: 0.094 global: 0.511 spatial: 0.081 
(epoch: 31, iters: 1840, time: 0.490, data: 0.002) G_GAN_ViT: 0.474 D_real_ViT: 0.382 D_fake_ViT: 0.147 global: 0.436 spatial: 0.100 
(epoch: 31, iters: 1940, time: 0.490, data: 0.001) G_GAN_ViT: 0.292 D_real_ViT: 0.154 D_fake_ViT: 0.282 global: 0.432 spatial: 0.101 
(epoch: 31, iters: 2040, time: 0.490, data: 0.001) G_GAN_ViT: 0.404 D_real_ViT: 0.229 D_fake_ViT: 0.201 global: 0.506 spatial: 0.106 
(epoch: 31, iters: 2140, time: 0.490, data: 0.001) G_GAN_ViT: 0.374 D_real_ViT: 0.103 D_fake_ViT: 0.230 global: 0.558 spatial: 0.114 
(epoch: 31, iters: 2240, time: 0.490, data: 0.001) G_GAN_ViT: 0.571 D_real_ViT: 0.177 D_fake_ViT: 0.150 global: 0.489 spatial: 0.116 
(epoch: 31, iters: 2340, time: 0.490, data: 0.002) G_GAN_ViT: 0.478 D_real_ViT: 0.087 D_fake_ViT: 0.163 global: 0.483 spatial: 0.116 
(epoch: 31, iters: 2440, time: 0.490, data: 0.001) G_GAN_ViT: 0.573 D_real_ViT: 0.078 D_fake_ViT: 0.097 global: 0.376 spatial: 0.061 
(epoch: 31, iters: 2540, time: 0.490, data: 0.001) G_GAN_ViT: 0.580 D_real_ViT: 0.078 D_fake_ViT: 0.093 global: 0.370 spatial: 0.056 
(epoch: 31, iters: 2640, time: 0.490, data: 0.001) G_GAN_ViT: 0.590 D_real_ViT: 0.130 D_fake_ViT: 0.101 global: 0.375 spatial: 0.061 
(epoch: 31, iters: 2740, time: 0.490, data: 0.001) G_GAN_ViT: 0.557 D_real_ViT: 0.111 D_fake_ViT: 0.130 global: 0.460 spatial: 0.107 
(epoch: 31, iters: 2840, time: 0.490, data: 0.001) G_GAN_ViT: 0.343 D_real_ViT: 0.073 D_fake_ViT: 0.244 global: 0.464 spatial: 0.104 
(epoch: 31, iters: 2940, time: 0.490, data: 0.001) G_GAN_ViT: 0.687 D_real_ViT: 0.150 D_fake_ViT: 0.061 global: 0.349 spatial: 0.054 
(epoch: 31, iters: 3040, time: 0.489, data: 0.002) G_GAN_ViT: 0.576 D_real_ViT: 0.385 D_fake_ViT: 0.122 global: 0.415 spatial: 0.103 
(epoch: 31, iters: 3140, time: 0.489, data: 0.001) G_GAN_ViT: 0.572 D_real_ViT: 0.203 D_fake_ViT: 0.104 global: 0.436 spatial: 0.081 
(epoch: 31, iters: 3240, time: 0.489, data: 0.001) G_GAN_ViT: 0.657 D_real_ViT: 0.201 D_fake_ViT: 0.083 global: 0.505 spatial: 0.091 
(epoch: 31, iters: 3340, time: 0.489, data: 0.001) G_GAN_ViT: 0.623 D_real_ViT: 0.260 D_fake_ViT: 0.111 global: 0.411 spatial: 0.104 
(epoch: 31, iters: 3440, time: 0.489, data: 0.001) G_GAN_ViT: 0.480 D_real_ViT: 0.101 D_fake_ViT: 0.145 global: 0.564 spatial: 0.075 
(epoch: 31, iters: 3540, time: 0.489, data: 0.001) G_GAN_ViT: 0.332 D_real_ViT: 0.100 D_fake_ViT: 0.278 global: 0.453 spatial: 0.102 
(epoch: 31, iters: 3640, time: 0.489, data: 0.001) G_GAN_ViT: 0.427 D_real_ViT: 0.060 D_fake_ViT: 0.180 global: 0.479 spatial: 0.082 
(epoch: 31, iters: 3740, time: 0.490, data: 0.001) G_GAN_ViT: 0.542 D_real_ViT: 0.170 D_fake_ViT: 0.123 global: 0.444 spatial: 0.090 
(epoch: 31, iters: 3840, time: 0.490, data: 0.001) G_GAN_ViT: 0.518 D_real_ViT: 0.219 D_fake_ViT: 0.131 global: 0.548 spatial: 0.081 
(epoch: 31, iters: 3940, time: 0.489, data: 0.001) G_GAN_ViT: 0.561 D_real_ViT: 0.203 D_fake_ViT: 0.119 global: 0.490 spatial: 0.086 
(epoch: 31, iters: 4040, time: 0.489, data: 0.001) G_GAN_ViT: 0.435 D_real_ViT: 0.039 D_fake_ViT: 0.177 global: 0.517 spatial: 0.090 
(epoch: 31, iters: 4140, time: 0.489, data: 0.001) G_GAN_ViT: 0.425 D_real_ViT: 0.196 D_fake_ViT: 0.176 global: 0.397 spatial: 0.065 
(epoch: 31, iters: 4240, time: 0.489, data: 0.001) G_GAN_ViT: 0.516 D_real_ViT: 0.202 D_fake_ViT: 0.148 global: 0.483 spatial: 0.112 
(epoch: 31, iters: 4340, time: 0.489, data: 0.002) G_GAN_ViT: 0.264 D_real_ViT: 0.075 D_fake_ViT: 0.332 global: 0.487 spatial: 0.089 
(epoch: 31, iters: 4440, time: 0.489, data: 0.001) G_GAN_ViT: 0.508 D_real_ViT: 0.209 D_fake_ViT: 0.126 global: 0.353 spatial: 0.052 
(epoch: 31, iters: 4540, time: 0.489, data: 0.002) G_GAN_ViT: 0.296 D_real_ViT: 0.286 D_fake_ViT: 0.274 global: 0.446 spatial: 0.100 
(epoch: 31, iters: 4640, time: 0.489, data: 0.001) G_GAN_ViT: 0.537 D_real_ViT: 0.413 D_fake_ViT: 0.133 global: 0.463 spatial: 0.097 
(epoch: 31, iters: 4740, time: 0.489, data: 0.001) G_GAN_ViT: 0.736 D_real_ViT: 0.107 D_fake_ViT: 0.096 global: 0.378 spatial: 0.096 
(epoch: 31, iters: 4840, time: 0.488, data: 0.001) G_GAN_ViT: 0.418 D_real_ViT: 0.134 D_fake_ViT: 0.172 global: 0.456 spatial: 0.093 
(epoch: 31, iters: 4940, time: 0.488, data: 0.001) G_GAN_ViT: 0.408 D_real_ViT: 0.173 D_fake_ViT: 0.207 global: 0.456 spatial: 0.108 
(epoch: 31, iters: 5040, time: 0.488, data: 0.001) G_GAN_ViT: 0.250 D_real_ViT: 0.170 D_fake_ViT: 0.331 global: 0.469 spatial: 0.103 
(epoch: 31, iters: 5140, time: 0.488, data: 0.001) G_GAN_ViT: 0.349 D_real_ViT: 0.107 D_fake_ViT: 0.268 global: 0.535 spatial: 0.111 
(epoch: 31, iters: 5240, time: 0.488, data: 0.001) G_GAN_ViT: 0.563 D_real_ViT: 0.112 D_fake_ViT: 0.134 global: 0.530 spatial: 0.105 
(epoch: 31, iters: 5340, time: 0.488, data: 0.001) G_GAN_ViT: 0.601 D_real_ViT: 0.165 D_fake_ViT: 0.087 global: 0.357 spatial: 0.069 
(epoch: 31, iters: 5440, time: 0.488, data: 0.001) G_GAN_ViT: 0.555 D_real_ViT: 0.365 D_fake_ViT: 0.106 global: 0.363 spatial: 0.063 
(epoch: 31, iters: 5540, time: 0.487, data: 0.001) G_GAN_ViT: 0.468 D_real_ViT: 0.108 D_fake_ViT: 0.139 global: 0.337 spatial: 0.061 
End of epoch 31 / 100 	 Time Taken: 2754 sec
learning rate = 0.0000100
(epoch: 32, iters: 28, time: 0.487, data: 0.002) G_GAN_ViT: 0.512 D_real_ViT: 0.162 D_fake_ViT: 0.138 global: 0.515 spatial: 0.128 
(epoch: 32, iters: 128, time: 0.487, data: 0.001) G_GAN_ViT: 0.350 D_real_ViT: 0.226 D_fake_ViT: 0.241 global: 0.471 spatial: 0.100 
(epoch: 32, iters: 228, time: 0.487, data: 0.001) G_GAN_ViT: 0.336 D_real_ViT: 0.184 D_fake_ViT: 0.294 global: 0.587 spatial: 0.098 
(epoch: 32, iters: 328, time: 0.487, data: 0.001) G_GAN_ViT: 0.540 D_real_ViT: 0.185 D_fake_ViT: 0.118 global: 0.377 spatial: 0.099 
(epoch: 32, iters: 428, time: 0.487, data: 0.001) G_GAN_ViT: 0.547 D_real_ViT: 0.151 D_fake_ViT: 0.123 global: 0.477 spatial: 0.076 
(epoch: 32, iters: 528, time: 0.487, data: 0.001) G_GAN_ViT: 0.427 D_real_ViT: 0.152 D_fake_ViT: 0.192 global: 0.415 spatial: 0.096 
(epoch: 32, iters: 628, time: 0.487, data: 0.001) G_GAN_ViT: 0.462 D_real_ViT: 0.288 D_fake_ViT: 0.158 global: 0.491 spatial: 0.098 
(epoch: 32, iters: 728, time: 0.487, data: 0.001) G_GAN_ViT: 0.509 D_real_ViT: 0.238 D_fake_ViT: 0.147 global: 0.506 spatial: 0.089 
(epoch: 32, iters: 828, time: 0.487, data: 0.001) G_GAN_ViT: 0.639 D_real_ViT: 0.194 D_fake_ViT: 0.087 global: 0.518 spatial: 0.090 
(epoch: 32, iters: 928, time: 0.487, data: 0.001) G_GAN_ViT: 0.448 D_real_ViT: 0.152 D_fake_ViT: 0.165 global: 0.407 spatial: 0.070 
(epoch: 32, iters: 1028, time: 0.487, data: 0.001) G_GAN_ViT: 0.437 D_real_ViT: 0.159 D_fake_ViT: 0.174 global: 0.451 spatial: 0.103 
saving the latest model (epoch 32, total_iters 175000)
ICL_single_monitor
(epoch: 32, iters: 1128, time: 0.487, data: 0.002) G_GAN_ViT: 0.332 D_real_ViT: 0.336 D_fake_ViT: 0.254 global: 0.520 spatial: 0.098 
(epoch: 32, iters: 1228, time: 0.486, data: 0.001) G_GAN_ViT: 0.653 D_real_ViT: 0.219 D_fake_ViT: 0.101 global: 0.374 spatial: 0.088 
(epoch: 32, iters: 1328, time: 0.487, data: 0.001) G_GAN_ViT: 0.721 D_real_ViT: 0.518 D_fake_ViT: 0.084 global: 0.444 spatial: 0.114 
(epoch: 32, iters: 1428, time: 0.486, data: 0.001) G_GAN_ViT: 0.482 D_real_ViT: 0.163 D_fake_ViT: 0.144 global: 0.424 spatial: 0.054 
(epoch: 32, iters: 1528, time: 0.487, data: 0.002) G_GAN_ViT: 0.500 D_real_ViT: 0.155 D_fake_ViT: 0.144 global: 0.442 spatial: 0.099 
(epoch: 32, iters: 1628, time: 0.487, data: 0.001) G_GAN_ViT: 0.396 D_real_ViT: 0.093 D_fake_ViT: 0.202 global: 0.373 spatial: 0.057 
(epoch: 32, iters: 1728, time: 0.487, data: 0.001) G_GAN_ViT: 0.412 D_real_ViT: 0.348 D_fake_ViT: 0.217 global: 0.520 spatial: 0.116 
(epoch: 32, iters: 1828, time: 0.487, data: 0.001) G_GAN_ViT: 0.268 D_real_ViT: 0.278 D_fake_ViT: 0.340 global: 0.455 spatial: 0.082 
(epoch: 32, iters: 1928, time: 0.487, data: 0.001) G_GAN_ViT: 0.447 D_real_ViT: 0.090 D_fake_ViT: 0.158 global: 0.478 spatial: 0.082 
(epoch: 32, iters: 2028, time: 0.487, data: 0.001) G_GAN_ViT: 0.596 D_real_ViT: 0.183 D_fake_ViT: 0.109 global: 0.474 spatial: 0.112 
(epoch: 32, iters: 2128, time: 0.487, data: 0.001) G_GAN_ViT: 0.440 D_real_ViT: 0.122 D_fake_ViT: 0.167 global: 0.468 spatial: 0.089 
(epoch: 32, iters: 2228, time: 0.487, data: 0.001) G_GAN_ViT: 0.398 D_real_ViT: 0.173 D_fake_ViT: 0.192 global: 0.459 spatial: 0.067 
(epoch: 32, iters: 2328, time: 0.487, data: 0.001) G_GAN_ViT: 0.651 D_real_ViT: 0.125 D_fake_ViT: 0.078 global: 0.475 spatial: 0.083 
(epoch: 32, iters: 2428, time: 0.487, data: 0.001) G_GAN_ViT: 0.374 D_real_ViT: 0.198 D_fake_ViT: 0.221 global: 0.507 spatial: 0.095 
(epoch: 32, iters: 2528, time: 0.487, data: 0.001) G_GAN_ViT: 0.485 D_real_ViT: 0.048 D_fake_ViT: 0.165 global: 0.529 spatial: 0.108 
(epoch: 32, iters: 2628, time: 0.487, data: 0.001) G_GAN_ViT: 0.387 D_real_ViT: 0.075 D_fake_ViT: 0.206 global: 0.450 spatial: 0.103 
(epoch: 32, iters: 2728, time: 0.487, data: 0.001) G_GAN_ViT: 0.373 D_real_ViT: 0.168 D_fake_ViT: 0.232 global: 0.483 spatial: 0.113 
(epoch: 32, iters: 2828, time: 0.487, data: 0.001) G_GAN_ViT: 0.336 D_real_ViT: 0.101 D_fake_ViT: 0.250 global: 0.488 spatial: 0.098 
(epoch: 32, iters: 2928, time: 0.487, data: 0.001) G_GAN_ViT: 0.450 D_real_ViT: 0.108 D_fake_ViT: 0.152 global: 0.361 spatial: 0.075 
(epoch: 32, iters: 3028, time: 0.487, data: 0.001) G_GAN_ViT: 0.557 D_real_ViT: 0.142 D_fake_ViT: 0.123 global: 0.520 spatial: 0.088 
(epoch: 32, iters: 3128, time: 0.487, data: 0.001) G_GAN_ViT: 0.324 D_real_ViT: 0.074 D_fake_ViT: 0.261 global: 0.382 spatial: 0.064 
(epoch: 32, iters: 3228, time: 0.487, data: 0.001) G_GAN_ViT: 0.390 D_real_ViT: 0.121 D_fake_ViT: 0.194 global: 0.289 spatial: 0.044 
(epoch: 32, iters: 3328, time: 0.487, data: 0.001) G_GAN_ViT: 0.667 D_real_ViT: 0.044 D_fake_ViT: 0.080 global: 0.425 spatial: 0.064 
(epoch: 32, iters: 3428, time: 0.487, data: 0.001) G_GAN_ViT: 0.440 D_real_ViT: 0.226 D_fake_ViT: 0.165 global: 0.506 spatial: 0.110 
(epoch: 32, iters: 3528, time: 0.487, data: 0.001) G_GAN_ViT: 0.524 D_real_ViT: 0.096 D_fake_ViT: 0.125 global: 0.412 spatial: 0.070 
(epoch: 32, iters: 3628, time: 0.487, data: 0.001) G_GAN_ViT: 0.421 D_real_ViT: 0.213 D_fake_ViT: 0.174 global: 0.486 spatial: 0.063 
(epoch: 32, iters: 3728, time: 0.487, data: 0.001) G_GAN_ViT: 0.552 D_real_ViT: 0.276 D_fake_ViT: 0.100 global: 0.374 spatial: 0.080 
(epoch: 32, iters: 3828, time: 0.487, data: 0.001) G_GAN_ViT: 0.551 D_real_ViT: 0.161 D_fake_ViT: 0.124 global: 0.365 spatial: 0.060 
(epoch: 32, iters: 3928, time: 0.486, data: 0.001) G_GAN_ViT: 0.295 D_real_ViT: 0.206 D_fake_ViT: 0.288 global: 0.360 spatial: 0.055 
(epoch: 32, iters: 4028, time: 0.486, data: 0.001) G_GAN_ViT: 0.639 D_real_ViT: 0.163 D_fake_ViT: 0.126 global: 0.495 spatial: 0.106 
(epoch: 32, iters: 4128, time: 0.487, data: 0.001) G_GAN_ViT: 0.590 D_real_ViT: 0.192 D_fake_ViT: 0.111 global: 0.491 spatial: 0.086 
(epoch: 32, iters: 4228, time: 0.487, data: 0.002) G_GAN_ViT: 0.524 D_real_ViT: 0.151 D_fake_ViT: 0.135 global: 0.489 spatial: 0.105 
(epoch: 32, iters: 4328, time: 0.487, data: 0.001) G_GAN_ViT: 0.689 D_real_ViT: 0.248 D_fake_ViT: 0.069 global: 0.370 spatial: 0.049 
(epoch: 32, iters: 4428, time: 0.487, data: 0.001) G_GAN_ViT: 0.562 D_real_ViT: 0.132 D_fake_ViT: 0.105 global: 0.289 spatial: 0.055 
(epoch: 32, iters: 4528, time: 0.487, data: 0.001) G_GAN_ViT: 0.440 D_real_ViT: 0.193 D_fake_ViT: 0.182 global: 0.511 spatial: 0.091 
(epoch: 32, iters: 4628, time: 0.487, data: 0.001) G_GAN_ViT: 0.516 D_real_ViT: 0.110 D_fake_ViT: 0.127 global: 0.416 spatial: 0.069 
(epoch: 32, iters: 4728, time: 0.486, data: 0.001) G_GAN_ViT: 0.443 D_real_ViT: 0.210 D_fake_ViT: 0.172 global: 0.415 spatial: 0.086 
(epoch: 32, iters: 4828, time: 0.486, data: 0.001) G_GAN_ViT: 0.253 D_real_ViT: 0.071 D_fake_ViT: 0.349 global: 0.389 spatial: 0.060 
(epoch: 32, iters: 4928, time: 0.486, data: 0.001) G_GAN_ViT: 0.536 D_real_ViT: 0.286 D_fake_ViT: 0.100 global: 0.266 spatial: 0.049 
(epoch: 32, iters: 5028, time: 0.486, data: 0.001) G_GAN_ViT: 0.321 D_real_ViT: 0.059 D_fake_ViT: 0.266 global: 0.490 spatial: 0.090 
(epoch: 32, iters: 5128, time: 0.486, data: 0.001) G_GAN_ViT: 0.557 D_real_ViT: 0.217 D_fake_ViT: 0.104 global: 0.422 spatial: 0.081 
(epoch: 32, iters: 5228, time: 0.487, data: 0.001) G_GAN_ViT: 0.465 D_real_ViT: 0.102 D_fake_ViT: 0.194 global: 0.475 spatial: 0.115 
(epoch: 32, iters: 5328, time: 0.487, data: 0.001) G_GAN_ViT: 0.368 D_real_ViT: 0.153 D_fake_ViT: 0.205 global: 0.438 spatial: 0.062 
(epoch: 32, iters: 5428, time: 0.487, data: 0.001) G_GAN_ViT: 0.394 D_real_ViT: 0.313 D_fake_ViT: 0.185 global: 0.350 spatial: 0.062 
(epoch: 32, iters: 5528, time: 0.488, data: 0.001) G_GAN_ViT: 0.386 D_real_ViT: 0.232 D_fake_ViT: 0.195 global: 0.452 spatial: 0.066 
End of epoch 32 / 100 	 Time Taken: 2740 sec
learning rate = 0.0000100
(epoch: 33, iters: 16, time: 0.488, data: 0.002) G_GAN_ViT: 0.455 D_real_ViT: 0.116 D_fake_ViT: 0.154 global: 0.479 spatial: 0.088 
(epoch: 33, iters: 116, time: 0.488, data: 0.001) G_GAN_ViT: 0.698 D_real_ViT: 0.212 D_fake_ViT: 0.058 global: 0.418 spatial: 0.085 
(epoch: 33, iters: 216, time: 0.488, data: 0.001) G_GAN_ViT: 0.620 D_real_ViT: 0.327 D_fake_ViT: 0.096 global: 0.440 spatial: 0.088 
(epoch: 33, iters: 316, time: 0.487, data: 0.001) G_GAN_ViT: 0.506 D_real_ViT: 0.205 D_fake_ViT: 0.140 global: 0.372 spatial: 0.062 
(epoch: 33, iters: 416, time: 0.487, data: 0.001) G_GAN_ViT: 0.506 D_real_ViT: 0.185 D_fake_ViT: 0.136 global: 0.474 spatial: 0.102 
saving the latest model (epoch 33, total_iters 180000)
ICL_single_monitor
(epoch: 33, iters: 516, time: 0.487, data: 0.001) G_GAN_ViT: 0.557 D_real_ViT: 0.129 D_fake_ViT: 0.101 global: 0.424 spatial: 0.078 
(epoch: 33, iters: 616, time: 0.487, data: 0.001) G_GAN_ViT: 0.613 D_real_ViT: 0.216 D_fake_ViT: 0.108 global: 0.406 spatial: 0.100 
(epoch: 33, iters: 716, time: 0.487, data: 0.001) G_GAN_ViT: 0.568 D_real_ViT: 0.111 D_fake_ViT: 0.133 global: 0.523 spatial: 0.104 
(epoch: 33, iters: 816, time: 0.487, data: 0.001) G_GAN_ViT: 0.295 D_real_ViT: 0.145 D_fake_ViT: 0.275 global: 0.407 spatial: 0.090 
(epoch: 33, iters: 916, time: 0.487, data: 0.001) G_GAN_ViT: 0.324 D_real_ViT: 0.271 D_fake_ViT: 0.267 global: 0.553 spatial: 0.105 
(epoch: 33, iters: 1016, time: 0.488, data: 0.002) G_GAN_ViT: 0.472 D_real_ViT: 0.134 D_fake_ViT: 0.197 global: 0.463 spatial: 0.095 
(epoch: 33, iters: 1116, time: 0.488, data: 0.001) G_GAN_ViT: 0.591 D_real_ViT: 0.342 D_fake_ViT: 0.146 global: 0.422 spatial: 0.112 
(epoch: 33, iters: 1216, time: 0.487, data: 0.001) G_GAN_ViT: 0.384 D_real_ViT: 0.456 D_fake_ViT: 0.213 global: 0.490 spatial: 0.088 
(epoch: 33, iters: 1316, time: 0.487, data: 0.001) G_GAN_ViT: 0.605 D_real_ViT: 0.135 D_fake_ViT: 0.081 global: 0.353 spatial: 0.058 
(epoch: 33, iters: 1416, time: 0.487, data: 0.001) G_GAN_ViT: 0.497 D_real_ViT: 0.229 D_fake_ViT: 0.179 global: 0.560 spatial: 0.115 
(epoch: 33, iters: 1516, time: 0.487, data: 0.001) G_GAN_ViT: 0.510 D_real_ViT: 0.070 D_fake_ViT: 0.133 global: 0.553 spatial: 0.084 
(epoch: 33, iters: 1616, time: 0.487, data: 0.001) G_GAN_ViT: 0.407 D_real_ViT: 0.087 D_fake_ViT: 0.199 global: 0.534 spatial: 0.096 
(epoch: 33, iters: 1716, time: 0.487, data: 0.001) G_GAN_ViT: 0.449 D_real_ViT: 0.206 D_fake_ViT: 0.175 global: 0.545 spatial: 0.095 
(epoch: 33, iters: 1816, time: 0.487, data: 0.001) G_GAN_ViT: 0.549 D_real_ViT: 0.191 D_fake_ViT: 0.133 global: 0.570 spatial: 0.113 
(epoch: 33, iters: 1916, time: 0.487, data: 0.002) G_GAN_ViT: 0.394 D_real_ViT: 0.161 D_fake_ViT: 0.201 global: 0.512 spatial: 0.103 
(epoch: 33, iters: 2016, time: 0.487, data: 0.001) G_GAN_ViT: 0.508 D_real_ViT: 0.171 D_fake_ViT: 0.140 global: 0.529 spatial: 0.115 
(epoch: 33, iters: 2116, time: 0.487, data: 0.001) G_GAN_ViT: 0.515 D_real_ViT: 0.176 D_fake_ViT: 0.152 global: 0.507 spatial: 0.115 
(epoch: 33, iters: 2216, time: 0.487, data: 0.001) G_GAN_ViT: 0.410 D_real_ViT: 0.213 D_fake_ViT: 0.176 global: 0.329 spatial: 0.062 
(epoch: 33, iters: 2316, time: 0.487, data: 0.001) G_GAN_ViT: 0.406 D_real_ViT: 0.151 D_fake_ViT: 0.204 global: 0.511 spatial: 0.102 
(epoch: 33, iters: 2416, time: 0.488, data: 0.001) G_GAN_ViT: 0.360 D_real_ViT: 0.113 D_fake_ViT: 0.241 global: 0.457 spatial: 0.088 
(epoch: 33, iters: 2516, time: 0.487, data: 0.001) G_GAN_ViT: 0.404 D_real_ViT: 0.278 D_fake_ViT: 0.195 global: 0.425 spatial: 0.071 
(epoch: 33, iters: 2616, time: 0.488, data: 0.001) G_GAN_ViT: 0.322 D_real_ViT: 0.197 D_fake_ViT: 0.253 global: 0.344 spatial: 0.062 
(epoch: 33, iters: 2716, time: 0.488, data: 0.001) G_GAN_ViT: 0.362 D_real_ViT: 0.153 D_fake_ViT: 0.234 global: 0.364 spatial: 0.075 
(epoch: 33, iters: 2816, time: 0.488, data: 0.002) G_GAN_ViT: 0.450 D_real_ViT: 0.460 D_fake_ViT: 0.171 global: 0.399 spatial: 0.091 
(epoch: 33, iters: 2916, time: 0.488, data: 0.001) G_GAN_ViT: 0.500 D_real_ViT: 0.297 D_fake_ViT: 0.144 global: 0.531 spatial: 0.113 
(epoch: 33, iters: 3016, time: 0.487, data: 0.001) G_GAN_ViT: 0.511 D_real_ViT: 0.166 D_fake_ViT: 0.121 global: 0.404 spatial: 0.080 
(epoch: 33, iters: 3116, time: 0.488, data: 0.001) G_GAN_ViT: 0.299 D_real_ViT: 0.179 D_fake_ViT: 0.273 global: 0.445 spatial: 0.096 
(epoch: 33, iters: 3216, time: 0.488, data: 0.002) G_GAN_ViT: 0.399 D_real_ViT: 0.142 D_fake_ViT: 0.202 global: 0.499 spatial: 0.071 
(epoch: 33, iters: 3316, time: 0.487, data: 0.002) G_GAN_ViT: 0.322 D_real_ViT: 0.135 D_fake_ViT: 0.257 global: 0.399 spatial: 0.096 
(epoch: 33, iters: 3416, time: 0.487, data: 0.001) G_GAN_ViT: 0.341 D_real_ViT: 0.167 D_fake_ViT: 0.235 global: 0.385 spatial: 0.072 
(epoch: 33, iters: 3516, time: 0.487, data: 0.001) G_GAN_ViT: 0.622 D_real_ViT: 0.213 D_fake_ViT: 0.085 global: 0.381 spatial: 0.062 
(epoch: 33, iters: 3616, time: 0.487, data: 0.001) G_GAN_ViT: 0.553 D_real_ViT: 0.250 D_fake_ViT: 0.137 global: 0.430 spatial: 0.111 
(epoch: 33, iters: 3716, time: 0.487, data: 0.002) G_GAN_ViT: 0.340 D_real_ViT: 0.141 D_fake_ViT: 0.235 global: 0.415 spatial: 0.070 
(epoch: 33, iters: 3816, time: 0.487, data: 0.002) G_GAN_ViT: 0.439 D_real_ViT: 0.207 D_fake_ViT: 0.186 global: 0.401 spatial: 0.093 
(epoch: 33, iters: 3916, time: 0.488, data: 0.001) G_GAN_ViT: 0.642 D_real_ViT: 0.266 D_fake_ViT: 0.105 global: 0.504 spatial: 0.114 
(epoch: 33, iters: 4016, time: 0.488, data: 0.001) G_GAN_ViT: 0.408 D_real_ViT: 0.197 D_fake_ViT: 0.195 global: 0.369 spatial: 0.067 
(epoch: 33, iters: 4116, time: 0.487, data: 0.001) G_GAN_ViT: 0.279 D_real_ViT: 0.048 D_fake_ViT: 0.327 global: 0.551 spatial: 0.098 
(epoch: 33, iters: 4216, time: 0.487, data: 0.001) G_GAN_ViT: 0.730 D_real_ViT: 0.057 D_fake_ViT: 0.058 global: 0.357 spatial: 0.061 
(epoch: 33, iters: 4316, time: 0.486, data: 0.001) G_GAN_ViT: 0.376 D_real_ViT: 0.178 D_fake_ViT: 0.214 global: 0.394 spatial: 0.066 
(epoch: 33, iters: 4416, time: 0.487, data: 0.001) G_GAN_ViT: 0.328 D_real_ViT: 0.203 D_fake_ViT: 0.274 global: 0.537 spatial: 0.091 
(epoch: 33, iters: 4516, time: 0.487, data: 0.001) G_GAN_ViT: 0.439 D_real_ViT: 0.137 D_fake_ViT: 0.197 global: 0.442 spatial: 0.114 
(epoch: 33, iters: 4616, time: 0.487, data: 0.001) G_GAN_ViT: 0.438 D_real_ViT: 0.069 D_fake_ViT: 0.212 global: 0.491 spatial: 0.130 
(epoch: 33, iters: 4716, time: 0.487, data: 0.001) G_GAN_ViT: 0.550 D_real_ViT: 0.161 D_fake_ViT: 0.110 global: 0.381 spatial: 0.059 
(epoch: 33, iters: 4816, time: 0.487, data: 0.001) G_GAN_ViT: 0.531 D_real_ViT: 0.309 D_fake_ViT: 0.103 global: 0.290 spatial: 0.058 
(epoch: 33, iters: 4916, time: 0.487, data: 0.001) G_GAN_ViT: 0.626 D_real_ViT: 0.146 D_fake_ViT: 0.111 global: 0.385 spatial: 0.085 
(epoch: 33, iters: 5016, time: 0.487, data: 0.001) G_GAN_ViT: 0.539 D_real_ViT: 0.136 D_fake_ViT: 0.127 global: 0.291 spatial: 0.059 
(epoch: 33, iters: 5116, time: 0.488, data: 0.001) G_GAN_ViT: 0.384 D_real_ViT: 0.200 D_fake_ViT: 0.227 global: 0.564 spatial: 0.109 
(epoch: 33, iters: 5216, time: 0.488, data: 0.001) G_GAN_ViT: 0.399 D_real_ViT: 0.279 D_fake_ViT: 0.190 global: 0.460 spatial: 0.111 
(epoch: 33, iters: 5316, time: 0.487, data: 0.001) G_GAN_ViT: 0.435 D_real_ViT: 0.384 D_fake_ViT: 0.191 global: 0.557 spatial: 0.083 
(epoch: 33, iters: 5416, time: 0.487, data: 0.001) G_GAN_ViT: 0.400 D_real_ViT: 0.190 D_fake_ViT: 0.226 global: 0.538 spatial: 0.116 
saving the latest model (epoch 33, total_iters 185000)
ICL_single_monitor
(epoch: 33, iters: 5516, time: 0.487, data: 0.001) G_GAN_ViT: 0.459 D_real_ViT: 0.163 D_fake_ViT: 0.144 global: 0.332 spatial: 0.055 
End of epoch 33 / 100 	 Time Taken: 2744 sec
learning rate = 0.0000100
(epoch: 34, iters: 4, time: 0.487, data: 0.001) G_GAN_ViT: 0.619 D_real_ViT: 0.313 D_fake_ViT: 0.080 global: 0.369 spatial: 0.055 
(epoch: 34, iters: 104, time: 0.487, data: 0.003) G_GAN_ViT: 0.360 D_real_ViT: 0.101 D_fake_ViT: 0.228 global: 0.339 spatial: 0.054 
(epoch: 34, iters: 204, time: 0.487, data: 0.001) G_GAN_ViT: 0.616 D_real_ViT: 0.175 D_fake_ViT: 0.092 global: 0.468 spatial: 0.081 
(epoch: 34, iters: 304, time: 0.487, data: 0.001) G_GAN_ViT: 0.557 D_real_ViT: 0.179 D_fake_ViT: 0.114 global: 0.531 spatial: 0.098 
(epoch: 34, iters: 404, time: 0.487, data: 0.002) G_GAN_ViT: 0.477 D_real_ViT: 0.197 D_fake_ViT: 0.158 global: 0.484 spatial: 0.095 
(epoch: 34, iters: 504, time: 0.487, data: 0.001) G_GAN_ViT: 0.410 D_real_ViT: 0.034 D_fake_ViT: 0.193 global: 0.492 spatial: 0.097 
(epoch: 34, iters: 604, time: 0.487, data: 0.001) G_GAN_ViT: 0.526 D_real_ViT: 0.092 D_fake_ViT: 0.117 global: 0.374 spatial: 0.077 
(epoch: 34, iters: 704, time: 0.487, data: 0.001) G_GAN_ViT: 0.361 D_real_ViT: 0.145 D_fake_ViT: 0.249 global: 0.475 spatial: 0.090 
(epoch: 34, iters: 804, time: 0.487, data: 0.001) G_GAN_ViT: 0.617 D_real_ViT: 0.035 D_fake_ViT: 0.078 global: 0.349 spatial: 0.061 
(epoch: 34, iters: 904, time: 0.488, data: 0.002) G_GAN_ViT: 0.570 D_real_ViT: 0.136 D_fake_ViT: 0.131 global: 0.389 spatial: 0.091 
(epoch: 34, iters: 1004, time: 0.488, data: 0.001) G_GAN_ViT: 0.504 D_real_ViT: 0.084 D_fake_ViT: 0.125 global: 0.390 spatial: 0.086 
(epoch: 34, iters: 1104, time: 0.487, data: 0.001) G_GAN_ViT: 0.361 D_real_ViT: 0.244 D_fake_ViT: 0.242 global: 0.468 spatial: 0.112 
(epoch: 34, iters: 1204, time: 0.487, data: 0.002) G_GAN_ViT: 0.401 D_real_ViT: 0.243 D_fake_ViT: 0.186 global: 0.458 spatial: 0.085 
(epoch: 34, iters: 1304, time: 0.487, data: 0.001) G_GAN_ViT: 0.527 D_real_ViT: 0.210 D_fake_ViT: 0.143 global: 0.526 spatial: 0.114 
(epoch: 34, iters: 1404, time: 0.487, data: 0.001) G_GAN_ViT: 0.418 D_real_ViT: 0.211 D_fake_ViT: 0.182 global: 0.585 spatial: 0.076 
(epoch: 34, iters: 1504, time: 0.487, data: 0.001) G_GAN_ViT: 0.498 D_real_ViT: 0.217 D_fake_ViT: 0.151 global: 0.469 spatial: 0.083 
(epoch: 34, iters: 1604, time: 0.488, data: 0.001) G_GAN_ViT: 0.424 D_real_ViT: 0.185 D_fake_ViT: 0.181 global: 0.338 spatial: 0.053 
(epoch: 34, iters: 1704, time: 0.487, data: 0.001) G_GAN_ViT: 0.674 D_real_ViT: 0.123 D_fake_ViT: 0.083 global: 0.415 spatial: 0.068 
(epoch: 34, iters: 1804, time: 0.487, data: 0.002) G_GAN_ViT: 0.533 D_real_ViT: 0.154 D_fake_ViT: 0.119 global: 0.509 spatial: 0.074 
(epoch: 34, iters: 1904, time: 0.487, data: 0.001) G_GAN_ViT: 0.271 D_real_ViT: 0.136 D_fake_ViT: 0.302 global: 0.374 spatial: 0.066 
(epoch: 34, iters: 2004, time: 0.487, data: 0.001) G_GAN_ViT: 0.371 D_real_ViT: 0.236 D_fake_ViT: 0.215 global: 0.447 spatial: 0.069 
(epoch: 34, iters: 2104, time: 0.487, data: 0.002) G_GAN_ViT: 0.465 D_real_ViT: 0.189 D_fake_ViT: 0.162 global: 0.433 spatial: 0.086 
(epoch: 34, iters: 2204, time: 0.487, data: 0.002) G_GAN_ViT: 0.622 D_real_ViT: 0.118 D_fake_ViT: 0.098 global: 0.502 spatial: 0.111 
(epoch: 34, iters: 2304, time: 0.487, data: 0.001) G_GAN_ViT: 0.445 D_real_ViT: 0.211 D_fake_ViT: 0.162 global: 0.422 spatial: 0.061 
(epoch: 34, iters: 2404, time: 0.486, data: 0.001) G_GAN_ViT: 0.426 D_real_ViT: 0.105 D_fake_ViT: 0.189 global: 0.464 spatial: 0.109 
(epoch: 34, iters: 2504, time: 0.486, data: 0.001) G_GAN_ViT: 0.380 D_real_ViT: 0.161 D_fake_ViT: 0.201 global: 0.448 spatial: 0.067 
(epoch: 34, iters: 2604, time: 0.486, data: 0.001) G_GAN_ViT: 0.500 D_real_ViT: 0.068 D_fake_ViT: 0.137 global: 0.404 spatial: 0.088 
(epoch: 34, iters: 2704, time: 0.486, data: 0.002) G_GAN_ViT: 0.370 D_real_ViT: 0.131 D_fake_ViT: 0.213 global: 0.450 spatial: 0.063 
(epoch: 34, iters: 2804, time: 0.486, data: 0.001) G_GAN_ViT: 0.359 D_real_ViT: 0.279 D_fake_ViT: 0.236 global: 0.545 spatial: 0.100 
(epoch: 34, iters: 2904, time: 0.486, data: 0.001) G_GAN_ViT: 0.538 D_real_ViT: 0.227 D_fake_ViT: 0.132 global: 0.370 spatial: 0.070 
(epoch: 34, iters: 3004, time: 0.486, data: 0.001) G_GAN_ViT: 0.496 D_real_ViT: 0.162 D_fake_ViT: 0.152 global: 0.534 spatial: 0.090 
(epoch: 34, iters: 3104, time: 0.486, data: 0.002) G_GAN_ViT: 0.539 D_real_ViT: 0.178 D_fake_ViT: 0.121 global: 0.389 spatial: 0.072 
(epoch: 34, iters: 3204, time: 0.486, data: 0.001) G_GAN_ViT: 0.488 D_real_ViT: 0.093 D_fake_ViT: 0.148 global: 0.462 spatial: 0.084 
(epoch: 34, iters: 3304, time: 0.486, data: 0.001) G_GAN_ViT: 0.341 D_real_ViT: 0.204 D_fake_ViT: 0.254 global: 0.455 spatial: 0.099 
(epoch: 34, iters: 3404, time: 0.485, data: 0.001) G_GAN_ViT: 0.390 D_real_ViT: 0.321 D_fake_ViT: 0.216 global: 0.516 spatial: 0.111 
(epoch: 34, iters: 3504, time: 0.486, data: 0.001) G_GAN_ViT: 0.525 D_real_ViT: 0.198 D_fake_ViT: 0.133 global: 0.362 spatial: 0.093 
(epoch: 34, iters: 3604, time: 0.486, data: 0.002) G_GAN_ViT: 0.609 D_real_ViT: 0.095 D_fake_ViT: 0.102 global: 0.488 spatial: 0.103 
(epoch: 34, iters: 3704, time: 0.486, data: 0.001) G_GAN_ViT: 0.576 D_real_ViT: 0.085 D_fake_ViT: 0.104 global: 0.399 spatial: 0.096 
(epoch: 34, iters: 3804, time: 0.486, data: 0.002) G_GAN_ViT: 0.361 D_real_ViT: 0.182 D_fake_ViT: 0.241 global: 0.500 spatial: 0.118 
(epoch: 34, iters: 3904, time: 0.486, data: 0.001) G_GAN_ViT: 0.355 D_real_ViT: 0.250 D_fake_ViT: 0.233 global: 0.476 spatial: 0.070 
(epoch: 34, iters: 4004, time: 0.486, data: 0.001) G_GAN_ViT: 0.595 D_real_ViT: 0.316 D_fake_ViT: 0.108 global: 0.453 spatial: 0.095 
(epoch: 34, iters: 4104, time: 0.486, data: 0.001) G_GAN_ViT: 0.545 D_real_ViT: 0.250 D_fake_ViT: 0.125 global: 0.398 spatial: 0.093 
(epoch: 34, iters: 4204, time: 0.486, data: 0.001) G_GAN_ViT: 0.412 D_real_ViT: 0.248 D_fake_ViT: 0.200 global: 0.533 spatial: 0.092 
(epoch: 34, iters: 4304, time: 0.487, data: 0.001) G_GAN_ViT: 0.423 D_real_ViT: 0.125 D_fake_ViT: 0.191 global: 0.425 spatial: 0.096 
(epoch: 34, iters: 4404, time: 0.487, data: 0.002) G_GAN_ViT: 0.276 D_real_ViT: 0.096 D_fake_ViT: 0.338 global: 0.490 spatial: 0.118 
(epoch: 34, iters: 4504, time: 0.487, data: 0.001) G_GAN_ViT: 0.435 D_real_ViT: 0.197 D_fake_ViT: 0.192 global: 0.367 spatial: 0.085 
(epoch: 34, iters: 4604, time: 0.487, data: 0.001) G_GAN_ViT: 0.443 D_real_ViT: 0.238 D_fake_ViT: 0.165 global: 0.537 spatial: 0.097 
(epoch: 34, iters: 4704, time: 0.486, data: 0.002) G_GAN_ViT: 0.630 D_real_ViT: 0.074 D_fake_ViT: 0.092 global: 0.437 spatial: 0.073 
(epoch: 34, iters: 4804, time: 0.486, data: 0.001) G_GAN_ViT: 0.497 D_real_ViT: 0.148 D_fake_ViT: 0.146 global: 0.497 spatial: 0.123 
saving the latest model (epoch 34, total_iters 190000)
ICL_single_monitor
(epoch: 34, iters: 4904, time: 0.486, data: 0.002) G_GAN_ViT: 0.518 D_real_ViT: 0.155 D_fake_ViT: 0.130 global: 0.409 spatial: 0.093 
(epoch: 34, iters: 5004, time: 0.486, data: 0.001) G_GAN_ViT: 0.426 D_real_ViT: 0.204 D_fake_ViT: 0.200 global: 0.517 spatial: 0.085 
(epoch: 34, iters: 5104, time: 0.486, data: 0.001) G_GAN_ViT: 0.665 D_real_ViT: 0.099 D_fake_ViT: 0.096 global: 0.550 spatial: 0.083 
(epoch: 34, iters: 5204, time: 0.486, data: 0.001) G_GAN_ViT: 0.539 D_real_ViT: 0.258 D_fake_ViT: 0.104 global: 0.360 spatial: 0.064 
(epoch: 34, iters: 5304, time: 0.486, data: 0.001) G_GAN_ViT: 0.519 D_real_ViT: 0.378 D_fake_ViT: 0.122 global: 0.426 spatial: 0.089 
(epoch: 34, iters: 5404, time: 0.486, data: 0.001) G_GAN_ViT: 0.565 D_real_ViT: 0.089 D_fake_ViT: 0.098 global: 0.369 spatial: 0.070 
(epoch: 34, iters: 5504, time: 0.486, data: 0.001) G_GAN_ViT: 0.374 D_real_ViT: 0.120 D_fake_ViT: 0.218 global: 0.460 spatial: 0.107 
(epoch: 34, iters: 5604, time: 0.486, data: 0.001) G_GAN_ViT: 0.272 D_real_ViT: 0.226 D_fake_ViT: 0.298 global: 0.474 spatial: 0.108 
End of epoch 34 / 100 	 Time Taken: 2740 sec
learning rate = 0.0000100
(epoch: 35, iters: 92, time: 0.487, data: 0.002) G_GAN_ViT: 0.396 D_real_ViT: 0.245 D_fake_ViT: 0.196 global: 0.440 spatial: 0.068 
(epoch: 35, iters: 192, time: 0.487, data: 0.001) G_GAN_ViT: 0.470 D_real_ViT: 0.155 D_fake_ViT: 0.145 global: 0.430 spatial: 0.069 
(epoch: 35, iters: 292, time: 0.487, data: 0.001) G_GAN_ViT: 0.393 D_real_ViT: 0.170 D_fake_ViT: 0.182 global: 0.338 spatial: 0.055 
(epoch: 35, iters: 392, time: 0.487, data: 0.001) G_GAN_ViT: 0.392 D_real_ViT: 0.137 D_fake_ViT: 0.198 global: 0.450 spatial: 0.083 
(epoch: 35, iters: 492, time: 0.487, data: 0.001) G_GAN_ViT: 0.487 D_real_ViT: 0.208 D_fake_ViT: 0.159 global: 0.478 spatial: 0.113 
(epoch: 35, iters: 592, time: 0.487, data: 0.001) G_GAN_ViT: 0.520 D_real_ViT: 0.180 D_fake_ViT: 0.128 global: 0.414 spatial: 0.087 
(epoch: 35, iters: 692, time: 0.487, data: 0.001) G_GAN_ViT: 0.421 D_real_ViT: 0.078 D_fake_ViT: 0.181 global: 0.444 spatial: 0.057 
(epoch: 35, iters: 792, time: 0.487, data: 0.001) G_GAN_ViT: 0.520 D_real_ViT: 0.173 D_fake_ViT: 0.145 global: 0.417 spatial: 0.090 
(epoch: 35, iters: 892, time: 0.487, data: 0.001) G_GAN_ViT: 0.396 D_real_ViT: 0.314 D_fake_ViT: 0.202 global: 0.472 spatial: 0.079 
(epoch: 35, iters: 992, time: 0.487, data: 0.001) G_GAN_ViT: 0.533 D_real_ViT: 0.223 D_fake_ViT: 0.120 global: 0.468 spatial: 0.082 
(epoch: 35, iters: 1092, time: 0.487, data: 0.001) G_GAN_ViT: 0.423 D_real_ViT: 0.193 D_fake_ViT: 0.166 global: 0.353 spatial: 0.057 
(epoch: 35, iters: 1192, time: 0.487, data: 0.001) G_GAN_ViT: 0.632 D_real_ViT: 0.133 D_fake_ViT: 0.108 global: 0.438 spatial: 0.118 
(epoch: 35, iters: 1292, time: 0.486, data: 0.002) G_GAN_ViT: 0.500 D_real_ViT: 0.448 D_fake_ViT: 0.156 global: 0.477 spatial: 0.107 
(epoch: 35, iters: 1392, time: 0.487, data: 0.002) G_GAN_ViT: 0.592 D_real_ViT: 0.111 D_fake_ViT: 0.099 global: 0.587 spatial: 0.074 
(epoch: 35, iters: 1492, time: 0.487, data: 0.001) G_GAN_ViT: 0.391 D_real_ViT: 0.167 D_fake_ViT: 0.225 global: 0.448 spatial: 0.091 
(epoch: 35, iters: 1592, time: 0.487, data: 0.001) G_GAN_ViT: 0.434 D_real_ViT: 0.099 D_fake_ViT: 0.178 global: 0.386 spatial: 0.063 
(epoch: 35, iters: 1692, time: 0.487, data: 0.002) G_GAN_ViT: 0.331 D_real_ViT: 0.156 D_fake_ViT: 0.273 global: 0.466 spatial: 0.115 
(epoch: 35, iters: 1792, time: 0.487, data: 0.001) G_GAN_ViT: 0.518 D_real_ViT: 0.217 D_fake_ViT: 0.132 global: 0.438 spatial: 0.081 
(epoch: 35, iters: 1892, time: 0.487, data: 0.002) G_GAN_ViT: 0.327 D_real_ViT: 0.118 D_fake_ViT: 0.249 global: 0.458 spatial: 0.050 
(epoch: 35, iters: 1992, time: 0.486, data: 0.002) G_GAN_ViT: 0.482 D_real_ViT: 0.233 D_fake_ViT: 0.143 global: 0.403 spatial: 0.069 
(epoch: 35, iters: 2092, time: 0.486, data: 0.002) G_GAN_ViT: 0.508 D_real_ViT: 0.225 D_fake_ViT: 0.145 global: 0.439 spatial: 0.102 
(epoch: 35, iters: 2192, time: 0.486, data: 0.001) G_GAN_ViT: 0.444 D_real_ViT: 0.226 D_fake_ViT: 0.178 global: 0.436 spatial: 0.089 
(epoch: 35, iters: 2292, time: 0.486, data: 0.001) G_GAN_ViT: 0.763 D_real_ViT: 0.223 D_fake_ViT: 0.062 global: 0.504 spatial: 0.107 
(epoch: 35, iters: 2392, time: 0.486, data: 0.001) G_GAN_ViT: 0.450 D_real_ViT: 0.163 D_fake_ViT: 0.175 global: 0.395 spatial: 0.095 
(epoch: 35, iters: 2492, time: 0.487, data: 0.001) G_GAN_ViT: 0.443 D_real_ViT: 0.070 D_fake_ViT: 0.187 global: 0.433 spatial: 0.104 
(epoch: 35, iters: 2592, time: 0.487, data: 0.002) G_GAN_ViT: 0.610 D_real_ViT: 0.114 D_fake_ViT: 0.123 global: 0.573 spatial: 0.124 
(epoch: 35, iters: 2692, time: 0.487, data: 0.001) G_GAN_ViT: 0.468 D_real_ViT: 0.157 D_fake_ViT: 0.148 global: 0.510 spatial: 0.063 
(epoch: 35, iters: 2792, time: 0.486, data: 0.001) G_GAN_ViT: 0.448 D_real_ViT: 0.204 D_fake_ViT: 0.172 global: 0.419 spatial: 0.096 
(epoch: 35, iters: 2892, time: 0.487, data: 0.001) G_GAN_ViT: 0.503 D_real_ViT: 0.281 D_fake_ViT: 0.126 global: 0.407 spatial: 0.064 
(epoch: 35, iters: 2992, time: 0.487, data: 0.004) G_GAN_ViT: 0.406 D_real_ViT: 0.160 D_fake_ViT: 0.209 global: 0.450 spatial: 0.096 
(epoch: 35, iters: 3092, time: 0.486, data: 0.001) G_GAN_ViT: 0.670 D_real_ViT: 0.133 D_fake_ViT: 0.095 global: 0.479 spatial: 0.113 
(epoch: 35, iters: 3192, time: 0.485, data: 0.001) G_GAN_ViT: 0.379 D_real_ViT: 0.170 D_fake_ViT: 0.228 global: 0.439 spatial: 0.111 
(epoch: 35, iters: 3292, time: 0.486, data: 0.001) G_GAN_ViT: 0.287 D_real_ViT: 0.097 D_fake_ViT: 0.297 global: 0.442 spatial: 0.096 
(epoch: 35, iters: 3392, time: 0.486, data: 0.001) G_GAN_ViT: 0.509 D_real_ViT: 0.091 D_fake_ViT: 0.160 global: 0.503 spatial: 0.108 
(epoch: 35, iters: 3492, time: 0.486, data: 0.001) G_GAN_ViT: 0.355 D_real_ViT: 0.212 D_fake_ViT: 0.234 global: 0.443 spatial: 0.097 
(epoch: 35, iters: 3592, time: 0.487, data: 0.001) G_GAN_ViT: 0.408 D_real_ViT: 0.127 D_fake_ViT: 0.214 global: 0.453 spatial: 0.081 
(epoch: 35, iters: 3692, time: 0.487, data: 0.002) G_GAN_ViT: 0.606 D_real_ViT: 0.172 D_fake_ViT: 0.093 global: 0.525 spatial: 0.075 
(epoch: 35, iters: 3792, time: 0.487, data: 0.001) G_GAN_ViT: 0.462 D_real_ViT: 0.118 D_fake_ViT: 0.174 global: 0.493 spatial: 0.084 
(epoch: 35, iters: 3892, time: 0.487, data: 0.002) G_GAN_ViT: 0.483 D_real_ViT: 0.123 D_fake_ViT: 0.141 global: 0.385 spatial: 0.058 
(epoch: 35, iters: 3992, time: 0.487, data: 0.001) G_GAN_ViT: 0.688 D_real_ViT: 0.136 D_fake_ViT: 0.069 global: 0.459 spatial: 0.081 
(epoch: 35, iters: 4092, time: 0.487, data: 0.002) G_GAN_ViT: 0.602 D_real_ViT: 0.113 D_fake_ViT: 0.088 global: 0.377 spatial: 0.065 
(epoch: 35, iters: 4192, time: 0.486, data: 0.002) G_GAN_ViT: 0.480 D_real_ViT: 0.074 D_fake_ViT: 0.174 global: 0.480 spatial: 0.112 
saving the latest model (epoch 35, total_iters 195000)
ICL_single_monitor
(epoch: 35, iters: 4292, time: 0.486, data: 0.002) G_GAN_ViT: 0.329 D_real_ViT: 0.096 D_fake_ViT: 0.257 global: 0.377 spatial: 0.065 
(epoch: 35, iters: 4392, time: 0.486, data: 0.002) G_GAN_ViT: 0.474 D_real_ViT: 0.067 D_fake_ViT: 0.155 global: 0.441 spatial: 0.075 
(epoch: 35, iters: 4492, time: 0.486, data: 0.002) G_GAN_ViT: 0.272 D_real_ViT: 0.073 D_fake_ViT: 0.330 global: 0.549 spatial: 0.096 
(epoch: 35, iters: 4592, time: 0.487, data: 0.002) G_GAN_ViT: 0.666 D_real_ViT: 0.111 D_fake_ViT: 0.109 global: 0.518 spatial: 0.114 
(epoch: 35, iters: 4692, time: 0.486, data: 0.002) G_GAN_ViT: 0.367 D_real_ViT: 0.285 D_fake_ViT: 0.205 global: 0.419 spatial: 0.068 
(epoch: 35, iters: 4792, time: 0.486, data: 0.002) G_GAN_ViT: 0.615 D_real_ViT: 0.046 D_fake_ViT: 0.131 global: 0.447 spatial: 0.101 
(epoch: 35, iters: 4892, time: 0.487, data: 0.002) G_GAN_ViT: 0.616 D_real_ViT: 0.283 D_fake_ViT: 0.076 global: 0.401 spatial: 0.084 
(epoch: 35, iters: 4992, time: 0.487, data: 0.001) G_GAN_ViT: 0.445 D_real_ViT: 0.302 D_fake_ViT: 0.186 global: 0.531 spatial: 0.119 
(epoch: 35, iters: 5092, time: 0.487, data: 0.002) G_GAN_ViT: 0.341 D_real_ViT: 0.294 D_fake_ViT: 0.252 global: 0.445 spatial: 0.091 
(epoch: 35, iters: 5192, time: 0.487, data: 0.002) G_GAN_ViT: 0.451 D_real_ViT: 0.229 D_fake_ViT: 0.150 global: 0.524 spatial: 0.068 
(epoch: 35, iters: 5292, time: 0.487, data: 0.001) G_GAN_ViT: 0.530 D_real_ViT: 0.275 D_fake_ViT: 0.135 global: 0.497 spatial: 0.116 
(epoch: 35, iters: 5392, time: 0.487, data: 0.001) G_GAN_ViT: 0.467 D_real_ViT: 0.134 D_fake_ViT: 0.166 global: 0.484 spatial: 0.088 
(epoch: 35, iters: 5492, time: 0.487, data: 0.001) G_GAN_ViT: 0.627 D_real_ViT: 0.204 D_fake_ViT: 0.093 global: 0.468 spatial: 0.085 
(epoch: 35, iters: 5592, time: 0.487, data: 0.002) G_GAN_ViT: 0.491 D_real_ViT: 0.094 D_fake_ViT: 0.154 global: 0.408 spatial: 0.063 
saving the model at the end of epoch 35, iters 196420
End of epoch 35 / 100 	 Time Taken: 2742 sec
learning rate = 0.0000100
(epoch: 36, iters: 80, time: 0.487, data: 0.001) G_GAN_ViT: 0.477 D_real_ViT: 0.201 D_fake_ViT: 0.153 global: 0.451 spatial: 0.086 
(epoch: 36, iters: 180, time: 0.487, data: 0.002) G_GAN_ViT: 0.416 D_real_ViT: 0.233 D_fake_ViT: 0.195 global: 0.446 spatial: 0.100 
(epoch: 36, iters: 280, time: 0.487, data: 0.002) G_GAN_ViT: 0.519 D_real_ViT: 0.217 D_fake_ViT: 0.193 global: 0.420 spatial: 0.109 
(epoch: 36, iters: 380, time: 0.487, data: 0.002) G_GAN_ViT: 0.340 D_real_ViT: 0.241 D_fake_ViT: 0.237 global: 0.420 spatial: 0.100 
(epoch: 36, iters: 480, time: 0.487, data: 0.002) G_GAN_ViT: 0.605 D_real_ViT: 0.227 D_fake_ViT: 0.133 global: 0.447 spatial: 0.102 
(epoch: 36, iters: 580, time: 0.486, data: 0.002) G_GAN_ViT: 0.571 D_real_ViT: 0.123 D_fake_ViT: 0.135 global: 0.378 spatial: 0.090 
(epoch: 36, iters: 680, time: 0.486, data: 0.002) G_GAN_ViT: 0.340 D_real_ViT: 0.388 D_fake_ViT: 0.238 global: 0.455 spatial: 0.099 
(epoch: 36, iters: 780, time: 0.486, data: 0.002) G_GAN_ViT: 0.596 D_real_ViT: 0.101 D_fake_ViT: 0.097 global: 0.445 spatial: 0.089 
(epoch: 36, iters: 880, time: 0.486, data: 0.002) G_GAN_ViT: 0.353 D_real_ViT: 0.062 D_fake_ViT: 0.273 global: 0.492 spatial: 0.104 
(epoch: 36, iters: 980, time: 0.487, data: 0.002) G_GAN_ViT: 0.446 D_real_ViT: 0.140 D_fake_ViT: 0.176 global: 0.478 spatial: 0.089 
(epoch: 36, iters: 1080, time: 0.487, data: 0.002) G_GAN_ViT: 0.456 D_real_ViT: 0.225 D_fake_ViT: 0.173 global: 0.515 spatial: 0.086 
(epoch: 36, iters: 1180, time: 0.487, data: 0.001) G_GAN_ViT: 0.442 D_real_ViT: 0.105 D_fake_ViT: 0.194 global: 0.568 spatial: 0.114 
(epoch: 36, iters: 1280, time: 0.487, data: 0.001) G_GAN_ViT: 0.603 D_real_ViT: 0.114 D_fake_ViT: 0.096 global: 0.519 spatial: 0.087 
(epoch: 36, iters: 1380, time: 0.487, data: 0.002) G_GAN_ViT: 0.583 D_real_ViT: 0.095 D_fake_ViT: 0.114 global: 0.477 spatial: 0.089 
(epoch: 36, iters: 1480, time: 0.487, data: 0.002) G_GAN_ViT: 0.508 D_real_ViT: 0.543 D_fake_ViT: 0.137 global: 0.502 spatial: 0.121 
(epoch: 36, iters: 1580, time: 0.487, data: 0.002) G_GAN_ViT: 0.392 D_real_ViT: 0.240 D_fake_ViT: 0.190 global: 0.451 spatial: 0.096 
(epoch: 36, iters: 1680, time: 0.487, data: 0.002) G_GAN_ViT: 0.480 D_real_ViT: 0.224 D_fake_ViT: 0.149 global: 0.434 spatial: 0.100 
(epoch: 36, iters: 1780, time: 0.487, data: 0.002) G_GAN_ViT: 0.572 D_real_ViT: 0.223 D_fake_ViT: 0.108 global: 0.580 spatial: 0.095 
(epoch: 36, iters: 1880, time: 0.486, data: 0.002) G_GAN_ViT: 0.385 D_real_ViT: 0.159 D_fake_ViT: 0.189 global: 0.459 spatial: 0.068 
(epoch: 36, iters: 1980, time: 0.487, data: 0.002) G_GAN_ViT: 0.379 D_real_ViT: 0.227 D_fake_ViT: 0.241 global: 0.490 spatial: 0.106 
(epoch: 36, iters: 2080, time: 0.487, data: 0.002) G_GAN_ViT: 0.579 D_real_ViT: 0.190 D_fake_ViT: 0.100 global: 0.365 spatial: 0.083 
(epoch: 36, iters: 2180, time: 0.486, data: 0.001) G_GAN_ViT: 0.517 D_real_ViT: 0.128 D_fake_ViT: 0.138 global: 0.469 spatial: 0.100 
(epoch: 36, iters: 2280, time: 0.486, data: 0.002) G_GAN_ViT: 0.421 D_real_ViT: 0.257 D_fake_ViT: 0.180 global: 0.413 spatial: 0.067 
(epoch: 36, iters: 2380, time: 0.486, data: 0.001) G_GAN_ViT: 0.627 D_real_ViT: 0.163 D_fake_ViT: 0.095 global: 0.476 spatial: 0.079 
(epoch: 36, iters: 2480, time: 0.486, data: 0.002) G_GAN_ViT: 0.655 D_real_ViT: 0.074 D_fake_ViT: 0.070 global: 0.325 spatial: 0.054 
(epoch: 36, iters: 2580, time: 0.486, data: 0.002) G_GAN_ViT: 0.569 D_real_ViT: 0.251 D_fake_ViT: 0.113 global: 0.543 spatial: 0.097 
(epoch: 36, iters: 2680, time: 0.486, data: 0.002) G_GAN_ViT: 0.580 D_real_ViT: 0.135 D_fake_ViT: 0.100 global: 0.491 spatial: 0.078 
(epoch: 36, iters: 2780, time: 0.486, data: 0.001) G_GAN_ViT: 0.307 D_real_ViT: 0.178 D_fake_ViT: 0.273 global: 0.405 spatial: 0.058 
(epoch: 36, iters: 2880, time: 0.487, data: 0.002) G_GAN_ViT: 0.633 D_real_ViT: 0.152 D_fake_ViT: 0.109 global: 0.566 spatial: 0.118 
(epoch: 36, iters: 2980, time: 0.487, data: 0.002) G_GAN_ViT: 0.267 D_real_ViT: 0.192 D_fake_ViT: 0.334 global: 0.409 spatial: 0.070 
(epoch: 36, iters: 3080, time: 0.487, data: 0.001) G_GAN_ViT: 0.571 D_real_ViT: 0.244 D_fake_ViT: 0.099 global: 0.358 spatial: 0.057 
(epoch: 36, iters: 3180, time: 0.487, data: 0.002) G_GAN_ViT: 0.443 D_real_ViT: 0.175 D_fake_ViT: 0.221 global: 0.565 spatial: 0.103 
(epoch: 36, iters: 3280, time: 0.487, data: 0.002) G_GAN_ViT: 0.374 D_real_ViT: 0.234 D_fake_ViT: 0.225 global: 0.480 spatial: 0.112 
(epoch: 36, iters: 3380, time: 0.487, data: 0.002) G_GAN_ViT: 0.328 D_real_ViT: 0.267 D_fake_ViT: 0.257 global: 0.467 spatial: 0.090 
(epoch: 36, iters: 3480, time: 0.487, data: 0.001) G_GAN_ViT: 0.449 D_real_ViT: 0.146 D_fake_ViT: 0.161 global: 0.420 spatial: 0.071 
(epoch: 36, iters: 3580, time: 0.486, data: 0.001) G_GAN_ViT: 0.452 D_real_ViT: 0.107 D_fake_ViT: 0.152 global: 0.453 spatial: 0.074 
saving the latest model (epoch 36, total_iters 200000)
ICL_single_monitor
(epoch: 36, iters: 3680, time: 0.486, data: 0.001) G_GAN_ViT: 0.257 D_real_ViT: 0.367 D_fake_ViT: 0.329 global: 0.374 spatial: 0.065 
(epoch: 36, iters: 3780, time: 0.486, data: 0.002) G_GAN_ViT: 0.410 D_real_ViT: 0.116 D_fake_ViT: 0.215 global: 0.524 spatial: 0.085 
(epoch: 36, iters: 3880, time: 0.486, data: 0.002) G_GAN_ViT: 0.323 D_real_ViT: 0.148 D_fake_ViT: 0.280 global: 0.476 spatial: 0.100 
(epoch: 36, iters: 3980, time: 0.486, data: 0.001) G_GAN_ViT: 0.485 D_real_ViT: 0.204 D_fake_ViT: 0.127 global: 0.372 spatial: 0.075 
(epoch: 36, iters: 4080, time: 0.486, data: 0.001) G_GAN_ViT: 0.373 D_real_ViT: 0.302 D_fake_ViT: 0.215 global: 0.508 spatial: 0.095 
(epoch: 36, iters: 4180, time: 0.486, data: 0.002) G_GAN_ViT: 0.495 D_real_ViT: 0.208 D_fake_ViT: 0.153 global: 0.457 spatial: 0.100 
(epoch: 36, iters: 4280, time: 0.486, data: 0.002) G_GAN_ViT: 0.457 D_real_ViT: 0.136 D_fake_ViT: 0.173 global: 0.507 spatial: 0.115 
(epoch: 36, iters: 4380, time: 0.487, data: 0.002) G_GAN_ViT: 0.308 D_real_ViT: 0.165 D_fake_ViT: 0.274 global: 0.443 spatial: 0.110 
(epoch: 36, iters: 4480, time: 0.487, data: 0.001) G_GAN_ViT: 0.590 D_real_ViT: 0.088 D_fake_ViT: 0.084 global: 0.385 spatial: 0.070 
(epoch: 36, iters: 4580, time: 0.487, data: 0.002) G_GAN_ViT: 0.475 D_real_ViT: 0.058 D_fake_ViT: 0.146 global: 0.350 spatial: 0.057 
(epoch: 36, iters: 4680, time: 0.487, data: 0.002) G_GAN_ViT: 0.417 D_real_ViT: 0.091 D_fake_ViT: 0.185 global: 0.546 spatial: 0.103 
(epoch: 36, iters: 4780, time: 0.486, data: 0.002) G_GAN_ViT: 0.794 D_real_ViT: 0.184 D_fake_ViT: 0.074 global: 0.416 spatial: 0.096 
(epoch: 36, iters: 4880, time: 0.486, data: 0.002) G_GAN_ViT: 0.480 D_real_ViT: 0.212 D_fake_ViT: 0.168 global: 0.478 spatial: 0.088 
(epoch: 36, iters: 4980, time: 0.486, data: 0.002) G_GAN_ViT: 0.552 D_real_ViT: 0.156 D_fake_ViT: 0.098 global: 0.424 spatial: 0.084 
(epoch: 36, iters: 5080, time: 0.486, data: 0.002) G_GAN_ViT: 0.267 D_real_ViT: 0.138 D_fake_ViT: 0.344 global: 0.480 spatial: 0.102 
(epoch: 36, iters: 5180, time: 0.486, data: 0.002) G_GAN_ViT: 0.396 D_real_ViT: 0.059 D_fake_ViT: 0.204 global: 0.490 spatial: 0.097 
(epoch: 36, iters: 5280, time: 0.487, data: 0.002) G_GAN_ViT: 0.430 D_real_ViT: 0.069 D_fake_ViT: 0.199 global: 0.469 spatial: 0.094 
(epoch: 36, iters: 5380, time: 0.486, data: 0.002) G_GAN_ViT: 0.419 D_real_ViT: 0.190 D_fake_ViT: 0.185 global: 0.532 spatial: 0.103 
(epoch: 36, iters: 5480, time: 0.487, data: 0.002) G_GAN_ViT: 0.362 D_real_ViT: 0.340 D_fake_ViT: 0.225 global: 0.452 spatial: 0.104 
(epoch: 36, iters: 5580, time: 0.487, data: 0.002) G_GAN_ViT: 0.327 D_real_ViT: 0.128 D_fake_ViT: 0.251 global: 0.506 spatial: 0.105 
End of epoch 36 / 100 	 Time Taken: 2741 sec
learning rate = 0.0000100
(epoch: 37, iters: 68, time: 0.487, data: 0.002) G_GAN_ViT: 0.331 D_real_ViT: 0.112 D_fake_ViT: 0.270 global: 0.490 spatial: 0.089 
(epoch: 37, iters: 168, time: 0.487, data: 0.002) G_GAN_ViT: 0.557 D_real_ViT: 0.179 D_fake_ViT: 0.100 global: 0.377 spatial: 0.058 
(epoch: 37, iters: 268, time: 0.487, data: 0.002) G_GAN_ViT: 0.373 D_real_ViT: 0.365 D_fake_ViT: 0.229 global: 0.475 spatial: 0.107 
(epoch: 37, iters: 368, time: 0.487, data: 0.001) G_GAN_ViT: 0.413 D_real_ViT: 0.140 D_fake_ViT: 0.220 global: 0.562 spatial: 0.097 
(epoch: 37, iters: 468, time: 0.487, data: 0.002) G_GAN_ViT: 0.455 D_real_ViT: 0.128 D_fake_ViT: 0.151 global: 0.332 spatial: 0.049 
(epoch: 37, iters: 568, time: 0.487, data: 0.001) G_GAN_ViT: 0.409 D_real_ViT: 0.165 D_fake_ViT: 0.182 global: 0.467 spatial: 0.075 
(epoch: 37, iters: 668, time: 0.488, data: 0.002) G_GAN_ViT: 0.375 D_real_ViT: 0.037 D_fake_ViT: 0.226 global: 0.445 spatial: 0.096 
(epoch: 37, iters: 768, time: 0.488, data: 0.002) G_GAN_ViT: 0.328 D_real_ViT: 0.146 D_fake_ViT: 0.257 global: 0.480 spatial: 0.093 
(epoch: 37, iters: 868, time: 0.488, data: 0.002) G_GAN_ViT: 0.534 D_real_ViT: 0.160 D_fake_ViT: 0.111 global: 0.391 spatial: 0.083 
(epoch: 37, iters: 968, time: 0.488, data: 0.001) G_GAN_ViT: 0.455 D_real_ViT: 0.068 D_fake_ViT: 0.158 global: 0.438 spatial: 0.077 
(epoch: 37, iters: 1068, time: 0.488, data: 0.001) G_GAN_ViT: 0.598 D_real_ViT: 0.261 D_fake_ViT: 0.103 global: 0.536 spatial: 0.098 
(epoch: 37, iters: 1168, time: 0.486, data: 0.001) G_GAN_ViT: 0.554 D_real_ViT: 0.171 D_fake_ViT: 0.114 global: 0.518 spatial: 0.114 
(epoch: 37, iters: 1268, time: 0.487, data: 0.001) G_GAN_ViT: 0.314 D_real_ViT: 0.192 D_fake_ViT: 0.279 global: 0.408 spatial: 0.063 
(epoch: 37, iters: 1368, time: 0.487, data: 0.001) G_GAN_ViT: 0.453 D_real_ViT: 0.389 D_fake_ViT: 0.180 global: 0.476 spatial: 0.104 
(epoch: 37, iters: 1468, time: 0.487, data: 0.001) G_GAN_ViT: 0.444 D_real_ViT: 0.159 D_fake_ViT: 0.173 global: 0.475 spatial: 0.093 
(epoch: 37, iters: 1568, time: 0.487, data: 0.001) G_GAN_ViT: 0.429 D_real_ViT: 0.143 D_fake_ViT: 0.181 global: 0.473 spatial: 0.094 
(epoch: 37, iters: 1668, time: 0.487, data: 0.001) G_GAN_ViT: 0.438 D_real_ViT: 0.088 D_fake_ViT: 0.161 global: 0.312 spatial: 0.058 
(epoch: 37, iters: 1768, time: 0.487, data: 0.001) G_GAN_ViT: 0.522 D_real_ViT: 0.274 D_fake_ViT: 0.110 global: 0.427 spatial: 0.079 
(epoch: 37, iters: 1868, time: 0.487, data: 0.001) G_GAN_ViT: 0.557 D_real_ViT: 0.213 D_fake_ViT: 0.111 global: 0.453 spatial: 0.086 
(epoch: 37, iters: 1968, time: 0.487, data: 0.001) G_GAN_ViT: 0.473 D_real_ViT: 0.073 D_fake_ViT: 0.177 global: 0.474 spatial: 0.121 
(epoch: 37, iters: 2068, time: 0.487, data: 0.002) G_GAN_ViT: 0.538 D_real_ViT: 0.207 D_fake_ViT: 0.131 global: 0.486 spatial: 0.081 
(epoch: 37, iters: 2168, time: 0.487, data: 0.001) G_GAN_ViT: 0.586 D_real_ViT: 0.149 D_fake_ViT: 0.087 global: 0.350 spatial: 0.072 
(epoch: 37, iters: 2268, time: 0.488, data: 0.001) G_GAN_ViT: 0.535 D_real_ViT: 0.190 D_fake_ViT: 0.145 global: 0.511 spatial: 0.109 
(epoch: 37, iters: 2368, time: 0.488, data: 0.001) G_GAN_ViT: 0.525 D_real_ViT: 0.212 D_fake_ViT: 0.130 global: 0.559 spatial: 0.086 
(epoch: 37, iters: 2468, time: 0.488, data: 0.001) G_GAN_ViT: 0.736 D_real_ViT: 0.252 D_fake_ViT: 0.075 global: 0.539 spatial: 0.096 
(epoch: 37, iters: 2568, time: 0.488, data: 0.001) G_GAN_ViT: 0.580 D_real_ViT: 0.104 D_fake_ViT: 0.113 global: 0.448 spatial: 0.100 
(epoch: 37, iters: 2668, time: 0.488, data: 0.001) G_GAN_ViT: 0.508 D_real_ViT: 0.147 D_fake_ViT: 0.161 global: 0.497 spatial: 0.089 
(epoch: 37, iters: 2768, time: 0.488, data: 0.002) G_GAN_ViT: 0.296 D_real_ViT: 0.070 D_fake_ViT: 0.287 global: 0.461 spatial: 0.103 
(epoch: 37, iters: 2868, time: 0.488, data: 0.001) G_GAN_ViT: 0.571 D_real_ViT: 0.093 D_fake_ViT: 0.131 global: 0.475 spatial: 0.115 
(epoch: 37, iters: 2968, time: 0.487, data: 0.001) G_GAN_ViT: 0.806 D_real_ViT: 0.105 D_fake_ViT: 0.069 global: 0.512 spatial: 0.103 
saving the latest model (epoch 37, total_iters 205000)
ICL_single_monitor
(epoch: 37, iters: 3068, time: 0.487, data: 0.001) G_GAN_ViT: 0.480 D_real_ViT: 0.122 D_fake_ViT: 0.161 global: 0.530 spatial: 0.107 
(epoch: 37, iters: 3168, time: 0.487, data: 0.001) G_GAN_ViT: 0.464 D_real_ViT: 0.216 D_fake_ViT: 0.161 global: 0.538 spatial: 0.077 
(epoch: 37, iters: 3268, time: 0.487, data: 0.003) G_GAN_ViT: 0.313 D_real_ViT: 0.164 D_fake_ViT: 0.294 global: 0.475 spatial: 0.122 
(epoch: 37, iters: 3368, time: 0.487, data: 0.001) G_GAN_ViT: 0.329 D_real_ViT: 0.191 D_fake_ViT: 0.260 global: 0.394 spatial: 0.061 
(epoch: 37, iters: 3468, time: 0.488, data: 0.001) G_GAN_ViT: 0.343 D_real_ViT: 0.141 D_fake_ViT: 0.271 global: 0.604 spatial: 0.115 
(epoch: 37, iters: 3568, time: 0.488, data: 0.002) G_GAN_ViT: 0.618 D_real_ViT: 0.150 D_fake_ViT: 0.083 global: 0.360 spatial: 0.049 
(epoch: 37, iters: 3668, time: 0.487, data: 0.001) G_GAN_ViT: 0.589 D_real_ViT: 0.178 D_fake_ViT: 0.116 global: 0.513 spatial: 0.119 
(epoch: 37, iters: 3768, time: 0.487, data: 0.001) G_GAN_ViT: 0.399 D_real_ViT: 0.471 D_fake_ViT: 0.197 global: 0.473 spatial: 0.096 
(epoch: 37, iters: 3868, time: 0.488, data: 0.001) G_GAN_ViT: 0.458 D_real_ViT: 0.255 D_fake_ViT: 0.161 global: 0.478 spatial: 0.089 
(epoch: 37, iters: 3968, time: 0.488, data: 0.001) G_GAN_ViT: 0.673 D_real_ViT: 0.127 D_fake_ViT: 0.097 global: 0.533 spatial: 0.112 
(epoch: 37, iters: 4068, time: 0.488, data: 0.001) G_GAN_ViT: 0.577 D_real_ViT: 0.175 D_fake_ViT: 0.117 global: 0.463 spatial: 0.075 
(epoch: 37, iters: 4168, time: 0.488, data: 0.001) G_GAN_ViT: 0.418 D_real_ViT: 0.143 D_fake_ViT: 0.188 global: 0.450 spatial: 0.090 
(epoch: 37, iters: 4268, time: 0.488, data: 0.001) G_GAN_ViT: 0.325 D_real_ViT: 0.244 D_fake_ViT: 0.255 global: 0.457 spatial: 0.059 
(epoch: 37, iters: 4368, time: 0.488, data: 0.001) G_GAN_ViT: 0.480 D_real_ViT: 0.060 D_fake_ViT: 0.168 global: 0.478 spatial: 0.103 
(epoch: 37, iters: 4468, time: 0.487, data: 0.001) G_GAN_ViT: 0.434 D_real_ViT: 0.223 D_fake_ViT: 0.177 global: 0.400 spatial: 0.064 
(epoch: 37, iters: 4568, time: 0.488, data: 0.001) G_GAN_ViT: 0.354 D_real_ViT: 0.289 D_fake_ViT: 0.274 global: 0.573 spatial: 0.095 
(epoch: 37, iters: 4668, time: 0.488, data: 0.001) G_GAN_ViT: 0.564 D_real_ViT: 0.352 D_fake_ViT: 0.134 global: 0.551 spatial: 0.117 
(epoch: 37, iters: 4768, time: 0.488, data: 0.001) G_GAN_ViT: 0.634 D_real_ViT: 0.135 D_fake_ViT: 0.074 global: 0.403 spatial: 0.083 
(epoch: 37, iters: 4868, time: 0.488, data: 0.001) G_GAN_ViT: 0.595 D_real_ViT: 0.139 D_fake_ViT: 0.091 global: 0.512 spatial: 0.081 
(epoch: 37, iters: 4968, time: 0.487, data: 0.001) G_GAN_ViT: 0.390 D_real_ViT: 0.242 D_fake_ViT: 0.208 global: 0.477 spatial: 0.098 
(epoch: 37, iters: 5068, time: 0.488, data: 0.001) G_GAN_ViT: 0.471 D_real_ViT: 0.129 D_fake_ViT: 0.157 global: 0.480 spatial: 0.071 
(epoch: 37, iters: 5168, time: 0.488, data: 0.001) G_GAN_ViT: 0.574 D_real_ViT: 0.234 D_fake_ViT: 0.102 global: 0.374 spatial: 0.065 
(epoch: 37, iters: 5268, time: 0.488, data: 0.002) G_GAN_ViT: 0.483 D_real_ViT: 0.192 D_fake_ViT: 0.145 global: 0.511 spatial: 0.092 
(epoch: 37, iters: 5368, time: 0.487, data: 0.001) G_GAN_ViT: 0.516 D_real_ViT: 0.238 D_fake_ViT: 0.130 global: 0.327 spatial: 0.057 
(epoch: 37, iters: 5468, time: 0.487, data: 0.001) G_GAN_ViT: 0.405 D_real_ViT: 0.334 D_fake_ViT: 0.196 global: 0.538 spatial: 0.097 
(epoch: 37, iters: 5568, time: 0.487, data: 0.002) G_GAN_ViT: 0.337 D_real_ViT: 0.179 D_fake_ViT: 0.253 global: 0.555 spatial: 0.099 
End of epoch 37 / 100 	 Time Taken: 2745 sec
learning rate = 0.0000100
(epoch: 38, iters: 56, time: 0.487, data: 0.001) G_GAN_ViT: 0.310 D_real_ViT: 0.232 D_fake_ViT: 0.269 global: 0.511 spatial: 0.092 
(epoch: 38, iters: 156, time: 0.487, data: 0.001) G_GAN_ViT: 0.372 D_real_ViT: 0.144 D_fake_ViT: 0.249 global: 0.400 spatial: 0.068 
(epoch: 38, iters: 256, time: 0.488, data: 0.001) G_GAN_ViT: 0.627 D_real_ViT: 0.203 D_fake_ViT: 0.117 global: 0.524 spatial: 0.098 
(epoch: 38, iters: 356, time: 0.488, data: 0.002) G_GAN_ViT: 0.319 D_real_ViT: 0.132 D_fake_ViT: 0.265 global: 0.493 spatial: 0.109 
(epoch: 38, iters: 456, time: 0.488, data: 0.001) G_GAN_ViT: 0.405 D_real_ViT: 0.315 D_fake_ViT: 0.204 global: 0.479 spatial: 0.096 
(epoch: 38, iters: 556, time: 0.487, data: 0.001) G_GAN_ViT: 0.586 D_real_ViT: 0.224 D_fake_ViT: 0.120 global: 0.516 spatial: 0.094 
(epoch: 38, iters: 656, time: 0.487, data: 0.001) G_GAN_ViT: 0.592 D_real_ViT: 0.259 D_fake_ViT: 0.089 global: 0.396 spatial: 0.086 
(epoch: 38, iters: 756, time: 0.487, data: 0.001) G_GAN_ViT: 0.578 D_real_ViT: 0.262 D_fake_ViT: 0.120 global: 0.498 spatial: 0.104 
(epoch: 38, iters: 856, time: 0.488, data: 0.001) G_GAN_ViT: 0.635 D_real_ViT: 0.096 D_fake_ViT: 0.112 global: 0.511 spatial: 0.118 
(epoch: 38, iters: 956, time: 0.487, data: 0.001) G_GAN_ViT: 0.571 D_real_ViT: 0.065 D_fake_ViT: 0.098 global: 0.435 spatial: 0.077 
(epoch: 38, iters: 1056, time: 0.487, data: 0.002) G_GAN_ViT: 0.468 D_real_ViT: 0.193 D_fake_ViT: 0.169 global: 0.454 spatial: 0.096 
(epoch: 38, iters: 1156, time: 0.487, data: 0.001) G_GAN_ViT: 0.532 D_real_ViT: 0.163 D_fake_ViT: 0.122 global: 0.385 spatial: 0.085 
(epoch: 38, iters: 1256, time: 0.486, data: 0.001) G_GAN_ViT: 0.415 D_real_ViT: 0.354 D_fake_ViT: 0.192 global: 0.534 spatial: 0.095 
(epoch: 38, iters: 1356, time: 0.487, data: 0.001) G_GAN_ViT: 0.363 D_real_ViT: 0.105 D_fake_ViT: 0.240 global: 0.461 spatial: 0.086 
(epoch: 38, iters: 1456, time: 0.487, data: 0.002) G_GAN_ViT: 0.596 D_real_ViT: 0.561 D_fake_ViT: 0.106 global: 0.447 spatial: 0.101 
(epoch: 38, iters: 1556, time: 0.487, data: 0.001) G_GAN_ViT: 0.571 D_real_ViT: 0.193 D_fake_ViT: 0.112 global: 0.459 spatial: 0.111 
(epoch: 38, iters: 1656, time: 0.487, data: 0.001) G_GAN_ViT: 0.471 D_real_ViT: 0.408 D_fake_ViT: 0.169 global: 0.487 spatial: 0.117 
(epoch: 38, iters: 1756, time: 0.487, data: 0.001) G_GAN_ViT: 0.369 D_real_ViT: 0.119 D_fake_ViT: 0.241 global: 0.536 spatial: 0.112 
(epoch: 38, iters: 1856, time: 0.487, data: 0.001) G_GAN_ViT: 0.319 D_real_ViT: 0.152 D_fake_ViT: 0.292 global: 0.501 spatial: 0.087 
(epoch: 38, iters: 1956, time: 0.487, data: 0.001) G_GAN_ViT: 0.537 D_real_ViT: 0.166 D_fake_ViT: 0.105 global: 0.417 spatial: 0.074 
(epoch: 38, iters: 2056, time: 0.487, data: 0.001) G_GAN_ViT: 0.378 D_real_ViT: 0.099 D_fake_ViT: 0.239 global: 0.464 spatial: 0.108 
(epoch: 38, iters: 2156, time: 0.487, data: 0.001) G_GAN_ViT: 0.483 D_real_ViT: 0.185 D_fake_ViT: 0.134 global: 0.503 spatial: 0.059 
(epoch: 38, iters: 2256, time: 0.487, data: 0.002) G_GAN_ViT: 0.344 D_real_ViT: 0.065 D_fake_ViT: 0.252 global: 0.537 spatial: 0.116 
(epoch: 38, iters: 2356, time: 0.486, data: 0.001) G_GAN_ViT: 0.483 D_real_ViT: 0.185 D_fake_ViT: 0.152 global: 0.472 spatial: 0.091 
saving the latest model (epoch 38, total_iters 210000)
ICL_single_monitor
(epoch: 38, iters: 2456, time: 0.487, data: 0.001) G_GAN_ViT: 0.456 D_real_ViT: 0.303 D_fake_ViT: 0.147 global: 0.387 spatial: 0.079 
(epoch: 38, iters: 2556, time: 0.486, data: 0.001) G_GAN_ViT: 0.568 D_real_ViT: 0.145 D_fake_ViT: 0.142 global: 0.397 spatial: 0.097 
(epoch: 38, iters: 2656, time: 0.487, data: 0.001) G_GAN_ViT: 0.568 D_real_ViT: 0.204 D_fake_ViT: 0.092 global: 0.351 spatial: 0.077 
(epoch: 38, iters: 2756, time: 0.487, data: 0.002) G_GAN_ViT: 0.442 D_real_ViT: 0.152 D_fake_ViT: 0.191 global: 0.480 spatial: 0.114 
(epoch: 38, iters: 2856, time: 0.487, data: 0.001) G_GAN_ViT: 0.481 D_real_ViT: 0.131 D_fake_ViT: 0.154 global: 0.475 spatial: 0.117 
(epoch: 38, iters: 2956, time: 0.487, data: 0.001) G_GAN_ViT: 0.456 D_real_ViT: 0.135 D_fake_ViT: 0.179 global: 0.428 spatial: 0.102 
(epoch: 38, iters: 3056, time: 0.487, data: 0.002) G_GAN_ViT: 0.407 D_real_ViT: 0.213 D_fake_ViT: 0.187 global: 0.479 spatial: 0.097 
(epoch: 38, iters: 3156, time: 0.487, data: 0.001) G_GAN_ViT: 0.765 D_real_ViT: 0.308 D_fake_ViT: 0.070 global: 0.449 spatial: 0.102 
(epoch: 38, iters: 3256, time: 0.487, data: 0.001) G_GAN_ViT: 0.378 D_real_ViT: 0.063 D_fake_ViT: 0.218 global: 0.470 spatial: 0.062 
(epoch: 38, iters: 3356, time: 0.487, data: 0.001) G_GAN_ViT: 0.366 D_real_ViT: 0.253 D_fake_ViT: 0.247 global: 0.501 spatial: 0.092 
(epoch: 38, iters: 3456, time: 0.488, data: 0.002) G_GAN_ViT: 0.402 D_real_ViT: 0.062 D_fake_ViT: 0.198 global: 0.487 spatial: 0.078 
(epoch: 38, iters: 3556, time: 0.487, data: 0.001) G_GAN_ViT: 0.532 D_real_ViT: 0.220 D_fake_ViT: 0.144 global: 0.509 spatial: 0.120 
(epoch: 38, iters: 3656, time: 0.487, data: 0.001) G_GAN_ViT: 0.370 D_real_ViT: 0.190 D_fake_ViT: 0.229 global: 0.532 spatial: 0.099 
(epoch: 38, iters: 3756, time: 0.487, data: 0.001) G_GAN_ViT: 0.360 D_real_ViT: 0.179 D_fake_ViT: 0.229 global: 0.496 spatial: 0.100 
(epoch: 38, iters: 3856, time: 0.486, data: 0.001) G_GAN_ViT: 0.537 D_real_ViT: 0.173 D_fake_ViT: 0.158 global: 0.534 spatial: 0.118 
(epoch: 38, iters: 3956, time: 0.487, data: 0.001) G_GAN_ViT: 0.401 D_real_ViT: 0.145 D_fake_ViT: 0.181 global: 0.322 spatial: 0.059 
(epoch: 38, iters: 4056, time: 0.487, data: 0.002) G_GAN_ViT: 0.571 D_real_ViT: 0.117 D_fake_ViT: 0.094 global: 0.381 spatial: 0.077 
(epoch: 38, iters: 4156, time: 0.487, data: 0.001) G_GAN_ViT: 0.357 D_real_ViT: 0.297 D_fake_ViT: 0.230 global: 0.486 spatial: 0.101 
(epoch: 38, iters: 4256, time: 0.487, data: 0.001) G_GAN_ViT: 0.591 D_real_ViT: 0.218 D_fake_ViT: 0.125 global: 0.414 spatial: 0.112 
(epoch: 38, iters: 4356, time: 0.486, data: 0.002) G_GAN_ViT: 0.425 D_real_ViT: 0.078 D_fake_ViT: 0.192 global: 0.512 spatial: 0.116 
(epoch: 38, iters: 4456, time: 0.486, data: 0.001) G_GAN_ViT: 0.455 D_real_ViT: 0.322 D_fake_ViT: 0.157 global: 0.369 spatial: 0.059 
(epoch: 38, iters: 4556, time: 0.486, data: 0.001) G_GAN_ViT: 0.708 D_real_ViT: 0.287 D_fake_ViT: 0.058 global: 0.327 spatial: 0.048 
(epoch: 38, iters: 4656, time: 0.486, data: 0.001) G_GAN_ViT: 0.334 D_real_ViT: 0.304 D_fake_ViT: 0.241 global: 0.458 spatial: 0.104 
(epoch: 38, iters: 4756, time: 0.486, data: 0.001) G_GAN_ViT: 0.480 D_real_ViT: 0.164 D_fake_ViT: 0.146 global: 0.390 spatial: 0.081 
(epoch: 38, iters: 4856, time: 0.487, data: 0.001) G_GAN_ViT: 0.559 D_real_ViT: 0.120 D_fake_ViT: 0.117 global: 0.542 spatial: 0.094 
(epoch: 38, iters: 4956, time: 0.487, data: 0.002) G_GAN_ViT: 0.362 D_real_ViT: 0.092 D_fake_ViT: 0.257 global: 0.482 spatial: 0.063 
(epoch: 38, iters: 5056, time: 0.487, data: 0.001) G_GAN_ViT: 0.394 D_real_ViT: 0.296 D_fake_ViT: 0.209 global: 0.535 spatial: 0.097 
(epoch: 38, iters: 5156, time: 0.487, data: 0.001) G_GAN_ViT: 0.542 D_real_ViT: 0.160 D_fake_ViT: 0.118 global: 0.536 spatial: 0.104 
(epoch: 38, iters: 5256, time: 0.487, data: 0.001) G_GAN_ViT: 0.432 D_real_ViT: 0.261 D_fake_ViT: 0.161 global: 0.357 spatial: 0.062 
(epoch: 38, iters: 5356, time: 0.487, data: 0.001) G_GAN_ViT: 0.493 D_real_ViT: 0.141 D_fake_ViT: 0.141 global: 0.396 spatial: 0.086 
(epoch: 38, iters: 5456, time: 0.487, data: 0.001) G_GAN_ViT: 0.497 D_real_ViT: 0.227 D_fake_ViT: 0.127 global: 0.443 spatial: 0.088 
(epoch: 38, iters: 5556, time: 0.487, data: 0.001) G_GAN_ViT: 0.740 D_real_ViT: 0.088 D_fake_ViT: 0.050 global: 0.335 spatial: 0.055 
End of epoch 38 / 100 	 Time Taken: 2742 sec
learning rate = 0.0000100
(epoch: 39, iters: 44, time: 0.487, data: 0.001) G_GAN_ViT: 0.524 D_real_ViT: 0.196 D_fake_ViT: 0.156 global: 0.481 spatial: 0.113 
(epoch: 39, iters: 144, time: 0.487, data: 0.002) G_GAN_ViT: 0.391 D_real_ViT: 0.119 D_fake_ViT: 0.215 global: 0.440 spatial: 0.089 
(epoch: 39, iters: 244, time: 0.487, data: 0.001) G_GAN_ViT: 0.554 D_real_ViT: 0.076 D_fake_ViT: 0.144 global: 0.502 spatial: 0.085 
(epoch: 39, iters: 344, time: 0.486, data: 0.002) G_GAN_ViT: 0.391 D_real_ViT: 0.225 D_fake_ViT: 0.195 global: 0.400 spatial: 0.085 
(epoch: 39, iters: 444, time: 0.486, data: 0.001) G_GAN_ViT: 0.442 D_real_ViT: 0.169 D_fake_ViT: 0.174 global: 0.471 spatial: 0.095 
(epoch: 39, iters: 544, time: 0.487, data: 0.002) G_GAN_ViT: 0.235 D_real_ViT: 0.155 D_fake_ViT: 0.365 global: 0.482 spatial: 0.100 
(epoch: 39, iters: 644, time: 0.487, data: 0.002) G_GAN_ViT: 0.630 D_real_ViT: 0.117 D_fake_ViT: 0.110 global: 0.482 spatial: 0.075 
(epoch: 39, iters: 744, time: 0.487, data: 0.001) G_GAN_ViT: 0.545 D_real_ViT: 0.150 D_fake_ViT: 0.127 global: 0.530 spatial: 0.120 
(epoch: 39, iters: 844, time: 0.488, data: 0.001) G_GAN_ViT: 0.619 D_real_ViT: 0.255 D_fake_ViT: 0.081 global: 0.406 spatial: 0.057 
(epoch: 39, iters: 944, time: 0.488, data: 0.001) G_GAN_ViT: 0.429 D_real_ViT: 0.140 D_fake_ViT: 0.169 global: 0.457 spatial: 0.095 
(epoch: 39, iters: 1044, time: 0.488, data: 0.001) G_GAN_ViT: 0.401 D_real_ViT: 0.488 D_fake_ViT: 0.188 global: 0.503 spatial: 0.094 
(epoch: 39, iters: 1144, time: 0.488, data: 0.002) G_GAN_ViT: 0.423 D_real_ViT: 0.163 D_fake_ViT: 0.182 global: 0.411 spatial: 0.085 
(epoch: 39, iters: 1244, time: 0.488, data: 0.002) G_GAN_ViT: 0.453 D_real_ViT: 0.131 D_fake_ViT: 0.177 global: 0.442 spatial: 0.094 
(epoch: 39, iters: 1344, time: 0.488, data: 0.001) G_GAN_ViT: 0.624 D_real_ViT: 0.182 D_fake_ViT: 0.108 global: 0.474 spatial: 0.122 
(epoch: 39, iters: 1444, time: 0.488, data: 0.001) G_GAN_ViT: 0.339 D_real_ViT: 0.090 D_fake_ViT: 0.221 global: 0.309 spatial: 0.048 
(epoch: 39, iters: 1544, time: 0.488, data: 0.002) G_GAN_ViT: 0.672 D_real_ViT: 0.098 D_fake_ViT: 0.097 global: 0.532 spatial: 0.121 
(epoch: 39, iters: 1644, time: 0.488, data: 0.002) G_GAN_ViT: 0.504 D_real_ViT: 0.226 D_fake_ViT: 0.165 global: 0.449 spatial: 0.103 
(epoch: 39, iters: 1744, time: 0.487, data: 0.002) G_GAN_ViT: 0.615 D_real_ViT: 0.084 D_fake_ViT: 0.130 global: 0.594 spatial: 0.120 
saving the latest model (epoch 39, total_iters 215000)
ICL_single_monitor
(epoch: 39, iters: 1844, time: 0.487, data: 0.002) G_GAN_ViT: 0.568 D_real_ViT: 0.143 D_fake_ViT: 0.098 global: 0.293 spatial: 0.050 
(epoch: 39, iters: 1944, time: 0.487, data: 0.001) G_GAN_ViT: 0.777 D_real_ViT: 0.139 D_fake_ViT: 0.083 global: 0.468 spatial: 0.105 
(epoch: 39, iters: 2044, time: 0.487, data: 0.002) G_GAN_ViT: 0.564 D_real_ViT: 0.129 D_fake_ViT: 0.121 global: 0.417 spatial: 0.073 
(epoch: 39, iters: 2144, time: 0.487, data: 0.001) G_GAN_ViT: 0.539 D_real_ViT: 0.144 D_fake_ViT: 0.157 global: 0.487 spatial: 0.107 
(epoch: 39, iters: 2244, time: 0.488, data: 0.001) G_GAN_ViT: 0.490 D_real_ViT: 0.531 D_fake_ViT: 0.158 global: 0.406 spatial: 0.100 
(epoch: 39, iters: 2344, time: 0.488, data: 0.002) G_GAN_ViT: 0.417 D_real_ViT: 0.165 D_fake_ViT: 0.175 global: 0.503 spatial: 0.092 
(epoch: 39, iters: 2444, time: 0.488, data: 0.002) G_GAN_ViT: 0.382 D_real_ViT: 0.176 D_fake_ViT: 0.243 global: 0.555 spatial: 0.111 
(epoch: 39, iters: 2544, time: 0.488, data: 0.002) G_GAN_ViT: 0.572 D_real_ViT: 0.628 D_fake_ViT: 0.105 global: 0.456 spatial: 0.086 
(epoch: 39, iters: 2644, time: 0.488, data: 0.002) G_GAN_ViT: 0.424 D_real_ViT: 0.092 D_fake_ViT: 0.183 global: 0.454 spatial: 0.089 
(epoch: 39, iters: 2744, time: 0.488, data: 0.001) G_GAN_ViT: 0.264 D_real_ViT: 0.385 D_fake_ViT: 0.329 global: 0.514 spatial: 0.113 
(epoch: 39, iters: 2844, time: 0.488, data: 0.001) G_GAN_ViT: 0.479 D_real_ViT: 0.140 D_fake_ViT: 0.171 global: 0.446 spatial: 0.084 
(epoch: 39, iters: 2944, time: 0.487, data: 0.002) G_GAN_ViT: 0.587 D_real_ViT: 0.475 D_fake_ViT: 0.090 global: 0.437 spatial: 0.061 
(epoch: 39, iters: 3044, time: 0.488, data: 0.002) G_GAN_ViT: 0.579 D_real_ViT: 0.123 D_fake_ViT: 0.111 global: 0.429 spatial: 0.078 
(epoch: 39, iters: 3144, time: 0.488, data: 0.001) G_GAN_ViT: 0.659 D_real_ViT: 0.159 D_fake_ViT: 0.102 global: 0.397 spatial: 0.083 
(epoch: 39, iters: 3244, time: 0.488, data: 0.002) G_GAN_ViT: 0.361 D_real_ViT: 0.158 D_fake_ViT: 0.227 global: 0.377 spatial: 0.072 
(epoch: 39, iters: 3344, time: 0.488, data: 0.002) G_GAN_ViT: 0.433 D_real_ViT: 0.074 D_fake_ViT: 0.187 global: 0.414 spatial: 0.068 
(epoch: 39, iters: 3444, time: 0.489, data: 0.001) G_GAN_ViT: 0.340 D_real_ViT: 0.098 D_fake_ViT: 0.244 global: 0.470 spatial: 0.090 
(epoch: 39, iters: 3544, time: 0.489, data: 0.002) G_GAN_ViT: 0.689 D_real_ViT: 0.369 D_fake_ViT: 0.090 global: 0.542 spatial: 0.090 
(epoch: 39, iters: 3644, time: 0.489, data: 0.002) G_GAN_ViT: 0.500 D_real_ViT: 0.358 D_fake_ViT: 0.133 global: 0.448 spatial: 0.091 
(epoch: 39, iters: 3744, time: 0.488, data: 0.002) G_GAN_ViT: 0.293 D_real_ViT: 0.332 D_fake_ViT: 0.280 global: 0.383 spatial: 0.068 
(epoch: 39, iters: 3844, time: 0.488, data: 0.001) G_GAN_ViT: 0.413 D_real_ViT: 0.149 D_fake_ViT: 0.212 global: 0.507 spatial: 0.121 
(epoch: 39, iters: 3944, time: 0.488, data: 0.002) G_GAN_ViT: 0.349 D_real_ViT: 0.106 D_fake_ViT: 0.226 global: 0.401 spatial: 0.054 
(epoch: 39, iters: 4044, time: 0.488, data: 0.002) G_GAN_ViT: 0.498 D_real_ViT: 0.082 D_fake_ViT: 0.140 global: 0.439 spatial: 0.083 
(epoch: 39, iters: 4144, time: 0.488, data: 0.002) G_GAN_ViT: 0.330 D_real_ViT: 0.050 D_fake_ViT: 0.250 global: 0.369 spatial: 0.068 
(epoch: 39, iters: 4244, time: 0.488, data: 0.002) G_GAN_ViT: 0.342 D_real_ViT: 0.121 D_fake_ViT: 0.268 global: 0.509 spatial: 0.110 
(epoch: 39, iters: 4344, time: 0.488, data: 0.001) G_GAN_ViT: 0.423 D_real_ViT: 0.343 D_fake_ViT: 0.182 global: 0.499 spatial: 0.088 
(epoch: 39, iters: 4444, time: 0.488, data: 0.002) G_GAN_ViT: 0.408 D_real_ViT: 0.414 D_fake_ViT: 0.178 global: 0.404 spatial: 0.076 
(epoch: 39, iters: 4544, time: 0.488, data: 0.002) G_GAN_ViT: 0.542 D_real_ViT: 0.158 D_fake_ViT: 0.138 global: 0.551 spatial: 0.087 
(epoch: 39, iters: 4644, time: 0.488, data: 0.001) G_GAN_ViT: 0.537 D_real_ViT: 0.244 D_fake_ViT: 0.132 global: 0.586 spatial: 0.099 
(epoch: 39, iters: 4744, time: 0.488, data: 0.001) G_GAN_ViT: 0.466 D_real_ViT: 0.180 D_fake_ViT: 0.152 global: 0.448 spatial: 0.097 
(epoch: 39, iters: 4844, time: 0.488, data: 0.002) G_GAN_ViT: 0.461 D_real_ViT: 0.265 D_fake_ViT: 0.167 global: 0.454 spatial: 0.092 
(epoch: 39, iters: 4944, time: 0.488, data: 0.001) G_GAN_ViT: 0.416 D_real_ViT: 0.109 D_fake_ViT: 0.187 global: 0.450 spatial: 0.094 
(epoch: 39, iters: 5044, time: 0.488, data: 0.002) G_GAN_ViT: 0.258 D_real_ViT: 0.261 D_fake_ViT: 0.319 global: 0.332 spatial: 0.050 
(epoch: 39, iters: 5144, time: 0.488, data: 0.002) G_GAN_ViT: 0.570 D_real_ViT: 0.296 D_fake_ViT: 0.106 global: 0.392 spatial: 0.056 
(epoch: 39, iters: 5244, time: 0.487, data: 0.002) G_GAN_ViT: 0.506 D_real_ViT: 0.091 D_fake_ViT: 0.122 global: 0.425 spatial: 0.059 
(epoch: 39, iters: 5344, time: 0.487, data: 0.001) G_GAN_ViT: 0.400 D_real_ViT: 0.140 D_fake_ViT: 0.225 global: 0.581 spatial: 0.101 
(epoch: 39, iters: 5444, time: 0.488, data: 0.002) G_GAN_ViT: 0.639 D_real_ViT: 0.245 D_fake_ViT: 0.076 global: 0.407 spatial: 0.065 
(epoch: 39, iters: 5544, time: 0.488, data: 0.002) G_GAN_ViT: 0.579 D_real_ViT: 0.629 D_fake_ViT: 0.140 global: 0.463 spatial: 0.111 
End of epoch 39 / 100 	 Time Taken: 2747 sec
learning rate = 0.0000100
(epoch: 40, iters: 32, time: 0.488, data: 0.002) G_GAN_ViT: 0.300 D_real_ViT: 0.226 D_fake_ViT: 0.280 global: 0.477 spatial: 0.104 
(epoch: 40, iters: 132, time: 0.488, data: 0.001) G_GAN_ViT: 0.507 D_real_ViT: 0.120 D_fake_ViT: 0.131 global: 0.417 spatial: 0.093 
(epoch: 40, iters: 232, time: 0.488, data: 0.001) G_GAN_ViT: 0.478 D_real_ViT: 0.133 D_fake_ViT: 0.156 global: 0.492 spatial: 0.083 
(epoch: 40, iters: 332, time: 0.488, data: 0.002) G_GAN_ViT: 0.409 D_real_ViT: 0.228 D_fake_ViT: 0.178 global: 0.391 spatial: 0.063 
(epoch: 40, iters: 432, time: 0.488, data: 0.002) G_GAN_ViT: 0.427 D_real_ViT: 0.124 D_fake_ViT: 0.206 global: 0.475 spatial: 0.107 
(epoch: 40, iters: 532, time: 0.487, data: 0.002) G_GAN_ViT: 0.548 D_real_ViT: 0.048 D_fake_ViT: 0.120 global: 0.552 spatial: 0.098 
(epoch: 40, iters: 632, time: 0.485, data: 0.002) G_GAN_ViT: 0.421 D_real_ViT: 0.220 D_fake_ViT: 0.194 global: 0.567 spatial: 0.108 
(epoch: 40, iters: 732, time: 0.484, data: 0.002) G_GAN_ViT: 0.428 D_real_ViT: 0.241 D_fake_ViT: 0.165 global: 0.336 spatial: 0.067 
(epoch: 40, iters: 832, time: 0.484, data: 0.002) G_GAN_ViT: 0.314 D_real_ViT: 0.106 D_fake_ViT: 0.273 global: 0.392 spatial: 0.062 
(epoch: 40, iters: 932, time: 0.484, data: 0.001) G_GAN_ViT: 0.369 D_real_ViT: 0.136 D_fake_ViT: 0.206 global: 0.460 spatial: 0.097 
(epoch: 40, iters: 1032, time: 0.483, data: 0.003) G_GAN_ViT: 0.536 D_real_ViT: 0.178 D_fake_ViT: 0.120 global: 0.450 spatial: 0.090 
(epoch: 40, iters: 1132, time: 0.483, data: 0.002) G_GAN_ViT: 0.577 D_real_ViT: 0.144 D_fake_ViT: 0.094 global: 0.396 spatial: 0.082 
saving the latest model (epoch 40, total_iters 220000)
ICL_single_monitor
(epoch: 40, iters: 1232, time: 0.483, data: 0.002) G_GAN_ViT: 0.554 D_real_ViT: 0.233 D_fake_ViT: 0.149 global: 0.405 spatial: 0.088 
(epoch: 40, iters: 1332, time: 0.483, data: 0.001) G_GAN_ViT: 0.612 D_real_ViT: 0.130 D_fake_ViT: 0.089 global: 0.333 spatial: 0.058 
(epoch: 40, iters: 1432, time: 0.483, data: 0.001) G_GAN_ViT: 0.339 D_real_ViT: 0.288 D_fake_ViT: 0.272 global: 0.427 spatial: 0.109 
(epoch: 40, iters: 1532, time: 0.484, data: 0.001) G_GAN_ViT: 0.464 D_real_ViT: 0.119 D_fake_ViT: 0.186 global: 0.487 spatial: 0.082 
(epoch: 40, iters: 1632, time: 0.484, data: 0.001) G_GAN_ViT: 0.261 D_real_ViT: 0.272 D_fake_ViT: 0.319 global: 0.368 spatial: 0.058 
(epoch: 40, iters: 1732, time: 0.484, data: 0.001) G_GAN_ViT: 0.508 D_real_ViT: 0.097 D_fake_ViT: 0.138 global: 0.407 spatial: 0.097 
(epoch: 40, iters: 1832, time: 0.484, data: 0.001) G_GAN_ViT: 0.419 D_real_ViT: 0.074 D_fake_ViT: 0.179 global: 0.493 spatial: 0.065 
(epoch: 40, iters: 1932, time: 0.484, data: 0.001) G_GAN_ViT: 0.488 D_real_ViT: 0.136 D_fake_ViT: 0.168 global: 0.484 spatial: 0.110 
(epoch: 40, iters: 2032, time: 0.484, data: 0.001) G_GAN_ViT: 0.512 D_real_ViT: 0.324 D_fake_ViT: 0.150 global: 0.504 spatial: 0.125 
(epoch: 40, iters: 2132, time: 0.483, data: 0.001) G_GAN_ViT: 0.315 D_real_ViT: 0.122 D_fake_ViT: 0.262 global: 0.477 spatial: 0.094 
(epoch: 40, iters: 2232, time: 0.483, data: 0.001) G_GAN_ViT: 0.486 D_real_ViT: 0.100 D_fake_ViT: 0.166 global: 0.539 spatial: 0.091 
(epoch: 40, iters: 2332, time: 0.483, data: 0.001) G_GAN_ViT: 0.519 D_real_ViT: 0.246 D_fake_ViT: 0.129 global: 0.413 spatial: 0.073 
(epoch: 40, iters: 2432, time: 0.483, data: 0.001) G_GAN_ViT: 0.537 D_real_ViT: 0.197 D_fake_ViT: 0.128 global: 0.460 spatial: 0.086 
(epoch: 40, iters: 2532, time: 0.483, data: 0.001) G_GAN_ViT: 0.602 D_real_ViT: 0.244 D_fake_ViT: 0.101 global: 0.440 spatial: 0.062 
(epoch: 40, iters: 2632, time: 0.484, data: 0.002) G_GAN_ViT: 0.381 D_real_ViT: 0.326 D_fake_ViT: 0.228 global: 0.484 spatial: 0.100 
(epoch: 40, iters: 2732, time: 0.484, data: 0.001) G_GAN_ViT: 0.324 D_real_ViT: 0.321 D_fake_ViT: 0.282 global: 0.549 spatial: 0.110 
(epoch: 40, iters: 2832, time: 0.483, data: 0.002) G_GAN_ViT: 0.420 D_real_ViT: 0.140 D_fake_ViT: 0.174 global: 0.364 spatial: 0.073 
(epoch: 40, iters: 2932, time: 0.485, data: 0.002) G_GAN_ViT: 0.505 D_real_ViT: 0.111 D_fake_ViT: 0.146 global: 0.454 spatial: 0.100 
(epoch: 40, iters: 3032, time: 0.486, data: 0.001) G_GAN_ViT: 0.326 D_real_ViT: 0.364 D_fake_ViT: 0.263 global: 0.554 spatial: 0.109 
(epoch: 40, iters: 3132, time: 0.487, data: 0.001) G_GAN_ViT: 0.293 D_real_ViT: 0.090 D_fake_ViT: 0.313 global: 0.463 spatial: 0.107 
(epoch: 40, iters: 3232, time: 0.487, data: 0.002) G_GAN_ViT: 0.689 D_real_ViT: 0.216 D_fake_ViT: 0.088 global: 0.499 spatial: 0.097 
(epoch: 40, iters: 3332, time: 0.487, data: 0.002) G_GAN_ViT: 0.515 D_real_ViT: 0.141 D_fake_ViT: 0.140 global: 0.486 spatial: 0.108 
(epoch: 40, iters: 3432, time: 0.486, data: 0.001) G_GAN_ViT: 0.335 D_real_ViT: 0.172 D_fake_ViT: 0.258 global: 0.360 spatial: 0.061 
(epoch: 40, iters: 3532, time: 0.486, data: 0.001) G_GAN_ViT: 0.478 D_real_ViT: 0.209 D_fake_ViT: 0.145 global: 0.509 spatial: 0.086 
(epoch: 40, iters: 3632, time: 0.485, data: 0.001) G_GAN_ViT: 0.365 D_real_ViT: 0.272 D_fake_ViT: 0.213 global: 0.419 spatial: 0.093 
(epoch: 40, iters: 3732, time: 0.484, data: 0.001) G_GAN_ViT: 0.479 D_real_ViT: 0.140 D_fake_ViT: 0.149 global: 0.501 spatial: 0.102 
(epoch: 40, iters: 3832, time: 0.484, data: 0.001) G_GAN_ViT: 0.394 D_real_ViT: 0.583 D_fake_ViT: 0.198 global: 0.514 spatial: 0.094 
(epoch: 40, iters: 3932, time: 0.484, data: 0.001) G_GAN_ViT: 0.586 D_real_ViT: 0.168 D_fake_ViT: 0.111 global: 0.456 spatial: 0.103 
(epoch: 40, iters: 4032, time: 0.484, data: 0.001) G_GAN_ViT: 0.538 D_real_ViT: 0.237 D_fake_ViT: 0.121 global: 0.400 spatial: 0.067 
(epoch: 40, iters: 4132, time: 0.483, data: 0.001) G_GAN_ViT: 0.589 D_real_ViT: 0.206 D_fake_ViT: 0.133 global: 0.525 spatial: 0.122 
(epoch: 40, iters: 4232, time: 0.483, data: 0.001) G_GAN_ViT: 0.627 D_real_ViT: 0.179 D_fake_ViT: 0.112 global: 0.486 spatial: 0.099 
(epoch: 40, iters: 4332, time: 0.484, data: 0.001) G_GAN_ViT: 0.471 D_real_ViT: 0.215 D_fake_ViT: 0.185 global: 0.501 spatial: 0.125 
(epoch: 40, iters: 4432, time: 0.485, data: 0.001) G_GAN_ViT: 0.590 D_real_ViT: 0.243 D_fake_ViT: 0.090 global: 0.461 spatial: 0.091 
(epoch: 40, iters: 4532, time: 0.484, data: 0.002) G_GAN_ViT: 0.576 D_real_ViT: 0.126 D_fake_ViT: 0.130 global: 0.460 spatial: 0.109 
(epoch: 40, iters: 4632, time: 0.483, data: 0.001) G_GAN_ViT: 0.482 D_real_ViT: 0.268 D_fake_ViT: 0.143 global: 0.493 spatial: 0.090 
(epoch: 40, iters: 4732, time: 0.483, data: 0.002) G_GAN_ViT: 0.257 D_real_ViT: 0.180 D_fake_ViT: 0.347 global: 0.482 spatial: 0.080 
(epoch: 40, iters: 4832, time: 0.483, data: 0.001) G_GAN_ViT: 0.468 D_real_ViT: 0.120 D_fake_ViT: 0.186 global: 0.447 spatial: 0.099 
(epoch: 40, iters: 4932, time: 0.483, data: 0.001) G_GAN_ViT: 0.555 D_real_ViT: 0.246 D_fake_ViT: 0.133 global: 0.463 spatial: 0.108 
(epoch: 40, iters: 5032, time: 0.482, data: 0.001) G_GAN_ViT: 0.445 D_real_ViT: 0.082 D_fake_ViT: 0.185 global: 0.569 spatial: 0.081 
(epoch: 40, iters: 5132, time: 0.483, data: 0.002) G_GAN_ViT: 0.300 D_real_ViT: 0.168 D_fake_ViT: 0.269 global: 0.371 spatial: 0.061 
(epoch: 40, iters: 5232, time: 0.484, data: 0.001) G_GAN_ViT: 0.661 D_real_ViT: 0.126 D_fake_ViT: 0.091 global: 0.450 spatial: 0.101 
(epoch: 40, iters: 5332, time: 0.485, data: 0.001) G_GAN_ViT: 0.656 D_real_ViT: 0.097 D_fake_ViT: 0.069 global: 0.395 spatial: 0.077 
(epoch: 40, iters: 5432, time: 0.485, data: 0.001) G_GAN_ViT: 0.369 D_real_ViT: 0.324 D_fake_ViT: 0.238 global: 0.526 spatial: 0.090 
(epoch: 40, iters: 5532, time: 0.485, data: 0.001) G_GAN_ViT: 0.581 D_real_ViT: 0.219 D_fake_ViT: 0.113 global: 0.420 spatial: 0.065 
saving the model at the end of epoch 40, iters 224480
End of epoch 40 / 100 	 Time Taken: 2729 sec
learning rate = 0.0000100
(epoch: 41, iters: 20, time: 0.485, data: 0.001) G_GAN_ViT: 0.594 D_real_ViT: 0.174 D_fake_ViT: 0.095 global: 0.379 spatial: 0.062 
(epoch: 41, iters: 120, time: 0.485, data: 0.001) G_GAN_ViT: 0.546 D_real_ViT: 0.305 D_fake_ViT: 0.111 global: 0.567 spatial: 0.082 
(epoch: 41, iters: 220, time: 0.486, data: 0.001) G_GAN_ViT: 0.345 D_real_ViT: 0.081 D_fake_ViT: 0.246 global: 0.476 spatial: 0.099 
(epoch: 41, iters: 320, time: 0.486, data: 0.001) G_GAN_ViT: 0.406 D_real_ViT: 0.172 D_fake_ViT: 0.192 global: 0.437 spatial: 0.073 
(epoch: 41, iters: 420, time: 0.486, data: 0.002) G_GAN_ViT: 0.638 D_real_ViT: 0.169 D_fake_ViT: 0.075 global: 0.357 spatial: 0.060 
(epoch: 41, iters: 520, time: 0.486, data: 0.001) G_GAN_ViT: 0.478 D_real_ViT: 0.182 D_fake_ViT: 0.165 global: 0.463 spatial: 0.099 
saving the latest model (epoch 41, total_iters 225000)
ICL_single_monitor
(epoch: 41, iters: 620, time: 0.483, data: 0.001) G_GAN_ViT: 0.643 D_real_ViT: 0.082 D_fake_ViT: 0.104 global: 0.412 spatial: 0.104 
(epoch: 41, iters: 720, time: 0.483, data: 0.001) G_GAN_ViT: 0.747 D_real_ViT: 0.224 D_fake_ViT: 0.046 global: 0.307 spatial: 0.045 
(epoch: 41, iters: 820, time: 0.484, data: 0.001) G_GAN_ViT: 0.503 D_real_ViT: 0.366 D_fake_ViT: 0.130 global: 0.498 spatial: 0.093 
(epoch: 41, iters: 920, time: 0.485, data: 0.001) G_GAN_ViT: 0.270 D_real_ViT: 0.163 D_fake_ViT: 0.332 global: 0.535 spatial: 0.114 
(epoch: 41, iters: 1020, time: 0.485, data: 0.001) G_GAN_ViT: 0.639 D_real_ViT: 0.610 D_fake_ViT: 0.065 global: 0.319 spatial: 0.054 
(epoch: 41, iters: 1120, time: 0.486, data: 0.001) G_GAN_ViT: 0.600 D_real_ViT: 0.139 D_fake_ViT: 0.082 global: 0.484 spatial: 0.080 
(epoch: 41, iters: 1220, time: 0.486, data: 0.001) G_GAN_ViT: 0.454 D_real_ViT: 0.134 D_fake_ViT: 0.148 global: 0.330 spatial: 0.061 
(epoch: 41, iters: 1320, time: 0.486, data: 0.001) G_GAN_ViT: 0.580 D_real_ViT: 0.165 D_fake_ViT: 0.091 global: 0.393 spatial: 0.060 
(epoch: 41, iters: 1420, time: 0.485, data: 0.001) G_GAN_ViT: 0.602 D_real_ViT: 0.139 D_fake_ViT: 0.086 global: 0.357 spatial: 0.056 
(epoch: 41, iters: 1520, time: 0.486, data: 0.001) G_GAN_ViT: 0.349 D_real_ViT: 0.174 D_fake_ViT: 0.265 global: 0.481 spatial: 0.115 
(epoch: 41, iters: 1620, time: 0.486, data: 0.001) G_GAN_ViT: 0.446 D_real_ViT: 0.301 D_fake_ViT: 0.170 global: 0.490 spatial: 0.111 
(epoch: 41, iters: 1720, time: 0.486, data: 0.001) G_GAN_ViT: 0.667 D_real_ViT: 0.326 D_fake_ViT: 0.065 global: 0.345 spatial: 0.056 
(epoch: 41, iters: 1820, time: 0.485, data: 0.001) G_GAN_ViT: 0.457 D_real_ViT: 0.141 D_fake_ViT: 0.175 global: 0.439 spatial: 0.092 
(epoch: 41, iters: 1920, time: 0.485, data: 0.001) G_GAN_ViT: 0.617 D_real_ViT: 0.262 D_fake_ViT: 0.081 global: 0.308 spatial: 0.052 
(epoch: 41, iters: 2020, time: 0.485, data: 0.001) G_GAN_ViT: 0.414 D_real_ViT: 0.143 D_fake_ViT: 0.200 global: 0.507 spatial: 0.085 
(epoch: 41, iters: 2120, time: 0.486, data: 0.001) G_GAN_ViT: 0.621 D_real_ViT: 0.360 D_fake_ViT: 0.087 global: 0.418 spatial: 0.082 
(epoch: 41, iters: 2220, time: 0.486, data: 0.001) G_GAN_ViT: 0.452 D_real_ViT: 0.155 D_fake_ViT: 0.184 global: 0.457 spatial: 0.108 
(epoch: 41, iters: 2320, time: 0.486, data: 0.001) G_GAN_ViT: 0.485 D_real_ViT: 0.157 D_fake_ViT: 0.139 global: 0.442 spatial: 0.090 
(epoch: 41, iters: 2420, time: 0.486, data: 0.001) G_GAN_ViT: 0.438 D_real_ViT: 0.141 D_fake_ViT: 0.179 global: 0.444 spatial: 0.088 
(epoch: 41, iters: 2520, time: 0.486, data: 0.001) G_GAN_ViT: 0.673 D_real_ViT: 0.043 D_fake_ViT: 0.071 global: 0.417 spatial: 0.066 
(epoch: 41, iters: 2620, time: 0.486, data: 0.001) G_GAN_ViT: 0.387 D_real_ViT: 0.149 D_fake_ViT: 0.207 global: 0.559 spatial: 0.103 
(epoch: 41, iters: 2720, time: 0.486, data: 0.001) G_GAN_ViT: 0.391 D_real_ViT: 0.156 D_fake_ViT: 0.203 global: 0.421 spatial: 0.094 
(epoch: 41, iters: 2820, time: 0.486, data: 0.001) G_GAN_ViT: 0.495 D_real_ViT: 0.141 D_fake_ViT: 0.158 global: 0.385 spatial: 0.098 
(epoch: 41, iters: 2920, time: 0.486, data: 0.001) G_GAN_ViT: 0.400 D_real_ViT: 0.319 D_fake_ViT: 0.184 global: 0.521 spatial: 0.089 
(epoch: 41, iters: 3020, time: 0.486, data: 0.001) G_GAN_ViT: 0.548 D_real_ViT: 0.295 D_fake_ViT: 0.153 global: 0.553 spatial: 0.117 
(epoch: 41, iters: 3120, time: 0.486, data: 0.001) G_GAN_ViT: 0.454 D_real_ViT: 0.077 D_fake_ViT: 0.178 global: 0.499 spatial: 0.111 
(epoch: 41, iters: 3220, time: 0.486, data: 0.001) G_GAN_ViT: 0.499 D_real_ViT: 0.205 D_fake_ViT: 0.142 global: 0.465 spatial: 0.104 
(epoch: 41, iters: 3320, time: 0.486, data: 0.001) G_GAN_ViT: 0.267 D_real_ViT: 0.261 D_fake_ViT: 0.311 global: 0.465 spatial: 0.101 
(epoch: 41, iters: 3420, time: 0.486, data: 0.001) G_GAN_ViT: 0.479 D_real_ViT: 0.148 D_fake_ViT: 0.156 global: 0.482 spatial: 0.086 
(epoch: 41, iters: 3520, time: 0.486, data: 0.001) G_GAN_ViT: 0.328 D_real_ViT: 0.037 D_fake_ViT: 0.267 global: 0.502 spatial: 0.107 
(epoch: 41, iters: 3620, time: 0.486, data: 0.001) G_GAN_ViT: 0.431 D_real_ViT: 0.187 D_fake_ViT: 0.180 global: 0.505 spatial: 0.097 
(epoch: 41, iters: 3720, time: 0.486, data: 0.001) G_GAN_ViT: 0.360 D_real_ViT: 0.142 D_fake_ViT: 0.233 global: 0.365 spatial: 0.067 
(epoch: 41, iters: 3820, time: 0.486, data: 0.001) G_GAN_ViT: 0.503 D_real_ViT: 0.051 D_fake_ViT: 0.146 global: 0.558 spatial: 0.083 
(epoch: 41, iters: 3920, time: 0.486, data: 0.001) G_GAN_ViT: 0.396 D_real_ViT: 0.159 D_fake_ViT: 0.227 global: 0.555 spatial: 0.121 
(epoch: 41, iters: 4020, time: 0.485, data: 0.001) G_GAN_ViT: 0.480 D_real_ViT: 0.161 D_fake_ViT: 0.139 global: 0.346 spatial: 0.059 
(epoch: 41, iters: 4120, time: 0.486, data: 0.001) G_GAN_ViT: 0.520 D_real_ViT: 0.251 D_fake_ViT: 0.132 global: 0.455 spatial: 0.103 
(epoch: 41, iters: 4220, time: 0.484, data: 0.001) G_GAN_ViT: 0.545 D_real_ViT: 0.214 D_fake_ViT: 0.151 global: 0.501 spatial: 0.098 
(epoch: 41, iters: 4320, time: 0.485, data: 0.001) G_GAN_ViT: 0.447 D_real_ViT: 0.210 D_fake_ViT: 0.156 global: 0.344 spatial: 0.057 
(epoch: 41, iters: 4420, time: 0.485, data: 0.001) G_GAN_ViT: 0.294 D_real_ViT: 0.069 D_fake_ViT: 0.288 global: 0.472 spatial: 0.101 
(epoch: 41, iters: 4520, time: 0.485, data: 0.001) G_GAN_ViT: 0.348 D_real_ViT: 0.318 D_fake_ViT: 0.256 global: 0.513 spatial: 0.099 
(epoch: 41, iters: 4620, time: 0.486, data: 0.001) G_GAN_ViT: 0.376 D_real_ViT: 0.187 D_fake_ViT: 0.205 global: 0.450 spatial: 0.064 
(epoch: 41, iters: 4720, time: 0.486, data: 0.001) G_GAN_ViT: 0.453 D_real_ViT: 0.128 D_fake_ViT: 0.173 global: 0.468 spatial: 0.108 
(epoch: 41, iters: 4820, time: 0.486, data: 0.001) G_GAN_ViT: 0.332 D_real_ViT: 0.240 D_fake_ViT: 0.246 global: 0.447 spatial: 0.098 
(epoch: 41, iters: 4920, time: 0.486, data: 0.002) G_GAN_ViT: 0.531 D_real_ViT: 0.217 D_fake_ViT: 0.113 global: 0.317 spatial: 0.053 
(epoch: 41, iters: 5020, time: 0.486, data: 0.001) G_GAN_ViT: 0.444 D_real_ViT: 0.147 D_fake_ViT: 0.178 global: 0.589 spatial: 0.084 
(epoch: 41, iters: 5120, time: 0.486, data: 0.001) G_GAN_ViT: 0.657 D_real_ViT: 0.081 D_fake_ViT: 0.069 global: 0.405 spatial: 0.084 
(epoch: 41, iters: 5220, time: 0.486, data: 0.001) G_GAN_ViT: 0.462 D_real_ViT: 0.150 D_fake_ViT: 0.166 global: 0.519 spatial: 0.101 
(epoch: 41, iters: 5320, time: 0.486, data: 0.001) G_GAN_ViT: 0.570 D_real_ViT: 0.210 D_fake_ViT: 0.130 global: 0.417 spatial: 0.098 
(epoch: 41, iters: 5420, time: 0.486, data: 0.001) G_GAN_ViT: 0.594 D_real_ViT: 0.190 D_fake_ViT: 0.086 global: 0.356 spatial: 0.082 
(epoch: 41, iters: 5520, time: 0.485, data: 0.001) G_GAN_ViT: 0.448 D_real_ViT: 0.360 D_fake_ViT: 0.169 global: 0.495 spatial: 0.076 
saving the latest model (epoch 41, total_iters 230000)
ICL_single_monitor
End of epoch 41 / 100 	 Time Taken: 2733 sec
learning rate = 0.0000100
(epoch: 42, iters: 8, time: 0.485, data: 0.001) G_GAN_ViT: 0.304 D_real_ViT: 0.322 D_fake_ViT: 0.276 global: 0.428 spatial: 0.086 
(epoch: 42, iters: 108, time: 0.485, data: 0.000) G_GAN_ViT: 0.424 D_real_ViT: 0.125 D_fake_ViT: 0.209 global: 0.578 spatial: 0.102 
(epoch: 42, iters: 208, time: 0.485, data: 0.001) G_GAN_ViT: 0.366 D_real_ViT: 0.250 D_fake_ViT: 0.233 global: 0.457 spatial: 0.100 
(epoch: 42, iters: 308, time: 0.485, data: 0.001) G_GAN_ViT: 0.471 D_real_ViT: 0.132 D_fake_ViT: 0.169 global: 0.464 spatial: 0.119 
(epoch: 42, iters: 408, time: 0.485, data: 0.001) G_GAN_ViT: 0.458 D_real_ViT: 0.208 D_fake_ViT: 0.178 global: 0.493 spatial: 0.121 
(epoch: 42, iters: 508, time: 0.485, data: 0.001) G_GAN_ViT: 0.544 D_real_ViT: 0.144 D_fake_ViT: 0.127 global: 0.482 spatial: 0.079 
(epoch: 42, iters: 608, time: 0.486, data: 0.001) G_GAN_ViT: 0.431 D_real_ViT: 0.102 D_fake_ViT: 0.200 global: 0.406 spatial: 0.095 
(epoch: 42, iters: 708, time: 0.486, data: 0.001) G_GAN_ViT: 0.430 D_real_ViT: 0.359 D_fake_ViT: 0.177 global: 0.439 spatial: 0.105 
(epoch: 42, iters: 808, time: 0.485, data: 0.001) G_GAN_ViT: 0.274 D_real_ViT: 0.108 D_fake_ViT: 0.300 global: 0.443 spatial: 0.093 
(epoch: 42, iters: 908, time: 0.485, data: 0.001) G_GAN_ViT: 0.446 D_real_ViT: 0.203 D_fake_ViT: 0.175 global: 0.552 spatial: 0.117 
(epoch: 42, iters: 1008, time: 0.486, data: 0.001) G_GAN_ViT: 0.410 D_real_ViT: 0.104 D_fake_ViT: 0.168 global: 0.309 spatial: 0.063 
(epoch: 42, iters: 1108, time: 0.486, data: 0.001) G_GAN_ViT: 0.547 D_real_ViT: 0.265 D_fake_ViT: 0.112 global: 0.413 spatial: 0.058 
(epoch: 42, iters: 1208, time: 0.486, data: 0.001) G_GAN_ViT: 0.533 D_real_ViT: 0.112 D_fake_ViT: 0.143 global: 0.615 spatial: 0.097 
(epoch: 42, iters: 1308, time: 0.486, data: 0.001) G_GAN_ViT: 0.648 D_real_ViT: 0.342 D_fake_ViT: 0.074 global: 0.372 spatial: 0.064 
(epoch: 42, iters: 1408, time: 0.486, data: 0.001) G_GAN_ViT: 0.406 D_real_ViT: 0.302 D_fake_ViT: 0.206 global: 0.455 spatial: 0.102 
(epoch: 42, iters: 1508, time: 0.485, data: 0.001) G_GAN_ViT: 0.463 D_real_ViT: 0.370 D_fake_ViT: 0.138 global: 0.359 spatial: 0.063 
(epoch: 42, iters: 1608, time: 0.485, data: 0.001) G_GAN_ViT: 0.359 D_real_ViT: 0.301 D_fake_ViT: 0.248 global: 0.523 spatial: 0.106 
(epoch: 42, iters: 1708, time: 0.486, data: 0.001) G_GAN_ViT: 0.696 D_real_ViT: 0.110 D_fake_ViT: 0.058 global: 0.346 spatial: 0.050 
(epoch: 42, iters: 1808, time: 0.485, data: 0.001) G_GAN_ViT: 0.355 D_real_ViT: 0.058 D_fake_ViT: 0.243 global: 0.490 spatial: 0.101 
(epoch: 42, iters: 1908, time: 0.486, data: 0.001) G_GAN_ViT: 0.429 D_real_ViT: 0.299 D_fake_ViT: 0.206 global: 0.476 spatial: 0.119 
(epoch: 42, iters: 2008, time: 0.486, data: 0.001) G_GAN_ViT: 0.405 D_real_ViT: 0.160 D_fake_ViT: 0.185 global: 0.411 spatial: 0.060 
(epoch: 42, iters: 2108, time: 0.486, data: 0.001) G_GAN_ViT: 0.595 D_real_ViT: 0.141 D_fake_ViT: 0.093 global: 0.451 spatial: 0.083 
(epoch: 42, iters: 2208, time: 0.486, data: 0.001) G_GAN_ViT: 0.683 D_real_ViT: 0.280 D_fake_ViT: 0.060 global: 0.423 spatial: 0.074 
(epoch: 42, iters: 2308, time: 0.485, data: 0.001) G_GAN_ViT: 0.554 D_real_ViT: 0.281 D_fake_ViT: 0.137 global: 0.426 spatial: 0.096 
(epoch: 42, iters: 2408, time: 0.486, data: 0.002) G_GAN_ViT: 0.535 D_real_ViT: 0.189 D_fake_ViT: 0.125 global: 0.484 spatial: 0.084 
(epoch: 42, iters: 2508, time: 0.486, data: 0.001) G_GAN_ViT: 0.646 D_real_ViT: 0.181 D_fake_ViT: 0.074 global: 0.359 spatial: 0.052 
(epoch: 42, iters: 2608, time: 0.486, data: 0.001) G_GAN_ViT: 0.531 D_real_ViT: 0.227 D_fake_ViT: 0.124 global: 0.500 spatial: 0.089 
(epoch: 42, iters: 2708, time: 0.485, data: 0.001) G_GAN_ViT: 0.497 D_real_ViT: 0.192 D_fake_ViT: 0.142 global: 0.462 spatial: 0.098 
(epoch: 42, iters: 2808, time: 0.486, data: 0.001) G_GAN_ViT: 0.270 D_real_ViT: 0.133 D_fake_ViT: 0.309 global: 0.490 spatial: 0.090 
(epoch: 42, iters: 2908, time: 0.486, data: 0.001) G_GAN_ViT: 0.605 D_real_ViT: 0.298 D_fake_ViT: 0.120 global: 0.554 spatial: 0.126 
(epoch: 42, iters: 3008, time: 0.485, data: 0.001) G_GAN_ViT: 0.365 D_real_ViT: 0.104 D_fake_ViT: 0.233 global: 0.516 spatial: 0.098 
(epoch: 42, iters: 3108, time: 0.486, data: 0.001) G_GAN_ViT: 0.548 D_real_ViT: 0.225 D_fake_ViT: 0.123 global: 0.445 spatial: 0.090 
(epoch: 42, iters: 3208, time: 0.486, data: 0.001) G_GAN_ViT: 0.537 D_real_ViT: 0.162 D_fake_ViT: 0.124 global: 0.368 spatial: 0.076 
(epoch: 42, iters: 3308, time: 0.486, data: 0.001) G_GAN_ViT: 0.423 D_real_ViT: 0.118 D_fake_ViT: 0.187 global: 0.588 spatial: 0.070 
(epoch: 42, iters: 3408, time: 0.485, data: 0.001) G_GAN_ViT: 0.300 D_real_ViT: 0.201 D_fake_ViT: 0.284 global: 0.521 spatial: 0.106 
(epoch: 42, iters: 3508, time: 0.485, data: 0.001) G_GAN_ViT: 0.710 D_real_ViT: 0.175 D_fake_ViT: 0.075 global: 0.475 spatial: 0.096 
(epoch: 42, iters: 3608, time: 0.486, data: 0.001) G_GAN_ViT: 0.646 D_real_ViT: 0.148 D_fake_ViT: 0.093 global: 0.472 spatial: 0.100 
(epoch: 42, iters: 3708, time: 0.485, data: 0.001) G_GAN_ViT: 0.526 D_real_ViT: 0.267 D_fake_ViT: 0.113 global: 0.394 spatial: 0.065 
(epoch: 42, iters: 3808, time: 0.485, data: 0.001) G_GAN_ViT: 0.607 D_real_ViT: 0.373 D_fake_ViT: 0.143 global: 0.492 spatial: 0.109 
(epoch: 42, iters: 3908, time: 0.485, data: 0.001) G_GAN_ViT: 0.359 D_real_ViT: 0.107 D_fake_ViT: 0.219 global: 0.408 spatial: 0.072 
(epoch: 42, iters: 4008, time: 0.485, data: 0.001) G_GAN_ViT: 0.456 D_real_ViT: 0.130 D_fake_ViT: 0.185 global: 0.444 spatial: 0.095 
(epoch: 42, iters: 4108, time: 0.485, data: 0.001) G_GAN_ViT: 0.665 D_real_ViT: 0.129 D_fake_ViT: 0.073 global: 0.459 spatial: 0.065 
(epoch: 42, iters: 4208, time: 0.485, data: 0.001) G_GAN_ViT: 0.575 D_real_ViT: 0.221 D_fake_ViT: 0.133 global: 0.480 spatial: 0.097 
(epoch: 42, iters: 4308, time: 0.486, data: 0.001) G_GAN_ViT: 0.424 D_real_ViT: 0.099 D_fake_ViT: 0.189 global: 0.515 spatial: 0.091 
(epoch: 42, iters: 4408, time: 0.486, data: 0.001) G_GAN_ViT: 0.596 D_real_ViT: 0.153 D_fake_ViT: 0.111 global: 0.469 spatial: 0.105 
(epoch: 42, iters: 4508, time: 0.486, data: 0.001) G_GAN_ViT: 0.420 D_real_ViT: 0.240 D_fake_ViT: 0.212 global: 0.339 spatial: 0.088 
(epoch: 42, iters: 4608, time: 0.486, data: 0.002) G_GAN_ViT: 0.462 D_real_ViT: 0.204 D_fake_ViT: 0.177 global: 0.478 spatial: 0.107 
(epoch: 42, iters: 4708, time: 0.486, data: 0.001) G_GAN_ViT: 0.631 D_real_ViT: 0.091 D_fake_ViT: 0.092 global: 0.499 spatial: 0.086 
(epoch: 42, iters: 4808, time: 0.486, data: 0.002) G_GAN_ViT: 0.380 D_real_ViT: 0.226 D_fake_ViT: 0.217 global: 0.515 spatial: 0.099 
(epoch: 42, iters: 4908, time: 0.485, data: 0.001) G_GAN_ViT: 0.344 D_real_ViT: 0.133 D_fake_ViT: 0.239 global: 0.327 spatial: 0.060 
saving the latest model (epoch 42, total_iters 235000)
ICL_single_monitor
(epoch: 42, iters: 5008, time: 0.485, data: 0.001) G_GAN_ViT: 0.466 D_real_ViT: 0.132 D_fake_ViT: 0.142 global: 0.400 spatial: 0.062 
(epoch: 42, iters: 5108, time: 0.484, data: 0.001) G_GAN_ViT: 0.536 D_real_ViT: 0.131 D_fake_ViT: 0.132 global: 0.496 spatial: 0.113 
(epoch: 42, iters: 5208, time: 0.485, data: 0.001) G_GAN_ViT: 0.333 D_real_ViT: 0.085 D_fake_ViT: 0.257 global: 0.411 spatial: 0.091 
(epoch: 42, iters: 5308, time: 0.485, data: 0.001) G_GAN_ViT: 0.660 D_real_ViT: 0.189 D_fake_ViT: 0.061 global: 0.383 spatial: 0.082 
(epoch: 42, iters: 5408, time: 0.486, data: 0.001) G_GAN_ViT: 0.398 D_real_ViT: 0.071 D_fake_ViT: 0.211 global: 0.473 spatial: 0.093 
(epoch: 42, iters: 5508, time: 0.486, data: 0.001) G_GAN_ViT: 0.361 D_real_ViT: 0.060 D_fake_ViT: 0.227 global: 0.450 spatial: 0.089 
(epoch: 42, iters: 5608, time: 0.486, data: 0.001) G_GAN_ViT: 0.570 D_real_ViT: 0.113 D_fake_ViT: 0.097 global: 0.416 spatial: 0.083 
End of epoch 42 / 100 	 Time Taken: 2733 sec
learning rate = 0.0000100
(epoch: 43, iters: 96, time: 0.486, data: 0.001) G_GAN_ViT: 0.405 D_real_ViT: 0.050 D_fake_ViT: 0.199 global: 0.466 spatial: 0.089 
(epoch: 43, iters: 196, time: 0.486, data: 0.001) G_GAN_ViT: 0.537 D_real_ViT: 0.142 D_fake_ViT: 0.114 global: 0.548 spatial: 0.085 
(epoch: 43, iters: 296, time: 0.486, data: 0.001) G_GAN_ViT: 0.562 D_real_ViT: 0.167 D_fake_ViT: 0.092 global: 0.347 spatial: 0.063 
(epoch: 43, iters: 396, time: 0.486, data: 0.001) G_GAN_ViT: 0.516 D_real_ViT: 0.418 D_fake_ViT: 0.131 global: 0.400 spatial: 0.060 
(epoch: 43, iters: 496, time: 0.486, data: 0.001) G_GAN_ViT: 0.295 D_real_ViT: 0.201 D_fake_ViT: 0.325 global: 0.558 spatial: 0.115 
(epoch: 43, iters: 596, time: 0.486, data: 0.001) G_GAN_ViT: 0.325 D_real_ViT: 0.274 D_fake_ViT: 0.264 global: 0.547 spatial: 0.115 
(epoch: 43, iters: 696, time: 0.486, data: 0.002) G_GAN_ViT: 0.656 D_real_ViT: 0.283 D_fake_ViT: 0.093 global: 0.457 spatial: 0.086 
(epoch: 43, iters: 796, time: 0.485, data: 0.001) G_GAN_ViT: 0.505 D_real_ViT: 0.267 D_fake_ViT: 0.175 global: 0.405 spatial: 0.091 
(epoch: 43, iters: 896, time: 0.486, data: 0.001) G_GAN_ViT: 0.473 D_real_ViT: 0.355 D_fake_ViT: 0.155 global: 0.458 spatial: 0.108 
(epoch: 43, iters: 996, time: 0.486, data: 0.001) G_GAN_ViT: 0.487 D_real_ViT: 0.344 D_fake_ViT: 0.132 global: 0.402 spatial: 0.070 
(epoch: 43, iters: 1096, time: 0.486, data: 0.001) G_GAN_ViT: 0.616 D_real_ViT: 0.096 D_fake_ViT: 0.104 global: 0.538 spatial: 0.120 
(epoch: 43, iters: 1196, time: 0.486, data: 0.001) G_GAN_ViT: 0.362 D_real_ViT: 0.176 D_fake_ViT: 0.239 global: 0.498 spatial: 0.101 
(epoch: 43, iters: 1296, time: 0.486, data: 0.001) G_GAN_ViT: 0.555 D_real_ViT: 0.097 D_fake_ViT: 0.104 global: 0.367 spatial: 0.066 
(epoch: 43, iters: 1396, time: 0.486, data: 0.001) G_GAN_ViT: 0.571 D_real_ViT: 0.196 D_fake_ViT: 0.096 global: 0.371 spatial: 0.081 
(epoch: 43, iters: 1496, time: 0.486, data: 0.001) G_GAN_ViT: 0.415 D_real_ViT: 0.208 D_fake_ViT: 0.193 global: 0.565 spatial: 0.105 
(epoch: 43, iters: 1596, time: 0.486, data: 0.001) G_GAN_ViT: 0.510 D_real_ViT: 0.155 D_fake_ViT: 0.131 global: 0.412 spatial: 0.078 
(epoch: 43, iters: 1696, time: 0.486, data: 0.001) G_GAN_ViT: 0.373 D_real_ViT: 0.080 D_fake_ViT: 0.238 global: 0.573 spatial: 0.099 
(epoch: 43, iters: 1796, time: 0.486, data: 0.001) G_GAN_ViT: 0.418 D_real_ViT: 0.159 D_fake_ViT: 0.172 global: 0.396 spatial: 0.074 
(epoch: 43, iters: 1896, time: 0.486, data: 0.001) G_GAN_ViT: 0.635 D_real_ViT: 0.191 D_fake_ViT: 0.080 global: 0.402 spatial: 0.058 
(epoch: 43, iters: 1996, time: 0.486, data: 0.001) G_GAN_ViT: 0.588 D_real_ViT: 0.202 D_fake_ViT: 0.085 global: 0.361 spatial: 0.058 
(epoch: 43, iters: 2096, time: 0.485, data: 0.001) G_GAN_ViT: 0.549 D_real_ViT: 0.378 D_fake_ViT: 0.121 global: 0.455 spatial: 0.108 
(epoch: 43, iters: 2196, time: 0.486, data: 0.001) G_GAN_ViT: 0.676 D_real_ViT: 0.187 D_fake_ViT: 0.094 global: 0.559 spatial: 0.089 
(epoch: 43, iters: 2296, time: 0.486, data: 0.001) G_GAN_ViT: 0.569 D_real_ViT: 0.175 D_fake_ViT: 0.104 global: 0.474 spatial: 0.083 
(epoch: 43, iters: 2396, time: 0.486, data: 0.001) G_GAN_ViT: 0.466 D_real_ViT: 0.250 D_fake_ViT: 0.159 global: 0.490 spatial: 0.096 
(epoch: 43, iters: 2496, time: 0.485, data: 0.001) G_GAN_ViT: 0.559 D_real_ViT: 0.370 D_fake_ViT: 0.110 global: 0.393 spatial: 0.056 
(epoch: 43, iters: 2596, time: 0.486, data: 0.001) G_GAN_ViT: 0.504 D_real_ViT: 0.167 D_fake_ViT: 0.133 global: 0.379 spatial: 0.068 
(epoch: 43, iters: 2696, time: 0.486, data: 0.001) G_GAN_ViT: 0.523 D_real_ViT: 0.119 D_fake_ViT: 0.127 global: 0.440 spatial: 0.108 
(epoch: 43, iters: 2796, time: 0.485, data: 0.001) G_GAN_ViT: 0.399 D_real_ViT: 0.356 D_fake_ViT: 0.197 global: 0.453 spatial: 0.084 
(epoch: 43, iters: 2896, time: 0.485, data: 0.001) G_GAN_ViT: 0.655 D_real_ViT: 0.413 D_fake_ViT: 0.084 global: 0.441 spatial: 0.086 
(epoch: 43, iters: 2996, time: 0.486, data: 0.001) G_GAN_ViT: 0.573 D_real_ViT: 0.130 D_fake_ViT: 0.096 global: 0.380 spatial: 0.061 
(epoch: 43, iters: 3096, time: 0.486, data: 0.002) G_GAN_ViT: 0.332 D_real_ViT: 0.215 D_fake_ViT: 0.251 global: 0.487 spatial: 0.113 
(epoch: 43, iters: 3196, time: 0.486, data: 0.001) G_GAN_ViT: 0.509 D_real_ViT: 0.229 D_fake_ViT: 0.158 global: 0.444 spatial: 0.083 
(epoch: 43, iters: 3296, time: 0.485, data: 0.001) G_GAN_ViT: 0.695 D_real_ViT: 0.044 D_fake_ViT: 0.100 global: 0.456 spatial: 0.107 
(epoch: 43, iters: 3396, time: 0.485, data: 0.001) G_GAN_ViT: 0.537 D_real_ViT: 0.146 D_fake_ViT: 0.124 global: 0.408 spatial: 0.090 
(epoch: 43, iters: 3496, time: 0.485, data: 0.001) G_GAN_ViT: 0.303 D_real_ViT: 0.120 D_fake_ViT: 0.300 global: 0.499 spatial: 0.103 
(epoch: 43, iters: 3596, time: 0.486, data: 0.001) G_GAN_ViT: 0.475 D_real_ViT: 0.172 D_fake_ViT: 0.167 global: 0.478 spatial: 0.122 
(epoch: 43, iters: 3696, time: 0.486, data: 0.001) G_GAN_ViT: 0.557 D_real_ViT: 0.259 D_fake_ViT: 0.109 global: 0.468 spatial: 0.093 
(epoch: 43, iters: 3796, time: 0.486, data: 0.001) G_GAN_ViT: 0.482 D_real_ViT: 0.145 D_fake_ViT: 0.145 global: 0.484 spatial: 0.092 
(epoch: 43, iters: 3896, time: 0.486, data: 0.002) G_GAN_ViT: 0.493 D_real_ViT: 0.165 D_fake_ViT: 0.156 global: 0.433 spatial: 0.099 
(epoch: 43, iters: 3996, time: 0.486, data: 0.001) G_GAN_ViT: 0.583 D_real_ViT: 0.146 D_fake_ViT: 0.122 global: 0.411 spatial: 0.075 
(epoch: 43, iters: 4096, time: 0.486, data: 0.001) G_GAN_ViT: 0.511 D_real_ViT: 0.182 D_fake_ViT: 0.129 global: 0.384 spatial: 0.082 
(epoch: 43, iters: 4196, time: 0.486, data: 0.001) G_GAN_ViT: 0.369 D_real_ViT: 0.145 D_fake_ViT: 0.210 global: 0.380 spatial: 0.060 
(epoch: 43, iters: 4296, time: 0.486, data: 0.001) G_GAN_ViT: 0.399 D_real_ViT: 0.195 D_fake_ViT: 0.194 global: 0.414 spatial: 0.072 
saving the latest model (epoch 43, total_iters 240000)
ICL_single_monitor
(epoch: 43, iters: 4396, time: 0.485, data: 0.001) G_GAN_ViT: 0.590 D_real_ViT: 0.186 D_fake_ViT: 0.109 global: 0.474 spatial: 0.107 
(epoch: 43, iters: 4496, time: 0.485, data: 0.001) G_GAN_ViT: 0.334 D_real_ViT: 0.131 D_fake_ViT: 0.284 global: 0.487 spatial: 0.086 
(epoch: 43, iters: 4596, time: 0.485, data: 0.001) G_GAN_ViT: 0.388 D_real_ViT: 0.487 D_fake_ViT: 0.220 global: 0.373 spatial: 0.063 
(epoch: 43, iters: 4696, time: 0.485, data: 0.001) G_GAN_ViT: 0.581 D_real_ViT: 0.170 D_fake_ViT: 0.112 global: 0.472 spatial: 0.076 
(epoch: 43, iters: 4796, time: 0.485, data: 0.001) G_GAN_ViT: 0.478 D_real_ViT: 0.161 D_fake_ViT: 0.173 global: 0.469 spatial: 0.076 
(epoch: 43, iters: 4896, time: 0.486, data: 0.001) G_GAN_ViT: 0.367 D_real_ViT: 0.257 D_fake_ViT: 0.221 global: 0.547 spatial: 0.107 
(epoch: 43, iters: 4996, time: 0.486, data: 0.001) G_GAN_ViT: 0.635 D_real_ViT: 0.304 D_fake_ViT: 0.107 global: 0.427 spatial: 0.104 
(epoch: 43, iters: 5096, time: 0.486, data: 0.001) G_GAN_ViT: 0.429 D_real_ViT: 0.239 D_fake_ViT: 0.196 global: 0.381 spatial: 0.095 
(epoch: 43, iters: 5196, time: 0.486, data: 0.001) G_GAN_ViT: 0.319 D_real_ViT: 0.249 D_fake_ViT: 0.254 global: 0.478 spatial: 0.099 
(epoch: 43, iters: 5296, time: 0.486, data: 0.002) G_GAN_ViT: 0.442 D_real_ViT: 0.106 D_fake_ViT: 0.195 global: 0.482 spatial: 0.114 
(epoch: 43, iters: 5396, time: 0.486, data: 0.001) G_GAN_ViT: 0.644 D_real_ViT: 0.092 D_fake_ViT: 0.107 global: 0.570 spatial: 0.116 
(epoch: 43, iters: 5496, time: 0.486, data: 0.001) G_GAN_ViT: 0.272 D_real_ViT: 0.070 D_fake_ViT: 0.324 global: 0.419 spatial: 0.063 
(epoch: 43, iters: 5596, time: 0.486, data: 0.001) G_GAN_ViT: 0.492 D_real_ViT: 0.041 D_fake_ViT: 0.163 global: 0.457 spatial: 0.105 
End of epoch 43 / 100 	 Time Taken: 2733 sec
learning rate = 0.0000100
(epoch: 44, iters: 84, time: 0.486, data: 0.001) G_GAN_ViT: 0.328 D_real_ViT: 0.103 D_fake_ViT: 0.281 global: 0.525 spatial: 0.093 
(epoch: 44, iters: 184, time: 0.486, data: 0.001) G_GAN_ViT: 0.533 D_real_ViT: 0.106 D_fake_ViT: 0.133 global: 0.500 spatial: 0.112 
(epoch: 44, iters: 284, time: 0.486, data: 0.001) G_GAN_ViT: 0.309 D_real_ViT: 0.151 D_fake_ViT: 0.290 global: 0.547 spatial: 0.111 
(epoch: 44, iters: 384, time: 0.486, data: 0.001) G_GAN_ViT: 0.440 D_real_ViT: 0.219 D_fake_ViT: 0.161 global: 0.449 spatial: 0.065 
(epoch: 44, iters: 484, time: 0.486, data: 0.001) G_GAN_ViT: 0.381 D_real_ViT: 0.222 D_fake_ViT: 0.240 global: 0.558 spatial: 0.108 
(epoch: 44, iters: 584, time: 0.486, data: 0.001) G_GAN_ViT: 0.637 D_real_ViT: 0.304 D_fake_ViT: 0.077 global: 0.427 spatial: 0.060 
(epoch: 44, iters: 684, time: 0.486, data: 0.001) G_GAN_ViT: 0.419 D_real_ViT: 0.223 D_fake_ViT: 0.179 global: 0.353 spatial: 0.062 
(epoch: 44, iters: 784, time: 0.486, data: 0.001) G_GAN_ViT: 0.739 D_real_ViT: 0.108 D_fake_ViT: 0.088 global: 0.425 spatial: 0.111 
(epoch: 44, iters: 884, time: 0.486, data: 0.001) G_GAN_ViT: 0.323 D_real_ViT: 0.130 D_fake_ViT: 0.258 global: 0.478 spatial: 0.088 
(epoch: 44, iters: 984, time: 0.486, data: 0.001) G_GAN_ViT: 0.404 D_real_ViT: 0.077 D_fake_ViT: 0.183 global: 0.329 spatial: 0.066 
(epoch: 44, iters: 1084, time: 0.486, data: 0.001) G_GAN_ViT: 0.346 D_real_ViT: 0.155 D_fake_ViT: 0.266 global: 0.549 spatial: 0.098 
(epoch: 44, iters: 1184, time: 0.486, data: 0.001) G_GAN_ViT: 0.324 D_real_ViT: 0.102 D_fake_ViT: 0.261 global: 0.423 spatial: 0.102 
(epoch: 44, iters: 1284, time: 0.486, data: 0.001) G_GAN_ViT: 0.389 D_real_ViT: 0.128 D_fake_ViT: 0.197 global: 0.494 spatial: 0.095 
(epoch: 44, iters: 1384, time: 0.486, data: 0.001) G_GAN_ViT: 0.433 D_real_ViT: 0.236 D_fake_ViT: 0.159 global: 0.344 spatial: 0.066 
(epoch: 44, iters: 1484, time: 0.486, data: 0.001) G_GAN_ViT: 0.663 D_real_ViT: 0.109 D_fake_ViT: 0.070 global: 0.396 spatial: 0.066 
(epoch: 44, iters: 1584, time: 0.486, data: 0.001) G_GAN_ViT: 0.366 D_real_ViT: 0.135 D_fake_ViT: 0.236 global: 0.516 spatial: 0.096 
(epoch: 44, iters: 1684, time: 0.486, data: 0.001) G_GAN_ViT: 0.351 D_real_ViT: 0.143 D_fake_ViT: 0.246 global: 0.553 spatial: 0.099 
(epoch: 44, iters: 1784, time: 0.486, data: 0.001) G_GAN_ViT: 0.498 D_real_ViT: 0.204 D_fake_ViT: 0.145 global: 0.479 spatial: 0.085 
(epoch: 44, iters: 1884, time: 0.486, data: 0.001) G_GAN_ViT: 0.606 D_real_ViT: 0.147 D_fake_ViT: 0.079 global: 0.418 spatial: 0.078 
(epoch: 44, iters: 1984, time: 0.486, data: 0.001) G_GAN_ViT: 0.426 D_real_ViT: 0.068 D_fake_ViT: 0.220 global: 0.575 spatial: 0.098 
(epoch: 44, iters: 2084, time: 0.486, data: 0.001) G_GAN_ViT: 0.437 D_real_ViT: 0.136 D_fake_ViT: 0.181 global: 0.510 spatial: 0.108 
(epoch: 44, iters: 2184, time: 0.485, data: 0.001) G_GAN_ViT: 0.564 D_real_ViT: 0.176 D_fake_ViT: 0.110 global: 0.396 spatial: 0.090 
(epoch: 44, iters: 2284, time: 0.486, data: 0.001) G_GAN_ViT: 0.378 D_real_ViT: 0.451 D_fake_ViT: 0.220 global: 0.520 spatial: 0.100 
(epoch: 44, iters: 2384, time: 0.486, data: 0.001) G_GAN_ViT: 0.365 D_real_ViT: 0.042 D_fake_ViT: 0.224 global: 0.437 spatial: 0.060 
(epoch: 44, iters: 2484, time: 0.486, data: 0.001) G_GAN_ViT: 0.422 D_real_ViT: 0.187 D_fake_ViT: 0.199 global: 0.464 spatial: 0.086 
(epoch: 44, iters: 2584, time: 0.485, data: 0.001) G_GAN_ViT: 0.329 D_real_ViT: 0.104 D_fake_ViT: 0.264 global: 0.532 spatial: 0.119 
(epoch: 44, iters: 2684, time: 0.485, data: 0.002) G_GAN_ViT: 0.565 D_real_ViT: 0.163 D_fake_ViT: 0.110 global: 0.490 spatial: 0.109 
(epoch: 44, iters: 2784, time: 0.485, data: 0.001) G_GAN_ViT: 0.376 D_real_ViT: 0.152 D_fake_ViT: 0.205 global: 0.420 spatial: 0.066 
(epoch: 44, iters: 2884, time: 0.485, data: 0.001) G_GAN_ViT: 0.640 D_real_ViT: 0.242 D_fake_ViT: 0.067 global: 0.332 spatial: 0.061 
(epoch: 44, iters: 2984, time: 0.485, data: 0.001) G_GAN_ViT: 0.694 D_real_ViT: 0.149 D_fake_ViT: 0.069 global: 0.416 spatial: 0.056 
(epoch: 44, iters: 3084, time: 0.486, data: 0.001) G_GAN_ViT: 0.301 D_real_ViT: 0.100 D_fake_ViT: 0.288 global: 0.462 spatial: 0.101 
(epoch: 44, iters: 3184, time: 0.486, data: 0.001) G_GAN_ViT: 0.478 D_real_ViT: 0.151 D_fake_ViT: 0.154 global: 0.500 spatial: 0.113 
(epoch: 44, iters: 3284, time: 0.486, data: 0.001) G_GAN_ViT: 0.348 D_real_ViT: 0.049 D_fake_ViT: 0.250 global: 0.475 spatial: 0.097 
(epoch: 44, iters: 3384, time: 0.486, data: 0.001) G_GAN_ViT: 0.452 D_real_ViT: 0.198 D_fake_ViT: 0.164 global: 0.454 spatial: 0.083 
(epoch: 44, iters: 3484, time: 0.486, data: 0.001) G_GAN_ViT: 0.606 D_real_ViT: 0.279 D_fake_ViT: 0.106 global: 0.415 spatial: 0.081 
(epoch: 44, iters: 3584, time: 0.486, data: 0.001) G_GAN_ViT: 0.454 D_real_ViT: 0.297 D_fake_ViT: 0.170 global: 0.512 spatial: 0.091 
(epoch: 44, iters: 3684, time: 0.486, data: 0.001) G_GAN_ViT: 0.310 D_real_ViT: 0.320 D_fake_ViT: 0.309 global: 0.482 spatial: 0.101 
saving the latest model (epoch 44, total_iters 245000)
ICL_single_monitor
(epoch: 44, iters: 3784, time: 0.485, data: 0.002) G_GAN_ViT: 0.670 D_real_ViT: 0.217 D_fake_ViT: 0.067 global: 0.357 spatial: 0.061 
(epoch: 44, iters: 3884, time: 0.484, data: 0.001) G_GAN_ViT: 0.257 D_real_ViT: 0.155 D_fake_ViT: 0.352 global: 0.427 spatial: 0.080 
(epoch: 44, iters: 3984, time: 0.485, data: 0.001) G_GAN_ViT: 0.503 D_real_ViT: 0.243 D_fake_ViT: 0.160 global: 0.440 spatial: 0.087 
(epoch: 44, iters: 4084, time: 0.485, data: 0.001) G_GAN_ViT: 0.465 D_real_ViT: 0.090 D_fake_ViT: 0.162 global: 0.470 spatial: 0.108 
(epoch: 44, iters: 4184, time: 0.485, data: 0.001) G_GAN_ViT: 0.419 D_real_ViT: 0.180 D_fake_ViT: 0.186 global: 0.519 spatial: 0.104 
(epoch: 44, iters: 4284, time: 0.485, data: 0.001) G_GAN_ViT: 0.630 D_real_ViT: 0.292 D_fake_ViT: 0.088 global: 0.493 spatial: 0.093 
(epoch: 44, iters: 4384, time: 0.485, data: 0.001) G_GAN_ViT: 0.480 D_real_ViT: 0.202 D_fake_ViT: 0.168 global: 0.479 spatial: 0.094 
(epoch: 44, iters: 4484, time: 0.486, data: 0.001) G_GAN_ViT: 0.420 D_real_ViT: 0.147 D_fake_ViT: 0.178 global: 0.439 spatial: 0.085 
(epoch: 44, iters: 4584, time: 0.486, data: 0.001) G_GAN_ViT: 0.497 D_real_ViT: 0.104 D_fake_ViT: 0.156 global: 0.408 spatial: 0.078 
(epoch: 44, iters: 4684, time: 0.486, data: 0.001) G_GAN_ViT: 0.457 D_real_ViT: 0.170 D_fake_ViT: 0.157 global: 0.522 spatial: 0.089 
(epoch: 44, iters: 4784, time: 0.486, data: 0.001) G_GAN_ViT: 0.618 D_real_ViT: 0.153 D_fake_ViT: 0.115 global: 0.557 spatial: 0.119 
(epoch: 44, iters: 4884, time: 0.486, data: 0.001) G_GAN_ViT: 0.451 D_real_ViT: 0.323 D_fake_ViT: 0.142 global: 0.328 spatial: 0.041 
(epoch: 44, iters: 4984, time: 0.486, data: 0.001) G_GAN_ViT: 0.456 D_real_ViT: 0.219 D_fake_ViT: 0.201 global: 0.403 spatial: 0.087 
(epoch: 44, iters: 5084, time: 0.486, data: 0.001) G_GAN_ViT: 0.392 D_real_ViT: 0.239 D_fake_ViT: 0.205 global: 0.466 spatial: 0.097 
(epoch: 44, iters: 5184, time: 0.485, data: 0.001) G_GAN_ViT: 0.500 D_real_ViT: 0.030 D_fake_ViT: 0.139 global: 0.408 spatial: 0.084 
(epoch: 44, iters: 5284, time: 0.486, data: 0.001) G_GAN_ViT: 0.439 D_real_ViT: 0.105 D_fake_ViT: 0.180 global: 0.427 spatial: 0.098 
(epoch: 44, iters: 5384, time: 0.485, data: 0.001) G_GAN_ViT: 0.572 D_real_ViT: 0.104 D_fake_ViT: 0.138 global: 0.576 spatial: 0.135 
(epoch: 44, iters: 5484, time: 0.485, data: 0.001) G_GAN_ViT: 0.540 D_real_ViT: 0.124 D_fake_ViT: 0.127 global: 0.477 spatial: 0.100 
(epoch: 44, iters: 5584, time: 0.485, data: 0.001) G_GAN_ViT: 0.382 D_real_ViT: 0.147 D_fake_ViT: 0.241 global: 0.487 spatial: 0.107 
End of epoch 44 / 100 	 Time Taken: 2733 sec
learning rate = 0.0000100
(epoch: 45, iters: 72, time: 0.485, data: 0.001) G_GAN_ViT: 0.327 D_real_ViT: 0.183 D_fake_ViT: 0.248 global: 0.479 spatial: 0.105 
(epoch: 45, iters: 172, time: 0.486, data: 0.001) G_GAN_ViT: 0.553 D_real_ViT: 0.056 D_fake_ViT: 0.112 global: 0.432 spatial: 0.077 
(epoch: 45, iters: 272, time: 0.486, data: 0.001) G_GAN_ViT: 0.374 D_real_ViT: 0.304 D_fake_ViT: 0.210 global: 0.486 spatial: 0.098 
(epoch: 45, iters: 372, time: 0.486, data: 0.001) G_GAN_ViT: 0.370 D_real_ViT: 0.380 D_fake_ViT: 0.195 global: 0.445 spatial: 0.067 
(epoch: 45, iters: 472, time: 0.486, data: 0.001) G_GAN_ViT: 0.672 D_real_ViT: 0.163 D_fake_ViT: 0.058 global: 0.322 spatial: 0.050 
(epoch: 45, iters: 572, time: 0.486, data: 0.001) G_GAN_ViT: 0.515 D_real_ViT: 0.149 D_fake_ViT: 0.116 global: 0.365 spatial: 0.076 
(epoch: 45, iters: 672, time: 0.486, data: 0.001) G_GAN_ViT: 0.706 D_real_ViT: 0.178 D_fake_ViT: 0.072 global: 0.397 spatial: 0.075 
(epoch: 45, iters: 772, time: 0.486, data: 0.001) G_GAN_ViT: 0.667 D_real_ViT: 0.192 D_fake_ViT: 0.085 global: 0.495 spatial: 0.099 
(epoch: 45, iters: 872, time: 0.486, data: 0.001) G_GAN_ViT: 0.525 D_real_ViT: 0.281 D_fake_ViT: 0.132 global: 0.518 spatial: 0.086 
(epoch: 45, iters: 972, time: 0.486, data: 0.001) G_GAN_ViT: 0.522 D_real_ViT: 0.138 D_fake_ViT: 0.114 global: 0.310 spatial: 0.052 
(epoch: 45, iters: 1072, time: 0.486, data: 0.004) G_GAN_ViT: 0.566 D_real_ViT: 0.118 D_fake_ViT: 0.097 global: 0.412 spatial: 0.060 
(epoch: 45, iters: 1172, time: 0.486, data: 0.001) G_GAN_ViT: 0.353 D_real_ViT: 0.096 D_fake_ViT: 0.219 global: 0.374 spatial: 0.080 
(epoch: 45, iters: 1272, time: 0.486, data: 0.001) G_GAN_ViT: 0.480 D_real_ViT: 0.218 D_fake_ViT: 0.157 global: 0.500 spatial: 0.090 
(epoch: 45, iters: 1372, time: 0.486, data: 0.001) G_GAN_ViT: 0.528 D_real_ViT: 0.169 D_fake_ViT: 0.108 global: 0.345 spatial: 0.075 
(epoch: 45, iters: 1472, time: 0.486, data: 0.001) G_GAN_ViT: 0.511 D_real_ViT: 0.104 D_fake_ViT: 0.127 global: 0.321 spatial: 0.060 
(epoch: 45, iters: 1572, time: 0.485, data: 0.001) G_GAN_ViT: 0.395 D_real_ViT: 0.305 D_fake_ViT: 0.223 global: 0.501 spatial: 0.118 
(epoch: 45, iters: 1672, time: 0.485, data: 0.001) G_GAN_ViT: 0.357 D_real_ViT: 0.398 D_fake_ViT: 0.287 global: 0.467 spatial: 0.068 
(epoch: 45, iters: 1772, time: 0.485, data: 0.001) G_GAN_ViT: 0.259 D_real_ViT: 0.179 D_fake_ViT: 0.322 global: 0.367 spatial: 0.061 
(epoch: 45, iters: 1872, time: 0.486, data: 0.001) G_GAN_ViT: 0.371 D_real_ViT: 0.322 D_fake_ViT: 0.241 global: 0.495 spatial: 0.121 
(epoch: 45, iters: 1972, time: 0.486, data: 0.001) G_GAN_ViT: 0.320 D_real_ViT: 0.168 D_fake_ViT: 0.248 global: 0.537 spatial: 0.073 
(epoch: 45, iters: 2072, time: 0.485, data: 0.001) G_GAN_ViT: 0.512 D_real_ViT: 0.091 D_fake_ViT: 0.126 global: 0.500 spatial: 0.070 
(epoch: 45, iters: 2172, time: 0.485, data: 0.001) G_GAN_ViT: 0.520 D_real_ViT: 0.221 D_fake_ViT: 0.131 global: 0.516 spatial: 0.112 
(epoch: 45, iters: 2272, time: 0.485, data: 0.001) G_GAN_ViT: 0.296 D_real_ViT: 0.208 D_fake_ViT: 0.274 global: 0.318 spatial: 0.064 
(epoch: 45, iters: 2372, time: 0.485, data: 0.001) G_GAN_ViT: 0.294 D_real_ViT: 0.275 D_fake_ViT: 0.327 global: 0.465 spatial: 0.089 
(epoch: 45, iters: 2472, time: 0.484, data: 0.001) G_GAN_ViT: 0.446 D_real_ViT: 0.075 D_fake_ViT: 0.177 global: 0.426 spatial: 0.104 
(epoch: 45, iters: 2572, time: 0.485, data: 0.001) G_GAN_ViT: 0.573 D_real_ViT: 0.216 D_fake_ViT: 0.103 global: 0.435 spatial: 0.064 
(epoch: 45, iters: 2672, time: 0.485, data: 0.001) G_GAN_ViT: 0.691 D_real_ViT: 0.158 D_fake_ViT: 0.059 global: 0.364 spatial: 0.067 
(epoch: 45, iters: 2772, time: 0.486, data: 0.001) G_GAN_ViT: 0.315 D_real_ViT: 0.234 D_fake_ViT: 0.300 global: 0.552 spatial: 0.112 
(epoch: 45, iters: 2872, time: 0.486, data: 0.001) G_GAN_ViT: 0.350 D_real_ViT: 0.231 D_fake_ViT: 0.230 global: 0.508 spatial: 0.103 
(epoch: 45, iters: 2972, time: 0.486, data: 0.001) G_GAN_ViT: 0.420 D_real_ViT: 0.155 D_fake_ViT: 0.196 global: 0.457 spatial: 0.095 
(epoch: 45, iters: 3072, time: 0.486, data: 0.002) G_GAN_ViT: 0.269 D_real_ViT: 0.123 D_fake_ViT: 0.321 global: 0.471 spatial: 0.109 
saving the latest model (epoch 45, total_iters 250000)
ICL_single_monitor
(epoch: 45, iters: 3172, time: 0.485, data: 0.001) G_GAN_ViT: 0.492 D_real_ViT: 0.097 D_fake_ViT: 0.142 global: 0.466 spatial: 0.083 
(epoch: 45, iters: 3272, time: 0.484, data: 0.001) G_GAN_ViT: 0.462 D_real_ViT: 0.119 D_fake_ViT: 0.162 global: 0.475 spatial: 0.085 
(epoch: 45, iters: 3372, time: 0.485, data: 0.001) G_GAN_ViT: 0.398 D_real_ViT: 0.300 D_fake_ViT: 0.193 global: 0.511 spatial: 0.109 
(epoch: 45, iters: 3472, time: 0.485, data: 0.001) G_GAN_ViT: 0.435 D_real_ViT: 0.072 D_fake_ViT: 0.192 global: 0.503 spatial: 0.118 
(epoch: 45, iters: 3572, time: 0.485, data: 0.001) G_GAN_ViT: 0.505 D_real_ViT: 0.063 D_fake_ViT: 0.144 global: 0.502 spatial: 0.109 
(epoch: 45, iters: 3672, time: 0.485, data: 0.004) G_GAN_ViT: 0.617 D_real_ViT: 0.105 D_fake_ViT: 0.083 global: 0.439 spatial: 0.081 
(epoch: 45, iters: 3772, time: 0.485, data: 0.004) G_GAN_ViT: 0.482 D_real_ViT: 0.641 D_fake_ViT: 0.173 global: 0.572 spatial: 0.123 
(epoch: 45, iters: 3872, time: 0.486, data: 0.001) G_GAN_ViT: 0.461 D_real_ViT: 0.301 D_fake_ViT: 0.152 global: 0.526 spatial: 0.105 
(epoch: 45, iters: 3972, time: 0.486, data: 0.001) G_GAN_ViT: 0.573 D_real_ViT: 0.175 D_fake_ViT: 0.103 global: 0.460 spatial: 0.085 
(epoch: 45, iters: 4072, time: 0.485, data: 0.001) G_GAN_ViT: 0.404 D_real_ViT: 0.104 D_fake_ViT: 0.183 global: 0.401 spatial: 0.072 
(epoch: 45, iters: 4172, time: 0.486, data: 0.001) G_GAN_ViT: 0.637 D_real_ViT: 0.116 D_fake_ViT: 0.078 global: 0.406 spatial: 0.079 
(epoch: 45, iters: 4272, time: 0.486, data: 0.001) G_GAN_ViT: 0.581 D_real_ViT: 0.161 D_fake_ViT: 0.125 global: 0.538 spatial: 0.114 
(epoch: 45, iters: 4372, time: 0.486, data: 0.001) G_GAN_ViT: 0.429 D_real_ViT: 0.211 D_fake_ViT: 0.159 global: 0.296 spatial: 0.063 
(epoch: 45, iters: 4472, time: 0.486, data: 0.002) G_GAN_ViT: 0.541 D_real_ViT: 0.103 D_fake_ViT: 0.104 global: 0.349 spatial: 0.051 
(epoch: 45, iters: 4572, time: 0.485, data: 0.001) G_GAN_ViT: 0.286 D_real_ViT: 0.192 D_fake_ViT: 0.283 global: 0.330 spatial: 0.062 
(epoch: 45, iters: 4672, time: 0.485, data: 0.001) G_GAN_ViT: 0.519 D_real_ViT: 0.156 D_fake_ViT: 0.135 global: 0.458 spatial: 0.111 
(epoch: 45, iters: 4772, time: 0.485, data: 0.001) G_GAN_ViT: 0.501 D_real_ViT: 0.193 D_fake_ViT: 0.151 global: 0.524 spatial: 0.112 
(epoch: 45, iters: 4872, time: 0.486, data: 0.001) G_GAN_ViT: 0.240 D_real_ViT: 0.165 D_fake_ViT: 0.367 global: 0.498 spatial: 0.097 
(epoch: 45, iters: 4972, time: 0.486, data: 0.001) G_GAN_ViT: 0.360 D_real_ViT: 0.149 D_fake_ViT: 0.221 global: 0.481 spatial: 0.090 
(epoch: 45, iters: 5072, time: 0.486, data: 0.001) G_GAN_ViT: 0.586 D_real_ViT: 0.420 D_fake_ViT: 0.126 global: 0.587 spatial: 0.101 
(epoch: 45, iters: 5172, time: 0.486, data: 0.001) G_GAN_ViT: 0.420 D_real_ViT: 0.196 D_fake_ViT: 0.216 global: 0.488 spatial: 0.117 
(epoch: 45, iters: 5272, time: 0.486, data: 0.001) G_GAN_ViT: 0.354 D_real_ViT: 0.164 D_fake_ViT: 0.247 global: 0.527 spatial: 0.119 
(epoch: 45, iters: 5372, time: 0.486, data: 0.001) G_GAN_ViT: 0.666 D_real_ViT: 0.186 D_fake_ViT: 0.059 global: 0.352 spatial: 0.062 
(epoch: 45, iters: 5472, time: 0.486, data: 0.001) G_GAN_ViT: 0.535 D_real_ViT: 0.204 D_fake_ViT: 0.110 global: 0.463 spatial: 0.096 
(epoch: 45, iters: 5572, time: 0.486, data: 0.001) G_GAN_ViT: 0.662 D_real_ViT: 0.273 D_fake_ViT: 0.065 global: 0.381 spatial: 0.066 
saving the model at the end of epoch 45, iters 252540
End of epoch 45 / 100 	 Time Taken: 2734 sec
learning rate = 0.0000100
(epoch: 46, iters: 60, time: 0.486, data: 0.001) G_GAN_ViT: 0.522 D_real_ViT: 0.300 D_fake_ViT: 0.130 global: 0.475 spatial: 0.110 
(epoch: 46, iters: 160, time: 0.486, data: 0.001) G_GAN_ViT: 0.334 D_real_ViT: 0.090 D_fake_ViT: 0.245 global: 0.412 spatial: 0.091 
(epoch: 46, iters: 260, time: 0.486, data: 0.001) G_GAN_ViT: 0.574 D_real_ViT: 0.104 D_fake_ViT: 0.100 global: 0.454 spatial: 0.087 
(epoch: 46, iters: 360, time: 0.486, data: 0.001) G_GAN_ViT: 0.416 D_real_ViT: 0.077 D_fake_ViT: 0.212 global: 0.364 spatial: 0.090 
(epoch: 46, iters: 460, time: 0.486, data: 0.001) G_GAN_ViT: 0.259 D_real_ViT: 0.198 D_fake_ViT: 0.369 global: 0.493 spatial: 0.099 
(epoch: 46, iters: 560, time: 0.486, data: 0.001) G_GAN_ViT: 0.593 D_real_ViT: 0.288 D_fake_ViT: 0.088 global: 0.439 spatial: 0.072 
(epoch: 46, iters: 660, time: 0.486, data: 0.001) G_GAN_ViT: 0.607 D_real_ViT: 0.134 D_fake_ViT: 0.120 global: 0.448 spatial: 0.094 
(epoch: 46, iters: 760, time: 0.486, data: 0.001) G_GAN_ViT: 0.307 D_real_ViT: 0.172 D_fake_ViT: 0.253 global: 0.487 spatial: 0.096 
(epoch: 46, iters: 860, time: 0.486, data: 0.001) G_GAN_ViT: 0.422 D_real_ViT: 0.357 D_fake_ViT: 0.183 global: 0.586 spatial: 0.113 
(epoch: 46, iters: 960, time: 0.484, data: 0.001) G_GAN_ViT: 0.693 D_real_ViT: 0.102 D_fake_ViT: 0.069 global: 0.370 spatial: 0.060 
(epoch: 46, iters: 1060, time: 0.484, data: 0.001) G_GAN_ViT: 0.556 D_real_ViT: 0.149 D_fake_ViT: 0.104 global: 0.422 spatial: 0.079 
(epoch: 46, iters: 1160, time: 0.485, data: 0.001) G_GAN_ViT: 0.530 D_real_ViT: 0.196 D_fake_ViT: 0.111 global: 0.510 spatial: 0.081 
(epoch: 46, iters: 1260, time: 0.485, data: 0.001) G_GAN_ViT: 0.290 D_real_ViT: 0.295 D_fake_ViT: 0.278 global: 0.473 spatial: 0.085 
(epoch: 46, iters: 1360, time: 0.485, data: 0.001) G_GAN_ViT: 0.619 D_real_ViT: 0.283 D_fake_ViT: 0.109 global: 0.482 spatial: 0.112 
(epoch: 46, iters: 1460, time: 0.485, data: 0.001) G_GAN_ViT: 0.351 D_real_ViT: 0.117 D_fake_ViT: 0.235 global: 0.457 spatial: 0.093 
(epoch: 46, iters: 1560, time: 0.484, data: 0.001) G_GAN_ViT: 0.436 D_real_ViT: 0.145 D_fake_ViT: 0.186 global: 0.431 spatial: 0.092 
(epoch: 46, iters: 1660, time: 0.485, data: 0.001) G_GAN_ViT: 0.491 D_real_ViT: 0.143 D_fake_ViT: 0.138 global: 0.417 spatial: 0.069 
(epoch: 46, iters: 1760, time: 0.485, data: 0.001) G_GAN_ViT: 0.379 D_real_ViT: 0.253 D_fake_ViT: 0.236 global: 0.579 spatial: 0.099 
(epoch: 46, iters: 1860, time: 0.485, data: 0.001) G_GAN_ViT: 0.569 D_real_ViT: 0.045 D_fake_ViT: 0.101 global: 0.433 spatial: 0.080 
(epoch: 46, iters: 1960, time: 0.485, data: 0.001) G_GAN_ViT: 0.408 D_real_ViT: 0.095 D_fake_ViT: 0.179 global: 0.444 spatial: 0.058 
(epoch: 46, iters: 2060, time: 0.485, data: 0.001) G_GAN_ViT: 0.340 D_real_ViT: 0.241 D_fake_ViT: 0.236 global: 0.326 spatial: 0.065 
(epoch: 46, iters: 2160, time: 0.485, data: 0.001) G_GAN_ViT: 0.577 D_real_ViT: 0.280 D_fake_ViT: 0.114 global: 0.448 spatial: 0.113 
(epoch: 46, iters: 2260, time: 0.485, data: 0.001) G_GAN_ViT: 0.549 D_real_ViT: 0.148 D_fake_ViT: 0.110 global: 0.494 spatial: 0.088 
(epoch: 46, iters: 2360, time: 0.485, data: 0.001) G_GAN_ViT: 0.627 D_real_ViT: 0.273 D_fake_ViT: 0.090 global: 0.433 spatial: 0.080 
(epoch: 46, iters: 2460, time: 0.485, data: 0.001) G_GAN_ViT: 0.485 D_real_ViT: 0.131 D_fake_ViT: 0.151 global: 0.483 spatial: 0.110 
saving the latest model (epoch 46, total_iters 255000)
ICL_single_monitor
(epoch: 46, iters: 2560, time: 0.485, data: 0.001) G_GAN_ViT: 0.363 D_real_ViT: 0.069 D_fake_ViT: 0.238 global: 0.558 spatial: 0.100 
(epoch: 46, iters: 2660, time: 0.484, data: 0.001) G_GAN_ViT: 0.557 D_real_ViT: 0.160 D_fake_ViT: 0.138 global: 0.447 spatial: 0.106 
(epoch: 46, iters: 2760, time: 0.485, data: 0.001) G_GAN_ViT: 0.591 D_real_ViT: 0.148 D_fake_ViT: 0.105 global: 0.489 spatial: 0.101 
(epoch: 46, iters: 2860, time: 0.485, data: 0.001) G_GAN_ViT: 0.359 D_real_ViT: 0.076 D_fake_ViT: 0.246 global: 0.543 spatial: 0.121 
(epoch: 46, iters: 2960, time: 0.485, data: 0.001) G_GAN_ViT: 0.330 D_real_ViT: 0.104 D_fake_ViT: 0.276 global: 0.533 spatial: 0.116 
(epoch: 46, iters: 3060, time: 0.485, data: 0.001) G_GAN_ViT: 0.465 D_real_ViT: 0.190 D_fake_ViT: 0.152 global: 0.445 spatial: 0.088 
(epoch: 46, iters: 3160, time: 0.485, data: 0.001) G_GAN_ViT: 0.482 D_real_ViT: 0.184 D_fake_ViT: 0.174 global: 0.358 spatial: 0.097 
(epoch: 46, iters: 3260, time: 0.485, data: 0.001) G_GAN_ViT: 0.553 D_real_ViT: 0.152 D_fake_ViT: 0.098 global: 0.406 spatial: 0.091 
(epoch: 46, iters: 3360, time: 0.486, data: 0.001) G_GAN_ViT: 0.607 D_real_ViT: 0.139 D_fake_ViT: 0.083 global: 0.377 spatial: 0.061 
(epoch: 46, iters: 3460, time: 0.485, data: 0.001) G_GAN_ViT: 0.491 D_real_ViT: 0.179 D_fake_ViT: 0.135 global: 0.450 spatial: 0.090 
(epoch: 46, iters: 3560, time: 0.485, data: 0.001) G_GAN_ViT: 0.397 D_real_ViT: 0.152 D_fake_ViT: 0.190 global: 0.457 spatial: 0.098 
(epoch: 46, iters: 3660, time: 0.485, data: 0.001) G_GAN_ViT: 0.416 D_real_ViT: 0.239 D_fake_ViT: 0.199 global: 0.494 spatial: 0.074 
(epoch: 46, iters: 3760, time: 0.486, data: 0.001) G_GAN_ViT: 0.405 D_real_ViT: 0.120 D_fake_ViT: 0.188 global: 0.508 spatial: 0.106 
(epoch: 46, iters: 3860, time: 0.486, data: 0.001) G_GAN_ViT: 0.338 D_real_ViT: 0.479 D_fake_ViT: 0.242 global: 0.450 spatial: 0.084 
(epoch: 46, iters: 3960, time: 0.485, data: 0.001) G_GAN_ViT: 0.306 D_real_ViT: 0.116 D_fake_ViT: 0.290 global: 0.498 spatial: 0.116 
(epoch: 46, iters: 4060, time: 0.486, data: 0.001) G_GAN_ViT: 0.746 D_real_ViT: 0.354 D_fake_ViT: 0.081 global: 0.510 spatial: 0.115 
(epoch: 46, iters: 4160, time: 0.486, data: 0.001) G_GAN_ViT: 0.684 D_real_ViT: 0.098 D_fake_ViT: 0.072 global: 0.457 spatial: 0.086 
(epoch: 46, iters: 4260, time: 0.486, data: 0.001) G_GAN_ViT: 0.385 D_real_ViT: 0.186 D_fake_ViT: 0.222 global: 0.509 spatial: 0.113 
(epoch: 46, iters: 4360, time: 0.486, data: 0.001) G_GAN_ViT: 0.331 D_real_ViT: 0.127 D_fake_ViT: 0.243 global: 0.360 spatial: 0.061 
(epoch: 46, iters: 4460, time: 0.486, data: 0.001) G_GAN_ViT: 0.396 D_real_ViT: 0.794 D_fake_ViT: 0.219 global: 0.521 spatial: 0.116 
(epoch: 46, iters: 4560, time: 0.486, data: 0.001) G_GAN_ViT: 0.390 D_real_ViT: 0.145 D_fake_ViT: 0.214 global: 0.559 spatial: 0.097 
(epoch: 46, iters: 4660, time: 0.486, data: 0.001) G_GAN_ViT: 0.407 D_real_ViT: 0.380 D_fake_ViT: 0.184 global: 0.401 spatial: 0.069 
(epoch: 46, iters: 4760, time: 0.486, data: 0.002) G_GAN_ViT: 0.565 D_real_ViT: 0.043 D_fake_ViT: 0.125 global: 0.511 spatial: 0.078 
(epoch: 46, iters: 4860, time: 0.486, data: 0.001) G_GAN_ViT: 0.459 D_real_ViT: 0.153 D_fake_ViT: 0.164 global: 0.454 spatial: 0.091 
(epoch: 46, iters: 4960, time: 0.484, data: 0.001) G_GAN_ViT: 0.654 D_real_ViT: 0.197 D_fake_ViT: 0.089 global: 0.409 spatial: 0.101 
(epoch: 46, iters: 5060, time: 0.485, data: 0.001) G_GAN_ViT: 0.558 D_real_ViT: 0.122 D_fake_ViT: 0.128 global: 0.412 spatial: 0.070 
(epoch: 46, iters: 5160, time: 0.486, data: 0.002) G_GAN_ViT: 0.655 D_real_ViT: 0.574 D_fake_ViT: 0.061 global: 0.288 spatial: 0.048 
(epoch: 46, iters: 5260, time: 0.486, data: 0.001) G_GAN_ViT: 0.341 D_real_ViT: 0.060 D_fake_ViT: 0.265 global: 0.581 spatial: 0.106 
(epoch: 46, iters: 5360, time: 0.486, data: 0.001) G_GAN_ViT: 0.280 D_real_ViT: 0.331 D_fake_ViT: 0.305 global: 0.492 spatial: 0.091 
(epoch: 46, iters: 5460, time: 0.486, data: 0.001) G_GAN_ViT: 0.537 D_real_ViT: 0.219 D_fake_ViT: 0.112 global: 0.443 spatial: 0.083 
(epoch: 46, iters: 5560, time: 0.486, data: 0.001) G_GAN_ViT: 0.484 D_real_ViT: 0.183 D_fake_ViT: 0.135 global: 0.435 spatial: 0.070 
End of epoch 46 / 100 	 Time Taken: 2732 sec
learning rate = 0.0000100
(epoch: 47, iters: 48, time: 0.486, data: 0.001) G_GAN_ViT: 0.476 D_real_ViT: 0.276 D_fake_ViT: 0.167 global: 0.537 spatial: 0.091 
(epoch: 47, iters: 148, time: 0.485, data: 0.001) G_GAN_ViT: 0.470 D_real_ViT: 0.211 D_fake_ViT: 0.147 global: 0.516 spatial: 0.080 
(epoch: 47, iters: 248, time: 0.486, data: 0.001) G_GAN_ViT: 0.556 D_real_ViT: 0.177 D_fake_ViT: 0.102 global: 0.332 spatial: 0.053 
(epoch: 47, iters: 348, time: 0.485, data: 0.001) G_GAN_ViT: 0.400 D_real_ViT: 0.201 D_fake_ViT: 0.186 global: 0.431 spatial: 0.073 
(epoch: 47, iters: 448, time: 0.485, data: 0.001) G_GAN_ViT: 0.462 D_real_ViT: 0.042 D_fake_ViT: 0.145 global: 0.298 spatial: 0.054 
(epoch: 47, iters: 548, time: 0.485, data: 0.001) G_GAN_ViT: 0.455 D_real_ViT: 0.043 D_fake_ViT: 0.150 global: 0.298 spatial: 0.047 
(epoch: 47, iters: 648, time: 0.485, data: 0.001) G_GAN_ViT: 0.393 D_real_ViT: 0.209 D_fake_ViT: 0.223 global: 0.550 spatial: 0.118 
(epoch: 47, iters: 748, time: 0.485, data: 0.001) G_GAN_ViT: 0.471 D_real_ViT: 0.137 D_fake_ViT: 0.142 global: 0.511 spatial: 0.098 
(epoch: 47, iters: 848, time: 0.485, data: 0.001) G_GAN_ViT: 0.689 D_real_ViT: 0.265 D_fake_ViT: 0.064 global: 0.339 spatial: 0.062 
(epoch: 47, iters: 948, time: 0.485, data: 0.001) G_GAN_ViT: 0.378 D_real_ViT: 0.116 D_fake_ViT: 0.205 global: 0.517 spatial: 0.102 
(epoch: 47, iters: 1048, time: 0.485, data: 0.001) G_GAN_ViT: 0.431 D_real_ViT: 0.182 D_fake_ViT: 0.156 global: 0.287 spatial: 0.045 
(epoch: 47, iters: 1148, time: 0.485, data: 0.001) G_GAN_ViT: 0.470 D_real_ViT: 0.391 D_fake_ViT: 0.143 global: 0.535 spatial: 0.083 
(epoch: 47, iters: 1248, time: 0.486, data: 0.001) G_GAN_ViT: 0.378 D_real_ViT: 0.603 D_fake_ViT: 0.219 global: 0.537 spatial: 0.105 
(epoch: 47, iters: 1348, time: 0.486, data: 0.001) G_GAN_ViT: 0.606 D_real_ViT: 0.126 D_fake_ViT: 0.091 global: 0.457 spatial: 0.088 
(epoch: 47, iters: 1448, time: 0.486, data: 0.001) G_GAN_ViT: 0.434 D_real_ViT: 0.153 D_fake_ViT: 0.183 global: 0.447 spatial: 0.096 
(epoch: 47, iters: 1548, time: 0.485, data: 0.001) G_GAN_ViT: 0.595 D_real_ViT: 0.120 D_fake_ViT: 0.099 global: 0.406 spatial: 0.065 
(epoch: 47, iters: 1648, time: 0.486, data: 0.001) G_GAN_ViT: 0.410 D_real_ViT: 0.124 D_fake_ViT: 0.199 global: 0.505 spatial: 0.095 
(epoch: 47, iters: 1748, time: 0.485, data: 0.001) G_GAN_ViT: 0.312 D_real_ViT: 0.425 D_fake_ViT: 0.258 global: 0.351 spatial: 0.057 
(epoch: 47, iters: 1848, time: 0.485, data: 0.001) G_GAN_ViT: 0.267 D_real_ViT: 0.163 D_fake_ViT: 0.303 global: 0.479 spatial: 0.101 
saving the latest model (epoch 47, total_iters 260000)
ICL_single_monitor
(epoch: 47, iters: 1948, time: 0.485, data: 0.001) G_GAN_ViT: 0.557 D_real_ViT: 0.118 D_fake_ViT: 0.138 global: 0.451 spatial: 0.101 
(epoch: 47, iters: 2048, time: 0.484, data: 0.001) G_GAN_ViT: 0.458 D_real_ViT: 0.112 D_fake_ViT: 0.168 global: 0.517 spatial: 0.084 
(epoch: 47, iters: 2148, time: 0.485, data: 0.001) G_GAN_ViT: 0.627 D_real_ViT: 0.146 D_fake_ViT: 0.075 global: 0.434 spatial: 0.080 
(epoch: 47, iters: 2248, time: 0.485, data: 0.001) G_GAN_ViT: 0.399 D_real_ViT: 0.236 D_fake_ViT: 0.198 global: 0.553 spatial: 0.092 
(epoch: 47, iters: 2348, time: 0.485, data: 0.001) G_GAN_ViT: 0.529 D_real_ViT: 0.287 D_fake_ViT: 0.130 global: 0.466 spatial: 0.086 
(epoch: 47, iters: 2448, time: 0.485, data: 0.003) G_GAN_ViT: 0.538 D_real_ViT: 0.104 D_fake_ViT: 0.137 global: 0.446 spatial: 0.106 
(epoch: 47, iters: 2548, time: 0.485, data: 0.001) G_GAN_ViT: 0.535 D_real_ViT: 0.188 D_fake_ViT: 0.128 global: 0.493 spatial: 0.113 
(epoch: 47, iters: 2648, time: 0.485, data: 0.001) G_GAN_ViT: 0.534 D_real_ViT: 0.123 D_fake_ViT: 0.132 global: 0.472 spatial: 0.113 
(epoch: 47, iters: 2748, time: 0.485, data: 0.001) G_GAN_ViT: 0.601 D_real_ViT: 0.065 D_fake_ViT: 0.121 global: 0.574 spatial: 0.111 
(epoch: 47, iters: 2848, time: 0.486, data: 0.001) G_GAN_ViT: 0.277 D_real_ViT: 0.072 D_fake_ViT: 0.300 global: 0.466 spatial: 0.101 
(epoch: 47, iters: 2948, time: 0.486, data: 0.003) G_GAN_ViT: 0.422 D_real_ViT: 0.296 D_fake_ViT: 0.193 global: 0.498 spatial: 0.114 
(epoch: 47, iters: 3048, time: 0.486, data: 0.001) G_GAN_ViT: 0.374 D_real_ViT: 0.210 D_fake_ViT: 0.234 global: 0.532 spatial: 0.123 
(epoch: 47, iters: 3148, time: 0.486, data: 0.001) G_GAN_ViT: 0.395 D_real_ViT: 0.080 D_fake_ViT: 0.216 global: 0.583 spatial: 0.097 
(epoch: 47, iters: 3248, time: 0.485, data: 0.001) G_GAN_ViT: 0.549 D_real_ViT: 0.095 D_fake_ViT: 0.123 global: 0.468 spatial: 0.098 
(epoch: 47, iters: 3348, time: 0.485, data: 0.001) G_GAN_ViT: 0.436 D_real_ViT: 0.215 D_fake_ViT: 0.175 global: 0.383 spatial: 0.094 
(epoch: 47, iters: 3448, time: 0.485, data: 0.001) G_GAN_ViT: 0.383 D_real_ViT: 0.046 D_fake_ViT: 0.239 global: 0.507 spatial: 0.109 
(epoch: 47, iters: 3548, time: 0.485, data: 0.001) G_GAN_ViT: 0.412 D_real_ViT: 0.142 D_fake_ViT: 0.201 global: 0.490 spatial: 0.099 
(epoch: 47, iters: 3648, time: 0.485, data: 0.001) G_GAN_ViT: 0.382 D_real_ViT: 0.120 D_fake_ViT: 0.213 global: 0.528 spatial: 0.108 
(epoch: 47, iters: 3748, time: 0.486, data: 0.001) G_GAN_ViT: 0.381 D_real_ViT: 0.138 D_fake_ViT: 0.214 global: 0.556 spatial: 0.111 
(epoch: 47, iters: 3848, time: 0.486, data: 0.001) G_GAN_ViT: 0.420 D_real_ViT: 0.034 D_fake_ViT: 0.196 global: 0.523 spatial: 0.107 
(epoch: 47, iters: 3948, time: 0.486, data: 0.001) G_GAN_ViT: 0.400 D_real_ViT: 0.135 D_fake_ViT: 0.193 global: 0.516 spatial: 0.099 
(epoch: 47, iters: 4048, time: 0.486, data: 0.001) G_GAN_ViT: 0.425 D_real_ViT: 0.317 D_fake_ViT: 0.176 global: 0.511 spatial: 0.111 
(epoch: 47, iters: 4148, time: 0.485, data: 0.001) G_GAN_ViT: 0.365 D_real_ViT: 0.133 D_fake_ViT: 0.217 global: 0.377 spatial: 0.062 
(epoch: 47, iters: 4248, time: 0.485, data: 0.001) G_GAN_ViT: 0.371 D_real_ViT: 0.175 D_fake_ViT: 0.215 global: 0.514 spatial: 0.112 
(epoch: 47, iters: 4348, time: 0.485, data: 0.001) G_GAN_ViT: 0.448 D_real_ViT: 0.112 D_fake_ViT: 0.179 global: 0.455 spatial: 0.103 
(epoch: 47, iters: 4448, time: 0.485, data: 0.001) G_GAN_ViT: 0.350 D_real_ViT: 0.075 D_fake_ViT: 0.244 global: 0.476 spatial: 0.103 
(epoch: 47, iters: 4548, time: 0.485, data: 0.001) G_GAN_ViT: 0.382 D_real_ViT: 0.519 D_fake_ViT: 0.223 global: 0.506 spatial: 0.090 
(epoch: 47, iters: 4648, time: 0.485, data: 0.001) G_GAN_ViT: 0.443 D_real_ViT: 0.117 D_fake_ViT: 0.161 global: 0.357 spatial: 0.064 
(epoch: 47, iters: 4748, time: 0.485, data: 0.001) G_GAN_ViT: 0.505 D_real_ViT: 0.055 D_fake_ViT: 0.146 global: 0.436 spatial: 0.099 
(epoch: 47, iters: 4848, time: 0.485, data: 0.001) G_GAN_ViT: 0.647 D_real_ViT: 0.059 D_fake_ViT: 0.078 global: 0.413 spatial: 0.073 
(epoch: 47, iters: 4948, time: 0.485, data: 0.001) G_GAN_ViT: 0.367 D_real_ViT: 0.177 D_fake_ViT: 0.222 global: 0.478 spatial: 0.067 
(epoch: 47, iters: 5048, time: 0.486, data: 0.001) G_GAN_ViT: 0.319 D_real_ViT: 0.078 D_fake_ViT: 0.305 global: 0.535 spatial: 0.114 
(epoch: 47, iters: 5148, time: 0.485, data: 0.001) G_GAN_ViT: 0.402 D_real_ViT: 0.105 D_fake_ViT: 0.209 global: 0.533 spatial: 0.101 
(epoch: 47, iters: 5248, time: 0.485, data: 0.001) G_GAN_ViT: 0.389 D_real_ViT: 0.142 D_fake_ViT: 0.209 global: 0.463 spatial: 0.107 
(epoch: 47, iters: 5348, time: 0.485, data: 0.001) G_GAN_ViT: 0.551 D_real_ViT: 0.141 D_fake_ViT: 0.116 global: 0.399 spatial: 0.066 
(epoch: 47, iters: 5448, time: 0.485, data: 0.001) G_GAN_ViT: 0.417 D_real_ViT: 0.125 D_fake_ViT: 0.163 global: 0.327 spatial: 0.057 
(epoch: 47, iters: 5548, time: 0.485, data: 0.001) G_GAN_ViT: 0.376 D_real_ViT: 0.129 D_fake_ViT: 0.223 global: 0.464 spatial: 0.093 
End of epoch 47 / 100 	 Time Taken: 2732 sec
learning rate = 0.0000100
(epoch: 48, iters: 36, time: 0.485, data: 0.001) G_GAN_ViT: 0.548 D_real_ViT: 0.354 D_fake_ViT: 0.112 global: 0.476 spatial: 0.096 
(epoch: 48, iters: 136, time: 0.485, data: 0.001) G_GAN_ViT: 0.517 D_real_ViT: 0.491 D_fake_ViT: 0.151 global: 0.485 spatial: 0.121 
(epoch: 48, iters: 236, time: 0.485, data: 0.001) G_GAN_ViT: 0.417 D_real_ViT: 0.156 D_fake_ViT: 0.185 global: 0.425 spatial: 0.089 
(epoch: 48, iters: 336, time: 0.485, data: 0.001) G_GAN_ViT: 0.658 D_real_ViT: 0.089 D_fake_ViT: 0.075 global: 0.398 spatial: 0.093 
(epoch: 48, iters: 436, time: 0.485, data: 0.001) G_GAN_ViT: 0.547 D_real_ViT: 0.154 D_fake_ViT: 0.154 global: 0.489 spatial: 0.082 
(epoch: 48, iters: 536, time: 0.485, data: 0.001) G_GAN_ViT: 0.364 D_real_ViT: 0.247 D_fake_ViT: 0.243 global: 0.503 spatial: 0.102 
(epoch: 48, iters: 636, time: 0.485, data: 0.001) G_GAN_ViT: 0.442 D_real_ViT: 0.189 D_fake_ViT: 0.184 global: 0.449 spatial: 0.089 
(epoch: 48, iters: 736, time: 0.485, data: 0.001) G_GAN_ViT: 0.502 D_real_ViT: 0.130 D_fake_ViT: 0.141 global: 0.398 spatial: 0.061 
(epoch: 48, iters: 836, time: 0.485, data: 0.001) G_GAN_ViT: 0.604 D_real_ViT: 0.154 D_fake_ViT: 0.078 global: 0.410 spatial: 0.084 
(epoch: 48, iters: 936, time: 0.485, data: 0.001) G_GAN_ViT: 0.521 D_real_ViT: 0.176 D_fake_ViT: 0.140 global: 0.527 spatial: 0.115 
(epoch: 48, iters: 1036, time: 0.485, data: 0.001) G_GAN_ViT: 0.561 D_real_ViT: 0.143 D_fake_ViT: 0.110 global: 0.340 spatial: 0.056 
(epoch: 48, iters: 1136, time: 0.485, data: 0.001) G_GAN_ViT: 0.408 D_real_ViT: 0.147 D_fake_ViT: 0.218 global: 0.512 spatial: 0.118 
(epoch: 48, iters: 1236, time: 0.486, data: 0.001) G_GAN_ViT: 0.297 D_real_ViT: 0.422 D_fake_ViT: 0.280 global: 0.466 spatial: 0.107 
saving the latest model (epoch 48, total_iters 265000)
ICL_single_monitor
(epoch: 48, iters: 1336, time: 0.485, data: 0.001) G_GAN_ViT: 0.413 D_real_ViT: 0.458 D_fake_ViT: 0.173 global: 0.389 spatial: 0.062 
(epoch: 48, iters: 1436, time: 0.484, data: 0.001) G_GAN_ViT: 0.268 D_real_ViT: 0.126 D_fake_ViT: 0.351 global: 0.560 spatial: 0.103 
(epoch: 48, iters: 1536, time: 0.485, data: 0.001) G_GAN_ViT: 0.301 D_real_ViT: 0.593 D_fake_ViT: 0.275 global: 0.492 spatial: 0.102 
(epoch: 48, iters: 1636, time: 0.485, data: 0.001) G_GAN_ViT: 0.462 D_real_ViT: 0.254 D_fake_ViT: 0.175 global: 0.421 spatial: 0.099 
(epoch: 48, iters: 1736, time: 0.485, data: 0.001) G_GAN_ViT: 0.521 D_real_ViT: 0.200 D_fake_ViT: 0.125 global: 0.379 spatial: 0.074 
(epoch: 48, iters: 1836, time: 0.485, data: 0.001) G_GAN_ViT: 0.358 D_real_ViT: 0.107 D_fake_ViT: 0.241 global: 0.504 spatial: 0.097 
(epoch: 48, iters: 1936, time: 0.485, data: 0.001) G_GAN_ViT: 0.587 D_real_ViT: 0.259 D_fake_ViT: 0.102 global: 0.516 spatial: 0.090 
(epoch: 48, iters: 2036, time: 0.485, data: 0.001) G_GAN_ViT: 0.533 D_real_ViT: 0.179 D_fake_ViT: 0.124 global: 0.433 spatial: 0.055 
(epoch: 48, iters: 2136, time: 0.485, data: 0.001) G_GAN_ViT: 0.332 D_real_ViT: 0.048 D_fake_ViT: 0.286 global: 0.578 spatial: 0.106 
(epoch: 48, iters: 2236, time: 0.485, data: 0.001) G_GAN_ViT: 0.491 D_real_ViT: 0.148 D_fake_ViT: 0.138 global: 0.401 spatial: 0.081 
(epoch: 48, iters: 2336, time: 0.485, data: 0.001) G_GAN_ViT: 0.406 D_real_ViT: 0.135 D_fake_ViT: 0.201 global: 0.509 spatial: 0.096 
(epoch: 48, iters: 2436, time: 0.485, data: 0.001) G_GAN_ViT: 0.431 D_real_ViT: 0.135 D_fake_ViT: 0.183 global: 0.549 spatial: 0.106 
(epoch: 48, iters: 2536, time: 0.485, data: 0.001) G_GAN_ViT: 0.501 D_real_ViT: 0.071 D_fake_ViT: 0.131 global: 0.521 spatial: 0.071 
(epoch: 48, iters: 2636, time: 0.485, data: 0.001) G_GAN_ViT: 0.446 D_real_ViT: 0.249 D_fake_ViT: 0.174 global: 0.529 spatial: 0.089 
(epoch: 48, iters: 2736, time: 0.485, data: 0.001) G_GAN_ViT: 0.320 D_real_ViT: 0.361 D_fake_ViT: 0.262 global: 0.489 spatial: 0.101 
(epoch: 48, iters: 2836, time: 0.485, data: 0.001) G_GAN_ViT: 0.473 D_real_ViT: 0.318 D_fake_ViT: 0.138 global: 0.377 spatial: 0.079 
(epoch: 48, iters: 2936, time: 0.485, data: 0.001) G_GAN_ViT: 0.468 D_real_ViT: 0.139 D_fake_ViT: 0.150 global: 0.500 spatial: 0.064 
(epoch: 48, iters: 3036, time: 0.485, data: 0.001) G_GAN_ViT: 0.577 D_real_ViT: 0.276 D_fake_ViT: 0.089 global: 0.505 spatial: 0.074 
(epoch: 48, iters: 3136, time: 0.485, data: 0.001) G_GAN_ViT: 0.750 D_real_ViT: 0.195 D_fake_ViT: 0.050 global: 0.340 spatial: 0.051 
(epoch: 48, iters: 3236, time: 0.485, data: 0.001) G_GAN_ViT: 0.381 D_real_ViT: 0.648 D_fake_ViT: 0.216 global: 0.526 spatial: 0.092 
(epoch: 48, iters: 3336, time: 0.485, data: 0.001) G_GAN_ViT: 0.639 D_real_ViT: 0.355 D_fake_ViT: 0.067 global: 0.327 spatial: 0.051 
(epoch: 48, iters: 3436, time: 0.485, data: 0.001) G_GAN_ViT: 0.297 D_real_ViT: 0.237 D_fake_ViT: 0.276 global: 0.471 spatial: 0.107 
(epoch: 48, iters: 3536, time: 0.485, data: 0.001) G_GAN_ViT: 0.563 D_real_ViT: 0.155 D_fake_ViT: 0.167 global: 0.506 spatial: 0.129 
(epoch: 48, iters: 3636, time: 0.485, data: 0.001) G_GAN_ViT: 0.631 D_real_ViT: 0.108 D_fake_ViT: 0.094 global: 0.545 spatial: 0.097 
(epoch: 48, iters: 3736, time: 0.485, data: 0.001) G_GAN_ViT: 0.411 D_real_ViT: 0.086 D_fake_ViT: 0.181 global: 0.454 spatial: 0.104 
(epoch: 48, iters: 3836, time: 0.486, data: 0.001) G_GAN_ViT: 0.481 D_real_ViT: 0.090 D_fake_ViT: 0.153 global: 0.560 spatial: 0.082 
(epoch: 48, iters: 3936, time: 0.486, data: 0.001) G_GAN_ViT: 0.326 D_real_ViT: 0.230 D_fake_ViT: 0.254 global: 0.461 spatial: 0.094 
(epoch: 48, iters: 4036, time: 0.485, data: 0.001) G_GAN_ViT: 0.574 D_real_ViT: 0.191 D_fake_ViT: 0.132 global: 0.499 spatial: 0.114 
(epoch: 48, iters: 4136, time: 0.485, data: 0.001) G_GAN_ViT: 0.463 D_real_ViT: 0.068 D_fake_ViT: 0.164 global: 0.539 spatial: 0.093 
(epoch: 48, iters: 4236, time: 0.485, data: 0.001) G_GAN_ViT: 0.449 D_real_ViT: 0.088 D_fake_ViT: 0.167 global: 0.507 spatial: 0.109 
(epoch: 48, iters: 4336, time: 0.485, data: 0.001) G_GAN_ViT: 0.552 D_real_ViT: 0.517 D_fake_ViT: 0.099 global: 0.372 spatial: 0.068 
(epoch: 48, iters: 4436, time: 0.486, data: 0.001) G_GAN_ViT: 0.318 D_real_ViT: 0.381 D_fake_ViT: 0.267 global: 0.472 spatial: 0.089 
(epoch: 48, iters: 4536, time: 0.486, data: 0.001) G_GAN_ViT: 0.468 D_real_ViT: 0.188 D_fake_ViT: 0.140 global: 0.421 spatial: 0.068 
(epoch: 48, iters: 4636, time: 0.485, data: 0.001) G_GAN_ViT: 0.383 D_real_ViT: 0.203 D_fake_ViT: 0.224 global: 0.517 spatial: 0.089 
(epoch: 48, iters: 4736, time: 0.485, data: 0.001) G_GAN_ViT: 0.443 D_real_ViT: 0.299 D_fake_ViT: 0.165 global: 0.478 spatial: 0.103 
(epoch: 48, iters: 4836, time: 0.485, data: 0.001) G_GAN_ViT: 0.430 D_real_ViT: 0.137 D_fake_ViT: 0.179 global: 0.469 spatial: 0.093 
(epoch: 48, iters: 4936, time: 0.485, data: 0.001) G_GAN_ViT: 0.516 D_real_ViT: 0.295 D_fake_ViT: 0.168 global: 0.466 spatial: 0.083 
(epoch: 48, iters: 5036, time: 0.485, data: 0.001) G_GAN_ViT: 0.503 D_real_ViT: 0.172 D_fake_ViT: 0.131 global: 0.390 spatial: 0.063 
(epoch: 48, iters: 5136, time: 0.485, data: 0.001) G_GAN_ViT: 0.573 D_real_ViT: 0.125 D_fake_ViT: 0.106 global: 0.401 spatial: 0.059 
(epoch: 48, iters: 5236, time: 0.485, data: 0.001) G_GAN_ViT: 0.474 D_real_ViT: 0.137 D_fake_ViT: 0.155 global: 0.488 spatial: 0.119 
(epoch: 48, iters: 5336, time: 0.485, data: 0.001) G_GAN_ViT: 0.372 D_real_ViT: 0.170 D_fake_ViT: 0.217 global: 0.491 spatial: 0.091 
(epoch: 48, iters: 5436, time: 0.485, data: 0.001) G_GAN_ViT: 0.374 D_real_ViT: 0.148 D_fake_ViT: 0.245 global: 0.472 spatial: 0.112 
(epoch: 48, iters: 5536, time: 0.485, data: 0.001) G_GAN_ViT: 0.450 D_real_ViT: 0.054 D_fake_ViT: 0.168 global: 0.398 spatial: 0.082 
End of epoch 48 / 100 	 Time Taken: 2731 sec
learning rate = 0.0000100
(epoch: 49, iters: 24, time: 0.485, data: 0.001) G_GAN_ViT: 0.278 D_real_ViT: 0.183 D_fake_ViT: 0.322 global: 0.499 spatial: 0.101 
(epoch: 49, iters: 124, time: 0.485, data: 0.001) G_GAN_ViT: 0.354 D_real_ViT: 0.388 D_fake_ViT: 0.226 global: 0.517 spatial: 0.099 
(epoch: 49, iters: 224, time: 0.485, data: 0.001) G_GAN_ViT: 0.386 D_real_ViT: 0.176 D_fake_ViT: 0.201 global: 0.498 spatial: 0.081 
(epoch: 49, iters: 324, time: 0.485, data: 0.001) G_GAN_ViT: 0.425 D_real_ViT: 0.141 D_fake_ViT: 0.195 global: 0.474 spatial: 0.122 
(epoch: 49, iters: 424, time: 0.485, data: 0.001) G_GAN_ViT: 0.372 D_real_ViT: 0.176 D_fake_ViT: 0.229 global: 0.525 spatial: 0.112 
(epoch: 49, iters: 524, time: 0.486, data: 0.001) G_GAN_ViT: 0.493 D_real_ViT: 0.096 D_fake_ViT: 0.146 global: 0.536 spatial: 0.097 
(epoch: 49, iters: 624, time: 0.486, data: 0.001) G_GAN_ViT: 0.753 D_real_ViT: 0.229 D_fake_ViT: 0.045 global: 0.312 spatial: 0.044 
saving the latest model (epoch 49, total_iters 270000)
ICL_single_monitor
(epoch: 49, iters: 724, time: 0.485, data: 0.001) G_GAN_ViT: 0.403 D_real_ViT: 0.270 D_fake_ViT: 0.190 global: 0.457 spatial: 0.086 
(epoch: 49, iters: 824, time: 0.484, data: 0.001) G_GAN_ViT: 0.346 D_real_ViT: 0.185 D_fake_ViT: 0.242 global: 0.515 spatial: 0.096 
(epoch: 49, iters: 924, time: 0.485, data: 0.001) G_GAN_ViT: 0.377 D_real_ViT: 0.123 D_fake_ViT: 0.206 global: 0.336 spatial: 0.055 
(epoch: 49, iters: 1024, time: 0.485, data: 0.001) G_GAN_ViT: 0.499 D_real_ViT: 0.214 D_fake_ViT: 0.144 global: 0.477 spatial: 0.096 
(epoch: 49, iters: 1124, time: 0.485, data: 0.001) G_GAN_ViT: 0.611 D_real_ViT: 0.079 D_fake_ViT: 0.127 global: 0.520 spatial: 0.117 
(epoch: 49, iters: 1224, time: 0.485, data: 0.001) G_GAN_ViT: 0.707 D_real_ViT: 0.127 D_fake_ViT: 0.088 global: 0.440 spatial: 0.084 
(epoch: 49, iters: 1324, time: 0.485, data: 0.001) G_GAN_ViT: 0.534 D_real_ViT: 0.228 D_fake_ViT: 0.133 global: 0.520 spatial: 0.092 
(epoch: 49, iters: 1424, time: 0.485, data: 0.001) G_GAN_ViT: 0.427 D_real_ViT: 0.278 D_fake_ViT: 0.181 global: 0.408 spatial: 0.097 
(epoch: 49, iters: 1524, time: 0.485, data: 0.001) G_GAN_ViT: 0.521 D_real_ViT: 0.340 D_fake_ViT: 0.132 global: 0.450 spatial: 0.084 
(epoch: 49, iters: 1624, time: 0.485, data: 0.001) G_GAN_ViT: 0.329 D_real_ViT: 0.188 D_fake_ViT: 0.256 global: 0.473 spatial: 0.100 
(epoch: 49, iters: 1724, time: 0.485, data: 0.001) G_GAN_ViT: 0.477 D_real_ViT: 0.271 D_fake_ViT: 0.152 global: 0.434 spatial: 0.103 
(epoch: 49, iters: 1824, time: 0.486, data: 0.001) G_GAN_ViT: 0.493 D_real_ViT: 0.087 D_fake_ViT: 0.163 global: 0.389 spatial: 0.088 
(epoch: 49, iters: 1924, time: 0.485, data: 0.001) G_GAN_ViT: 0.395 D_real_ViT: 0.058 D_fake_ViT: 0.207 global: 0.400 spatial: 0.066 
(epoch: 49, iters: 2024, time: 0.485, data: 0.001) G_GAN_ViT: 0.279 D_real_ViT: 0.250 D_fake_ViT: 0.315 global: 0.527 spatial: 0.115 
(epoch: 49, iters: 2124, time: 0.485, data: 0.001) G_GAN_ViT: 0.438 D_real_ViT: 0.159 D_fake_ViT: 0.193 global: 0.433 spatial: 0.116 
(epoch: 49, iters: 2224, time: 0.485, data: 0.001) G_GAN_ViT: 0.611 D_real_ViT: 0.172 D_fake_ViT: 0.089 global: 0.449 spatial: 0.077 
(epoch: 49, iters: 2324, time: 0.485, data: 0.001) G_GAN_ViT: 0.356 D_real_ViT: 0.128 D_fake_ViT: 0.226 global: 0.395 spatial: 0.052 
(epoch: 49, iters: 2424, time: 0.485, data: 0.001) G_GAN_ViT: 0.692 D_real_ViT: 0.127 D_fake_ViT: 0.057 global: 0.403 spatial: 0.080 
(epoch: 49, iters: 2524, time: 0.485, data: 0.001) G_GAN_ViT: 0.322 D_real_ViT: 0.142 D_fake_ViT: 0.275 global: 0.362 spatial: 0.072 
(epoch: 49, iters: 2624, time: 0.485, data: 0.001) G_GAN_ViT: 0.465 D_real_ViT: 0.119 D_fake_ViT: 0.137 global: 0.323 spatial: 0.065 
(epoch: 49, iters: 2724, time: 0.485, data: 0.001) G_GAN_ViT: 0.432 D_real_ViT: 0.223 D_fake_ViT: 0.155 global: 0.305 spatial: 0.047 
(epoch: 49, iters: 2824, time: 0.485, data: 0.001) G_GAN_ViT: 0.427 D_real_ViT: 0.180 D_fake_ViT: 0.201 global: 0.492 spatial: 0.119 
(epoch: 49, iters: 2924, time: 0.485, data: 0.001) G_GAN_ViT: 0.391 D_real_ViT: 0.055 D_fake_ViT: 0.225 global: 0.505 spatial: 0.111 
(epoch: 49, iters: 3024, time: 0.485, data: 0.001) G_GAN_ViT: 0.373 D_real_ViT: 0.126 D_fake_ViT: 0.210 global: 0.392 spatial: 0.082 
(epoch: 49, iters: 3124, time: 0.485, data: 0.001) G_GAN_ViT: 0.460 D_real_ViT: 0.107 D_fake_ViT: 0.175 global: 0.492 spatial: 0.105 
(epoch: 49, iters: 3224, time: 0.485, data: 0.001) G_GAN_ViT: 0.495 D_real_ViT: 0.320 D_fake_ViT: 0.145 global: 0.453 spatial: 0.098 
(epoch: 49, iters: 3324, time: 0.485, data: 0.001) G_GAN_ViT: 0.540 D_real_ViT: 0.141 D_fake_ViT: 0.126 global: 0.589 spatial: 0.096 
(epoch: 49, iters: 3424, time: 0.485, data: 0.001) G_GAN_ViT: 0.593 D_real_ViT: 0.173 D_fake_ViT: 0.094 global: 0.430 spatial: 0.082 
(epoch: 49, iters: 3524, time: 0.485, data: 0.001) G_GAN_ViT: 0.368 D_real_ViT: 0.162 D_fake_ViT: 0.229 global: 0.437 spatial: 0.075 
(epoch: 49, iters: 3624, time: 0.485, data: 0.001) G_GAN_ViT: 0.534 D_real_ViT: 0.229 D_fake_ViT: 0.144 global: 0.489 spatial: 0.117 
(epoch: 49, iters: 3724, time: 0.485, data: 0.001) G_GAN_ViT: 0.452 D_real_ViT: 0.101 D_fake_ViT: 0.168 global: 0.507 spatial: 0.105 
(epoch: 49, iters: 3824, time: 0.485, data: 0.001) G_GAN_ViT: 0.531 D_real_ViT: 0.141 D_fake_ViT: 0.170 global: 0.503 spatial: 0.117 
(epoch: 49, iters: 3924, time: 0.485, data: 0.001) G_GAN_ViT: 0.390 D_real_ViT: 0.092 D_fake_ViT: 0.225 global: 0.572 spatial: 0.101 
(epoch: 49, iters: 4024, time: 0.485, data: 0.001) G_GAN_ViT: 0.436 D_real_ViT: 0.240 D_fake_ViT: 0.163 global: 0.350 spatial: 0.062 
(epoch: 49, iters: 4124, time: 0.485, data: 0.001) G_GAN_ViT: 0.452 D_real_ViT: 0.160 D_fake_ViT: 0.177 global: 0.546 spatial: 0.086 
(epoch: 49, iters: 4224, time: 0.485, data: 0.001) G_GAN_ViT: 0.355 D_real_ViT: 0.148 D_fake_ViT: 0.234 global: 0.460 spatial: 0.105 
(epoch: 49, iters: 4324, time: 0.485, data: 0.002) G_GAN_ViT: 0.537 D_real_ViT: 0.207 D_fake_ViT: 0.114 global: 0.443 spatial: 0.092 
(epoch: 49, iters: 4424, time: 0.485, data: 0.001) G_GAN_ViT: 0.351 D_real_ViT: 0.085 D_fake_ViT: 0.229 global: 0.467 spatial: 0.099 
(epoch: 49, iters: 4524, time: 0.485, data: 0.001) G_GAN_ViT: 0.499 D_real_ViT: 0.104 D_fake_ViT: 0.184 global: 0.445 spatial: 0.106 
(epoch: 49, iters: 4624, time: 0.485, data: 0.001) G_GAN_ViT: 0.548 D_real_ViT: 0.140 D_fake_ViT: 0.126 global: 0.476 spatial: 0.084 
(epoch: 49, iters: 4724, time: 0.485, data: 0.001) G_GAN_ViT: 0.424 D_real_ViT: 0.301 D_fake_ViT: 0.162 global: 0.329 spatial: 0.058 
(epoch: 49, iters: 4824, time: 0.485, data: 0.001) G_GAN_ViT: 0.504 D_real_ViT: 0.186 D_fake_ViT: 0.152 global: 0.422 spatial: 0.093 
(epoch: 49, iters: 4924, time: 0.485, data: 0.001) G_GAN_ViT: 0.625 D_real_ViT: 0.169 D_fake_ViT: 0.079 global: 0.366 spatial: 0.054 
(epoch: 49, iters: 5024, time: 0.485, data: 0.001) G_GAN_ViT: 0.617 D_real_ViT: 0.145 D_fake_ViT: 0.086 global: 0.507 spatial: 0.083 
(epoch: 49, iters: 5124, time: 0.485, data: 0.001) G_GAN_ViT: 0.466 D_real_ViT: 0.211 D_fake_ViT: 0.176 global: 0.507 spatial: 0.096 
(epoch: 49, iters: 5224, time: 0.485, data: 0.001) G_GAN_ViT: 0.398 D_real_ViT: 0.144 D_fake_ViT: 0.193 global: 0.476 spatial: 0.077 
(epoch: 49, iters: 5324, time: 0.485, data: 0.001) G_GAN_ViT: 0.427 D_real_ViT: 0.154 D_fake_ViT: 0.181 global: 0.496 spatial: 0.099 
(epoch: 49, iters: 5424, time: 0.485, data: 0.001) G_GAN_ViT: 0.423 D_real_ViT: 0.233 D_fake_ViT: 0.183 global: 0.482 spatial: 0.090 
(epoch: 49, iters: 5524, time: 0.485, data: 0.001) G_GAN_ViT: 0.659 D_real_ViT: 0.194 D_fake_ViT: 0.064 global: 0.320 spatial: 0.054 
End of epoch 49 / 100 	 Time Taken: 2731 sec
learning rate = 0.0000100
(epoch: 50, iters: 12, time: 0.485, data: 0.001) G_GAN_ViT: 0.485 D_real_ViT: 0.156 D_fake_ViT: 0.143 global: 0.435 spatial: 0.093 
saving the latest model (epoch 50, total_iters 275000)
ICL_single_monitor
(epoch: 50, iters: 112, time: 0.485, data: 0.001) G_GAN_ViT: 0.333 D_real_ViT: 0.626 D_fake_ViT: 0.275 global: 0.512 spatial: 0.115 
(epoch: 50, iters: 212, time: 0.484, data: 0.001) G_GAN_ViT: 0.501 D_real_ViT: 0.120 D_fake_ViT: 0.144 global: 0.474 spatial: 0.096 
(epoch: 50, iters: 312, time: 0.484, data: 0.001) G_GAN_ViT: 0.483 D_real_ViT: 0.146 D_fake_ViT: 0.142 global: 0.512 spatial: 0.108 
(epoch: 50, iters: 412, time: 0.485, data: 0.001) G_GAN_ViT: 0.285 D_real_ViT: 0.076 D_fake_ViT: 0.293 global: 0.413 spatial: 0.063 
(epoch: 50, iters: 512, time: 0.485, data: 0.001) G_GAN_ViT: 0.532 D_real_ViT: 0.070 D_fake_ViT: 0.149 global: 0.506 spatial: 0.113 
(epoch: 50, iters: 612, time: 0.485, data: 0.001) G_GAN_ViT: 0.377 D_real_ViT: 0.153 D_fake_ViT: 0.256 global: 0.516 spatial: 0.114 
(epoch: 50, iters: 712, time: 0.485, data: 0.001) G_GAN_ViT: 0.642 D_real_ViT: 0.076 D_fake_ViT: 0.077 global: 0.449 spatial: 0.085 
(epoch: 50, iters: 812, time: 0.485, data: 0.001) G_GAN_ViT: 0.525 D_real_ViT: 0.155 D_fake_ViT: 0.133 global: 0.451 spatial: 0.072 
(epoch: 50, iters: 912, time: 0.485, data: 0.001) G_GAN_ViT: 0.460 D_real_ViT: 0.205 D_fake_ViT: 0.158 global: 0.484 spatial: 0.089 
(epoch: 50, iters: 1012, time: 0.485, data: 0.001) G_GAN_ViT: 0.423 D_real_ViT: 0.191 D_fake_ViT: 0.195 global: 0.505 spatial: 0.120 
(epoch: 50, iters: 1112, time: 0.485, data: 0.001) G_GAN_ViT: 0.386 D_real_ViT: 0.259 D_fake_ViT: 0.200 global: 0.490 spatial: 0.061 
(epoch: 50, iters: 1212, time: 0.485, data: 0.001) G_GAN_ViT: 0.596 D_real_ViT: 0.182 D_fake_ViT: 0.091 global: 0.396 spatial: 0.067 
(epoch: 50, iters: 1312, time: 0.485, data: 0.001) G_GAN_ViT: 0.427 D_real_ViT: 0.509 D_fake_ViT: 0.179 global: 0.540 spatial: 0.099 
(epoch: 50, iters: 1412, time: 0.485, data: 0.001) G_GAN_ViT: 0.583 D_real_ViT: 0.260 D_fake_ViT: 0.101 global: 0.406 spatial: 0.059 
(epoch: 50, iters: 1512, time: 0.485, data: 0.001) G_GAN_ViT: 0.362 D_real_ViT: 0.140 D_fake_ViT: 0.222 global: 0.464 spatial: 0.105 
(epoch: 50, iters: 1612, time: 0.485, data: 0.001) G_GAN_ViT: 0.438 D_real_ViT: 0.261 D_fake_ViT: 0.207 global: 0.411 spatial: 0.088 
(epoch: 50, iters: 1712, time: 0.485, data: 0.001) G_GAN_ViT: 0.432 D_real_ViT: 0.168 D_fake_ViT: 0.173 global: 0.444 spatial: 0.092 
(epoch: 50, iters: 1812, time: 0.485, data: 0.001) G_GAN_ViT: 0.681 D_real_ViT: 0.367 D_fake_ViT: 0.056 global: 0.297 spatial: 0.061 
(epoch: 50, iters: 1912, time: 0.485, data: 0.001) G_GAN_ViT: 0.648 D_real_ViT: 0.181 D_fake_ViT: 0.082 global: 0.400 spatial: 0.075 
(epoch: 50, iters: 2012, time: 0.485, data: 0.001) G_GAN_ViT: 0.601 D_real_ViT: 0.148 D_fake_ViT: 0.104 global: 0.440 spatial: 0.104 
(epoch: 50, iters: 2112, time: 0.483, data: 0.001) G_GAN_ViT: 0.576 D_real_ViT: 0.327 D_fake_ViT: 0.089 global: 0.416 spatial: 0.074 
(epoch: 50, iters: 2212, time: 0.484, data: 0.001) G_GAN_ViT: 0.546 D_real_ViT: 0.070 D_fake_ViT: 0.114 global: 0.391 spatial: 0.072 
(epoch: 50, iters: 2312, time: 0.484, data: 0.001) G_GAN_ViT: 0.600 D_real_ViT: 0.063 D_fake_ViT: 0.095 global: 0.373 spatial: 0.063 
(epoch: 50, iters: 2412, time: 0.485, data: 0.001) G_GAN_ViT: 0.461 D_real_ViT: 0.040 D_fake_ViT: 0.193 global: 0.526 spatial: 0.083 
(epoch: 50, iters: 2512, time: 0.485, data: 0.002) G_GAN_ViT: 0.743 D_real_ViT: 0.161 D_fake_ViT: 0.072 global: 0.464 spatial: 0.084 
(epoch: 50, iters: 2612, time: 0.485, data: 0.001) G_GAN_ViT: 0.456 D_real_ViT: 0.176 D_fake_ViT: 0.154 global: 0.443 spatial: 0.093 
(epoch: 50, iters: 2712, time: 0.485, data: 0.001) G_GAN_ViT: 0.418 D_real_ViT: 0.173 D_fake_ViT: 0.192 global: 0.525 spatial: 0.093 
(epoch: 50, iters: 2812, time: 0.485, data: 0.001) G_GAN_ViT: 0.554 D_real_ViT: 0.297 D_fake_ViT: 0.119 global: 0.399 spatial: 0.081 
(epoch: 50, iters: 2912, time: 0.485, data: 0.001) G_GAN_ViT: 0.376 D_real_ViT: 0.114 D_fake_ViT: 0.217 global: 0.491 spatial: 0.106 
(epoch: 50, iters: 3012, time: 0.485, data: 0.001) G_GAN_ViT: 0.472 D_real_ViT: 0.152 D_fake_ViT: 0.146 global: 0.442 spatial: 0.098 
(epoch: 50, iters: 3112, time: 0.485, data: 0.001) G_GAN_ViT: 0.644 D_real_ViT: 0.339 D_fake_ViT: 0.074 global: 0.418 spatial: 0.076 
(epoch: 50, iters: 3212, time: 0.485, data: 0.001) G_GAN_ViT: 0.590 D_real_ViT: 0.428 D_fake_ViT: 0.146 global: 0.482 spatial: 0.106 
(epoch: 50, iters: 3312, time: 0.485, data: 0.001) G_GAN_ViT: 0.498 D_real_ViT: 0.186 D_fake_ViT: 0.159 global: 0.535 spatial: 0.123 
(epoch: 50, iters: 3412, time: 0.486, data: 0.001) G_GAN_ViT: 0.484 D_real_ViT: 0.105 D_fake_ViT: 0.151 global: 0.460 spatial: 0.098 
(epoch: 50, iters: 3512, time: 0.485, data: 0.001) G_GAN_ViT: 0.664 D_real_ViT: 0.096 D_fake_ViT: 0.061 global: 0.326 spatial: 0.055 
(epoch: 50, iters: 3612, time: 0.485, data: 0.001) G_GAN_ViT: 0.361 D_real_ViT: 0.142 D_fake_ViT: 0.247 global: 0.552 spatial: 0.114 
(epoch: 50, iters: 3712, time: 0.485, data: 0.001) G_GAN_ViT: 0.530 D_real_ViT: 0.228 D_fake_ViT: 0.130 global: 0.446 spatial: 0.094 
(epoch: 50, iters: 3812, time: 0.485, data: 0.001) G_GAN_ViT: 0.459 D_real_ViT: 0.144 D_fake_ViT: 0.154 global: 0.417 spatial: 0.065 
(epoch: 50, iters: 3912, time: 0.485, data: 0.001) G_GAN_ViT: 0.490 D_real_ViT: 0.135 D_fake_ViT: 0.141 global: 0.455 spatial: 0.090 
(epoch: 50, iters: 4012, time: 0.484, data: 0.001) G_GAN_ViT: 0.628 D_real_ViT: 0.395 D_fake_ViT: 0.075 global: 0.480 spatial: 0.087 
(epoch: 50, iters: 4112, time: 0.485, data: 0.001) G_GAN_ViT: 0.386 D_real_ViT: 0.117 D_fake_ViT: 0.201 global: 0.331 spatial: 0.056 
(epoch: 50, iters: 4212, time: 0.485, data: 0.001) G_GAN_ViT: 0.460 D_real_ViT: 0.247 D_fake_ViT: 0.147 global: 0.510 spatial: 0.106 
(epoch: 50, iters: 4312, time: 0.485, data: 0.003) G_GAN_ViT: 0.518 D_real_ViT: 0.104 D_fake_ViT: 0.129 global: 0.363 spatial: 0.077 
(epoch: 50, iters: 4412, time: 0.485, data: 0.001) G_GAN_ViT: 0.388 D_real_ViT: 0.085 D_fake_ViT: 0.191 global: 0.392 spatial: 0.046 
(epoch: 50, iters: 4512, time: 0.484, data: 0.001) G_GAN_ViT: 0.503 D_real_ViT: 0.144 D_fake_ViT: 0.135 global: 0.389 spatial: 0.078 
(epoch: 50, iters: 4612, time: 0.484, data: 0.001) G_GAN_ViT: 0.733 D_real_ViT: 0.194 D_fake_ViT: 0.082 global: 0.439 spatial: 0.109 
(epoch: 50, iters: 4712, time: 0.485, data: 0.001) G_GAN_ViT: 0.349 D_real_ViT: 0.033 D_fake_ViT: 0.262 global: 0.479 spatial: 0.105 
(epoch: 50, iters: 4812, time: 0.485, data: 0.001) G_GAN_ViT: 0.590 D_real_ViT: 0.099 D_fake_ViT: 0.088 global: 0.296 spatial: 0.054 
(epoch: 50, iters: 4912, time: 0.485, data: 0.001) G_GAN_ViT: 0.627 D_real_ViT: 0.074 D_fake_ViT: 0.114 global: 0.475 spatial: 0.115 
(epoch: 50, iters: 5012, time: 0.485, data: 0.001) G_GAN_ViT: 0.494 D_real_ViT: 0.179 D_fake_ViT: 0.147 global: 0.479 spatial: 0.081 
saving the latest model (epoch 50, total_iters 280000)
ICL_single_monitor
(epoch: 50, iters: 5112, time: 0.484, data: 0.001) G_GAN_ViT: 0.370 D_real_ViT: 0.184 D_fake_ViT: 0.232 global: 0.492 spatial: 0.089 
(epoch: 50, iters: 5212, time: 0.484, data: 0.001) G_GAN_ViT: 0.591 D_real_ViT: 0.175 D_fake_ViT: 0.095 global: 0.382 spatial: 0.062 
(epoch: 50, iters: 5312, time: 0.484, data: 0.001) G_GAN_ViT: 0.446 D_real_ViT: 0.197 D_fake_ViT: 0.168 global: 0.368 spatial: 0.085 
(epoch: 50, iters: 5412, time: 0.485, data: 0.001) G_GAN_ViT: 0.568 D_real_ViT: 0.258 D_fake_ViT: 0.096 global: 0.452 spatial: 0.082 
(epoch: 50, iters: 5512, time: 0.485, data: 0.001) G_GAN_ViT: 0.292 D_real_ViT: 0.076 D_fake_ViT: 0.276 global: 0.461 spatial: 0.094 
(epoch: 50, iters: 5612, time: 0.485, data: 0.001) G_GAN_ViT: 0.390 D_real_ViT: 0.120 D_fake_ViT: 0.223 global: 0.581 spatial: 0.109 
saving the model at the end of epoch 50, iters 280600
End of epoch 50 / 100 	 Time Taken: 2731 sec
learning rate = 0.0000098
(epoch: 51, iters: 100, time: 0.485, data: 0.117) G_GAN_ViT: 0.511 D_real_ViT: 0.114 D_fake_ViT: 0.140 global: 0.578 spatial: 0.109 
(epoch: 51, iters: 200, time: 0.485, data: 0.001) G_GAN_ViT: 0.381 D_real_ViT: 0.239 D_fake_ViT: 0.211 global: 0.353 spatial: 0.063 
(epoch: 51, iters: 300, time: 0.485, data: 0.001) G_GAN_ViT: 0.526 D_real_ViT: 0.746 D_fake_ViT: 0.126 global: 0.507 spatial: 0.086 
(epoch: 51, iters: 400, time: 0.485, data: 0.001) G_GAN_ViT: 0.717 D_real_ViT: 0.296 D_fake_ViT: 0.081 global: 0.469 spatial: 0.116 
(epoch: 51, iters: 500, time: 0.485, data: 0.001) G_GAN_ViT: 0.557 D_real_ViT: 0.208 D_fake_ViT: 0.100 global: 0.446 spatial: 0.090 
(epoch: 51, iters: 600, time: 0.485, data: 0.001) G_GAN_ViT: 0.452 D_real_ViT: 0.149 D_fake_ViT: 0.184 global: 0.530 spatial: 0.111 
(epoch: 51, iters: 700, time: 0.485, data: 0.001) G_GAN_ViT: 0.524 D_real_ViT: 0.064 D_fake_ViT: 0.116 global: 0.402 spatial: 0.083 
(epoch: 51, iters: 800, time: 0.485, data: 0.001) G_GAN_ViT: 0.660 D_real_ViT: 0.192 D_fake_ViT: 0.083 global: 0.513 spatial: 0.107 
(epoch: 51, iters: 900, time: 0.486, data: 0.001) G_GAN_ViT: 0.438 D_real_ViT: 0.269 D_fake_ViT: 0.187 global: 0.527 spatial: 0.093 
(epoch: 51, iters: 1000, time: 0.485, data: 0.001) G_GAN_ViT: 0.477 D_real_ViT: 0.236 D_fake_ViT: 0.154 global: 0.421 spatial: 0.104 
(epoch: 51, iters: 1100, time: 0.485, data: 0.002) G_GAN_ViT: 0.395 D_real_ViT: 0.073 D_fake_ViT: 0.199 global: 0.477 spatial: 0.093 
(epoch: 51, iters: 1200, time: 0.485, data: 0.001) G_GAN_ViT: 0.642 D_real_ViT: 0.119 D_fake_ViT: 0.099 global: 0.532 spatial: 0.115 
(epoch: 51, iters: 1300, time: 0.485, data: 0.001) G_GAN_ViT: 0.376 D_real_ViT: 0.222 D_fake_ViT: 0.208 global: 0.448 spatial: 0.100 
(epoch: 51, iters: 1400, time: 0.485, data: 0.001) G_GAN_ViT: 0.557 D_real_ViT: 0.068 D_fake_ViT: 0.113 global: 0.319 spatial: 0.049 
(epoch: 51, iters: 1500, time: 0.485, data: 0.001) G_GAN_ViT: 0.437 D_real_ViT: 0.159 D_fake_ViT: 0.177 global: 0.503 spatial: 0.071 
(epoch: 51, iters: 1600, time: 0.485, data: 0.001) G_GAN_ViT: 0.588 D_real_ViT: 0.214 D_fake_ViT: 0.092 global: 0.371 spatial: 0.074 
(epoch: 51, iters: 1700, time: 0.485, data: 0.001) G_GAN_ViT: 0.492 D_real_ViT: 0.183 D_fake_ViT: 0.150 global: 0.504 spatial: 0.096 
(epoch: 51, iters: 1800, time: 0.485, data: 0.002) G_GAN_ViT: 0.612 D_real_ViT: 0.132 D_fake_ViT: 0.106 global: 0.501 spatial: 0.095 
(epoch: 51, iters: 1900, time: 0.485, data: 0.001) G_GAN_ViT: 0.369 D_real_ViT: 0.412 D_fake_ViT: 0.231 global: 0.510 spatial: 0.112 
(epoch: 51, iters: 2000, time: 0.485, data: 0.001) G_GAN_ViT: 0.588 D_real_ViT: 0.464 D_fake_ViT: 0.084 global: 0.398 spatial: 0.076 
(epoch: 51, iters: 2100, time: 0.485, data: 0.001) G_GAN_ViT: 0.267 D_real_ViT: 0.234 D_fake_ViT: 0.318 global: 0.352 spatial: 0.060 
(epoch: 51, iters: 2200, time: 0.485, data: 0.002) G_GAN_ViT: 0.652 D_real_ViT: 0.069 D_fake_ViT: 0.077 global: 0.384 spatial: 0.067 
(epoch: 51, iters: 2300, time: 0.485, data: 0.001) G_GAN_ViT: 0.496 D_real_ViT: 0.199 D_fake_ViT: 0.158 global: 0.464 spatial: 0.116 
(epoch: 51, iters: 2400, time: 0.485, data: 0.001) G_GAN_ViT: 0.524 D_real_ViT: 0.285 D_fake_ViT: 0.107 global: 0.290 spatial: 0.049 
(epoch: 51, iters: 2500, time: 0.485, data: 0.002) G_GAN_ViT: 0.422 D_real_ViT: 0.355 D_fake_ViT: 0.186 global: 0.409 spatial: 0.104 
(epoch: 51, iters: 2600, time: 0.485, data: 0.001) G_GAN_ViT: 0.438 D_real_ViT: 0.174 D_fake_ViT: 0.186 global: 0.548 spatial: 0.092 
(epoch: 51, iters: 2700, time: 0.485, data: 0.001) G_GAN_ViT: 0.309 D_real_ViT: 0.192 D_fake_ViT: 0.274 global: 0.476 spatial: 0.102 
(epoch: 51, iters: 2800, time: 0.485, data: 0.001) G_GAN_ViT: 0.446 D_real_ViT: 0.038 D_fake_ViT: 0.179 global: 0.463 spatial: 0.101 
(epoch: 51, iters: 2900, time: 0.485, data: 0.002) G_GAN_ViT: 0.426 D_real_ViT: 0.051 D_fake_ViT: 0.168 global: 0.355 spatial: 0.069 
(epoch: 51, iters: 3000, time: 0.485, data: 0.001) G_GAN_ViT: 0.312 D_real_ViT: 0.328 D_fake_ViT: 0.282 global: 0.438 spatial: 0.115 
(epoch: 51, iters: 3100, time: 0.485, data: 0.001) G_GAN_ViT: 0.572 D_real_ViT: 0.133 D_fake_ViT: 0.121 global: 0.489 spatial: 0.089 
(epoch: 51, iters: 3200, time: 0.485, data: 0.001) G_GAN_ViT: 0.346 D_real_ViT: 0.561 D_fake_ViT: 0.264 global: 0.585 spatial: 0.116 
(epoch: 51, iters: 3300, time: 0.486, data: 0.001) G_GAN_ViT: 0.370 D_real_ViT: 0.108 D_fake_ViT: 0.216 global: 0.468 spatial: 0.102 
(epoch: 51, iters: 3400, time: 0.485, data: 0.001) G_GAN_ViT: 0.325 D_real_ViT: 0.191 D_fake_ViT: 0.255 global: 0.467 spatial: 0.110 
(epoch: 51, iters: 3500, time: 0.485, data: 0.001) G_GAN_ViT: 0.577 D_real_ViT: 0.141 D_fake_ViT: 0.096 global: 0.314 spatial: 0.049 
(epoch: 51, iters: 3600, time: 0.485, data: 0.002) G_GAN_ViT: 0.497 D_real_ViT: 0.137 D_fake_ViT: 0.141 global: 0.504 spatial: 0.101 
(epoch: 51, iters: 3700, time: 0.485, data: 0.001) G_GAN_ViT: 0.369 D_real_ViT: 0.064 D_fake_ViT: 0.241 global: 0.464 spatial: 0.113 
(epoch: 51, iters: 3800, time: 0.485, data: 0.001) G_GAN_ViT: 0.172 D_real_ViT: 0.124 D_fake_ViT: 0.463 global: 0.360 spatial: 0.065 
(epoch: 51, iters: 3900, time: 0.485, data: 0.001) G_GAN_ViT: 0.573 D_real_ViT: 0.061 D_fake_ViT: 0.151 global: 0.526 spatial: 0.124 
(epoch: 51, iters: 4000, time: 0.485, data: 0.001) G_GAN_ViT: 0.387 D_real_ViT: 0.122 D_fake_ViT: 0.226 global: 0.496 spatial: 0.098 
(epoch: 51, iters: 4100, time: 0.485, data: 0.001) G_GAN_ViT: 0.279 D_real_ViT: 0.106 D_fake_ViT: 0.303 global: 0.419 spatial: 0.059 
(epoch: 51, iters: 4200, time: 0.485, data: 0.001) G_GAN_ViT: 0.568 D_real_ViT: 0.205 D_fake_ViT: 0.112 global: 0.427 spatial: 0.093 
(epoch: 51, iters: 4300, time: 0.485, data: 0.001) G_GAN_ViT: 0.658 D_real_ViT: 0.189 D_fake_ViT: 0.090 global: 0.348 spatial: 0.079 
(epoch: 51, iters: 4400, time: 0.485, data: 0.001) G_GAN_ViT: 0.573 D_real_ViT: 0.221 D_fake_ViT: 0.122 global: 0.427 spatial: 0.101 
saving the latest model (epoch 51, total_iters 285000)
ICL_single_monitor
(epoch: 51, iters: 4500, time: 0.485, data: 0.001) G_GAN_ViT: 0.483 D_real_ViT: 0.040 D_fake_ViT: 0.159 global: 0.457 spatial: 0.106 
(epoch: 51, iters: 4600, time: 0.484, data: 0.001) G_GAN_ViT: 0.625 D_real_ViT: 0.153 D_fake_ViT: 0.085 global: 0.352 spatial: 0.063 
(epoch: 51, iters: 4700, time: 0.485, data: 0.001) G_GAN_ViT: 0.516 D_real_ViT: 0.213 D_fake_ViT: 0.134 global: 0.370 spatial: 0.080 
(epoch: 51, iters: 4800, time: 0.485, data: 0.001) G_GAN_ViT: 0.366 D_real_ViT: 0.166 D_fake_ViT: 0.213 global: 0.444 spatial: 0.103 
(epoch: 51, iters: 4900, time: 0.485, data: 0.001) G_GAN_ViT: 0.433 D_real_ViT: 0.273 D_fake_ViT: 0.191 global: 0.491 spatial: 0.092 
(epoch: 51, iters: 5000, time: 0.485, data: 0.001) G_GAN_ViT: 0.450 D_real_ViT: 0.064 D_fake_ViT: 0.154 global: 0.389 spatial: 0.066 
(epoch: 51, iters: 5100, time: 0.485, data: 0.001) G_GAN_ViT: 0.438 D_real_ViT: 0.218 D_fake_ViT: 0.182 global: 0.542 spatial: 0.089 
(epoch: 51, iters: 5200, time: 0.485, data: 0.001) G_GAN_ViT: 0.653 D_real_ViT: 0.171 D_fake_ViT: 0.103 global: 0.508 spatial: 0.100 
(epoch: 51, iters: 5300, time: 0.485, data: 0.001) G_GAN_ViT: 0.476 D_real_ViT: 0.159 D_fake_ViT: 0.186 global: 0.460 spatial: 0.077 
(epoch: 51, iters: 5400, time: 0.485, data: 0.001) G_GAN_ViT: 0.429 D_real_ViT: 0.068 D_fake_ViT: 0.180 global: 0.513 spatial: 0.080 
(epoch: 51, iters: 5500, time: 0.485, data: 0.001) G_GAN_ViT: 0.350 D_real_ViT: 0.099 D_fake_ViT: 0.257 global: 0.489 spatial: 0.104 
(epoch: 51, iters: 5600, time: 0.485, data: 0.001) G_GAN_ViT: 0.478 D_real_ViT: 0.139 D_fake_ViT: 0.142 global: 0.514 spatial: 0.071 
End of epoch 51 / 100 	 Time Taken: 2730 sec
learning rate = 0.0000096
(epoch: 52, iters: 88, time: 0.485, data: 0.002) G_GAN_ViT: 0.409 D_real_ViT: 0.337 D_fake_ViT: 0.181 global: 0.426 spatial: 0.104 
(epoch: 52, iters: 188, time: 0.485, data: 0.001) G_GAN_ViT: 0.587 D_real_ViT: 0.152 D_fake_ViT: 0.116 global: 0.405 spatial: 0.102 
(epoch: 52, iters: 288, time: 0.485, data: 0.001) G_GAN_ViT: 0.452 D_real_ViT: 0.350 D_fake_ViT: 0.145 global: 0.464 spatial: 0.103 
(epoch: 52, iters: 388, time: 0.485, data: 0.001) G_GAN_ViT: 0.344 D_real_ViT: 0.324 D_fake_ViT: 0.244 global: 0.442 spatial: 0.116 
(epoch: 52, iters: 488, time: 0.485, data: 0.001) G_GAN_ViT: 0.337 D_real_ViT: 0.154 D_fake_ViT: 0.271 global: 0.489 spatial: 0.100 
(epoch: 52, iters: 588, time: 0.486, data: 0.001) G_GAN_ViT: 0.467 D_real_ViT: 0.157 D_fake_ViT: 0.156 global: 0.466 spatial: 0.097 
(epoch: 52, iters: 688, time: 0.485, data: 0.001) G_GAN_ViT: 0.373 D_real_ViT: 0.049 D_fake_ViT: 0.230 global: 0.481 spatial: 0.093 
(epoch: 52, iters: 788, time: 0.485, data: 0.001) G_GAN_ViT: 0.531 D_real_ViT: 0.136 D_fake_ViT: 0.139 global: 0.557 spatial: 0.106 
(epoch: 52, iters: 888, time: 0.485, data: 0.001) G_GAN_ViT: 0.500 D_real_ViT: 0.147 D_fake_ViT: 0.142 global: 0.507 spatial: 0.085 
(epoch: 52, iters: 988, time: 0.486, data: 0.001) G_GAN_ViT: 0.510 D_real_ViT: 0.192 D_fake_ViT: 0.132 global: 0.389 spatial: 0.062 
(epoch: 52, iters: 1088, time: 0.485, data: 0.001) G_GAN_ViT: 0.337 D_real_ViT: 0.111 D_fake_ViT: 0.263 global: 0.524 spatial: 0.068 
(epoch: 52, iters: 1188, time: 0.485, data: 0.001) G_GAN_ViT: 0.356 D_real_ViT: 0.241 D_fake_ViT: 0.226 global: 0.521 spatial: 0.099 
(epoch: 52, iters: 1288, time: 0.485, data: 0.001) G_GAN_ViT: 0.570 D_real_ViT: 0.160 D_fake_ViT: 0.108 global: 0.455 spatial: 0.086 
(epoch: 52, iters: 1388, time: 0.485, data: 0.001) G_GAN_ViT: 0.302 D_real_ViT: 0.034 D_fake_ViT: 0.286 global: 0.381 spatial: 0.068 
(epoch: 52, iters: 1488, time: 0.485, data: 0.001) G_GAN_ViT: 0.561 D_real_ViT: 0.071 D_fake_ViT: 0.098 global: 0.346 spatial: 0.057 
(epoch: 52, iters: 1588, time: 0.485, data: 0.001) G_GAN_ViT: 0.304 D_real_ViT: 0.264 D_fake_ViT: 0.329 global: 0.497 spatial: 0.096 
(epoch: 52, iters: 1688, time: 0.485, data: 0.001) G_GAN_ViT: 0.329 D_real_ViT: 0.207 D_fake_ViT: 0.262 global: 0.517 spatial: 0.107 
(epoch: 52, iters: 1788, time: 0.485, data: 0.001) G_GAN_ViT: 0.486 D_real_ViT: 0.111 D_fake_ViT: 0.154 global: 0.525 spatial: 0.088 
(epoch: 52, iters: 1888, time: 0.485, data: 0.002) G_GAN_ViT: 0.368 D_real_ViT: 0.289 D_fake_ViT: 0.207 global: 0.498 spatial: 0.104 
(epoch: 52, iters: 1988, time: 0.485, data: 0.001) G_GAN_ViT: 0.334 D_real_ViT: 0.504 D_fake_ViT: 0.238 global: 0.369 spatial: 0.097 
(epoch: 52, iters: 2088, time: 0.485, data: 0.001) G_GAN_ViT: 0.272 D_real_ViT: 0.144 D_fake_ViT: 0.298 global: 0.457 spatial: 0.094 
(epoch: 52, iters: 2188, time: 0.485, data: 0.001) G_GAN_ViT: 0.386 D_real_ViT: 0.276 D_fake_ViT: 0.223 global: 0.484 spatial: 0.101 
(epoch: 52, iters: 2288, time: 0.485, data: 0.001) G_GAN_ViT: 0.352 D_real_ViT: 0.143 D_fake_ViT: 0.266 global: 0.426 spatial: 0.112 
(epoch: 52, iters: 2388, time: 0.485, data: 0.001) G_GAN_ViT: 0.450 D_real_ViT: 0.246 D_fake_ViT: 0.168 global: 0.486 spatial: 0.118 
(epoch: 52, iters: 2488, time: 0.485, data: 0.001) G_GAN_ViT: 0.557 D_real_ViT: 0.247 D_fake_ViT: 0.121 global: 0.501 spatial: 0.106 
(epoch: 52, iters: 2588, time: 0.485, data: 0.001) G_GAN_ViT: 0.366 D_real_ViT: 0.057 D_fake_ViT: 0.212 global: 0.437 spatial: 0.068 
(epoch: 52, iters: 2688, time: 0.485, data: 0.001) G_GAN_ViT: 0.466 D_real_ViT: 0.167 D_fake_ViT: 0.176 global: 0.514 spatial: 0.106 
(epoch: 52, iters: 2788, time: 0.485, data: 0.001) G_GAN_ViT: 0.328 D_real_ViT: 0.557 D_fake_ViT: 0.217 global: 0.332 spatial: 0.041 
(epoch: 52, iters: 2888, time: 0.485, data: 0.001) G_GAN_ViT: 0.463 D_real_ViT: 0.046 D_fake_ViT: 0.159 global: 0.446 spatial: 0.107 
(epoch: 52, iters: 2988, time: 0.485, data: 0.001) G_GAN_ViT: 0.530 D_real_ViT: 0.175 D_fake_ViT: 0.113 global: 0.370 spatial: 0.073 
(epoch: 52, iters: 3088, time: 0.485, data: 0.001) G_GAN_ViT: 0.261 D_real_ViT: 0.222 D_fake_ViT: 0.324 global: 0.406 spatial: 0.061 
(epoch: 52, iters: 3188, time: 0.485, data: 0.001) G_GAN_ViT: 0.520 D_real_ViT: 0.318 D_fake_ViT: 0.157 global: 0.523 spatial: 0.107 
(epoch: 52, iters: 3288, time: 0.486, data: 0.001) G_GAN_ViT: 0.327 D_real_ViT: 0.415 D_fake_ViT: 0.241 global: 0.453 spatial: 0.086 
(epoch: 52, iters: 3388, time: 0.486, data: 0.001) G_GAN_ViT: 0.529 D_real_ViT: 0.210 D_fake_ViT: 0.142 global: 0.442 spatial: 0.092 
(epoch: 52, iters: 3488, time: 0.485, data: 0.001) G_GAN_ViT: 0.508 D_real_ViT: 0.217 D_fake_ViT: 0.120 global: 0.399 spatial: 0.058 
(epoch: 52, iters: 3588, time: 0.484, data: 0.001) G_GAN_ViT: 0.362 D_real_ViT: 0.323 D_fake_ViT: 0.225 global: 0.388 spatial: 0.095 
(epoch: 52, iters: 3688, time: 0.485, data: 0.001) G_GAN_ViT: 0.387 D_real_ViT: 0.163 D_fake_ViT: 0.213 global: 0.411 spatial: 0.102 
(epoch: 52, iters: 3788, time: 0.485, data: 0.001) G_GAN_ViT: 0.521 D_real_ViT: 0.464 D_fake_ViT: 0.125 global: 0.362 spatial: 0.055 
saving the latest model (epoch 52, total_iters 290000)
ICL_single_monitor
(epoch: 52, iters: 3888, time: 0.484, data: 0.001) G_GAN_ViT: 0.363 D_real_ViT: 0.202 D_fake_ViT: 0.237 global: 0.495 spatial: 0.116 
(epoch: 52, iters: 3988, time: 0.484, data: 0.001) G_GAN_ViT: 0.518 D_real_ViT: 0.175 D_fake_ViT: 0.128 global: 0.453 spatial: 0.088 
(epoch: 52, iters: 4088, time: 0.484, data: 0.001) G_GAN_ViT: 0.197 D_real_ViT: 0.082 D_fake_ViT: 0.422 global: 0.435 spatial: 0.095 
(epoch: 52, iters: 4188, time: 0.485, data: 0.001) G_GAN_ViT: 0.499 D_real_ViT: 0.225 D_fake_ViT: 0.137 global: 0.425 spatial: 0.086 
(epoch: 52, iters: 4288, time: 0.485, data: 0.001) G_GAN_ViT: 0.399 D_real_ViT: 0.154 D_fake_ViT: 0.178 global: 0.314 spatial: 0.063 
(epoch: 52, iters: 4388, time: 0.485, data: 0.001) G_GAN_ViT: 0.596 D_real_ViT: 0.206 D_fake_ViT: 0.091 global: 0.404 spatial: 0.058 
(epoch: 52, iters: 4488, time: 0.485, data: 0.001) G_GAN_ViT: 0.612 D_real_ViT: 0.177 D_fake_ViT: 0.096 global: 0.402 spatial: 0.070 
(epoch: 52, iters: 4588, time: 0.485, data: 0.001) G_GAN_ViT: 0.571 D_real_ViT: 0.161 D_fake_ViT: 0.100 global: 0.389 spatial: 0.062 
(epoch: 52, iters: 4688, time: 0.485, data: 0.001) G_GAN_ViT: 0.341 D_real_ViT: 0.237 D_fake_ViT: 0.236 global: 0.518 spatial: 0.080 
(epoch: 52, iters: 4788, time: 0.486, data: 0.001) G_GAN_ViT: 0.659 D_real_ViT: 0.064 D_fake_ViT: 0.106 global: 0.453 spatial: 0.089 
(epoch: 52, iters: 4888, time: 0.486, data: 0.001) G_GAN_ViT: 0.663 D_real_ViT: 0.321 D_fake_ViT: 0.060 global: 0.309 spatial: 0.048 
(epoch: 52, iters: 4988, time: 0.486, data: 0.004) G_GAN_ViT: 0.561 D_real_ViT: 0.310 D_fake_ViT: 0.110 global: 0.455 spatial: 0.096 
(epoch: 52, iters: 5088, time: 0.485, data: 0.001) G_GAN_ViT: 0.636 D_real_ViT: 0.271 D_fake_ViT: 0.070 global: 0.366 spatial: 0.067 
(epoch: 52, iters: 5188, time: 0.485, data: 0.001) G_GAN_ViT: 0.287 D_real_ViT: 0.160 D_fake_ViT: 0.278 global: 0.436 spatial: 0.091 
(epoch: 52, iters: 5288, time: 0.485, data: 0.001) G_GAN_ViT: 0.587 D_real_ViT: 0.066 D_fake_ViT: 0.113 global: 0.565 spatial: 0.109 
(epoch: 52, iters: 5388, time: 0.485, data: 0.001) G_GAN_ViT: 0.564 D_real_ViT: 0.108 D_fake_ViT: 0.123 global: 0.486 spatial: 0.114 
(epoch: 52, iters: 5488, time: 0.485, data: 0.001) G_GAN_ViT: 0.386 D_real_ViT: 0.157 D_fake_ViT: 0.187 global: 0.348 spatial: 0.079 
(epoch: 52, iters: 5588, time: 0.486, data: 0.001) G_GAN_ViT: 0.371 D_real_ViT: 0.187 D_fake_ViT: 0.240 global: 0.547 spatial: 0.101 
End of epoch 52 / 100 	 Time Taken: 2731 sec
learning rate = 0.0000094
(epoch: 53, iters: 76, time: 0.485, data: 0.001) G_GAN_ViT: 0.370 D_real_ViT: 0.091 D_fake_ViT: 0.240 global: 0.475 spatial: 0.116 
(epoch: 53, iters: 176, time: 0.485, data: 0.001) G_GAN_ViT: 0.385 D_real_ViT: 0.244 D_fake_ViT: 0.186 global: 0.327 spatial: 0.070 
(epoch: 53, iters: 276, time: 0.485, data: 0.002) G_GAN_ViT: 0.407 D_real_ViT: 0.224 D_fake_ViT: 0.198 global: 0.529 spatial: 0.082 
(epoch: 53, iters: 376, time: 0.485, data: 0.001) G_GAN_ViT: 0.264 D_real_ViT: 0.151 D_fake_ViT: 0.311 global: 0.370 spatial: 0.062 
(epoch: 53, iters: 476, time: 0.485, data: 0.001) G_GAN_ViT: 0.520 D_real_ViT: 0.344 D_fake_ViT: 0.141 global: 0.480 spatial: 0.122 
(epoch: 53, iters: 576, time: 0.485, data: 0.001) G_GAN_ViT: 0.427 D_real_ViT: 0.064 D_fake_ViT: 0.181 global: 0.511 spatial: 0.094 
(epoch: 53, iters: 676, time: 0.485, data: 0.001) G_GAN_ViT: 0.601 D_real_ViT: 0.075 D_fake_ViT: 0.102 global: 0.509 spatial: 0.095 
(epoch: 53, iters: 776, time: 0.486, data: 0.001) G_GAN_ViT: 0.478 D_real_ViT: 0.190 D_fake_ViT: 0.164 global: 0.339 spatial: 0.096 
(epoch: 53, iters: 876, time: 0.485, data: 0.001) G_GAN_ViT: 0.493 D_real_ViT: 0.167 D_fake_ViT: 0.155 global: 0.453 spatial: 0.097 
(epoch: 53, iters: 976, time: 0.485, data: 0.002) G_GAN_ViT: 0.439 D_real_ViT: 0.128 D_fake_ViT: 0.159 global: 0.302 spatial: 0.052 
(epoch: 53, iters: 1076, time: 0.485, data: 0.001) G_GAN_ViT: 0.358 D_real_ViT: 0.183 D_fake_ViT: 0.236 global: 0.439 spatial: 0.106 
(epoch: 53, iters: 1176, time: 0.485, data: 0.001) G_GAN_ViT: 0.418 D_real_ViT: 0.427 D_fake_ViT: 0.195 global: 0.509 spatial: 0.104 
(epoch: 53, iters: 1276, time: 0.486, data: 0.001) G_GAN_ViT: 0.414 D_real_ViT: 0.118 D_fake_ViT: 0.191 global: 0.426 spatial: 0.103 
(epoch: 53, iters: 1376, time: 0.486, data: 0.001) G_GAN_ViT: 0.311 D_real_ViT: 0.130 D_fake_ViT: 0.279 global: 0.573 spatial: 0.106 
(epoch: 53, iters: 1476, time: 0.486, data: 0.001) G_GAN_ViT: 0.456 D_real_ViT: 0.143 D_fake_ViT: 0.179 global: 0.493 spatial: 0.091 
(epoch: 53, iters: 1576, time: 0.486, data: 0.001) G_GAN_ViT: 0.401 D_real_ViT: 0.313 D_fake_ViT: 0.189 global: 0.397 spatial: 0.085 
(epoch: 53, iters: 1676, time: 0.485, data: 0.001) G_GAN_ViT: 0.544 D_real_ViT: 0.057 D_fake_ViT: 0.112 global: 0.387 spatial: 0.078 
(epoch: 53, iters: 1776, time: 0.485, data: 0.001) G_GAN_ViT: 0.658 D_real_ViT: 0.073 D_fake_ViT: 0.066 global: 0.374 spatial: 0.076 
(epoch: 53, iters: 1876, time: 0.485, data: 0.001) G_GAN_ViT: 0.419 D_real_ViT: 0.181 D_fake_ViT: 0.208 global: 0.431 spatial: 0.132 
(epoch: 53, iters: 1976, time: 0.485, data: 0.001) G_GAN_ViT: 0.373 D_real_ViT: 0.168 D_fake_ViT: 0.234 global: 0.422 spatial: 0.110 
(epoch: 53, iters: 2076, time: 0.486, data: 0.001) G_GAN_ViT: 0.356 D_real_ViT: 0.175 D_fake_ViT: 0.221 global: 0.463 spatial: 0.099 
(epoch: 53, iters: 2176, time: 0.485, data: 0.001) G_GAN_ViT: 0.462 D_real_ViT: 0.126 D_fake_ViT: 0.168 global: 0.427 spatial: 0.110 
(epoch: 53, iters: 2276, time: 0.485, data: 0.001) G_GAN_ViT: 0.419 D_real_ViT: 0.195 D_fake_ViT: 0.169 global: 0.354 spatial: 0.078 
(epoch: 53, iters: 2376, time: 0.485, data: 0.001) G_GAN_ViT: 0.336 D_real_ViT: 0.121 D_fake_ViT: 0.241 global: 0.527 spatial: 0.074 
(epoch: 53, iters: 2476, time: 0.485, data: 0.001) G_GAN_ViT: 0.404 D_real_ViT: 0.115 D_fake_ViT: 0.181 global: 0.414 spatial: 0.067 
(epoch: 53, iters: 2576, time: 0.485, data: 0.001) G_GAN_ViT: 0.643 D_real_ViT: 0.151 D_fake_ViT: 0.070 global: 0.350 spatial: 0.053 
(epoch: 53, iters: 2676, time: 0.485, data: 0.001) G_GAN_ViT: 0.577 D_real_ViT: 0.247 D_fake_ViT: 0.101 global: 0.406 spatial: 0.060 
(epoch: 53, iters: 2776, time: 0.486, data: 0.001) G_GAN_ViT: 0.465 D_real_ViT: 0.285 D_fake_ViT: 0.156 global: 0.397 spatial: 0.061 
(epoch: 53, iters: 2876, time: 0.485, data: 0.001) G_GAN_ViT: 0.340 D_real_ViT: 0.179 D_fake_ViT: 0.234 global: 0.434 spatial: 0.070 
(epoch: 53, iters: 2976, time: 0.485, data: 0.001) G_GAN_ViT: 0.318 D_real_ViT: 0.270 D_fake_ViT: 0.248 global: 0.394 spatial: 0.067 
(epoch: 53, iters: 3076, time: 0.485, data: 0.001) G_GAN_ViT: 0.355 D_real_ViT: 0.089 D_fake_ViT: 0.239 global: 0.481 spatial: 0.089 
(epoch: 53, iters: 3176, time: 0.485, data: 0.001) G_GAN_ViT: 0.392 D_real_ViT: 0.115 D_fake_ViT: 0.202 global: 0.516 spatial: 0.068 
saving the latest model (epoch 53, total_iters 295000)
ICL_single_monitor
(epoch: 53, iters: 3276, time: 0.485, data: 0.001) G_GAN_ViT: 0.411 D_real_ViT: 0.158 D_fake_ViT: 0.177 global: 0.493 spatial: 0.101 
(epoch: 53, iters: 3376, time: 0.484, data: 0.001) G_GAN_ViT: 0.308 D_real_ViT: 0.161 D_fake_ViT: 0.266 global: 0.452 spatial: 0.104 
(epoch: 53, iters: 3476, time: 0.485, data: 0.001) G_GAN_ViT: 0.472 D_real_ViT: 0.138 D_fake_ViT: 0.162 global: 0.467 spatial: 0.099 
(epoch: 53, iters: 3576, time: 0.485, data: 0.001) G_GAN_ViT: 0.502 D_real_ViT: 0.267 D_fake_ViT: 0.138 global: 0.562 spatial: 0.103 
(epoch: 53, iters: 3676, time: 0.486, data: 0.001) G_GAN_ViT: 0.372 D_real_ViT: 0.116 D_fake_ViT: 0.214 global: 0.495 spatial: 0.088 
(epoch: 53, iters: 3776, time: 0.486, data: 0.001) G_GAN_ViT: 0.346 D_real_ViT: 0.335 D_fake_ViT: 0.212 global: 0.307 spatial: 0.067 
(epoch: 53, iters: 3876, time: 0.486, data: 0.001) G_GAN_ViT: 0.472 D_real_ViT: 0.158 D_fake_ViT: 0.140 global: 0.473 spatial: 0.068 
(epoch: 53, iters: 3976, time: 0.486, data: 0.001) G_GAN_ViT: 0.293 D_real_ViT: 0.059 D_fake_ViT: 0.295 global: 0.476 spatial: 0.095 
(epoch: 53, iters: 4076, time: 0.486, data: 0.001) G_GAN_ViT: 0.267 D_real_ViT: 0.170 D_fake_ViT: 0.303 global: 0.439 spatial: 0.092 
(epoch: 53, iters: 4176, time: 0.485, data: 0.001) G_GAN_ViT: 0.460 D_real_ViT: 0.165 D_fake_ViT: 0.149 global: 0.438 spatial: 0.066 
(epoch: 53, iters: 4276, time: 0.486, data: 0.001) G_GAN_ViT: 0.247 D_real_ViT: 0.354 D_fake_ViT: 0.332 global: 0.370 spatial: 0.095 
(epoch: 53, iters: 4376, time: 0.486, data: 0.001) G_GAN_ViT: 0.564 D_real_ViT: 0.238 D_fake_ViT: 0.100 global: 0.337 spatial: 0.057 
(epoch: 53, iters: 4476, time: 0.485, data: 0.001) G_GAN_ViT: 0.352 D_real_ViT: 0.060 D_fake_ViT: 0.228 global: 0.366 spatial: 0.082 
(epoch: 53, iters: 4576, time: 0.486, data: 0.001) G_GAN_ViT: 0.510 D_real_ViT: 0.241 D_fake_ViT: 0.119 global: 0.343 spatial: 0.060 
(epoch: 53, iters: 4676, time: 0.486, data: 0.001) G_GAN_ViT: 0.410 D_real_ViT: 0.037 D_fake_ViT: 0.192 global: 0.458 spatial: 0.094 
(epoch: 53, iters: 4776, time: 0.485, data: 0.001) G_GAN_ViT: 0.389 D_real_ViT: 0.165 D_fake_ViT: 0.221 global: 0.450 spatial: 0.111 
(epoch: 53, iters: 4876, time: 0.485, data: 0.001) G_GAN_ViT: 0.470 D_real_ViT: 0.157 D_fake_ViT: 0.137 global: 0.342 spatial: 0.077 
(epoch: 53, iters: 4976, time: 0.485, data: 0.002) G_GAN_ViT: 0.305 D_real_ViT: 0.244 D_fake_ViT: 0.266 global: 0.503 spatial: 0.088 
(epoch: 53, iters: 5076, time: 0.485, data: 0.001) G_GAN_ViT: 0.282 D_real_ViT: 0.168 D_fake_ViT: 0.339 global: 0.505 spatial: 0.102 
(epoch: 53, iters: 5176, time: 0.485, data: 0.001) G_GAN_ViT: 0.525 D_real_ViT: 0.131 D_fake_ViT: 0.128 global: 0.471 spatial: 0.111 
(epoch: 53, iters: 5276, time: 0.485, data: 0.001) G_GAN_ViT: 0.584 D_real_ViT: 0.187 D_fake_ViT: 0.104 global: 0.331 spatial: 0.059 
(epoch: 53, iters: 5376, time: 0.485, data: 0.002) G_GAN_ViT: 0.400 D_real_ViT: 0.133 D_fake_ViT: 0.193 global: 0.492 spatial: 0.070 
(epoch: 53, iters: 5476, time: 0.485, data: 0.001) G_GAN_ViT: 0.514 D_real_ViT: 0.131 D_fake_ViT: 0.133 global: 0.446 spatial: 0.108 
(epoch: 53, iters: 5576, time: 0.485, data: 0.001) G_GAN_ViT: 0.464 D_real_ViT: 0.311 D_fake_ViT: 0.162 global: 0.563 spatial: 0.097 
End of epoch 53 / 100 	 Time Taken: 2732 sec
learning rate = 0.0000092
(epoch: 54, iters: 64, time: 0.486, data: 0.001) G_GAN_ViT: 0.508 D_real_ViT: 0.120 D_fake_ViT: 0.133 global: 0.402 spatial: 0.081 
(epoch: 54, iters: 164, time: 0.486, data: 0.001) G_GAN_ViT: 0.456 D_real_ViT: 0.151 D_fake_ViT: 0.150 global: 0.382 spatial: 0.087 
(epoch: 54, iters: 264, time: 0.485, data: 0.001) G_GAN_ViT: 0.372 D_real_ViT: 0.095 D_fake_ViT: 0.222 global: 0.450 spatial: 0.099 
(epoch: 54, iters: 364, time: 0.486, data: 0.001) G_GAN_ViT: 0.375 D_real_ViT: 0.192 D_fake_ViT: 0.203 global: 0.313 spatial: 0.055 
(epoch: 54, iters: 464, time: 0.486, data: 0.001) G_GAN_ViT: 0.461 D_real_ViT: 0.061 D_fake_ViT: 0.140 global: 0.291 spatial: 0.045 
(epoch: 54, iters: 564, time: 0.486, data: 0.001) G_GAN_ViT: 0.320 D_real_ViT: 0.063 D_fake_ViT: 0.273 global: 0.519 spatial: 0.100 
(epoch: 54, iters: 664, time: 0.486, data: 0.001) G_GAN_ViT: 0.522 D_real_ViT: 0.214 D_fake_ViT: 0.153 global: 0.525 spatial: 0.118 
(epoch: 54, iters: 764, time: 0.486, data: 0.001) G_GAN_ViT: 0.419 D_real_ViT: 0.281 D_fake_ViT: 0.188 global: 0.454 spatial: 0.098 
(epoch: 54, iters: 864, time: 0.485, data: 0.003) G_GAN_ViT: 0.541 D_real_ViT: 0.298 D_fake_ViT: 0.101 global: 0.348 spatial: 0.057 
(epoch: 54, iters: 964, time: 0.485, data: 0.001) G_GAN_ViT: 0.261 D_real_ViT: 0.173 D_fake_ViT: 0.317 global: 0.384 spatial: 0.094 
(epoch: 54, iters: 1064, time: 0.485, data: 0.001) G_GAN_ViT: 0.454 D_real_ViT: 0.143 D_fake_ViT: 0.175 global: 0.537 spatial: 0.097 
(epoch: 54, iters: 1164, time: 0.485, data: 0.001) G_GAN_ViT: 0.294 D_real_ViT: 0.124 D_fake_ViT: 0.267 global: 0.445 spatial: 0.097 
(epoch: 54, iters: 1264, time: 0.485, data: 0.001) G_GAN_ViT: 0.348 D_real_ViT: 0.157 D_fake_ViT: 0.241 global: 0.477 spatial: 0.108 
(epoch: 54, iters: 1364, time: 0.485, data: 0.001) G_GAN_ViT: 0.500 D_real_ViT: 0.076 D_fake_ViT: 0.137 global: 0.391 spatial: 0.064 
(epoch: 54, iters: 1464, time: 0.486, data: 0.001) G_GAN_ViT: 0.466 D_real_ViT: 0.294 D_fake_ViT: 0.151 global: 0.392 spatial: 0.109 
(epoch: 54, iters: 1564, time: 0.485, data: 0.001) G_GAN_ViT: 0.201 D_real_ViT: 0.443 D_fake_ViT: 0.388 global: 0.414 spatial: 0.098 
(epoch: 54, iters: 1664, time: 0.485, data: 0.001) G_GAN_ViT: 0.386 D_real_ViT: 0.099 D_fake_ViT: 0.194 global: 0.502 spatial: 0.068 
(epoch: 54, iters: 1764, time: 0.485, data: 0.001) G_GAN_ViT: 0.243 D_real_ViT: 0.453 D_fake_ViT: 0.339 global: 0.478 spatial: 0.102 
(epoch: 54, iters: 1864, time: 0.485, data: 0.001) G_GAN_ViT: 0.363 D_real_ViT: 0.323 D_fake_ViT: 0.221 global: 0.396 spatial: 0.096 
(epoch: 54, iters: 1964, time: 0.485, data: 0.001) G_GAN_ViT: 0.472 D_real_ViT: 0.168 D_fake_ViT: 0.156 global: 0.488 spatial: 0.087 
(epoch: 54, iters: 2064, time: 0.485, data: 0.001) G_GAN_ViT: 0.476 D_real_ViT: 0.333 D_fake_ViT: 0.137 global: 0.338 spatial: 0.055 
(epoch: 54, iters: 2164, time: 0.485, data: 0.001) G_GAN_ViT: 0.376 D_real_ViT: 0.241 D_fake_ViT: 0.202 global: 0.508 spatial: 0.069 
(epoch: 54, iters: 2264, time: 0.486, data: 0.001) G_GAN_ViT: 0.365 D_real_ViT: 0.233 D_fake_ViT: 0.218 global: 0.460 spatial: 0.099 
(epoch: 54, iters: 2364, time: 0.486, data: 0.001) G_GAN_ViT: 0.369 D_real_ViT: 0.167 D_fake_ViT: 0.201 global: 0.331 spatial: 0.063 
(epoch: 54, iters: 2464, time: 0.485, data: 0.001) G_GAN_ViT: 0.486 D_real_ViT: 0.181 D_fake_ViT: 0.157 global: 0.469 spatial: 0.107 
(epoch: 54, iters: 2564, time: 0.485, data: 0.001) G_GAN_ViT: 0.395 D_real_ViT: 0.252 D_fake_ViT: 0.189 global: 0.436 spatial: 0.087 
saving the latest model (epoch 54, total_iters 300000)
ICL_single_monitor
(epoch: 54, iters: 2664, time: 0.485, data: 0.002) G_GAN_ViT: 0.424 D_real_ViT: 0.059 D_fake_ViT: 0.181 global: 0.528 spatial: 0.070 
(epoch: 54, iters: 2764, time: 0.484, data: 0.001) G_GAN_ViT: 0.530 D_real_ViT: 0.036 D_fake_ViT: 0.147 global: 0.466 spatial: 0.077 
(epoch: 54, iters: 2864, time: 0.484, data: 0.001) G_GAN_ViT: 0.360 D_real_ViT: 0.097 D_fake_ViT: 0.210 global: 0.417 spatial: 0.076 
(epoch: 54, iters: 2964, time: 0.485, data: 0.001) G_GAN_ViT: 0.530 D_real_ViT: 0.145 D_fake_ViT: 0.125 global: 0.507 spatial: 0.091 
(epoch: 54, iters: 3064, time: 0.485, data: 0.001) G_GAN_ViT: 0.540 D_real_ViT: 0.146 D_fake_ViT: 0.115 global: 0.404 spatial: 0.066 
(epoch: 54, iters: 3164, time: 0.485, data: 0.001) G_GAN_ViT: 0.343 D_real_ViT: 0.341 D_fake_ViT: 0.232 global: 0.461 spatial: 0.089 
(epoch: 54, iters: 3264, time: 0.485, data: 0.001) G_GAN_ViT: 0.455 D_real_ViT: 0.139 D_fake_ViT: 0.166 global: 0.430 spatial: 0.091 
(epoch: 54, iters: 3364, time: 0.486, data: 0.001) G_GAN_ViT: 0.719 D_real_ViT: 0.085 D_fake_ViT: 0.052 global: 0.295 spatial: 0.048 
(epoch: 54, iters: 3464, time: 0.485, data: 0.001) G_GAN_ViT: 0.561 D_real_ViT: 0.154 D_fake_ViT: 0.142 global: 0.505 spatial: 0.123 
(epoch: 54, iters: 3564, time: 0.486, data: 0.001) G_GAN_ViT: 0.592 D_real_ViT: 0.230 D_fake_ViT: 0.087 global: 0.348 spatial: 0.063 
(epoch: 54, iters: 3664, time: 0.486, data: 0.001) G_GAN_ViT: 0.497 D_real_ViT: 0.150 D_fake_ViT: 0.120 global: 0.395 spatial: 0.078 
(epoch: 54, iters: 3764, time: 0.485, data: 0.001) G_GAN_ViT: 0.329 D_real_ViT: 0.142 D_fake_ViT: 0.256 global: 0.468 spatial: 0.116 
(epoch: 54, iters: 3864, time: 0.486, data: 0.001) G_GAN_ViT: 0.338 D_real_ViT: 0.234 D_fake_ViT: 0.241 global: 0.405 spatial: 0.102 
(epoch: 54, iters: 3964, time: 0.485, data: 0.001) G_GAN_ViT: 0.555 D_real_ViT: 0.244 D_fake_ViT: 0.106 global: 0.403 spatial: 0.083 
(epoch: 54, iters: 4064, time: 0.485, data: 0.001) G_GAN_ViT: 0.440 D_real_ViT: 0.257 D_fake_ViT: 0.207 global: 0.483 spatial: 0.122 
(epoch: 54, iters: 4164, time: 0.485, data: 0.001) G_GAN_ViT: 0.530 D_real_ViT: 0.205 D_fake_ViT: 0.154 global: 0.456 spatial: 0.107 
(epoch: 54, iters: 4264, time: 0.485, data: 0.001) G_GAN_ViT: 0.359 D_real_ViT: 0.122 D_fake_ViT: 0.224 global: 0.468 spatial: 0.084 
(epoch: 54, iters: 4364, time: 0.485, data: 0.002) G_GAN_ViT: 0.592 D_real_ViT: 0.203 D_fake_ViT: 0.103 global: 0.390 spatial: 0.098 
(epoch: 54, iters: 4464, time: 0.485, data: 0.001) G_GAN_ViT: 0.577 D_real_ViT: 0.110 D_fake_ViT: 0.146 global: 0.533 spatial: 0.123 
(epoch: 54, iters: 4564, time: 0.486, data: 0.001) G_GAN_ViT: 0.413 D_real_ViT: 0.144 D_fake_ViT: 0.178 global: 0.374 spatial: 0.074 
(epoch: 54, iters: 4664, time: 0.486, data: 0.001) G_GAN_ViT: 0.523 D_real_ViT: 0.268 D_fake_ViT: 0.153 global: 0.481 spatial: 0.125 
(epoch: 54, iters: 4764, time: 0.486, data: 0.001) G_GAN_ViT: 0.560 D_real_ViT: 0.163 D_fake_ViT: 0.122 global: 0.488 spatial: 0.106 
(epoch: 54, iters: 4864, time: 0.486, data: 0.001) G_GAN_ViT: 0.632 D_real_ViT: 0.239 D_fake_ViT: 0.070 global: 0.317 spatial: 0.052 
(epoch: 54, iters: 4964, time: 0.486, data: 0.001) G_GAN_ViT: 0.445 D_real_ViT: 0.153 D_fake_ViT: 0.181 global: 0.487 spatial: 0.115 
(epoch: 54, iters: 5064, time: 0.486, data: 0.001) G_GAN_ViT: 0.284 D_real_ViT: 0.078 D_fake_ViT: 0.283 global: 0.459 spatial: 0.096 
(epoch: 54, iters: 5164, time: 0.486, data: 0.001) G_GAN_ViT: 0.596 D_real_ViT: 0.227 D_fake_ViT: 0.096 global: 0.421 spatial: 0.106 
(epoch: 54, iters: 5264, time: 0.486, data: 0.001) G_GAN_ViT: 0.399 D_real_ViT: 0.088 D_fake_ViT: 0.172 global: 0.317 spatial: 0.067 
(epoch: 54, iters: 5364, time: 0.485, data: 0.001) G_GAN_ViT: 0.643 D_real_ViT: 0.646 D_fake_ViT: 0.092 global: 0.552 spatial: 0.098 
(epoch: 54, iters: 5464, time: 0.486, data: 0.001) G_GAN_ViT: 0.517 D_real_ViT: 0.109 D_fake_ViT: 0.117 global: 0.346 spatial: 0.072 
(epoch: 54, iters: 5564, time: 0.486, data: 0.001) G_GAN_ViT: 0.437 D_real_ViT: 0.243 D_fake_ViT: 0.181 global: 0.503 spatial: 0.096 
End of epoch 54 / 100 	 Time Taken: 2732 sec
learning rate = 0.0000090
(epoch: 55, iters: 52, time: 0.486, data: 0.001) G_GAN_ViT: 0.527 D_real_ViT: 0.223 D_fake_ViT: 0.105 global: 0.380 spatial: 0.086 
(epoch: 55, iters: 152, time: 0.486, data: 0.001) G_GAN_ViT: 0.702 D_real_ViT: 0.219 D_fake_ViT: 0.063 global: 0.349 spatial: 0.063 
(epoch: 55, iters: 252, time: 0.486, data: 0.001) G_GAN_ViT: 0.459 D_real_ViT: 0.101 D_fake_ViT: 0.163 global: 0.365 spatial: 0.092 
(epoch: 55, iters: 352, time: 0.486, data: 0.001) G_GAN_ViT: 0.510 D_real_ViT: 0.194 D_fake_ViT: 0.121 global: 0.360 spatial: 0.082 
(epoch: 55, iters: 452, time: 0.485, data: 0.001) G_GAN_ViT: 0.445 D_real_ViT: 0.307 D_fake_ViT: 0.160 global: 0.529 spatial: 0.087 
(epoch: 55, iters: 552, time: 0.485, data: 0.001) G_GAN_ViT: 0.609 D_real_ViT: 0.164 D_fake_ViT: 0.079 global: 0.312 spatial: 0.060 
(epoch: 55, iters: 652, time: 0.485, data: 0.001) G_GAN_ViT: 0.256 D_real_ViT: 0.168 D_fake_ViT: 0.332 global: 0.513 spatial: 0.070 
(epoch: 55, iters: 752, time: 0.485, data: 0.001) G_GAN_ViT: 0.401 D_real_ViT: 0.077 D_fake_ViT: 0.182 global: 0.509 spatial: 0.083 
(epoch: 55, iters: 852, time: 0.485, data: 0.001) G_GAN_ViT: 0.464 D_real_ViT: 0.065 D_fake_ViT: 0.168 global: 0.376 spatial: 0.103 
(epoch: 55, iters: 952, time: 0.485, data: 0.001) G_GAN_ViT: 0.535 D_real_ViT: 0.109 D_fake_ViT: 0.108 global: 0.377 spatial: 0.061 
(epoch: 55, iters: 1052, time: 0.485, data: 0.001) G_GAN_ViT: 0.518 D_real_ViT: 0.083 D_fake_ViT: 0.152 global: 0.458 spatial: 0.104 
(epoch: 55, iters: 1152, time: 0.485, data: 0.001) G_GAN_ViT: 0.313 D_real_ViT: 0.241 D_fake_ViT: 0.260 global: 0.399 spatial: 0.097 
(epoch: 55, iters: 1252, time: 0.485, data: 0.001) G_GAN_ViT: 0.374 D_real_ViT: 0.215 D_fake_ViT: 0.203 global: 0.450 spatial: 0.091 
(epoch: 55, iters: 1352, time: 0.485, data: 0.001) G_GAN_ViT: 0.561 D_real_ViT: 0.129 D_fake_ViT: 0.135 global: 0.509 spatial: 0.120 
(epoch: 55, iters: 1452, time: 0.485, data: 0.001) G_GAN_ViT: 0.406 D_real_ViT: 0.130 D_fake_ViT: 0.191 global: 0.440 spatial: 0.091 
(epoch: 55, iters: 1552, time: 0.486, data: 0.001) G_GAN_ViT: 0.592 D_real_ViT: 0.169 D_fake_ViT: 0.105 global: 0.370 spatial: 0.101 
(epoch: 55, iters: 1652, time: 0.486, data: 0.001) G_GAN_ViT: 0.581 D_real_ViT: 0.181 D_fake_ViT: 0.115 global: 0.388 spatial: 0.093 
(epoch: 55, iters: 1752, time: 0.484, data: 0.001) G_GAN_ViT: 0.417 D_real_ViT: 0.161 D_fake_ViT: 0.172 global: 0.491 spatial: 0.066 
(epoch: 55, iters: 1852, time: 0.484, data: 0.001) G_GAN_ViT: 0.285 D_real_ViT: 0.047 D_fake_ViT: 0.281 global: 0.317 spatial: 0.066 
(epoch: 55, iters: 1952, time: 0.484, data: 0.002) G_GAN_ViT: 0.639 D_real_ViT: 0.145 D_fake_ViT: 0.068 global: 0.397 spatial: 0.080 
saving the latest model (epoch 55, total_iters 305000)
ICL_single_monitor
(epoch: 55, iters: 2052, time: 0.484, data: 0.001) G_GAN_ViT: 0.587 D_real_ViT: 0.165 D_fake_ViT: 0.126 global: 0.460 spatial: 0.124 
(epoch: 55, iters: 2152, time: 0.484, data: 0.001) G_GAN_ViT: 0.496 D_real_ViT: 0.058 D_fake_ViT: 0.137 global: 0.366 spatial: 0.066 
(epoch: 55, iters: 2252, time: 0.484, data: 0.001) G_GAN_ViT: 0.413 D_real_ViT: 0.298 D_fake_ViT: 0.180 global: 0.413 spatial: 0.093 
(epoch: 55, iters: 2352, time: 0.485, data: 0.001) G_GAN_ViT: 0.321 D_real_ViT: 0.041 D_fake_ViT: 0.269 global: 0.472 spatial: 0.098 
(epoch: 55, iters: 2452, time: 0.485, data: 0.001) G_GAN_ViT: 0.337 D_real_ViT: 0.194 D_fake_ViT: 0.247 global: 0.424 spatial: 0.105 
(epoch: 55, iters: 2552, time: 0.485, data: 0.001) G_GAN_ViT: 0.492 D_real_ViT: 0.173 D_fake_ViT: 0.126 global: 0.372 spatial: 0.069 
(epoch: 55, iters: 2652, time: 0.485, data: 0.001) G_GAN_ViT: 0.661 D_real_ViT: 0.107 D_fake_ViT: 0.105 global: 0.486 spatial: 0.127 
(epoch: 55, iters: 2752, time: 0.486, data: 0.001) G_GAN_ViT: 0.529 D_real_ViT: 0.184 D_fake_ViT: 0.155 global: 0.484 spatial: 0.092 
(epoch: 55, iters: 2852, time: 0.486, data: 0.001) G_GAN_ViT: 0.368 D_real_ViT: 0.078 D_fake_ViT: 0.223 global: 0.485 spatial: 0.090 
(epoch: 55, iters: 2952, time: 0.486, data: 0.001) G_GAN_ViT: 0.358 D_real_ViT: 0.108 D_fake_ViT: 0.237 global: 0.500 spatial: 0.089 
(epoch: 55, iters: 3052, time: 0.486, data: 0.001) G_GAN_ViT: 0.463 D_real_ViT: 0.298 D_fake_ViT: 0.141 global: 0.412 spatial: 0.065 
(epoch: 55, iters: 3152, time: 0.486, data: 0.001) G_GAN_ViT: 0.295 D_real_ViT: 0.163 D_fake_ViT: 0.277 global: 0.466 spatial: 0.097 
(epoch: 55, iters: 3252, time: 0.486, data: 0.001) G_GAN_ViT: 0.403 D_real_ViT: 0.417 D_fake_ViT: 0.244 global: 0.483 spatial: 0.111 
(epoch: 55, iters: 3352, time: 0.486, data: 0.001) G_GAN_ViT: 0.683 D_real_ViT: 0.170 D_fake_ViT: 0.055 global: 0.255 spatial: 0.050 
(epoch: 55, iters: 3452, time: 0.486, data: 0.001) G_GAN_ViT: 0.484 D_real_ViT: 0.379 D_fake_ViT: 0.192 global: 0.505 spatial: 0.115 
(epoch: 55, iters: 3552, time: 0.486, data: 0.001) G_GAN_ViT: 0.618 D_real_ViT: 0.095 D_fake_ViT: 0.102 global: 0.542 spatial: 0.102 
(epoch: 55, iters: 3652, time: 0.486, data: 0.001) G_GAN_ViT: 0.446 D_real_ViT: 0.088 D_fake_ViT: 0.162 global: 0.512 spatial: 0.094 
(epoch: 55, iters: 3752, time: 0.486, data: 0.001) G_GAN_ViT: 0.684 D_real_ViT: 0.175 D_fake_ViT: 0.061 global: 0.340 spatial: 0.053 
(epoch: 55, iters: 3852, time: 0.486, data: 0.001) G_GAN_ViT: 0.559 D_real_ViT: 0.103 D_fake_ViT: 0.100 global: 0.391 spatial: 0.061 
(epoch: 55, iters: 3952, time: 0.486, data: 0.001) G_GAN_ViT: 0.440 D_real_ViT: 0.238 D_fake_ViT: 0.141 global: 0.257 spatial: 0.049 
(epoch: 55, iters: 4052, time: 0.486, data: 0.001) G_GAN_ViT: 0.312 D_real_ViT: 0.237 D_fake_ViT: 0.277 global: 0.491 spatial: 0.109 
(epoch: 55, iters: 4152, time: 0.486, data: 0.001) G_GAN_ViT: 0.257 D_real_ViT: 0.128 D_fake_ViT: 0.334 global: 0.444 spatial: 0.112 
(epoch: 55, iters: 4252, time: 0.486, data: 0.001) G_GAN_ViT: 0.526 D_real_ViT: 0.183 D_fake_ViT: 0.122 global: 0.363 spatial: 0.078 
(epoch: 55, iters: 4352, time: 0.486, data: 0.001) G_GAN_ViT: 0.414 D_real_ViT: 0.233 D_fake_ViT: 0.181 global: 0.343 spatial: 0.068 
(epoch: 55, iters: 4452, time: 0.486, data: 0.001) G_GAN_ViT: 0.420 D_real_ViT: 0.229 D_fake_ViT: 0.162 global: 0.430 spatial: 0.072 
(epoch: 55, iters: 4552, time: 0.486, data: 0.001) G_GAN_ViT: 0.351 D_real_ViT: 0.120 D_fake_ViT: 0.236 global: 0.383 spatial: 0.096 
(epoch: 55, iters: 4652, time: 0.486, data: 0.001) G_GAN_ViT: 0.524 D_real_ViT: 0.162 D_fake_ViT: 0.136 global: 0.557 spatial: 0.097 
(epoch: 55, iters: 4752, time: 0.486, data: 0.001) G_GAN_ViT: 0.407 D_real_ViT: 0.114 D_fake_ViT: 0.187 global: 0.402 spatial: 0.085 
(epoch: 55, iters: 4852, time: 0.486, data: 0.001) G_GAN_ViT: 0.428 D_real_ViT: 0.237 D_fake_ViT: 0.179 global: 0.498 spatial: 0.097 
(epoch: 55, iters: 4952, time: 0.486, data: 0.001) G_GAN_ViT: 0.446 D_real_ViT: 0.310 D_fake_ViT: 0.156 global: 0.457 spatial: 0.089 
(epoch: 55, iters: 5052, time: 0.485, data: 0.001) G_GAN_ViT: 0.446 D_real_ViT: 0.284 D_fake_ViT: 0.198 global: 0.380 spatial: 0.094 
(epoch: 55, iters: 5152, time: 0.486, data: 0.001) G_GAN_ViT: 0.401 D_real_ViT: 0.177 D_fake_ViT: 0.181 global: 0.398 spatial: 0.085 
(epoch: 55, iters: 5252, time: 0.486, data: 0.001) G_GAN_ViT: 0.422 D_real_ViT: 0.288 D_fake_ViT: 0.174 global: 0.458 spatial: 0.068 
(epoch: 55, iters: 5352, time: 0.486, data: 0.001) G_GAN_ViT: 0.276 D_real_ViT: 0.052 D_fake_ViT: 0.297 global: 0.472 spatial: 0.090 
(epoch: 55, iters: 5452, time: 0.485, data: 0.001) G_GAN_ViT: 0.546 D_real_ViT: 0.215 D_fake_ViT: 0.104 global: 0.285 spatial: 0.049 
(epoch: 55, iters: 5552, time: 0.485, data: 0.001) G_GAN_ViT: 0.275 D_real_ViT: 0.054 D_fake_ViT: 0.285 global: 0.404 spatial: 0.070 
saving the model at the end of epoch 55, iters 308660
End of epoch 55 / 100 	 Time Taken: 2733 sec
learning rate = 0.0000088
(epoch: 56, iters: 40, time: 0.485, data: 0.001) G_GAN_ViT: 0.282 D_real_ViT: 0.171 D_fake_ViT: 0.292 global: 0.495 spatial: 0.101 
(epoch: 56, iters: 140, time: 0.485, data: 0.001) G_GAN_ViT: 0.436 D_real_ViT: 0.137 D_fake_ViT: 0.164 global: 0.459 spatial: 0.090 
(epoch: 56, iters: 240, time: 0.485, data: 0.001) G_GAN_ViT: 0.428 D_real_ViT: 0.099 D_fake_ViT: 0.164 global: 0.514 spatial: 0.083 
(epoch: 56, iters: 340, time: 0.485, data: 0.001) G_GAN_ViT: 0.307 D_real_ViT: 0.328 D_fake_ViT: 0.256 global: 0.457 spatial: 0.111 
(epoch: 56, iters: 440, time: 0.485, data: 0.001) G_GAN_ViT: 0.594 D_real_ViT: 0.126 D_fake_ViT: 0.091 global: 0.375 spatial: 0.088 
(epoch: 56, iters: 540, time: 0.485, data: 0.001) G_GAN_ViT: 0.418 D_real_ViT: 0.283 D_fake_ViT: 0.184 global: 0.400 spatial: 0.099 
(epoch: 56, iters: 640, time: 0.485, data: 0.001) G_GAN_ViT: 0.372 D_real_ViT: 0.069 D_fake_ViT: 0.190 global: 0.288 spatial: 0.064 
(epoch: 56, iters: 740, time: 0.486, data: 0.001) G_GAN_ViT: 0.334 D_real_ViT: 0.349 D_fake_ViT: 0.244 global: 0.418 spatial: 0.087 
(epoch: 56, iters: 840, time: 0.486, data: 0.001) G_GAN_ViT: 0.344 D_real_ViT: 0.040 D_fake_ViT: 0.254 global: 0.489 spatial: 0.104 
(epoch: 56, iters: 940, time: 0.486, data: 0.001) G_GAN_ViT: 0.315 D_real_ViT: 0.037 D_fake_ViT: 0.277 global: 0.495 spatial: 0.094 
(epoch: 56, iters: 1040, time: 0.486, data: 0.001) G_GAN_ViT: 0.302 D_real_ViT: 0.191 D_fake_ViT: 0.274 global: 0.457 spatial: 0.105 
(epoch: 56, iters: 1140, time: 0.485, data: 0.002) G_GAN_ViT: 0.275 D_real_ViT: 0.141 D_fake_ViT: 0.346 global: 0.472 spatial: 0.096 
(epoch: 56, iters: 1240, time: 0.486, data: 0.001) G_GAN_ViT: 0.465 D_real_ViT: 0.043 D_fake_ViT: 0.165 global: 0.433 spatial: 0.109 
(epoch: 56, iters: 1340, time: 0.485, data: 0.001) G_GAN_ViT: 0.428 D_real_ViT: 0.187 D_fake_ViT: 0.189 global: 0.409 spatial: 0.108 
saving the latest model (epoch 56, total_iters 310000)
ICL_single_monitor
(epoch: 56, iters: 1440, time: 0.485, data: 0.001) G_GAN_ViT: 0.631 D_real_ViT: 0.041 D_fake_ViT: 0.103 global: 0.519 spatial: 0.101 
(epoch: 56, iters: 1540, time: 0.485, data: 0.001) G_GAN_ViT: 0.322 D_real_ViT: 0.156 D_fake_ViT: 0.242 global: 0.464 spatial: 0.103 
(epoch: 56, iters: 1640, time: 0.485, data: 0.001) G_GAN_ViT: 0.550 D_real_ViT: 0.097 D_fake_ViT: 0.110 global: 0.345 spatial: 0.081 
(epoch: 56, iters: 1740, time: 0.485, data: 0.001) G_GAN_ViT: 0.703 D_real_ViT: 0.253 D_fake_ViT: 0.089 global: 0.525 spatial: 0.126 
(epoch: 56, iters: 1840, time: 0.485, data: 0.001) G_GAN_ViT: 0.564 D_real_ViT: 0.244 D_fake_ViT: 0.113 global: 0.422 spatial: 0.086 
(epoch: 56, iters: 1940, time: 0.486, data: 0.001) G_GAN_ViT: 0.281 D_real_ViT: 0.135 D_fake_ViT: 0.279 global: 0.411 spatial: 0.064 
(epoch: 56, iters: 2040, time: 0.486, data: 0.001) G_GAN_ViT: 0.439 D_real_ViT: 0.063 D_fake_ViT: 0.154 global: 0.352 spatial: 0.076 
(epoch: 56, iters: 2140, time: 0.486, data: 0.001) G_GAN_ViT: 0.444 D_real_ViT: 0.143 D_fake_ViT: 0.187 global: 0.453 spatial: 0.123 
(epoch: 56, iters: 2240, time: 0.485, data: 0.001) G_GAN_ViT: 0.329 D_real_ViT: 0.325 D_fake_ViT: 0.236 global: 0.453 spatial: 0.096 
(epoch: 56, iters: 2340, time: 0.485, data: 0.001) G_GAN_ViT: 0.414 D_real_ViT: 0.196 D_fake_ViT: 0.173 global: 0.514 spatial: 0.088 
(epoch: 56, iters: 2440, time: 0.485, data: 0.001) G_GAN_ViT: 0.472 D_real_ViT: 0.291 D_fake_ViT: 0.141 global: 0.310 spatial: 0.051 
(epoch: 56, iters: 2540, time: 0.485, data: 0.001) G_GAN_ViT: 0.525 D_real_ViT: 0.224 D_fake_ViT: 0.141 global: 0.464 spatial: 0.120 
(epoch: 56, iters: 2640, time: 0.485, data: 0.001) G_GAN_ViT: 0.480 D_real_ViT: 0.184 D_fake_ViT: 0.173 global: 0.561 spatial: 0.097 
(epoch: 56, iters: 2740, time: 0.485, data: 0.001) G_GAN_ViT: 0.330 D_real_ViT: 0.511 D_fake_ViT: 0.239 global: 0.497 spatial: 0.117 
(epoch: 56, iters: 2840, time: 0.485, data: 0.001) G_GAN_ViT: 0.337 D_real_ViT: 0.124 D_fake_ViT: 0.247 global: 0.490 spatial: 0.082 
(epoch: 56, iters: 2940, time: 0.486, data: 0.001) G_GAN_ViT: 0.591 D_real_ViT: 0.133 D_fake_ViT: 0.082 global: 0.285 spatial: 0.049 
(epoch: 56, iters: 3040, time: 0.485, data: 0.001) G_GAN_ViT: 0.524 D_real_ViT: 0.359 D_fake_ViT: 0.152 global: 0.484 spatial: 0.108 
(epoch: 56, iters: 3140, time: 0.485, data: 0.001) G_GAN_ViT: 0.476 D_real_ViT: 0.249 D_fake_ViT: 0.150 global: 0.372 spatial: 0.091 
(epoch: 56, iters: 3240, time: 0.485, data: 0.001) G_GAN_ViT: 0.372 D_real_ViT: 0.176 D_fake_ViT: 0.206 global: 0.415 spatial: 0.102 
(epoch: 56, iters: 3340, time: 0.485, data: 0.001) G_GAN_ViT: 0.486 D_real_ViT: 0.231 D_fake_ViT: 0.146 global: 0.481 spatial: 0.094 
(epoch: 56, iters: 3440, time: 0.485, data: 0.001) G_GAN_ViT: 0.530 D_real_ViT: 0.118 D_fake_ViT: 0.135 global: 0.514 spatial: 0.091 
(epoch: 56, iters: 3540, time: 0.485, data: 0.001) G_GAN_ViT: 0.430 D_real_ViT: 0.098 D_fake_ViT: 0.203 global: 0.414 spatial: 0.112 
(epoch: 56, iters: 3640, time: 0.486, data: 0.001) G_GAN_ViT: 0.324 D_real_ViT: 0.136 D_fake_ViT: 0.272 global: 0.470 spatial: 0.101 
(epoch: 56, iters: 3740, time: 0.486, data: 0.001) G_GAN_ViT: 0.387 D_real_ViT: 0.082 D_fake_ViT: 0.199 global: 0.417 spatial: 0.102 
(epoch: 56, iters: 3840, time: 0.486, data: 0.001) G_GAN_ViT: 0.362 D_real_ViT: 0.201 D_fake_ViT: 0.224 global: 0.476 spatial: 0.095 
(epoch: 56, iters: 3940, time: 0.486, data: 0.001) G_GAN_ViT: 0.529 D_real_ViT: 0.273 D_fake_ViT: 0.124 global: 0.539 spatial: 0.098 
(epoch: 56, iters: 4040, time: 0.486, data: 0.001) G_GAN_ViT: 0.452 D_real_ViT: 0.340 D_fake_ViT: 0.138 global: 0.345 spatial: 0.060 
(epoch: 56, iters: 4140, time: 0.486, data: 0.001) G_GAN_ViT: 0.567 D_real_ViT: 0.147 D_fake_ViT: 0.104 global: 0.425 spatial: 0.086 
(epoch: 56, iters: 4240, time: 0.486, data: 0.001) G_GAN_ViT: 0.360 D_real_ViT: 0.156 D_fake_ViT: 0.216 global: 0.490 spatial: 0.099 
(epoch: 56, iters: 4340, time: 0.485, data: 0.001) G_GAN_ViT: 0.564 D_real_ViT: 0.113 D_fake_ViT: 0.096 global: 0.315 spatial: 0.052 
(epoch: 56, iters: 4440, time: 0.485, data: 0.001) G_GAN_ViT: 0.530 D_real_ViT: 0.406 D_fake_ViT: 0.138 global: 0.448 spatial: 0.120 
(epoch: 56, iters: 4540, time: 0.486, data: 0.002) G_GAN_ViT: 0.462 D_real_ViT: 0.214 D_fake_ViT: 0.145 global: 0.528 spatial: 0.089 
(epoch: 56, iters: 4640, time: 0.486, data: 0.001) G_GAN_ViT: 0.533 D_real_ViT: 0.217 D_fake_ViT: 0.139 global: 0.394 spatial: 0.100 
(epoch: 56, iters: 4740, time: 0.485, data: 0.001) G_GAN_ViT: 0.700 D_real_ViT: 0.148 D_fake_ViT: 0.087 global: 0.479 spatial: 0.109 
(epoch: 56, iters: 4840, time: 0.485, data: 0.001) G_GAN_ViT: 0.353 D_real_ViT: 0.080 D_fake_ViT: 0.230 global: 0.500 spatial: 0.083 
(epoch: 56, iters: 4940, time: 0.485, data: 0.001) G_GAN_ViT: 0.453 D_real_ViT: 0.316 D_fake_ViT: 0.218 global: 0.356 spatial: 0.089 
(epoch: 56, iters: 5040, time: 0.486, data: 0.001) G_GAN_ViT: 0.399 D_real_ViT: 0.109 D_fake_ViT: 0.204 global: 0.465 spatial: 0.106 
(epoch: 56, iters: 5140, time: 0.486, data: 0.001) G_GAN_ViT: 0.604 D_real_ViT: 0.073 D_fake_ViT: 0.085 global: 0.447 spatial: 0.083 
(epoch: 56, iters: 5240, time: 0.486, data: 0.001) G_GAN_ViT: 0.357 D_real_ViT: 0.125 D_fake_ViT: 0.210 global: 0.511 spatial: 0.108 
(epoch: 56, iters: 5340, time: 0.485, data: 0.001) G_GAN_ViT: 0.337 D_real_ViT: 0.315 D_fake_ViT: 0.228 global: 0.363 spatial: 0.095 
(epoch: 56, iters: 5440, time: 0.485, data: 0.001) G_GAN_ViT: 0.393 D_real_ViT: 0.286 D_fake_ViT: 0.253 global: 0.478 spatial: 0.121 
(epoch: 56, iters: 5540, time: 0.485, data: 0.001) G_GAN_ViT: 0.349 D_real_ViT: 0.038 D_fake_ViT: 0.227 global: 0.390 spatial: 0.063 
End of epoch 56 / 100 	 Time Taken: 2732 sec
learning rate = 0.0000086
(epoch: 57, iters: 28, time: 0.485, data: 0.001) G_GAN_ViT: 0.631 D_real_ViT: 0.254 D_fake_ViT: 0.093 global: 0.481 spatial: 0.081 
(epoch: 57, iters: 128, time: 0.485, data: 0.001) G_GAN_ViT: 0.439 D_real_ViT: 0.184 D_fake_ViT: 0.180 global: 0.442 spatial: 0.114 
(epoch: 57, iters: 228, time: 0.485, data: 0.001) G_GAN_ViT: 0.607 D_real_ViT: 0.274 D_fake_ViT: 0.084 global: 0.390 spatial: 0.068 
(epoch: 57, iters: 328, time: 0.486, data: 0.001) G_GAN_ViT: 0.332 D_real_ViT: 0.323 D_fake_ViT: 0.223 global: 0.471 spatial: 0.092 
(epoch: 57, iters: 428, time: 0.486, data: 0.001) G_GAN_ViT: 0.366 D_real_ViT: 0.161 D_fake_ViT: 0.204 global: 0.444 spatial: 0.099 
(epoch: 57, iters: 528, time: 0.486, data: 0.001) G_GAN_ViT: 0.495 D_real_ViT: 0.169 D_fake_ViT: 0.129 global: 0.373 spatial: 0.085 
(epoch: 57, iters: 628, time: 0.485, data: 0.001) G_GAN_ViT: 0.287 D_real_ViT: 0.197 D_fake_ViT: 0.271 global: 0.437 spatial: 0.092 
(epoch: 57, iters: 728, time: 0.486, data: 0.001) G_GAN_ViT: 0.529 D_real_ViT: 0.054 D_fake_ViT: 0.131 global: 0.483 spatial: 0.091 
saving the latest model (epoch 57, total_iters 315000)
ICL_single_monitor
(epoch: 57, iters: 828, time: 0.485, data: 0.001) G_GAN_ViT: 0.670 D_real_ViT: 0.231 D_fake_ViT: 0.057 global: 0.281 spatial: 0.046 
(epoch: 57, iters: 928, time: 0.485, data: 0.001) G_GAN_ViT: 0.341 D_real_ViT: 0.215 D_fake_ViT: 0.273 global: 0.473 spatial: 0.101 
(epoch: 57, iters: 1028, time: 0.485, data: 0.001) G_GAN_ViT: 0.425 D_real_ViT: 0.240 D_fake_ViT: 0.201 global: 0.474 spatial: 0.114 
(epoch: 57, iters: 1128, time: 0.485, data: 0.001) G_GAN_ViT: 0.242 D_real_ViT: 0.264 D_fake_ViT: 0.322 global: 0.421 spatial: 0.098 
(epoch: 57, iters: 1228, time: 0.485, data: 0.001) G_GAN_ViT: 0.320 D_real_ViT: 0.195 D_fake_ViT: 0.254 global: 0.537 spatial: 0.107 
(epoch: 57, iters: 1328, time: 0.485, data: 0.001) G_GAN_ViT: 0.341 D_real_ViT: 0.222 D_fake_ViT: 0.251 global: 0.480 spatial: 0.105 
(epoch: 57, iters: 1428, time: 0.485, data: 0.001) G_GAN_ViT: 0.552 D_real_ViT: 0.214 D_fake_ViT: 0.095 global: 0.329 spatial: 0.053 
(epoch: 57, iters: 1528, time: 0.485, data: 0.001) G_GAN_ViT: 0.305 D_real_ViT: 0.275 D_fake_ViT: 0.254 global: 0.362 spatial: 0.072 
(epoch: 57, iters: 1628, time: 0.485, data: 0.001) G_GAN_ViT: 0.500 D_real_ViT: 0.177 D_fake_ViT: 0.137 global: 0.456 spatial: 0.096 
(epoch: 57, iters: 1728, time: 0.485, data: 0.001) G_GAN_ViT: 0.355 D_real_ViT: 0.336 D_fake_ViT: 0.215 global: 0.515 spatial: 0.090 
(epoch: 57, iters: 1828, time: 0.485, data: 0.001) G_GAN_ViT: 0.366 D_real_ViT: 0.202 D_fake_ViT: 0.208 global: 0.413 spatial: 0.076 
(epoch: 57, iters: 1928, time: 0.486, data: 0.001) G_GAN_ViT: 0.435 D_real_ViT: 0.377 D_fake_ViT: 0.196 global: 0.539 spatial: 0.125 
(epoch: 57, iters: 2028, time: 0.486, data: 0.001) G_GAN_ViT: 0.498 D_real_ViT: 0.320 D_fake_ViT: 0.116 global: 0.346 spatial: 0.060 
(epoch: 57, iters: 2128, time: 0.486, data: 0.001) G_GAN_ViT: 0.542 D_real_ViT: 0.072 D_fake_ViT: 0.118 global: 0.532 spatial: 0.095 
(epoch: 57, iters: 2228, time: 0.486, data: 0.001) G_GAN_ViT: 0.430 D_real_ViT: 0.050 D_fake_ViT: 0.184 global: 0.442 spatial: 0.109 
(epoch: 57, iters: 2328, time: 0.486, data: 0.001) G_GAN_ViT: 0.467 D_real_ViT: 0.110 D_fake_ViT: 0.136 global: 0.348 spatial: 0.073 
(epoch: 57, iters: 2428, time: 0.486, data: 0.001) G_GAN_ViT: 0.314 D_real_ViT: 0.087 D_fake_ViT: 0.293 global: 0.517 spatial: 0.103 
(epoch: 57, iters: 2528, time: 0.486, data: 0.001) G_GAN_ViT: 0.515 D_real_ViT: 0.155 D_fake_ViT: 0.113 global: 0.339 spatial: 0.072 
(epoch: 57, iters: 2628, time: 0.486, data: 0.001) G_GAN_ViT: 0.397 D_real_ViT: 0.108 D_fake_ViT: 0.181 global: 0.474 spatial: 0.106 
(epoch: 57, iters: 2728, time: 0.486, data: 0.001) G_GAN_ViT: 0.369 D_real_ViT: 0.164 D_fake_ViT: 0.231 global: 0.452 spatial: 0.103 
(epoch: 57, iters: 2828, time: 0.486, data: 0.001) G_GAN_ViT: 0.354 D_real_ViT: 0.272 D_fake_ViT: 0.228 global: 0.473 spatial: 0.092 
(epoch: 57, iters: 2928, time: 0.486, data: 0.001) G_GAN_ViT: 0.528 D_real_ViT: 0.175 D_fake_ViT: 0.108 global: 0.381 spatial: 0.082 
(epoch: 57, iters: 3028, time: 0.486, data: 0.001) G_GAN_ViT: 0.255 D_real_ViT: 0.222 D_fake_ViT: 0.308 global: 0.371 spatial: 0.092 
(epoch: 57, iters: 3128, time: 0.486, data: 0.001) G_GAN_ViT: 0.328 D_real_ViT: 0.137 D_fake_ViT: 0.238 global: 0.437 spatial: 0.098 
(epoch: 57, iters: 3228, time: 0.486, data: 0.001) G_GAN_ViT: 0.298 D_real_ViT: 0.225 D_fake_ViT: 0.295 global: 0.470 spatial: 0.095 
(epoch: 57, iters: 3328, time: 0.486, data: 0.001) G_GAN_ViT: 0.539 D_real_ViT: 0.142 D_fake_ViT: 0.102 global: 0.350 spatial: 0.081 
(epoch: 57, iters: 3428, time: 0.486, data: 0.001) G_GAN_ViT: 0.223 D_real_ViT: 0.201 D_fake_ViT: 0.371 global: 0.434 spatial: 0.105 
(epoch: 57, iters: 3528, time: 0.486, data: 0.001) G_GAN_ViT: 0.407 D_real_ViT: 0.208 D_fake_ViT: 0.179 global: 0.447 spatial: 0.097 
(epoch: 57, iters: 3628, time: 0.486, data: 0.001) G_GAN_ViT: 0.477 D_real_ViT: 0.307 D_fake_ViT: 0.141 global: 0.479 spatial: 0.097 
(epoch: 57, iters: 3728, time: 0.486, data: 0.001) G_GAN_ViT: 0.272 D_real_ViT: 0.254 D_fake_ViT: 0.297 global: 0.445 spatial: 0.096 
(epoch: 57, iters: 3828, time: 0.486, data: 0.001) G_GAN_ViT: 0.311 D_real_ViT: 0.042 D_fake_ViT: 0.286 global: 0.429 spatial: 0.110 
(epoch: 57, iters: 3928, time: 0.486, data: 0.001) G_GAN_ViT: 0.262 D_real_ViT: 0.198 D_fake_ViT: 0.297 global: 0.502 spatial: 0.074 
(epoch: 57, iters: 4028, time: 0.485, data: 0.001) G_GAN_ViT: 0.373 D_real_ViT: 0.064 D_fake_ViT: 0.233 global: 0.468 spatial: 0.112 
(epoch: 57, iters: 4128, time: 0.486, data: 0.001) G_GAN_ViT: 0.666 D_real_ViT: 0.139 D_fake_ViT: 0.062 global: 0.298 spatial: 0.051 
(epoch: 57, iters: 4228, time: 0.485, data: 0.001) G_GAN_ViT: 0.309 D_real_ViT: 0.303 D_fake_ViT: 0.261 global: 0.492 spatial: 0.117 
(epoch: 57, iters: 4328, time: 0.485, data: 0.001) G_GAN_ViT: 0.360 D_real_ViT: 0.293 D_fake_ViT: 0.220 global: 0.454 spatial: 0.100 
(epoch: 57, iters: 4428, time: 0.486, data: 0.001) G_GAN_ViT: 0.393 D_real_ViT: 0.218 D_fake_ViT: 0.194 global: 0.361 spatial: 0.055 
(epoch: 57, iters: 4528, time: 0.486, data: 0.001) G_GAN_ViT: 0.274 D_real_ViT: 0.120 D_fake_ViT: 0.294 global: 0.398 spatial: 0.088 
(epoch: 57, iters: 4628, time: 0.486, data: 0.001) G_GAN_ViT: 0.551 D_real_ViT: 0.347 D_fake_ViT: 0.109 global: 0.523 spatial: 0.090 
(epoch: 57, iters: 4728, time: 0.485, data: 0.001) G_GAN_ViT: 0.438 D_real_ViT: 0.114 D_fake_ViT: 0.160 global: 0.536 spatial: 0.082 
(epoch: 57, iters: 4828, time: 0.485, data: 0.001) G_GAN_ViT: 0.468 D_real_ViT: 0.266 D_fake_ViT: 0.161 global: 0.455 spatial: 0.122 
(epoch: 57, iters: 4928, time: 0.485, data: 0.001) G_GAN_ViT: 0.516 D_real_ViT: 0.316 D_fake_ViT: 0.118 global: 0.456 spatial: 0.088 
(epoch: 57, iters: 5028, time: 0.485, data: 0.001) G_GAN_ViT: 0.317 D_real_ViT: 0.181 D_fake_ViT: 0.254 global: 0.468 spatial: 0.089 
(epoch: 57, iters: 5128, time: 0.485, data: 0.001) G_GAN_ViT: 0.451 D_real_ViT: 0.317 D_fake_ViT: 0.185 global: 0.439 spatial: 0.090 
(epoch: 57, iters: 5228, time: 0.485, data: 0.001) G_GAN_ViT: 0.435 D_real_ViT: 0.169 D_fake_ViT: 0.174 global: 0.496 spatial: 0.116 
(epoch: 57, iters: 5328, time: 0.485, data: 0.001) G_GAN_ViT: 0.364 D_real_ViT: 0.169 D_fake_ViT: 0.221 global: 0.502 spatial: 0.097 
(epoch: 57, iters: 5428, time: 0.485, data: 0.001) G_GAN_ViT: 0.412 D_real_ViT: 0.140 D_fake_ViT: 0.176 global: 0.473 spatial: 0.067 
(epoch: 57, iters: 5528, time: 0.486, data: 0.001) G_GAN_ViT: 0.402 D_real_ViT: 0.372 D_fake_ViT: 0.181 global: 0.477 spatial: 0.091 
End of epoch 57 / 100 	 Time Taken: 2733 sec
learning rate = 0.0000084
(epoch: 58, iters: 16, time: 0.486, data: 0.001) G_GAN_ViT: 0.347 D_real_ViT: 0.183 D_fake_ViT: 0.232 global: 0.489 spatial: 0.119 
(epoch: 58, iters: 116, time: 0.486, data: 0.001) G_GAN_ViT: 0.484 D_real_ViT: 0.099 D_fake_ViT: 0.160 global: 0.462 spatial: 0.116 
saving the latest model (epoch 58, total_iters 320000)
ICL_single_monitor
(epoch: 58, iters: 216, time: 0.485, data: 0.005) G_GAN_ViT: 0.513 D_real_ViT: 0.155 D_fake_ViT: 0.117 global: 0.456 spatial: 0.087 
(epoch: 58, iters: 316, time: 0.485, data: 0.001) G_GAN_ViT: 0.336 D_real_ViT: 0.280 D_fake_ViT: 0.251 global: 0.387 spatial: 0.075 
(epoch: 58, iters: 416, time: 0.484, data: 0.002) G_GAN_ViT: 0.355 D_real_ViT: 0.238 D_fake_ViT: 0.217 global: 0.455 spatial: 0.093 
(epoch: 58, iters: 516, time: 0.485, data: 0.001) G_GAN_ViT: 0.569 D_real_ViT: 0.090 D_fake_ViT: 0.091 global: 0.332 spatial: 0.053 
(epoch: 58, iters: 616, time: 0.485, data: 0.001) G_GAN_ViT: 0.378 D_real_ViT: 0.035 D_fake_ViT: 0.204 global: 0.446 spatial: 0.081 
(epoch: 58, iters: 716, time: 0.486, data: 0.002) G_GAN_ViT: 0.342 D_real_ViT: 0.278 D_fake_ViT: 0.221 global: 0.424 spatial: 0.065 
(epoch: 58, iters: 816, time: 0.486, data: 0.001) G_GAN_ViT: 0.447 D_real_ViT: 0.041 D_fake_ViT: 0.161 global: 0.430 spatial: 0.084 
(epoch: 58, iters: 916, time: 0.486, data: 0.001) G_GAN_ViT: 0.492 D_real_ViT: 0.108 D_fake_ViT: 0.155 global: 0.363 spatial: 0.084 
(epoch: 58, iters: 1016, time: 0.486, data: 0.001) G_GAN_ViT: 0.273 D_real_ViT: 0.171 D_fake_ViT: 0.301 global: 0.413 spatial: 0.110 
(epoch: 58, iters: 1116, time: 0.486, data: 0.001) G_GAN_ViT: 0.407 D_real_ViT: 0.205 D_fake_ViT: 0.176 global: 0.378 spatial: 0.094 
(epoch: 58, iters: 1216, time: 0.486, data: 0.001) G_GAN_ViT: 0.454 D_real_ViT: 0.139 D_fake_ViT: 0.156 global: 0.457 spatial: 0.098 
(epoch: 58, iters: 1316, time: 0.486, data: 0.001) G_GAN_ViT: 0.403 D_real_ViT: 0.104 D_fake_ViT: 0.185 global: 0.528 spatial: 0.082 
(epoch: 58, iters: 1416, time: 0.486, data: 0.001) G_GAN_ViT: 0.404 D_real_ViT: 0.268 D_fake_ViT: 0.179 global: 0.442 spatial: 0.083 
(epoch: 58, iters: 1516, time: 0.485, data: 0.001) G_GAN_ViT: 0.487 D_real_ViT: 0.202 D_fake_ViT: 0.144 global: 0.461 spatial: 0.105 
(epoch: 58, iters: 1616, time: 0.485, data: 0.002) G_GAN_ViT: 0.442 D_real_ViT: 0.145 D_fake_ViT: 0.152 global: 0.322 spatial: 0.065 
(epoch: 58, iters: 1716, time: 0.486, data: 0.002) G_GAN_ViT: 0.505 D_real_ViT: 0.236 D_fake_ViT: 0.115 global: 0.329 spatial: 0.053 
(epoch: 58, iters: 1816, time: 0.486, data: 0.001) G_GAN_ViT: 0.468 D_real_ViT: 0.433 D_fake_ViT: 0.198 global: 0.455 spatial: 0.121 
(epoch: 58, iters: 1916, time: 0.486, data: 0.001) G_GAN_ViT: 0.311 D_real_ViT: 0.181 D_fake_ViT: 0.273 global: 0.513 spatial: 0.095 
(epoch: 58, iters: 2016, time: 0.486, data: 0.001) G_GAN_ViT: 0.555 D_real_ViT: 0.143 D_fake_ViT: 0.097 global: 0.290 spatial: 0.059 
(epoch: 58, iters: 2116, time: 0.486, data: 0.001) G_GAN_ViT: 0.328 D_real_ViT: 0.281 D_fake_ViT: 0.242 global: 0.508 spatial: 0.088 
(epoch: 58, iters: 2216, time: 0.486, data: 0.001) G_GAN_ViT: 0.537 D_real_ViT: 0.134 D_fake_ViT: 0.143 global: 0.512 spatial: 0.122 
(epoch: 58, iters: 2316, time: 0.485, data: 0.001) G_GAN_ViT: 0.404 D_real_ViT: 0.178 D_fake_ViT: 0.215 global: 0.428 spatial: 0.125 
(epoch: 58, iters: 2416, time: 0.485, data: 0.001) G_GAN_ViT: 0.345 D_real_ViT: 0.180 D_fake_ViT: 0.243 global: 0.429 spatial: 0.091 
(epoch: 58, iters: 2516, time: 0.485, data: 0.001) G_GAN_ViT: 0.393 D_real_ViT: 0.080 D_fake_ViT: 0.205 global: 0.465 spatial: 0.114 
(epoch: 58, iters: 2616, time: 0.485, data: 0.001) G_GAN_ViT: 0.454 D_real_ViT: 0.132 D_fake_ViT: 0.161 global: 0.460 spatial: 0.101 
(epoch: 58, iters: 2716, time: 0.486, data: 0.001) G_GAN_ViT: 0.291 D_real_ViT: 0.159 D_fake_ViT: 0.281 global: 0.525 spatial: 0.103 
(epoch: 58, iters: 2816, time: 0.485, data: 0.001) G_GAN_ViT: 0.553 D_real_ViT: 0.097 D_fake_ViT: 0.116 global: 0.374 spatial: 0.068 
(epoch: 58, iters: 2916, time: 0.486, data: 0.001) G_GAN_ViT: 0.292 D_real_ViT: 0.180 D_fake_ViT: 0.294 global: 0.507 spatial: 0.112 
(epoch: 58, iters: 3016, time: 0.486, data: 0.001) G_GAN_ViT: 0.405 D_real_ViT: 0.231 D_fake_ViT: 0.187 global: 0.422 spatial: 0.081 
(epoch: 58, iters: 3116, time: 0.486, data: 0.001) G_GAN_ViT: 0.466 D_real_ViT: 0.221 D_fake_ViT: 0.144 global: 0.458 spatial: 0.089 
(epoch: 58, iters: 3216, time: 0.486, data: 0.001) G_GAN_ViT: 0.448 D_real_ViT: 0.386 D_fake_ViT: 0.147 global: 0.362 spatial: 0.082 
(epoch: 58, iters: 3316, time: 0.486, data: 0.001) G_GAN_ViT: 0.298 D_real_ViT: 0.200 D_fake_ViT: 0.266 global: 0.447 spatial: 0.105 
(epoch: 58, iters: 3416, time: 0.486, data: 0.001) G_GAN_ViT: 0.425 D_real_ViT: 0.223 D_fake_ViT: 0.162 global: 0.372 spatial: 0.077 
(epoch: 58, iters: 3516, time: 0.486, data: 0.001) G_GAN_ViT: 0.415 D_real_ViT: 0.158 D_fake_ViT: 0.185 global: 0.425 spatial: 0.105 
(epoch: 58, iters: 3616, time: 0.485, data: 0.001) G_GAN_ViT: 0.239 D_real_ViT: 0.182 D_fake_ViT: 0.328 global: 0.448 spatial: 0.092 
(epoch: 58, iters: 3716, time: 0.485, data: 0.001) G_GAN_ViT: 0.349 D_real_ViT: 0.093 D_fake_ViT: 0.257 global: 0.503 spatial: 0.097 
(epoch: 58, iters: 3816, time: 0.486, data: 0.001) G_GAN_ViT: 0.623 D_real_ViT: 0.313 D_fake_ViT: 0.102 global: 0.460 spatial: 0.081 
(epoch: 58, iters: 3916, time: 0.485, data: 0.001) G_GAN_ViT: 0.288 D_real_ViT: 0.074 D_fake_ViT: 0.279 global: 0.418 spatial: 0.103 
(epoch: 58, iters: 4016, time: 0.485, data: 0.001) G_GAN_ViT: 0.409 D_real_ViT: 0.209 D_fake_ViT: 0.179 global: 0.489 spatial: 0.066 
(epoch: 58, iters: 4116, time: 0.486, data: 0.001) G_GAN_ViT: 0.205 D_real_ViT: 0.219 D_fake_ViT: 0.382 global: 0.378 spatial: 0.087 
(epoch: 58, iters: 4216, time: 0.485, data: 0.001) G_GAN_ViT: 0.490 D_real_ViT: 0.198 D_fake_ViT: 0.135 global: 0.432 spatial: 0.084 
(epoch: 58, iters: 4316, time: 0.485, data: 0.001) G_GAN_ViT: 0.427 D_real_ViT: 0.225 D_fake_ViT: 0.163 global: 0.363 spatial: 0.081 
(epoch: 58, iters: 4416, time: 0.485, data: 0.001) G_GAN_ViT: 0.560 D_real_ViT: 0.042 D_fake_ViT: 0.117 global: 0.439 spatial: 0.108 
(epoch: 58, iters: 4516, time: 0.486, data: 0.001) G_GAN_ViT: 0.598 D_real_ViT: 0.176 D_fake_ViT: 0.100 global: 0.543 spatial: 0.092 
(epoch: 58, iters: 4616, time: 0.486, data: 0.002) G_GAN_ViT: 0.235 D_real_ViT: 0.357 D_fake_ViT: 0.325 global: 0.298 spatial: 0.052 
(epoch: 58, iters: 4716, time: 0.486, data: 0.001) G_GAN_ViT: 0.324 D_real_ViT: 0.264 D_fake_ViT: 0.243 global: 0.416 spatial: 0.082 
(epoch: 58, iters: 4816, time: 0.486, data: 0.001) G_GAN_ViT: 0.270 D_real_ViT: 0.261 D_fake_ViT: 0.288 global: 0.404 spatial: 0.088 
(epoch: 58, iters: 4916, time: 0.486, data: 0.001) G_GAN_ViT: 0.463 D_real_ViT: 0.241 D_fake_ViT: 0.160 global: 0.383 spatial: 0.094 
(epoch: 58, iters: 5016, time: 0.486, data: 0.001) G_GAN_ViT: 0.511 D_real_ViT: 0.128 D_fake_ViT: 0.141 global: 0.390 spatial: 0.107 
(epoch: 58, iters: 5116, time: 0.486, data: 0.001) G_GAN_ViT: 0.302 D_real_ViT: 0.149 D_fake_ViT: 0.277 global: 0.461 spatial: 0.101 
saving the latest model (epoch 58, total_iters 325000)
ICL_single_monitor
(epoch: 58, iters: 5216, time: 0.486, data: 0.001) G_GAN_ViT: 0.274 D_real_ViT: 0.120 D_fake_ViT: 0.295 global: 0.462 spatial: 0.103 
(epoch: 58, iters: 5316, time: 0.485, data: 0.001) G_GAN_ViT: 0.590 D_real_ViT: 0.103 D_fake_ViT: 0.089 global: 0.357 spatial: 0.071 
(epoch: 58, iters: 5416, time: 0.484, data: 0.001) G_GAN_ViT: 0.508 D_real_ViT: 0.128 D_fake_ViT: 0.131 global: 0.490 spatial: 0.088 
(epoch: 58, iters: 5516, time: 0.485, data: 0.001) G_GAN_ViT: 0.524 D_real_ViT: 0.037 D_fake_ViT: 0.116 global: 0.353 spatial: 0.079 
End of epoch 58 / 100 	 Time Taken: 2734 sec
learning rate = 0.0000082
(epoch: 59, iters: 4, time: 0.485, data: 0.002) G_GAN_ViT: 0.432 D_real_ViT: 0.097 D_fake_ViT: 0.176 global: 0.386 spatial: 0.103 
(epoch: 59, iters: 104, time: 0.485, data: 0.000) G_GAN_ViT: 0.433 D_real_ViT: 0.228 D_fake_ViT: 0.179 global: 0.450 spatial: 0.091 
(epoch: 59, iters: 204, time: 0.486, data: 0.001) G_GAN_ViT: 0.536 D_real_ViT: 0.064 D_fake_ViT: 0.107 global: 0.349 spatial: 0.059 
(epoch: 59, iters: 304, time: 0.486, data: 0.001) G_GAN_ViT: 0.305 D_real_ViT: 0.188 D_fake_ViT: 0.270 global: 0.483 spatial: 0.098 
(epoch: 59, iters: 404, time: 0.486, data: 0.001) G_GAN_ViT: 0.460 D_real_ViT: 0.311 D_fake_ViT: 0.138 global: 0.375 spatial: 0.084 
(epoch: 59, iters: 504, time: 0.486, data: 0.001) G_GAN_ViT: 0.373 D_real_ViT: 0.266 D_fake_ViT: 0.212 global: 0.376 spatial: 0.065 
(epoch: 59, iters: 604, time: 0.486, data: 0.001) G_GAN_ViT: 0.556 D_real_ViT: 0.205 D_fake_ViT: 0.094 global: 0.369 spatial: 0.080 
(epoch: 59, iters: 704, time: 0.486, data: 0.001) G_GAN_ViT: 0.455 D_real_ViT: 0.091 D_fake_ViT: 0.165 global: 0.466 spatial: 0.093 
(epoch: 59, iters: 804, time: 0.486, data: 0.001) G_GAN_ViT: 0.618 D_real_ViT: 0.358 D_fake_ViT: 0.077 global: 0.441 spatial: 0.086 
(epoch: 59, iters: 904, time: 0.486, data: 0.001) G_GAN_ViT: 0.403 D_real_ViT: 0.171 D_fake_ViT: 0.183 global: 0.431 spatial: 0.095 
(epoch: 59, iters: 1004, time: 0.486, data: 0.001) G_GAN_ViT: 0.299 D_real_ViT: 0.121 D_fake_ViT: 0.288 global: 0.453 spatial: 0.112 
(epoch: 59, iters: 1104, time: 0.486, data: 0.001) G_GAN_ViT: 0.298 D_real_ViT: 0.189 D_fake_ViT: 0.254 global: 0.411 spatial: 0.097 
(epoch: 59, iters: 1204, time: 0.486, data: 0.001) G_GAN_ViT: 0.373 D_real_ViT: 0.114 D_fake_ViT: 0.211 global: 0.479 spatial: 0.084 
(epoch: 59, iters: 1304, time: 0.486, data: 0.002) G_GAN_ViT: 0.423 D_real_ViT: 0.141 D_fake_ViT: 0.176 global: 0.424 spatial: 0.083 
(epoch: 59, iters: 1404, time: 0.486, data: 0.001) G_GAN_ViT: 0.420 D_real_ViT: 0.127 D_fake_ViT: 0.226 global: 0.444 spatial: 0.119 
(epoch: 59, iters: 1504, time: 0.486, data: 0.001) G_GAN_ViT: 0.507 D_real_ViT: 0.206 D_fake_ViT: 0.131 global: 0.385 spatial: 0.090 
(epoch: 59, iters: 1604, time: 0.486, data: 0.001) G_GAN_ViT: 0.646 D_real_ViT: 0.222 D_fake_ViT: 0.090 global: 0.420 spatial: 0.096 
(epoch: 59, iters: 1704, time: 0.486, data: 0.001) G_GAN_ViT: 0.218 D_real_ViT: 0.249 D_fake_ViT: 0.381 global: 0.485 spatial: 0.106 
(epoch: 59, iters: 1804, time: 0.486, data: 0.001) G_GAN_ViT: 0.463 D_real_ViT: 0.255 D_fake_ViT: 0.140 global: 0.346 spatial: 0.058 
(epoch: 59, iters: 1904, time: 0.486, data: 0.001) G_GAN_ViT: 0.458 D_real_ViT: 0.224 D_fake_ViT: 0.138 global: 0.332 spatial: 0.055 
(epoch: 59, iters: 2004, time: 0.486, data: 0.001) G_GAN_ViT: 0.436 D_real_ViT: 0.229 D_fake_ViT: 0.155 global: 0.485 spatial: 0.073 
(epoch: 59, iters: 2104, time: 0.486, data: 0.001) G_GAN_ViT: 0.354 D_real_ViT: 0.136 D_fake_ViT: 0.227 global: 0.513 spatial: 0.112 
(epoch: 59, iters: 2204, time: 0.486, data: 0.001) G_GAN_ViT: 0.429 D_real_ViT: 0.379 D_fake_ViT: 0.154 global: 0.356 spatial: 0.075 
(epoch: 59, iters: 2304, time: 0.486, data: 0.001) G_GAN_ViT: 0.389 D_real_ViT: 0.110 D_fake_ViT: 0.191 global: 0.462 spatial: 0.104 
(epoch: 59, iters: 2404, time: 0.485, data: 0.001) G_GAN_ViT: 0.477 D_real_ViT: 0.070 D_fake_ViT: 0.142 global: 0.417 spatial: 0.091 
(epoch: 59, iters: 2504, time: 0.486, data: 0.001) G_GAN_ViT: 0.516 D_real_ViT: 0.182 D_fake_ViT: 0.124 global: 0.355 spatial: 0.101 
(epoch: 59, iters: 2604, time: 0.486, data: 0.001) G_GAN_ViT: 0.373 D_real_ViT: 0.209 D_fake_ViT: 0.203 global: 0.410 spatial: 0.103 
(epoch: 59, iters: 2704, time: 0.485, data: 0.001) G_GAN_ViT: 0.305 D_real_ViT: 0.143 D_fake_ViT: 0.275 global: 0.503 spatial: 0.111 
(epoch: 59, iters: 2804, time: 0.485, data: 0.001) G_GAN_ViT: 0.408 D_real_ViT: 0.216 D_fake_ViT: 0.171 global: 0.478 spatial: 0.103 
(epoch: 59, iters: 2904, time: 0.485, data: 0.001) G_GAN_ViT: 0.353 D_real_ViT: 0.326 D_fake_ViT: 0.204 global: 0.441 spatial: 0.079 
(epoch: 59, iters: 3004, time: 0.485, data: 0.001) G_GAN_ViT: 0.279 D_real_ViT: 0.045 D_fake_ViT: 0.281 global: 0.466 spatial: 0.097 
(epoch: 59, iters: 3104, time: 0.485, data: 0.001) G_GAN_ViT: 0.578 D_real_ViT: 0.292 D_fake_ViT: 0.107 global: 0.526 spatial: 0.092 
(epoch: 59, iters: 3204, time: 0.485, data: 0.001) G_GAN_ViT: 0.501 D_real_ViT: 0.258 D_fake_ViT: 0.128 global: 0.438 spatial: 0.085 
(epoch: 59, iters: 3304, time: 0.485, data: 0.001) G_GAN_ViT: 0.419 D_real_ViT: 0.068 D_fake_ViT: 0.175 global: 0.415 spatial: 0.080 
(epoch: 59, iters: 3404, time: 0.486, data: 0.001) G_GAN_ViT: 0.510 D_real_ViT: 0.287 D_fake_ViT: 0.113 global: 0.327 spatial: 0.071 
(epoch: 59, iters: 3504, time: 0.486, data: 0.001) G_GAN_ViT: 0.504 D_real_ViT: 0.084 D_fake_ViT: 0.121 global: 0.398 spatial: 0.083 
(epoch: 59, iters: 3604, time: 0.485, data: 0.001) G_GAN_ViT: 0.366 D_real_ViT: 0.246 D_fake_ViT: 0.207 global: 0.433 spatial: 0.103 
(epoch: 59, iters: 3704, time: 0.485, data: 0.001) G_GAN_ViT: 0.340 D_real_ViT: 0.284 D_fake_ViT: 0.226 global: 0.432 spatial: 0.095 
(epoch: 59, iters: 3804, time: 0.486, data: 0.001) G_GAN_ViT: 0.505 D_real_ViT: 0.215 D_fake_ViT: 0.126 global: 0.505 spatial: 0.081 
(epoch: 59, iters: 3904, time: 0.486, data: 0.001) G_GAN_ViT: 0.484 D_real_ViT: 0.136 D_fake_ViT: 0.154 global: 0.400 spatial: 0.083 
(epoch: 59, iters: 4004, time: 0.486, data: 0.001) G_GAN_ViT: 0.322 D_real_ViT: 0.238 D_fake_ViT: 0.225 global: 0.312 spatial: 0.064 
(epoch: 59, iters: 4104, time: 0.486, data: 0.001) G_GAN_ViT: 0.292 D_real_ViT: 0.038 D_fake_ViT: 0.291 global: 0.448 spatial: 0.088 
(epoch: 59, iters: 4204, time: 0.486, data: 0.001) G_GAN_ViT: 0.405 D_real_ViT: 0.230 D_fake_ViT: 0.169 global: 0.494 spatial: 0.077 
(epoch: 59, iters: 4304, time: 0.486, data: 0.001) G_GAN_ViT: 0.317 D_real_ViT: 0.252 D_fake_ViT: 0.253 global: 0.385 spatial: 0.095 
(epoch: 59, iters: 4404, time: 0.486, data: 0.001) G_GAN_ViT: 0.631 D_real_ViT: 0.081 D_fake_ViT: 0.120 global: 0.511 spatial: 0.111 
(epoch: 59, iters: 4504, time: 0.486, data: 0.001) G_GAN_ViT: 0.588 D_real_ViT: 0.394 D_fake_ViT: 0.094 global: 0.397 spatial: 0.062 
saving the latest model (epoch 59, total_iters 330000)
ICL_single_monitor
(epoch: 59, iters: 4604, time: 0.486, data: 0.001) G_GAN_ViT: 0.665 D_real_ViT: 0.359 D_fake_ViT: 0.065 global: 0.304 spatial: 0.060 
(epoch: 59, iters: 4704, time: 0.485, data: 0.001) G_GAN_ViT: 0.283 D_real_ViT: 0.243 D_fake_ViT: 0.276 global: 0.290 spatial: 0.059 
(epoch: 59, iters: 4804, time: 0.484, data: 0.001) G_GAN_ViT: 0.399 D_real_ViT: 0.183 D_fake_ViT: 0.193 global: 0.475 spatial: 0.077 
(epoch: 59, iters: 4904, time: 0.483, data: 0.001) G_GAN_ViT: 0.529 D_real_ViT: 0.295 D_fake_ViT: 0.118 global: 0.323 spatial: 0.071 
(epoch: 59, iters: 5004, time: 0.484, data: 0.001) G_GAN_ViT: 0.325 D_real_ViT: 0.339 D_fake_ViT: 0.259 global: 0.412 spatial: 0.111 
(epoch: 59, iters: 5104, time: 0.484, data: 0.001) G_GAN_ViT: 0.358 D_real_ViT: 0.188 D_fake_ViT: 0.224 global: 0.436 spatial: 0.090 
(epoch: 59, iters: 5204, time: 0.485, data: 0.001) G_GAN_ViT: 0.462 D_real_ViT: 0.368 D_fake_ViT: 0.152 global: 0.485 spatial: 0.083 
(epoch: 59, iters: 5304, time: 0.485, data: 0.001) G_GAN_ViT: 0.696 D_real_ViT: 0.238 D_fake_ViT: 0.092 global: 0.420 spatial: 0.101 
(epoch: 59, iters: 5404, time: 0.485, data: 0.001) G_GAN_ViT: 0.389 D_real_ViT: 0.278 D_fake_ViT: 0.182 global: 0.348 spatial: 0.079 
(epoch: 59, iters: 5504, time: 0.485, data: 0.002) G_GAN_ViT: 0.329 D_real_ViT: 0.223 D_fake_ViT: 0.236 global: 0.475 spatial: 0.092 
(epoch: 59, iters: 5604, time: 0.485, data: 0.001) G_GAN_ViT: 0.398 D_real_ViT: 0.195 D_fake_ViT: 0.192 global: 0.374 spatial: 0.093 
End of epoch 59 / 100 	 Time Taken: 2733 sec
learning rate = 0.0000080
(epoch: 60, iters: 92, time: 0.485, data: 0.002) G_GAN_ViT: 0.327 D_real_ViT: 0.173 D_fake_ViT: 0.240 global: 0.507 spatial: 0.101 
(epoch: 60, iters: 192, time: 0.486, data: 0.001) G_GAN_ViT: 0.342 D_real_ViT: 0.207 D_fake_ViT: 0.219 global: 0.452 spatial: 0.071 
(epoch: 60, iters: 292, time: 0.486, data: 0.001) G_GAN_ViT: 0.347 D_real_ViT: 0.137 D_fake_ViT: 0.233 global: 0.454 spatial: 0.101 
(epoch: 60, iters: 392, time: 0.485, data: 0.001) G_GAN_ViT: 0.489 D_real_ViT: 0.120 D_fake_ViT: 0.143 global: 0.349 spatial: 0.079 
(epoch: 60, iters: 492, time: 0.485, data: 0.001) G_GAN_ViT: 0.443 D_real_ViT: 0.335 D_fake_ViT: 0.173 global: 0.443 spatial: 0.116 
(epoch: 60, iters: 592, time: 0.486, data: 0.001) G_GAN_ViT: 0.501 D_real_ViT: 0.235 D_fake_ViT: 0.130 global: 0.455 spatial: 0.101 
(epoch: 60, iters: 692, time: 0.486, data: 0.001) G_GAN_ViT: 0.324 D_real_ViT: 0.271 D_fake_ViT: 0.258 global: 0.484 spatial: 0.124 
(epoch: 60, iters: 792, time: 0.486, data: 0.001) G_GAN_ViT: 0.386 D_real_ViT: 0.103 D_fake_ViT: 0.180 global: 0.273 spatial: 0.062 
(epoch: 60, iters: 892, time: 0.486, data: 0.001) G_GAN_ViT: 0.222 D_real_ViT: 0.222 D_fake_ViT: 0.337 global: 0.302 spatial: 0.057 
(epoch: 60, iters: 992, time: 0.486, data: 0.001) G_GAN_ViT: 0.305 D_real_ViT: 0.080 D_fake_ViT: 0.270 global: 0.489 spatial: 0.111 
(epoch: 60, iters: 1092, time: 0.486, data: 0.001) G_GAN_ViT: 0.535 D_real_ViT: 0.116 D_fake_ViT: 0.112 global: 0.420 spatial: 0.094 
(epoch: 60, iters: 1192, time: 0.486, data: 0.001) G_GAN_ViT: 0.631 D_real_ViT: 0.248 D_fake_ViT: 0.089 global: 0.473 spatial: 0.085 
(epoch: 60, iters: 1292, time: 0.486, data: 0.001) G_GAN_ViT: 0.420 D_real_ViT: 0.087 D_fake_ViT: 0.170 global: 0.504 spatial: 0.105 
(epoch: 60, iters: 1392, time: 0.486, data: 0.001) G_GAN_ViT: 0.545 D_real_ViT: 0.137 D_fake_ViT: 0.095 global: 0.288 spatial: 0.052 
(epoch: 60, iters: 1492, time: 0.485, data: 0.001) G_GAN_ViT: 0.464 D_real_ViT: 0.283 D_fake_ViT: 0.128 global: 0.364 spatial: 0.072 
(epoch: 60, iters: 1592, time: 0.485, data: 0.001) G_GAN_ViT: 0.396 D_real_ViT: 0.187 D_fake_ViT: 0.188 global: 0.468 spatial: 0.081 
(epoch: 60, iters: 1692, time: 0.486, data: 0.001) G_GAN_ViT: 0.300 D_real_ViT: 0.215 D_fake_ViT: 0.279 global: 0.390 spatial: 0.077 
(epoch: 60, iters: 1792, time: 0.486, data: 0.001) G_GAN_ViT: 0.308 D_real_ViT: 0.112 D_fake_ViT: 0.273 global: 0.499 spatial: 0.110 
(epoch: 60, iters: 1892, time: 0.486, data: 0.001) G_GAN_ViT: 0.369 D_real_ViT: 0.077 D_fake_ViT: 0.199 global: 0.389 spatial: 0.070 
(epoch: 60, iters: 1992, time: 0.486, data: 0.001) G_GAN_ViT: 0.351 D_real_ViT: 0.216 D_fake_ViT: 0.247 global: 0.442 spatial: 0.114 
(epoch: 60, iters: 2092, time: 0.486, data: 0.001) G_GAN_ViT: 0.564 D_real_ViT: 0.265 D_fake_ViT: 0.092 global: 0.364 spatial: 0.056 
(epoch: 60, iters: 2192, time: 0.486, data: 0.001) G_GAN_ViT: 0.447 D_real_ViT: 0.378 D_fake_ViT: 0.149 global: 0.353 spatial: 0.067 
(epoch: 60, iters: 2292, time: 0.486, data: 0.001) G_GAN_ViT: 0.231 D_real_ViT: 0.239 D_fake_ViT: 0.340 global: 0.457 spatial: 0.101 
(epoch: 60, iters: 2392, time: 0.485, data: 0.001) G_GAN_ViT: 0.527 D_real_ViT: 0.229 D_fake_ViT: 0.114 global: 0.338 spatial: 0.065 
(epoch: 60, iters: 2492, time: 0.485, data: 0.001) G_GAN_ViT: 0.315 D_real_ViT: 0.278 D_fake_ViT: 0.272 global: 0.429 spatial: 0.114 
(epoch: 60, iters: 2592, time: 0.485, data: 0.001) G_GAN_ViT: 0.508 D_real_ViT: 0.197 D_fake_ViT: 0.130 global: 0.473 spatial: 0.106 
(epoch: 60, iters: 2692, time: 0.486, data: 0.001) G_GAN_ViT: 0.460 D_real_ViT: 0.351 D_fake_ViT: 0.142 global: 0.320 spatial: 0.068 
(epoch: 60, iters: 2792, time: 0.486, data: 0.001) G_GAN_ViT: 0.566 D_real_ViT: 0.131 D_fake_ViT: 0.092 global: 0.327 spatial: 0.078 
(epoch: 60, iters: 2892, time: 0.486, data: 0.001) G_GAN_ViT: 0.463 D_real_ViT: 0.160 D_fake_ViT: 0.135 global: 0.334 spatial: 0.055 
(epoch: 60, iters: 2992, time: 0.485, data: 0.001) G_GAN_ViT: 0.481 D_real_ViT: 0.049 D_fake_ViT: 0.141 global: 0.478 spatial: 0.080 
(epoch: 60, iters: 3092, time: 0.486, data: 0.001) G_GAN_ViT: 0.316 D_real_ViT: 0.288 D_fake_ViT: 0.271 global: 0.441 spatial: 0.088 
(epoch: 60, iters: 3192, time: 0.486, data: 0.001) G_GAN_ViT: 0.304 D_real_ViT: 0.200 D_fake_ViT: 0.260 global: 0.321 spatial: 0.071 
(epoch: 60, iters: 3292, time: 0.486, data: 0.001) G_GAN_ViT: 0.487 D_real_ViT: 0.171 D_fake_ViT: 0.141 global: 0.498 spatial: 0.090 
(epoch: 60, iters: 3392, time: 0.486, data: 0.001) G_GAN_ViT: 0.461 D_real_ViT: 0.199 D_fake_ViT: 0.152 global: 0.416 spatial: 0.093 
(epoch: 60, iters: 3492, time: 0.486, data: 0.001) G_GAN_ViT: 0.555 D_real_ViT: 0.230 D_fake_ViT: 0.120 global: 0.382 spatial: 0.084 
(epoch: 60, iters: 3592, time: 0.486, data: 0.001) G_GAN_ViT: 0.392 D_real_ViT: 0.116 D_fake_ViT: 0.183 global: 0.396 spatial: 0.069 
(epoch: 60, iters: 3692, time: 0.486, data: 0.001) G_GAN_ViT: 0.465 D_real_ViT: 0.170 D_fake_ViT: 0.162 global: 0.520 spatial: 0.120 
(epoch: 60, iters: 3792, time: 0.486, data: 0.001) G_GAN_ViT: 0.237 D_real_ViT: 0.173 D_fake_ViT: 0.323 global: 0.378 spatial: 0.087 
(epoch: 60, iters: 3892, time: 0.486, data: 0.002) G_GAN_ViT: 0.342 D_real_ViT: 0.083 D_fake_ViT: 0.235 global: 0.485 spatial: 0.112 
saving the latest model (epoch 60, total_iters 335000)
ICL_single_monitor
(epoch: 60, iters: 3992, time: 0.486, data: 0.001) G_GAN_ViT: 0.311 D_real_ViT: 0.194 D_fake_ViT: 0.249 global: 0.430 spatial: 0.083 
(epoch: 60, iters: 4092, time: 0.485, data: 0.001) G_GAN_ViT: 0.305 D_real_ViT: 0.114 D_fake_ViT: 0.267 global: 0.526 spatial: 0.109 
(epoch: 60, iters: 4192, time: 0.485, data: 0.001) G_GAN_ViT: 0.359 D_real_ViT: 0.216 D_fake_ViT: 0.214 global: 0.485 spatial: 0.095 
(epoch: 60, iters: 4292, time: 0.485, data: 0.001) G_GAN_ViT: 0.412 D_real_ViT: 0.202 D_fake_ViT: 0.171 global: 0.518 spatial: 0.068 
(epoch: 60, iters: 4392, time: 0.485, data: 0.001) G_GAN_ViT: 0.457 D_real_ViT: 0.112 D_fake_ViT: 0.175 global: 0.493 spatial: 0.107 
(epoch: 60, iters: 4492, time: 0.485, data: 0.002) G_GAN_ViT: 0.356 D_real_ViT: 0.327 D_fake_ViT: 0.236 global: 0.501 spatial: 0.096 
(epoch: 60, iters: 4592, time: 0.485, data: 0.001) G_GAN_ViT: 0.482 D_real_ViT: 0.191 D_fake_ViT: 0.131 global: 0.438 spatial: 0.094 
(epoch: 60, iters: 4692, time: 0.485, data: 0.001) G_GAN_ViT: 0.533 D_real_ViT: 0.061 D_fake_ViT: 0.144 global: 0.418 spatial: 0.085 
(epoch: 60, iters: 4792, time: 0.485, data: 0.001) G_GAN_ViT: 0.519 D_real_ViT: 0.040 D_fake_ViT: 0.116 global: 0.342 spatial: 0.077 
(epoch: 60, iters: 4892, time: 0.486, data: 0.002) G_GAN_ViT: 0.363 D_real_ViT: 0.195 D_fake_ViT: 0.211 global: 0.429 spatial: 0.100 
(epoch: 60, iters: 4992, time: 0.486, data: 0.001) G_GAN_ViT: 0.291 D_real_ViT: 0.177 D_fake_ViT: 0.295 global: 0.415 spatial: 0.108 
(epoch: 60, iters: 5092, time: 0.486, data: 0.001) G_GAN_ViT: 0.499 D_real_ViT: 0.087 D_fake_ViT: 0.128 global: 0.402 spatial: 0.101 
(epoch: 60, iters: 5192, time: 0.486, data: 0.001) G_GAN_ViT: 0.442 D_real_ViT: 0.230 D_fake_ViT: 0.167 global: 0.495 spatial: 0.099 
(epoch: 60, iters: 5292, time: 0.486, data: 0.004) G_GAN_ViT: 0.435 D_real_ViT: 0.160 D_fake_ViT: 0.146 global: 0.333 spatial: 0.049 
(epoch: 60, iters: 5392, time: 0.486, data: 0.001) G_GAN_ViT: 0.629 D_real_ViT: 0.198 D_fake_ViT: 0.081 global: 0.372 spatial: 0.090 
(epoch: 60, iters: 5492, time: 0.486, data: 0.001) G_GAN_ViT: 0.374 D_real_ViT: 0.275 D_fake_ViT: 0.229 global: 0.470 spatial: 0.080 
(epoch: 60, iters: 5592, time: 0.486, data: 0.001) G_GAN_ViT: 0.570 D_real_ViT: 0.199 D_fake_ViT: 0.098 global: 0.438 spatial: 0.075 
saving the model at the end of epoch 60, iters 336720
End of epoch 60 / 100 	 Time Taken: 2734 sec
learning rate = 0.0000078
(epoch: 61, iters: 80, time: 0.486, data: 0.001) G_GAN_ViT: 0.424 D_real_ViT: 0.101 D_fake_ViT: 0.167 global: 0.419 spatial: 0.078 
(epoch: 61, iters: 180, time: 0.486, data: 0.001) G_GAN_ViT: 0.359 D_real_ViT: 0.212 D_fake_ViT: 0.205 global: 0.360 spatial: 0.092 
(epoch: 61, iters: 280, time: 0.486, data: 0.001) G_GAN_ViT: 0.338 D_real_ViT: 0.075 D_fake_ViT: 0.211 global: 0.375 spatial: 0.070 
(epoch: 61, iters: 380, time: 0.486, data: 0.001) G_GAN_ViT: 0.284 D_real_ViT: 0.277 D_fake_ViT: 0.287 global: 0.411 spatial: 0.083 
(epoch: 61, iters: 480, time: 0.486, data: 0.002) G_GAN_ViT: 0.508 D_real_ViT: 0.180 D_fake_ViT: 0.110 global: 0.244 spatial: 0.042 
(epoch: 61, iters: 580, time: 0.485, data: 0.001) G_GAN_ViT: 0.357 D_real_ViT: 0.289 D_fake_ViT: 0.206 global: 0.451 spatial: 0.098 
(epoch: 61, iters: 680, time: 0.485, data: 0.002) G_GAN_ViT: 0.366 D_real_ViT: 0.253 D_fake_ViT: 0.207 global: 0.363 spatial: 0.095 
(epoch: 61, iters: 780, time: 0.485, data: 0.001) G_GAN_ViT: 0.265 D_real_ViT: 0.438 D_fake_ViT: 0.295 global: 0.436 spatial: 0.088 
(epoch: 61, iters: 880, time: 0.486, data: 0.001) G_GAN_ViT: 0.455 D_real_ViT: 0.123 D_fake_ViT: 0.152 global: 0.519 spatial: 0.103 
(epoch: 61, iters: 980, time: 0.486, data: 0.001) G_GAN_ViT: 0.543 D_real_ViT: 0.128 D_fake_ViT: 0.136 global: 0.487 spatial: 0.115 
(epoch: 61, iters: 1080, time: 0.485, data: 0.001) G_GAN_ViT: 0.370 D_real_ViT: 0.490 D_fake_ViT: 0.198 global: 0.414 spatial: 0.098 
(epoch: 61, iters: 1180, time: 0.485, data: 0.001) G_GAN_ViT: 0.516 D_real_ViT: 0.074 D_fake_ViT: 0.117 global: 0.315 spatial: 0.059 
(epoch: 61, iters: 1280, time: 0.485, data: 0.001) G_GAN_ViT: 0.208 D_real_ViT: 0.191 D_fake_ViT: 0.354 global: 0.350 spatial: 0.088 
(epoch: 61, iters: 1380, time: 0.485, data: 0.001) G_GAN_ViT: 0.238 D_real_ViT: 0.252 D_fake_ViT: 0.346 global: 0.446 spatial: 0.108 
(epoch: 61, iters: 1480, time: 0.485, data: 0.001) G_GAN_ViT: 0.316 D_real_ViT: 0.051 D_fake_ViT: 0.271 global: 0.455 spatial: 0.111 
(epoch: 61, iters: 1580, time: 0.485, data: 0.001) G_GAN_ViT: 0.585 D_real_ViT: 0.244 D_fake_ViT: 0.098 global: 0.313 spatial: 0.054 
(epoch: 61, iters: 1680, time: 0.484, data: 0.001) G_GAN_ViT: 0.296 D_real_ViT: 0.139 D_fake_ViT: 0.269 global: 0.473 spatial: 0.095 
(epoch: 61, iters: 1780, time: 0.484, data: 0.001) G_GAN_ViT: 0.541 D_real_ViT: 0.218 D_fake_ViT: 0.097 global: 0.281 spatial: 0.049 
(epoch: 61, iters: 1880, time: 0.485, data: 0.001) G_GAN_ViT: 0.301 D_real_ViT: 0.381 D_fake_ViT: 0.256 global: 0.455 spatial: 0.074 
(epoch: 61, iters: 1980, time: 0.485, data: 0.001) G_GAN_ViT: 0.378 D_real_ViT: 0.308 D_fake_ViT: 0.193 global: 0.504 spatial: 0.081 
(epoch: 61, iters: 2080, time: 0.485, data: 0.001) G_GAN_ViT: 0.561 D_real_ViT: 0.230 D_fake_ViT: 0.101 global: 0.421 spatial: 0.092 
(epoch: 61, iters: 2180, time: 0.485, data: 0.001) G_GAN_ViT: 0.436 D_real_ViT: 0.375 D_fake_ViT: 0.156 global: 0.454 spatial: 0.108 
(epoch: 61, iters: 2280, time: 0.485, data: 0.001) G_GAN_ViT: 0.341 D_real_ViT: 0.227 D_fake_ViT: 0.211 global: 0.264 spatial: 0.048 
(epoch: 61, iters: 2380, time: 0.484, data: 0.001) G_GAN_ViT: 0.495 D_real_ViT: 0.137 D_fake_ViT: 0.134 global: 0.532 spatial: 0.097 
(epoch: 61, iters: 2480, time: 0.485, data: 0.001) G_GAN_ViT: 0.455 D_real_ViT: 0.111 D_fake_ViT: 0.156 global: 0.424 spatial: 0.077 
(epoch: 61, iters: 2580, time: 0.485, data: 0.001) G_GAN_ViT: 0.597 D_real_ViT: 0.227 D_fake_ViT: 0.085 global: 0.367 spatial: 0.065 
(epoch: 61, iters: 2680, time: 0.485, data: 0.001) G_GAN_ViT: 0.613 D_real_ViT: 0.264 D_fake_ViT: 0.073 global: 0.413 spatial: 0.086 
(epoch: 61, iters: 2780, time: 0.485, data: 0.001) G_GAN_ViT: 0.293 D_real_ViT: 0.159 D_fake_ViT: 0.268 global: 0.389 spatial: 0.067 
(epoch: 61, iters: 2880, time: 0.485, data: 0.001) G_GAN_ViT: 0.406 D_real_ViT: 0.155 D_fake_ViT: 0.176 global: 0.464 spatial: 0.105 
(epoch: 61, iters: 2980, time: 0.486, data: 0.001) G_GAN_ViT: 0.328 D_real_ViT: 0.189 D_fake_ViT: 0.238 global: 0.563 spatial: 0.101 
(epoch: 61, iters: 3080, time: 0.486, data: 0.001) G_GAN_ViT: 0.495 D_real_ViT: 0.182 D_fake_ViT: 0.139 global: 0.355 spatial: 0.093 
(epoch: 61, iters: 3180, time: 0.486, data: 0.001) G_GAN_ViT: 0.335 D_real_ViT: 0.248 D_fake_ViT: 0.229 global: 0.495 spatial: 0.102 
(epoch: 61, iters: 3280, time: 0.486, data: 0.001) G_GAN_ViT: 0.372 D_real_ViT: 0.157 D_fake_ViT: 0.213 global: 0.455 spatial: 0.100 
saving the latest model (epoch 61, total_iters 340000)
ICL_single_monitor
(epoch: 61, iters: 3380, time: 0.485, data: 0.001) G_GAN_ViT: 0.428 D_real_ViT: 0.244 D_fake_ViT: 0.170 global: 0.453 spatial: 0.106 
(epoch: 61, iters: 3480, time: 0.485, data: 0.001) G_GAN_ViT: 0.423 D_real_ViT: 0.225 D_fake_ViT: 0.175 global: 0.443 spatial: 0.090 
(epoch: 61, iters: 3580, time: 0.484, data: 0.001) G_GAN_ViT: 0.251 D_real_ViT: 0.043 D_fake_ViT: 0.317 global: 0.411 spatial: 0.081 
(epoch: 61, iters: 3680, time: 0.485, data: 0.001) G_GAN_ViT: 0.280 D_real_ViT: 0.151 D_fake_ViT: 0.311 global: 0.436 spatial: 0.085 
(epoch: 61, iters: 3780, time: 0.485, data: 0.001) G_GAN_ViT: 0.458 D_real_ViT: 0.236 D_fake_ViT: 0.145 global: 0.385 spatial: 0.095 
(epoch: 61, iters: 3880, time: 0.485, data: 0.001) G_GAN_ViT: 0.394 D_real_ViT: 0.079 D_fake_ViT: 0.186 global: 0.420 spatial: 0.084 
(epoch: 61, iters: 3980, time: 0.486, data: 0.001) G_GAN_ViT: 0.468 D_real_ViT: 0.314 D_fake_ViT: 0.127 global: 0.333 spatial: 0.068 
(epoch: 61, iters: 4080, time: 0.486, data: 0.001) G_GAN_ViT: 0.359 D_real_ViT: 0.090 D_fake_ViT: 0.211 global: 0.466 spatial: 0.077 
(epoch: 61, iters: 4180, time: 0.486, data: 0.001) G_GAN_ViT: 0.327 D_real_ViT: 0.438 D_fake_ViT: 0.233 global: 0.472 spatial: 0.095 
(epoch: 61, iters: 4280, time: 0.486, data: 0.001) G_GAN_ViT: 0.448 D_real_ViT: 0.259 D_fake_ViT: 0.161 global: 0.439 spatial: 0.114 
(epoch: 61, iters: 4380, time: 0.485, data: 0.001) G_GAN_ViT: 0.294 D_real_ViT: 0.220 D_fake_ViT: 0.271 global: 0.516 spatial: 0.059 
(epoch: 61, iters: 4480, time: 0.485, data: 0.001) G_GAN_ViT: 0.368 D_real_ViT: 0.229 D_fake_ViT: 0.188 global: 0.284 spatial: 0.064 
(epoch: 61, iters: 4580, time: 0.485, data: 0.001) G_GAN_ViT: 0.199 D_real_ViT: 0.174 D_fake_ViT: 0.382 global: 0.378 spatial: 0.100 
(epoch: 61, iters: 4680, time: 0.485, data: 0.001) G_GAN_ViT: 0.360 D_real_ViT: 0.102 D_fake_ViT: 0.221 global: 0.397 spatial: 0.078 
(epoch: 61, iters: 4780, time: 0.485, data: 0.001) G_GAN_ViT: 0.501 D_real_ViT: 0.147 D_fake_ViT: 0.119 global: 0.347 spatial: 0.075 
(epoch: 61, iters: 4880, time: 0.485, data: 0.001) G_GAN_ViT: 0.565 D_real_ViT: 0.319 D_fake_ViT: 0.094 global: 0.373 spatial: 0.069 
(epoch: 61, iters: 4980, time: 0.485, data: 0.001) G_GAN_ViT: 0.313 D_real_ViT: 0.330 D_fake_ViT: 0.248 global: 0.485 spatial: 0.090 
(epoch: 61, iters: 5080, time: 0.485, data: 0.002) G_GAN_ViT: 0.347 D_real_ViT: 0.032 D_fake_ViT: 0.239 global: 0.443 spatial: 0.111 
(epoch: 61, iters: 5180, time: 0.485, data: 0.001) G_GAN_ViT: 0.565 D_real_ViT: 0.124 D_fake_ViT: 0.099 global: 0.434 spatial: 0.091 
(epoch: 61, iters: 5280, time: 0.485, data: 0.001) G_GAN_ViT: 0.339 D_real_ViT: 0.197 D_fake_ViT: 0.225 global: 0.463 spatial: 0.086 
(epoch: 61, iters: 5380, time: 0.485, data: 0.001) G_GAN_ViT: 0.331 D_real_ViT: 0.184 D_fake_ViT: 0.245 global: 0.452 spatial: 0.108 
(epoch: 61, iters: 5480, time: 0.485, data: 0.003) G_GAN_ViT: 0.574 D_real_ViT: 0.317 D_fake_ViT: 0.091 global: 0.363 spatial: 0.086 
(epoch: 61, iters: 5580, time: 0.485, data: 0.001) G_GAN_ViT: 0.365 D_real_ViT: 0.251 D_fake_ViT: 0.204 global: 0.438 spatial: 0.065 
End of epoch 61 / 100 	 Time Taken: 2731 sec
learning rate = 0.0000076
(epoch: 62, iters: 68, time: 0.485, data: 0.001) G_GAN_ViT: 0.384 D_real_ViT: 0.314 D_fake_ViT: 0.200 global: 0.473 spatial: 0.080 
(epoch: 62, iters: 168, time: 0.485, data: 0.001) G_GAN_ViT: 0.599 D_real_ViT: 0.338 D_fake_ViT: 0.090 global: 0.378 spatial: 0.064 
(epoch: 62, iters: 268, time: 0.485, data: 0.001) G_GAN_ViT: 0.200 D_real_ViT: 0.259 D_fake_ViT: 0.376 global: 0.403 spatial: 0.099 
(epoch: 62, iters: 368, time: 0.485, data: 0.001) G_GAN_ViT: 0.429 D_real_ViT: 0.322 D_fake_ViT: 0.151 global: 0.370 spatial: 0.055 
(epoch: 62, iters: 468, time: 0.485, data: 0.001) G_GAN_ViT: 0.359 D_real_ViT: 0.386 D_fake_ViT: 0.205 global: 0.430 spatial: 0.078 
(epoch: 62, iters: 568, time: 0.485, data: 0.001) G_GAN_ViT: 0.228 D_real_ViT: 0.090 D_fake_ViT: 0.362 global: 0.423 spatial: 0.094 
(epoch: 62, iters: 668, time: 0.485, data: 0.001) G_GAN_ViT: 0.497 D_real_ViT: 0.282 D_fake_ViT: 0.135 global: 0.348 spatial: 0.074 
(epoch: 62, iters: 768, time: 0.485, data: 0.001) G_GAN_ViT: 0.363 D_real_ViT: 0.284 D_fake_ViT: 0.209 global: 0.379 spatial: 0.092 
(epoch: 62, iters: 868, time: 0.485, data: 0.002) G_GAN_ViT: 0.296 D_real_ViT: 0.081 D_fake_ViT: 0.284 global: 0.482 spatial: 0.102 
(epoch: 62, iters: 968, time: 0.485, data: 0.001) G_GAN_ViT: 0.516 D_real_ViT: 0.232 D_fake_ViT: 0.105 global: 0.285 spatial: 0.046 
(epoch: 62, iters: 1068, time: 0.485, data: 0.001) G_GAN_ViT: 0.551 D_real_ViT: 0.279 D_fake_ViT: 0.096 global: 0.366 spatial: 0.062 
(epoch: 62, iters: 1168, time: 0.485, data: 0.001) G_GAN_ViT: 0.352 D_real_ViT: 0.110 D_fake_ViT: 0.211 global: 0.448 spatial: 0.108 
(epoch: 62, iters: 1268, time: 0.485, data: 0.002) G_GAN_ViT: 0.414 D_real_ViT: 0.103 D_fake_ViT: 0.175 global: 0.461 spatial: 0.106 
(epoch: 62, iters: 1368, time: 0.485, data: 0.001) G_GAN_ViT: 0.463 D_real_ViT: 0.113 D_fake_ViT: 0.154 global: 0.454 spatial: 0.114 
(epoch: 62, iters: 1468, time: 0.485, data: 0.001) G_GAN_ViT: 0.320 D_real_ViT: 0.238 D_fake_ViT: 0.227 global: 0.315 spatial: 0.068 
(epoch: 62, iters: 1568, time: 0.485, data: 0.001) G_GAN_ViT: 0.324 D_real_ViT: 0.226 D_fake_ViT: 0.244 global: 0.518 spatial: 0.103 
(epoch: 62, iters: 1668, time: 0.485, data: 0.001) G_GAN_ViT: 0.414 D_real_ViT: 0.303 D_fake_ViT: 0.166 global: 0.358 spatial: 0.061 
(epoch: 62, iters: 1768, time: 0.485, data: 0.001) G_GAN_ViT: 0.567 D_real_ViT: 0.315 D_fake_ViT: 0.095 global: 0.331 spatial: 0.066 
(epoch: 62, iters: 1868, time: 0.485, data: 0.001) G_GAN_ViT: 0.631 D_real_ViT: 0.188 D_fake_ViT: 0.066 global: 0.394 spatial: 0.082 
(epoch: 62, iters: 1968, time: 0.485, data: 0.001) G_GAN_ViT: 0.425 D_real_ViT: 0.038 D_fake_ViT: 0.150 global: 0.229 spatial: 0.044 
(epoch: 62, iters: 2068, time: 0.485, data: 0.001) G_GAN_ViT: 0.462 D_real_ViT: 0.171 D_fake_ViT: 0.151 global: 0.472 spatial: 0.085 
(epoch: 62, iters: 2168, time: 0.485, data: 0.001) G_GAN_ViT: 0.270 D_real_ViT: 0.303 D_fake_ViT: 0.293 global: 0.472 spatial: 0.092 
(epoch: 62, iters: 2268, time: 0.485, data: 0.001) G_GAN_ViT: 0.702 D_real_ViT: 0.179 D_fake_ViT: 0.083 global: 0.458 spatial: 0.102 
(epoch: 62, iters: 2368, time: 0.486, data: 0.001) G_GAN_ViT: 0.557 D_real_ViT: 0.219 D_fake_ViT: 0.097 global: 0.360 spatial: 0.059 
(epoch: 62, iters: 2468, time: 0.485, data: 0.001) G_GAN_ViT: 0.482 D_real_ViT: 0.121 D_fake_ViT: 0.169 global: 0.534 spatial: 0.123 
(epoch: 62, iters: 2568, time: 0.486, data: 0.001) G_GAN_ViT: 0.621 D_real_ViT: 0.066 D_fake_ViT: 0.086 global: 0.447 spatial: 0.076 
(epoch: 62, iters: 2668, time: 0.486, data: 0.001) G_GAN_ViT: 0.367 D_real_ViT: 0.099 D_fake_ViT: 0.205 global: 0.423 spatial: 0.084 
saving the latest model (epoch 62, total_iters 345000)
ICL_single_monitor
(epoch: 62, iters: 2768, time: 0.486, data: 0.001) G_GAN_ViT: 0.409 D_real_ViT: 0.213 D_fake_ViT: 0.177 global: 0.463 spatial: 0.091 
(epoch: 62, iters: 2868, time: 0.486, data: 0.001) G_GAN_ViT: 0.447 D_real_ViT: 0.192 D_fake_ViT: 0.148 global: 0.367 spatial: 0.076 
(epoch: 62, iters: 2968, time: 0.485, data: 0.001) G_GAN_ViT: 0.363 D_real_ViT: 0.214 D_fake_ViT: 0.215 global: 0.487 spatial: 0.082 
(epoch: 62, iters: 3068, time: 0.485, data: 0.001) G_GAN_ViT: 0.302 D_real_ViT: 0.217 D_fake_ViT: 0.258 global: 0.470 spatial: 0.104 
(epoch: 62, iters: 3168, time: 0.485, data: 0.001) G_GAN_ViT: 0.422 D_real_ViT: 0.042 D_fake_ViT: 0.170 global: 0.438 spatial: 0.090 
(epoch: 62, iters: 3268, time: 0.485, data: 0.001) G_GAN_ViT: 0.447 D_real_ViT: 0.168 D_fake_ViT: 0.173 global: 0.409 spatial: 0.106 
(epoch: 62, iters: 3368, time: 0.485, data: 0.001) G_GAN_ViT: 0.386 D_real_ViT: 0.262 D_fake_ViT: 0.203 global: 0.467 spatial: 0.107 
(epoch: 62, iters: 3468, time: 0.486, data: 0.001) G_GAN_ViT: 0.446 D_real_ViT: 0.059 D_fake_ViT: 0.156 global: 0.345 spatial: 0.071 
(epoch: 62, iters: 3568, time: 0.486, data: 0.001) G_GAN_ViT: 0.596 D_real_ViT: 0.177 D_fake_ViT: 0.076 global: 0.321 spatial: 0.056 
(epoch: 62, iters: 3668, time: 0.486, data: 0.002) G_GAN_ViT: 0.644 D_real_ViT: 0.418 D_fake_ViT: 0.082 global: 0.439 spatial: 0.089 
(epoch: 62, iters: 3768, time: 0.486, data: 0.002) G_GAN_ViT: 0.308 D_real_ViT: 0.113 D_fake_ViT: 0.253 global: 0.437 spatial: 0.090 
(epoch: 62, iters: 3868, time: 0.486, data: 0.001) G_GAN_ViT: 0.431 D_real_ViT: 0.039 D_fake_ViT: 0.186 global: 0.459 spatial: 0.123 
(epoch: 62, iters: 3968, time: 0.486, data: 0.001) G_GAN_ViT: 0.317 D_real_ViT: 0.205 D_fake_ViT: 0.258 global: 0.432 spatial: 0.088 
(epoch: 62, iters: 4068, time: 0.486, data: 0.001) G_GAN_ViT: 0.448 D_real_ViT: 0.194 D_fake_ViT: 0.155 global: 0.460 spatial: 0.086 
(epoch: 62, iters: 4168, time: 0.485, data: 0.001) G_GAN_ViT: 0.369 D_real_ViT: 0.053 D_fake_ViT: 0.227 global: 0.453 spatial: 0.115 
(epoch: 62, iters: 4268, time: 0.486, data: 0.001) G_GAN_ViT: 0.543 D_real_ViT: 0.250 D_fake_ViT: 0.110 global: 0.342 spatial: 0.084 
(epoch: 62, iters: 4368, time: 0.485, data: 0.001) G_GAN_ViT: 0.392 D_real_ViT: 0.220 D_fake_ViT: 0.195 global: 0.469 spatial: 0.085 
(epoch: 62, iters: 4468, time: 0.485, data: 0.001) G_GAN_ViT: 0.429 D_real_ViT: 0.174 D_fake_ViT: 0.153 global: 0.313 spatial: 0.066 
(epoch: 62, iters: 4568, time: 0.486, data: 0.001) G_GAN_ViT: 0.459 D_real_ViT: 0.225 D_fake_ViT: 0.146 global: 0.397 spatial: 0.096 
(epoch: 62, iters: 4668, time: 0.485, data: 0.001) G_GAN_ViT: 0.368 D_real_ViT: 0.273 D_fake_ViT: 0.200 global: 0.378 spatial: 0.061 
(epoch: 62, iters: 4768, time: 0.485, data: 0.001) G_GAN_ViT: 0.408 D_real_ViT: 0.320 D_fake_ViT: 0.182 global: 0.383 spatial: 0.098 
(epoch: 62, iters: 4868, time: 0.486, data: 0.001) G_GAN_ViT: 0.378 D_real_ViT: 0.187 D_fake_ViT: 0.222 global: 0.449 spatial: 0.123 
(epoch: 62, iters: 4968, time: 0.485, data: 0.001) G_GAN_ViT: 0.291 D_real_ViT: 0.361 D_fake_ViT: 0.274 global: 0.483 spatial: 0.088 
(epoch: 62, iters: 5068, time: 0.486, data: 0.001) G_GAN_ViT: 0.570 D_real_ViT: 0.117 D_fake_ViT: 0.095 global: 0.467 spatial: 0.080 
(epoch: 62, iters: 5168, time: 0.485, data: 0.001) G_GAN_ViT: 0.407 D_real_ViT: 0.185 D_fake_ViT: 0.172 global: 0.540 spatial: 0.072 
(epoch: 62, iters: 5268, time: 0.485, data: 0.002) G_GAN_ViT: 0.470 D_real_ViT: 0.326 D_fake_ViT: 0.149 global: 0.463 spatial: 0.100 
(epoch: 62, iters: 5368, time: 0.485, data: 0.002) G_GAN_ViT: 0.412 D_real_ViT: 0.233 D_fake_ViT: 0.174 global: 0.398 spatial: 0.083 
(epoch: 62, iters: 5468, time: 0.485, data: 0.001) G_GAN_ViT: 0.510 D_real_ViT: 0.610 D_fake_ViT: 0.125 global: 0.470 spatial: 0.093 
(epoch: 62, iters: 5568, time: 0.485, data: 0.001) G_GAN_ViT: 0.621 D_real_ViT: 0.223 D_fake_ViT: 0.096 global: 0.406 spatial: 0.090 
End of epoch 62 / 100 	 Time Taken: 2732 sec
learning rate = 0.0000075
(epoch: 63, iters: 56, time: 0.485, data: 0.001) G_GAN_ViT: 0.375 D_real_ViT: 0.099 D_fake_ViT: 0.198 global: 0.465 spatial: 0.109 
(epoch: 63, iters: 156, time: 0.485, data: 0.001) G_GAN_ViT: 0.392 D_real_ViT: 0.252 D_fake_ViT: 0.186 global: 0.366 spatial: 0.053 
(epoch: 63, iters: 256, time: 0.485, data: 0.001) G_GAN_ViT: 0.311 D_real_ViT: 0.480 D_fake_ViT: 0.247 global: 0.390 spatial: 0.095 
(epoch: 63, iters: 356, time: 0.486, data: 0.001) G_GAN_ViT: 0.585 D_real_ViT: 0.051 D_fake_ViT: 0.083 global: 0.309 spatial: 0.055 
(epoch: 63, iters: 456, time: 0.486, data: 0.001) G_GAN_ViT: 0.656 D_real_ViT: 0.396 D_fake_ViT: 0.073 global: 0.403 spatial: 0.088 
(epoch: 63, iters: 556, time: 0.485, data: 0.001) G_GAN_ViT: 0.367 D_real_ViT: 0.136 D_fake_ViT: 0.203 global: 0.445 spatial: 0.103 
(epoch: 63, iters: 656, time: 0.485, data: 0.001) G_GAN_ViT: 0.396 D_real_ViT: 0.401 D_fake_ViT: 0.180 global: 0.393 spatial: 0.103 
(epoch: 63, iters: 756, time: 0.486, data: 0.001) G_GAN_ViT: 0.552 D_real_ViT: 0.167 D_fake_ViT: 0.115 global: 0.419 spatial: 0.108 
(epoch: 63, iters: 856, time: 0.486, data: 0.001) G_GAN_ViT: 0.277 D_real_ViT: 0.049 D_fake_ViT: 0.280 global: 0.417 spatial: 0.091 
(epoch: 63, iters: 956, time: 0.486, data: 0.001) G_GAN_ViT: 0.529 D_real_ViT: 0.171 D_fake_ViT: 0.110 global: 0.395 spatial: 0.062 
(epoch: 63, iters: 1056, time: 0.486, data: 0.002) G_GAN_ViT: 0.298 D_real_ViT: 0.320 D_fake_ViT: 0.283 global: 0.404 spatial: 0.085 
(epoch: 63, iters: 1156, time: 0.485, data: 0.001) G_GAN_ViT: 0.518 D_real_ViT: 0.152 D_fake_ViT: 0.125 global: 0.447 spatial: 0.113 
(epoch: 63, iters: 1256, time: 0.485, data: 0.001) G_GAN_ViT: 0.318 D_real_ViT: 0.274 D_fake_ViT: 0.236 global: 0.440 spatial: 0.098 
(epoch: 63, iters: 1356, time: 0.485, data: 0.001) G_GAN_ViT: 0.309 D_real_ViT: 0.342 D_fake_ViT: 0.247 global: 0.390 spatial: 0.100 
(epoch: 63, iters: 1456, time: 0.485, data: 0.001) G_GAN_ViT: 0.505 D_real_ViT: 0.073 D_fake_ViT: 0.128 global: 0.363 spatial: 0.064 
(epoch: 63, iters: 1556, time: 0.485, data: 0.001) G_GAN_ViT: 0.345 D_real_ViT: 0.106 D_fake_ViT: 0.235 global: 0.437 spatial: 0.100 
(epoch: 63, iters: 1656, time: 0.485, data: 0.001) G_GAN_ViT: 0.572 D_real_ViT: 0.118 D_fake_ViT: 0.087 global: 0.319 spatial: 0.077 
(epoch: 63, iters: 1756, time: 0.485, data: 0.001) G_GAN_ViT: 0.303 D_real_ViT: 0.261 D_fake_ViT: 0.277 global: 0.462 spatial: 0.094 
(epoch: 63, iters: 1856, time: 0.485, data: 0.002) G_GAN_ViT: 0.430 D_real_ViT: 0.057 D_fake_ViT: 0.152 global: 0.492 spatial: 0.073 
(epoch: 63, iters: 1956, time: 0.485, data: 0.001) G_GAN_ViT: 0.270 D_real_ViT: 0.348 D_fake_ViT: 0.313 global: 0.468 spatial: 0.096 
(epoch: 63, iters: 2056, time: 0.485, data: 0.002) G_GAN_ViT: 0.522 D_real_ViT: 0.051 D_fake_ViT: 0.152 global: 0.396 spatial: 0.105 
saving the latest model (epoch 63, total_iters 350000)
ICL_single_monitor
(epoch: 63, iters: 2156, time: 0.485, data: 0.001) G_GAN_ViT: 0.352 D_real_ViT: 0.211 D_fake_ViT: 0.239 global: 0.452 spatial: 0.114 
(epoch: 63, iters: 2256, time: 0.485, data: 0.001) G_GAN_ViT: 0.495 D_real_ViT: 0.224 D_fake_ViT: 0.128 global: 0.421 spatial: 0.085 
(epoch: 63, iters: 2356, time: 0.484, data: 0.001) G_GAN_ViT: 0.369 D_real_ViT: 0.125 D_fake_ViT: 0.208 global: 0.385 spatial: 0.099 
(epoch: 63, iters: 2456, time: 0.484, data: 0.001) G_GAN_ViT: 0.343 D_real_ViT: 0.171 D_fake_ViT: 0.223 global: 0.463 spatial: 0.100 
(epoch: 63, iters: 2556, time: 0.485, data: 0.001) G_GAN_ViT: 0.453 D_real_ViT: 0.249 D_fake_ViT: 0.169 global: 0.349 spatial: 0.082 
(epoch: 63, iters: 2656, time: 0.485, data: 0.001) G_GAN_ViT: 0.542 D_real_ViT: 0.101 D_fake_ViT: 0.099 global: 0.289 spatial: 0.047 
(epoch: 63, iters: 2756, time: 0.485, data: 0.001) G_GAN_ViT: 0.424 D_real_ViT: 0.095 D_fake_ViT: 0.184 global: 0.452 spatial: 0.122 
(epoch: 63, iters: 2856, time: 0.485, data: 0.001) G_GAN_ViT: 0.468 D_real_ViT: 0.122 D_fake_ViT: 0.152 global: 0.423 spatial: 0.102 
(epoch: 63, iters: 2956, time: 0.485, data: 0.001) G_GAN_ViT: 0.438 D_real_ViT: 0.218 D_fake_ViT: 0.146 global: 0.237 spatial: 0.046 
(epoch: 63, iters: 3056, time: 0.485, data: 0.002) G_GAN_ViT: 0.341 D_real_ViT: 0.103 D_fake_ViT: 0.237 global: 0.451 spatial: 0.094 
(epoch: 63, iters: 3156, time: 0.485, data: 0.002) G_GAN_ViT: 0.502 D_real_ViT: 0.208 D_fake_ViT: 0.138 global: 0.541 spatial: 0.096 
(epoch: 63, iters: 3256, time: 0.484, data: 0.001) G_GAN_ViT: 0.331 D_real_ViT: 0.185 D_fake_ViT: 0.221 global: 0.377 spatial: 0.064 
(epoch: 63, iters: 3356, time: 0.484, data: 0.001) G_GAN_ViT: 0.362 D_real_ViT: 0.160 D_fake_ViT: 0.200 global: 0.374 spatial: 0.090 
(epoch: 63, iters: 3456, time: 0.485, data: 0.001) G_GAN_ViT: 0.263 D_real_ViT: 0.374 D_fake_ViT: 0.288 global: 0.390 spatial: 0.096 
(epoch: 63, iters: 3556, time: 0.485, data: 0.001) G_GAN_ViT: 0.310 D_real_ViT: 0.127 D_fake_ViT: 0.245 global: 0.402 spatial: 0.081 
(epoch: 63, iters: 3656, time: 0.485, data: 0.001) G_GAN_ViT: 0.618 D_real_ViT: 0.245 D_fake_ViT: 0.072 global: 0.422 spatial: 0.078 
(epoch: 63, iters: 3756, time: 0.485, data: 0.001) G_GAN_ViT: 0.478 D_real_ViT: 0.210 D_fake_ViT: 0.170 global: 0.503 spatial: 0.112 
(epoch: 63, iters: 3856, time: 0.484, data: 0.001) G_GAN_ViT: 0.503 D_real_ViT: 0.259 D_fake_ViT: 0.141 global: 0.431 spatial: 0.118 
(epoch: 63, iters: 3956, time: 0.484, data: 0.001) G_GAN_ViT: 0.397 D_real_ViT: 0.248 D_fake_ViT: 0.180 global: 0.362 spatial: 0.086 
(epoch: 63, iters: 4056, time: 0.485, data: 0.001) G_GAN_ViT: 0.294 D_real_ViT: 0.473 D_fake_ViT: 0.249 global: 0.385 spatial: 0.072 
(epoch: 63, iters: 4156, time: 0.484, data: 0.001) G_GAN_ViT: 0.297 D_real_ViT: 0.032 D_fake_ViT: 0.255 global: 0.349 spatial: 0.070 
(epoch: 63, iters: 4256, time: 0.484, data: 0.001) G_GAN_ViT: 0.363 D_real_ViT: 0.265 D_fake_ViT: 0.210 global: 0.456 spatial: 0.114 
(epoch: 63, iters: 4356, time: 0.485, data: 0.001) G_GAN_ViT: 0.380 D_real_ViT: 0.390 D_fake_ViT: 0.193 global: 0.528 spatial: 0.070 
(epoch: 63, iters: 4456, time: 0.484, data: 0.001) G_GAN_ViT: 0.400 D_real_ViT: 0.304 D_fake_ViT: 0.185 global: 0.355 spatial: 0.060 
(epoch: 63, iters: 4556, time: 0.484, data: 0.002) G_GAN_ViT: 0.426 D_real_ViT: 0.227 D_fake_ViT: 0.172 global: 0.327 spatial: 0.089 
(epoch: 63, iters: 4656, time: 0.484, data: 0.001) G_GAN_ViT: 0.516 D_real_ViT: 0.321 D_fake_ViT: 0.148 global: 0.501 spatial: 0.118 
(epoch: 63, iters: 4756, time: 0.484, data: 0.001) G_GAN_ViT: 0.422 D_real_ViT: 0.175 D_fake_ViT: 0.161 global: 0.372 spatial: 0.076 
(epoch: 63, iters: 4856, time: 0.484, data: 0.001) G_GAN_ViT: 0.634 D_real_ViT: 0.117 D_fake_ViT: 0.100 global: 0.408 spatial: 0.091 
(epoch: 63, iters: 4956, time: 0.485, data: 0.001) G_GAN_ViT: 0.353 D_real_ViT: 0.106 D_fake_ViT: 0.217 global: 0.498 spatial: 0.100 
(epoch: 63, iters: 5056, time: 0.485, data: 0.001) G_GAN_ViT: 0.412 D_real_ViT: 0.225 D_fake_ViT: 0.197 global: 0.438 spatial: 0.119 
(epoch: 63, iters: 5156, time: 0.485, data: 0.001) G_GAN_ViT: 0.491 D_real_ViT: 0.363 D_fake_ViT: 0.141 global: 0.489 spatial: 0.081 
(epoch: 63, iters: 5256, time: 0.485, data: 0.001) G_GAN_ViT: 0.532 D_real_ViT: 0.174 D_fake_ViT: 0.105 global: 0.369 spatial: 0.090 
(epoch: 63, iters: 5356, time: 0.485, data: 0.001) G_GAN_ViT: 0.543 D_real_ViT: 0.167 D_fake_ViT: 0.119 global: 0.356 spatial: 0.076 
(epoch: 63, iters: 5456, time: 0.484, data: 0.001) G_GAN_ViT: 0.449 D_real_ViT: 0.099 D_fake_ViT: 0.167 global: 0.410 spatial: 0.092 
(epoch: 63, iters: 5556, time: 0.484, data: 0.001) G_GAN_ViT: 0.363 D_real_ViT: 0.159 D_fake_ViT: 0.200 global: 0.443 spatial: 0.068 
End of epoch 63 / 100 	 Time Taken: 2729 sec
learning rate = 0.0000073
(epoch: 64, iters: 44, time: 0.484, data: 0.001) G_GAN_ViT: 0.375 D_real_ViT: 0.186 D_fake_ViT: 0.195 global: 0.410 spatial: 0.092 
(epoch: 64, iters: 144, time: 0.484, data: 0.001) G_GAN_ViT: 0.376 D_real_ViT: 0.261 D_fake_ViT: 0.195 global: 0.445 spatial: 0.091 
(epoch: 64, iters: 244, time: 0.485, data: 0.001) G_GAN_ViT: 0.332 D_real_ViT: 0.477 D_fake_ViT: 0.226 global: 0.421 spatial: 0.102 
(epoch: 64, iters: 344, time: 0.485, data: 0.001) G_GAN_ViT: 0.413 D_real_ViT: 0.077 D_fake_ViT: 0.167 global: 0.410 spatial: 0.091 
(epoch: 64, iters: 444, time: 0.485, data: 0.001) G_GAN_ViT: 0.403 D_real_ViT: 0.169 D_fake_ViT: 0.170 global: 0.319 spatial: 0.051 
(epoch: 64, iters: 544, time: 0.484, data: 0.001) G_GAN_ViT: 0.270 D_real_ViT: 0.386 D_fake_ViT: 0.278 global: 0.365 spatial: 0.089 
(epoch: 64, iters: 644, time: 0.484, data: 0.001) G_GAN_ViT: 0.338 D_real_ViT: 0.353 D_fake_ViT: 0.220 global: 0.353 spatial: 0.065 
(epoch: 64, iters: 744, time: 0.484, data: 0.001) G_GAN_ViT: 0.362 D_real_ViT: 0.278 D_fake_ViT: 0.197 global: 0.399 spatial: 0.063 
(epoch: 64, iters: 844, time: 0.484, data: 0.001) G_GAN_ViT: 0.455 D_real_ViT: 0.237 D_fake_ViT: 0.153 global: 0.429 spatial: 0.088 
(epoch: 64, iters: 944, time: 0.485, data: 0.002) G_GAN_ViT: 0.507 D_real_ViT: 0.067 D_fake_ViT: 0.124 global: 0.364 spatial: 0.094 
(epoch: 64, iters: 1044, time: 0.484, data: 0.001) G_GAN_ViT: 0.291 D_real_ViT: 0.210 D_fake_ViT: 0.257 global: 0.391 spatial: 0.097 
(epoch: 64, iters: 1144, time: 0.484, data: 0.001) G_GAN_ViT: 0.330 D_real_ViT: 0.207 D_fake_ViT: 0.238 global: 0.394 spatial: 0.094 
(epoch: 64, iters: 1244, time: 0.484, data: 0.001) G_GAN_ViT: 0.425 D_real_ViT: 0.087 D_fake_ViT: 0.168 global: 0.452 spatial: 0.093 
(epoch: 64, iters: 1344, time: 0.484, data: 0.002) G_GAN_ViT: 0.417 D_real_ViT: 0.569 D_fake_ViT: 0.179 global: 0.431 spatial: 0.115 
(epoch: 64, iters: 1444, time: 0.484, data: 0.001) G_GAN_ViT: 0.497 D_real_ViT: 0.080 D_fake_ViT: 0.118 global: 0.327 spatial: 0.078 
saving the latest model (epoch 64, total_iters 355000)
ICL_single_monitor
(epoch: 64, iters: 1544, time: 0.484, data: 0.001) G_GAN_ViT: 0.550 D_real_ViT: 0.245 D_fake_ViT: 0.100 global: 0.330 spatial: 0.074 
(epoch: 64, iters: 1644, time: 0.484, data: 0.002) G_GAN_ViT: 0.566 D_real_ViT: 0.117 D_fake_ViT: 0.091 global: 0.326 spatial: 0.066 
(epoch: 64, iters: 1744, time: 0.483, data: 0.002) G_GAN_ViT: 0.484 D_real_ViT: 0.405 D_fake_ViT: 0.121 global: 0.369 spatial: 0.057 
(epoch: 64, iters: 1844, time: 0.483, data: 0.001) G_GAN_ViT: 0.380 D_real_ViT: 0.063 D_fake_ViT: 0.233 global: 0.396 spatial: 0.103 
(epoch: 64, iters: 1944, time: 0.483, data: 0.001) G_GAN_ViT: 0.303 D_real_ViT: 0.181 D_fake_ViT: 0.249 global: 0.323 spatial: 0.063 
(epoch: 64, iters: 2044, time: 0.484, data: 0.001) G_GAN_ViT: 0.323 D_real_ViT: 0.246 D_fake_ViT: 0.262 global: 0.473 spatial: 0.108 
(epoch: 64, iters: 2144, time: 0.484, data: 0.001) G_GAN_ViT: 0.524 D_real_ViT: 0.060 D_fake_ViT: 0.103 global: 0.274 spatial: 0.051 
(epoch: 64, iters: 2244, time: 0.484, data: 0.001) G_GAN_ViT: 0.344 D_real_ViT: 0.438 D_fake_ViT: 0.216 global: 0.396 spatial: 0.101 
(epoch: 64, iters: 2344, time: 0.483, data: 0.001) G_GAN_ViT: 0.583 D_real_ViT: 0.275 D_fake_ViT: 0.084 global: 0.365 spatial: 0.060 
(epoch: 64, iters: 2444, time: 0.484, data: 0.001) G_GAN_ViT: 0.380 D_real_ViT: 0.169 D_fake_ViT: 0.217 global: 0.403 spatial: 0.108 
(epoch: 64, iters: 2544, time: 0.484, data: 0.002) G_GAN_ViT: 0.510 D_real_ViT: 0.170 D_fake_ViT: 0.106 global: 0.275 spatial: 0.044 
(epoch: 64, iters: 2644, time: 0.485, data: 0.001) G_GAN_ViT: 0.284 D_real_ViT: 0.208 D_fake_ViT: 0.266 global: 0.274 spatial: 0.064 
(epoch: 64, iters: 2744, time: 0.484, data: 0.001) G_GAN_ViT: 0.322 D_real_ViT: 0.156 D_fake_ViT: 0.247 global: 0.403 spatial: 0.099 
(epoch: 64, iters: 2844, time: 0.484, data: 0.001) G_GAN_ViT: 0.356 D_real_ViT: 0.202 D_fake_ViT: 0.212 global: 0.440 spatial: 0.087 
(epoch: 64, iters: 2944, time: 0.484, data: 0.002) G_GAN_ViT: 0.316 D_real_ViT: 0.124 D_fake_ViT: 0.249 global: 0.502 spatial: 0.109 
(epoch: 64, iters: 3044, time: 0.484, data: 0.001) G_GAN_ViT: 0.290 D_real_ViT: 0.256 D_fake_ViT: 0.256 global: 0.327 spatial: 0.074 
(epoch: 64, iters: 3144, time: 0.484, data: 0.001) G_GAN_ViT: 0.298 D_real_ViT: 0.311 D_fake_ViT: 0.267 global: 0.446 spatial: 0.092 
(epoch: 64, iters: 3244, time: 0.484, data: 0.002) G_GAN_ViT: 0.326 D_real_ViT: 0.225 D_fake_ViT: 0.241 global: 0.408 spatial: 0.092 
(epoch: 64, iters: 3344, time: 0.484, data: 0.001) G_GAN_ViT: 0.341 D_real_ViT: 0.157 D_fake_ViT: 0.225 global: 0.498 spatial: 0.104 
(epoch: 64, iters: 3444, time: 0.484, data: 0.002) G_GAN_ViT: 0.360 D_real_ViT: 0.144 D_fake_ViT: 0.196 global: 0.384 spatial: 0.097 
(epoch: 64, iters: 3544, time: 0.484, data: 0.001) G_GAN_ViT: 0.337 D_real_ViT: 0.363 D_fake_ViT: 0.216 global: 0.347 spatial: 0.060 
(epoch: 64, iters: 3644, time: 0.484, data: 0.001) G_GAN_ViT: 0.319 D_real_ViT: 0.248 D_fake_ViT: 0.232 global: 0.391 spatial: 0.073 
(epoch: 64, iters: 3744, time: 0.484, data: 0.001) G_GAN_ViT: 0.364 D_real_ViT: 0.136 D_fake_ViT: 0.226 global: 0.405 spatial: 0.123 
(epoch: 64, iters: 3844, time: 0.484, data: 0.002) G_GAN_ViT: 0.515 D_real_ViT: 0.081 D_fake_ViT: 0.106 global: 0.273 spatial: 0.057 
(epoch: 64, iters: 3944, time: 0.485, data: 0.001) G_GAN_ViT: 0.462 D_real_ViT: 0.391 D_fake_ViT: 0.143 global: 0.491 spatial: 0.096 
(epoch: 64, iters: 4044, time: 0.484, data: 0.001) G_GAN_ViT: 0.431 D_real_ViT: 0.341 D_fake_ViT: 0.163 global: 0.500 spatial: 0.084 
(epoch: 64, iters: 4144, time: 0.484, data: 0.001) G_GAN_ViT: 0.377 D_real_ViT: 0.097 D_fake_ViT: 0.198 global: 0.442 spatial: 0.102 
(epoch: 64, iters: 4244, time: 0.484, data: 0.001) G_GAN_ViT: 0.311 D_real_ViT: 0.657 D_fake_ViT: 0.246 global: 0.450 spatial: 0.091 
(epoch: 64, iters: 4344, time: 0.484, data: 0.001) G_GAN_ViT: 0.383 D_real_ViT: 0.183 D_fake_ViT: 0.219 global: 0.399 spatial: 0.087 
(epoch: 64, iters: 4444, time: 0.484, data: 0.001) G_GAN_ViT: 0.218 D_real_ViT: 0.211 D_fake_ViT: 0.346 global: 0.421 spatial: 0.097 
(epoch: 64, iters: 4544, time: 0.484, data: 0.001) G_GAN_ViT: 0.371 D_real_ViT: 0.150 D_fake_ViT: 0.196 global: 0.463 spatial: 0.078 
(epoch: 64, iters: 4644, time: 0.484, data: 0.001) G_GAN_ViT: 0.319 D_real_ViT: 0.285 D_fake_ViT: 0.242 global: 0.374 spatial: 0.093 
(epoch: 64, iters: 4744, time: 0.484, data: 0.001) G_GAN_ViT: 0.373 D_real_ViT: 0.043 D_fake_ViT: 0.199 global: 0.358 spatial: 0.092 
(epoch: 64, iters: 4844, time: 0.484, data: 0.001) G_GAN_ViT: 0.418 D_real_ViT: 0.223 D_fake_ViT: 0.168 global: 0.359 spatial: 0.094 
(epoch: 64, iters: 4944, time: 0.484, data: 0.001) G_GAN_ViT: 0.443 D_real_ViT: 0.271 D_fake_ViT: 0.181 global: 0.448 spatial: 0.109 
(epoch: 64, iters: 5044, time: 0.484, data: 0.001) G_GAN_ViT: 0.334 D_real_ViT: 0.302 D_fake_ViT: 0.257 global: 0.399 spatial: 0.109 
(epoch: 64, iters: 5144, time: 0.484, data: 0.001) G_GAN_ViT: 0.283 D_real_ViT: 0.192 D_fake_ViT: 0.280 global: 0.313 spatial: 0.084 
(epoch: 64, iters: 5244, time: 0.484, data: 0.001) G_GAN_ViT: 0.274 D_real_ViT: 0.219 D_fake_ViT: 0.301 global: 0.475 spatial: 0.103 
(epoch: 64, iters: 5344, time: 0.484, data: 0.001) G_GAN_ViT: 0.346 D_real_ViT: 0.203 D_fake_ViT: 0.227 global: 0.486 spatial: 0.091 
(epoch: 64, iters: 5444, time: 0.484, data: 0.001) G_GAN_ViT: 0.347 D_real_ViT: 0.124 D_fake_ViT: 0.212 global: 0.478 spatial: 0.073 
(epoch: 64, iters: 5544, time: 0.484, data: 0.001) G_GAN_ViT: 0.389 D_real_ViT: 0.230 D_fake_ViT: 0.179 global: 0.405 spatial: 0.061 
End of epoch 64 / 100 	 Time Taken: 2725 sec
learning rate = 0.0000071
(epoch: 65, iters: 32, time: 0.484, data: 0.001) G_GAN_ViT: 0.330 D_real_ViT: 0.242 D_fake_ViT: 0.239 global: 0.476 spatial: 0.093 
(epoch: 65, iters: 132, time: 0.484, data: 0.001) G_GAN_ViT: 0.486 D_real_ViT: 0.051 D_fake_ViT: 0.140 global: 0.396 spatial: 0.096 
(epoch: 65, iters: 232, time: 0.484, data: 0.001) G_GAN_ViT: 0.434 D_real_ViT: 0.398 D_fake_ViT: 0.152 global: 0.506 spatial: 0.063 
(epoch: 65, iters: 332, time: 0.485, data: 0.001) G_GAN_ViT: 0.411 D_real_ViT: 0.132 D_fake_ViT: 0.171 global: 0.351 spatial: 0.084 
(epoch: 65, iters: 432, time: 0.485, data: 0.002) G_GAN_ViT: 0.632 D_real_ViT: 0.111 D_fake_ViT: 0.084 global: 0.447 spatial: 0.088 
(epoch: 65, iters: 532, time: 0.484, data: 0.001) G_GAN_ViT: 0.653 D_real_ViT: 0.375 D_fake_ViT: 0.078 global: 0.339 spatial: 0.084 
(epoch: 65, iters: 632, time: 0.484, data: 0.001) G_GAN_ViT: 0.273 D_real_ViT: 0.415 D_fake_ViT: 0.295 global: 0.513 spatial: 0.102 
(epoch: 65, iters: 732, time: 0.485, data: 0.001) G_GAN_ViT: 0.458 D_real_ViT: 0.073 D_fake_ViT: 0.162 global: 0.523 spatial: 0.103 
(epoch: 65, iters: 832, time: 0.484, data: 0.001) G_GAN_ViT: 0.438 D_real_ViT: 0.263 D_fake_ViT: 0.168 global: 0.502 spatial: 0.084 
saving the latest model (epoch 65, total_iters 360000)
ICL_single_monitor
(epoch: 65, iters: 932, time: 0.484, data: 0.001) G_GAN_ViT: 0.275 D_real_ViT: 0.050 D_fake_ViT: 0.308 global: 0.434 spatial: 0.093 
(epoch: 65, iters: 1032, time: 0.484, data: 0.002) G_GAN_ViT: 0.670 D_real_ViT: 0.045 D_fake_ViT: 0.083 global: 0.397 spatial: 0.097 
(epoch: 65, iters: 1132, time: 0.484, data: 0.001) G_GAN_ViT: 0.488 D_real_ViT: 0.130 D_fake_ViT: 0.131 global: 0.438 spatial: 0.087 
(epoch: 65, iters: 1232, time: 0.482, data: 0.001) G_GAN_ViT: 0.293 D_real_ViT: 0.294 D_fake_ViT: 0.262 global: 0.401 spatial: 0.063 
(epoch: 65, iters: 1332, time: 0.483, data: 0.001) G_GAN_ViT: 0.342 D_real_ViT: 0.106 D_fake_ViT: 0.218 global: 0.412 spatial: 0.079 
(epoch: 65, iters: 1432, time: 0.483, data: 0.001) G_GAN_ViT: 0.388 D_real_ViT: 0.135 D_fake_ViT: 0.190 global: 0.366 spatial: 0.075 
(epoch: 65, iters: 1532, time: 0.484, data: 0.001) G_GAN_ViT: 0.510 D_real_ViT: 0.254 D_fake_ViT: 0.115 global: 0.387 spatial: 0.076 
(epoch: 65, iters: 1632, time: 0.484, data: 0.001) G_GAN_ViT: 0.367 D_real_ViT: 0.181 D_fake_ViT: 0.202 global: 0.470 spatial: 0.090 
(epoch: 65, iters: 1732, time: 0.484, data: 0.001) G_GAN_ViT: 0.348 D_real_ViT: 0.149 D_fake_ViT: 0.215 global: 0.491 spatial: 0.082 
(epoch: 65, iters: 1832, time: 0.484, data: 0.001) G_GAN_ViT: 0.369 D_real_ViT: 0.040 D_fake_ViT: 0.197 global: 0.424 spatial: 0.110 
(epoch: 65, iters: 1932, time: 0.484, data: 0.001) G_GAN_ViT: 0.469 D_real_ViT: 0.106 D_fake_ViT: 0.161 global: 0.457 spatial: 0.111 
(epoch: 65, iters: 2032, time: 0.484, data: 0.001) G_GAN_ViT: 0.440 D_real_ViT: 0.232 D_fake_ViT: 0.153 global: 0.367 spatial: 0.075 
(epoch: 65, iters: 2132, time: 0.484, data: 0.001) G_GAN_ViT: 0.220 D_real_ViT: 0.224 D_fake_ViT: 0.347 global: 0.287 spatial: 0.061 
(epoch: 65, iters: 2232, time: 0.484, data: 0.001) G_GAN_ViT: 0.381 D_real_ViT: 0.247 D_fake_ViT: 0.181 global: 0.367 spatial: 0.094 
(epoch: 65, iters: 2332, time: 0.484, data: 0.002) G_GAN_ViT: 0.367 D_real_ViT: 0.157 D_fake_ViT: 0.218 global: 0.365 spatial: 0.106 
(epoch: 65, iters: 2432, time: 0.483, data: 0.001) G_GAN_ViT: 0.550 D_real_ViT: 0.285 D_fake_ViT: 0.107 global: 0.444 spatial: 0.089 
(epoch: 65, iters: 2532, time: 0.484, data: 0.001) G_GAN_ViT: 0.278 D_real_ViT: 0.361 D_fake_ViT: 0.285 global: 0.449 spatial: 0.097 
(epoch: 65, iters: 2632, time: 0.484, data: 0.001) G_GAN_ViT: 0.331 D_real_ViT: 0.383 D_fake_ViT: 0.226 global: 0.387 spatial: 0.089 
(epoch: 65, iters: 2732, time: 0.484, data: 0.002) G_GAN_ViT: 0.354 D_real_ViT: 0.210 D_fake_ViT: 0.202 global: 0.372 spatial: 0.072 
(epoch: 65, iters: 2832, time: 0.484, data: 0.002) G_GAN_ViT: 0.440 D_real_ViT: 0.056 D_fake_ViT: 0.148 global: 0.344 spatial: 0.068 
(epoch: 65, iters: 2932, time: 0.484, data: 0.001) G_GAN_ViT: 0.545 D_real_ViT: 0.176 D_fake_ViT: 0.094 global: 0.287 spatial: 0.040 
(epoch: 65, iters: 3032, time: 0.485, data: 0.001) G_GAN_ViT: 0.530 D_real_ViT: 0.085 D_fake_ViT: 0.107 global: 0.332 spatial: 0.061 
(epoch: 65, iters: 3132, time: 0.484, data: 0.001) G_GAN_ViT: 0.433 D_real_ViT: 0.130 D_fake_ViT: 0.151 global: 0.443 spatial: 0.083 
(epoch: 65, iters: 3232, time: 0.485, data: 0.002) G_GAN_ViT: 0.346 D_real_ViT: 0.391 D_fake_ViT: 0.245 global: 0.439 spatial: 0.111 
(epoch: 65, iters: 3332, time: 0.485, data: 0.001) G_GAN_ViT: 0.318 D_real_ViT: 0.244 D_fake_ViT: 0.259 global: 0.498 spatial: 0.107 
(epoch: 65, iters: 3432, time: 0.485, data: 0.001) G_GAN_ViT: 0.528 D_real_ViT: 0.185 D_fake_ViT: 0.103 global: 0.289 spatial: 0.046 
(epoch: 65, iters: 3532, time: 0.485, data: 0.001) G_GAN_ViT: 0.396 D_real_ViT: 0.106 D_fake_ViT: 0.167 global: 0.273 spatial: 0.054 
(epoch: 65, iters: 3632, time: 0.485, data: 0.002) G_GAN_ViT: 0.450 D_real_ViT: 0.190 D_fake_ViT: 0.149 global: 0.352 spatial: 0.074 
(epoch: 65, iters: 3732, time: 0.484, data: 0.002) G_GAN_ViT: 0.439 D_real_ViT: 0.278 D_fake_ViT: 0.156 global: 0.342 spatial: 0.096 
(epoch: 65, iters: 3832, time: 0.484, data: 0.001) G_GAN_ViT: 0.361 D_real_ViT: 0.050 D_fake_ViT: 0.217 global: 0.422 spatial: 0.091 
(epoch: 65, iters: 3932, time: 0.483, data: 0.001) G_GAN_ViT: 0.521 D_real_ViT: 0.275 D_fake_ViT: 0.103 global: 0.450 spatial: 0.103 
(epoch: 65, iters: 4032, time: 0.484, data: 0.002) G_GAN_ViT: 0.265 D_real_ViT: 0.052 D_fake_ViT: 0.315 global: 0.464 spatial: 0.113 
(epoch: 65, iters: 4132, time: 0.484, data: 0.001) G_GAN_ViT: 0.529 D_real_ViT: 0.078 D_fake_ViT: 0.108 global: 0.308 spatial: 0.057 
(epoch: 65, iters: 4232, time: 0.484, data: 0.001) G_GAN_ViT: 0.307 D_real_ViT: 0.190 D_fake_ViT: 0.247 global: 0.406 spatial: 0.097 
(epoch: 65, iters: 4332, time: 0.484, data: 0.001) G_GAN_ViT: 0.323 D_real_ViT: 0.327 D_fake_ViT: 0.229 global: 0.400 spatial: 0.093 
(epoch: 65, iters: 4432, time: 0.484, data: 0.001) G_GAN_ViT: 0.570 D_real_ViT: 0.184 D_fake_ViT: 0.105 global: 0.352 spatial: 0.076 
(epoch: 65, iters: 4532, time: 0.485, data: 0.001) G_GAN_ViT: 0.368 D_real_ViT: 0.135 D_fake_ViT: 0.196 global: 0.393 spatial: 0.076 
(epoch: 65, iters: 4632, time: 0.486, data: 0.002) G_GAN_ViT: 0.397 D_real_ViT: 0.169 D_fake_ViT: 0.188 global: 0.424 spatial: 0.090 
(epoch: 65, iters: 4732, time: 0.485, data: 0.002) G_GAN_ViT: 0.502 D_real_ViT: 0.273 D_fake_ViT: 0.122 global: 0.407 spatial: 0.092 
(epoch: 65, iters: 4832, time: 0.485, data: 0.001) G_GAN_ViT: 0.337 D_real_ViT: 0.104 D_fake_ViT: 0.240 global: 0.464 spatial: 0.105 
(epoch: 65, iters: 4932, time: 0.485, data: 0.001) G_GAN_ViT: 0.409 D_real_ViT: 0.126 D_fake_ViT: 0.170 global: 0.392 spatial: 0.074 
(epoch: 65, iters: 5032, time: 0.485, data: 0.001) G_GAN_ViT: 0.424 D_real_ViT: 0.642 D_fake_ViT: 0.159 global: 0.372 spatial: 0.087 
(epoch: 65, iters: 5132, time: 0.485, data: 0.002) G_GAN_ViT: 0.305 D_real_ViT: 0.301 D_fake_ViT: 0.254 global: 0.414 spatial: 0.090 
(epoch: 65, iters: 5232, time: 0.485, data: 0.001) G_GAN_ViT: 0.427 D_real_ViT: 0.227 D_fake_ViT: 0.178 global: 0.403 spatial: 0.088 
(epoch: 65, iters: 5332, time: 0.485, data: 0.001) G_GAN_ViT: 0.470 D_real_ViT: 0.172 D_fake_ViT: 0.149 global: 0.442 spatial: 0.078 
(epoch: 65, iters: 5432, time: 0.486, data: 0.001) G_GAN_ViT: 0.373 D_real_ViT: 0.144 D_fake_ViT: 0.209 global: 0.438 spatial: 0.099 
(epoch: 65, iters: 5532, time: 0.487, data: 0.001) G_GAN_ViT: 0.529 D_real_ViT: 0.213 D_fake_ViT: 0.140 global: 0.520 spatial: 0.119 
saving the model at the end of epoch 65, iters 364780
End of epoch 65 / 100 	 Time Taken: 2729 sec
learning rate = 0.0000069
(epoch: 66, iters: 20, time: 0.487, data: 0.001) G_GAN_ViT: 0.372 D_real_ViT: 0.441 D_fake_ViT: 0.202 global: 0.421 spatial: 0.094 
(epoch: 66, iters: 120, time: 0.486, data: 0.001) G_GAN_ViT: 0.214 D_real_ViT: 0.043 D_fake_ViT: 0.348 global: 0.363 spatial: 0.081 
(epoch: 66, iters: 220, time: 0.486, data: 0.001) G_GAN_ViT: 0.379 D_real_ViT: 0.094 D_fake_ViT: 0.190 global: 0.390 spatial: 0.101 
saving the latest model (epoch 66, total_iters 365000)
ICL_single_monitor
(epoch: 66, iters: 320, time: 0.485, data: 0.001) G_GAN_ViT: 0.349 D_real_ViT: 0.141 D_fake_ViT: 0.235 global: 0.383 spatial: 0.112 
(epoch: 66, iters: 420, time: 0.484, data: 0.001) G_GAN_ViT: 0.275 D_real_ViT: 0.295 D_fake_ViT: 0.284 global: 0.369 spatial: 0.087 
(epoch: 66, iters: 520, time: 0.483, data: 0.001) G_GAN_ViT: 0.377 D_real_ViT: 0.122 D_fake_ViT: 0.186 global: 0.261 spatial: 0.049 
(epoch: 66, iters: 620, time: 0.483, data: 0.002) G_GAN_ViT: 0.484 D_real_ViT: 0.149 D_fake_ViT: 0.120 global: 0.271 spatial: 0.056 
(epoch: 66, iters: 720, time: 0.485, data: 0.001) G_GAN_ViT: 0.367 D_real_ViT: 0.123 D_fake_ViT: 0.204 global: 0.445 spatial: 0.082 
(epoch: 66, iters: 820, time: 0.484, data: 0.001) G_GAN_ViT: 0.449 D_real_ViT: 0.349 D_fake_ViT: 0.148 global: 0.430 spatial: 0.091 
(epoch: 66, iters: 920, time: 0.485, data: 0.001) G_GAN_ViT: 0.534 D_real_ViT: 0.216 D_fake_ViT: 0.112 global: 0.487 spatial: 0.094 
(epoch: 66, iters: 1020, time: 0.484, data: 0.001) G_GAN_ViT: 0.378 D_real_ViT: 0.250 D_fake_ViT: 0.185 global: 0.454 spatial: 0.071 
(epoch: 66, iters: 1120, time: 0.484, data: 0.001) G_GAN_ViT: 0.581 D_real_ViT: 0.121 D_fake_ViT: 0.082 global: 0.278 spatial: 0.054 
(epoch: 66, iters: 1220, time: 0.484, data: 0.001) G_GAN_ViT: 0.600 D_real_ViT: 0.311 D_fake_ViT: 0.108 global: 0.485 spatial: 0.119 
(epoch: 66, iters: 1320, time: 0.484, data: 0.001) G_GAN_ViT: 0.490 D_real_ViT: 0.330 D_fake_ViT: 0.122 global: 0.343 spatial: 0.066 
(epoch: 66, iters: 1420, time: 0.484, data: 0.001) G_GAN_ViT: 0.384 D_real_ViT: 0.175 D_fake_ViT: 0.196 global: 0.389 spatial: 0.096 
(epoch: 66, iters: 1520, time: 0.483, data: 0.001) G_GAN_ViT: 0.462 D_real_ViT: 0.153 D_fake_ViT: 0.157 global: 0.380 spatial: 0.091 
(epoch: 66, iters: 1620, time: 0.483, data: 0.002) G_GAN_ViT: 0.420 D_real_ViT: 0.163 D_fake_ViT: 0.156 global: 0.228 spatial: 0.045 
(epoch: 66, iters: 1720, time: 0.483, data: 0.001) G_GAN_ViT: 0.393 D_real_ViT: 0.158 D_fake_ViT: 0.224 global: 0.395 spatial: 0.109 
(epoch: 66, iters: 1820, time: 0.484, data: 0.001) G_GAN_ViT: 0.503 D_real_ViT: 0.172 D_fake_ViT: 0.126 global: 0.310 spatial: 0.074 
(epoch: 66, iters: 1920, time: 0.485, data: 0.002) G_GAN_ViT: 0.352 D_real_ViT: 0.214 D_fake_ViT: 0.210 global: 0.389 spatial: 0.061 
(epoch: 66, iters: 2020, time: 0.485, data: 0.001) G_GAN_ViT: 0.287 D_real_ViT: 0.082 D_fake_ViT: 0.283 global: 0.487 spatial: 0.110 
(epoch: 66, iters: 2120, time: 0.485, data: 0.001) G_GAN_ViT: 0.399 D_real_ViT: 0.206 D_fake_ViT: 0.180 global: 0.417 spatial: 0.077 
(epoch: 66, iters: 2220, time: 0.485, data: 0.001) G_GAN_ViT: 0.352 D_real_ViT: 0.261 D_fake_ViT: 0.212 global: 0.441 spatial: 0.073 
(epoch: 66, iters: 2320, time: 0.486, data: 0.001) G_GAN_ViT: 0.560 D_real_ViT: 0.169 D_fake_ViT: 0.095 global: 0.425 spatial: 0.068 
(epoch: 66, iters: 2420, time: 0.485, data: 0.001) G_GAN_ViT: 0.375 D_real_ViT: 0.211 D_fake_ViT: 0.200 global: 0.472 spatial: 0.090 
(epoch: 66, iters: 2520, time: 0.486, data: 0.001) G_GAN_ViT: 0.343 D_real_ViT: 0.241 D_fake_ViT: 0.229 global: 0.447 spatial: 0.090 
(epoch: 66, iters: 2620, time: 0.485, data: 0.001) G_GAN_ViT: 0.351 D_real_ViT: 0.057 D_fake_ViT: 0.230 global: 0.366 spatial: 0.095 
(epoch: 66, iters: 2720, time: 0.484, data: 0.001) G_GAN_ViT: 0.338 D_real_ViT: 0.387 D_fake_ViT: 0.245 global: 0.355 spatial: 0.099 
(epoch: 66, iters: 2820, time: 0.485, data: 0.001) G_GAN_ViT: 0.488 D_real_ViT: 0.239 D_fake_ViT: 0.123 global: 0.376 spatial: 0.080 
(epoch: 66, iters: 2920, time: 0.484, data: 0.001) G_GAN_ViT: 0.618 D_real_ViT: 0.277 D_fake_ViT: 0.069 global: 0.268 spatial: 0.052 
(epoch: 66, iters: 3020, time: 0.484, data: 0.001) G_GAN_ViT: 0.379 D_real_ViT: 0.296 D_fake_ViT: 0.205 global: 0.466 spatial: 0.110 
(epoch: 66, iters: 3120, time: 0.483, data: 0.001) G_GAN_ViT: 0.305 D_real_ViT: 0.172 D_fake_ViT: 0.266 global: 0.399 spatial: 0.079 
(epoch: 66, iters: 3220, time: 0.484, data: 0.001) G_GAN_ViT: 0.389 D_real_ViT: 0.240 D_fake_ViT: 0.202 global: 0.424 spatial: 0.113 
(epoch: 66, iters: 3320, time: 0.485, data: 0.001) G_GAN_ViT: 0.303 D_real_ViT: 0.392 D_fake_ViT: 0.253 global: 0.416 spatial: 0.097 
(epoch: 66, iters: 3420, time: 0.484, data: 0.001) G_GAN_ViT: 0.373 D_real_ViT: 0.047 D_fake_ViT: 0.197 global: 0.332 spatial: 0.069 
(epoch: 66, iters: 3520, time: 0.484, data: 0.001) G_GAN_ViT: 0.424 D_real_ViT: 0.307 D_fake_ViT: 0.189 global: 0.491 spatial: 0.111 
(epoch: 66, iters: 3620, time: 0.483, data: 0.002) G_GAN_ViT: 0.327 D_real_ViT: 0.190 D_fake_ViT: 0.228 global: 0.338 spatial: 0.070 
(epoch: 66, iters: 3720, time: 0.483, data: 0.001) G_GAN_ViT: 0.361 D_real_ViT: 0.145 D_fake_ViT: 0.193 global: 0.324 spatial: 0.057 
(epoch: 66, iters: 3820, time: 0.483, data: 0.002) G_GAN_ViT: 0.369 D_real_ViT: 0.128 D_fake_ViT: 0.213 global: 0.389 spatial: 0.106 
(epoch: 66, iters: 3920, time: 0.484, data: 0.001) G_GAN_ViT: 0.388 D_real_ViT: 0.303 D_fake_ViT: 0.210 global: 0.509 spatial: 0.086 
(epoch: 66, iters: 4020, time: 0.484, data: 0.002) G_GAN_ViT: 0.342 D_real_ViT: 0.169 D_fake_ViT: 0.218 global: 0.420 spatial: 0.079 
(epoch: 66, iters: 4120, time: 0.484, data: 0.002) G_GAN_ViT: 0.461 D_real_ViT: 0.217 D_fake_ViT: 0.162 global: 0.490 spatial: 0.085 
(epoch: 66, iters: 4220, time: 0.485, data: 0.002) G_GAN_ViT: 0.578 D_real_ViT: 0.300 D_fake_ViT: 0.089 global: 0.390 spatial: 0.090 
(epoch: 66, iters: 4320, time: 0.485, data: 0.001) G_GAN_ViT: 0.282 D_real_ViT: 0.330 D_fake_ViT: 0.272 global: 0.306 spatial: 0.060 
(epoch: 66, iters: 4420, time: 0.484, data: 0.001) G_GAN_ViT: 0.311 D_real_ViT: 0.192 D_fake_ViT: 0.291 global: 0.442 spatial: 0.113 
(epoch: 66, iters: 4520, time: 0.483, data: 0.003) G_GAN_ViT: 0.352 D_real_ViT: 0.161 D_fake_ViT: 0.220 global: 0.498 spatial: 0.081 
(epoch: 66, iters: 4620, time: 0.483, data: 0.001) G_GAN_ViT: 0.541 D_real_ViT: 0.321 D_fake_ViT: 0.103 global: 0.378 spatial: 0.075 
(epoch: 66, iters: 4720, time: 0.483, data: 0.002) G_GAN_ViT: 0.270 D_real_ViT: 0.143 D_fake_ViT: 0.276 global: 0.263 spatial: 0.056 
(epoch: 66, iters: 4820, time: 0.483, data: 0.001) G_GAN_ViT: 0.245 D_real_ViT: 0.124 D_fake_ViT: 0.309 global: 0.347 spatial: 0.088 
(epoch: 66, iters: 4920, time: 0.483, data: 0.001) G_GAN_ViT: 0.311 D_real_ViT: 0.097 D_fake_ViT: 0.240 global: 0.419 spatial: 0.098 
(epoch: 66, iters: 5020, time: 0.483, data: 0.001) G_GAN_ViT: 0.609 D_real_ViT: 0.192 D_fake_ViT: 0.073 global: 0.268 spatial: 0.045 
(epoch: 66, iters: 5120, time: 0.483, data: 0.001) G_GAN_ViT: 0.531 D_real_ViT: 0.101 D_fake_ViT: 0.117 global: 0.479 spatial: 0.093 
(epoch: 66, iters: 5220, time: 0.483, data: 0.001) G_GAN_ViT: 0.339 D_real_ViT: 0.218 D_fake_ViT: 0.223 global: 0.406 spatial: 0.080 
saving the latest model (epoch 66, total_iters 370000)
ICL_single_monitor
(epoch: 66, iters: 5320, time: 0.483, data: 0.001) G_GAN_ViT: 0.324 D_real_ViT: 0.247 D_fake_ViT: 0.255 global: 0.419 spatial: 0.081 
(epoch: 66, iters: 5420, time: 0.483, data: 0.001) G_GAN_ViT: 0.396 D_real_ViT: 0.208 D_fake_ViT: 0.181 global: 0.414 spatial: 0.084 
(epoch: 66, iters: 5520, time: 0.483, data: 0.001) G_GAN_ViT: 0.241 D_real_ViT: 0.299 D_fake_ViT: 0.355 global: 0.457 spatial: 0.092 
End of epoch 66 / 100 	 Time Taken: 2725 sec
learning rate = 0.0000067
(epoch: 67, iters: 8, time: 0.484, data: 0.001) G_GAN_ViT: 0.473 D_real_ViT: 0.240 D_fake_ViT: 0.142 global: 0.355 spatial: 0.090 
(epoch: 67, iters: 108, time: 0.484, data: 0.000) G_GAN_ViT: 0.544 D_real_ViT: 0.263 D_fake_ViT: 0.101 global: 0.430 spatial: 0.092 
(epoch: 67, iters: 208, time: 0.484, data: 0.001) G_GAN_ViT: 0.239 D_real_ViT: 0.103 D_fake_ViT: 0.334 global: 0.446 spatial: 0.111 
(epoch: 67, iters: 308, time: 0.485, data: 0.001) G_GAN_ViT: 0.467 D_real_ViT: 0.233 D_fake_ViT: 0.171 global: 0.468 spatial: 0.111 
(epoch: 67, iters: 408, time: 0.486, data: 0.001) G_GAN_ViT: 0.702 D_real_ViT: 0.225 D_fake_ViT: 0.050 global: 0.283 spatial: 0.052 
(epoch: 67, iters: 508, time: 0.485, data: 0.002) G_GAN_ViT: 0.290 D_real_ViT: 0.064 D_fake_ViT: 0.271 global: 0.449 spatial: 0.092 
(epoch: 67, iters: 608, time: 0.484, data: 0.002) G_GAN_ViT: 0.290 D_real_ViT: 0.346 D_fake_ViT: 0.265 global: 0.361 spatial: 0.085 
(epoch: 67, iters: 708, time: 0.484, data: 0.001) G_GAN_ViT: 0.454 D_real_ViT: 0.135 D_fake_ViT: 0.159 global: 0.380 spatial: 0.066 
(epoch: 67, iters: 808, time: 0.485, data: 0.001) G_GAN_ViT: 0.550 D_real_ViT: 0.203 D_fake_ViT: 0.119 global: 0.397 spatial: 0.112 
(epoch: 67, iters: 908, time: 0.485, data: 0.002) G_GAN_ViT: 0.457 D_real_ViT: 0.146 D_fake_ViT: 0.139 global: 0.351 spatial: 0.073 
(epoch: 67, iters: 1008, time: 0.485, data: 0.002) G_GAN_ViT: 0.419 D_real_ViT: 0.165 D_fake_ViT: 0.159 global: 0.496 spatial: 0.073 
(epoch: 67, iters: 1108, time: 0.484, data: 0.002) G_GAN_ViT: 0.403 D_real_ViT: 0.089 D_fake_ViT: 0.191 global: 0.485 spatial: 0.093 
(epoch: 67, iters: 1208, time: 0.484, data: 0.002) G_GAN_ViT: 0.372 D_real_ViT: 0.167 D_fake_ViT: 0.206 global: 0.426 spatial: 0.095 
(epoch: 67, iters: 1308, time: 0.483, data: 0.002) G_GAN_ViT: 0.407 D_real_ViT: 0.211 D_fake_ViT: 0.195 global: 0.432 spatial: 0.124 
(epoch: 67, iters: 1408, time: 0.484, data: 0.002) G_GAN_ViT: 0.446 D_real_ViT: 0.127 D_fake_ViT: 0.151 global: 0.360 spatial: 0.071 
(epoch: 67, iters: 1508, time: 0.484, data: 0.002) G_GAN_ViT: 0.526 D_real_ViT: 0.282 D_fake_ViT: 0.105 global: 0.363 spatial: 0.072 
(epoch: 67, iters: 1608, time: 0.484, data: 0.001) G_GAN_ViT: 0.209 D_real_ViT: 0.106 D_fake_ViT: 0.369 global: 0.418 spatial: 0.101 
(epoch: 67, iters: 1708, time: 0.484, data: 0.002) G_GAN_ViT: 0.483 D_real_ViT: 0.307 D_fake_ViT: 0.140 global: 0.442 spatial: 0.108 
(epoch: 67, iters: 1808, time: 0.484, data: 0.002) G_GAN_ViT: 0.369 D_real_ViT: 0.217 D_fake_ViT: 0.217 global: 0.468 spatial: 0.094 
(epoch: 67, iters: 1908, time: 0.485, data: 0.001) G_GAN_ViT: 0.326 D_real_ViT: 0.341 D_fake_ViT: 0.247 global: 0.483 spatial: 0.105 
(epoch: 67, iters: 2008, time: 0.484, data: 0.001) G_GAN_ViT: 0.323 D_real_ViT: 0.249 D_fake_ViT: 0.238 global: 0.362 spatial: 0.094 
(epoch: 67, iters: 2108, time: 0.484, data: 0.001) G_GAN_ViT: 0.410 D_real_ViT: 0.268 D_fake_ViT: 0.162 global: 0.324 spatial: 0.057 
(epoch: 67, iters: 2208, time: 0.484, data: 0.001) G_GAN_ViT: 0.549 D_real_ViT: 0.056 D_fake_ViT: 0.116 global: 0.465 spatial: 0.093 
(epoch: 67, iters: 2308, time: 0.484, data: 0.001) G_GAN_ViT: 0.305 D_real_ViT: 0.221 D_fake_ViT: 0.250 global: 0.430 spatial: 0.105 
(epoch: 67, iters: 2408, time: 0.484, data: 0.001) G_GAN_ViT: 0.444 D_real_ViT: 0.195 D_fake_ViT: 0.156 global: 0.319 spatial: 0.064 
(epoch: 67, iters: 2508, time: 0.484, data: 0.001) G_GAN_ViT: 0.316 D_real_ViT: 0.070 D_fake_ViT: 0.240 global: 0.413 spatial: 0.087 
(epoch: 67, iters: 2608, time: 0.485, data: 0.001) G_GAN_ViT: 0.406 D_real_ViT: 0.161 D_fake_ViT: 0.177 global: 0.443 spatial: 0.090 
(epoch: 67, iters: 2708, time: 0.484, data: 0.001) G_GAN_ViT: 0.425 D_real_ViT: 0.154 D_fake_ViT: 0.179 global: 0.366 spatial: 0.079 
(epoch: 67, iters: 2808, time: 0.485, data: 0.001) G_GAN_ViT: 0.355 D_real_ViT: 0.153 D_fake_ViT: 0.196 global: 0.331 spatial: 0.067 
(epoch: 67, iters: 2908, time: 0.485, data: 0.002) G_GAN_ViT: 0.533 D_real_ViT: 0.262 D_fake_ViT: 0.127 global: 0.402 spatial: 0.085 
(epoch: 67, iters: 3008, time: 0.483, data: 0.001) G_GAN_ViT: 0.368 D_real_ViT: 0.142 D_fake_ViT: 0.216 global: 0.468 spatial: 0.086 
(epoch: 67, iters: 3108, time: 0.484, data: 0.001) G_GAN_ViT: 0.276 D_real_ViT: 0.234 D_fake_ViT: 0.295 global: 0.497 spatial: 0.090 
(epoch: 67, iters: 3208, time: 0.484, data: 0.002) G_GAN_ViT: 0.436 D_real_ViT: 0.089 D_fake_ViT: 0.145 global: 0.460 spatial: 0.077 
(epoch: 67, iters: 3308, time: 0.484, data: 0.001) G_GAN_ViT: 0.402 D_real_ViT: 0.181 D_fake_ViT: 0.184 global: 0.543 spatial: 0.097 
(epoch: 67, iters: 3408, time: 0.484, data: 0.001) G_GAN_ViT: 0.522 D_real_ViT: 0.246 D_fake_ViT: 0.114 global: 0.338 spatial: 0.070 
(epoch: 67, iters: 3508, time: 0.484, data: 0.001) G_GAN_ViT: 0.499 D_real_ViT: 0.289 D_fake_ViT: 0.129 global: 0.324 spatial: 0.076 
(epoch: 67, iters: 3608, time: 0.484, data: 0.001) G_GAN_ViT: 0.487 D_real_ViT: 0.358 D_fake_ViT: 0.136 global: 0.398 spatial: 0.093 
(epoch: 67, iters: 3708, time: 0.484, data: 0.002) G_GAN_ViT: 0.416 D_real_ViT: 0.194 D_fake_ViT: 0.153 global: 0.268 spatial: 0.053 
(epoch: 67, iters: 3808, time: 0.483, data: 0.001) G_GAN_ViT: 0.334 D_real_ViT: 0.243 D_fake_ViT: 0.234 global: 0.411 spatial: 0.086 
(epoch: 67, iters: 3908, time: 0.483, data: 0.001) G_GAN_ViT: 0.433 D_real_ViT: 0.383 D_fake_ViT: 0.161 global: 0.523 spatial: 0.089 
(epoch: 67, iters: 4008, time: 0.483, data: 0.001) G_GAN_ViT: 0.328 D_real_ViT: 0.201 D_fake_ViT: 0.252 global: 0.433 spatial: 0.109 
(epoch: 67, iters: 4108, time: 0.483, data: 0.001) G_GAN_ViT: 0.442 D_real_ViT: 0.270 D_fake_ViT: 0.158 global: 0.440 spatial: 0.091 
(epoch: 67, iters: 4208, time: 0.483, data: 0.001) G_GAN_ViT: 0.416 D_real_ViT: 0.053 D_fake_ViT: 0.201 global: 0.412 spatial: 0.115 
(epoch: 67, iters: 4308, time: 0.483, data: 0.001) G_GAN_ViT: 0.439 D_real_ViT: 0.108 D_fake_ViT: 0.164 global: 0.429 spatial: 0.095 
(epoch: 67, iters: 4408, time: 0.483, data: 0.002) G_GAN_ViT: 0.475 D_real_ViT: 0.171 D_fake_ViT: 0.133 global: 0.474 spatial: 0.093 
(epoch: 67, iters: 4508, time: 0.483, data: 0.001) G_GAN_ViT: 0.241 D_real_ViT: 0.238 D_fake_ViT: 0.319 global: 0.441 spatial: 0.093 
(epoch: 67, iters: 4608, time: 0.483, data: 0.002) G_GAN_ViT: 0.274 D_real_ViT: 0.099 D_fake_ViT: 0.291 global: 0.467 spatial: 0.099 
saving the latest model (epoch 67, total_iters 375000)
ICL_single_monitor
(epoch: 67, iters: 4708, time: 0.484, data: 0.002) G_GAN_ViT: 0.344 D_real_ViT: 0.231 D_fake_ViT: 0.220 global: 0.417 spatial: 0.076 
(epoch: 67, iters: 4808, time: 0.484, data: 0.001) G_GAN_ViT: 0.472 D_real_ViT: 0.255 D_fake_ViT: 0.138 global: 0.400 spatial: 0.074 
(epoch: 67, iters: 4908, time: 0.484, data: 0.001) G_GAN_ViT: 0.731 D_real_ViT: 0.268 D_fake_ViT: 0.071 global: 0.424 spatial: 0.104 
(epoch: 67, iters: 5008, time: 0.483, data: 0.001) G_GAN_ViT: 0.466 D_real_ViT: 0.083 D_fake_ViT: 0.153 global: 0.419 spatial: 0.114 
(epoch: 67, iters: 5108, time: 0.483, data: 0.001) G_GAN_ViT: 0.264 D_real_ViT: 0.242 D_fake_ViT: 0.304 global: 0.472 spatial: 0.104 
(epoch: 67, iters: 5208, time: 0.483, data: 0.001) G_GAN_ViT: 0.563 D_real_ViT: 0.134 D_fake_ViT: 0.101 global: 0.409 spatial: 0.082 
(epoch: 67, iters: 5308, time: 0.483, data: 0.002) G_GAN_ViT: 0.417 D_real_ViT: 0.265 D_fake_ViT: 0.154 global: 0.317 spatial: 0.055 
(epoch: 67, iters: 5408, time: 0.483, data: 0.001) G_GAN_ViT: 0.569 D_real_ViT: 0.086 D_fake_ViT: 0.092 global: 0.338 spatial: 0.077 
(epoch: 67, iters: 5508, time: 0.484, data: 0.001) G_GAN_ViT: 0.400 D_real_ViT: 0.098 D_fake_ViT: 0.169 global: 0.279 spatial: 0.061 
(epoch: 67, iters: 5608, time: 0.484, data: 0.001) G_GAN_ViT: 0.606 D_real_ViT: 0.245 D_fake_ViT: 0.071 global: 0.295 spatial: 0.053 
End of epoch 67 / 100 	 Time Taken: 2725 sec
learning rate = 0.0000065
(epoch: 68, iters: 96, time: 0.484, data: 0.001) G_GAN_ViT: 0.474 D_real_ViT: 0.203 D_fake_ViT: 0.129 global: 0.379 spatial: 0.059 
(epoch: 68, iters: 196, time: 0.484, data: 0.001) G_GAN_ViT: 0.505 D_real_ViT: 0.158 D_fake_ViT: 0.109 global: 0.354 spatial: 0.071 
(epoch: 68, iters: 296, time: 0.484, data: 0.001) G_GAN_ViT: 0.397 D_real_ViT: 0.154 D_fake_ViT: 0.184 global: 0.445 spatial: 0.091 
(epoch: 68, iters: 396, time: 0.484, data: 0.002) G_GAN_ViT: 0.304 D_real_ViT: 0.084 D_fake_ViT: 0.250 global: 0.414 spatial: 0.096 
(epoch: 68, iters: 496, time: 0.485, data: 0.001) G_GAN_ViT: 0.360 D_real_ViT: 0.355 D_fake_ViT: 0.208 global: 0.474 spatial: 0.109 
(epoch: 68, iters: 596, time: 0.484, data: 0.001) G_GAN_ViT: 0.354 D_real_ViT: 0.071 D_fake_ViT: 0.226 global: 0.430 spatial: 0.122 
(epoch: 68, iters: 696, time: 0.484, data: 0.001) G_GAN_ViT: 0.441 D_real_ViT: 0.097 D_fake_ViT: 0.149 global: 0.336 spatial: 0.064 
(epoch: 68, iters: 796, time: 0.484, data: 0.001) G_GAN_ViT: 0.349 D_real_ViT: 0.152 D_fake_ViT: 0.213 global: 0.389 spatial: 0.066 
(epoch: 68, iters: 896, time: 0.484, data: 0.001) G_GAN_ViT: 0.275 D_real_ViT: 0.142 D_fake_ViT: 0.301 global: 0.428 spatial: 0.097 
(epoch: 68, iters: 996, time: 0.484, data: 0.001) G_GAN_ViT: 0.239 D_real_ViT: 0.041 D_fake_ViT: 0.320 global: 0.277 spatial: 0.063 
(epoch: 68, iters: 1096, time: 0.484, data: 0.001) G_GAN_ViT: 0.326 D_real_ViT: 0.291 D_fake_ViT: 0.224 global: 0.354 spatial: 0.071 
(epoch: 68, iters: 1196, time: 0.484, data: 0.001) G_GAN_ViT: 0.523 D_real_ViT: 0.121 D_fake_ViT: 0.121 global: 0.392 spatial: 0.091 
(epoch: 68, iters: 1296, time: 0.484, data: 0.001) G_GAN_ViT: 0.532 D_real_ViT: 0.046 D_fake_ViT: 0.105 global: 0.376 spatial: 0.082 
(epoch: 68, iters: 1396, time: 0.484, data: 0.001) G_GAN_ViT: 0.335 D_real_ViT: 0.279 D_fake_ViT: 0.243 global: 0.419 spatial: 0.097 
(epoch: 68, iters: 1496, time: 0.484, data: 0.001) G_GAN_ViT: 0.434 D_real_ViT: 0.074 D_fake_ViT: 0.146 global: 0.331 spatial: 0.072 
(epoch: 68, iters: 1596, time: 0.484, data: 0.001) G_GAN_ViT: 0.310 D_real_ViT: 0.160 D_fake_ViT: 0.266 global: 0.458 spatial: 0.093 
(epoch: 68, iters: 1696, time: 0.484, data: 0.001) G_GAN_ViT: 0.495 D_real_ViT: 0.153 D_fake_ViT: 0.118 global: 0.452 spatial: 0.078 
(epoch: 68, iters: 1796, time: 0.484, data: 0.001) G_GAN_ViT: 0.368 D_real_ViT: 0.153 D_fake_ViT: 0.199 global: 0.343 spatial: 0.071 
(epoch: 68, iters: 1896, time: 0.484, data: 0.001) G_GAN_ViT: 0.291 D_real_ViT: 0.361 D_fake_ViT: 0.256 global: 0.416 spatial: 0.090 
(epoch: 68, iters: 1996, time: 0.484, data: 0.002) G_GAN_ViT: 0.410 D_real_ViT: 0.215 D_fake_ViT: 0.183 global: 0.471 spatial: 0.115 
(epoch: 68, iters: 2096, time: 0.484, data: 0.002) G_GAN_ViT: 0.474 D_real_ViT: 0.130 D_fake_ViT: 0.125 global: 0.351 spatial: 0.074 
(epoch: 68, iters: 2196, time: 0.484, data: 0.002) G_GAN_ViT: 0.354 D_real_ViT: 0.303 D_fake_ViT: 0.214 global: 0.446 spatial: 0.102 
(epoch: 68, iters: 2296, time: 0.484, data: 0.001) G_GAN_ViT: 0.380 D_real_ViT: 0.202 D_fake_ViT: 0.184 global: 0.501 spatial: 0.078 
(epoch: 68, iters: 2396, time: 0.483, data: 0.001) G_GAN_ViT: 0.428 D_real_ViT: 0.183 D_fake_ViT: 0.163 global: 0.453 spatial: 0.078 
(epoch: 68, iters: 2496, time: 0.483, data: 0.001) G_GAN_ViT: 0.402 D_real_ViT: 0.305 D_fake_ViT: 0.185 global: 0.450 spatial: 0.081 
(epoch: 68, iters: 2596, time: 0.483, data: 0.001) G_GAN_ViT: 0.450 D_real_ViT: 0.380 D_fake_ViT: 0.143 global: 0.553 spatial: 0.084 
(epoch: 68, iters: 2696, time: 0.484, data: 0.001) G_GAN_ViT: 0.336 D_real_ViT: 0.247 D_fake_ViT: 0.230 global: 0.444 spatial: 0.089 
(epoch: 68, iters: 2796, time: 0.484, data: 0.001) G_GAN_ViT: 0.314 D_real_ViT: 0.315 D_fake_ViT: 0.231 global: 0.436 spatial: 0.098 
(epoch: 68, iters: 2896, time: 0.484, data: 0.001) G_GAN_ViT: 0.576 D_real_ViT: 0.165 D_fake_ViT: 0.103 global: 0.488 spatial: 0.107 
(epoch: 68, iters: 2996, time: 0.485, data: 0.001) G_GAN_ViT: 0.302 D_real_ViT: 0.258 D_fake_ViT: 0.251 global: 0.381 spatial: 0.100 
(epoch: 68, iters: 3096, time: 0.484, data: 0.001) G_GAN_ViT: 0.444 D_real_ViT: 0.066 D_fake_ViT: 0.162 global: 0.397 spatial: 0.105 
(epoch: 68, iters: 3196, time: 0.484, data: 0.001) G_GAN_ViT: 0.396 D_real_ViT: 0.321 D_fake_ViT: 0.164 global: 0.332 spatial: 0.073 
(epoch: 68, iters: 3296, time: 0.484, data: 0.001) G_GAN_ViT: 0.316 D_real_ViT: 0.300 D_fake_ViT: 0.242 global: 0.396 spatial: 0.094 
(epoch: 68, iters: 3396, time: 0.483, data: 0.001) G_GAN_ViT: 0.561 D_real_ViT: 0.131 D_fake_ViT: 0.094 global: 0.407 spatial: 0.081 
(epoch: 68, iters: 3496, time: 0.483, data: 0.002) G_GAN_ViT: 0.388 D_real_ViT: 0.278 D_fake_ViT: 0.216 global: 0.445 spatial: 0.109 
(epoch: 68, iters: 3596, time: 0.483, data: 0.001) G_GAN_ViT: 0.553 D_real_ViT: 0.144 D_fake_ViT: 0.109 global: 0.330 spatial: 0.080 
(epoch: 68, iters: 3696, time: 0.484, data: 0.001) G_GAN_ViT: 0.256 D_real_ViT: 0.162 D_fake_ViT: 0.324 global: 0.431 spatial: 0.091 
(epoch: 68, iters: 3796, time: 0.484, data: 0.002) G_GAN_ViT: 0.381 D_real_ViT: 0.298 D_fake_ViT: 0.199 global: 0.461 spatial: 0.091 
(epoch: 68, iters: 3896, time: 0.484, data: 0.001) G_GAN_ViT: 0.456 D_real_ViT: 0.162 D_fake_ViT: 0.145 global: 0.345 spatial: 0.081 
(epoch: 68, iters: 3996, time: 0.484, data: 0.002) G_GAN_ViT: 0.277 D_real_ViT: 0.269 D_fake_ViT: 0.273 global: 0.265 spatial: 0.058 
saving the latest model (epoch 68, total_iters 380000)
ICL_single_monitor
(epoch: 68, iters: 4096, time: 0.484, data: 0.001) G_GAN_ViT: 0.375 D_real_ViT: 0.148 D_fake_ViT: 0.206 global: 0.328 spatial: 0.088 
(epoch: 68, iters: 4196, time: 0.484, data: 0.001) G_GAN_ViT: 0.368 D_real_ViT: 0.054 D_fake_ViT: 0.191 global: 0.319 spatial: 0.058 
(epoch: 68, iters: 4296, time: 0.484, data: 0.001) G_GAN_ViT: 0.316 D_real_ViT: 0.229 D_fake_ViT: 0.258 global: 0.450 spatial: 0.094 
(epoch: 68, iters: 4396, time: 0.484, data: 0.001) G_GAN_ViT: 0.432 D_real_ViT: 0.128 D_fake_ViT: 0.164 global: 0.471 spatial: 0.098 
(epoch: 68, iters: 4496, time: 0.484, data: 0.001) G_GAN_ViT: 0.476 D_real_ViT: 0.212 D_fake_ViT: 0.132 global: 0.493 spatial: 0.080 
(epoch: 68, iters: 4596, time: 0.483, data: 0.001) G_GAN_ViT: 0.437 D_real_ViT: 0.234 D_fake_ViT: 0.158 global: 0.430 spatial: 0.093 
(epoch: 68, iters: 4696, time: 0.483, data: 0.001) G_GAN_ViT: 0.325 D_real_ViT: 0.062 D_fake_ViT: 0.242 global: 0.430 spatial: 0.087 
(epoch: 68, iters: 4796, time: 0.483, data: 0.001) G_GAN_ViT: 0.408 D_real_ViT: 0.262 D_fake_ViT: 0.180 global: 0.503 spatial: 0.084 
(epoch: 68, iters: 4896, time: 0.484, data: 0.001) G_GAN_ViT: 0.539 D_real_ViT: 0.159 D_fake_ViT: 0.096 global: 0.405 spatial: 0.082 
(epoch: 68, iters: 4996, time: 0.484, data: 0.001) G_GAN_ViT: 0.279 D_real_ViT: 0.169 D_fake_ViT: 0.278 global: 0.485 spatial: 0.062 
(epoch: 68, iters: 5096, time: 0.483, data: 0.001) G_GAN_ViT: 0.282 D_real_ViT: 0.226 D_fake_ViT: 0.282 global: 0.413 spatial: 0.110 
(epoch: 68, iters: 5196, time: 0.483, data: 0.001) G_GAN_ViT: 0.405 D_real_ViT: 0.110 D_fake_ViT: 0.186 global: 0.372 spatial: 0.090 
(epoch: 68, iters: 5296, time: 0.484, data: 0.002) G_GAN_ViT: 0.221 D_real_ViT: 0.040 D_fake_ViT: 0.347 global: 0.363 spatial: 0.095 
(epoch: 68, iters: 5396, time: 0.484, data: 0.002) G_GAN_ViT: 0.440 D_real_ViT: 0.118 D_fake_ViT: 0.149 global: 0.431 spatial: 0.078 
(epoch: 68, iters: 5496, time: 0.484, data: 0.001) G_GAN_ViT: 0.429 D_real_ViT: 0.062 D_fake_ViT: 0.163 global: 0.371 spatial: 0.083 
(epoch: 68, iters: 5596, time: 0.483, data: 0.001) G_GAN_ViT: 0.343 D_real_ViT: 0.154 D_fake_ViT: 0.203 global: 0.303 spatial: 0.060 
End of epoch 68 / 100 	 Time Taken: 2725 sec
learning rate = 0.0000063
(epoch: 69, iters: 84, time: 0.483, data: 0.001) G_GAN_ViT: 0.520 D_real_ViT: 0.246 D_fake_ViT: 0.120 global: 0.468 spatial: 0.094 
(epoch: 69, iters: 184, time: 0.484, data: 0.001) G_GAN_ViT: 0.364 D_real_ViT: 0.282 D_fake_ViT: 0.206 global: 0.361 spatial: 0.065 
(epoch: 69, iters: 284, time: 0.484, data: 0.001) G_GAN_ViT: 0.443 D_real_ViT: 0.199 D_fake_ViT: 0.151 global: 0.409 spatial: 0.099 
(epoch: 69, iters: 384, time: 0.485, data: 0.001) G_GAN_ViT: 0.469 D_real_ViT: 0.045 D_fake_ViT: 0.150 global: 0.371 spatial: 0.089 
(epoch: 69, iters: 484, time: 0.484, data: 0.001) G_GAN_ViT: 0.340 D_real_ViT: 0.237 D_fake_ViT: 0.214 global: 0.384 spatial: 0.063 
(epoch: 69, iters: 584, time: 0.484, data: 0.001) G_GAN_ViT: 0.373 D_real_ViT: 0.321 D_fake_ViT: 0.201 global: 0.419 spatial: 0.082 
(epoch: 69, iters: 684, time: 0.484, data: 0.001) G_GAN_ViT: 0.396 D_real_ViT: 0.251 D_fake_ViT: 0.190 global: 0.320 spatial: 0.086 
(epoch: 69, iters: 784, time: 0.484, data: 0.003) G_GAN_ViT: 0.359 D_real_ViT: 0.110 D_fake_ViT: 0.235 global: 0.338 spatial: 0.087 
(epoch: 69, iters: 884, time: 0.485, data: 0.002) G_GAN_ViT: 0.453 D_real_ViT: 0.681 D_fake_ViT: 0.127 global: 0.235 spatial: 0.043 
(epoch: 69, iters: 984, time: 0.485, data: 0.002) G_GAN_ViT: 0.581 D_real_ViT: 0.173 D_fake_ViT: 0.089 global: 0.288 spatial: 0.060 
(epoch: 69, iters: 1084, time: 0.485, data: 0.002) G_GAN_ViT: 0.345 D_real_ViT: 0.088 D_fake_ViT: 0.220 global: 0.429 spatial: 0.088 
(epoch: 69, iters: 1184, time: 0.485, data: 0.001) G_GAN_ViT: 0.507 D_real_ViT: 0.207 D_fake_ViT: 0.120 global: 0.301 spatial: 0.084 
(epoch: 69, iters: 1284, time: 0.485, data: 0.001) G_GAN_ViT: 0.327 D_real_ViT: 0.277 D_fake_ViT: 0.227 global: 0.405 spatial: 0.068 
(epoch: 69, iters: 1384, time: 0.485, data: 0.001) G_GAN_ViT: 0.454 D_real_ViT: 0.228 D_fake_ViT: 0.147 global: 0.466 spatial: 0.082 
(epoch: 69, iters: 1484, time: 0.485, data: 0.001) G_GAN_ViT: 0.357 D_real_ViT: 0.200 D_fake_ViT: 0.199 global: 0.457 spatial: 0.061 
(epoch: 69, iters: 1584, time: 0.484, data: 0.001) G_GAN_ViT: 0.424 D_real_ViT: 0.132 D_fake_ViT: 0.162 global: 0.332 spatial: 0.079 
(epoch: 69, iters: 1684, time: 0.485, data: 0.002) G_GAN_ViT: 0.262 D_real_ViT: 0.228 D_fake_ViT: 0.279 global: 0.262 spatial: 0.059 
(epoch: 69, iters: 1784, time: 0.484, data: 0.001) G_GAN_ViT: 0.478 D_real_ViT: 0.124 D_fake_ViT: 0.138 global: 0.448 spatial: 0.074 
(epoch: 69, iters: 1884, time: 0.485, data: 0.002) G_GAN_ViT: 0.459 D_real_ViT: 0.060 D_fake_ViT: 0.171 global: 0.390 spatial: 0.057 
(epoch: 69, iters: 1984, time: 0.485, data: 0.002) G_GAN_ViT: 0.353 D_real_ViT: 0.278 D_fake_ViT: 0.203 global: 0.366 spatial: 0.071 
(epoch: 69, iters: 2084, time: 0.486, data: 0.002) G_GAN_ViT: 0.528 D_real_ViT: 0.568 D_fake_ViT: 0.103 global: 0.263 spatial: 0.045 
(epoch: 69, iters: 2184, time: 0.485, data: 0.001) G_GAN_ViT: 0.292 D_real_ViT: 0.161 D_fake_ViT: 0.263 global: 0.503 spatial: 0.069 
(epoch: 69, iters: 2284, time: 0.485, data: 0.001) G_GAN_ViT: 0.172 D_real_ViT: 0.389 D_fake_ViT: 0.394 global: 0.352 spatial: 0.091 
(epoch: 69, iters: 2384, time: 0.484, data: 0.001) G_GAN_ViT: 0.395 D_real_ViT: 0.352 D_fake_ViT: 0.180 global: 0.496 spatial: 0.087 
(epoch: 69, iters: 2484, time: 0.484, data: 0.001) G_GAN_ViT: 0.579 D_real_ViT: 0.215 D_fake_ViT: 0.079 global: 0.269 spatial: 0.061 
(epoch: 69, iters: 2584, time: 0.484, data: 0.002) G_GAN_ViT: 0.295 D_real_ViT: 0.217 D_fake_ViT: 0.267 global: 0.435 spatial: 0.109 
(epoch: 69, iters: 2684, time: 0.483, data: 0.001) G_GAN_ViT: 0.433 D_real_ViT: 0.140 D_fake_ViT: 0.171 global: 0.475 spatial: 0.109 
(epoch: 69, iters: 2784, time: 0.483, data: 0.001) G_GAN_ViT: 0.524 D_real_ViT: 0.215 D_fake_ViT: 0.122 global: 0.409 spatial: 0.102 
(epoch: 69, iters: 2884, time: 0.483, data: 0.001) G_GAN_ViT: 0.306 D_real_ViT: 0.274 D_fake_ViT: 0.259 global: 0.501 spatial: 0.100 
(epoch: 69, iters: 2984, time: 0.483, data: 0.001) G_GAN_ViT: 0.357 D_real_ViT: 0.249 D_fake_ViT: 0.195 global: 0.320 spatial: 0.068 
(epoch: 69, iters: 3084, time: 0.483, data: 0.002) G_GAN_ViT: 0.260 D_real_ViT: 0.338 D_fake_ViT: 0.316 global: 0.458 spatial: 0.084 
(epoch: 69, iters: 3184, time: 0.483, data: 0.001) G_GAN_ViT: 0.471 D_real_ViT: 0.223 D_fake_ViT: 0.142 global: 0.410 spatial: 0.101 
(epoch: 69, iters: 3284, time: 0.484, data: 0.002) G_GAN_ViT: 0.278 D_real_ViT: 0.219 D_fake_ViT: 0.273 global: 0.283 spatial: 0.053 
(epoch: 69, iters: 3384, time: 0.484, data: 0.001) G_GAN_ViT: 0.314 D_real_ViT: 0.078 D_fake_ViT: 0.263 global: 0.437 spatial: 0.109 
saving the latest model (epoch 69, total_iters 385000)
ICL_single_monitor
(epoch: 69, iters: 3484, time: 0.484, data: 0.001) G_GAN_ViT: 0.279 D_real_ViT: 0.236 D_fake_ViT: 0.295 global: 0.411 spatial: 0.098 
(epoch: 69, iters: 3584, time: 0.483, data: 0.001) G_GAN_ViT: 0.292 D_real_ViT: 0.201 D_fake_ViT: 0.264 global: 0.383 spatial: 0.076 
(epoch: 69, iters: 3684, time: 0.484, data: 0.002) G_GAN_ViT: 0.328 D_real_ViT: 0.406 D_fake_ViT: 0.216 global: 0.380 spatial: 0.073 
(epoch: 69, iters: 3784, time: 0.484, data: 0.001) G_GAN_ViT: 0.295 D_real_ViT: 0.314 D_fake_ViT: 0.268 global: 0.480 spatial: 0.094 
(epoch: 69, iters: 3884, time: 0.483, data: 0.001) G_GAN_ViT: 0.418 D_real_ViT: 0.099 D_fake_ViT: 0.223 global: 0.492 spatial: 0.123 
(epoch: 69, iters: 3984, time: 0.482, data: 0.001) G_GAN_ViT: 0.680 D_real_ViT: 0.291 D_fake_ViT: 0.059 global: 0.296 spatial: 0.053 
(epoch: 69, iters: 4084, time: 0.482, data: 0.001) G_GAN_ViT: 0.498 D_real_ViT: 0.271 D_fake_ViT: 0.131 global: 0.506 spatial: 0.095 
(epoch: 69, iters: 4184, time: 0.483, data: 0.001) G_GAN_ViT: 0.203 D_real_ViT: 0.242 D_fake_ViT: 0.362 global: 0.242 spatial: 0.055 
(epoch: 69, iters: 4284, time: 0.484, data: 0.001) G_GAN_ViT: 0.198 D_real_ViT: 0.103 D_fake_ViT: 0.367 global: 0.269 spatial: 0.069 
(epoch: 69, iters: 4384, time: 0.484, data: 0.001) G_GAN_ViT: 0.359 D_real_ViT: 0.210 D_fake_ViT: 0.202 global: 0.431 spatial: 0.078 
(epoch: 69, iters: 4484, time: 0.484, data: 0.001) G_GAN_ViT: 0.455 D_real_ViT: 0.061 D_fake_ViT: 0.149 global: 0.355 spatial: 0.068 
(epoch: 69, iters: 4584, time: 0.484, data: 0.001) G_GAN_ViT: 0.574 D_real_ViT: 0.168 D_fake_ViT: 0.085 global: 0.441 spatial: 0.085 
(epoch: 69, iters: 4684, time: 0.484, data: 0.002) G_GAN_ViT: 0.457 D_real_ViT: 0.222 D_fake_ViT: 0.152 global: 0.333 spatial: 0.081 
(epoch: 69, iters: 4784, time: 0.484, data: 0.001) G_GAN_ViT: 0.419 D_real_ViT: 0.224 D_fake_ViT: 0.170 global: 0.393 spatial: 0.066 
(epoch: 69, iters: 4884, time: 0.484, data: 0.001) G_GAN_ViT: 0.418 D_real_ViT: 0.123 D_fake_ViT: 0.169 global: 0.470 spatial: 0.082 
(epoch: 69, iters: 4984, time: 0.484, data: 0.001) G_GAN_ViT: 0.416 D_real_ViT: 0.066 D_fake_ViT: 0.186 global: 0.360 spatial: 0.090 
(epoch: 69, iters: 5084, time: 0.484, data: 0.001) G_GAN_ViT: 0.379 D_real_ViT: 0.311 D_fake_ViT: 0.203 global: 0.484 spatial: 0.092 
(epoch: 69, iters: 5184, time: 0.484, data: 0.001) G_GAN_ViT: 0.441 D_real_ViT: 0.205 D_fake_ViT: 0.144 global: 0.314 spatial: 0.068 
(epoch: 69, iters: 5284, time: 0.484, data: 0.002) G_GAN_ViT: 0.472 D_real_ViT: 0.149 D_fake_ViT: 0.167 global: 0.398 spatial: 0.113 
(epoch: 69, iters: 5384, time: 0.485, data: 0.001) G_GAN_ViT: 0.383 D_real_ViT: 0.270 D_fake_ViT: 0.184 global: 0.443 spatial: 0.107 
(epoch: 69, iters: 5484, time: 0.484, data: 0.001) G_GAN_ViT: 0.387 D_real_ViT: 0.237 D_fake_ViT: 0.191 global: 0.379 spatial: 0.101 
(epoch: 69, iters: 5584, time: 0.483, data: 0.001) G_GAN_ViT: 0.253 D_real_ViT: 0.054 D_fake_ViT: 0.321 global: 0.510 spatial: 0.098 
End of epoch 69 / 100 	 Time Taken: 2726 sec
learning rate = 0.0000061
(epoch: 70, iters: 72, time: 0.483, data: 0.001) G_GAN_ViT: 0.510 D_real_ViT: 0.083 D_fake_ViT: 0.118 global: 0.320 spatial: 0.048 
(epoch: 70, iters: 172, time: 0.484, data: 0.001) G_GAN_ViT: 0.352 D_real_ViT: 0.404 D_fake_ViT: 0.221 global: 0.379 spatial: 0.101 
(epoch: 70, iters: 272, time: 0.484, data: 0.001) G_GAN_ViT: 0.467 D_real_ViT: 0.088 D_fake_ViT: 0.130 global: 0.420 spatial: 0.082 
(epoch: 70, iters: 372, time: 0.485, data: 0.002) G_GAN_ViT: 0.481 D_real_ViT: 0.173 D_fake_ViT: 0.139 global: 0.434 spatial: 0.105 
(epoch: 70, iters: 472, time: 0.485, data: 0.001) G_GAN_ViT: 0.444 D_real_ViT: 0.051 D_fake_ViT: 0.162 global: 0.434 spatial: 0.074 
(epoch: 70, iters: 572, time: 0.484, data: 0.001) G_GAN_ViT: 0.421 D_real_ViT: 0.259 D_fake_ViT: 0.163 global: 0.408 spatial: 0.107 
(epoch: 70, iters: 672, time: 0.485, data: 0.001) G_GAN_ViT: 0.452 D_real_ViT: 0.142 D_fake_ViT: 0.148 global: 0.408 spatial: 0.092 
(epoch: 70, iters: 772, time: 0.484, data: 0.001) G_GAN_ViT: 0.340 D_real_ViT: 0.181 D_fake_ViT: 0.228 global: 0.468 spatial: 0.102 
(epoch: 70, iters: 872, time: 0.484, data: 0.001) G_GAN_ViT: 0.361 D_real_ViT: 0.076 D_fake_ViT: 0.209 global: 0.432 spatial: 0.092 
(epoch: 70, iters: 972, time: 0.484, data: 0.001) G_GAN_ViT: 0.357 D_real_ViT: 0.279 D_fake_ViT: 0.223 global: 0.402 spatial: 0.113 
(epoch: 70, iters: 1072, time: 0.483, data: 0.001) G_GAN_ViT: 0.384 D_real_ViT: 0.154 D_fake_ViT: 0.179 global: 0.475 spatial: 0.075 
(epoch: 70, iters: 1172, time: 0.483, data: 0.001) G_GAN_ViT: 0.343 D_real_ViT: 0.197 D_fake_ViT: 0.214 global: 0.435 spatial: 0.093 
(epoch: 70, iters: 1272, time: 0.483, data: 0.001) G_GAN_ViT: 0.407 D_real_ViT: 0.187 D_fake_ViT: 0.173 global: 0.420 spatial: 0.102 
(epoch: 70, iters: 1372, time: 0.484, data: 0.001) G_GAN_ViT: 0.356 D_real_ViT: 0.135 D_fake_ViT: 0.223 global: 0.449 spatial: 0.111 
(epoch: 70, iters: 1472, time: 0.484, data: 0.001) G_GAN_ViT: 0.539 D_real_ViT: 0.249 D_fake_ViT: 0.099 global: 0.266 spatial: 0.047 
(epoch: 70, iters: 1572, time: 0.484, data: 0.002) G_GAN_ViT: 0.507 D_real_ViT: 0.219 D_fake_ViT: 0.122 global: 0.375 spatial: 0.085 
(epoch: 70, iters: 1672, time: 0.485, data: 0.001) G_GAN_ViT: 0.442 D_real_ViT: 0.174 D_fake_ViT: 0.156 global: 0.398 spatial: 0.097 
(epoch: 70, iters: 1772, time: 0.485, data: 0.001) G_GAN_ViT: 0.371 D_real_ViT: 0.369 D_fake_ViT: 0.208 global: 0.446 spatial: 0.088 
(epoch: 70, iters: 1872, time: 0.485, data: 0.001) G_GAN_ViT: 0.355 D_real_ViT: 0.042 D_fake_ViT: 0.206 global: 0.443 spatial: 0.067 
(epoch: 70, iters: 1972, time: 0.485, data: 0.002) G_GAN_ViT: 0.515 D_real_ViT: 0.346 D_fake_ViT: 0.116 global: 0.417 spatial: 0.101 
(epoch: 70, iters: 2072, time: 0.485, data: 0.001) G_GAN_ViT: 0.267 D_real_ViT: 0.077 D_fake_ViT: 0.281 global: 0.390 spatial: 0.095 
(epoch: 70, iters: 2172, time: 0.484, data: 0.001) G_GAN_ViT: 0.356 D_real_ViT: 0.104 D_fake_ViT: 0.218 global: 0.481 spatial: 0.090 
(epoch: 70, iters: 2272, time: 0.484, data: 0.001) G_GAN_ViT: 0.462 D_real_ViT: 0.227 D_fake_ViT: 0.147 global: 0.448 spatial: 0.107 
(epoch: 70, iters: 2372, time: 0.484, data: 0.001) G_GAN_ViT: 0.362 D_real_ViT: 0.188 D_fake_ViT: 0.199 global: 0.354 spatial: 0.083 
(epoch: 70, iters: 2472, time: 0.485, data: 0.001) G_GAN_ViT: 0.458 D_real_ViT: 0.228 D_fake_ViT: 0.140 global: 0.376 spatial: 0.058 
(epoch: 70, iters: 2572, time: 0.484, data: 0.001) G_GAN_ViT: 0.467 D_real_ViT: 0.181 D_fake_ViT: 0.133 global: 0.329 spatial: 0.055 
(epoch: 70, iters: 2672, time: 0.485, data: 0.001) G_GAN_ViT: 0.319 D_real_ViT: 0.221 D_fake_ViT: 0.229 global: 0.342 spatial: 0.078 
(epoch: 70, iters: 2772, time: 0.485, data: 0.001) G_GAN_ViT: 0.284 D_real_ViT: 0.253 D_fake_ViT: 0.270 global: 0.438 spatial: 0.091 
saving the latest model (epoch 70, total_iters 390000)
ICL_single_monitor
(epoch: 70, iters: 2872, time: 0.485, data: 0.001) G_GAN_ViT: 0.460 D_real_ViT: 0.289 D_fake_ViT: 0.140 global: 0.383 spatial: 0.090 
(epoch: 70, iters: 2972, time: 0.486, data: 0.001) G_GAN_ViT: 0.379 D_real_ViT: 0.081 D_fake_ViT: 0.195 global: 0.436 spatial: 0.083 
(epoch: 70, iters: 3072, time: 0.487, data: 0.002) G_GAN_ViT: 0.494 D_real_ViT: 0.168 D_fake_ViT: 0.121 global: 0.355 spatial: 0.059 
(epoch: 70, iters: 3172, time: 0.487, data: 0.002) G_GAN_ViT: 0.407 D_real_ViT: 0.194 D_fake_ViT: 0.198 global: 0.473 spatial: 0.114 
(epoch: 70, iters: 3272, time: 0.487, data: 0.002) G_GAN_ViT: 0.420 D_real_ViT: 0.329 D_fake_ViT: 0.169 global: 0.367 spatial: 0.097 
(epoch: 70, iters: 3372, time: 0.487, data: 0.002) G_GAN_ViT: 0.290 D_real_ViT: 0.087 D_fake_ViT: 0.256 global: 0.349 spatial: 0.074 
(epoch: 70, iters: 3472, time: 0.487, data: 0.002) G_GAN_ViT: 0.609 D_real_ViT: 0.092 D_fake_ViT: 0.112 global: 0.491 spatial: 0.122 
(epoch: 70, iters: 3572, time: 0.488, data: 0.002) G_GAN_ViT: 0.680 D_real_ViT: 0.183 D_fake_ViT: 0.083 global: 0.376 spatial: 0.088 
(epoch: 70, iters: 3672, time: 0.488, data: 0.002) G_GAN_ViT: 0.376 D_real_ViT: 0.296 D_fake_ViT: 0.195 global: 0.444 spatial: 0.087 
(epoch: 70, iters: 3772, time: 0.488, data: 0.002) G_GAN_ViT: 0.561 D_real_ViT: 0.261 D_fake_ViT: 0.094 global: 0.387 spatial: 0.061 
(epoch: 70, iters: 3872, time: 0.488, data: 0.001) G_GAN_ViT: 0.383 D_real_ViT: 0.138 D_fake_ViT: 0.181 global: 0.460 spatial: 0.075 
(epoch: 70, iters: 3972, time: 0.488, data: 0.001) G_GAN_ViT: 0.426 D_real_ViT: 0.131 D_fake_ViT: 0.163 global: 0.402 spatial: 0.101 
(epoch: 70, iters: 4072, time: 0.488, data: 0.002) G_GAN_ViT: 0.390 D_real_ViT: 0.142 D_fake_ViT: 0.171 global: 0.315 spatial: 0.063 
(epoch: 70, iters: 4172, time: 0.488, data: 0.002) G_GAN_ViT: 0.634 D_real_ViT: 0.316 D_fake_ViT: 0.093 global: 0.396 spatial: 0.099 
(epoch: 70, iters: 4272, time: 0.487, data: 0.002) G_GAN_ViT: 0.449 D_real_ViT: 0.051 D_fake_ViT: 0.148 global: 0.381 spatial: 0.103 
(epoch: 70, iters: 4372, time: 0.487, data: 0.002) G_GAN_ViT: 0.461 D_real_ViT: 0.139 D_fake_ViT: 0.140 global: 0.247 spatial: 0.062 
(epoch: 70, iters: 4472, time: 0.487, data: 0.001) G_GAN_ViT: 0.423 D_real_ViT: 0.074 D_fake_ViT: 0.156 global: 0.293 spatial: 0.064 
(epoch: 70, iters: 4572, time: 0.487, data: 0.001) G_GAN_ViT: 0.257 D_real_ViT: 0.381 D_fake_ViT: 0.286 global: 0.278 spatial: 0.055 
(epoch: 70, iters: 4672, time: 0.487, data: 0.001) G_GAN_ViT: 0.408 D_real_ViT: 0.130 D_fake_ViT: 0.170 global: 0.427 spatial: 0.090 
(epoch: 70, iters: 4772, time: 0.487, data: 0.001) G_GAN_ViT: 0.344 D_real_ViT: 0.124 D_fake_ViT: 0.244 global: 0.373 spatial: 0.086 
(epoch: 70, iters: 4872, time: 0.487, data: 0.001) G_GAN_ViT: 0.231 D_real_ViT: 0.047 D_fake_ViT: 0.325 global: 0.387 spatial: 0.093 
(epoch: 70, iters: 4972, time: 0.486, data: 0.002) G_GAN_ViT: 0.343 D_real_ViT: 0.332 D_fake_ViT: 0.216 global: 0.442 spatial: 0.083 
(epoch: 70, iters: 5072, time: 0.487, data: 0.002) G_GAN_ViT: 0.546 D_real_ViT: 0.163 D_fake_ViT: 0.094 global: 0.341 spatial: 0.062 
(epoch: 70, iters: 5172, time: 0.487, data: 0.002) G_GAN_ViT: 0.364 D_real_ViT: 0.246 D_fake_ViT: 0.199 global: 0.300 spatial: 0.059 
(epoch: 70, iters: 5272, time: 0.486, data: 0.002) G_GAN_ViT: 0.471 D_real_ViT: 0.050 D_fake_ViT: 0.140 global: 0.345 spatial: 0.062 
(epoch: 70, iters: 5372, time: 0.485, data: 0.002) G_GAN_ViT: 0.536 D_real_ViT: 0.156 D_fake_ViT: 0.103 global: 0.352 spatial: 0.060 
(epoch: 70, iters: 5472, time: 0.485, data: 0.001) G_GAN_ViT: 0.276 D_real_ViT: 0.060 D_fake_ViT: 0.271 global: 0.335 spatial: 0.084 
(epoch: 70, iters: 5572, time: 0.484, data: 0.002) G_GAN_ViT: 0.311 D_real_ViT: 0.245 D_fake_ViT: 0.242 global: 0.329 spatial: 0.058 
saving the model at the end of epoch 70, iters 392840
End of epoch 70 / 100 	 Time Taken: 2736 sec
learning rate = 0.0000059
(epoch: 71, iters: 60, time: 0.485, data: 0.003) G_GAN_ViT: 0.501 D_real_ViT: 0.054 D_fake_ViT: 0.117 global: 0.338 spatial: 0.071 
(epoch: 71, iters: 160, time: 0.485, data: 0.002) G_GAN_ViT: 0.543 D_real_ViT: 0.079 D_fake_ViT: 0.093 global: 0.330 spatial: 0.061 
(epoch: 71, iters: 260, time: 0.485, data: 0.002) G_GAN_ViT: 0.379 D_real_ViT: 0.168 D_fake_ViT: 0.201 global: 0.461 spatial: 0.085 
(epoch: 71, iters: 360, time: 0.485, data: 0.001) G_GAN_ViT: 0.557 D_real_ViT: 0.119 D_fake_ViT: 0.114 global: 0.445 spatial: 0.112 
(epoch: 71, iters: 460, time: 0.485, data: 0.001) G_GAN_ViT: 0.483 D_real_ViT: 0.114 D_fake_ViT: 0.135 global: 0.349 spatial: 0.093 
(epoch: 71, iters: 560, time: 0.484, data: 0.002) G_GAN_ViT: 0.574 D_real_ViT: 0.336 D_fake_ViT: 0.086 global: 0.370 spatial: 0.064 
(epoch: 71, iters: 660, time: 0.484, data: 0.002) G_GAN_ViT: 0.216 D_real_ViT: 0.200 D_fake_ViT: 0.335 global: 0.272 spatial: 0.058 
(epoch: 71, iters: 760, time: 0.484, data: 0.001) G_GAN_ViT: 0.394 D_real_ViT: 0.245 D_fake_ViT: 0.197 global: 0.397 spatial: 0.115 
(epoch: 71, iters: 860, time: 0.484, data: 0.002) G_GAN_ViT: 0.474 D_real_ViT: 0.122 D_fake_ViT: 0.134 global: 0.422 spatial: 0.068 
(epoch: 71, iters: 960, time: 0.484, data: 0.001) G_GAN_ViT: 0.642 D_real_ViT: 0.202 D_fake_ViT: 0.071 global: 0.386 spatial: 0.068 
(epoch: 71, iters: 1060, time: 0.484, data: 0.002) G_GAN_ViT: 0.527 D_real_ViT: 0.162 D_fake_ViT: 0.101 global: 0.320 spatial: 0.070 
(epoch: 71, iters: 1160, time: 0.484, data: 0.002) G_GAN_ViT: 0.383 D_real_ViT: 0.161 D_fake_ViT: 0.188 global: 0.403 spatial: 0.102 
(epoch: 71, iters: 1260, time: 0.484, data: 0.001) G_GAN_ViT: 0.287 D_real_ViT: 0.115 D_fake_ViT: 0.272 global: 0.427 spatial: 0.103 
(epoch: 71, iters: 1360, time: 0.484, data: 0.001) G_GAN_ViT: 0.282 D_real_ViT: 0.294 D_fake_ViT: 0.272 global: 0.463 spatial: 0.085 
(epoch: 71, iters: 1460, time: 0.484, data: 0.001) G_GAN_ViT: 0.342 D_real_ViT: 0.310 D_fake_ViT: 0.208 global: 0.411 spatial: 0.065 
(epoch: 71, iters: 1560, time: 0.483, data: 0.001) G_GAN_ViT: 0.532 D_real_ViT: 0.131 D_fake_ViT: 0.107 global: 0.328 spatial: 0.062 
(epoch: 71, iters: 1660, time: 0.483, data: 0.002) G_GAN_ViT: 0.371 D_real_ViT: 0.144 D_fake_ViT: 0.206 global: 0.422 spatial: 0.083 
(epoch: 71, iters: 1760, time: 0.484, data: 0.002) G_GAN_ViT: 0.421 D_real_ViT: 0.253 D_fake_ViT: 0.156 global: 0.359 spatial: 0.069 
(epoch: 71, iters: 1860, time: 0.484, data: 0.002) G_GAN_ViT: 0.477 D_real_ViT: 0.031 D_fake_ViT: 0.127 global: 0.356 spatial: 0.054 
(epoch: 71, iters: 1960, time: 0.484, data: 0.001) G_GAN_ViT: 0.482 D_real_ViT: 0.183 D_fake_ViT: 0.129 global: 0.325 spatial: 0.059 
(epoch: 71, iters: 2060, time: 0.485, data: 0.001) G_GAN_ViT: 0.542 D_real_ViT: 0.135 D_fake_ViT: 0.101 global: 0.387 spatial: 0.078 
(epoch: 71, iters: 2160, time: 0.484, data: 0.002) G_GAN_ViT: 0.390 D_real_ViT: 0.175 D_fake_ViT: 0.177 global: 0.313 spatial: 0.069 
saving the latest model (epoch 71, total_iters 395000)
ICL_single_monitor
(epoch: 71, iters: 2260, time: 0.484, data: 0.002) G_GAN_ViT: 0.388 D_real_ViT: 0.118 D_fake_ViT: 0.196 global: 0.474 spatial: 0.084 
(epoch: 71, iters: 2360, time: 0.484, data: 0.001) G_GAN_ViT: 0.398 D_real_ViT: 0.188 D_fake_ViT: 0.176 global: 0.432 spatial: 0.095 
(epoch: 71, iters: 2460, time: 0.484, data: 0.001) G_GAN_ViT: 0.325 D_real_ViT: 0.146 D_fake_ViT: 0.226 global: 0.403 spatial: 0.062 
(epoch: 71, iters: 2560, time: 0.485, data: 0.002) G_GAN_ViT: 0.375 D_real_ViT: 0.075 D_fake_ViT: 0.204 global: 0.502 spatial: 0.087 
(epoch: 71, iters: 2660, time: 0.484, data: 0.001) G_GAN_ViT: 0.528 D_real_ViT: 0.438 D_fake_ViT: 0.105 global: 0.418 spatial: 0.088 
(epoch: 71, iters: 2760, time: 0.483, data: 0.002) G_GAN_ViT: 0.697 D_real_ViT: 0.154 D_fake_ViT: 0.051 global: 0.271 spatial: 0.049 
(epoch: 71, iters: 2860, time: 0.483, data: 0.001) G_GAN_ViT: 0.363 D_real_ViT: 0.211 D_fake_ViT: 0.205 global: 0.418 spatial: 0.094 
(epoch: 71, iters: 2960, time: 0.483, data: 0.001) G_GAN_ViT: 0.532 D_real_ViT: 0.304 D_fake_ViT: 0.115 global: 0.408 spatial: 0.100 
(epoch: 71, iters: 3060, time: 0.483, data: 0.001) G_GAN_ViT: 0.450 D_real_ViT: 0.240 D_fake_ViT: 0.147 global: 0.412 spatial: 0.087 
(epoch: 71, iters: 3160, time: 0.483, data: 0.001) G_GAN_ViT: 0.306 D_real_ViT: 0.086 D_fake_ViT: 0.242 global: 0.410 spatial: 0.085 
(epoch: 71, iters: 3260, time: 0.483, data: 0.004) G_GAN_ViT: 0.288 D_real_ViT: 0.095 D_fake_ViT: 0.278 global: 0.428 spatial: 0.101 
(epoch: 71, iters: 3360, time: 0.483, data: 0.001) G_GAN_ViT: 0.205 D_real_ViT: 0.070 D_fake_ViT: 0.357 global: 0.317 spatial: 0.086 
(epoch: 71, iters: 3460, time: 0.484, data: 0.001) G_GAN_ViT: 0.340 D_real_ViT: 0.247 D_fake_ViT: 0.223 global: 0.509 spatial: 0.099 
(epoch: 71, iters: 3560, time: 0.484, data: 0.002) G_GAN_ViT: 0.453 D_real_ViT: 0.114 D_fake_ViT: 0.158 global: 0.365 spatial: 0.070 
(epoch: 71, iters: 3660, time: 0.484, data: 0.001) G_GAN_ViT: 0.371 D_real_ViT: 0.167 D_fake_ViT: 0.202 global: 0.458 spatial: 0.086 
(epoch: 71, iters: 3760, time: 0.484, data: 0.001) G_GAN_ViT: 0.501 D_real_ViT: 0.085 D_fake_ViT: 0.129 global: 0.499 spatial: 0.089 
(epoch: 71, iters: 3860, time: 0.484, data: 0.002) G_GAN_ViT: 0.376 D_real_ViT: 0.055 D_fake_ViT: 0.184 global: 0.405 spatial: 0.074 
(epoch: 71, iters: 3960, time: 0.483, data: 0.001) G_GAN_ViT: 0.338 D_real_ViT: 0.265 D_fake_ViT: 0.211 global: 0.361 spatial: 0.055 
(epoch: 71, iters: 4060, time: 0.484, data: 0.001) G_GAN_ViT: 0.440 D_real_ViT: 0.324 D_fake_ViT: 0.180 global: 0.443 spatial: 0.120 
(epoch: 71, iters: 4160, time: 0.484, data: 0.001) G_GAN_ViT: 0.462 D_real_ViT: 0.265 D_fake_ViT: 0.151 global: 0.436 spatial: 0.075 
(epoch: 71, iters: 4260, time: 0.484, data: 0.001) G_GAN_ViT: 0.499 D_real_ViT: 0.622 D_fake_ViT: 0.114 global: 0.406 spatial: 0.083 
(epoch: 71, iters: 4360, time: 0.484, data: 0.001) G_GAN_ViT: 0.360 D_real_ViT: 0.344 D_fake_ViT: 0.194 global: 0.475 spatial: 0.106 
(epoch: 71, iters: 4460, time: 0.484, data: 0.002) G_GAN_ViT: 0.509 D_real_ViT: 0.070 D_fake_ViT: 0.133 global: 0.390 spatial: 0.068 
(epoch: 71, iters: 4560, time: 0.485, data: 0.001) G_GAN_ViT: 0.358 D_real_ViT: 0.215 D_fake_ViT: 0.206 global: 0.437 spatial: 0.094 
(epoch: 71, iters: 4660, time: 0.484, data: 0.001) G_GAN_ViT: 0.385 D_real_ViT: 0.340 D_fake_ViT: 0.173 global: 0.338 spatial: 0.078 
(epoch: 71, iters: 4760, time: 0.485, data: 0.001) G_GAN_ViT: 0.413 D_real_ViT: 0.146 D_fake_ViT: 0.171 global: 0.355 spatial: 0.100 
(epoch: 71, iters: 4860, time: 0.485, data: 0.001) G_GAN_ViT: 0.518 D_real_ViT: 0.219 D_fake_ViT: 0.120 global: 0.348 spatial: 0.099 
(epoch: 71, iters: 4960, time: 0.485, data: 0.005) G_GAN_ViT: 0.359 D_real_ViT: 0.354 D_fake_ViT: 0.215 global: 0.436 spatial: 0.107 
(epoch: 71, iters: 5060, time: 0.484, data: 0.003) G_GAN_ViT: 0.495 D_real_ViT: 0.130 D_fake_ViT: 0.114 global: 0.261 spatial: 0.052 
(epoch: 71, iters: 5160, time: 0.484, data: 0.002) G_GAN_ViT: 0.364 D_real_ViT: 0.289 D_fake_ViT: 0.203 global: 0.376 spatial: 0.072 
(epoch: 71, iters: 5260, time: 0.484, data: 0.001) G_GAN_ViT: 0.380 D_real_ViT: 0.239 D_fake_ViT: 0.197 global: 0.337 spatial: 0.092 
(epoch: 71, iters: 5360, time: 0.484, data: 0.002) G_GAN_ViT: 0.542 D_real_ViT: 0.155 D_fake_ViT: 0.100 global: 0.262 spatial: 0.055 
(epoch: 71, iters: 5460, time: 0.484, data: 0.001) G_GAN_ViT: 0.439 D_real_ViT: 0.305 D_fake_ViT: 0.156 global: 0.475 spatial: 0.095 
(epoch: 71, iters: 5560, time: 0.483, data: 0.001) G_GAN_ViT: 0.447 D_real_ViT: 0.109 D_fake_ViT: 0.154 global: 0.331 spatial: 0.074 
End of epoch 71 / 100 	 Time Taken: 2725 sec
learning rate = 0.0000057
(epoch: 72, iters: 48, time: 0.484, data: 0.001) G_GAN_ViT: 0.255 D_real_ViT: 0.089 D_fake_ViT: 0.322 global: 0.387 spatial: 0.102 
(epoch: 72, iters: 148, time: 0.484, data: 0.001) G_GAN_ViT: 0.519 D_real_ViT: 0.115 D_fake_ViT: 0.123 global: 0.395 spatial: 0.077 
(epoch: 72, iters: 248, time: 0.484, data: 0.001) G_GAN_ViT: 0.441 D_real_ViT: 0.150 D_fake_ViT: 0.151 global: 0.343 spatial: 0.071 
(epoch: 72, iters: 348, time: 0.484, data: 0.002) G_GAN_ViT: 0.354 D_real_ViT: 0.115 D_fake_ViT: 0.218 global: 0.407 spatial: 0.099 
(epoch: 72, iters: 448, time: 0.484, data: 0.001) G_GAN_ViT: 0.354 D_real_ViT: 0.175 D_fake_ViT: 0.210 global: 0.417 spatial: 0.100 
(epoch: 72, iters: 548, time: 0.484, data: 0.001) G_GAN_ViT: 0.360 D_real_ViT: 0.634 D_fake_ViT: 0.198 global: 0.426 spatial: 0.070 
(epoch: 72, iters: 648, time: 0.483, data: 0.001) G_GAN_ViT: 0.433 D_real_ViT: 0.093 D_fake_ViT: 0.154 global: 0.362 spatial: 0.094 
(epoch: 72, iters: 748, time: 0.484, data: 0.002) G_GAN_ViT: 0.269 D_real_ViT: 0.286 D_fake_ViT: 0.292 global: 0.506 spatial: 0.104 
(epoch: 72, iters: 848, time: 0.484, data: 0.001) G_GAN_ViT: 0.250 D_real_ViT: 0.294 D_fake_ViT: 0.295 global: 0.354 spatial: 0.085 
(epoch: 72, iters: 948, time: 0.483, data: 0.002) G_GAN_ViT: 0.427 D_real_ViT: 0.102 D_fake_ViT: 0.167 global: 0.495 spatial: 0.094 
(epoch: 72, iters: 1048, time: 0.483, data: 0.001) G_GAN_ViT: 0.224 D_real_ViT: 0.208 D_fake_ViT: 0.346 global: 0.477 spatial: 0.093 
(epoch: 72, iters: 1148, time: 0.483, data: 0.001) G_GAN_ViT: 0.394 D_real_ViT: 0.251 D_fake_ViT: 0.176 global: 0.432 spatial: 0.075 
(epoch: 72, iters: 1248, time: 0.484, data: 0.001) G_GAN_ViT: 0.422 D_real_ViT: 0.381 D_fake_ViT: 0.164 global: 0.404 spatial: 0.073 
(epoch: 72, iters: 1348, time: 0.484, data: 0.001) G_GAN_ViT: 0.394 D_real_ViT: 0.132 D_fake_ViT: 0.183 global: 0.368 spatial: 0.086 
(epoch: 72, iters: 1448, time: 0.484, data: 0.002) G_GAN_ViT: 0.251 D_real_ViT: 0.295 D_fake_ViT: 0.291 global: 0.358 spatial: 0.063 
(epoch: 72, iters: 1548, time: 0.484, data: 0.002) G_GAN_ViT: 0.337 D_real_ViT: 0.224 D_fake_ViT: 0.219 global: 0.455 spatial: 0.097 
saving the latest model (epoch 72, total_iters 400000)
ICL_single_monitor
(epoch: 72, iters: 1648, time: 0.484, data: 0.001) G_GAN_ViT: 0.437 D_real_ViT: 0.408 D_fake_ViT: 0.152 global: 0.420 spatial: 0.097 
(epoch: 72, iters: 1748, time: 0.484, data: 0.001) G_GAN_ViT: 0.262 D_real_ViT: 0.191 D_fake_ViT: 0.313 global: 0.442 spatial: 0.102 
(epoch: 72, iters: 1848, time: 0.484, data: 0.001) G_GAN_ViT: 0.509 D_real_ViT: 0.200 D_fake_ViT: 0.116 global: 0.365 spatial: 0.062 
(epoch: 72, iters: 1948, time: 0.484, data: 0.001) G_GAN_ViT: 0.298 D_real_ViT: 0.119 D_fake_ViT: 0.257 global: 0.447 spatial: 0.087 
(epoch: 72, iters: 2048, time: 0.484, data: 0.002) G_GAN_ViT: 0.360 D_real_ViT: 0.222 D_fake_ViT: 0.214 global: 0.376 spatial: 0.096 
(epoch: 72, iters: 2148, time: 0.484, data: 0.002) G_GAN_ViT: 0.300 D_real_ViT: 0.272 D_fake_ViT: 0.253 global: 0.478 spatial: 0.102 
(epoch: 72, iters: 2248, time: 0.483, data: 0.001) G_GAN_ViT: 0.356 D_real_ViT: 0.485 D_fake_ViT: 0.206 global: 0.452 spatial: 0.108 
(epoch: 72, iters: 2348, time: 0.483, data: 0.001) G_GAN_ViT: 0.277 D_real_ViT: 0.432 D_fake_ViT: 0.265 global: 0.497 spatial: 0.072 
(epoch: 72, iters: 2448, time: 0.484, data: 0.001) G_GAN_ViT: 0.669 D_real_ViT: 0.234 D_fake_ViT: 0.061 global: 0.357 spatial: 0.058 
(epoch: 72, iters: 2548, time: 0.484, data: 0.003) G_GAN_ViT: 0.593 D_real_ViT: 0.397 D_fake_ViT: 0.074 global: 0.272 spatial: 0.052 
(epoch: 72, iters: 2648, time: 0.484, data: 0.001) G_GAN_ViT: 0.389 D_real_ViT: 0.185 D_fake_ViT: 0.181 global: 0.428 spatial: 0.083 
(epoch: 72, iters: 2748, time: 0.484, data: 0.001) G_GAN_ViT: 0.486 D_real_ViT: 0.249 D_fake_ViT: 0.114 global: 0.351 spatial: 0.082 
(epoch: 72, iters: 2848, time: 0.484, data: 0.001) G_GAN_ViT: 0.273 D_real_ViT: 0.225 D_fake_ViT: 0.294 global: 0.518 spatial: 0.105 
(epoch: 72, iters: 2948, time: 0.484, data: 0.002) G_GAN_ViT: 0.437 D_real_ViT: 0.548 D_fake_ViT: 0.156 global: 0.313 spatial: 0.096 
(epoch: 72, iters: 3048, time: 0.485, data: 0.001) G_GAN_ViT: 0.470 D_real_ViT: 0.111 D_fake_ViT: 0.128 global: 0.280 spatial: 0.044 
(epoch: 72, iters: 3148, time: 0.484, data: 0.002) G_GAN_ViT: 0.246 D_real_ViT: 0.238 D_fake_ViT: 0.309 global: 0.306 spatial: 0.058 
(epoch: 72, iters: 3248, time: 0.484, data: 0.001) G_GAN_ViT: 0.337 D_real_ViT: 0.195 D_fake_ViT: 0.225 global: 0.489 spatial: 0.105 
(epoch: 72, iters: 3348, time: 0.485, data: 0.001) G_GAN_ViT: 0.290 D_real_ViT: 0.420 D_fake_ViT: 0.282 global: 0.402 spatial: 0.095 
(epoch: 72, iters: 3448, time: 0.486, data: 0.001) G_GAN_ViT: 0.462 D_real_ViT: 0.248 D_fake_ViT: 0.157 global: 0.408 spatial: 0.105 
(epoch: 72, iters: 3548, time: 0.485, data: 0.001) G_GAN_ViT: 0.263 D_real_ViT: 0.068 D_fake_ViT: 0.280 global: 0.387 spatial: 0.077 
(epoch: 72, iters: 3648, time: 0.485, data: 0.001) G_GAN_ViT: 0.481 D_real_ViT: 0.157 D_fake_ViT: 0.149 global: 0.396 spatial: 0.093 
(epoch: 72, iters: 3748, time: 0.484, data: 0.001) G_GAN_ViT: 0.296 D_real_ViT: 0.143 D_fake_ViT: 0.247 global: 0.395 spatial: 0.064 
(epoch: 72, iters: 3848, time: 0.484, data: 0.001) G_GAN_ViT: 0.581 D_real_ViT: 0.287 D_fake_ViT: 0.086 global: 0.330 spatial: 0.079 
(epoch: 72, iters: 3948, time: 0.485, data: 0.002) G_GAN_ViT: 0.420 D_real_ViT: 0.188 D_fake_ViT: 0.174 global: 0.358 spatial: 0.095 
(epoch: 72, iters: 4048, time: 0.485, data: 0.001) G_GAN_ViT: 0.489 D_real_ViT: 0.217 D_fake_ViT: 0.155 global: 0.383 spatial: 0.087 
(epoch: 72, iters: 4148, time: 0.485, data: 0.002) G_GAN_ViT: 0.396 D_real_ViT: 0.101 D_fake_ViT: 0.171 global: 0.349 spatial: 0.068 
(epoch: 72, iters: 4248, time: 0.486, data: 0.001) G_GAN_ViT: 0.531 D_real_ViT: 0.085 D_fake_ViT: 0.101 global: 0.266 spatial: 0.048 
(epoch: 72, iters: 4348, time: 0.487, data: 0.001) G_GAN_ViT: 0.566 D_real_ViT: 0.239 D_fake_ViT: 0.086 global: 0.299 spatial: 0.058 
(epoch: 72, iters: 4448, time: 0.486, data: 0.001) G_GAN_ViT: 0.375 D_real_ViT: 0.273 D_fake_ViT: 0.188 global: 0.401 spatial: 0.072 
(epoch: 72, iters: 4548, time: 0.486, data: 0.001) G_GAN_ViT: 0.341 D_real_ViT: 0.119 D_fake_ViT: 0.238 global: 0.509 spatial: 0.085 
(epoch: 72, iters: 4648, time: 0.486, data: 0.001) G_GAN_ViT: 0.466 D_real_ViT: 0.136 D_fake_ViT: 0.129 global: 0.470 spatial: 0.072 
(epoch: 72, iters: 4748, time: 0.486, data: 0.001) G_GAN_ViT: 0.300 D_real_ViT: 0.707 D_fake_ViT: 0.263 global: 0.445 spatial: 0.087 
(epoch: 72, iters: 4848, time: 0.485, data: 0.001) G_GAN_ViT: 0.356 D_real_ViT: 0.194 D_fake_ViT: 0.201 global: 0.422 spatial: 0.082 
(epoch: 72, iters: 4948, time: 0.484, data: 0.003) G_GAN_ViT: 0.408 D_real_ViT: 0.234 D_fake_ViT: 0.211 global: 0.516 spatial: 0.121 
(epoch: 72, iters: 5048, time: 0.485, data: 0.001) G_GAN_ViT: 0.353 D_real_ViT: 0.323 D_fake_ViT: 0.226 global: 0.424 spatial: 0.087 
(epoch: 72, iters: 5148, time: 0.485, data: 0.001) G_GAN_ViT: 0.285 D_real_ViT: 0.263 D_fake_ViT: 0.272 global: 0.352 spatial: 0.085 
(epoch: 72, iters: 5248, time: 0.485, data: 0.001) G_GAN_ViT: 0.296 D_real_ViT: 0.147 D_fake_ViT: 0.266 global: 0.426 spatial: 0.095 
(epoch: 72, iters: 5348, time: 0.486, data: 0.002) G_GAN_ViT: 0.225 D_real_ViT: 0.207 D_fake_ViT: 0.325 global: 0.349 spatial: 0.081 
(epoch: 72, iters: 5448, time: 0.485, data: 0.001) G_GAN_ViT: 0.428 D_real_ViT: 0.069 D_fake_ViT: 0.158 global: 0.442 spatial: 0.097 
(epoch: 72, iters: 5548, time: 0.485, data: 0.001) G_GAN_ViT: 0.354 D_real_ViT: 0.114 D_fake_ViT: 0.229 global: 0.473 spatial: 0.085 
End of epoch 72 / 100 	 Time Taken: 2728 sec
learning rate = 0.0000055
(epoch: 73, iters: 36, time: 0.485, data: 0.001) G_GAN_ViT: 0.485 D_real_ViT: 0.210 D_fake_ViT: 0.118 global: 0.259 spatial: 0.049 
(epoch: 73, iters: 136, time: 0.485, data: 0.001) G_GAN_ViT: 0.335 D_real_ViT: 0.143 D_fake_ViT: 0.220 global: 0.368 spatial: 0.091 
(epoch: 73, iters: 236, time: 0.485, data: 0.001) G_GAN_ViT: 0.328 D_real_ViT: 0.249 D_fake_ViT: 0.224 global: 0.406 spatial: 0.081 
(epoch: 73, iters: 336, time: 0.485, data: 0.001) G_GAN_ViT: 0.441 D_real_ViT: 0.050 D_fake_ViT: 0.152 global: 0.381 spatial: 0.097 
(epoch: 73, iters: 436, time: 0.485, data: 0.001) G_GAN_ViT: 0.522 D_real_ViT: 0.238 D_fake_ViT: 0.124 global: 0.433 spatial: 0.122 
(epoch: 73, iters: 536, time: 0.485, data: 0.002) G_GAN_ViT: 0.417 D_real_ViT: 0.225 D_fake_ViT: 0.172 global: 0.365 spatial: 0.075 
(epoch: 73, iters: 636, time: 0.485, data: 0.002) G_GAN_ViT: 0.405 D_real_ViT: 0.197 D_fake_ViT: 0.169 global: 0.405 spatial: 0.071 
(epoch: 73, iters: 736, time: 0.485, data: 0.001) G_GAN_ViT: 0.520 D_real_ViT: 0.241 D_fake_ViT: 0.100 global: 0.257 spatial: 0.049 
(epoch: 73, iters: 836, time: 0.485, data: 0.001) G_GAN_ViT: 0.315 D_real_ViT: 0.265 D_fake_ViT: 0.277 global: 0.430 spatial: 0.089 
(epoch: 73, iters: 936, time: 0.484, data: 0.001) G_GAN_ViT: 0.273 D_real_ViT: 0.212 D_fake_ViT: 0.271 global: 0.255 spatial: 0.061 
saving the latest model (epoch 73, total_iters 405000)
ICL_single_monitor
(epoch: 73, iters: 1036, time: 0.485, data: 0.001) G_GAN_ViT: 0.498 D_real_ViT: 0.218 D_fake_ViT: 0.117 global: 0.371 spatial: 0.057 
(epoch: 73, iters: 1136, time: 0.484, data: 0.001) G_GAN_ViT: 0.288 D_real_ViT: 0.302 D_fake_ViT: 0.277 global: 0.417 spatial: 0.095 
(epoch: 73, iters: 1236, time: 0.485, data: 0.001) G_GAN_ViT: 0.382 D_real_ViT: 0.108 D_fake_ViT: 0.182 global: 0.390 spatial: 0.092 
(epoch: 73, iters: 1336, time: 0.484, data: 0.001) G_GAN_ViT: 0.417 D_real_ViT: 0.204 D_fake_ViT: 0.162 global: 0.361 spatial: 0.083 
(epoch: 73, iters: 1436, time: 0.485, data: 0.001) G_GAN_ViT: 0.347 D_real_ViT: 0.356 D_fake_ViT: 0.207 global: 0.421 spatial: 0.091 
(epoch: 73, iters: 1536, time: 0.484, data: 0.002) G_GAN_ViT: 0.547 D_real_ViT: 0.262 D_fake_ViT: 0.105 global: 0.414 spatial: 0.106 
(epoch: 73, iters: 1636, time: 0.483, data: 0.001) G_GAN_ViT: 0.448 D_real_ViT: 0.364 D_fake_ViT: 0.142 global: 0.485 spatial: 0.084 
(epoch: 73, iters: 1736, time: 0.484, data: 0.002) G_GAN_ViT: 0.485 D_real_ViT: 0.172 D_fake_ViT: 0.123 global: 0.420 spatial: 0.087 
(epoch: 73, iters: 1836, time: 0.484, data: 0.001) G_GAN_ViT: 0.461 D_real_ViT: 0.248 D_fake_ViT: 0.136 global: 0.470 spatial: 0.098 
(epoch: 73, iters: 1936, time: 0.485, data: 0.002) G_GAN_ViT: 0.440 D_real_ViT: 0.143 D_fake_ViT: 0.155 global: 0.409 spatial: 0.099 
(epoch: 73, iters: 2036, time: 0.484, data: 0.002) G_GAN_ViT: 0.456 D_real_ViT: 0.205 D_fake_ViT: 0.178 global: 0.462 spatial: 0.112 
(epoch: 73, iters: 2136, time: 0.485, data: 0.001) G_GAN_ViT: 0.412 D_real_ViT: 0.253 D_fake_ViT: 0.170 global: 0.453 spatial: 0.088 
(epoch: 73, iters: 2236, time: 0.485, data: 0.002) G_GAN_ViT: 0.512 D_real_ViT: 0.046 D_fake_ViT: 0.129 global: 0.421 spatial: 0.096 
(epoch: 73, iters: 2336, time: 0.485, data: 0.002) G_GAN_ViT: 0.312 D_real_ViT: 0.114 D_fake_ViT: 0.259 global: 0.451 spatial: 0.093 
(epoch: 73, iters: 2436, time: 0.485, data: 0.001) G_GAN_ViT: 0.614 D_real_ViT: 0.071 D_fake_ViT: 0.092 global: 0.528 spatial: 0.107 
(epoch: 73, iters: 2536, time: 0.485, data: 0.001) G_GAN_ViT: 0.442 D_real_ViT: 0.243 D_fake_ViT: 0.144 global: 0.343 spatial: 0.075 
(epoch: 73, iters: 2636, time: 0.484, data: 0.001) G_GAN_ViT: 0.617 D_real_ViT: 0.240 D_fake_ViT: 0.065 global: 0.244 spatial: 0.048 
(epoch: 73, iters: 2736, time: 0.485, data: 0.001) G_GAN_ViT: 0.366 D_real_ViT: 0.062 D_fake_ViT: 0.204 global: 0.470 spatial: 0.092 
(epoch: 73, iters: 2836, time: 0.485, data: 0.001) G_GAN_ViT: 0.348 D_real_ViT: 0.285 D_fake_ViT: 0.239 global: 0.506 spatial: 0.092 
(epoch: 73, iters: 2936, time: 0.483, data: 0.001) G_GAN_ViT: 0.338 D_real_ViT: 0.311 D_fake_ViT: 0.228 global: 0.449 spatial: 0.088 
(epoch: 73, iters: 3036, time: 0.484, data: 0.006) G_GAN_ViT: 0.492 D_real_ViT: 0.063 D_fake_ViT: 0.131 global: 0.351 spatial: 0.097 
(epoch: 73, iters: 3136, time: 0.485, data: 0.001) G_GAN_ViT: 0.299 D_real_ViT: 0.193 D_fake_ViT: 0.245 global: 0.481 spatial: 0.071 
(epoch: 73, iters: 3236, time: 0.485, data: 0.002) G_GAN_ViT: 0.533 D_real_ViT: 0.125 D_fake_ViT: 0.105 global: 0.323 spatial: 0.062 
(epoch: 73, iters: 3336, time: 0.485, data: 0.001) G_GAN_ViT: 0.556 D_real_ViT: 0.377 D_fake_ViT: 0.086 global: 0.255 spatial: 0.049 
(epoch: 73, iters: 3436, time: 0.486, data: 0.002) G_GAN_ViT: 0.464 D_real_ViT: 0.258 D_fake_ViT: 0.125 global: 0.232 spatial: 0.049 
(epoch: 73, iters: 3536, time: 0.485, data: 0.001) G_GAN_ViT: 0.276 D_real_ViT: 0.210 D_fake_ViT: 0.290 global: 0.379 spatial: 0.084 
(epoch: 73, iters: 3636, time: 0.485, data: 0.001) G_GAN_ViT: 0.568 D_real_ViT: 0.586 D_fake_ViT: 0.124 global: 0.522 spatial: 0.125 
(epoch: 73, iters: 3736, time: 0.485, data: 0.001) G_GAN_ViT: 0.371 D_real_ViT: 0.185 D_fake_ViT: 0.205 global: 0.338 spatial: 0.071 
(epoch: 73, iters: 3836, time: 0.485, data: 0.002) G_GAN_ViT: 0.538 D_real_ViT: 0.664 D_fake_ViT: 0.094 global: 0.358 spatial: 0.054 
(epoch: 73, iters: 3936, time: 0.485, data: 0.001) G_GAN_ViT: 0.570 D_real_ViT: 0.196 D_fake_ViT: 0.090 global: 0.346 spatial: 0.081 
(epoch: 73, iters: 4036, time: 0.485, data: 0.001) G_GAN_ViT: 0.397 D_real_ViT: 0.288 D_fake_ViT: 0.181 global: 0.389 spatial: 0.082 
(epoch: 73, iters: 4136, time: 0.485, data: 0.001) G_GAN_ViT: 0.255 D_real_ViT: 0.384 D_fake_ViT: 0.281 global: 0.392 spatial: 0.078 
(epoch: 73, iters: 4236, time: 0.485, data: 0.002) G_GAN_ViT: 0.403 D_real_ViT: 0.041 D_fake_ViT: 0.190 global: 0.474 spatial: 0.083 
(epoch: 73, iters: 4336, time: 0.485, data: 0.001) G_GAN_ViT: 0.434 D_real_ViT: 0.227 D_fake_ViT: 0.154 global: 0.462 spatial: 0.088 
(epoch: 73, iters: 4436, time: 0.484, data: 0.001) G_GAN_ViT: 0.449 D_real_ViT: 0.150 D_fake_ViT: 0.146 global: 0.495 spatial: 0.098 
(epoch: 73, iters: 4536, time: 0.484, data: 0.001) G_GAN_ViT: 0.471 D_real_ViT: 0.204 D_fake_ViT: 0.130 global: 0.348 spatial: 0.070 
(epoch: 73, iters: 4636, time: 0.484, data: 0.001) G_GAN_ViT: 0.471 D_real_ViT: 0.116 D_fake_ViT: 0.138 global: 0.391 spatial: 0.070 
(epoch: 73, iters: 4736, time: 0.485, data: 0.002) G_GAN_ViT: 0.310 D_real_ViT: 0.143 D_fake_ViT: 0.234 global: 0.385 spatial: 0.091 
(epoch: 73, iters: 4836, time: 0.485, data: 0.001) G_GAN_ViT: 0.273 D_real_ViT: 0.186 D_fake_ViT: 0.292 global: 0.495 spatial: 0.098 
(epoch: 73, iters: 4936, time: 0.486, data: 0.001) G_GAN_ViT: 0.239 D_real_ViT: 0.103 D_fake_ViT: 0.321 global: 0.478 spatial: 0.105 
(epoch: 73, iters: 5036, time: 0.485, data: 0.002) G_GAN_ViT: 0.449 D_real_ViT: 0.102 D_fake_ViT: 0.189 global: 0.514 spatial: 0.129 
(epoch: 73, iters: 5136, time: 0.485, data: 0.001) G_GAN_ViT: 0.406 D_real_ViT: 0.290 D_fake_ViT: 0.174 global: 0.354 spatial: 0.067 
(epoch: 73, iters: 5236, time: 0.485, data: 0.001) G_GAN_ViT: 0.277 D_real_ViT: 0.206 D_fake_ViT: 0.270 global: 0.466 spatial: 0.084 
(epoch: 73, iters: 5336, time: 0.485, data: 0.001) G_GAN_ViT: 0.570 D_real_ViT: 0.092 D_fake_ViT: 0.101 global: 0.405 spatial: 0.106 
(epoch: 73, iters: 5436, time: 0.484, data: 0.001) G_GAN_ViT: 0.359 D_real_ViT: 0.208 D_fake_ViT: 0.210 global: 0.496 spatial: 0.089 
(epoch: 73, iters: 5536, time: 0.484, data: 0.002) G_GAN_ViT: 0.345 D_real_ViT: 0.182 D_fake_ViT: 0.205 global: 0.291 spatial: 0.053 
End of epoch 73 / 100 	 Time Taken: 2729 sec
learning rate = 0.0000053
(epoch: 74, iters: 24, time: 0.483, data: 0.002) G_GAN_ViT: 0.277 D_real_ViT: 0.309 D_fake_ViT: 0.279 global: 0.445 spatial: 0.102 
(epoch: 74, iters: 124, time: 0.483, data: 0.002) G_GAN_ViT: 0.412 D_real_ViT: 0.179 D_fake_ViT: 0.164 global: 0.338 spatial: 0.062 
(epoch: 74, iters: 224, time: 0.483, data: 0.002) G_GAN_ViT: 0.384 D_real_ViT: 0.202 D_fake_ViT: 0.190 global: 0.451 spatial: 0.079 
(epoch: 74, iters: 324, time: 0.483, data: 0.001) G_GAN_ViT: 0.494 D_real_ViT: 0.233 D_fake_ViT: 0.108 global: 0.353 spatial: 0.074 
saving the latest model (epoch 74, total_iters 410000)
ICL_single_monitor
(epoch: 74, iters: 424, time: 0.484, data: 0.001) G_GAN_ViT: 0.520 D_real_ViT: 0.281 D_fake_ViT: 0.123 global: 0.468 spatial: 0.113 
(epoch: 74, iters: 524, time: 0.485, data: 0.001) G_GAN_ViT: 0.269 D_real_ViT: 0.180 D_fake_ViT: 0.272 global: 0.424 spatial: 0.100 
(epoch: 74, iters: 624, time: 0.484, data: 0.002) G_GAN_ViT: 0.291 D_real_ViT: 0.259 D_fake_ViT: 0.248 global: 0.431 spatial: 0.070 
(epoch: 74, iters: 724, time: 0.485, data: 0.001) G_GAN_ViT: 0.380 D_real_ViT: 0.190 D_fake_ViT: 0.178 global: 0.298 spatial: 0.063 
(epoch: 74, iters: 824, time: 0.486, data: 0.002) G_GAN_ViT: 0.384 D_real_ViT: 0.236 D_fake_ViT: 0.181 global: 0.396 spatial: 0.081 
(epoch: 74, iters: 924, time: 0.484, data: 0.001) G_GAN_ViT: 0.540 D_real_ViT: 0.187 D_fake_ViT: 0.101 global: 0.354 spatial: 0.065 
(epoch: 74, iters: 1024, time: 0.484, data: 0.001) G_GAN_ViT: 0.556 D_real_ViT: 0.384 D_fake_ViT: 0.089 global: 0.278 spatial: 0.052 
(epoch: 74, iters: 1124, time: 0.483, data: 0.002) G_GAN_ViT: 0.397 D_real_ViT: 0.332 D_fake_ViT: 0.188 global: 0.461 spatial: 0.084 
(epoch: 74, iters: 1224, time: 0.484, data: 0.002) G_GAN_ViT: 0.312 D_real_ViT: 0.238 D_fake_ViT: 0.236 global: 0.376 spatial: 0.084 
(epoch: 74, iters: 1324, time: 0.484, data: 0.001) G_GAN_ViT: 0.454 D_real_ViT: 0.142 D_fake_ViT: 0.133 global: 0.248 spatial: 0.044 
(epoch: 74, iters: 1424, time: 0.484, data: 0.001) G_GAN_ViT: 0.378 D_real_ViT: 0.178 D_fake_ViT: 0.185 global: 0.451 spatial: 0.072 
(epoch: 74, iters: 1524, time: 0.484, data: 0.001) G_GAN_ViT: 0.463 D_real_ViT: 0.086 D_fake_ViT: 0.132 global: 0.312 spatial: 0.070 
(epoch: 74, iters: 1624, time: 0.485, data: 0.001) G_GAN_ViT: 0.319 D_real_ViT: 0.247 D_fake_ViT: 0.232 global: 0.257 spatial: 0.055 
(epoch: 74, iters: 1724, time: 0.486, data: 0.001) G_GAN_ViT: 0.358 D_real_ViT: 0.376 D_fake_ViT: 0.215 global: 0.428 spatial: 0.106 
(epoch: 74, iters: 1824, time: 0.485, data: 0.001) G_GAN_ViT: 0.232 D_real_ViT: 0.209 D_fake_ViT: 0.312 global: 0.320 spatial: 0.086 
(epoch: 74, iters: 1924, time: 0.485, data: 0.002) G_GAN_ViT: 0.464 D_real_ViT: 0.086 D_fake_ViT: 0.146 global: 0.500 spatial: 0.083 
(epoch: 74, iters: 2024, time: 0.485, data: 0.001) G_GAN_ViT: 0.501 D_real_ViT: 0.193 D_fake_ViT: 0.127 global: 0.471 spatial: 0.089 
(epoch: 74, iters: 2124, time: 0.485, data: 0.001) G_GAN_ViT: 0.481 D_real_ViT: 0.067 D_fake_ViT: 0.128 global: 0.417 spatial: 0.078 
(epoch: 74, iters: 2224, time: 0.484, data: 0.002) G_GAN_ViT: 0.379 D_real_ViT: 0.400 D_fake_ViT: 0.177 global: 0.404 spatial: 0.090 
(epoch: 74, iters: 2324, time: 0.484, data: 0.001) G_GAN_ViT: 0.469 D_real_ViT: 0.042 D_fake_ViT: 0.162 global: 0.401 spatial: 0.092 
(epoch: 74, iters: 2424, time: 0.484, data: 0.001) G_GAN_ViT: 0.361 D_real_ViT: 0.335 D_fake_ViT: 0.210 global: 0.395 spatial: 0.081 
(epoch: 74, iters: 2524, time: 0.484, data: 0.001) G_GAN_ViT: 0.247 D_real_ViT: 0.293 D_fake_ViT: 0.298 global: 0.384 spatial: 0.089 
(epoch: 74, iters: 2624, time: 0.485, data: 0.001) G_GAN_ViT: 0.480 D_real_ViT: 0.222 D_fake_ViT: 0.133 global: 0.393 spatial: 0.103 
(epoch: 74, iters: 2724, time: 0.484, data: 0.001) G_GAN_ViT: 0.314 D_real_ViT: 0.112 D_fake_ViT: 0.247 global: 0.387 spatial: 0.098 
(epoch: 74, iters: 2824, time: 0.484, data: 0.001) G_GAN_ViT: 0.401 D_real_ViT: 0.057 D_fake_ViT: 0.168 global: 0.334 spatial: 0.066 
(epoch: 74, iters: 2924, time: 0.484, data: 0.001) G_GAN_ViT: 0.444 D_real_ViT: 0.173 D_fake_ViT: 0.153 global: 0.357 spatial: 0.081 
(epoch: 74, iters: 3024, time: 0.484, data: 0.002) G_GAN_ViT: 0.406 D_real_ViT: 0.617 D_fake_ViT: 0.177 global: 0.442 spatial: 0.097 
(epoch: 74, iters: 3124, time: 0.485, data: 0.001) G_GAN_ViT: 0.348 D_real_ViT: 0.152 D_fake_ViT: 0.200 global: 0.340 spatial: 0.074 
(epoch: 74, iters: 3224, time: 0.485, data: 0.001) G_GAN_ViT: 0.254 D_real_ViT: 0.116 D_fake_ViT: 0.291 global: 0.232 spatial: 0.051 
(epoch: 74, iters: 3324, time: 0.485, data: 0.001) G_GAN_ViT: 0.436 D_real_ViT: 0.092 D_fake_ViT: 0.194 global: 0.491 spatial: 0.114 
(epoch: 74, iters: 3424, time: 0.485, data: 0.001) G_GAN_ViT: 0.262 D_real_ViT: 0.181 D_fake_ViT: 0.318 global: 0.486 spatial: 0.096 
(epoch: 74, iters: 3524, time: 0.485, data: 0.001) G_GAN_ViT: 0.325 D_real_ViT: 0.195 D_fake_ViT: 0.233 global: 0.447 spatial: 0.093 
(epoch: 74, iters: 3624, time: 0.484, data: 0.001) G_GAN_ViT: 0.357 D_real_ViT: 0.255 D_fake_ViT: 0.198 global: 0.444 spatial: 0.085 
(epoch: 74, iters: 3724, time: 0.485, data: 0.001) G_GAN_ViT: 0.394 D_real_ViT: 0.286 D_fake_ViT: 0.179 global: 0.372 spatial: 0.087 
(epoch: 74, iters: 3824, time: 0.483, data: 0.001) G_GAN_ViT: 0.521 D_real_ViT: 0.220 D_fake_ViT: 0.106 global: 0.316 spatial: 0.059 
(epoch: 74, iters: 3924, time: 0.483, data: 0.001) G_GAN_ViT: 0.482 D_real_ViT: 0.072 D_fake_ViT: 0.154 global: 0.513 spatial: 0.117 
(epoch: 74, iters: 4024, time: 0.483, data: 0.002) G_GAN_ViT: 0.204 D_real_ViT: 0.124 D_fake_ViT: 0.363 global: 0.283 spatial: 0.083 
(epoch: 74, iters: 4124, time: 0.484, data: 0.001) G_GAN_ViT: 0.217 D_real_ViT: 0.047 D_fake_ViT: 0.335 global: 0.322 spatial: 0.089 
(epoch: 74, iters: 4224, time: 0.483, data: 0.001) G_GAN_ViT: 0.463 D_real_ViT: 0.291 D_fake_ViT: 0.145 global: 0.369 spatial: 0.093 
(epoch: 74, iters: 4324, time: 0.484, data: 0.001) G_GAN_ViT: 0.220 D_real_ViT: 0.098 D_fake_ViT: 0.337 global: 0.339 spatial: 0.095 
(epoch: 74, iters: 4424, time: 0.484, data: 0.001) G_GAN_ViT: 0.426 D_real_ViT: 0.189 D_fake_ViT: 0.157 global: 0.357 spatial: 0.075 
(epoch: 74, iters: 4524, time: 0.485, data: 0.001) G_GAN_ViT: 0.378 D_real_ViT: 0.113 D_fake_ViT: 0.198 global: 0.518 spatial: 0.112 
(epoch: 74, iters: 4624, time: 0.484, data: 0.001) G_GAN_ViT: 0.366 D_real_ViT: 0.063 D_fake_ViT: 0.195 global: 0.457 spatial: 0.078 
(epoch: 74, iters: 4724, time: 0.485, data: 0.001) G_GAN_ViT: 0.626 D_real_ViT: 0.240 D_fake_ViT: 0.069 global: 0.250 spatial: 0.049 
(epoch: 74, iters: 4824, time: 0.486, data: 0.001) G_GAN_ViT: 0.317 D_real_ViT: 0.173 D_fake_ViT: 0.252 global: 0.490 spatial: 0.093 
(epoch: 74, iters: 4924, time: 0.485, data: 0.001) G_GAN_ViT: 0.317 D_real_ViT: 0.221 D_fake_ViT: 0.240 global: 0.415 spatial: 0.083 
(epoch: 74, iters: 5024, time: 0.485, data: 0.001) G_GAN_ViT: 0.422 D_real_ViT: 0.123 D_fake_ViT: 0.149 global: 0.222 spatial: 0.046 
(epoch: 74, iters: 5124, time: 0.485, data: 0.002) G_GAN_ViT: 0.301 D_real_ViT: 0.388 D_fake_ViT: 0.246 global: 0.265 spatial: 0.058 
(epoch: 74, iters: 5224, time: 0.485, data: 0.001) G_GAN_ViT: 0.404 D_real_ViT: 0.207 D_fake_ViT: 0.169 global: 0.379 spatial: 0.099 
(epoch: 74, iters: 5324, time: 0.485, data: 0.001) G_GAN_ViT: 0.392 D_real_ViT: 0.267 D_fake_ViT: 0.188 global: 0.449 spatial: 0.110 
saving the latest model (epoch 74, total_iters 415000)
ICL_single_monitor
(epoch: 74, iters: 5424, time: 0.485, data: 0.001) G_GAN_ViT: 0.345 D_real_ViT: 0.082 D_fake_ViT: 0.223 global: 0.458 spatial: 0.093 
(epoch: 74, iters: 5524, time: 0.485, data: 0.001) G_GAN_ViT: 0.406 D_real_ViT: 0.155 D_fake_ViT: 0.188 global: 0.422 spatial: 0.122 
End of epoch 74 / 100 	 Time Taken: 2729 sec
learning rate = 0.0000051
(epoch: 75, iters: 12, time: 0.485, data: 0.001) G_GAN_ViT: 0.418 D_real_ViT: 0.225 D_fake_ViT: 0.162 global: 0.407 spatial: 0.097 
(epoch: 75, iters: 112, time: 0.485, data: 0.001) G_GAN_ViT: 0.457 D_real_ViT: 0.055 D_fake_ViT: 0.155 global: 0.434 spatial: 0.103 
(epoch: 75, iters: 212, time: 0.486, data: 0.002) G_GAN_ViT: 0.280 D_real_ViT: 0.124 D_fake_ViT: 0.266 global: 0.402 spatial: 0.098 
(epoch: 75, iters: 312, time: 0.485, data: 0.001) G_GAN_ViT: 0.500 D_real_ViT: 0.260 D_fake_ViT: 0.129 global: 0.409 spatial: 0.085 
(epoch: 75, iters: 412, time: 0.484, data: 0.001) G_GAN_ViT: 0.520 D_real_ViT: 0.337 D_fake_ViT: 0.105 global: 0.325 spatial: 0.063 
(epoch: 75, iters: 512, time: 0.485, data: 0.001) G_GAN_ViT: 0.265 D_real_ViT: 0.237 D_fake_ViT: 0.279 global: 0.257 spatial: 0.056 
(epoch: 75, iters: 612, time: 0.485, data: 0.001) G_GAN_ViT: 0.400 D_real_ViT: 0.191 D_fake_ViT: 0.175 global: 0.387 spatial: 0.092 
(epoch: 75, iters: 712, time: 0.485, data: 0.001) G_GAN_ViT: 0.463 D_real_ViT: 0.229 D_fake_ViT: 0.135 global: 0.332 spatial: 0.077 
(epoch: 75, iters: 812, time: 0.485, data: 0.002) G_GAN_ViT: 0.194 D_real_ViT: 0.161 D_fake_ViT: 0.376 global: 0.410 spatial: 0.103 
(epoch: 75, iters: 912, time: 0.484, data: 0.001) G_GAN_ViT: 0.532 D_real_ViT: 0.164 D_fake_ViT: 0.114 global: 0.428 spatial: 0.079 
(epoch: 75, iters: 1012, time: 0.484, data: 0.001) G_GAN_ViT: 0.373 D_real_ViT: 0.091 D_fake_ViT: 0.184 global: 0.315 spatial: 0.065 
(epoch: 75, iters: 1112, time: 0.485, data: 0.001) G_GAN_ViT: 0.534 D_real_ViT: 0.064 D_fake_ViT: 0.120 global: 0.487 spatial: 0.097 
(epoch: 75, iters: 1212, time: 0.485, data: 0.001) G_GAN_ViT: 0.418 D_real_ViT: 0.055 D_fake_ViT: 0.158 global: 0.315 spatial: 0.055 
(epoch: 75, iters: 1312, time: 0.485, data: 0.001) G_GAN_ViT: 0.386 D_real_ViT: 0.180 D_fake_ViT: 0.188 global: 0.426 spatial: 0.092 
(epoch: 75, iters: 1412, time: 0.485, data: 0.001) G_GAN_ViT: 0.343 D_real_ViT: 0.179 D_fake_ViT: 0.223 global: 0.412 spatial: 0.084 
(epoch: 75, iters: 1512, time: 0.486, data: 0.001) G_GAN_ViT: 0.573 D_real_ViT: 0.109 D_fake_ViT: 0.092 global: 0.303 spatial: 0.059 
(epoch: 75, iters: 1612, time: 0.486, data: 0.002) G_GAN_ViT: 0.272 D_real_ViT: 0.181 D_fake_ViT: 0.271 global: 0.424 spatial: 0.090 
(epoch: 75, iters: 1712, time: 0.486, data: 0.001) G_GAN_ViT: 0.457 D_real_ViT: 0.210 D_fake_ViT: 0.152 global: 0.515 spatial: 0.081 
(epoch: 75, iters: 1812, time: 0.485, data: 0.002) G_GAN_ViT: 0.445 D_real_ViT: 0.154 D_fake_ViT: 0.176 global: 0.514 spatial: 0.130 
(epoch: 75, iters: 1912, time: 0.485, data: 0.002) G_GAN_ViT: 0.423 D_real_ViT: 0.149 D_fake_ViT: 0.166 global: 0.452 spatial: 0.091 
(epoch: 75, iters: 2012, time: 0.484, data: 0.001) G_GAN_ViT: 0.611 D_real_ViT: 0.198 D_fake_ViT: 0.077 global: 0.317 spatial: 0.067 
(epoch: 75, iters: 2112, time: 0.485, data: 0.001) G_GAN_ViT: 0.346 D_real_ViT: 0.223 D_fake_ViT: 0.221 global: 0.420 spatial: 0.085 
(epoch: 75, iters: 2212, time: 0.485, data: 0.001) G_GAN_ViT: 0.302 D_real_ViT: 0.344 D_fake_ViT: 0.239 global: 0.385 spatial: 0.102 
(epoch: 75, iters: 2312, time: 0.485, data: 0.001) G_GAN_ViT: 0.378 D_real_ViT: 0.148 D_fake_ViT: 0.201 global: 0.431 spatial: 0.093 
(epoch: 75, iters: 2412, time: 0.486, data: 0.001) G_GAN_ViT: 0.322 D_real_ViT: 0.276 D_fake_ViT: 0.233 global: 0.381 spatial: 0.102 
(epoch: 75, iters: 2512, time: 0.486, data: 0.001) G_GAN_ViT: 0.396 D_real_ViT: 0.055 D_fake_ViT: 0.183 global: 0.501 spatial: 0.084 
(epoch: 75, iters: 2612, time: 0.486, data: 0.002) G_GAN_ViT: 0.606 D_real_ViT: 0.046 D_fake_ViT: 0.071 global: 0.254 spatial: 0.052 
(epoch: 75, iters: 2712, time: 0.487, data: 0.001) G_GAN_ViT: 0.301 D_real_ViT: 0.263 D_fake_ViT: 0.271 global: 0.455 spatial: 0.094 
(epoch: 75, iters: 2812, time: 0.486, data: 0.001) G_GAN_ViT: 0.342 D_real_ViT: 0.230 D_fake_ViT: 0.208 global: 0.349 spatial: 0.088 
(epoch: 75, iters: 2912, time: 0.485, data: 0.001) G_GAN_ViT: 0.385 D_real_ViT: 0.433 D_fake_ViT: 0.182 global: 0.379 spatial: 0.088 
(epoch: 75, iters: 3012, time: 0.486, data: 0.001) G_GAN_ViT: 0.464 D_real_ViT: 0.340 D_fake_ViT: 0.148 global: 0.485 spatial: 0.082 
(epoch: 75, iters: 3112, time: 0.486, data: 0.001) G_GAN_ViT: 0.472 D_real_ViT: 0.078 D_fake_ViT: 0.155 global: 0.412 spatial: 0.118 
(epoch: 75, iters: 3212, time: 0.485, data: 0.001) G_GAN_ViT: 0.530 D_real_ViT: 0.226 D_fake_ViT: 0.100 global: 0.496 spatial: 0.080 
(epoch: 75, iters: 3312, time: 0.486, data: 0.001) G_GAN_ViT: 0.356 D_real_ViT: 0.143 D_fake_ViT: 0.194 global: 0.433 spatial: 0.072 
(epoch: 75, iters: 3412, time: 0.485, data: 0.001) G_GAN_ViT: 0.477 D_real_ViT: 0.058 D_fake_ViT: 0.131 global: 0.467 spatial: 0.090 
(epoch: 75, iters: 3512, time: 0.485, data: 0.002) G_GAN_ViT: 0.411 D_real_ViT: 0.271 D_fake_ViT: 0.165 global: 0.479 spatial: 0.089 
(epoch: 75, iters: 3612, time: 0.485, data: 0.001) G_GAN_ViT: 0.202 D_real_ViT: 0.322 D_fake_ViT: 0.354 global: 0.342 spatial: 0.091 
(epoch: 75, iters: 3712, time: 0.485, data: 0.002) G_GAN_ViT: 0.427 D_real_ViT: 0.259 D_fake_ViT: 0.142 global: 0.317 spatial: 0.069 
(epoch: 75, iters: 3812, time: 0.486, data: 0.001) G_GAN_ViT: 0.377 D_real_ViT: 0.203 D_fake_ViT: 0.209 global: 0.406 spatial: 0.097 
(epoch: 75, iters: 3912, time: 0.486, data: 0.001) G_GAN_ViT: 0.369 D_real_ViT: 0.187 D_fake_ViT: 0.187 global: 0.490 spatial: 0.065 
(epoch: 75, iters: 4012, time: 0.486, data: 0.001) G_GAN_ViT: 0.426 D_real_ViT: 0.266 D_fake_ViT: 0.167 global: 0.392 spatial: 0.087 
(epoch: 75, iters: 4112, time: 0.487, data: 0.001) G_GAN_ViT: 0.362 D_real_ViT: 0.277 D_fake_ViT: 0.198 global: 0.377 spatial: 0.089 
(epoch: 75, iters: 4212, time: 0.487, data: 0.001) G_GAN_ViT: 0.324 D_real_ViT: 0.184 D_fake_ViT: 0.229 global: 0.458 spatial: 0.093 
(epoch: 75, iters: 4312, time: 0.486, data: 0.001) G_GAN_ViT: 0.315 D_real_ViT: 0.218 D_fake_ViT: 0.247 global: 0.416 spatial: 0.083 
(epoch: 75, iters: 4412, time: 0.484, data: 0.001) G_GAN_ViT: 0.372 D_real_ViT: 0.181 D_fake_ViT: 0.187 global: 0.353 spatial: 0.076 
(epoch: 75, iters: 4512, time: 0.484, data: 0.001) G_GAN_ViT: 0.334 D_real_ViT: 0.282 D_fake_ViT: 0.218 global: 0.397 spatial: 0.097 
(epoch: 75, iters: 4612, time: 0.485, data: 0.001) G_GAN_ViT: 0.512 D_real_ViT: 0.143 D_fake_ViT: 0.111 global: 0.381 spatial: 0.084 
(epoch: 75, iters: 4712, time: 0.486, data: 0.001) G_GAN_ViT: 0.368 D_real_ViT: 0.286 D_fake_ViT: 0.233 global: 0.416 spatial: 0.102 
saving the latest model (epoch 75, total_iters 420000)
ICL_single_monitor
(epoch: 75, iters: 4812, time: 0.485, data: 0.001) G_GAN_ViT: 0.263 D_real_ViT: 0.105 D_fake_ViT: 0.287 global: 0.360 spatial: 0.067 
(epoch: 75, iters: 4912, time: 0.485, data: 0.001) G_GAN_ViT: 0.479 D_real_ViT: 0.237 D_fake_ViT: 0.132 global: 0.417 spatial: 0.099 
(epoch: 75, iters: 5012, time: 0.486, data: 0.001) G_GAN_ViT: 0.536 D_real_ViT: 0.044 D_fake_ViT: 0.109 global: 0.386 spatial: 0.095 
(epoch: 75, iters: 5112, time: 0.486, data: 0.001) G_GAN_ViT: 0.330 D_real_ViT: 0.349 D_fake_ViT: 0.232 global: 0.496 spatial: 0.099 
(epoch: 75, iters: 5212, time: 0.486, data: 0.001) G_GAN_ViT: 0.479 D_real_ViT: 0.330 D_fake_ViT: 0.124 global: 0.301 spatial: 0.052 
(epoch: 75, iters: 5312, time: 0.485, data: 0.001) G_GAN_ViT: 0.377 D_real_ViT: 0.207 D_fake_ViT: 0.191 global: 0.378 spatial: 0.092 
(epoch: 75, iters: 5412, time: 0.485, data: 0.001) G_GAN_ViT: 0.400 D_real_ViT: 0.140 D_fake_ViT: 0.172 global: 0.450 spatial: 0.096 
(epoch: 75, iters: 5512, time: 0.486, data: 0.001) G_GAN_ViT: 0.363 D_real_ViT: 0.129 D_fake_ViT: 0.203 global: 0.460 spatial: 0.083 
(epoch: 75, iters: 5612, time: 0.485, data: 0.002) G_GAN_ViT: 0.351 D_real_ViT: 0.305 D_fake_ViT: 0.199 global: 0.366 spatial: 0.063 
saving the model at the end of epoch 75, iters 420900
End of epoch 75 / 100 	 Time Taken: 2734 sec
learning rate = 0.0000049
(epoch: 76, iters: 100, time: 0.485, data: 0.125) G_GAN_ViT: 0.370 D_real_ViT: 0.038 D_fake_ViT: 0.203 global: 0.460 spatial: 0.080 
(epoch: 76, iters: 200, time: 0.485, data: 0.001) G_GAN_ViT: 0.367 D_real_ViT: 0.318 D_fake_ViT: 0.191 global: 0.510 spatial: 0.068 
(epoch: 76, iters: 300, time: 0.486, data: 0.002) G_GAN_ViT: 0.343 D_real_ViT: 0.182 D_fake_ViT: 0.214 global: 0.335 spatial: 0.090 
(epoch: 76, iters: 400, time: 0.486, data: 0.002) G_GAN_ViT: 0.511 D_real_ViT: 0.153 D_fake_ViT: 0.130 global: 0.413 spatial: 0.109 
(epoch: 76, iters: 500, time: 0.487, data: 0.001) G_GAN_ViT: 0.315 D_real_ViT: 0.258 D_fake_ViT: 0.248 global: 0.449 spatial: 0.088 
(epoch: 76, iters: 600, time: 0.486, data: 0.001) G_GAN_ViT: 0.400 D_real_ViT: 0.208 D_fake_ViT: 0.185 global: 0.402 spatial: 0.115 
(epoch: 76, iters: 700, time: 0.486, data: 0.001) G_GAN_ViT: 0.423 D_real_ViT: 0.251 D_fake_ViT: 0.166 global: 0.415 spatial: 0.093 
(epoch: 76, iters: 800, time: 0.486, data: 0.001) G_GAN_ViT: 0.438 D_real_ViT: 0.059 D_fake_ViT: 0.155 global: 0.429 spatial: 0.090 
(epoch: 76, iters: 900, time: 0.486, data: 0.001) G_GAN_ViT: 0.400 D_real_ViT: 0.328 D_fake_ViT: 0.167 global: 0.465 spatial: 0.089 
(epoch: 76, iters: 1000, time: 0.486, data: 0.001) G_GAN_ViT: 0.297 D_real_ViT: 0.139 D_fake_ViT: 0.260 global: 0.455 spatial: 0.087 
(epoch: 76, iters: 1100, time: 0.486, data: 0.001) G_GAN_ViT: 0.337 D_real_ViT: 0.282 D_fake_ViT: 0.226 global: 0.319 spatial: 0.093 
(epoch: 76, iters: 1200, time: 0.485, data: 0.001) G_GAN_ViT: 0.286 D_real_ViT: 0.196 D_fake_ViT: 0.254 global: 0.283 spatial: 0.058 
(epoch: 76, iters: 1300, time: 0.485, data: 0.001) G_GAN_ViT: 0.255 D_real_ViT: 0.205 D_fake_ViT: 0.295 global: 0.373 spatial: 0.076 
(epoch: 76, iters: 1400, time: 0.485, data: 0.002) G_GAN_ViT: 0.367 D_real_ViT: 0.130 D_fake_ViT: 0.204 global: 0.449 spatial: 0.081 
(epoch: 76, iters: 1500, time: 0.485, data: 0.001) G_GAN_ViT: 0.254 D_real_ViT: 0.184 D_fake_ViT: 0.296 global: 0.361 spatial: 0.100 
(epoch: 76, iters: 1600, time: 0.485, data: 0.001) G_GAN_ViT: 0.342 D_real_ViT: 0.104 D_fake_ViT: 0.215 global: 0.428 spatial: 0.079 
(epoch: 76, iters: 1700, time: 0.485, data: 0.002) G_GAN_ViT: 0.410 D_real_ViT: 0.422 D_fake_ViT: 0.175 global: 0.380 spatial: 0.102 
(epoch: 76, iters: 1800, time: 0.486, data: 0.001) G_GAN_ViT: 0.239 D_real_ViT: 0.198 D_fake_ViT: 0.306 global: 0.364 spatial: 0.087 
(epoch: 76, iters: 1900, time: 0.485, data: 0.002) G_GAN_ViT: 0.343 D_real_ViT: 0.162 D_fake_ViT: 0.238 global: 0.492 spatial: 0.084 
(epoch: 76, iters: 2000, time: 0.486, data: 0.001) G_GAN_ViT: 0.307 D_real_ViT: 0.136 D_fake_ViT: 0.238 global: 0.416 spatial: 0.082 
(epoch: 76, iters: 2100, time: 0.486, data: 0.001) G_GAN_ViT: 0.432 D_real_ViT: 0.284 D_fake_ViT: 0.146 global: 0.249 spatial: 0.050 
(epoch: 76, iters: 2200, time: 0.487, data: 0.001) G_GAN_ViT: 0.358 D_real_ViT: 0.245 D_fake_ViT: 0.188 global: 0.263 spatial: 0.050 
(epoch: 76, iters: 2300, time: 0.486, data: 0.001) G_GAN_ViT: 0.291 D_real_ViT: 0.329 D_fake_ViT: 0.251 global: 0.391 spatial: 0.064 
(epoch: 76, iters: 2400, time: 0.487, data: 0.002) G_GAN_ViT: 0.498 D_real_ViT: 0.322 D_fake_ViT: 0.112 global: 0.279 spatial: 0.049 
(epoch: 76, iters: 2500, time: 0.486, data: 0.001) G_GAN_ViT: 0.484 D_real_ViT: 0.396 D_fake_ViT: 0.120 global: 0.448 spatial: 0.075 
(epoch: 76, iters: 2600, time: 0.484, data: 0.001) G_GAN_ViT: 0.479 D_real_ViT: 0.596 D_fake_ViT: 0.116 global: 0.260 spatial: 0.044 
(epoch: 76, iters: 2700, time: 0.484, data: 0.001) G_GAN_ViT: 0.454 D_real_ViT: 0.040 D_fake_ViT: 0.151 global: 0.431 spatial: 0.084 
(epoch: 76, iters: 2800, time: 0.485, data: 0.001) G_GAN_ViT: 0.395 D_real_ViT: 0.144 D_fake_ViT: 0.194 global: 0.418 spatial: 0.117 
(epoch: 76, iters: 2900, time: 0.485, data: 0.001) G_GAN_ViT: 0.303 D_real_ViT: 0.225 D_fake_ViT: 0.252 global: 0.350 spatial: 0.092 
(epoch: 76, iters: 3000, time: 0.485, data: 0.001) G_GAN_ViT: 0.530 D_real_ViT: 0.227 D_fake_ViT: 0.100 global: 0.295 spatial: 0.050 
(epoch: 76, iters: 3100, time: 0.485, data: 0.001) G_GAN_ViT: 0.585 D_real_ViT: 0.203 D_fake_ViT: 0.079 global: 0.271 spatial: 0.044 
(epoch: 76, iters: 3200, time: 0.485, data: 0.001) G_GAN_ViT: 0.378 D_real_ViT: 0.204 D_fake_ViT: 0.176 global: 0.417 spatial: 0.067 
(epoch: 76, iters: 3300, time: 0.486, data: 0.002) G_GAN_ViT: 0.219 D_real_ViT: 0.325 D_fake_ViT: 0.331 global: 0.347 spatial: 0.079 
(epoch: 76, iters: 3400, time: 0.487, data: 0.001) G_GAN_ViT: 0.339 D_real_ViT: 0.391 D_fake_ViT: 0.203 global: 0.306 spatial: 0.071 
(epoch: 76, iters: 3500, time: 0.487, data: 0.001) G_GAN_ViT: 0.259 D_real_ViT: 0.186 D_fake_ViT: 0.281 global: 0.310 spatial: 0.091 
(epoch: 76, iters: 3600, time: 0.487, data: 0.001) G_GAN_ViT: 0.364 D_real_ViT: 0.223 D_fake_ViT: 0.194 global: 0.369 spatial: 0.075 
(epoch: 76, iters: 3700, time: 0.486, data: 0.002) G_GAN_ViT: 0.371 D_real_ViT: 0.181 D_fake_ViT: 0.194 global: 0.339 spatial: 0.072 
(epoch: 76, iters: 3800, time: 0.486, data: 0.001) G_GAN_ViT: 0.268 D_real_ViT: 0.175 D_fake_ViT: 0.281 global: 0.445 spatial: 0.087 
(epoch: 76, iters: 3900, time: 0.486, data: 0.001) G_GAN_ViT: 0.349 D_real_ViT: 0.275 D_fake_ViT: 0.210 global: 0.397 spatial: 0.101 
(epoch: 76, iters: 4000, time: 0.486, data: 0.001) G_GAN_ViT: 0.260 D_real_ViT: 0.223 D_fake_ViT: 0.284 global: 0.386 spatial: 0.071 
(epoch: 76, iters: 4100, time: 0.486, data: 0.001) G_GAN_ViT: 0.331 D_real_ViT: 0.149 D_fake_ViT: 0.212 global: 0.407 spatial: 0.065 
saving the latest model (epoch 76, total_iters 425000)
ICL_single_monitor
(epoch: 76, iters: 4200, time: 0.486, data: 0.001) G_GAN_ViT: 0.304 D_real_ViT: 0.158 D_fake_ViT: 0.253 global: 0.501 spatial: 0.101 
(epoch: 76, iters: 4300, time: 0.486, data: 0.001) G_GAN_ViT: 0.541 D_real_ViT: 0.041 D_fake_ViT: 0.108 global: 0.416 spatial: 0.104 
(epoch: 76, iters: 4400, time: 0.487, data: 0.001) G_GAN_ViT: 0.356 D_real_ViT: 0.035 D_fake_ViT: 0.210 global: 0.478 spatial: 0.114 
(epoch: 76, iters: 4500, time: 0.487, data: 0.001) G_GAN_ViT: 0.275 D_real_ViT: 0.269 D_fake_ViT: 0.269 global: 0.330 spatial: 0.081 
(epoch: 76, iters: 4600, time: 0.487, data: 0.001) G_GAN_ViT: 0.416 D_real_ViT: 0.299 D_fake_ViT: 0.169 global: 0.472 spatial: 0.105 
(epoch: 76, iters: 4700, time: 0.486, data: 0.001) G_GAN_ViT: 0.454 D_real_ViT: 0.544 D_fake_ViT: 0.152 global: 0.435 spatial: 0.091 
(epoch: 76, iters: 4800, time: 0.487, data: 0.001) G_GAN_ViT: 0.523 D_real_ViT: 0.310 D_fake_ViT: 0.115 global: 0.513 spatial: 0.097 
(epoch: 76, iters: 4900, time: 0.486, data: 0.001) G_GAN_ViT: 0.356 D_real_ViT: 0.265 D_fake_ViT: 0.243 global: 0.329 spatial: 0.090 
(epoch: 76, iters: 5000, time: 0.486, data: 0.002) G_GAN_ViT: 0.357 D_real_ViT: 0.118 D_fake_ViT: 0.189 global: 0.254 spatial: 0.049 
(epoch: 76, iters: 5100, time: 0.486, data: 0.002) G_GAN_ViT: 0.387 D_real_ViT: 0.229 D_fake_ViT: 0.174 global: 0.288 spatial: 0.067 
(epoch: 76, iters: 5200, time: 0.487, data: 0.001) G_GAN_ViT: 0.284 D_real_ViT: 0.218 D_fake_ViT: 0.272 global: 0.370 spatial: 0.080 
(epoch: 76, iters: 5300, time: 0.486, data: 0.002) G_GAN_ViT: 0.383 D_real_ViT: 0.035 D_fake_ViT: 0.191 global: 0.398 spatial: 0.093 
(epoch: 76, iters: 5400, time: 0.486, data: 0.001) G_GAN_ViT: 0.407 D_real_ViT: 0.036 D_fake_ViT: 0.163 global: 0.257 spatial: 0.049 
(epoch: 76, iters: 5500, time: 0.486, data: 0.002) G_GAN_ViT: 0.411 D_real_ViT: 0.177 D_fake_ViT: 0.184 global: 0.445 spatial: 0.121 
(epoch: 76, iters: 5600, time: 0.486, data: 0.001) G_GAN_ViT: 0.518 D_real_ViT: 0.255 D_fake_ViT: 0.109 global: 0.371 spatial: 0.081 
End of epoch 76 / 100 	 Time Taken: 2736 sec
learning rate = 0.0000047
(epoch: 77, iters: 88, time: 0.486, data: 0.001) G_GAN_ViT: 0.351 D_real_ViT: 0.085 D_fake_ViT: 0.196 global: 0.250 spatial: 0.054 
(epoch: 77, iters: 188, time: 0.486, data: 0.001) G_GAN_ViT: 0.422 D_real_ViT: 0.173 D_fake_ViT: 0.150 global: 0.458 spatial: 0.074 
(epoch: 77, iters: 288, time: 0.486, data: 0.001) G_GAN_ViT: 0.404 D_real_ViT: 0.297 D_fake_ViT: 0.171 global: 0.463 spatial: 0.094 
(epoch: 77, iters: 388, time: 0.487, data: 0.001) G_GAN_ViT: 0.384 D_real_ViT: 0.152 D_fake_ViT: 0.186 global: 0.439 spatial: 0.079 
(epoch: 77, iters: 488, time: 0.487, data: 0.001) G_GAN_ViT: 0.417 D_real_ViT: 0.048 D_fake_ViT: 0.162 global: 0.465 spatial: 0.084 
(epoch: 77, iters: 588, time: 0.486, data: 0.001) G_GAN_ViT: 0.281 D_real_ViT: 0.171 D_fake_ViT: 0.264 global: 0.371 spatial: 0.088 
(epoch: 77, iters: 688, time: 0.487, data: 0.001) G_GAN_ViT: 0.251 D_real_ViT: 0.374 D_fake_ViT: 0.329 global: 0.421 spatial: 0.087 
(epoch: 77, iters: 788, time: 0.487, data: 0.001) G_GAN_ViT: 0.413 D_real_ViT: 0.233 D_fake_ViT: 0.160 global: 0.292 spatial: 0.058 
(epoch: 77, iters: 888, time: 0.487, data: 0.001) G_GAN_ViT: 0.377 D_real_ViT: 0.228 D_fake_ViT: 0.193 global: 0.319 spatial: 0.090 
(epoch: 77, iters: 988, time: 0.487, data: 0.001) G_GAN_ViT: 0.444 D_real_ViT: 0.154 D_fake_ViT: 0.135 global: 0.212 spatial: 0.046 
(epoch: 77, iters: 1088, time: 0.487, data: 0.001) G_GAN_ViT: 0.292 D_real_ViT: 0.339 D_fake_ViT: 0.239 global: 0.339 spatial: 0.060 
(epoch: 77, iters: 1188, time: 0.486, data: 0.001) G_GAN_ViT: 0.259 D_real_ViT: 0.248 D_fake_ViT: 0.286 global: 0.376 spatial: 0.084 
(epoch: 77, iters: 1288, time: 0.487, data: 0.001) G_GAN_ViT: 0.186 D_real_ViT: 0.051 D_fake_ViT: 0.365 global: 0.388 spatial: 0.081 
(epoch: 77, iters: 1388, time: 0.485, data: 0.001) G_GAN_ViT: 0.387 D_real_ViT: 0.514 D_fake_ViT: 0.176 global: 0.376 spatial: 0.074 
(epoch: 77, iters: 1488, time: 0.485, data: 0.001) G_GAN_ViT: 0.359 D_real_ViT: 0.202 D_fake_ViT: 0.196 global: 0.441 spatial: 0.081 
(epoch: 77, iters: 1588, time: 0.485, data: 0.001) G_GAN_ViT: 0.339 D_real_ViT: 0.213 D_fake_ViT: 0.213 global: 0.406 spatial: 0.073 
(epoch: 77, iters: 1688, time: 0.486, data: 0.001) G_GAN_ViT: 0.603 D_real_ViT: 0.352 D_fake_ViT: 0.070 global: 0.233 spatial: 0.048 
(epoch: 77, iters: 1788, time: 0.486, data: 0.001) G_GAN_ViT: 0.602 D_real_ViT: 0.215 D_fake_ViT: 0.072 global: 0.272 spatial: 0.053 
(epoch: 77, iters: 1888, time: 0.485, data: 0.001) G_GAN_ViT: 0.525 D_real_ViT: 0.236 D_fake_ViT: 0.117 global: 0.408 spatial: 0.101 
(epoch: 77, iters: 1988, time: 0.484, data: 0.001) G_GAN_ViT: 0.315 D_real_ViT: 0.319 D_fake_ViT: 0.242 global: 0.357 spatial: 0.091 
(epoch: 77, iters: 2088, time: 0.483, data: 0.001) G_GAN_ViT: 0.335 D_real_ViT: 0.287 D_fake_ViT: 0.209 global: 0.413 spatial: 0.076 
(epoch: 77, iters: 2188, time: 0.483, data: 0.001) G_GAN_ViT: 0.363 D_real_ViT: 0.113 D_fake_ViT: 0.197 global: 0.405 spatial: 0.097 
(epoch: 77, iters: 2288, time: 0.483, data: 0.001) G_GAN_ViT: 0.519 D_real_ViT: 0.302 D_fake_ViT: 0.140 global: 0.383 spatial: 0.089 
(epoch: 77, iters: 2388, time: 0.483, data: 0.001) G_GAN_ViT: 0.404 D_real_ViT: 0.216 D_fake_ViT: 0.182 global: 0.333 spatial: 0.090 
(epoch: 77, iters: 2488, time: 0.483, data: 0.001) G_GAN_ViT: 0.297 D_real_ViT: 0.129 D_fake_ViT: 0.254 global: 0.412 spatial: 0.075 
(epoch: 77, iters: 2588, time: 0.484, data: 0.001) G_GAN_ViT: 0.390 D_real_ViT: 0.173 D_fake_ViT: 0.191 global: 0.394 spatial: 0.115 
(epoch: 77, iters: 2688, time: 0.485, data: 0.002) G_GAN_ViT: 0.335 D_real_ViT: 0.276 D_fake_ViT: 0.220 global: 0.456 spatial: 0.079 
(epoch: 77, iters: 2788, time: 0.485, data: 0.001) G_GAN_ViT: 0.295 D_real_ViT: 0.123 D_fake_ViT: 0.261 global: 0.508 spatial: 0.099 
(epoch: 77, iters: 2888, time: 0.485, data: 0.001) G_GAN_ViT: 0.438 D_real_ViT: 0.228 D_fake_ViT: 0.141 global: 0.327 spatial: 0.067 
(epoch: 77, iters: 2988, time: 0.485, data: 0.001) G_GAN_ViT: 0.408 D_real_ViT: 0.075 D_fake_ViT: 0.164 global: 0.320 spatial: 0.074 
(epoch: 77, iters: 3088, time: 0.486, data: 0.001) G_GAN_ViT: 0.386 D_real_ViT: 0.249 D_fake_ViT: 0.184 global: 0.429 spatial: 0.104 
(epoch: 77, iters: 3188, time: 0.485, data: 0.001) G_GAN_ViT: 0.270 D_real_ViT: 0.346 D_fake_ViT: 0.279 global: 0.449 spatial: 0.108 
(epoch: 77, iters: 3288, time: 0.484, data: 0.001) G_GAN_ViT: 0.227 D_real_ViT: 0.186 D_fake_ViT: 0.335 global: 0.419 spatial: 0.101 
(epoch: 77, iters: 3388, time: 0.483, data: 0.001) G_GAN_ViT: 0.200 D_real_ViT: 0.149 D_fake_ViT: 0.359 global: 0.354 spatial: 0.094 
(epoch: 77, iters: 3488, time: 0.484, data: 0.001) G_GAN_ViT: 0.387 D_real_ViT: 0.042 D_fake_ViT: 0.190 global: 0.402 spatial: 0.113 
saving the latest model (epoch 77, total_iters 430000)
ICL_single_monitor
(epoch: 77, iters: 3588, time: 0.484, data: 0.001) G_GAN_ViT: 0.418 D_real_ViT: 0.252 D_fake_ViT: 0.167 global: 0.464 spatial: 0.096 
(epoch: 77, iters: 3688, time: 0.484, data: 0.001) G_GAN_ViT: 0.215 D_real_ViT: 0.349 D_fake_ViT: 0.326 global: 0.388 spatial: 0.073 
(epoch: 77, iters: 3788, time: 0.485, data: 0.001) G_GAN_ViT: 0.342 D_real_ViT: 0.266 D_fake_ViT: 0.221 global: 0.444 spatial: 0.078 
(epoch: 77, iters: 3888, time: 0.485, data: 0.001) G_GAN_ViT: 0.347 D_real_ViT: 0.193 D_fake_ViT: 0.202 global: 0.371 spatial: 0.074 
(epoch: 77, iters: 3988, time: 0.486, data: 0.001) G_GAN_ViT: 0.473 D_real_ViT: 0.344 D_fake_ViT: 0.141 global: 0.467 spatial: 0.111 
(epoch: 77, iters: 4088, time: 0.486, data: 0.001) G_GAN_ViT: 0.611 D_real_ViT: 0.195 D_fake_ViT: 0.096 global: 0.443 spatial: 0.111 
(epoch: 77, iters: 4188, time: 0.485, data: 0.001) G_GAN_ViT: 0.352 D_real_ViT: 0.370 D_fake_ViT: 0.204 global: 0.439 spatial: 0.096 
(epoch: 77, iters: 4288, time: 0.485, data: 0.001) G_GAN_ViT: 0.379 D_real_ViT: 0.090 D_fake_ViT: 0.179 global: 0.362 spatial: 0.062 
(epoch: 77, iters: 4388, time: 0.486, data: 0.001) G_GAN_ViT: 0.393 D_real_ViT: 0.329 D_fake_ViT: 0.165 global: 0.260 spatial: 0.050 
(epoch: 77, iters: 4488, time: 0.485, data: 0.001) G_GAN_ViT: 0.368 D_real_ViT: 0.260 D_fake_ViT: 0.201 global: 0.371 spatial: 0.084 
(epoch: 77, iters: 4588, time: 0.485, data: 0.002) G_GAN_ViT: 0.511 D_real_ViT: 0.112 D_fake_ViT: 0.109 global: 0.480 spatial: 0.081 
(epoch: 77, iters: 4688, time: 0.485, data: 0.001) G_GAN_ViT: 0.399 D_real_ViT: 0.056 D_fake_ViT: 0.164 global: 0.242 spatial: 0.039 
(epoch: 77, iters: 4788, time: 0.484, data: 0.001) G_GAN_ViT: 0.622 D_real_ViT: 0.283 D_fake_ViT: 0.063 global: 0.229 spatial: 0.050 
(epoch: 77, iters: 4888, time: 0.485, data: 0.001) G_GAN_ViT: 0.578 D_real_ViT: 0.152 D_fake_ViT: 0.084 global: 0.326 spatial: 0.069 
(epoch: 77, iters: 4988, time: 0.485, data: 0.001) G_GAN_ViT: 0.584 D_real_ViT: 0.083 D_fake_ViT: 0.112 global: 0.471 spatial: 0.111 
(epoch: 77, iters: 5088, time: 0.486, data: 0.001) G_GAN_ViT: 0.460 D_real_ViT: 0.482 D_fake_ViT: 0.144 global: 0.462 spatial: 0.069 
(epoch: 77, iters: 5188, time: 0.485, data: 0.001) G_GAN_ViT: 0.350 D_real_ViT: 0.134 D_fake_ViT: 0.204 global: 0.362 spatial: 0.069 
(epoch: 77, iters: 5288, time: 0.485, data: 0.001) G_GAN_ViT: 0.459 D_real_ViT: 0.087 D_fake_ViT: 0.146 global: 0.405 spatial: 0.095 
(epoch: 77, iters: 5388, time: 0.486, data: 0.001) G_GAN_ViT: 0.507 D_real_ViT: 0.091 D_fake_ViT: 0.129 global: 0.379 spatial: 0.075 
(epoch: 77, iters: 5488, time: 0.486, data: 0.001) G_GAN_ViT: 0.402 D_real_ViT: 0.242 D_fake_ViT: 0.166 global: 0.396 spatial: 0.080 
(epoch: 77, iters: 5588, time: 0.485, data: 0.001) G_GAN_ViT: 0.330 D_real_ViT: 0.209 D_fake_ViT: 0.217 global: 0.375 spatial: 0.089 
End of epoch 77 / 100 	 Time Taken: 2731 sec
learning rate = 0.0000045
(epoch: 78, iters: 76, time: 0.484, data: 0.001) G_GAN_ViT: 0.285 D_real_ViT: 0.034 D_fake_ViT: 0.280 global: 0.393 spatial: 0.093 
(epoch: 78, iters: 176, time: 0.484, data: 0.001) G_GAN_ViT: 0.365 D_real_ViT: 0.263 D_fake_ViT: 0.194 global: 0.377 spatial: 0.098 
(epoch: 78, iters: 276, time: 0.483, data: 0.001) G_GAN_ViT: 0.505 D_real_ViT: 0.182 D_fake_ViT: 0.117 global: 0.395 spatial: 0.086 
(epoch: 78, iters: 376, time: 0.482, data: 0.001) G_GAN_ViT: 0.374 D_real_ViT: 0.192 D_fake_ViT: 0.191 global: 0.502 spatial: 0.080 
(epoch: 78, iters: 476, time: 0.483, data: 0.001) G_GAN_ViT: 0.450 D_real_ViT: 0.241 D_fake_ViT: 0.131 global: 0.257 spatial: 0.049 
(epoch: 78, iters: 576, time: 0.483, data: 0.001) G_GAN_ViT: 0.420 D_real_ViT: 0.350 D_fake_ViT: 0.159 global: 0.499 spatial: 0.079 
(epoch: 78, iters: 676, time: 0.484, data: 0.001) G_GAN_ViT: 0.357 D_real_ViT: 0.334 D_fake_ViT: 0.205 global: 0.416 spatial: 0.081 
(epoch: 78, iters: 776, time: 0.484, data: 0.001) G_GAN_ViT: 0.537 D_real_ViT: 0.361 D_fake_ViT: 0.139 global: 0.365 spatial: 0.095 
(epoch: 78, iters: 876, time: 0.484, data: 0.001) G_GAN_ViT: 0.485 D_real_ViT: 0.305 D_fake_ViT: 0.117 global: 0.425 spatial: 0.072 
(epoch: 78, iters: 976, time: 0.484, data: 0.001) G_GAN_ViT: 0.369 D_real_ViT: 0.070 D_fake_ViT: 0.205 global: 0.443 spatial: 0.078 
(epoch: 78, iters: 1076, time: 0.484, data: 0.001) G_GAN_ViT: 0.534 D_real_ViT: 0.105 D_fake_ViT: 0.099 global: 0.371 spatial: 0.080 
(epoch: 78, iters: 1176, time: 0.484, data: 0.001) G_GAN_ViT: 0.466 D_real_ViT: 0.226 D_fake_ViT: 0.139 global: 0.484 spatial: 0.091 
(epoch: 78, iters: 1276, time: 0.484, data: 0.001) G_GAN_ViT: 0.426 D_real_ViT: 0.130 D_fake_ViT: 0.163 global: 0.488 spatial: 0.081 
(epoch: 78, iters: 1376, time: 0.484, data: 0.001) G_GAN_ViT: 0.375 D_real_ViT: 0.205 D_fake_ViT: 0.189 global: 0.438 spatial: 0.087 
(epoch: 78, iters: 1476, time: 0.486, data: 0.002) G_GAN_ViT: 0.377 D_real_ViT: 0.249 D_fake_ViT: 0.182 global: 0.418 spatial: 0.073 
(epoch: 78, iters: 1576, time: 0.485, data: 0.001) G_GAN_ViT: 0.439 D_real_ViT: 0.311 D_fake_ViT: 0.156 global: 0.434 spatial: 0.105 
(epoch: 78, iters: 1676, time: 0.485, data: 0.002) G_GAN_ViT: 0.260 D_real_ViT: 0.043 D_fake_ViT: 0.296 global: 0.375 spatial: 0.102 
(epoch: 78, iters: 1776, time: 0.486, data: 0.001) G_GAN_ViT: 0.367 D_real_ViT: 0.112 D_fake_ViT: 0.206 global: 0.381 spatial: 0.100 
(epoch: 78, iters: 1876, time: 0.485, data: 0.001) G_GAN_ViT: 0.289 D_real_ViT: 0.181 D_fake_ViT: 0.264 global: 0.438 spatial: 0.111 
(epoch: 78, iters: 1976, time: 0.484, data: 0.001) G_GAN_ViT: 0.317 D_real_ViT: 0.210 D_fake_ViT: 0.223 global: 0.328 spatial: 0.072 
(epoch: 78, iters: 2076, time: 0.484, data: 0.001) G_GAN_ViT: 0.457 D_real_ViT: 0.049 D_fake_ViT: 0.145 global: 0.468 spatial: 0.099 
(epoch: 78, iters: 2176, time: 0.484, data: 0.001) G_GAN_ViT: 0.371 D_real_ViT: 0.452 D_fake_ViT: 0.190 global: 0.466 spatial: 0.105 
(epoch: 78, iters: 2276, time: 0.484, data: 0.001) G_GAN_ViT: 0.423 D_real_ViT: 0.617 D_fake_ViT: 0.144 global: 0.300 spatial: 0.055 
(epoch: 78, iters: 2376, time: 0.483, data: 0.001) G_GAN_ViT: 0.459 D_real_ViT: 0.119 D_fake_ViT: 0.140 global: 0.398 spatial: 0.077 
(epoch: 78, iters: 2476, time: 0.483, data: 0.001) G_GAN_ViT: 0.436 D_real_ViT: 0.261 D_fake_ViT: 0.149 global: 0.386 spatial: 0.082 
(epoch: 78, iters: 2576, time: 0.483, data: 0.001) G_GAN_ViT: 0.305 D_real_ViT: 0.221 D_fake_ViT: 0.236 global: 0.371 spatial: 0.099 
(epoch: 78, iters: 2676, time: 0.484, data: 0.001) G_GAN_ViT: 0.621 D_real_ViT: 0.195 D_fake_ViT: 0.088 global: 0.413 spatial: 0.101 
(epoch: 78, iters: 2776, time: 0.484, data: 0.001) G_GAN_ViT: 0.404 D_real_ViT: 0.201 D_fake_ViT: 0.176 global: 0.406 spatial: 0.095 
(epoch: 78, iters: 2876, time: 0.483, data: 0.001) G_GAN_ViT: 0.318 D_real_ViT: 0.213 D_fake_ViT: 0.242 global: 0.464 spatial: 0.090 
saving the latest model (epoch 78, total_iters 435000)
ICL_single_monitor
(epoch: 78, iters: 2976, time: 0.484, data: 0.001) G_GAN_ViT: 0.318 D_real_ViT: 0.207 D_fake_ViT: 0.240 global: 0.396 spatial: 0.084 
(epoch: 78, iters: 3076, time: 0.484, data: 0.001) G_GAN_ViT: 0.412 D_real_ViT: 0.097 D_fake_ViT: 0.166 global: 0.349 spatial: 0.065 
(epoch: 78, iters: 3176, time: 0.484, data: 0.001) G_GAN_ViT: 0.191 D_real_ViT: 0.239 D_fake_ViT: 0.372 global: 0.340 spatial: 0.091 
(epoch: 78, iters: 3276, time: 0.483, data: 0.001) G_GAN_ViT: 0.333 D_real_ViT: 0.416 D_fake_ViT: 0.228 global: 0.433 spatial: 0.076 
(epoch: 78, iters: 3376, time: 0.484, data: 0.001) G_GAN_ViT: 0.462 D_real_ViT: 0.279 D_fake_ViT: 0.138 global: 0.388 spatial: 0.074 
(epoch: 78, iters: 3476, time: 0.485, data: 0.001) G_GAN_ViT: 0.351 D_real_ViT: 0.331 D_fake_ViT: 0.199 global: 0.386 spatial: 0.064 
(epoch: 78, iters: 3576, time: 0.485, data: 0.001) G_GAN_ViT: 0.312 D_real_ViT: 0.223 D_fake_ViT: 0.256 global: 0.469 spatial: 0.080 
(epoch: 78, iters: 3676, time: 0.485, data: 0.001) G_GAN_ViT: 0.412 D_real_ViT: 0.236 D_fake_ViT: 0.171 global: 0.422 spatial: 0.082 
(epoch: 78, iters: 3776, time: 0.485, data: 0.001) G_GAN_ViT: 0.497 D_real_ViT: 0.073 D_fake_ViT: 0.113 global: 0.443 spatial: 0.073 
(epoch: 78, iters: 3876, time: 0.484, data: 0.002) G_GAN_ViT: 0.534 D_real_ViT: 0.219 D_fake_ViT: 0.101 global: 0.242 spatial: 0.055 
(epoch: 78, iters: 3976, time: 0.483, data: 0.001) G_GAN_ViT: 0.356 D_real_ViT: 0.309 D_fake_ViT: 0.217 global: 0.385 spatial: 0.115 
(epoch: 78, iters: 4076, time: 0.483, data: 0.001) G_GAN_ViT: 0.316 D_real_ViT: 0.187 D_fake_ViT: 0.236 global: 0.456 spatial: 0.084 
(epoch: 78, iters: 4176, time: 0.484, data: 0.001) G_GAN_ViT: 0.304 D_real_ViT: 0.318 D_fake_ViT: 0.238 global: 0.325 spatial: 0.060 
(epoch: 78, iters: 4276, time: 0.484, data: 0.001) G_GAN_ViT: 0.277 D_real_ViT: 0.128 D_fake_ViT: 0.278 global: 0.480 spatial: 0.099 
(epoch: 78, iters: 4376, time: 0.485, data: 0.001) G_GAN_ViT: 0.259 D_real_ViT: 0.272 D_fake_ViT: 0.288 global: 0.363 spatial: 0.078 
(epoch: 78, iters: 4476, time: 0.484, data: 0.001) G_GAN_ViT: 0.406 D_real_ViT: 0.221 D_fake_ViT: 0.164 global: 0.332 spatial: 0.066 
(epoch: 78, iters: 4576, time: 0.484, data: 0.001) G_GAN_ViT: 0.474 D_real_ViT: 0.287 D_fake_ViT: 0.135 global: 0.356 spatial: 0.087 
(epoch: 78, iters: 4676, time: 0.485, data: 0.001) G_GAN_ViT: 0.425 D_real_ViT: 0.142 D_fake_ViT: 0.157 global: 0.422 spatial: 0.087 
(epoch: 78, iters: 4776, time: 0.486, data: 0.001) G_GAN_ViT: 0.357 D_real_ViT: 0.112 D_fake_ViT: 0.196 global: 0.241 spatial: 0.053 
(epoch: 78, iters: 4876, time: 0.485, data: 0.001) G_GAN_ViT: 0.323 D_real_ViT: 0.264 D_fake_ViT: 0.221 global: 0.257 spatial: 0.065 
(epoch: 78, iters: 4976, time: 0.485, data: 0.001) G_GAN_ViT: 0.327 D_real_ViT: 0.127 D_fake_ViT: 0.247 global: 0.389 spatial: 0.074 
(epoch: 78, iters: 5076, time: 0.484, data: 0.001) G_GAN_ViT: 0.419 D_real_ViT: 0.200 D_fake_ViT: 0.161 global: 0.364 spatial: 0.087 
(epoch: 78, iters: 5176, time: 0.484, data: 0.001) G_GAN_ViT: 0.483 D_real_ViT: 0.541 D_fake_ViT: 0.140 global: 0.413 spatial: 0.114 
(epoch: 78, iters: 5276, time: 0.484, data: 0.002) G_GAN_ViT: 0.294 D_real_ViT: 0.275 D_fake_ViT: 0.253 global: 0.414 spatial: 0.088 
(epoch: 78, iters: 5376, time: 0.484, data: 0.001) G_GAN_ViT: 0.355 D_real_ViT: 0.253 D_fake_ViT: 0.202 global: 0.407 spatial: 0.084 
(epoch: 78, iters: 5476, time: 0.484, data: 0.001) G_GAN_ViT: 0.239 D_real_ViT: 0.233 D_fake_ViT: 0.314 global: 0.440 spatial: 0.095 
(epoch: 78, iters: 5576, time: 0.484, data: 0.001) G_GAN_ViT: 0.351 D_real_ViT: 0.359 D_fake_ViT: 0.205 global: 0.448 spatial: 0.083 
End of epoch 78 / 100 	 Time Taken: 2725 sec
learning rate = 0.0000043
(epoch: 79, iters: 64, time: 0.485, data: 0.001) G_GAN_ViT: 0.279 D_real_ViT: 0.088 D_fake_ViT: 0.287 global: 0.435 spatial: 0.088 
(epoch: 79, iters: 164, time: 0.485, data: 0.001) G_GAN_ViT: 0.463 D_real_ViT: 0.367 D_fake_ViT: 0.128 global: 0.357 spatial: 0.075 
(epoch: 79, iters: 264, time: 0.486, data: 0.001) G_GAN_ViT: 0.364 D_real_ViT: 0.338 D_fake_ViT: 0.204 global: 0.435 spatial: 0.091 
(epoch: 79, iters: 364, time: 0.485, data: 0.001) G_GAN_ViT: 0.306 D_real_ViT: 0.223 D_fake_ViT: 0.233 global: 0.384 spatial: 0.099 
(epoch: 79, iters: 464, time: 0.486, data: 0.002) G_GAN_ViT: 0.397 D_real_ViT: 0.162 D_fake_ViT: 0.171 global: 0.410 spatial: 0.104 
(epoch: 79, iters: 564, time: 0.486, data: 0.001) G_GAN_ViT: 0.363 D_real_ViT: 0.184 D_fake_ViT: 0.200 global: 0.430 spatial: 0.089 
(epoch: 79, iters: 664, time: 0.486, data: 0.002) G_GAN_ViT: 0.324 D_real_ViT: 0.198 D_fake_ViT: 0.246 global: 0.405 spatial: 0.107 
(epoch: 79, iters: 764, time: 0.485, data: 0.002) G_GAN_ViT: 0.264 D_real_ViT: 0.108 D_fake_ViT: 0.280 global: 0.366 spatial: 0.091 
(epoch: 79, iters: 864, time: 0.486, data: 0.002) G_GAN_ViT: 0.311 D_real_ViT: 0.071 D_fake_ViT: 0.233 global: 0.430 spatial: 0.099 
(epoch: 79, iters: 964, time: 0.486, data: 0.001) G_GAN_ViT: 0.513 D_real_ViT: 0.093 D_fake_ViT: 0.110 global: 0.333 spatial: 0.053 
(epoch: 79, iters: 1064, time: 0.486, data: 0.001) G_GAN_ViT: 0.382 D_real_ViT: 0.284 D_fake_ViT: 0.187 global: 0.418 spatial: 0.084 
(epoch: 79, iters: 1164, time: 0.486, data: 0.002) G_GAN_ViT: 0.342 D_real_ViT: 0.148 D_fake_ViT: 0.206 global: 0.416 spatial: 0.091 
(epoch: 79, iters: 1264, time: 0.486, data: 0.002) G_GAN_ViT: 0.393 D_real_ViT: 0.228 D_fake_ViT: 0.166 global: 0.303 spatial: 0.059 
(epoch: 79, iters: 1364, time: 0.485, data: 0.001) G_GAN_ViT: 0.272 D_real_ViT: 0.244 D_fake_ViT: 0.277 global: 0.411 spatial: 0.076 
(epoch: 79, iters: 1464, time: 0.485, data: 0.001) G_GAN_ViT: 0.601 D_real_ViT: 0.197 D_fake_ViT: 0.076 global: 0.270 spatial: 0.053 
(epoch: 79, iters: 1564, time: 0.485, data: 0.002) G_GAN_ViT: 0.615 D_real_ViT: 0.354 D_fake_ViT: 0.067 global: 0.269 spatial: 0.049 
(epoch: 79, iters: 1664, time: 0.486, data: 0.002) G_GAN_ViT: 0.313 D_real_ViT: 0.247 D_fake_ViT: 0.228 global: 0.403 spatial: 0.091 
(epoch: 79, iters: 1764, time: 0.485, data: 0.001) G_GAN_ViT: 0.488 D_real_ViT: 0.054 D_fake_ViT: 0.119 global: 0.277 spatial: 0.046 
(epoch: 79, iters: 1864, time: 0.485, data: 0.001) G_GAN_ViT: 0.558 D_real_ViT: 0.199 D_fake_ViT: 0.087 global: 0.262 spatial: 0.054 
(epoch: 79, iters: 1964, time: 0.485, data: 0.001) G_GAN_ViT: 0.262 D_real_ViT: 0.418 D_fake_ViT: 0.296 global: 0.512 spatial: 0.097 
(epoch: 79, iters: 2064, time: 0.484, data: 0.001) G_GAN_ViT: 0.553 D_real_ViT: 0.225 D_fake_ViT: 0.091 global: 0.354 spatial: 0.072 
(epoch: 79, iters: 2164, time: 0.483, data: 0.002) G_GAN_ViT: 0.406 D_real_ViT: 0.082 D_fake_ViT: 0.167 global: 0.460 spatial: 0.082 
(epoch: 79, iters: 2264, time: 0.483, data: 0.002) G_GAN_ViT: 0.355 D_real_ViT: 0.174 D_fake_ViT: 0.197 global: 0.438 spatial: 0.102 
saving the latest model (epoch 79, total_iters 440000)
ICL_single_monitor
(epoch: 79, iters: 2364, time: 0.483, data: 0.001) G_GAN_ViT: 0.476 D_real_ViT: 0.231 D_fake_ViT: 0.151 global: 0.387 spatial: 0.101 
(epoch: 79, iters: 2464, time: 0.482, data: 0.001) G_GAN_ViT: 0.428 D_real_ViT: 0.135 D_fake_ViT: 0.154 global: 0.337 spatial: 0.082 
(epoch: 79, iters: 2564, time: 0.482, data: 0.001) G_GAN_ViT: 0.439 D_real_ViT: 0.259 D_fake_ViT: 0.153 global: 0.396 spatial: 0.076 
(epoch: 79, iters: 2664, time: 0.482, data: 0.001) G_GAN_ViT: 0.475 D_real_ViT: 0.293 D_fake_ViT: 0.121 global: 0.351 spatial: 0.052 
(epoch: 79, iters: 2764, time: 0.483, data: 0.001) G_GAN_ViT: 0.465 D_real_ViT: 0.073 D_fake_ViT: 0.139 global: 0.416 spatial: 0.101 
(epoch: 79, iters: 2864, time: 0.483, data: 0.001) G_GAN_ViT: 0.494 D_real_ViT: 0.071 D_fake_ViT: 0.153 global: 0.492 spatial: 0.120 
(epoch: 79, iters: 2964, time: 0.483, data: 0.002) G_GAN_ViT: 0.383 D_real_ViT: 0.257 D_fake_ViT: 0.184 global: 0.422 spatial: 0.097 
(epoch: 79, iters: 3064, time: 0.482, data: 0.002) G_GAN_ViT: 0.474 D_real_ViT: 0.188 D_fake_ViT: 0.123 global: 0.427 spatial: 0.072 
(epoch: 79, iters: 3164, time: 0.484, data: 0.001) G_GAN_ViT: 0.246 D_real_ViT: 0.317 D_fake_ViT: 0.332 global: 0.349 spatial: 0.086 
(epoch: 79, iters: 3264, time: 0.485, data: 0.002) G_GAN_ViT: 0.443 D_real_ViT: 0.144 D_fake_ViT: 0.164 global: 0.470 spatial: 0.112 
(epoch: 79, iters: 3364, time: 0.485, data: 0.001) G_GAN_ViT: 0.361 D_real_ViT: 0.112 D_fake_ViT: 0.218 global: 0.381 spatial: 0.103 
(epoch: 79, iters: 3464, time: 0.486, data: 0.001) G_GAN_ViT: 0.493 D_real_ViT: 0.234 D_fake_ViT: 0.126 global: 0.422 spatial: 0.091 
(epoch: 79, iters: 3564, time: 0.485, data: 0.001) G_GAN_ViT: 0.176 D_real_ViT: 0.045 D_fake_ViT: 0.382 global: 0.340 spatial: 0.080 
(epoch: 79, iters: 3664, time: 0.484, data: 0.001) G_GAN_ViT: 0.215 D_real_ViT: 0.265 D_fake_ViT: 0.332 global: 0.250 spatial: 0.057 
(epoch: 79, iters: 3764, time: 0.484, data: 0.001) G_GAN_ViT: 0.306 D_real_ViT: 0.141 D_fake_ViT: 0.235 global: 0.482 spatial: 0.066 
(epoch: 79, iters: 3864, time: 0.483, data: 0.001) G_GAN_ViT: 0.267 D_real_ViT: 0.151 D_fake_ViT: 0.291 global: 0.435 spatial: 0.110 
(epoch: 79, iters: 3964, time: 0.482, data: 0.001) G_GAN_ViT: 0.382 D_real_ViT: 0.417 D_fake_ViT: 0.191 global: 0.373 spatial: 0.085 
(epoch: 79, iters: 4064, time: 0.482, data: 0.001) G_GAN_ViT: 0.348 D_real_ViT: 0.378 D_fake_ViT: 0.214 global: 0.431 spatial: 0.108 
(epoch: 79, iters: 4164, time: 0.483, data: 0.001) G_GAN_ViT: 0.536 D_real_ViT: 0.145 D_fake_ViT: 0.095 global: 0.250 spatial: 0.044 
(epoch: 79, iters: 4264, time: 0.483, data: 0.001) G_GAN_ViT: 0.405 D_real_ViT: 0.283 D_fake_ViT: 0.162 global: 0.454 spatial: 0.086 
(epoch: 79, iters: 4364, time: 0.483, data: 0.001) G_GAN_ViT: 0.235 D_real_ViT: 0.114 D_fake_ViT: 0.302 global: 0.313 spatial: 0.092 
(epoch: 79, iters: 4464, time: 0.483, data: 0.001) G_GAN_ViT: 0.413 D_real_ViT: 0.269 D_fake_ViT: 0.165 global: 0.439 spatial: 0.100 
(epoch: 79, iters: 4564, time: 0.483, data: 0.001) G_GAN_ViT: 0.235 D_real_ViT: 0.126 D_fake_ViT: 0.320 global: 0.446 spatial: 0.087 
(epoch: 79, iters: 4664, time: 0.483, data: 0.001) G_GAN_ViT: 0.288 D_real_ViT: 0.216 D_fake_ViT: 0.270 global: 0.399 spatial: 0.086 
(epoch: 79, iters: 4764, time: 0.483, data: 0.001) G_GAN_ViT: 0.312 D_real_ViT: 0.199 D_fake_ViT: 0.226 global: 0.348 spatial: 0.094 
(epoch: 79, iters: 4864, time: 0.483, data: 0.001) G_GAN_ViT: 0.538 D_real_ViT: 0.318 D_fake_ViT: 0.093 global: 0.267 spatial: 0.053 
(epoch: 79, iters: 4964, time: 0.483, data: 0.001) G_GAN_ViT: 0.446 D_real_ViT: 0.348 D_fake_ViT: 0.146 global: 0.343 spatial: 0.092 
(epoch: 79, iters: 5064, time: 0.484, data: 0.002) G_GAN_ViT: 0.353 D_real_ViT: 0.237 D_fake_ViT: 0.197 global: 0.398 spatial: 0.082 
(epoch: 79, iters: 5164, time: 0.485, data: 0.001) G_GAN_ViT: 0.440 D_real_ViT: 0.132 D_fake_ViT: 0.145 global: 0.290 spatial: 0.053 
(epoch: 79, iters: 5264, time: 0.485, data: 0.002) G_GAN_ViT: 0.544 D_real_ViT: 0.178 D_fake_ViT: 0.104 global: 0.366 spatial: 0.092 
(epoch: 79, iters: 5364, time: 0.485, data: 0.002) G_GAN_ViT: 0.267 D_real_ViT: 0.144 D_fake_ViT: 0.274 global: 0.273 spatial: 0.063 
(epoch: 79, iters: 5464, time: 0.486, data: 0.001) G_GAN_ViT: 0.290 D_real_ViT: 0.238 D_fake_ViT: 0.253 global: 0.528 spatial: 0.079 
(epoch: 79, iters: 5564, time: 0.486, data: 0.002) G_GAN_ViT: 0.371 D_real_ViT: 0.187 D_fake_ViT: 0.203 global: 0.424 spatial: 0.113 
End of epoch 79 / 100 	 Time Taken: 2726 sec
learning rate = 0.0000041
(epoch: 80, iters: 52, time: 0.484, data: 0.001) G_GAN_ViT: 0.538 D_real_ViT: 0.241 D_fake_ViT: 0.094 global: 0.264 spatial: 0.051 
(epoch: 80, iters: 152, time: 0.484, data: 0.001) G_GAN_ViT: 0.255 D_real_ViT: 0.047 D_fake_ViT: 0.299 global: 0.475 spatial: 0.093 
(epoch: 80, iters: 252, time: 0.485, data: 0.001) G_GAN_ViT: 0.412 D_real_ViT: 0.243 D_fake_ViT: 0.160 global: 0.463 spatial: 0.084 
(epoch: 80, iters: 352, time: 0.485, data: 0.001) G_GAN_ViT: 0.504 D_real_ViT: 0.204 D_fake_ViT: 0.115 global: 0.312 spatial: 0.061 
(epoch: 80, iters: 452, time: 0.485, data: 0.001) G_GAN_ViT: 0.414 D_real_ViT: 0.347 D_fake_ViT: 0.163 global: 0.396 spatial: 0.072 
(epoch: 80, iters: 552, time: 0.484, data: 0.001) G_GAN_ViT: 0.252 D_real_ViT: 0.290 D_fake_ViT: 0.288 global: 0.350 spatial: 0.063 
(epoch: 80, iters: 652, time: 0.483, data: 0.002) G_GAN_ViT: 0.479 D_real_ViT: 0.399 D_fake_ViT: 0.115 global: 0.257 spatial: 0.052 
(epoch: 80, iters: 752, time: 0.483, data: 0.001) G_GAN_ViT: 0.367 D_real_ViT: 0.189 D_fake_ViT: 0.231 global: 0.409 spatial: 0.110 
(epoch: 80, iters: 852, time: 0.482, data: 0.002) G_GAN_ViT: 0.262 D_real_ViT: 0.569 D_fake_ViT: 0.272 global: 0.362 spatial: 0.086 
(epoch: 80, iters: 952, time: 0.482, data: 0.001) G_GAN_ViT: 0.558 D_real_ViT: 0.174 D_fake_ViT: 0.091 global: 0.344 spatial: 0.051 
(epoch: 80, iters: 1052, time: 0.484, data: 0.001) G_GAN_ViT: 0.274 D_real_ViT: 0.087 D_fake_ViT: 0.290 global: 0.430 spatial: 0.087 
(epoch: 80, iters: 1152, time: 0.484, data: 0.001) G_GAN_ViT: 0.412 D_real_ViT: 0.482 D_fake_ViT: 0.161 global: 0.405 spatial: 0.100 
(epoch: 80, iters: 1252, time: 0.485, data: 0.001) G_GAN_ViT: 0.350 D_real_ViT: 0.208 D_fake_ViT: 0.210 global: 0.423 spatial: 0.104 
(epoch: 80, iters: 1352, time: 0.485, data: 0.001) G_GAN_ViT: 0.470 D_real_ViT: 0.049 D_fake_ViT: 0.139 global: 0.321 spatial: 0.067 
(epoch: 80, iters: 1452, time: 0.484, data: 0.001) G_GAN_ViT: 0.361 D_real_ViT: 0.272 D_fake_ViT: 0.197 global: 0.353 spatial: 0.099 
(epoch: 80, iters: 1552, time: 0.485, data: 0.001) G_GAN_ViT: 0.490 D_real_ViT: 0.234 D_fake_ViT: 0.122 global: 0.243 spatial: 0.055 
(epoch: 80, iters: 1652, time: 0.486, data: 0.001) G_GAN_ViT: 0.373 D_real_ViT: 0.186 D_fake_ViT: 0.186 global: 0.309 spatial: 0.066 
saving the latest model (epoch 80, total_iters 445000)
ICL_single_monitor
(epoch: 80, iters: 1752, time: 0.486, data: 0.002) G_GAN_ViT: 0.404 D_real_ViT: 0.149 D_fake_ViT: 0.176 global: 0.329 spatial: 0.092 
(epoch: 80, iters: 1852, time: 0.485, data: 0.001) G_GAN_ViT: 0.345 D_real_ViT: 0.205 D_fake_ViT: 0.204 global: 0.416 spatial: 0.078 
(epoch: 80, iters: 1952, time: 0.485, data: 0.001) G_GAN_ViT: 0.350 D_real_ViT: 0.069 D_fake_ViT: 0.201 global: 0.412 spatial: 0.082 
(epoch: 80, iters: 2052, time: 0.484, data: 0.001) G_GAN_ViT: 0.595 D_real_ViT: 0.190 D_fake_ViT: 0.076 global: 0.285 spatial: 0.054 
(epoch: 80, iters: 2152, time: 0.484, data: 0.001) G_GAN_ViT: 0.278 D_real_ViT: 0.301 D_fake_ViT: 0.260 global: 0.265 spatial: 0.051 
(epoch: 80, iters: 2252, time: 0.483, data: 0.001) G_GAN_ViT: 0.347 D_real_ViT: 0.215 D_fake_ViT: 0.236 global: 0.356 spatial: 0.100 
(epoch: 80, iters: 2352, time: 0.483, data: 0.001) G_GAN_ViT: 0.266 D_real_ViT: 0.237 D_fake_ViT: 0.274 global: 0.274 spatial: 0.047 
(epoch: 80, iters: 2452, time: 0.482, data: 0.001) G_GAN_ViT: 0.252 D_real_ViT: 0.179 D_fake_ViT: 0.303 global: 0.389 spatial: 0.083 
(epoch: 80, iters: 2552, time: 0.483, data: 0.001) G_GAN_ViT: 0.271 D_real_ViT: 0.223 D_fake_ViT: 0.278 global: 0.323 spatial: 0.082 
(epoch: 80, iters: 2652, time: 0.484, data: 0.002) G_GAN_ViT: 0.220 D_real_ViT: 0.107 D_fake_ViT: 0.335 global: 0.350 spatial: 0.090 
(epoch: 80, iters: 2752, time: 0.483, data: 0.002) G_GAN_ViT: 0.414 D_real_ViT: 0.118 D_fake_ViT: 0.165 global: 0.469 spatial: 0.081 
(epoch: 80, iters: 2852, time: 0.484, data: 0.001) G_GAN_ViT: 0.321 D_real_ViT: 0.439 D_fake_ViT: 0.250 global: 0.435 spatial: 0.116 
(epoch: 80, iters: 2952, time: 0.484, data: 0.001) G_GAN_ViT: 0.377 D_real_ViT: 0.172 D_fake_ViT: 0.183 global: 0.336 spatial: 0.067 
(epoch: 80, iters: 3052, time: 0.483, data: 0.001) G_GAN_ViT: 0.416 D_real_ViT: 0.119 D_fake_ViT: 0.175 global: 0.441 spatial: 0.097 
(epoch: 80, iters: 3152, time: 0.484, data: 0.001) G_GAN_ViT: 0.249 D_real_ViT: 0.155 D_fake_ViT: 0.313 global: 0.436 spatial: 0.093 
(epoch: 80, iters: 3252, time: 0.484, data: 0.001) G_GAN_ViT: 0.502 D_real_ViT: 0.186 D_fake_ViT: 0.110 global: 0.256 spatial: 0.050 
(epoch: 80, iters: 3352, time: 0.484, data: 0.001) G_GAN_ViT: 0.522 D_real_ViT: 0.126 D_fake_ViT: 0.105 global: 0.386 spatial: 0.074 
(epoch: 80, iters: 3452, time: 0.483, data: 0.001) G_GAN_ViT: 0.291 D_real_ViT: 0.129 D_fake_ViT: 0.274 global: 0.384 spatial: 0.107 
(epoch: 80, iters: 3552, time: 0.484, data: 0.001) G_GAN_ViT: 0.354 D_real_ViT: 0.183 D_fake_ViT: 0.201 global: 0.398 spatial: 0.081 
(epoch: 80, iters: 3652, time: 0.484, data: 0.001) G_GAN_ViT: 0.374 D_real_ViT: 0.328 D_fake_ViT: 0.209 global: 0.398 spatial: 0.110 
(epoch: 80, iters: 3752, time: 0.483, data: 0.001) G_GAN_ViT: 0.516 D_real_ViT: 0.554 D_fake_ViT: 0.105 global: 0.345 spatial: 0.074 
(epoch: 80, iters: 3852, time: 0.483, data: 0.001) G_GAN_ViT: 0.356 D_real_ViT: 0.114 D_fake_ViT: 0.206 global: 0.482 spatial: 0.078 
(epoch: 80, iters: 3952, time: 0.483, data: 0.001) G_GAN_ViT: 0.268 D_real_ViT: 0.127 D_fake_ViT: 0.267 global: 0.409 spatial: 0.096 
(epoch: 80, iters: 4052, time: 0.483, data: 0.001) G_GAN_ViT: 0.270 D_real_ViT: 0.343 D_fake_ViT: 0.274 global: 0.263 spatial: 0.066 
(epoch: 80, iters: 4152, time: 0.483, data: 0.001) G_GAN_ViT: 0.377 D_real_ViT: 0.243 D_fake_ViT: 0.190 global: 0.412 spatial: 0.078 
(epoch: 80, iters: 4252, time: 0.483, data: 0.001) G_GAN_ViT: 0.296 D_real_ViT: 0.228 D_fake_ViT: 0.259 global: 0.302 spatial: 0.062 
(epoch: 80, iters: 4352, time: 0.483, data: 0.001) G_GAN_ViT: 0.266 D_real_ViT: 0.045 D_fake_ViT: 0.280 global: 0.395 spatial: 0.077 
(epoch: 80, iters: 4452, time: 0.485, data: 0.001) G_GAN_ViT: 0.314 D_real_ViT: 0.268 D_fake_ViT: 0.229 global: 0.496 spatial: 0.078 
(epoch: 80, iters: 4552, time: 0.485, data: 0.001) G_GAN_ViT: 0.423 D_real_ViT: 0.119 D_fake_ViT: 0.163 global: 0.372 spatial: 0.087 
(epoch: 80, iters: 4652, time: 0.486, data: 0.001) G_GAN_ViT: 0.354 D_real_ViT: 0.213 D_fake_ViT: 0.195 global: 0.435 spatial: 0.069 
(epoch: 80, iters: 4752, time: 0.485, data: 0.001) G_GAN_ViT: 0.442 D_real_ViT: 0.403 D_fake_ViT: 0.140 global: 0.328 spatial: 0.059 
(epoch: 80, iters: 4852, time: 0.485, data: 0.001) G_GAN_ViT: 0.287 D_real_ViT: 0.174 D_fake_ViT: 0.258 global: 0.369 spatial: 0.076 
(epoch: 80, iters: 4952, time: 0.485, data: 0.001) G_GAN_ViT: 0.285 D_real_ViT: 0.109 D_fake_ViT: 0.274 global: 0.426 spatial: 0.095 
(epoch: 80, iters: 5052, time: 0.485, data: 0.001) G_GAN_ViT: 0.368 D_real_ViT: 0.411 D_fake_ViT: 0.187 global: 0.305 spatial: 0.059 
(epoch: 80, iters: 5152, time: 0.485, data: 0.002) G_GAN_ViT: 0.392 D_real_ViT: 0.288 D_fake_ViT: 0.177 global: 0.371 spatial: 0.102 
(epoch: 80, iters: 5252, time: 0.485, data: 0.001) G_GAN_ViT: 0.331 D_real_ViT: 0.261 D_fake_ViT: 0.227 global: 0.439 spatial: 0.078 
(epoch: 80, iters: 5352, time: 0.485, data: 0.001) G_GAN_ViT: 0.374 D_real_ViT: 0.219 D_fake_ViT: 0.180 global: 0.289 spatial: 0.053 
(epoch: 80, iters: 5452, time: 0.485, data: 0.001) G_GAN_ViT: 0.290 D_real_ViT: 0.105 D_fake_ViT: 0.251 global: 0.361 spatial: 0.097 
(epoch: 80, iters: 5552, time: 0.484, data: 0.001) G_GAN_ViT: 0.325 D_real_ViT: 0.280 D_fake_ViT: 0.223 global: 0.424 spatial: 0.089 
saving the model at the end of epoch 80, iters 448960
End of epoch 80 / 100 	 Time Taken: 2726 sec
learning rate = 0.0000039
(epoch: 81, iters: 40, time: 0.484, data: 0.001) G_GAN_ViT: 0.366 D_real_ViT: 0.050 D_fake_ViT: 0.215 global: 0.461 spatial: 0.105 
(epoch: 81, iters: 140, time: 0.485, data: 0.001) G_GAN_ViT: 0.430 D_real_ViT: 0.209 D_fake_ViT: 0.147 global: 0.429 spatial: 0.075 
(epoch: 81, iters: 240, time: 0.484, data: 0.001) G_GAN_ViT: 0.327 D_real_ViT: 0.112 D_fake_ViT: 0.211 global: 0.331 spatial: 0.074 
(epoch: 81, iters: 340, time: 0.484, data: 0.001) G_GAN_ViT: 0.372 D_real_ViT: 0.292 D_fake_ViT: 0.193 global: 0.313 spatial: 0.091 
(epoch: 81, iters: 440, time: 0.483, data: 0.002) G_GAN_ViT: 0.438 D_real_ViT: 0.327 D_fake_ViT: 0.179 global: 0.497 spatial: 0.119 
(epoch: 81, iters: 540, time: 0.483, data: 0.002) G_GAN_ViT: 0.387 D_real_ViT: 0.356 D_fake_ViT: 0.186 global: 0.355 spatial: 0.098 
(epoch: 81, iters: 640, time: 0.482, data: 0.001) G_GAN_ViT: 0.574 D_real_ViT: 0.094 D_fake_ViT: 0.085 global: 0.334 spatial: 0.064 
(epoch: 81, iters: 740, time: 0.483, data: 0.001) G_GAN_ViT: 0.244 D_real_ViT: 0.141 D_fake_ViT: 0.307 global: 0.380 spatial: 0.098 
(epoch: 81, iters: 840, time: 0.484, data: 0.001) G_GAN_ViT: 0.341 D_real_ViT: 0.094 D_fake_ViT: 0.200 global: 0.222 spatial: 0.044 
(epoch: 81, iters: 940, time: 0.485, data: 0.001) G_GAN_ViT: 0.305 D_real_ViT: 0.157 D_fake_ViT: 0.241 global: 0.383 spatial: 0.095 
(epoch: 81, iters: 1040, time: 0.486, data: 0.001) G_GAN_ViT: 0.550 D_real_ViT: 0.413 D_fake_ViT: 0.111 global: 0.540 spatial: 0.099 
saving the latest model (epoch 81, total_iters 450000)
ICL_single_monitor
(epoch: 81, iters: 1140, time: 0.486, data: 0.001) G_GAN_ViT: 0.237 D_real_ViT: 0.172 D_fake_ViT: 0.314 global: 0.406 spatial: 0.096 
(epoch: 81, iters: 1240, time: 0.486, data: 0.002) G_GAN_ViT: 0.370 D_real_ViT: 0.249 D_fake_ViT: 0.187 global: 0.366 spatial: 0.073 
(epoch: 81, iters: 1340, time: 0.486, data: 0.001) G_GAN_ViT: 0.352 D_real_ViT: 0.244 D_fake_ViT: 0.203 global: 0.335 spatial: 0.071 
(epoch: 81, iters: 1440, time: 0.485, data: 0.001) G_GAN_ViT: 0.338 D_real_ViT: 0.328 D_fake_ViT: 0.226 global: 0.448 spatial: 0.098 
(epoch: 81, iters: 1540, time: 0.485, data: 0.001) G_GAN_ViT: 0.360 D_real_ViT: 0.110 D_fake_ViT: 0.212 global: 0.436 spatial: 0.112 
(epoch: 81, iters: 1640, time: 0.485, data: 0.001) G_GAN_ViT: 0.514 D_real_ViT: 0.102 D_fake_ViT: 0.106 global: 0.326 spatial: 0.073 
(epoch: 81, iters: 1740, time: 0.485, data: 0.001) G_GAN_ViT: 0.364 D_real_ViT: 0.286 D_fake_ViT: 0.195 global: 0.435 spatial: 0.084 
(epoch: 81, iters: 1840, time: 0.484, data: 0.001) G_GAN_ViT: 0.261 D_real_ViT: 0.319 D_fake_ViT: 0.279 global: 0.368 spatial: 0.094 
(epoch: 81, iters: 1940, time: 0.484, data: 0.001) G_GAN_ViT: 0.408 D_real_ViT: 0.163 D_fake_ViT: 0.169 global: 0.357 spatial: 0.071 
(epoch: 81, iters: 2040, time: 0.484, data: 0.001) G_GAN_ViT: 0.370 D_real_ViT: 0.200 D_fake_ViT: 0.210 global: 0.411 spatial: 0.108 
(epoch: 81, iters: 2140, time: 0.485, data: 0.001) G_GAN_ViT: 0.354 D_real_ViT: 0.057 D_fake_ViT: 0.207 global: 0.426 spatial: 0.104 
(epoch: 81, iters: 2240, time: 0.484, data: 0.002) G_GAN_ViT: 0.335 D_real_ViT: 0.293 D_fake_ViT: 0.214 global: 0.431 spatial: 0.101 
(epoch: 81, iters: 2340, time: 0.485, data: 0.001) G_GAN_ViT: 0.507 D_real_ViT: 0.187 D_fake_ViT: 0.121 global: 0.336 spatial: 0.076 
(epoch: 81, iters: 2440, time: 0.486, data: 0.001) G_GAN_ViT: 0.458 D_real_ViT: 0.330 D_fake_ViT: 0.145 global: 0.438 spatial: 0.084 
(epoch: 81, iters: 2540, time: 0.486, data: 0.001) G_GAN_ViT: 0.456 D_real_ViT: 0.143 D_fake_ViT: 0.137 global: 0.341 spatial: 0.059 
(epoch: 81, iters: 2640, time: 0.486, data: 0.001) G_GAN_ViT: 0.231 D_real_ViT: 0.119 D_fake_ViT: 0.331 global: 0.409 spatial: 0.098 
(epoch: 81, iters: 2740, time: 0.486, data: 0.001) G_GAN_ViT: 0.422 D_real_ViT: 0.180 D_fake_ViT: 0.170 global: 0.473 spatial: 0.087 
(epoch: 81, iters: 2840, time: 0.486, data: 0.001) G_GAN_ViT: 0.363 D_real_ViT: 0.246 D_fake_ViT: 0.194 global: 0.391 spatial: 0.080 
(epoch: 81, iters: 2940, time: 0.486, data: 0.001) G_GAN_ViT: 0.389 D_real_ViT: 0.052 D_fake_ViT: 0.176 global: 0.405 spatial: 0.095 
(epoch: 81, iters: 3040, time: 0.486, data: 0.001) G_GAN_ViT: 0.454 D_real_ViT: 0.129 D_fake_ViT: 0.131 global: 0.325 spatial: 0.069 
(epoch: 81, iters: 3140, time: 0.485, data: 0.001) G_GAN_ViT: 0.500 D_real_ViT: 0.295 D_fake_ViT: 0.111 global: 0.341 spatial: 0.063 
(epoch: 81, iters: 3240, time: 0.485, data: 0.001) G_GAN_ViT: 0.375 D_real_ViT: 0.215 D_fake_ViT: 0.197 global: 0.372 spatial: 0.079 
(epoch: 81, iters: 3340, time: 0.483, data: 0.001) G_GAN_ViT: 0.406 D_real_ViT: 0.037 D_fake_ViT: 0.180 global: 0.421 spatial: 0.113 
(epoch: 81, iters: 3440, time: 0.483, data: 0.001) G_GAN_ViT: 0.529 D_real_ViT: 0.051 D_fake_ViT: 0.128 global: 0.476 spatial: 0.118 
(epoch: 81, iters: 3540, time: 0.484, data: 0.001) G_GAN_ViT: 0.261 D_real_ViT: 0.208 D_fake_ViT: 0.284 global: 0.372 spatial: 0.090 
(epoch: 81, iters: 3640, time: 0.485, data: 0.001) G_GAN_ViT: 0.264 D_real_ViT: 0.628 D_fake_ViT: 0.268 global: 0.335 spatial: 0.056 
(epoch: 81, iters: 3740, time: 0.486, data: 0.001) G_GAN_ViT: 0.339 D_real_ViT: 0.265 D_fake_ViT: 0.209 global: 0.467 spatial: 0.075 
(epoch: 81, iters: 3840, time: 0.485, data: 0.002) G_GAN_ViT: 0.414 D_real_ViT: 0.064 D_fake_ViT: 0.164 global: 0.379 spatial: 0.090 
(epoch: 81, iters: 3940, time: 0.484, data: 0.002) G_GAN_ViT: 0.501 D_real_ViT: 0.270 D_fake_ViT: 0.123 global: 0.492 spatial: 0.093 
(epoch: 81, iters: 4040, time: 0.484, data: 0.002) G_GAN_ViT: 0.426 D_real_ViT: 0.088 D_fake_ViT: 0.152 global: 0.302 spatial: 0.063 
(epoch: 81, iters: 4140, time: 0.485, data: 0.001) G_GAN_ViT: 0.442 D_real_ViT: 0.208 D_fake_ViT: 0.148 global: 0.337 spatial: 0.061 
(epoch: 81, iters: 4240, time: 0.485, data: 0.001) G_GAN_ViT: 0.347 D_real_ViT: 0.071 D_fake_ViT: 0.237 global: 0.405 spatial: 0.106 
(epoch: 81, iters: 4340, time: 0.486, data: 0.001) G_GAN_ViT: 0.466 D_real_ViT: 0.133 D_fake_ViT: 0.123 global: 0.326 spatial: 0.071 
(epoch: 81, iters: 4440, time: 0.484, data: 0.001) G_GAN_ViT: 0.373 D_real_ViT: 0.188 D_fake_ViT: 0.198 global: 0.427 spatial: 0.104 
(epoch: 81, iters: 4540, time: 0.484, data: 0.001) G_GAN_ViT: 0.356 D_real_ViT: 0.131 D_fake_ViT: 0.195 global: 0.484 spatial: 0.068 
(epoch: 81, iters: 4640, time: 0.484, data: 0.001) G_GAN_ViT: 0.437 D_real_ViT: 0.135 D_fake_ViT: 0.152 global: 0.332 spatial: 0.061 
(epoch: 81, iters: 4740, time: 0.485, data: 0.001) G_GAN_ViT: 0.344 D_real_ViT: 0.268 D_fake_ViT: 0.227 global: 0.496 spatial: 0.088 
(epoch: 81, iters: 4840, time: 0.484, data: 0.001) G_GAN_ViT: 0.262 D_real_ViT: 0.155 D_fake_ViT: 0.281 global: 0.439 spatial: 0.086 
(epoch: 81, iters: 4940, time: 0.485, data: 0.001) G_GAN_ViT: 0.534 D_real_ViT: 0.185 D_fake_ViT: 0.104 global: 0.333 spatial: 0.075 
(epoch: 81, iters: 5040, time: 0.484, data: 0.001) G_GAN_ViT: 0.242 D_real_ViT: 0.133 D_fake_ViT: 0.301 global: 0.389 spatial: 0.087 
(epoch: 81, iters: 5140, time: 0.485, data: 0.002) G_GAN_ViT: 0.537 D_real_ViT: 0.266 D_fake_ViT: 0.104 global: 0.301 spatial: 0.052 
(epoch: 81, iters: 5240, time: 0.485, data: 0.001) G_GAN_ViT: 0.243 D_real_ViT: 0.071 D_fake_ViT: 0.318 global: 0.444 spatial: 0.100 
(epoch: 81, iters: 5340, time: 0.485, data: 0.002) G_GAN_ViT: 0.427 D_real_ViT: 0.131 D_fake_ViT: 0.157 global: 0.409 spatial: 0.089 
(epoch: 81, iters: 5440, time: 0.485, data: 0.001) G_GAN_ViT: 0.323 D_real_ViT: 0.269 D_fake_ViT: 0.218 global: 0.354 spatial: 0.057 
(epoch: 81, iters: 5540, time: 0.484, data: 0.002) G_GAN_ViT: 0.417 D_real_ViT: 0.374 D_fake_ViT: 0.159 global: 0.416 spatial: 0.100 
End of epoch 81 / 100 	 Time Taken: 2729 sec
learning rate = 0.0000037
(epoch: 82, iters: 28, time: 0.484, data: 0.001) G_GAN_ViT: 0.551 D_real_ViT: 0.035 D_fake_ViT: 0.097 global: 0.286 spatial: 0.057 
(epoch: 82, iters: 128, time: 0.485, data: 0.001) G_GAN_ViT: 0.331 D_real_ViT: 0.271 D_fake_ViT: 0.245 global: 0.439 spatial: 0.084 
(epoch: 82, iters: 228, time: 0.485, data: 0.002) G_GAN_ViT: 0.366 D_real_ViT: 0.292 D_fake_ViT: 0.192 global: 0.526 spatial: 0.085 
(epoch: 82, iters: 328, time: 0.484, data: 0.001) G_GAN_ViT: 0.190 D_real_ViT: 0.353 D_fake_ViT: 0.374 global: 0.406 spatial: 0.103 
(epoch: 82, iters: 428, time: 0.484, data: 0.001) G_GAN_ViT: 0.455 D_real_ViT: 0.075 D_fake_ViT: 0.146 global: 0.387 spatial: 0.066 
saving the latest model (epoch 82, total_iters 455000)
ICL_single_monitor
(epoch: 82, iters: 528, time: 0.484, data: 0.001) G_GAN_ViT: 0.414 D_real_ViT: 0.119 D_fake_ViT: 0.165 global: 0.455 spatial: 0.080 
(epoch: 82, iters: 628, time: 0.484, data: 0.001) G_GAN_ViT: 0.354 D_real_ViT: 0.140 D_fake_ViT: 0.209 global: 0.430 spatial: 0.091 
(epoch: 82, iters: 728, time: 0.483, data: 0.001) G_GAN_ViT: 0.315 D_real_ViT: 0.144 D_fake_ViT: 0.253 global: 0.437 spatial: 0.089 
(epoch: 82, iters: 828, time: 0.485, data: 0.001) G_GAN_ViT: 0.427 D_real_ViT: 0.167 D_fake_ViT: 0.153 global: 0.341 spatial: 0.091 
(epoch: 82, iters: 928, time: 0.485, data: 0.002) G_GAN_ViT: 0.365 D_real_ViT: 0.264 D_fake_ViT: 0.240 global: 0.361 spatial: 0.092 
(epoch: 82, iters: 1028, time: 0.485, data: 0.001) G_GAN_ViT: 0.265 D_real_ViT: 0.299 D_fake_ViT: 0.272 global: 0.285 spatial: 0.055 
(epoch: 82, iters: 1128, time: 0.486, data: 0.002) G_GAN_ViT: 0.398 D_real_ViT: 0.143 D_fake_ViT: 0.176 global: 0.358 spatial: 0.087 
(epoch: 82, iters: 1228, time: 0.486, data: 0.001) G_GAN_ViT: 0.346 D_real_ViT: 0.139 D_fake_ViT: 0.200 global: 0.463 spatial: 0.071 
(epoch: 82, iters: 1328, time: 0.485, data: 0.001) G_GAN_ViT: 0.447 D_real_ViT: 0.164 D_fake_ViT: 0.158 global: 0.453 spatial: 0.117 
(epoch: 82, iters: 1428, time: 0.486, data: 0.001) G_GAN_ViT: 0.416 D_real_ViT: 0.089 D_fake_ViT: 0.156 global: 0.477 spatial: 0.064 
(epoch: 82, iters: 1528, time: 0.485, data: 0.002) G_GAN_ViT: 0.357 D_real_ViT: 0.160 D_fake_ViT: 0.205 global: 0.389 spatial: 0.107 
(epoch: 82, iters: 1628, time: 0.483, data: 0.001) G_GAN_ViT: 0.256 D_real_ViT: 0.176 D_fake_ViT: 0.284 global: 0.237 spatial: 0.057 
(epoch: 82, iters: 1728, time: 0.484, data: 0.001) G_GAN_ViT: 0.362 D_real_ViT: 0.229 D_fake_ViT: 0.193 global: 0.378 spatial: 0.080 
(epoch: 82, iters: 1828, time: 0.484, data: 0.001) G_GAN_ViT: 0.582 D_real_ViT: 0.257 D_fake_ViT: 0.083 global: 0.296 spatial: 0.051 
(epoch: 82, iters: 1928, time: 0.484, data: 0.001) G_GAN_ViT: 0.336 D_real_ViT: 0.205 D_fake_ViT: 0.212 global: 0.396 spatial: 0.085 
(epoch: 82, iters: 2028, time: 0.484, data: 0.001) G_GAN_ViT: 0.446 D_real_ViT: 0.037 D_fake_ViT: 0.148 global: 0.376 spatial: 0.083 
(epoch: 82, iters: 2128, time: 0.484, data: 0.001) G_GAN_ViT: 0.293 D_real_ViT: 0.120 D_fake_ViT: 0.273 global: 0.440 spatial: 0.094 
(epoch: 82, iters: 2228, time: 0.484, data: 0.001) G_GAN_ViT: 0.420 D_real_ViT: 0.191 D_fake_ViT: 0.190 global: 0.338 spatial: 0.100 
(epoch: 82, iters: 2328, time: 0.485, data: 0.001) G_GAN_ViT: 0.340 D_real_ViT: 0.238 D_fake_ViT: 0.223 global: 0.495 spatial: 0.087 
(epoch: 82, iters: 2428, time: 0.484, data: 0.001) G_GAN_ViT: 0.381 D_real_ViT: 0.032 D_fake_ViT: 0.179 global: 0.463 spatial: 0.075 
(epoch: 82, iters: 2528, time: 0.485, data: 0.001) G_GAN_ViT: 0.491 D_real_ViT: 0.287 D_fake_ViT: 0.128 global: 0.438 spatial: 0.112 
(epoch: 82, iters: 2628, time: 0.485, data: 0.001) G_GAN_ViT: 0.266 D_real_ViT: 0.173 D_fake_ViT: 0.273 global: 0.394 spatial: 0.098 
(epoch: 82, iters: 2728, time: 0.485, data: 0.001) G_GAN_ViT: 0.396 D_real_ViT: 0.128 D_fake_ViT: 0.177 global: 0.478 spatial: 0.078 
(epoch: 82, iters: 2828, time: 0.485, data: 0.001) G_GAN_ViT: 0.319 D_real_ViT: 0.273 D_fake_ViT: 0.222 global: 0.482 spatial: 0.066 
(epoch: 82, iters: 2928, time: 0.484, data: 0.001) G_GAN_ViT: 0.460 D_real_ViT: 0.211 D_fake_ViT: 0.142 global: 0.455 spatial: 0.090 
(epoch: 82, iters: 3028, time: 0.485, data: 0.001) G_GAN_ViT: 0.352 D_real_ViT: 0.195 D_fake_ViT: 0.201 global: 0.341 spatial: 0.073 
(epoch: 82, iters: 3128, time: 0.485, data: 0.001) G_GAN_ViT: 0.419 D_real_ViT: 0.094 D_fake_ViT: 0.170 global: 0.392 spatial: 0.117 
(epoch: 82, iters: 3228, time: 0.484, data: 0.001) G_GAN_ViT: 0.480 D_real_ViT: 0.136 D_fake_ViT: 0.127 global: 0.331 spatial: 0.051 
(epoch: 82, iters: 3328, time: 0.484, data: 0.001) G_GAN_ViT: 0.338 D_real_ViT: 0.120 D_fake_ViT: 0.229 global: 0.441 spatial: 0.086 
(epoch: 82, iters: 3428, time: 0.484, data: 0.002) G_GAN_ViT: 0.270 D_real_ViT: 0.296 D_fake_ViT: 0.267 global: 0.417 spatial: 0.086 
(epoch: 82, iters: 3528, time: 0.482, data: 0.001) G_GAN_ViT: 0.336 D_real_ViT: 0.135 D_fake_ViT: 0.222 global: 0.418 spatial: 0.082 
(epoch: 82, iters: 3628, time: 0.484, data: 0.001) G_GAN_ViT: 0.371 D_real_ViT: 0.265 D_fake_ViT: 0.179 global: 0.205 spatial: 0.046 
(epoch: 82, iters: 3728, time: 0.484, data: 0.001) G_GAN_ViT: 0.502 D_real_ViT: 0.098 D_fake_ViT: 0.112 global: 0.252 spatial: 0.049 
(epoch: 82, iters: 3828, time: 0.484, data: 0.001) G_GAN_ViT: 0.347 D_real_ViT: 0.303 D_fake_ViT: 0.200 global: 0.264 spatial: 0.045 
(epoch: 82, iters: 3928, time: 0.484, data: 0.001) G_GAN_ViT: 0.230 D_real_ViT: 0.310 D_fake_ViT: 0.310 global: 0.392 spatial: 0.085 
(epoch: 82, iters: 4028, time: 0.485, data: 0.001) G_GAN_ViT: 0.482 D_real_ViT: 0.306 D_fake_ViT: 0.151 global: 0.475 spatial: 0.119 
(epoch: 82, iters: 4128, time: 0.484, data: 0.001) G_GAN_ViT: 0.378 D_real_ViT: 0.293 D_fake_ViT: 0.179 global: 0.426 spatial: 0.101 
(epoch: 82, iters: 4228, time: 0.483, data: 0.001) G_GAN_ViT: 0.507 D_real_ViT: 0.063 D_fake_ViT: 0.122 global: 0.445 spatial: 0.106 
(epoch: 82, iters: 4328, time: 0.484, data: 0.001) G_GAN_ViT: 0.429 D_real_ViT: 0.125 D_fake_ViT: 0.140 global: 0.209 spatial: 0.043 
(epoch: 82, iters: 4428, time: 0.485, data: 0.001) G_GAN_ViT: 0.317 D_real_ViT: 0.174 D_fake_ViT: 0.221 global: 0.371 spatial: 0.059 
(epoch: 82, iters: 4528, time: 0.485, data: 0.002) G_GAN_ViT: 0.229 D_real_ViT: 0.178 D_fake_ViT: 0.313 global: 0.381 spatial: 0.094 
(epoch: 82, iters: 4628, time: 0.485, data: 0.001) G_GAN_ViT: 0.189 D_real_ViT: 0.275 D_fake_ViT: 0.356 global: 0.392 spatial: 0.079 
(epoch: 82, iters: 4728, time: 0.485, data: 0.001) G_GAN_ViT: 0.295 D_real_ViT: 0.128 D_fake_ViT: 0.246 global: 0.385 spatial: 0.087 
(epoch: 82, iters: 4828, time: 0.484, data: 0.001) G_GAN_ViT: 0.379 D_real_ViT: 0.121 D_fake_ViT: 0.179 global: 0.420 spatial: 0.063 
(epoch: 82, iters: 4928, time: 0.484, data: 0.001) G_GAN_ViT: 0.275 D_real_ViT: 0.152 D_fake_ViT: 0.287 global: 0.419 spatial: 0.085 
(epoch: 82, iters: 5028, time: 0.483, data: 0.001) G_GAN_ViT: 0.353 D_real_ViT: 0.180 D_fake_ViT: 0.215 global: 0.395 spatial: 0.111 
(epoch: 82, iters: 5128, time: 0.483, data: 0.002) G_GAN_ViT: 0.411 D_real_ViT: 0.656 D_fake_ViT: 0.152 global: 0.306 spatial: 0.069 
(epoch: 82, iters: 5228, time: 0.484, data: 0.001) G_GAN_ViT: 0.261 D_real_ViT: 0.136 D_fake_ViT: 0.287 global: 0.413 spatial: 0.096 
(epoch: 82, iters: 5328, time: 0.483, data: 0.001) G_GAN_ViT: 0.354 D_real_ViT: 0.069 D_fake_ViT: 0.203 global: 0.430 spatial: 0.087 
(epoch: 82, iters: 5428, time: 0.484, data: 0.001) G_GAN_ViT: 0.426 D_real_ViT: 0.169 D_fake_ViT: 0.158 global: 0.381 spatial: 0.074 
saving the latest model (epoch 82, total_iters 460000)
ICL_single_monitor
(epoch: 82, iters: 5528, time: 0.484, data: 0.002) G_GAN_ViT: 0.451 D_real_ViT: 0.277 D_fake_ViT: 0.160 global: 0.458 spatial: 0.112 
End of epoch 82 / 100 	 Time Taken: 2727 sec
learning rate = 0.0000035
(epoch: 83, iters: 16, time: 0.485, data: 0.002) G_GAN_ViT: 0.413 D_real_ViT: 0.370 D_fake_ViT: 0.167 global: 0.478 spatial: 0.087 
(epoch: 83, iters: 116, time: 0.485, data: 0.001) G_GAN_ViT: 0.491 D_real_ViT: 0.113 D_fake_ViT: 0.123 global: 0.444 spatial: 0.084 
(epoch: 83, iters: 216, time: 0.484, data: 0.001) G_GAN_ViT: 0.319 D_real_ViT: 0.192 D_fake_ViT: 0.223 global: 0.439 spatial: 0.068 
(epoch: 83, iters: 316, time: 0.483, data: 0.001) G_GAN_ViT: 0.419 D_real_ViT: 0.437 D_fake_ViT: 0.156 global: 0.346 spatial: 0.078 
(epoch: 83, iters: 416, time: 0.483, data: 0.002) G_GAN_ViT: 0.383 D_real_ViT: 0.172 D_fake_ViT: 0.185 global: 0.473 spatial: 0.092 
(epoch: 83, iters: 516, time: 0.483, data: 0.001) G_GAN_ViT: 0.325 D_real_ViT: 0.343 D_fake_ViT: 0.220 global: 0.391 spatial: 0.094 
(epoch: 83, iters: 616, time: 0.484, data: 0.002) G_GAN_ViT: 0.515 D_real_ViT: 0.267 D_fake_ViT: 0.103 global: 0.329 spatial: 0.074 
(epoch: 83, iters: 716, time: 0.484, data: 0.001) G_GAN_ViT: 0.237 D_real_ViT: 0.038 D_fake_ViT: 0.302 global: 0.384 spatial: 0.081 
(epoch: 83, iters: 816, time: 0.484, data: 0.001) G_GAN_ViT: 0.446 D_real_ViT: 0.100 D_fake_ViT: 0.144 global: 0.324 spatial: 0.059 
(epoch: 83, iters: 916, time: 0.484, data: 0.001) G_GAN_ViT: 0.491 D_real_ViT: 0.320 D_fake_ViT: 0.137 global: 0.493 spatial: 0.110 
(epoch: 83, iters: 1016, time: 0.484, data: 0.001) G_GAN_ViT: 0.395 D_real_ViT: 0.178 D_fake_ViT: 0.176 global: 0.411 spatial: 0.089 
(epoch: 83, iters: 1116, time: 0.484, data: 0.001) G_GAN_ViT: 0.349 D_real_ViT: 0.061 D_fake_ViT: 0.223 global: 0.480 spatial: 0.091 
(epoch: 83, iters: 1216, time: 0.484, data: 0.001) G_GAN_ViT: 0.496 D_real_ViT: 0.219 D_fake_ViT: 0.127 global: 0.314 spatial: 0.083 
(epoch: 83, iters: 1316, time: 0.484, data: 0.001) G_GAN_ViT: 0.473 D_real_ViT: 0.314 D_fake_ViT: 0.122 global: 0.247 spatial: 0.050 
(epoch: 83, iters: 1416, time: 0.484, data: 0.001) G_GAN_ViT: 0.287 D_real_ViT: 0.281 D_fake_ViT: 0.246 global: 0.481 spatial: 0.073 
(epoch: 83, iters: 1516, time: 0.484, data: 0.001) G_GAN_ViT: 0.333 D_real_ViT: 0.246 D_fake_ViT: 0.212 global: 0.503 spatial: 0.082 
(epoch: 83, iters: 1616, time: 0.483, data: 0.001) G_GAN_ViT: 0.284 D_real_ViT: 0.523 D_fake_ViT: 0.261 global: 0.321 spatial: 0.091 
(epoch: 83, iters: 1716, time: 0.483, data: 0.001) G_GAN_ViT: 0.523 D_real_ViT: 0.271 D_fake_ViT: 0.098 global: 0.320 spatial: 0.056 
(epoch: 83, iters: 1816, time: 0.483, data: 0.002) G_GAN_ViT: 0.282 D_real_ViT: 0.228 D_fake_ViT: 0.269 global: 0.355 spatial: 0.080 
(epoch: 83, iters: 1916, time: 0.484, data: 0.001) G_GAN_ViT: 0.467 D_real_ViT: 0.434 D_fake_ViT: 0.142 global: 0.407 spatial: 0.102 
(epoch: 83, iters: 2016, time: 0.484, data: 0.001) G_GAN_ViT: 0.315 D_real_ViT: 0.225 D_fake_ViT: 0.224 global: 0.307 spatial: 0.068 
(epoch: 83, iters: 2116, time: 0.483, data: 0.001) G_GAN_ViT: 0.305 D_real_ViT: 0.114 D_fake_ViT: 0.235 global: 0.377 spatial: 0.091 
(epoch: 83, iters: 2216, time: 0.485, data: 0.001) G_GAN_ViT: 0.498 D_real_ViT: 0.236 D_fake_ViT: 0.121 global: 0.387 spatial: 0.074 
(epoch: 83, iters: 2316, time: 0.486, data: 0.001) G_GAN_ViT: 0.378 D_real_ViT: 0.406 D_fake_ViT: 0.189 global: 0.420 spatial: 0.101 
(epoch: 83, iters: 2416, time: 0.487, data: 0.002) G_GAN_ViT: 0.364 D_real_ViT: 0.126 D_fake_ViT: 0.192 global: 0.366 spatial: 0.082 
(epoch: 83, iters: 2516, time: 0.486, data: 0.001) G_GAN_ViT: 0.372 D_real_ViT: 0.479 D_fake_ViT: 0.184 global: 0.418 spatial: 0.101 
(epoch: 83, iters: 2616, time: 0.487, data: 0.001) G_GAN_ViT: 0.467 D_real_ViT: 0.191 D_fake_ViT: 0.134 global: 0.443 spatial: 0.098 
(epoch: 83, iters: 2716, time: 0.485, data: 0.001) G_GAN_ViT: 0.354 D_real_ViT: 0.253 D_fake_ViT: 0.204 global: 0.444 spatial: 0.106 
(epoch: 83, iters: 2816, time: 0.484, data: 0.001) G_GAN_ViT: 0.444 D_real_ViT: 0.287 D_fake_ViT: 0.150 global: 0.407 spatial: 0.095 
(epoch: 83, iters: 2916, time: 0.485, data: 0.002) G_GAN_ViT: 0.347 D_real_ViT: 0.253 D_fake_ViT: 0.197 global: 0.405 spatial: 0.076 
(epoch: 83, iters: 3016, time: 0.485, data: 0.001) G_GAN_ViT: 0.422 D_real_ViT: 0.236 D_fake_ViT: 0.160 global: 0.417 spatial: 0.100 
(epoch: 83, iters: 3116, time: 0.486, data: 0.001) G_GAN_ViT: 0.455 D_real_ViT: 0.232 D_fake_ViT: 0.128 global: 0.249 spatial: 0.049 
(epoch: 83, iters: 3216, time: 0.486, data: 0.001) G_GAN_ViT: 0.324 D_real_ViT: 0.119 D_fake_ViT: 0.219 global: 0.399 spatial: 0.085 
(epoch: 83, iters: 3316, time: 0.487, data: 0.001) G_GAN_ViT: 0.535 D_real_ViT: 0.272 D_fake_ViT: 0.119 global: 0.453 spatial: 0.121 
(epoch: 83, iters: 3416, time: 0.487, data: 0.001) G_GAN_ViT: 0.289 D_real_ViT: 0.190 D_fake_ViT: 0.255 global: 0.278 spatial: 0.063 
(epoch: 83, iters: 3516, time: 0.487, data: 0.001) G_GAN_ViT: 0.231 D_real_ViT: 0.239 D_fake_ViT: 0.309 global: 0.359 spatial: 0.085 
(epoch: 83, iters: 3616, time: 0.486, data: 0.001) G_GAN_ViT: 0.239 D_real_ViT: 0.211 D_fake_ViT: 0.302 global: 0.363 spatial: 0.079 
(epoch: 83, iters: 3716, time: 0.484, data: 0.001) G_GAN_ViT: 0.408 D_real_ViT: 0.353 D_fake_ViT: 0.164 global: 0.409 spatial: 0.098 
(epoch: 83, iters: 3816, time: 0.484, data: 0.001) G_GAN_ViT: 0.236 D_real_ViT: 0.167 D_fake_ViT: 0.306 global: 0.391 spatial: 0.080 
(epoch: 83, iters: 3916, time: 0.483, data: 0.002) G_GAN_ViT: 0.538 D_real_ViT: 0.216 D_fake_ViT: 0.099 global: 0.328 spatial: 0.060 
(epoch: 83, iters: 4016, time: 0.485, data: 0.001) G_GAN_ViT: 0.302 D_real_ViT: 0.163 D_fake_ViT: 0.243 global: 0.422 spatial: 0.089 
(epoch: 83, iters: 4116, time: 0.484, data: 0.001) G_GAN_ViT: 0.398 D_real_ViT: 0.108 D_fake_ViT: 0.169 global: 0.411 spatial: 0.085 
(epoch: 83, iters: 4216, time: 0.483, data: 0.001) G_GAN_ViT: 0.464 D_real_ViT: 0.494 D_fake_ViT: 0.130 global: 0.369 spatial: 0.090 
(epoch: 83, iters: 4316, time: 0.484, data: 0.001) G_GAN_ViT: 0.479 D_real_ViT: 0.184 D_fake_ViT: 0.144 global: 0.348 spatial: 0.073 
(epoch: 83, iters: 4416, time: 0.484, data: 0.001) G_GAN_ViT: 0.531 D_real_ViT: 0.300 D_fake_ViT: 0.101 global: 0.365 spatial: 0.079 
(epoch: 83, iters: 4516, time: 0.484, data: 0.001) G_GAN_ViT: 0.423 D_real_ViT: 0.250 D_fake_ViT: 0.156 global: 0.351 spatial: 0.088 
(epoch: 83, iters: 4616, time: 0.484, data: 0.001) G_GAN_ViT: 0.532 D_real_ViT: 0.268 D_fake_ViT: 0.098 global: 0.338 spatial: 0.073 
(epoch: 83, iters: 4716, time: 0.484, data: 0.002) G_GAN_ViT: 0.261 D_real_ViT: 0.143 D_fake_ViT: 0.285 global: 0.323 spatial: 0.061 
(epoch: 83, iters: 4816, time: 0.484, data: 0.001) G_GAN_ViT: 0.275 D_real_ViT: 0.202 D_fake_ViT: 0.272 global: 0.266 spatial: 0.052 
saving the latest model (epoch 83, total_iters 465000)
ICL_single_monitor
(epoch: 83, iters: 4916, time: 0.483, data: 0.001) G_GAN_ViT: 0.569 D_real_ViT: 0.064 D_fake_ViT: 0.093 global: 0.354 spatial: 0.075 
(epoch: 83, iters: 5016, time: 0.483, data: 0.001) G_GAN_ViT: 0.345 D_real_ViT: 0.257 D_fake_ViT: 0.220 global: 0.467 spatial: 0.088 
(epoch: 83, iters: 5116, time: 0.483, data: 0.001) G_GAN_ViT: 0.379 D_real_ViT: 0.266 D_fake_ViT: 0.179 global: 0.357 spatial: 0.070 
(epoch: 83, iters: 5216, time: 0.484, data: 0.001) G_GAN_ViT: 0.428 D_real_ViT: 0.057 D_fake_ViT: 0.164 global: 0.394 spatial: 0.116 
(epoch: 83, iters: 5316, time: 0.485, data: 0.002) G_GAN_ViT: 0.251 D_real_ViT: 0.257 D_fake_ViT: 0.286 global: 0.275 spatial: 0.054 
(epoch: 83, iters: 5416, time: 0.485, data: 0.001) G_GAN_ViT: 0.468 D_real_ViT: 0.206 D_fake_ViT: 0.123 global: 0.315 spatial: 0.067 
(epoch: 83, iters: 5516, time: 0.484, data: 0.001) G_GAN_ViT: 0.282 D_real_ViT: 0.281 D_fake_ViT: 0.261 global: 0.381 spatial: 0.081 
End of epoch 83 / 100 	 Time Taken: 2727 sec
learning rate = 0.0000033
(epoch: 84, iters: 4, time: 0.484, data: 0.001) G_GAN_ViT: 0.342 D_real_ViT: 0.334 D_fake_ViT: 0.205 global: 0.333 spatial: 0.082 
(epoch: 84, iters: 104, time: 0.484, data: 0.000) G_GAN_ViT: 0.254 D_real_ViT: 0.228 D_fake_ViT: 0.298 global: 0.421 spatial: 0.098 
(epoch: 84, iters: 204, time: 0.483, data: 0.001) G_GAN_ViT: 0.293 D_real_ViT: 0.202 D_fake_ViT: 0.263 global: 0.397 spatial: 0.084 
(epoch: 84, iters: 304, time: 0.484, data: 0.001) G_GAN_ViT: 0.347 D_real_ViT: 0.240 D_fake_ViT: 0.220 global: 0.372 spatial: 0.107 
(epoch: 84, iters: 404, time: 0.485, data: 0.001) G_GAN_ViT: 0.334 D_real_ViT: 0.168 D_fake_ViT: 0.207 global: 0.398 spatial: 0.095 
(epoch: 84, iters: 504, time: 0.485, data: 0.001) G_GAN_ViT: 0.346 D_real_ViT: 0.119 D_fake_ViT: 0.226 global: 0.416 spatial: 0.120 
(epoch: 84, iters: 604, time: 0.485, data: 0.001) G_GAN_ViT: 0.406 D_real_ViT: 0.239 D_fake_ViT: 0.167 global: 0.359 spatial: 0.088 
(epoch: 84, iters: 704, time: 0.486, data: 0.001) G_GAN_ViT: 0.278 D_real_ViT: 0.212 D_fake_ViT: 0.265 global: 0.441 spatial: 0.090 
(epoch: 84, iters: 804, time: 0.486, data: 0.001) G_GAN_ViT: 0.412 D_real_ViT: 0.271 D_fake_ViT: 0.157 global: 0.393 spatial: 0.079 
(epoch: 84, iters: 904, time: 0.487, data: 0.001) G_GAN_ViT: 0.369 D_real_ViT: 0.250 D_fake_ViT: 0.182 global: 0.242 spatial: 0.064 
(epoch: 84, iters: 1004, time: 0.486, data: 0.001) G_GAN_ViT: 0.491 D_real_ViT: 0.324 D_fake_ViT: 0.119 global: 0.378 spatial: 0.085 
(epoch: 84, iters: 1104, time: 0.486, data: 0.001) G_GAN_ViT: 0.349 D_real_ViT: 0.048 D_fake_ViT: 0.210 global: 0.369 spatial: 0.079 
(epoch: 84, iters: 1204, time: 0.486, data: 0.001) G_GAN_ViT: 0.407 D_real_ViT: 0.146 D_fake_ViT: 0.170 global: 0.353 spatial: 0.067 
(epoch: 84, iters: 1304, time: 0.485, data: 0.001) G_GAN_ViT: 0.285 D_real_ViT: 0.112 D_fake_ViT: 0.248 global: 0.362 spatial: 0.060 
(epoch: 84, iters: 1404, time: 0.485, data: 0.001) G_GAN_ViT: 0.503 D_real_ViT: 0.407 D_fake_ViT: 0.113 global: 0.369 spatial: 0.083 
(epoch: 84, iters: 1504, time: 0.485, data: 0.001) G_GAN_ViT: 0.526 D_real_ViT: 0.288 D_fake_ViT: 0.098 global: 0.340 spatial: 0.076 
(epoch: 84, iters: 1604, time: 0.486, data: 0.001) G_GAN_ViT: 0.318 D_real_ViT: 0.039 D_fake_ViT: 0.236 global: 0.402 spatial: 0.109 
(epoch: 84, iters: 1704, time: 0.486, data: 0.001) G_GAN_ViT: 0.251 D_real_ViT: 0.304 D_fake_ViT: 0.301 global: 0.431 spatial: 0.090 
(epoch: 84, iters: 1804, time: 0.486, data: 0.001) G_GAN_ViT: 0.390 D_real_ViT: 0.133 D_fake_ViT: 0.165 global: 0.284 spatial: 0.054 
(epoch: 84, iters: 1904, time: 0.486, data: 0.002) G_GAN_ViT: 0.324 D_real_ViT: 0.263 D_fake_ViT: 0.230 global: 0.490 spatial: 0.099 
(epoch: 84, iters: 2004, time: 0.486, data: 0.001) G_GAN_ViT: 0.288 D_real_ViT: 0.220 D_fake_ViT: 0.248 global: 0.349 spatial: 0.092 
(epoch: 84, iters: 2104, time: 0.486, data: 0.002) G_GAN_ViT: 0.459 D_real_ViT: 0.033 D_fake_ViT: 0.136 global: 0.334 spatial: 0.062 
(epoch: 84, iters: 2204, time: 0.486, data: 0.001) G_GAN_ViT: 0.263 D_real_ViT: 0.340 D_fake_ViT: 0.300 global: 0.400 spatial: 0.085 
(epoch: 84, iters: 2304, time: 0.485, data: 0.001) G_GAN_ViT: 0.514 D_real_ViT: 0.155 D_fake_ViT: 0.102 global: 0.242 spatial: 0.045 
(epoch: 84, iters: 2404, time: 0.485, data: 0.001) G_GAN_ViT: 0.379 D_real_ViT: 0.209 D_fake_ViT: 0.179 global: 0.448 spatial: 0.081 
(epoch: 84, iters: 2504, time: 0.485, data: 0.001) G_GAN_ViT: 0.560 D_real_ViT: 0.291 D_fake_ViT: 0.085 global: 0.325 spatial: 0.063 
(epoch: 84, iters: 2604, time: 0.485, data: 0.001) G_GAN_ViT: 0.522 D_real_ViT: 0.326 D_fake_ViT: 0.102 global: 0.304 spatial: 0.061 
(epoch: 84, iters: 2704, time: 0.486, data: 0.001) G_GAN_ViT: 0.360 D_real_ViT: 0.349 D_fake_ViT: 0.241 global: 0.356 spatial: 0.089 
(epoch: 84, iters: 2804, time: 0.487, data: 0.002) G_GAN_ViT: 0.282 D_real_ViT: 0.266 D_fake_ViT: 0.265 global: 0.389 spatial: 0.077 
(epoch: 84, iters: 2904, time: 0.486, data: 0.001) G_GAN_ViT: 0.394 D_real_ViT: 0.230 D_fake_ViT: 0.162 global: 0.318 spatial: 0.071 
(epoch: 84, iters: 3004, time: 0.487, data: 0.001) G_GAN_ViT: 0.433 D_real_ViT: 0.251 D_fake_ViT: 0.144 global: 0.305 spatial: 0.064 
(epoch: 84, iters: 3104, time: 0.486, data: 0.001) G_GAN_ViT: 0.345 D_real_ViT: 0.377 D_fake_ViT: 0.211 global: 0.451 spatial: 0.088 
(epoch: 84, iters: 3204, time: 0.486, data: 0.001) G_GAN_ViT: 0.416 D_real_ViT: 0.281 D_fake_ViT: 0.155 global: 0.401 spatial: 0.094 
(epoch: 84, iters: 3304, time: 0.486, data: 0.001) G_GAN_ViT: 0.382 D_real_ViT: 0.212 D_fake_ViT: 0.183 global: 0.319 spatial: 0.089 
(epoch: 84, iters: 3404, time: 0.486, data: 0.001) G_GAN_ViT: 0.359 D_real_ViT: 0.077 D_fake_ViT: 0.191 global: 0.424 spatial: 0.094 
(epoch: 84, iters: 3504, time: 0.486, data: 0.001) G_GAN_ViT: 0.253 D_real_ViT: 0.288 D_fake_ViT: 0.286 global: 0.347 spatial: 0.087 
(epoch: 84, iters: 3604, time: 0.485, data: 0.001) G_GAN_ViT: 0.260 D_real_ViT: 0.204 D_fake_ViT: 0.276 global: 0.376 spatial: 0.101 
(epoch: 84, iters: 3704, time: 0.485, data: 0.001) G_GAN_ViT: 0.365 D_real_ViT: 0.209 D_fake_ViT: 0.205 global: 0.477 spatial: 0.096 
(epoch: 84, iters: 3804, time: 0.484, data: 0.001) G_GAN_ViT: 0.291 D_real_ViT: 0.123 D_fake_ViT: 0.271 global: 0.425 spatial: 0.083 
(epoch: 84, iters: 3904, time: 0.484, data: 0.001) G_GAN_ViT: 0.367 D_real_ViT: 0.116 D_fake_ViT: 0.195 global: 0.423 spatial: 0.100 
(epoch: 84, iters: 4004, time: 0.484, data: 0.001) G_GAN_ViT: 0.526 D_real_ViT: 0.065 D_fake_ViT: 0.110 global: 0.331 spatial: 0.056 
(epoch: 84, iters: 4104, time: 0.484, data: 0.002) G_GAN_ViT: 0.328 D_real_ViT: 0.230 D_fake_ViT: 0.227 global: 0.449 spatial: 0.104 
(epoch: 84, iters: 4204, time: 0.484, data: 0.001) G_GAN_ViT: 0.282 D_real_ViT: 0.265 D_fake_ViT: 0.282 global: 0.423 spatial: 0.110 
saving the latest model (epoch 84, total_iters 470000)
ICL_single_monitor
(epoch: 84, iters: 4304, time: 0.485, data: 0.001) G_GAN_ViT: 0.453 D_real_ViT: 0.206 D_fake_ViT: 0.170 global: 0.347 spatial: 0.102 
(epoch: 84, iters: 4404, time: 0.486, data: 0.001) G_GAN_ViT: 0.582 D_real_ViT: 0.034 D_fake_ViT: 0.076 global: 0.340 spatial: 0.081 
(epoch: 84, iters: 4504, time: 0.487, data: 0.001) G_GAN_ViT: 0.296 D_real_ViT: 0.299 D_fake_ViT: 0.259 global: 0.445 spatial: 0.110 
(epoch: 84, iters: 4604, time: 0.488, data: 0.001) G_GAN_ViT: 0.445 D_real_ViT: 0.289 D_fake_ViT: 0.152 global: 0.461 spatial: 0.087 
(epoch: 84, iters: 4704, time: 0.488, data: 0.001) G_GAN_ViT: 0.328 D_real_ViT: 0.056 D_fake_ViT: 0.216 global: 0.390 spatial: 0.065 
(epoch: 84, iters: 4804, time: 0.488, data: 0.002) G_GAN_ViT: 0.341 D_real_ViT: 0.113 D_fake_ViT: 0.214 global: 0.374 spatial: 0.089 
(epoch: 84, iters: 4904, time: 0.488, data: 0.001) G_GAN_ViT: 0.289 D_real_ViT: 0.200 D_fake_ViT: 0.262 global: 0.405 spatial: 0.113 
(epoch: 84, iters: 5004, time: 0.488, data: 0.001) G_GAN_ViT: 0.302 D_real_ViT: 0.216 D_fake_ViT: 0.259 global: 0.459 spatial: 0.098 
(epoch: 84, iters: 5104, time: 0.488, data: 0.001) G_GAN_ViT: 0.351 D_real_ViT: 0.344 D_fake_ViT: 0.215 global: 0.421 spatial: 0.108 
(epoch: 84, iters: 5204, time: 0.487, data: 0.001) G_GAN_ViT: 0.307 D_real_ViT: 0.150 D_fake_ViT: 0.240 global: 0.430 spatial: 0.077 
(epoch: 84, iters: 5304, time: 0.488, data: 0.001) G_GAN_ViT: 0.305 D_real_ViT: 0.128 D_fake_ViT: 0.278 global: 0.359 spatial: 0.069 
(epoch: 84, iters: 5404, time: 0.488, data: 0.001) G_GAN_ViT: 0.508 D_real_ViT: 0.143 D_fake_ViT: 0.108 global: 0.423 spatial: 0.068 
(epoch: 84, iters: 5504, time: 0.487, data: 0.001) G_GAN_ViT: 0.375 D_real_ViT: 0.119 D_fake_ViT: 0.210 global: 0.319 spatial: 0.085 
(epoch: 84, iters: 5604, time: 0.486, data: 0.002) G_GAN_ViT: 0.399 D_real_ViT: 0.314 D_fake_ViT: 0.164 global: 0.322 spatial: 0.064 
End of epoch 84 / 100 	 Time Taken: 2736 sec
learning rate = 0.0000031
(epoch: 85, iters: 92, time: 0.486, data: 0.002) G_GAN_ViT: 0.254 D_real_ViT: 0.226 D_fake_ViT: 0.298 global: 0.445 spatial: 0.079 
(epoch: 85, iters: 192, time: 0.486, data: 0.001) G_GAN_ViT: 0.351 D_real_ViT: 0.500 D_fake_ViT: 0.201 global: 0.379 spatial: 0.077 
(epoch: 85, iters: 292, time: 0.486, data: 0.001) G_GAN_ViT: 0.318 D_real_ViT: 0.286 D_fake_ViT: 0.232 global: 0.390 spatial: 0.117 
(epoch: 85, iters: 392, time: 0.486, data: 0.001) G_GAN_ViT: 0.378 D_real_ViT: 0.225 D_fake_ViT: 0.177 global: 0.385 spatial: 0.075 
(epoch: 85, iters: 492, time: 0.485, data: 0.001) G_GAN_ViT: 0.347 D_real_ViT: 0.260 D_fake_ViT: 0.202 global: 0.362 spatial: 0.085 
(epoch: 85, iters: 592, time: 0.484, data: 0.001) G_GAN_ViT: 0.336 D_real_ViT: 0.228 D_fake_ViT: 0.219 global: 0.453 spatial: 0.099 
(epoch: 85, iters: 692, time: 0.483, data: 0.002) G_GAN_ViT: 0.440 D_real_ViT: 0.099 D_fake_ViT: 0.149 global: 0.310 spatial: 0.090 
(epoch: 85, iters: 792, time: 0.483, data: 0.001) G_GAN_ViT: 0.367 D_real_ViT: 0.158 D_fake_ViT: 0.191 global: 0.418 spatial: 0.105 
(epoch: 85, iters: 892, time: 0.484, data: 0.001) G_GAN_ViT: 0.327 D_real_ViT: 0.203 D_fake_ViT: 0.213 global: 0.487 spatial: 0.070 
(epoch: 85, iters: 992, time: 0.484, data: 0.001) G_GAN_ViT: 0.326 D_real_ViT: 0.132 D_fake_ViT: 0.234 global: 0.395 spatial: 0.090 
(epoch: 85, iters: 1092, time: 0.485, data: 0.001) G_GAN_ViT: 0.262 D_real_ViT: 0.211 D_fake_ViT: 0.296 global: 0.440 spatial: 0.086 
(epoch: 85, iters: 1192, time: 0.485, data: 0.001) G_GAN_ViT: 0.267 D_real_ViT: 0.062 D_fake_ViT: 0.279 global: 0.344 spatial: 0.071 
(epoch: 85, iters: 1292, time: 0.485, data: 0.001) G_GAN_ViT: 0.364 D_real_ViT: 0.227 D_fake_ViT: 0.196 global: 0.420 spatial: 0.075 
(epoch: 85, iters: 1392, time: 0.484, data: 0.002) G_GAN_ViT: 0.342 D_real_ViT: 0.211 D_fake_ViT: 0.226 global: 0.383 spatial: 0.116 
(epoch: 85, iters: 1492, time: 0.484, data: 0.001) G_GAN_ViT: 0.395 D_real_ViT: 0.170 D_fake_ViT: 0.175 global: 0.393 spatial: 0.090 
(epoch: 85, iters: 1592, time: 0.485, data: 0.004) G_GAN_ViT: 0.363 D_real_ViT: 0.184 D_fake_ViT: 0.219 global: 0.344 spatial: 0.085 
(epoch: 85, iters: 1692, time: 0.486, data: 0.001) G_GAN_ViT: 0.274 D_real_ViT: 0.114 D_fake_ViT: 0.258 global: 0.344 spatial: 0.087 
(epoch: 85, iters: 1792, time: 0.486, data: 0.002) G_GAN_ViT: 0.284 D_real_ViT: 0.362 D_fake_ViT: 0.260 global: 0.263 spatial: 0.048 
(epoch: 85, iters: 1892, time: 0.487, data: 0.001) G_GAN_ViT: 0.469 D_real_ViT: 0.299 D_fake_ViT: 0.132 global: 0.359 spatial: 0.053 
(epoch: 85, iters: 1992, time: 0.485, data: 0.001) G_GAN_ViT: 0.461 D_real_ViT: 0.133 D_fake_ViT: 0.146 global: 0.390 spatial: 0.113 
(epoch: 85, iters: 2092, time: 0.484, data: 0.001) G_GAN_ViT: 0.324 D_real_ViT: 0.231 D_fake_ViT: 0.218 global: 0.390 spatial: 0.079 
(epoch: 85, iters: 2192, time: 0.485, data: 0.001) G_GAN_ViT: 0.369 D_real_ViT: 0.096 D_fake_ViT: 0.184 global: 0.303 spatial: 0.059 
(epoch: 85, iters: 2292, time: 0.485, data: 0.001) G_GAN_ViT: 0.367 D_real_ViT: 0.325 D_fake_ViT: 0.193 global: 0.422 spatial: 0.089 
(epoch: 85, iters: 2392, time: 0.485, data: 0.001) G_GAN_ViT: 0.369 D_real_ViT: 0.149 D_fake_ViT: 0.205 global: 0.356 spatial: 0.083 
(epoch: 85, iters: 2492, time: 0.486, data: 0.001) G_GAN_ViT: 0.313 D_real_ViT: 0.123 D_fake_ViT: 0.247 global: 0.377 spatial: 0.102 
(epoch: 85, iters: 2592, time: 0.487, data: 0.001) G_GAN_ViT: 0.312 D_real_ViT: 0.260 D_fake_ViT: 0.241 global: 0.448 spatial: 0.106 
(epoch: 85, iters: 2692, time: 0.487, data: 0.001) G_GAN_ViT: 0.207 D_real_ViT: 0.093 D_fake_ViT: 0.330 global: 0.399 spatial: 0.075 
(epoch: 85, iters: 2792, time: 0.488, data: 0.001) G_GAN_ViT: 0.430 D_real_ViT: 0.104 D_fake_ViT: 0.174 global: 0.378 spatial: 0.098 
(epoch: 85, iters: 2892, time: 0.488, data: 0.001) G_GAN_ViT: 0.369 D_real_ViT: 0.319 D_fake_ViT: 0.194 global: 0.455 spatial: 0.079 
(epoch: 85, iters: 2992, time: 0.488, data: 0.001) G_GAN_ViT: 0.296 D_real_ViT: 0.045 D_fake_ViT: 0.259 global: 0.467 spatial: 0.094 
(epoch: 85, iters: 3092, time: 0.488, data: 0.001) G_GAN_ViT: 0.420 D_real_ViT: 0.081 D_fake_ViT: 0.160 global: 0.354 spatial: 0.084 
(epoch: 85, iters: 3192, time: 0.488, data: 0.001) G_GAN_ViT: 0.407 D_real_ViT: 0.083 D_fake_ViT: 0.165 global: 0.375 spatial: 0.085 
(epoch: 85, iters: 3292, time: 0.487, data: 0.001) G_GAN_ViT: 0.318 D_real_ViT: 0.127 D_fake_ViT: 0.224 global: 0.382 spatial: 0.067 
(epoch: 85, iters: 3392, time: 0.486, data: 0.001) G_GAN_ViT: 0.327 D_real_ViT: 0.125 D_fake_ViT: 0.226 global: 0.444 spatial: 0.088 
(epoch: 85, iters: 3492, time: 0.486, data: 0.002) G_GAN_ViT: 0.346 D_real_ViT: 0.249 D_fake_ViT: 0.212 global: 0.494 spatial: 0.085 
(epoch: 85, iters: 3592, time: 0.486, data: 0.001) G_GAN_ViT: 0.259 D_real_ViT: 0.044 D_fake_ViT: 0.280 global: 0.387 spatial: 0.084 
saving the latest model (epoch 85, total_iters 475000)
ICL_single_monitor
(epoch: 85, iters: 3692, time: 0.486, data: 0.002) G_GAN_ViT: 0.348 D_real_ViT: 0.178 D_fake_ViT: 0.205 global: 0.407 spatial: 0.088 
(epoch: 85, iters: 3792, time: 0.487, data: 0.002) G_GAN_ViT: 0.369 D_real_ViT: 0.069 D_fake_ViT: 0.192 global: 0.456 spatial: 0.092 
(epoch: 85, iters: 3892, time: 0.487, data: 0.001) G_GAN_ViT: 0.365 D_real_ViT: 0.263 D_fake_ViT: 0.185 global: 0.389 spatial: 0.093 
(epoch: 85, iters: 3992, time: 0.488, data: 0.001) G_GAN_ViT: 0.331 D_real_ViT: 0.178 D_fake_ViT: 0.207 global: 0.441 spatial: 0.068 
(epoch: 85, iters: 4092, time: 0.487, data: 0.001) G_GAN_ViT: 0.285 D_real_ViT: 0.097 D_fake_ViT: 0.251 global: 0.401 spatial: 0.102 
(epoch: 85, iters: 4192, time: 0.486, data: 0.001) G_GAN_ViT: 0.370 D_real_ViT: 0.069 D_fake_ViT: 0.199 global: 0.419 spatial: 0.076 
(epoch: 85, iters: 4292, time: 0.486, data: 0.001) G_GAN_ViT: 0.351 D_real_ViT: 0.165 D_fake_ViT: 0.208 global: 0.414 spatial: 0.089 
(epoch: 85, iters: 4392, time: 0.485, data: 0.001) G_GAN_ViT: 0.439 D_real_ViT: 0.407 D_fake_ViT: 0.162 global: 0.463 spatial: 0.111 
(epoch: 85, iters: 4492, time: 0.486, data: 0.001) G_GAN_ViT: 0.366 D_real_ViT: 0.062 D_fake_ViT: 0.189 global: 0.326 spatial: 0.074 
(epoch: 85, iters: 4592, time: 0.486, data: 0.001) G_GAN_ViT: 0.323 D_real_ViT: 0.295 D_fake_ViT: 0.222 global: 0.402 spatial: 0.080 
(epoch: 85, iters: 4692, time: 0.486, data: 0.001) G_GAN_ViT: 0.354 D_real_ViT: 0.124 D_fake_ViT: 0.198 global: 0.287 spatial: 0.068 
(epoch: 85, iters: 4792, time: 0.486, data: 0.001) G_GAN_ViT: 0.320 D_real_ViT: 0.259 D_fake_ViT: 0.234 global: 0.294 spatial: 0.060 
(epoch: 85, iters: 4892, time: 0.487, data: 0.001) G_GAN_ViT: 0.317 D_real_ViT: 0.247 D_fake_ViT: 0.225 global: 0.367 spatial: 0.072 
(epoch: 85, iters: 4992, time: 0.485, data: 0.001) G_GAN_ViT: 0.245 D_real_ViT: 0.210 D_fake_ViT: 0.288 global: 0.394 spatial: 0.083 
(epoch: 85, iters: 5092, time: 0.486, data: 0.001) G_GAN_ViT: 0.401 D_real_ViT: 0.046 D_fake_ViT: 0.161 global: 0.457 spatial: 0.069 
(epoch: 85, iters: 5192, time: 0.487, data: 0.001) G_GAN_ViT: 0.295 D_real_ViT: 0.219 D_fake_ViT: 0.239 global: 0.442 spatial: 0.071 
(epoch: 85, iters: 5292, time: 0.486, data: 0.001) G_GAN_ViT: 0.337 D_real_ViT: 0.362 D_fake_ViT: 0.224 global: 0.441 spatial: 0.087 
(epoch: 85, iters: 5392, time: 0.486, data: 0.001) G_GAN_ViT: 0.495 D_real_ViT: 0.173 D_fake_ViT: 0.112 global: 0.254 spatial: 0.051 
(epoch: 85, iters: 5492, time: 0.486, data: 0.002) G_GAN_ViT: 0.503 D_real_ViT: 0.390 D_fake_ViT: 0.110 global: 0.349 spatial: 0.059 
(epoch: 85, iters: 5592, time: 0.486, data: 0.001) G_GAN_ViT: 0.401 D_real_ViT: 0.206 D_fake_ViT: 0.179 global: 0.478 spatial: 0.086 
saving the model at the end of epoch 85, iters 477020
End of epoch 85 / 100 	 Time Taken: 2736 sec
learning rate = 0.0000029
(epoch: 86, iters: 80, time: 0.487, data: 0.001) G_GAN_ViT: 0.246 D_real_ViT: 0.368 D_fake_ViT: 0.297 global: 0.446 spatial: 0.087 
(epoch: 86, iters: 180, time: 0.487, data: 0.001) G_GAN_ViT: 0.273 D_real_ViT: 0.125 D_fake_ViT: 0.263 global: 0.388 spatial: 0.088 
(epoch: 86, iters: 280, time: 0.486, data: 0.001) G_GAN_ViT: 0.239 D_real_ViT: 0.097 D_fake_ViT: 0.297 global: 0.383 spatial: 0.083 
(epoch: 86, iters: 380, time: 0.487, data: 0.001) G_GAN_ViT: 0.352 D_real_ViT: 0.263 D_fake_ViT: 0.209 global: 0.399 spatial: 0.108 
(epoch: 86, iters: 480, time: 0.485, data: 0.002) G_GAN_ViT: 0.524 D_real_ViT: 0.200 D_fake_ViT: 0.114 global: 0.496 spatial: 0.097 
(epoch: 86, iters: 580, time: 0.486, data: 0.001) G_GAN_ViT: 0.252 D_real_ViT: 0.267 D_fake_ViT: 0.297 global: 0.422 spatial: 0.096 
(epoch: 86, iters: 680, time: 0.485, data: 0.001) G_GAN_ViT: 0.288 D_real_ViT: 0.311 D_fake_ViT: 0.266 global: 0.370 spatial: 0.070 
(epoch: 86, iters: 780, time: 0.484, data: 0.001) G_GAN_ViT: 0.507 D_real_ViT: 0.192 D_fake_ViT: 0.112 global: 0.373 spatial: 0.082 
(epoch: 86, iters: 880, time: 0.484, data: 0.001) G_GAN_ViT: 0.289 D_real_ViT: 0.149 D_fake_ViT: 0.257 global: 0.439 spatial: 0.087 
(epoch: 86, iters: 980, time: 0.485, data: 0.001) G_GAN_ViT: 0.353 D_real_ViT: 0.108 D_fake_ViT: 0.201 global: 0.419 spatial: 0.074 
(epoch: 86, iters: 1080, time: 0.486, data: 0.001) G_GAN_ViT: 0.420 D_real_ViT: 0.229 D_fake_ViT: 0.148 global: 0.242 spatial: 0.062 
(epoch: 86, iters: 1180, time: 0.485, data: 0.001) G_GAN_ViT: 0.281 D_real_ViT: 0.390 D_fake_ViT: 0.269 global: 0.393 spatial: 0.085 
(epoch: 86, iters: 1280, time: 0.483, data: 0.001) G_GAN_ViT: 0.367 D_real_ViT: 0.039 D_fake_ViT: 0.184 global: 0.351 spatial: 0.060 
(epoch: 86, iters: 1380, time: 0.483, data: 0.001) G_GAN_ViT: 0.303 D_real_ViT: 0.128 D_fake_ViT: 0.240 global: 0.389 spatial: 0.082 
(epoch: 86, iters: 1480, time: 0.483, data: 0.001) G_GAN_ViT: 0.538 D_real_ViT: 0.249 D_fake_ViT: 0.105 global: 0.397 spatial: 0.103 
(epoch: 86, iters: 1580, time: 0.484, data: 0.001) G_GAN_ViT: 0.386 D_real_ViT: 0.198 D_fake_ViT: 0.174 global: 0.381 spatial: 0.095 
(epoch: 86, iters: 1680, time: 0.485, data: 0.001) G_GAN_ViT: 0.386 D_real_ViT: 0.552 D_fake_ViT: 0.172 global: 0.441 spatial: 0.081 
(epoch: 86, iters: 1780, time: 0.486, data: 0.001) G_GAN_ViT: 0.441 D_real_ViT: 0.162 D_fake_ViT: 0.175 global: 0.436 spatial: 0.113 
(epoch: 86, iters: 1880, time: 0.486, data: 0.001) G_GAN_ViT: 0.243 D_real_ViT: 0.185 D_fake_ViT: 0.300 global: 0.380 spatial: 0.083 
(epoch: 86, iters: 1980, time: 0.486, data: 0.001) G_GAN_ViT: 0.288 D_real_ViT: 0.124 D_fake_ViT: 0.268 global: 0.492 spatial: 0.106 
(epoch: 86, iters: 2080, time: 0.486, data: 0.001) G_GAN_ViT: 0.293 D_real_ViT: 0.223 D_fake_ViT: 0.239 global: 0.374 spatial: 0.082 
(epoch: 86, iters: 2180, time: 0.486, data: 0.001) G_GAN_ViT: 0.497 D_real_ViT: 0.355 D_fake_ViT: 0.108 global: 0.252 spatial: 0.048 
(epoch: 86, iters: 2280, time: 0.487, data: 0.001) G_GAN_ViT: 0.388 D_real_ViT: 0.202 D_fake_ViT: 0.181 global: 0.435 spatial: 0.087 
(epoch: 86, iters: 2380, time: 0.486, data: 0.001) G_GAN_ViT: 0.339 D_real_ViT: 0.120 D_fake_ViT: 0.208 global: 0.427 spatial: 0.087 
(epoch: 86, iters: 2480, time: 0.485, data: 0.001) G_GAN_ViT: 0.361 D_real_ViT: 0.202 D_fake_ViT: 0.193 global: 0.258 spatial: 0.057 
(epoch: 86, iters: 2580, time: 0.486, data: 0.001) G_GAN_ViT: 0.438 D_real_ViT: 0.235 D_fake_ViT: 0.145 global: 0.361 spatial: 0.091 
(epoch: 86, iters: 2680, time: 0.486, data: 0.001) G_GAN_ViT: 0.351 D_real_ViT: 0.145 D_fake_ViT: 0.195 global: 0.337 spatial: 0.068 
(epoch: 86, iters: 2780, time: 0.487, data: 0.001) G_GAN_ViT: 0.273 D_real_ViT: 0.267 D_fake_ViT: 0.266 global: 0.387 spatial: 0.097 
(epoch: 86, iters: 2880, time: 0.487, data: 0.001) G_GAN_ViT: 0.301 D_real_ViT: 0.356 D_fake_ViT: 0.237 global: 0.412 spatial: 0.077 
(epoch: 86, iters: 2980, time: 0.487, data: 0.001) G_GAN_ViT: 0.282 D_real_ViT: 0.176 D_fake_ViT: 0.258 global: 0.385 spatial: 0.098 
saving the latest model (epoch 86, total_iters 480000)
ICL_single_monitor
(epoch: 86, iters: 3080, time: 0.485, data: 0.001) G_GAN_ViT: 0.299 D_real_ViT: 0.086 D_fake_ViT: 0.272 global: 0.442 spatial: 0.082 
(epoch: 86, iters: 3180, time: 0.486, data: 0.001) G_GAN_ViT: 0.354 D_real_ViT: 0.188 D_fake_ViT: 0.203 global: 0.465 spatial: 0.074 
(epoch: 86, iters: 3280, time: 0.487, data: 0.001) G_GAN_ViT: 0.303 D_real_ViT: 0.081 D_fake_ViT: 0.239 global: 0.248 spatial: 0.054 
(epoch: 86, iters: 3380, time: 0.487, data: 0.001) G_GAN_ViT: 0.428 D_real_ViT: 0.362 D_fake_ViT: 0.172 global: 0.458 spatial: 0.116 
(epoch: 86, iters: 3480, time: 0.487, data: 0.001) G_GAN_ViT: 0.393 D_real_ViT: 0.248 D_fake_ViT: 0.177 global: 0.426 spatial: 0.107 
(epoch: 86, iters: 3580, time: 0.487, data: 0.001) G_GAN_ViT: 0.302 D_real_ViT: 0.132 D_fake_ViT: 0.253 global: 0.490 spatial: 0.096 
(epoch: 86, iters: 3680, time: 0.486, data: 0.001) G_GAN_ViT: 0.391 D_real_ViT: 0.073 D_fake_ViT: 0.191 global: 0.331 spatial: 0.084 
(epoch: 86, iters: 3780, time: 0.486, data: 0.001) G_GAN_ViT: 0.284 D_real_ViT: 0.123 D_fake_ViT: 0.269 global: 0.459 spatial: 0.093 
(epoch: 86, iters: 3880, time: 0.486, data: 0.001) G_GAN_ViT: 0.438 D_real_ViT: 0.069 D_fake_ViT: 0.144 global: 0.438 spatial: 0.090 
(epoch: 86, iters: 3980, time: 0.486, data: 0.001) G_GAN_ViT: 0.408 D_real_ViT: 0.196 D_fake_ViT: 0.166 global: 0.326 spatial: 0.087 
(epoch: 86, iters: 4080, time: 0.485, data: 0.001) G_GAN_ViT: 0.248 D_real_ViT: 0.147 D_fake_ViT: 0.302 global: 0.378 spatial: 0.093 
(epoch: 86, iters: 4180, time: 0.486, data: 0.001) G_GAN_ViT: 0.415 D_real_ViT: 0.091 D_fake_ViT: 0.165 global: 0.435 spatial: 0.081 
(epoch: 86, iters: 4280, time: 0.485, data: 0.001) G_GAN_ViT: 0.411 D_real_ViT: 0.178 D_fake_ViT: 0.160 global: 0.340 spatial: 0.080 
(epoch: 86, iters: 4380, time: 0.484, data: 0.001) G_GAN_ViT: 0.537 D_real_ViT: 0.285 D_fake_ViT: 0.124 global: 0.390 spatial: 0.083 
(epoch: 86, iters: 4480, time: 0.485, data: 0.002) G_GAN_ViT: 0.402 D_real_ViT: 0.375 D_fake_ViT: 0.161 global: 0.328 spatial: 0.055 
(epoch: 86, iters: 4580, time: 0.486, data: 0.001) G_GAN_ViT: 0.264 D_real_ViT: 0.359 D_fake_ViT: 0.285 global: 0.439 spatial: 0.108 
(epoch: 86, iters: 4680, time: 0.486, data: 0.001) G_GAN_ViT: 0.487 D_real_ViT: 0.113 D_fake_ViT: 0.122 global: 0.398 spatial: 0.104 
(epoch: 86, iters: 4780, time: 0.486, data: 0.001) G_GAN_ViT: 0.276 D_real_ViT: 0.035 D_fake_ViT: 0.263 global: 0.355 spatial: 0.089 
(epoch: 86, iters: 4880, time: 0.486, data: 0.001) G_GAN_ViT: 0.276 D_real_ViT: 0.253 D_fake_ViT: 0.276 global: 0.447 spatial: 0.082 
(epoch: 86, iters: 4980, time: 0.486, data: 0.001) G_GAN_ViT: 0.377 D_real_ViT: 0.305 D_fake_ViT: 0.191 global: 0.413 spatial: 0.088 
(epoch: 86, iters: 5080, time: 0.486, data: 0.001) G_GAN_ViT: 0.462 D_real_ViT: 0.040 D_fake_ViT: 0.132 global: 0.457 spatial: 0.081 
(epoch: 86, iters: 5180, time: 0.485, data: 0.001) G_GAN_ViT: 0.475 D_real_ViT: 0.194 D_fake_ViT: 0.128 global: 0.334 spatial: 0.064 
(epoch: 86, iters: 5280, time: 0.485, data: 0.001) G_GAN_ViT: 0.321 D_real_ViT: 0.138 D_fake_ViT: 0.223 global: 0.380 spatial: 0.087 
(epoch: 86, iters: 5380, time: 0.484, data: 0.001) G_GAN_ViT: 0.409 D_real_ViT: 0.244 D_fake_ViT: 0.155 global: 0.296 spatial: 0.052 
(epoch: 86, iters: 5480, time: 0.483, data: 0.001) G_GAN_ViT: 0.355 D_real_ViT: 0.171 D_fake_ViT: 0.215 global: 0.382 spatial: 0.110 
(epoch: 86, iters: 5580, time: 0.484, data: 0.001) G_GAN_ViT: 0.323 D_real_ViT: 0.308 D_fake_ViT: 0.214 global: 0.279 spatial: 0.064 
End of epoch 86 / 100 	 Time Taken: 2732 sec
learning rate = 0.0000027
(epoch: 87, iters: 68, time: 0.484, data: 0.001) G_GAN_ViT: 0.357 D_real_ViT: 0.114 D_fake_ViT: 0.194 global: 0.404 spatial: 0.076 
(epoch: 87, iters: 168, time: 0.483, data: 0.001) G_GAN_ViT: 0.407 D_real_ViT: 0.414 D_fake_ViT: 0.158 global: 0.292 spatial: 0.073 
(epoch: 87, iters: 268, time: 0.483, data: 0.001) G_GAN_ViT: 0.337 D_real_ViT: 0.088 D_fake_ViT: 0.217 global: 0.392 spatial: 0.100 
(epoch: 87, iters: 368, time: 0.482, data: 0.001) G_GAN_ViT: 0.487 D_real_ViT: 0.223 D_fake_ViT: 0.152 global: 0.455 spatial: 0.121 
(epoch: 87, iters: 468, time: 0.482, data: 0.001) G_GAN_ViT: 0.542 D_real_ViT: 0.179 D_fake_ViT: 0.091 global: 0.386 spatial: 0.067 
(epoch: 87, iters: 568, time: 0.483, data: 0.001) G_GAN_ViT: 0.377 D_real_ViT: 0.235 D_fake_ViT: 0.190 global: 0.421 spatial: 0.097 
(epoch: 87, iters: 668, time: 0.483, data: 0.001) G_GAN_ViT: 0.370 D_real_ViT: 0.200 D_fake_ViT: 0.185 global: 0.343 spatial: 0.093 
(epoch: 87, iters: 768, time: 0.484, data: 0.001) G_GAN_ViT: 0.381 D_real_ViT: 0.190 D_fake_ViT: 0.186 global: 0.417 spatial: 0.081 
(epoch: 87, iters: 868, time: 0.485, data: 0.001) G_GAN_ViT: 0.339 D_real_ViT: 0.250 D_fake_ViT: 0.203 global: 0.498 spatial: 0.065 
(epoch: 87, iters: 968, time: 0.485, data: 0.001) G_GAN_ViT: 0.645 D_real_ViT: 0.146 D_fake_ViT: 0.065 global: 0.343 spatial: 0.059 
(epoch: 87, iters: 1068, time: 0.483, data: 0.001) G_GAN_ViT: 0.357 D_real_ViT: 0.231 D_fake_ViT: 0.199 global: 0.447 spatial: 0.088 
(epoch: 87, iters: 1168, time: 0.484, data: 0.001) G_GAN_ViT: 0.463 D_real_ViT: 0.627 D_fake_ViT: 0.155 global: 0.495 spatial: 0.109 
(epoch: 87, iters: 1268, time: 0.484, data: 0.001) G_GAN_ViT: 0.350 D_real_ViT: 0.183 D_fake_ViT: 0.197 global: 0.496 spatial: 0.069 
(epoch: 87, iters: 1368, time: 0.484, data: 0.001) G_GAN_ViT: 0.562 D_real_ViT: 0.057 D_fake_ViT: 0.087 global: 0.344 spatial: 0.057 
(epoch: 87, iters: 1468, time: 0.485, data: 0.001) G_GAN_ViT: 0.391 D_real_ViT: 0.396 D_fake_ViT: 0.168 global: 0.383 spatial: 0.100 
(epoch: 87, iters: 1568, time: 0.486, data: 0.002) G_GAN_ViT: 0.476 D_real_ViT: 0.220 D_fake_ViT: 0.133 global: 0.388 spatial: 0.105 
(epoch: 87, iters: 1668, time: 0.487, data: 0.001) G_GAN_ViT: 0.460 D_real_ViT: 0.169 D_fake_ViT: 0.124 global: 0.240 spatial: 0.043 
(epoch: 87, iters: 1768, time: 0.487, data: 0.001) G_GAN_ViT: 0.324 D_real_ViT: 0.190 D_fake_ViT: 0.216 global: 0.373 spatial: 0.076 
(epoch: 87, iters: 1868, time: 0.486, data: 0.001) G_GAN_ViT: 0.320 D_real_ViT: 0.044 D_fake_ViT: 0.228 global: 0.403 spatial: 0.084 
(epoch: 87, iters: 1968, time: 0.486, data: 0.001) G_GAN_ViT: 0.406 D_real_ViT: 0.214 D_fake_ViT: 0.152 global: 0.310 spatial: 0.071 
(epoch: 87, iters: 2068, time: 0.486, data: 0.001) G_GAN_ViT: 0.346 D_real_ViT: 0.223 D_fake_ViT: 0.202 global: 0.369 spatial: 0.069 
(epoch: 87, iters: 2168, time: 0.485, data: 0.001) G_GAN_ViT: 0.245 D_real_ViT: 0.223 D_fake_ViT: 0.289 global: 0.367 spatial: 0.088 
(epoch: 87, iters: 2268, time: 0.484, data: 0.001) G_GAN_ViT: 0.499 D_real_ViT: 0.322 D_fake_ViT: 0.119 global: 0.337 spatial: 0.055 
(epoch: 87, iters: 2368, time: 0.485, data: 0.001) G_GAN_ViT: 0.354 D_real_ViT: 0.229 D_fake_ViT: 0.202 global: 0.467 spatial: 0.099 
saving the latest model (epoch 87, total_iters 485000)
ICL_single_monitor
(epoch: 87, iters: 2468, time: 0.484, data: 0.001) G_GAN_ViT: 0.380 D_real_ViT: 0.349 D_fake_ViT: 0.183 global: 0.331 spatial: 0.065 
(epoch: 87, iters: 2568, time: 0.485, data: 0.001) G_GAN_ViT: 0.366 D_real_ViT: 0.172 D_fake_ViT: 0.193 global: 0.373 spatial: 0.099 
(epoch: 87, iters: 2668, time: 0.485, data: 0.001) G_GAN_ViT: 0.260 D_real_ViT: 0.327 D_fake_ViT: 0.297 global: 0.499 spatial: 0.091 
(epoch: 87, iters: 2768, time: 0.484, data: 0.001) G_GAN_ViT: 0.466 D_real_ViT: 0.224 D_fake_ViT: 0.122 global: 0.341 spatial: 0.080 
(epoch: 87, iters: 2868, time: 0.484, data: 0.001) G_GAN_ViT: 0.311 D_real_ViT: 0.090 D_fake_ViT: 0.238 global: 0.322 spatial: 0.071 
(epoch: 87, iters: 2968, time: 0.484, data: 0.001) G_GAN_ViT: 0.491 D_real_ViT: 0.193 D_fake_ViT: 0.117 global: 0.361 spatial: 0.074 
(epoch: 87, iters: 3068, time: 0.484, data: 0.001) G_GAN_ViT: 0.527 D_real_ViT: 0.171 D_fake_ViT: 0.103 global: 0.325 spatial: 0.056 
(epoch: 87, iters: 3168, time: 0.485, data: 0.001) G_GAN_ViT: 0.387 D_real_ViT: 0.172 D_fake_ViT: 0.176 global: 0.406 spatial: 0.100 
(epoch: 87, iters: 3268, time: 0.485, data: 0.001) G_GAN_ViT: 0.304 D_real_ViT: 0.074 D_fake_ViT: 0.246 global: 0.462 spatial: 0.095 
(epoch: 87, iters: 3368, time: 0.485, data: 0.002) G_GAN_ViT: 0.563 D_real_ViT: 0.340 D_fake_ViT: 0.110 global: 0.373 spatial: 0.085 
(epoch: 87, iters: 3468, time: 0.485, data: 0.001) G_GAN_ViT: 0.240 D_real_ViT: 0.179 D_fake_ViT: 0.304 global: 0.460 spatial: 0.087 
(epoch: 87, iters: 3568, time: 0.486, data: 0.001) G_GAN_ViT: 0.231 D_real_ViT: 0.232 D_fake_ViT: 0.328 global: 0.420 spatial: 0.105 
(epoch: 87, iters: 3668, time: 0.486, data: 0.001) G_GAN_ViT: 0.534 D_real_ViT: 0.182 D_fake_ViT: 0.095 global: 0.266 spatial: 0.055 
(epoch: 87, iters: 3768, time: 0.486, data: 0.002) G_GAN_ViT: 0.432 D_real_ViT: 0.333 D_fake_ViT: 0.170 global: 0.463 spatial: 0.109 
(epoch: 87, iters: 3868, time: 0.485, data: 0.001) G_GAN_ViT: 0.225 D_real_ViT: 0.205 D_fake_ViT: 0.317 global: 0.242 spatial: 0.057 
(epoch: 87, iters: 3968, time: 0.486, data: 0.001) G_GAN_ViT: 0.249 D_real_ViT: 0.069 D_fake_ViT: 0.286 global: 0.354 spatial: 0.079 
(epoch: 87, iters: 4068, time: 0.486, data: 0.001) G_GAN_ViT: 0.341 D_real_ViT: 0.162 D_fake_ViT: 0.214 global: 0.395 spatial: 0.094 
(epoch: 87, iters: 4168, time: 0.486, data: 0.001) G_GAN_ViT: 0.289 D_real_ViT: 0.241 D_fake_ViT: 0.267 global: 0.388 spatial: 0.108 
(epoch: 87, iters: 4268, time: 0.486, data: 0.001) G_GAN_ViT: 0.511 D_real_ViT: 0.288 D_fake_ViT: 0.120 global: 0.371 spatial: 0.076 
(epoch: 87, iters: 4368, time: 0.487, data: 0.001) G_GAN_ViT: 0.513 D_real_ViT: 0.391 D_fake_ViT: 0.113 global: 0.405 spatial: 0.077 
(epoch: 87, iters: 4468, time: 0.487, data: 0.001) G_GAN_ViT: 0.544 D_real_ViT: 0.194 D_fake_ViT: 0.106 global: 0.386 spatial: 0.108 
(epoch: 87, iters: 4568, time: 0.487, data: 0.001) G_GAN_ViT: 0.289 D_real_ViT: 0.353 D_fake_ViT: 0.245 global: 0.406 spatial: 0.083 
(epoch: 87, iters: 4668, time: 0.487, data: 0.001) G_GAN_ViT: 0.270 D_real_ViT: 0.098 D_fake_ViT: 0.272 global: 0.372 spatial: 0.103 
(epoch: 87, iters: 4768, time: 0.486, data: 0.001) G_GAN_ViT: 0.524 D_real_ViT: 0.074 D_fake_ViT: 0.096 global: 0.360 spatial: 0.080 
(epoch: 87, iters: 4868, time: 0.487, data: 0.001) G_GAN_ViT: 0.223 D_real_ViT: 0.100 D_fake_ViT: 0.317 global: 0.369 spatial: 0.091 
(epoch: 87, iters: 4968, time: 0.487, data: 0.001) G_GAN_ViT: 0.255 D_real_ViT: 0.145 D_fake_ViT: 0.277 global: 0.344 spatial: 0.086 
(epoch: 87, iters: 5068, time: 0.487, data: 0.001) G_GAN_ViT: 0.366 D_real_ViT: 0.373 D_fake_ViT: 0.186 global: 0.499 spatial: 0.071 
(epoch: 87, iters: 5168, time: 0.487, data: 0.001) G_GAN_ViT: 0.345 D_real_ViT: 0.130 D_fake_ViT: 0.204 global: 0.333 spatial: 0.085 
(epoch: 87, iters: 5268, time: 0.488, data: 0.001) G_GAN_ViT: 0.491 D_real_ViT: 0.289 D_fake_ViT: 0.112 global: 0.247 spatial: 0.049 
(epoch: 87, iters: 5368, time: 0.487, data: 0.001) G_GAN_ViT: 0.285 D_real_ViT: 0.087 D_fake_ViT: 0.268 global: 0.439 spatial: 0.092 
(epoch: 87, iters: 5468, time: 0.487, data: 0.001) G_GAN_ViT: 0.352 D_real_ViT: 0.282 D_fake_ViT: 0.194 global: 0.375 spatial: 0.091 
(epoch: 87, iters: 5568, time: 0.487, data: 0.001) G_GAN_ViT: 0.384 D_real_ViT: 0.269 D_fake_ViT: 0.200 global: 0.442 spatial: 0.112 
End of epoch 87 / 100 	 Time Taken: 2733 sec
learning rate = 0.0000025
(epoch: 88, iters: 56, time: 0.486, data: 0.001) G_GAN_ViT: 0.521 D_real_ViT: 0.384 D_fake_ViT: 0.106 global: 0.308 spatial: 0.060 
(epoch: 88, iters: 156, time: 0.485, data: 0.001) G_GAN_ViT: 0.336 D_real_ViT: 0.300 D_fake_ViT: 0.203 global: 0.285 spatial: 0.067 
(epoch: 88, iters: 256, time: 0.485, data: 0.001) G_GAN_ViT: 0.487 D_real_ViT: 0.255 D_fake_ViT: 0.125 global: 0.450 spatial: 0.091 
(epoch: 88, iters: 356, time: 0.484, data: 0.001) G_GAN_ViT: 0.536 D_real_ViT: 0.212 D_fake_ViT: 0.103 global: 0.418 spatial: 0.080 
(epoch: 88, iters: 456, time: 0.485, data: 0.001) G_GAN_ViT: 0.473 D_real_ViT: 0.148 D_fake_ViT: 0.134 global: 0.359 spatial: 0.085 
(epoch: 88, iters: 556, time: 0.484, data: 0.001) G_GAN_ViT: 0.306 D_real_ViT: 0.167 D_fake_ViT: 0.245 global: 0.405 spatial: 0.107 
(epoch: 88, iters: 656, time: 0.485, data: 0.001) G_GAN_ViT: 0.393 D_real_ViT: 0.245 D_fake_ViT: 0.174 global: 0.306 spatial: 0.078 
(epoch: 88, iters: 756, time: 0.484, data: 0.002) G_GAN_ViT: 0.317 D_real_ViT: 0.109 D_fake_ViT: 0.232 global: 0.401 spatial: 0.080 
(epoch: 88, iters: 856, time: 0.483, data: 0.001) G_GAN_ViT: 0.259 D_real_ViT: 0.361 D_fake_ViT: 0.282 global: 0.399 spatial: 0.099 
(epoch: 88, iters: 956, time: 0.483, data: 0.001) G_GAN_ViT: 0.385 D_real_ViT: 0.243 D_fake_ViT: 0.175 global: 0.386 spatial: 0.088 
(epoch: 88, iters: 1056, time: 0.484, data: 0.001) G_GAN_ViT: 0.479 D_real_ViT: 0.332 D_fake_ViT: 0.131 global: 0.375 spatial: 0.065 
(epoch: 88, iters: 1156, time: 0.485, data: 0.001) G_GAN_ViT: 0.263 D_real_ViT: 0.051 D_fake_ViT: 0.268 global: 0.313 spatial: 0.067 
(epoch: 88, iters: 1256, time: 0.485, data: 0.001) G_GAN_ViT: 0.446 D_real_ViT: 0.104 D_fake_ViT: 0.164 global: 0.467 spatial: 0.095 
(epoch: 88, iters: 1356, time: 0.486, data: 0.001) G_GAN_ViT: 0.405 D_real_ViT: 0.110 D_fake_ViT: 0.181 global: 0.389 spatial: 0.106 
(epoch: 88, iters: 1456, time: 0.486, data: 0.001) G_GAN_ViT: 0.308 D_real_ViT: 0.260 D_fake_ViT: 0.235 global: 0.365 spatial: 0.089 
(epoch: 88, iters: 1556, time: 0.486, data: 0.001) G_GAN_ViT: 0.566 D_real_ViT: 0.132 D_fake_ViT: 0.088 global: 0.388 spatial: 0.079 
(epoch: 88, iters: 1656, time: 0.486, data: 0.002) G_GAN_ViT: 0.269 D_real_ViT: 0.337 D_fake_ViT: 0.272 global: 0.284 spatial: 0.079 
(epoch: 88, iters: 1756, time: 0.486, data: 0.001) G_GAN_ViT: 0.371 D_real_ViT: 0.081 D_fake_ViT: 0.181 global: 0.309 spatial: 0.065 
saving the latest model (epoch 88, total_iters 490000)
ICL_single_monitor
(epoch: 88, iters: 1856, time: 0.486, data: 0.001) G_GAN_ViT: 0.457 D_real_ViT: 0.109 D_fake_ViT: 0.150 global: 0.417 spatial: 0.099 
(epoch: 88, iters: 1956, time: 0.486, data: 0.001) G_GAN_ViT: 0.350 D_real_ViT: 0.376 D_fake_ViT: 0.202 global: 0.406 spatial: 0.078 
(epoch: 88, iters: 2056, time: 0.486, data: 0.001) G_GAN_ViT: 0.503 D_real_ViT: 0.173 D_fake_ViT: 0.114 global: 0.361 spatial: 0.082 
(epoch: 88, iters: 2156, time: 0.486, data: 0.001) G_GAN_ViT: 0.375 D_real_ViT: 0.227 D_fake_ViT: 0.190 global: 0.323 spatial: 0.090 
(epoch: 88, iters: 2256, time: 0.486, data: 0.001) G_GAN_ViT: 0.425 D_real_ViT: 0.297 D_fake_ViT: 0.145 global: 0.242 spatial: 0.057 
(epoch: 88, iters: 2356, time: 0.486, data: 0.001) G_GAN_ViT: 0.299 D_real_ViT: 0.339 D_fake_ViT: 0.238 global: 0.399 spatial: 0.102 
(epoch: 88, iters: 2456, time: 0.487, data: 0.001) G_GAN_ViT: 0.399 D_real_ViT: 0.042 D_fake_ViT: 0.169 global: 0.301 spatial: 0.082 
(epoch: 88, iters: 2556, time: 0.486, data: 0.001) G_GAN_ViT: 0.364 D_real_ViT: 0.292 D_fake_ViT: 0.186 global: 0.360 spatial: 0.102 
(epoch: 88, iters: 2656, time: 0.486, data: 0.001) G_GAN_ViT: 0.267 D_real_ViT: 0.170 D_fake_ViT: 0.284 global: 0.407 spatial: 0.085 
(epoch: 88, iters: 2756, time: 0.485, data: 0.001) G_GAN_ViT: 0.453 D_real_ViT: 0.235 D_fake_ViT: 0.137 global: 0.289 spatial: 0.059 
(epoch: 88, iters: 2856, time: 0.485, data: 0.001) G_GAN_ViT: 0.398 D_real_ViT: 0.374 D_fake_ViT: 0.183 global: 0.417 spatial: 0.107 
(epoch: 88, iters: 2956, time: 0.485, data: 0.001) G_GAN_ViT: 0.386 D_real_ViT: 0.213 D_fake_ViT: 0.170 global: 0.322 spatial: 0.072 
(epoch: 88, iters: 3056, time: 0.486, data: 0.001) G_GAN_ViT: 0.352 D_real_ViT: 0.239 D_fake_ViT: 0.198 global: 0.350 spatial: 0.089 
(epoch: 88, iters: 3156, time: 0.484, data: 0.001) G_GAN_ViT: 0.417 D_real_ViT: 0.164 D_fake_ViT: 0.178 global: 0.459 spatial: 0.113 
(epoch: 88, iters: 3256, time: 0.484, data: 0.001) G_GAN_ViT: 0.399 D_real_ViT: 0.259 D_fake_ViT: 0.165 global: 0.392 spatial: 0.077 
(epoch: 88, iters: 3356, time: 0.486, data: 0.001) G_GAN_ViT: 0.372 D_real_ViT: 0.270 D_fake_ViT: 0.188 global: 0.348 spatial: 0.090 
(epoch: 88, iters: 3456, time: 0.487, data: 0.001) G_GAN_ViT: 0.297 D_real_ViT: 0.157 D_fake_ViT: 0.254 global: 0.439 spatial: 0.079 
(epoch: 88, iters: 3556, time: 0.487, data: 0.001) G_GAN_ViT: 0.289 D_real_ViT: 0.246 D_fake_ViT: 0.259 global: 0.422 spatial: 0.093 
(epoch: 88, iters: 3656, time: 0.488, data: 0.001) G_GAN_ViT: 0.309 D_real_ViT: 0.150 D_fake_ViT: 0.229 global: 0.414 spatial: 0.099 
(epoch: 88, iters: 3756, time: 0.488, data: 0.001) G_GAN_ViT: 0.415 D_real_ViT: 0.583 D_fake_ViT: 0.148 global: 0.312 spatial: 0.050 
(epoch: 88, iters: 3856, time: 0.487, data: 0.001) G_GAN_ViT: 0.346 D_real_ViT: 0.132 D_fake_ViT: 0.203 global: 0.371 spatial: 0.090 
(epoch: 88, iters: 3956, time: 0.486, data: 0.001) G_GAN_ViT: 0.292 D_real_ViT: 0.360 D_fake_ViT: 0.255 global: 0.406 spatial: 0.111 
(epoch: 88, iters: 4056, time: 0.485, data: 0.002) G_GAN_ViT: 0.344 D_real_ViT: 0.146 D_fake_ViT: 0.204 global: 0.373 spatial: 0.101 
(epoch: 88, iters: 4156, time: 0.485, data: 0.001) G_GAN_ViT: 0.541 D_real_ViT: 0.235 D_fake_ViT: 0.112 global: 0.412 spatial: 0.106 
(epoch: 88, iters: 4256, time: 0.484, data: 0.001) G_GAN_ViT: 0.381 D_real_ViT: 0.127 D_fake_ViT: 0.180 global: 0.442 spatial: 0.083 
(epoch: 88, iters: 4356, time: 0.484, data: 0.001) G_GAN_ViT: 0.293 D_real_ViT: 0.217 D_fake_ViT: 0.259 global: 0.399 spatial: 0.094 
(epoch: 88, iters: 4456, time: 0.484, data: 0.001) G_GAN_ViT: 0.386 D_real_ViT: 0.193 D_fake_ViT: 0.181 global: 0.448 spatial: 0.089 
(epoch: 88, iters: 4556, time: 0.485, data: 0.001) G_GAN_ViT: 0.351 D_real_ViT: 0.395 D_fake_ViT: 0.206 global: 0.424 spatial: 0.083 
(epoch: 88, iters: 4656, time: 0.485, data: 0.001) G_GAN_ViT: 0.396 D_real_ViT: 0.133 D_fake_ViT: 0.169 global: 0.455 spatial: 0.097 
(epoch: 88, iters: 4756, time: 0.484, data: 0.001) G_GAN_ViT: 0.477 D_real_ViT: 0.230 D_fake_ViT: 0.122 global: 0.324 spatial: 0.072 
(epoch: 88, iters: 4856, time: 0.485, data: 0.001) G_GAN_ViT: 0.357 D_real_ViT: 0.135 D_fake_ViT: 0.191 global: 0.301 spatial: 0.071 
(epoch: 88, iters: 4956, time: 0.484, data: 0.001) G_GAN_ViT: 0.580 D_real_ViT: 0.276 D_fake_ViT: 0.077 global: 0.376 spatial: 0.074 
(epoch: 88, iters: 5056, time: 0.483, data: 0.001) G_GAN_ViT: 0.293 D_real_ViT: 0.123 D_fake_ViT: 0.267 global: 0.358 spatial: 0.106 
(epoch: 88, iters: 5156, time: 0.484, data: 0.001) G_GAN_ViT: 0.506 D_real_ViT: 0.101 D_fake_ViT: 0.109 global: 0.302 spatial: 0.052 
(epoch: 88, iters: 5256, time: 0.485, data: 0.001) G_GAN_ViT: 0.376 D_real_ViT: 0.312 D_fake_ViT: 0.180 global: 0.506 spatial: 0.067 
(epoch: 88, iters: 5356, time: 0.486, data: 0.001) G_GAN_ViT: 0.469 D_real_ViT: 0.273 D_fake_ViT: 0.147 global: 0.475 spatial: 0.123 
(epoch: 88, iters: 5456, time: 0.485, data: 0.001) G_GAN_ViT: 0.507 D_real_ViT: 0.224 D_fake_ViT: 0.114 global: 0.322 spatial: 0.066 
(epoch: 88, iters: 5556, time: 0.484, data: 0.001) G_GAN_ViT: 0.370 D_real_ViT: 0.155 D_fake_ViT: 0.196 global: 0.488 spatial: 0.085 
End of epoch 88 / 100 	 Time Taken: 2731 sec
learning rate = 0.0000024
(epoch: 89, iters: 44, time: 0.485, data: 0.001) G_GAN_ViT: 0.444 D_real_ViT: 0.113 D_fake_ViT: 0.154 global: 0.386 spatial: 0.091 
(epoch: 89, iters: 144, time: 0.485, data: 0.001) G_GAN_ViT: 0.199 D_real_ViT: 0.166 D_fake_ViT: 0.338 global: 0.379 spatial: 0.079 
(epoch: 89, iters: 244, time: 0.486, data: 0.001) G_GAN_ViT: 0.330 D_real_ViT: 0.223 D_fake_ViT: 0.217 global: 0.426 spatial: 0.090 
(epoch: 89, iters: 344, time: 0.486, data: 0.001) G_GAN_ViT: 0.335 D_real_ViT: 0.164 D_fake_ViT: 0.228 global: 0.380 spatial: 0.103 
(epoch: 89, iters: 444, time: 0.485, data: 0.001) G_GAN_ViT: 0.527 D_real_ViT: 0.211 D_fake_ViT: 0.113 global: 0.459 spatial: 0.086 
(epoch: 89, iters: 544, time: 0.485, data: 0.001) G_GAN_ViT: 0.563 D_real_ViT: 0.248 D_fake_ViT: 0.084 global: 0.230 spatial: 0.044 
(epoch: 89, iters: 644, time: 0.486, data: 0.001) G_GAN_ViT: 0.318 D_real_ViT: 0.190 D_fake_ViT: 0.217 global: 0.219 spatial: 0.044 
(epoch: 89, iters: 744, time: 0.487, data: 0.001) G_GAN_ViT: 0.338 D_real_ViT: 0.076 D_fake_ViT: 0.219 global: 0.438 spatial: 0.110 
(epoch: 89, iters: 844, time: 0.487, data: 0.001) G_GAN_ViT: 0.393 D_real_ViT: 0.180 D_fake_ViT: 0.172 global: 0.416 spatial: 0.103 
(epoch: 89, iters: 944, time: 0.488, data: 0.001) G_GAN_ViT: 0.314 D_real_ViT: 0.227 D_fake_ViT: 0.224 global: 0.345 spatial: 0.094 
(epoch: 89, iters: 1044, time: 0.488, data: 0.001) G_GAN_ViT: 0.183 D_real_ViT: 0.221 D_fake_ViT: 0.362 global: 0.326 spatial: 0.078 
(epoch: 89, iters: 1144, time: 0.488, data: 0.001) G_GAN_ViT: 0.367 D_real_ViT: 0.368 D_fake_ViT: 0.189 global: 0.400 spatial: 0.087 
saving the latest model (epoch 89, total_iters 495000)
ICL_single_monitor
(epoch: 89, iters: 1244, time: 0.487, data: 0.001) G_GAN_ViT: 0.416 D_real_ViT: 0.058 D_fake_ViT: 0.160 global: 0.363 spatial: 0.075 
(epoch: 89, iters: 1344, time: 0.487, data: 0.001) G_GAN_ViT: 0.396 D_real_ViT: 0.117 D_fake_ViT: 0.160 global: 0.284 spatial: 0.048 
(epoch: 89, iters: 1444, time: 0.486, data: 0.001) G_GAN_ViT: 0.383 D_real_ViT: 0.427 D_fake_ViT: 0.175 global: 0.407 spatial: 0.078 
(epoch: 89, iters: 1544, time: 0.486, data: 0.001) G_GAN_ViT: 0.382 D_real_ViT: 0.261 D_fake_ViT: 0.181 global: 0.346 spatial: 0.082 
(epoch: 89, iters: 1644, time: 0.486, data: 0.001) G_GAN_ViT: 0.313 D_real_ViT: 0.036 D_fake_ViT: 0.243 global: 0.437 spatial: 0.076 
(epoch: 89, iters: 1744, time: 0.486, data: 0.001) G_GAN_ViT: 0.297 D_real_ViT: 0.248 D_fake_ViT: 0.263 global: 0.402 spatial: 0.088 
(epoch: 89, iters: 1844, time: 0.486, data: 0.001) G_GAN_ViT: 0.349 D_real_ViT: 0.203 D_fake_ViT: 0.193 global: 0.235 spatial: 0.040 
(epoch: 89, iters: 1944, time: 0.486, data: 0.001) G_GAN_ViT: 0.301 D_real_ViT: 0.332 D_fake_ViT: 0.243 global: 0.300 spatial: 0.088 
(epoch: 89, iters: 2044, time: 0.486, data: 0.001) G_GAN_ViT: 0.375 D_real_ViT: 0.301 D_fake_ViT: 0.178 global: 0.305 spatial: 0.068 
(epoch: 89, iters: 2144, time: 0.486, data: 0.001) G_GAN_ViT: 0.382 D_real_ViT: 0.717 D_fake_ViT: 0.193 global: 0.324 spatial: 0.077 
(epoch: 89, iters: 2244, time: 0.486, data: 0.001) G_GAN_ViT: 0.342 D_real_ViT: 0.223 D_fake_ViT: 0.216 global: 0.459 spatial: 0.081 
(epoch: 89, iters: 2344, time: 0.485, data: 0.001) G_GAN_ViT: 0.321 D_real_ViT: 0.293 D_fake_ViT: 0.256 global: 0.349 spatial: 0.079 
(epoch: 89, iters: 2444, time: 0.486, data: 0.001) G_GAN_ViT: 0.363 D_real_ViT: 0.237 D_fake_ViT: 0.203 global: 0.432 spatial: 0.108 
(epoch: 89, iters: 2544, time: 0.486, data: 0.001) G_GAN_ViT: 0.582 D_real_ViT: 0.182 D_fake_ViT: 0.078 global: 0.247 spatial: 0.046 
(epoch: 89, iters: 2644, time: 0.486, data: 0.001) G_GAN_ViT: 0.339 D_real_ViT: 0.230 D_fake_ViT: 0.222 global: 0.390 spatial: 0.107 
(epoch: 89, iters: 2744, time: 0.485, data: 0.001) G_GAN_ViT: 0.288 D_real_ViT: 0.441 D_fake_ViT: 0.249 global: 0.280 spatial: 0.059 
(epoch: 89, iters: 2844, time: 0.485, data: 0.001) G_GAN_ViT: 0.458 D_real_ViT: 0.063 D_fake_ViT: 0.148 global: 0.368 spatial: 0.059 
(epoch: 89, iters: 2944, time: 0.486, data: 0.001) G_GAN_ViT: 0.371 D_real_ViT: 0.174 D_fake_ViT: 0.207 global: 0.464 spatial: 0.115 
(epoch: 89, iters: 3044, time: 0.486, data: 0.001) G_GAN_ViT: 0.477 D_real_ViT: 0.293 D_fake_ViT: 0.131 global: 0.427 spatial: 0.087 
(epoch: 89, iters: 3144, time: 0.487, data: 0.001) G_GAN_ViT: 0.387 D_real_ViT: 0.136 D_fake_ViT: 0.175 global: 0.420 spatial: 0.094 
(epoch: 89, iters: 3244, time: 0.486, data: 0.001) G_GAN_ViT: 0.278 D_real_ViT: 0.397 D_fake_ViT: 0.267 global: 0.484 spatial: 0.101 
(epoch: 89, iters: 3344, time: 0.486, data: 0.001) G_GAN_ViT: 0.365 D_real_ViT: 0.171 D_fake_ViT: 0.191 global: 0.324 spatial: 0.073 
(epoch: 89, iters: 3444, time: 0.486, data: 0.001) G_GAN_ViT: 0.329 D_real_ViT: 0.209 D_fake_ViT: 0.214 global: 0.390 spatial: 0.087 
(epoch: 89, iters: 3544, time: 0.487, data: 0.001) G_GAN_ViT: 0.288 D_real_ViT: 0.125 D_fake_ViT: 0.264 global: 0.415 spatial: 0.085 
(epoch: 89, iters: 3644, time: 0.487, data: 0.001) G_GAN_ViT: 0.578 D_real_ViT: 0.362 D_fake_ViT: 0.100 global: 0.383 spatial: 0.095 
(epoch: 89, iters: 3744, time: 0.488, data: 0.001) G_GAN_ViT: 0.362 D_real_ViT: 0.307 D_fake_ViT: 0.203 global: 0.381 spatial: 0.100 
(epoch: 89, iters: 3844, time: 0.488, data: 0.001) G_GAN_ViT: 0.518 D_real_ViT: 0.425 D_fake_ViT: 0.117 global: 0.488 spatial: 0.095 
(epoch: 89, iters: 3944, time: 0.488, data: 0.001) G_GAN_ViT: 0.370 D_real_ViT: 0.135 D_fake_ViT: 0.187 global: 0.361 spatial: 0.084 
(epoch: 89, iters: 4044, time: 0.487, data: 0.001) G_GAN_ViT: 0.384 D_real_ViT: 0.062 D_fake_ViT: 0.169 global: 0.271 spatial: 0.050 
(epoch: 89, iters: 4144, time: 0.486, data: 0.001) G_GAN_ViT: 0.428 D_real_ViT: 0.193 D_fake_ViT: 0.155 global: 0.413 spatial: 0.087 
(epoch: 89, iters: 4244, time: 0.486, data: 0.001) G_GAN_ViT: 0.276 D_real_ViT: 0.397 D_fake_ViT: 0.271 global: 0.402 spatial: 0.097 
(epoch: 89, iters: 4344, time: 0.486, data: 0.001) G_GAN_ViT: 0.380 D_real_ViT: 0.329 D_fake_ViT: 0.179 global: 0.366 spatial: 0.076 
(epoch: 89, iters: 4444, time: 0.486, data: 0.001) G_GAN_ViT: 0.327 D_real_ViT: 0.331 D_fake_ViT: 0.210 global: 0.216 spatial: 0.042 
(epoch: 89, iters: 4544, time: 0.485, data: 0.001) G_GAN_ViT: 0.557 D_real_ViT: 0.417 D_fake_ViT: 0.087 global: 0.350 spatial: 0.058 
(epoch: 89, iters: 4644, time: 0.486, data: 0.001) G_GAN_ViT: 0.276 D_real_ViT: 0.258 D_fake_ViT: 0.264 global: 0.402 spatial: 0.077 
(epoch: 89, iters: 4744, time: 0.487, data: 0.001) G_GAN_ViT: 0.242 D_real_ViT: 0.116 D_fake_ViT: 0.307 global: 0.419 spatial: 0.097 
(epoch: 89, iters: 4844, time: 0.486, data: 0.001) G_GAN_ViT: 0.278 D_real_ViT: 0.327 D_fake_ViT: 0.256 global: 0.371 spatial: 0.085 
(epoch: 89, iters: 4944, time: 0.486, data: 0.001) G_GAN_ViT: 0.283 D_real_ViT: 0.312 D_fake_ViT: 0.278 global: 0.428 spatial: 0.081 
(epoch: 89, iters: 5044, time: 0.486, data: 0.002) G_GAN_ViT: 0.324 D_real_ViT: 0.275 D_fake_ViT: 0.218 global: 0.480 spatial: 0.070 
(epoch: 89, iters: 5144, time: 0.486, data: 0.001) G_GAN_ViT: 0.549 D_real_ViT: 0.210 D_fake_ViT: 0.088 global: 0.265 spatial: 0.045 
(epoch: 89, iters: 5244, time: 0.486, data: 0.001) G_GAN_ViT: 0.425 D_real_ViT: 0.391 D_fake_ViT: 0.154 global: 0.358 spatial: 0.095 
(epoch: 89, iters: 5344, time: 0.486, data: 0.001) G_GAN_ViT: 0.311 D_real_ViT: 0.254 D_fake_ViT: 0.235 global: 0.416 spatial: 0.101 
(epoch: 89, iters: 5444, time: 0.487, data: 0.001) G_GAN_ViT: 0.268 D_real_ViT: 0.179 D_fake_ViT: 0.286 global: 0.356 spatial: 0.108 
(epoch: 89, iters: 5544, time: 0.486, data: 0.001) G_GAN_ViT: 0.360 D_real_ViT: 0.274 D_fake_ViT: 0.198 global: 0.391 spatial: 0.096 
End of epoch 89 / 100 	 Time Taken: 2738 sec
learning rate = 0.0000022
(epoch: 90, iters: 32, time: 0.487, data: 0.001) G_GAN_ViT: 0.332 D_real_ViT: 0.272 D_fake_ViT: 0.212 global: 0.388 spatial: 0.076 
(epoch: 90, iters: 132, time: 0.487, data: 0.002) G_GAN_ViT: 0.410 D_real_ViT: 0.162 D_fake_ViT: 0.162 global: 0.489 spatial: 0.084 
(epoch: 90, iters: 232, time: 0.486, data: 0.001) G_GAN_ViT: 0.411 D_real_ViT: 0.401 D_fake_ViT: 0.165 global: 0.322 spatial: 0.060 
(epoch: 90, iters: 332, time: 0.486, data: 0.001) G_GAN_ViT: 0.421 D_real_ViT: 0.124 D_fake_ViT: 0.166 global: 0.453 spatial: 0.111 
(epoch: 90, iters: 432, time: 0.485, data: 0.001) G_GAN_ViT: 0.504 D_real_ViT: 0.313 D_fake_ViT: 0.109 global: 0.319 spatial: 0.070 
(epoch: 90, iters: 532, time: 0.485, data: 0.001) G_GAN_ViT: 0.227 D_real_ViT: 0.130 D_fake_ViT: 0.312 global: 0.371 spatial: 0.094 
saving the latest model (epoch 90, total_iters 500000)
ICL_single_monitor
(epoch: 90, iters: 632, time: 0.485, data: 0.001) G_GAN_ViT: 0.258 D_real_ViT: 0.117 D_fake_ViT: 0.292 global: 0.353 spatial: 0.087 
(epoch: 90, iters: 732, time: 0.485, data: 0.001) G_GAN_ViT: 0.454 D_real_ViT: 0.260 D_fake_ViT: 0.137 global: 0.376 spatial: 0.081 
(epoch: 90, iters: 832, time: 0.486, data: 0.001) G_GAN_ViT: 0.245 D_real_ViT: 0.108 D_fake_ViT: 0.292 global: 0.339 spatial: 0.086 
(epoch: 90, iters: 932, time: 0.486, data: 0.001) G_GAN_ViT: 0.421 D_real_ViT: 0.260 D_fake_ViT: 0.144 global: 0.233 spatial: 0.046 
(epoch: 90, iters: 1032, time: 0.485, data: 0.002) G_GAN_ViT: 0.457 D_real_ViT: 0.252 D_fake_ViT: 0.144 global: 0.439 spatial: 0.105 
(epoch: 90, iters: 1132, time: 0.485, data: 0.001) G_GAN_ViT: 0.344 D_real_ViT: 0.063 D_fake_ViT: 0.199 global: 0.456 spatial: 0.065 
(epoch: 90, iters: 1232, time: 0.486, data: 0.001) G_GAN_ViT: 0.393 D_real_ViT: 0.102 D_fake_ViT: 0.173 global: 0.325 spatial: 0.094 
(epoch: 90, iters: 1332, time: 0.485, data: 0.001) G_GAN_ViT: 0.215 D_real_ViT: 0.235 D_fake_ViT: 0.319 global: 0.298 spatial: 0.083 
(epoch: 90, iters: 1432, time: 0.484, data: 0.001) G_GAN_ViT: 0.327 D_real_ViT: 0.153 D_fake_ViT: 0.212 global: 0.392 spatial: 0.080 
(epoch: 90, iters: 1532, time: 0.485, data: 0.001) G_GAN_ViT: 0.250 D_real_ViT: 0.127 D_fake_ViT: 0.288 global: 0.365 spatial: 0.095 
(epoch: 90, iters: 1632, time: 0.485, data: 0.001) G_GAN_ViT: 0.352 D_real_ViT: 0.370 D_fake_ViT: 0.195 global: 0.243 spatial: 0.062 
(epoch: 90, iters: 1732, time: 0.485, data: 0.001) G_GAN_ViT: 0.522 D_real_ViT: 0.205 D_fake_ViT: 0.098 global: 0.231 spatial: 0.048 
(epoch: 90, iters: 1832, time: 0.485, data: 0.001) G_GAN_ViT: 0.411 D_real_ViT: 0.142 D_fake_ViT: 0.167 global: 0.430 spatial: 0.091 
(epoch: 90, iters: 1932, time: 0.485, data: 0.001) G_GAN_ViT: 0.556 D_real_ViT: 0.252 D_fake_ViT: 0.098 global: 0.399 spatial: 0.101 
(epoch: 90, iters: 2032, time: 0.486, data: 0.001) G_GAN_ViT: 0.351 D_real_ViT: 0.196 D_fake_ViT: 0.199 global: 0.282 spatial: 0.065 
(epoch: 90, iters: 2132, time: 0.485, data: 0.001) G_GAN_ViT: 0.444 D_real_ViT: 0.177 D_fake_ViT: 0.141 global: 0.431 spatial: 0.085 
(epoch: 90, iters: 2232, time: 0.485, data: 0.001) G_GAN_ViT: 0.252 D_real_ViT: 0.265 D_fake_ViT: 0.310 global: 0.390 spatial: 0.080 
(epoch: 90, iters: 2332, time: 0.485, data: 0.001) G_GAN_ViT: 0.308 D_real_ViT: 0.231 D_fake_ViT: 0.233 global: 0.275 spatial: 0.058 
(epoch: 90, iters: 2432, time: 0.485, data: 0.001) G_GAN_ViT: 0.367 D_real_ViT: 0.266 D_fake_ViT: 0.181 global: 0.326 spatial: 0.066 
(epoch: 90, iters: 2532, time: 0.484, data: 0.001) G_GAN_ViT: 0.366 D_real_ViT: 0.256 D_fake_ViT: 0.200 global: 0.470 spatial: 0.082 
(epoch: 90, iters: 2632, time: 0.484, data: 0.001) G_GAN_ViT: 0.352 D_real_ViT: 0.268 D_fake_ViT: 0.218 global: 0.375 spatial: 0.107 
(epoch: 90, iters: 2732, time: 0.484, data: 0.001) G_GAN_ViT: 0.592 D_real_ViT: 0.205 D_fake_ViT: 0.076 global: 0.287 spatial: 0.052 
(epoch: 90, iters: 2832, time: 0.485, data: 0.001) G_GAN_ViT: 0.599 D_real_ViT: 0.180 D_fake_ViT: 0.072 global: 0.254 spatial: 0.048 
(epoch: 90, iters: 2932, time: 0.485, data: 0.001) G_GAN_ViT: 0.461 D_real_ViT: 0.183 D_fake_ViT: 0.134 global: 0.340 spatial: 0.054 
(epoch: 90, iters: 3032, time: 0.485, data: 0.001) G_GAN_ViT: 0.358 D_real_ViT: 0.204 D_fake_ViT: 0.193 global: 0.295 spatial: 0.065 
(epoch: 90, iters: 3132, time: 0.486, data: 0.001) G_GAN_ViT: 0.389 D_real_ViT: 0.269 D_fake_ViT: 0.178 global: 0.397 spatial: 0.081 
(epoch: 90, iters: 3232, time: 0.486, data: 0.001) G_GAN_ViT: 0.326 D_real_ViT: 0.245 D_fake_ViT: 0.209 global: 0.370 spatial: 0.088 
(epoch: 90, iters: 3332, time: 0.486, data: 0.001) G_GAN_ViT: 0.337 D_real_ViT: 0.300 D_fake_ViT: 0.201 global: 0.401 spatial: 0.075 
(epoch: 90, iters: 3432, time: 0.485, data: 0.001) G_GAN_ViT: 0.247 D_real_ViT: 0.193 D_fake_ViT: 0.286 global: 0.430 spatial: 0.082 
(epoch: 90, iters: 3532, time: 0.486, data: 0.001) G_GAN_ViT: 0.374 D_real_ViT: 0.190 D_fake_ViT: 0.177 global: 0.276 spatial: 0.055 
(epoch: 90, iters: 3632, time: 0.485, data: 0.001) G_GAN_ViT: 0.479 D_real_ViT: 0.401 D_fake_ViT: 0.144 global: 0.460 spatial: 0.112 
(epoch: 90, iters: 3732, time: 0.484, data: 0.002) G_GAN_ViT: 0.368 D_real_ViT: 0.477 D_fake_ViT: 0.195 global: 0.447 spatial: 0.091 
(epoch: 90, iters: 3832, time: 0.484, data: 0.001) G_GAN_ViT: 0.454 D_real_ViT: 0.243 D_fake_ViT: 0.134 global: 0.431 spatial: 0.087 
(epoch: 90, iters: 3932, time: 0.484, data: 0.001) G_GAN_ViT: 0.264 D_real_ViT: 0.121 D_fake_ViT: 0.265 global: 0.353 spatial: 0.090 
(epoch: 90, iters: 4032, time: 0.484, data: 0.001) G_GAN_ViT: 0.338 D_real_ViT: 0.192 D_fake_ViT: 0.204 global: 0.335 spatial: 0.078 
(epoch: 90, iters: 4132, time: 0.486, data: 0.001) G_GAN_ViT: 0.397 D_real_ViT: 0.338 D_fake_ViT: 0.171 global: 0.395 spatial: 0.094 
(epoch: 90, iters: 4232, time: 0.486, data: 0.001) G_GAN_ViT: 0.317 D_real_ViT: 0.256 D_fake_ViT: 0.224 global: 0.374 spatial: 0.092 
(epoch: 90, iters: 4332, time: 0.486, data: 0.001) G_GAN_ViT: 0.355 D_real_ViT: 0.197 D_fake_ViT: 0.191 global: 0.346 spatial: 0.090 
(epoch: 90, iters: 4432, time: 0.485, data: 0.001) G_GAN_ViT: 0.373 D_real_ViT: 0.182 D_fake_ViT: 0.175 global: 0.264 spatial: 0.047 
(epoch: 90, iters: 4532, time: 0.485, data: 0.001) G_GAN_ViT: 0.267 D_real_ViT: 0.214 D_fake_ViT: 0.264 global: 0.234 spatial: 0.056 
(epoch: 90, iters: 4632, time: 0.485, data: 0.001) G_GAN_ViT: 0.599 D_real_ViT: 0.082 D_fake_ViT: 0.079 global: 0.333 spatial: 0.060 
(epoch: 90, iters: 4732, time: 0.484, data: 0.001) G_GAN_ViT: 0.287 D_real_ViT: 0.296 D_fake_ViT: 0.270 global: 0.433 spatial: 0.088 
(epoch: 90, iters: 4832, time: 0.485, data: 0.001) G_GAN_ViT: 0.303 D_real_ViT: 0.311 D_fake_ViT: 0.255 global: 0.475 spatial: 0.095 
(epoch: 90, iters: 4932, time: 0.484, data: 0.001) G_GAN_ViT: 0.294 D_real_ViT: 0.109 D_fake_ViT: 0.242 global: 0.347 spatial: 0.086 
(epoch: 90, iters: 5032, time: 0.486, data: 0.001) G_GAN_ViT: 0.290 D_real_ViT: 0.259 D_fake_ViT: 0.262 global: 0.398 spatial: 0.104 
(epoch: 90, iters: 5132, time: 0.487, data: 0.001) G_GAN_ViT: 0.487 D_real_ViT: 0.135 D_fake_ViT: 0.131 global: 0.407 spatial: 0.106 
(epoch: 90, iters: 5232, time: 0.487, data: 0.001) G_GAN_ViT: 0.541 D_real_ViT: 0.282 D_fake_ViT: 0.093 global: 0.251 spatial: 0.051 
(epoch: 90, iters: 5332, time: 0.487, data: 0.001) G_GAN_ViT: 0.256 D_real_ViT: 0.264 D_fake_ViT: 0.282 global: 0.353 spatial: 0.086 
(epoch: 90, iters: 5432, time: 0.486, data: 0.002) G_GAN_ViT: 0.360 D_real_ViT: 0.273 D_fake_ViT: 0.221 global: 0.390 spatial: 0.109 
(epoch: 90, iters: 5532, time: 0.486, data: 0.001) G_GAN_ViT: 0.349 D_real_ViT: 0.527 D_fake_ViT: 0.203 global: 0.339 spatial: 0.100 
saving the latest model (epoch 90, total_iters 505000)
ICL_single_monitor
saving the model at the end of epoch 90, iters 505080
End of epoch 90 / 100 	 Time Taken: 2734 sec
learning rate = 0.0000020
(epoch: 91, iters: 20, time: 0.485, data: 0.001) G_GAN_ViT: 0.434 D_real_ViT: 0.279 D_fake_ViT: 0.137 global: 0.331 spatial: 0.069 
(epoch: 91, iters: 120, time: 0.486, data: 0.002) G_GAN_ViT: 0.265 D_real_ViT: 0.077 D_fake_ViT: 0.283 global: 0.289 spatial: 0.065 
(epoch: 91, iters: 220, time: 0.486, data: 0.001) G_GAN_ViT: 0.287 D_real_ViT: 0.173 D_fake_ViT: 0.259 global: 0.457 spatial: 0.096 
(epoch: 91, iters: 320, time: 0.486, data: 0.001) G_GAN_ViT: 0.345 D_real_ViT: 0.144 D_fake_ViT: 0.208 global: 0.429 spatial: 0.076 
(epoch: 91, iters: 420, time: 0.486, data: 0.002) G_GAN_ViT: 0.234 D_real_ViT: 0.077 D_fake_ViT: 0.303 global: 0.355 spatial: 0.083 
(epoch: 91, iters: 520, time: 0.486, data: 0.002) G_GAN_ViT: 0.443 D_real_ViT: 0.333 D_fake_ViT: 0.146 global: 0.409 spatial: 0.090 
(epoch: 91, iters: 620, time: 0.487, data: 0.001) G_GAN_ViT: 0.231 D_real_ViT: 0.442 D_fake_ViT: 0.320 global: 0.357 spatial: 0.104 
(epoch: 91, iters: 720, time: 0.487, data: 0.001) G_GAN_ViT: 0.517 D_real_ViT: 0.099 D_fake_ViT: 0.115 global: 0.484 spatial: 0.095 
(epoch: 91, iters: 820, time: 0.487, data: 0.001) G_GAN_ViT: 0.397 D_real_ViT: 0.270 D_fake_ViT: 0.169 global: 0.405 spatial: 0.087 
(epoch: 91, iters: 920, time: 0.487, data: 0.001) G_GAN_ViT: 0.398 D_real_ViT: 0.111 D_fake_ViT: 0.170 global: 0.337 spatial: 0.095 
(epoch: 91, iters: 1020, time: 0.487, data: 0.001) G_GAN_ViT: 0.301 D_real_ViT: 0.216 D_fake_ViT: 0.243 global: 0.354 spatial: 0.095 
(epoch: 91, iters: 1120, time: 0.488, data: 0.001) G_GAN_ViT: 0.423 D_real_ViT: 0.104 D_fake_ViT: 0.153 global: 0.404 spatial: 0.098 
(epoch: 91, iters: 1220, time: 0.486, data: 0.001) G_GAN_ViT: 0.336 D_real_ViT: 0.404 D_fake_ViT: 0.225 global: 0.371 spatial: 0.102 
(epoch: 91, iters: 1320, time: 0.487, data: 0.001) G_GAN_ViT: 0.482 D_real_ViT: 0.210 D_fake_ViT: 0.129 global: 0.435 spatial: 0.088 
(epoch: 91, iters: 1420, time: 0.486, data: 0.001) G_GAN_ViT: 0.454 D_real_ViT: 0.407 D_fake_ViT: 0.136 global: 0.407 spatial: 0.084 
(epoch: 91, iters: 1520, time: 0.486, data: 0.001) G_GAN_ViT: 0.236 D_real_ViT: 0.194 D_fake_ViT: 0.303 global: 0.260 spatial: 0.052 
(epoch: 91, iters: 1620, time: 0.487, data: 0.001) G_GAN_ViT: 0.395 D_real_ViT: 0.213 D_fake_ViT: 0.179 global: 0.364 spatial: 0.117 
(epoch: 91, iters: 1720, time: 0.487, data: 0.001) G_GAN_ViT: 0.468 D_real_ViT: 0.255 D_fake_ViT: 0.149 global: 0.458 spatial: 0.117 
(epoch: 91, iters: 1820, time: 0.487, data: 0.001) G_GAN_ViT: 0.360 D_real_ViT: 0.244 D_fake_ViT: 0.209 global: 0.396 spatial: 0.108 
(epoch: 91, iters: 1920, time: 0.487, data: 0.001) G_GAN_ViT: 0.264 D_real_ViT: 0.228 D_fake_ViT: 0.289 global: 0.418 spatial: 0.096 
(epoch: 91, iters: 2020, time: 0.486, data: 0.001) G_GAN_ViT: 0.265 D_real_ViT: 0.131 D_fake_ViT: 0.280 global: 0.481 spatial: 0.098 
(epoch: 91, iters: 2120, time: 0.486, data: 0.001) G_GAN_ViT: 0.342 D_real_ViT: 0.209 D_fake_ViT: 0.209 global: 0.413 spatial: 0.081 
(epoch: 91, iters: 2220, time: 0.487, data: 0.001) G_GAN_ViT: 0.341 D_real_ViT: 0.212 D_fake_ViT: 0.217 global: 0.411 spatial: 0.112 
(epoch: 91, iters: 2320, time: 0.487, data: 0.001) G_GAN_ViT: 0.276 D_real_ViT: 0.336 D_fake_ViT: 0.255 global: 0.400 spatial: 0.094 
(epoch: 91, iters: 2420, time: 0.488, data: 0.001) G_GAN_ViT: 0.309 D_real_ViT: 0.136 D_fake_ViT: 0.227 global: 0.461 spatial: 0.071 
(epoch: 91, iters: 2520, time: 0.487, data: 0.001) G_GAN_ViT: 0.433 D_real_ViT: 0.137 D_fake_ViT: 0.145 global: 0.455 spatial: 0.078 
(epoch: 91, iters: 2620, time: 0.487, data: 0.001) G_GAN_ViT: 0.297 D_real_ViT: 0.273 D_fake_ViT: 0.243 global: 0.382 spatial: 0.073 
(epoch: 91, iters: 2720, time: 0.487, data: 0.001) G_GAN_ViT: 0.634 D_real_ViT: 0.087 D_fake_ViT: 0.063 global: 0.249 spatial: 0.048 
(epoch: 91, iters: 2820, time: 0.487, data: 0.001) G_GAN_ViT: 0.352 D_real_ViT: 0.202 D_fake_ViT: 0.193 global: 0.440 spatial: 0.078 
(epoch: 91, iters: 2920, time: 0.487, data: 0.001) G_GAN_ViT: 0.304 D_real_ViT: 0.354 D_fake_ViT: 0.236 global: 0.425 spatial: 0.088 
(epoch: 91, iters: 3020, time: 0.487, data: 0.001) G_GAN_ViT: 0.481 D_real_ViT: 0.102 D_fake_ViT: 0.124 global: 0.380 spatial: 0.096 
(epoch: 91, iters: 3120, time: 0.484, data: 0.001) G_GAN_ViT: 0.385 D_real_ViT: 0.335 D_fake_ViT: 0.170 global: 0.375 spatial: 0.066 
(epoch: 91, iters: 3220, time: 0.484, data: 0.001) G_GAN_ViT: 0.489 D_real_ViT: 0.314 D_fake_ViT: 0.119 global: 0.358 spatial: 0.075 
(epoch: 91, iters: 3320, time: 0.484, data: 0.001) G_GAN_ViT: 0.328 D_real_ViT: 0.433 D_fake_ViT: 0.232 global: 0.414 spatial: 0.093 
(epoch: 91, iters: 3420, time: 0.484, data: 0.002) G_GAN_ViT: 0.419 D_real_ViT: 0.083 D_fake_ViT: 0.166 global: 0.381 spatial: 0.092 
(epoch: 91, iters: 3520, time: 0.485, data: 0.001) G_GAN_ViT: 0.456 D_real_ViT: 0.190 D_fake_ViT: 0.131 global: 0.425 spatial: 0.084 
(epoch: 91, iters: 3620, time: 0.485, data: 0.001) G_GAN_ViT: 0.433 D_real_ViT: 0.138 D_fake_ViT: 0.151 global: 0.385 spatial: 0.065 
(epoch: 91, iters: 3720, time: 0.485, data: 0.001) G_GAN_ViT: 0.442 D_real_ViT: 0.233 D_fake_ViT: 0.146 global: 0.428 spatial: 0.093 
(epoch: 91, iters: 3820, time: 0.486, data: 0.001) G_GAN_ViT: 0.360 D_real_ViT: 0.142 D_fake_ViT: 0.207 global: 0.472 spatial: 0.086 
(epoch: 91, iters: 3920, time: 0.485, data: 0.001) G_GAN_ViT: 0.410 D_real_ViT: 0.251 D_fake_ViT: 0.175 global: 0.384 spatial: 0.110 
(epoch: 91, iters: 4020, time: 0.485, data: 0.001) G_GAN_ViT: 0.432 D_real_ViT: 0.214 D_fake_ViT: 0.142 global: 0.293 spatial: 0.061 
(epoch: 91, iters: 4120, time: 0.486, data: 0.001) G_GAN_ViT: 0.300 D_real_ViT: 0.089 D_fake_ViT: 0.230 global: 0.391 spatial: 0.064 
(epoch: 91, iters: 4220, time: 0.459, data: 0.001) G_GAN_ViT: 0.184 D_real_ViT: 0.274 D_fake_ViT: 0.359 global: 0.320 spatial: 0.085 
(epoch: 91, iters: 4320, time: 0.431, data: 0.001) G_GAN_ViT: 0.282 D_real_ViT: 0.265 D_fake_ViT: 0.256 global: 0.387 spatial: 0.106 
(epoch: 91, iters: 4420, time: 0.415, data: 0.002) G_GAN_ViT: 0.423 D_real_ViT: 0.086 D_fake_ViT: 0.164 global: 0.329 spatial: 0.070 
(epoch: 91, iters: 4520, time: 0.405, data: 0.001) G_GAN_ViT: 0.365 D_real_ViT: 0.297 D_fake_ViT: 0.194 global: 0.415 spatial: 0.085 
(epoch: 91, iters: 4620, time: 0.399, data: 0.001) G_GAN_ViT: 0.440 D_real_ViT: 0.227 D_fake_ViT: 0.143 global: 0.330 spatial: 0.062 
(epoch: 91, iters: 4720, time: 0.395, data: 0.001) G_GAN_ViT: 0.517 D_real_ViT: 0.203 D_fake_ViT: 0.113 global: 0.374 spatial: 0.095 
(epoch: 91, iters: 4820, time: 0.392, data: 0.002) G_GAN_ViT: 0.281 D_real_ViT: 0.227 D_fake_ViT: 0.261 global: 0.388 spatial: 0.115 
(epoch: 91, iters: 4920, time: 0.391, data: 0.002) G_GAN_ViT: 0.444 D_real_ViT: 0.047 D_fake_ViT: 0.134 global: 0.314 spatial: 0.058 
saving the latest model (epoch 91, total_iters 510000)
ICL_single_monitor
(epoch: 91, iters: 5020, time: 0.390, data: 0.001) G_GAN_ViT: 0.471 D_real_ViT: 0.344 D_fake_ViT: 0.123 global: 0.291 spatial: 0.059 
(epoch: 91, iters: 5120, time: 0.390, data: 0.002) G_GAN_ViT: 0.332 D_real_ViT: 0.087 D_fake_ViT: 0.211 global: 0.374 spatial: 0.093 
(epoch: 91, iters: 5220, time: 0.389, data: 0.002) G_GAN_ViT: 0.251 D_real_ViT: 0.162 D_fake_ViT: 0.280 global: 0.309 spatial: 0.069 
(epoch: 91, iters: 5320, time: 0.389, data: 0.001) G_GAN_ViT: 0.334 D_real_ViT: 0.178 D_fake_ViT: 0.208 global: 0.296 spatial: 0.066 
(epoch: 91, iters: 5420, time: 0.389, data: 0.002) G_GAN_ViT: 0.378 D_real_ViT: 0.178 D_fake_ViT: 0.174 global: 0.333 spatial: 0.068 
(epoch: 91, iters: 5520, time: 0.389, data: 0.002) G_GAN_ViT: 0.455 D_real_ViT: 0.260 D_fake_ViT: 0.158 global: 0.456 spatial: 0.111 
End of epoch 91 / 100 	 Time Taken: 2595 sec
learning rate = 0.0000018
(epoch: 92, iters: 8, time: 0.389, data: 0.002) G_GAN_ViT: 0.357 D_real_ViT: 0.255 D_fake_ViT: 0.217 global: 0.480 spatial: 0.114 
(epoch: 92, iters: 108, time: 0.389, data: 0.001) G_GAN_ViT: 0.370 D_real_ViT: 0.133 D_fake_ViT: 0.175 global: 0.410 spatial: 0.077 
(epoch: 92, iters: 208, time: 0.389, data: 0.002) G_GAN_ViT: 0.435 D_real_ViT: 0.273 D_fake_ViT: 0.148 global: 0.356 spatial: 0.093 
(epoch: 92, iters: 308, time: 0.389, data: 0.001) G_GAN_ViT: 0.371 D_real_ViT: 0.203 D_fake_ViT: 0.184 global: 0.399 spatial: 0.060 
(epoch: 92, iters: 408, time: 0.389, data: 0.001) G_GAN_ViT: 0.375 D_real_ViT: 0.189 D_fake_ViT: 0.179 global: 0.364 spatial: 0.066 
(epoch: 92, iters: 508, time: 0.389, data: 0.002) G_GAN_ViT: 0.261 D_real_ViT: 0.340 D_fake_ViT: 0.272 global: 0.383 spatial: 0.095 
(epoch: 92, iters: 608, time: 0.389, data: 0.001) G_GAN_ViT: 0.340 D_real_ViT: 0.302 D_fake_ViT: 0.205 global: 0.414 spatial: 0.082 
(epoch: 92, iters: 708, time: 0.389, data: 0.002) G_GAN_ViT: 0.297 D_real_ViT: 0.041 D_fake_ViT: 0.241 global: 0.310 spatial: 0.066 
(epoch: 92, iters: 808, time: 0.389, data: 0.001) G_GAN_ViT: 0.469 D_real_ViT: 0.120 D_fake_ViT: 0.130 global: 0.343 spatial: 0.066 
(epoch: 92, iters: 908, time: 0.388, data: 0.001) G_GAN_ViT: 0.191 D_real_ViT: 0.324 D_fake_ViT: 0.352 global: 0.261 spatial: 0.078 
(epoch: 92, iters: 1008, time: 0.389, data: 0.002) G_GAN_ViT: 0.607 D_real_ViT: 0.225 D_fake_ViT: 0.069 global: 0.260 spatial: 0.056 
(epoch: 92, iters: 1108, time: 0.389, data: 0.001) G_GAN_ViT: 0.483 D_real_ViT: 0.251 D_fake_ViT: 0.123 global: 0.452 spatial: 0.093 
(epoch: 92, iters: 1208, time: 0.389, data: 0.002) G_GAN_ViT: 0.212 D_real_ViT: 0.420 D_fake_ViT: 0.333 global: 0.402 spatial: 0.080 
(epoch: 92, iters: 1308, time: 0.389, data: 0.002) G_GAN_ViT: 0.330 D_real_ViT: 0.379 D_fake_ViT: 0.204 global: 0.478 spatial: 0.060 
(epoch: 92, iters: 1408, time: 0.389, data: 0.001) G_GAN_ViT: 0.235 D_real_ViT: 0.295 D_fake_ViT: 0.302 global: 0.252 spatial: 0.060 
(epoch: 92, iters: 1508, time: 0.389, data: 0.002) G_GAN_ViT: 0.396 D_real_ViT: 0.160 D_fake_ViT: 0.177 global: 0.446 spatial: 0.082 
(epoch: 92, iters: 1608, time: 0.389, data: 0.002) G_GAN_ViT: 0.350 D_real_ViT: 0.196 D_fake_ViT: 0.204 global: 0.281 spatial: 0.064 
(epoch: 92, iters: 1708, time: 0.389, data: 0.002) G_GAN_ViT: 0.454 D_real_ViT: 0.113 D_fake_ViT: 0.133 global: 0.464 spatial: 0.083 
(epoch: 92, iters: 1808, time: 0.389, data: 0.001) G_GAN_ViT: 0.304 D_real_ViT: 0.207 D_fake_ViT: 0.228 global: 0.363 spatial: 0.058 
(epoch: 92, iters: 1908, time: 0.389, data: 0.002) G_GAN_ViT: 0.330 D_real_ViT: 0.035 D_fake_ViT: 0.214 global: 0.416 spatial: 0.072 
(epoch: 92, iters: 2008, time: 0.389, data: 0.002) G_GAN_ViT: 0.346 D_real_ViT: 0.185 D_fake_ViT: 0.199 global: 0.386 spatial: 0.078 
(epoch: 92, iters: 2108, time: 0.389, data: 0.002) G_GAN_ViT: 0.529 D_real_ViT: 0.314 D_fake_ViT: 0.099 global: 0.304 spatial: 0.055 
(epoch: 92, iters: 2208, time: 0.389, data: 0.002) G_GAN_ViT: 0.213 D_real_ViT: 0.281 D_fake_ViT: 0.329 global: 0.374 spatial: 0.095 
(epoch: 92, iters: 2308, time: 0.389, data: 0.001) G_GAN_ViT: 0.312 D_real_ViT: 0.173 D_fake_ViT: 0.226 global: 0.357 spatial: 0.093 
(epoch: 92, iters: 2408, time: 0.390, data: 0.002) G_GAN_ViT: 0.217 D_real_ViT: 0.325 D_fake_ViT: 0.315 global: 0.395 spatial: 0.082 
(epoch: 92, iters: 2508, time: 0.389, data: 0.002) G_GAN_ViT: 0.219 D_real_ViT: 0.563 D_fake_ViT: 0.329 global: 0.419 spatial: 0.089 
(epoch: 92, iters: 2608, time: 0.389, data: 0.002) G_GAN_ViT: 0.445 D_real_ViT: 0.236 D_fake_ViT: 0.142 global: 0.442 spatial: 0.086 
(epoch: 92, iters: 2708, time: 0.389, data: 0.002) G_GAN_ViT: 0.402 D_real_ViT: 0.081 D_fake_ViT: 0.165 global: 0.280 spatial: 0.051 
(epoch: 92, iters: 2808, time: 0.389, data: 0.001) G_GAN_ViT: 0.357 D_real_ViT: 0.343 D_fake_ViT: 0.191 global: 0.276 spatial: 0.061 
(epoch: 92, iters: 2908, time: 0.389, data: 0.002) G_GAN_ViT: 0.249 D_real_ViT: 0.190 D_fake_ViT: 0.287 global: 0.265 spatial: 0.062 
(epoch: 92, iters: 3008, time: 0.389, data: 0.002) G_GAN_ViT: 0.342 D_real_ViT: 0.187 D_fake_ViT: 0.199 global: 0.314 spatial: 0.073 
(epoch: 92, iters: 3108, time: 0.389, data: 0.001) G_GAN_ViT: 0.391 D_real_ViT: 0.210 D_fake_ViT: 0.172 global: 0.422 spatial: 0.095 
(epoch: 92, iters: 3208, time: 0.389, data: 0.001) G_GAN_ViT: 0.404 D_real_ViT: 0.107 D_fake_ViT: 0.167 global: 0.442 spatial: 0.091 
(epoch: 92, iters: 3308, time: 0.389, data: 0.001) G_GAN_ViT: 0.438 D_real_ViT: 0.233 D_fake_ViT: 0.167 global: 0.458 spatial: 0.115 
(epoch: 92, iters: 3408, time: 0.389, data: 0.002) G_GAN_ViT: 0.269 D_real_ViT: 0.037 D_fake_ViT: 0.283 global: 0.422 spatial: 0.099 
(epoch: 92, iters: 3508, time: 0.389, data: 0.001) G_GAN_ViT: 0.324 D_real_ViT: 0.201 D_fake_ViT: 0.217 global: 0.384 spatial: 0.088 
(epoch: 92, iters: 3608, time: 0.389, data: 0.001) G_GAN_ViT: 0.279 D_real_ViT: 0.156 D_fake_ViT: 0.255 global: 0.279 spatial: 0.053 
(epoch: 92, iters: 3708, time: 0.389, data: 0.002) G_GAN_ViT: 0.411 D_real_ViT: 0.234 D_fake_ViT: 0.160 global: 0.385 spatial: 0.092 
(epoch: 92, iters: 3808, time: 0.389, data: 0.002) G_GAN_ViT: 0.207 D_real_ViT: 0.157 D_fake_ViT: 0.336 global: 0.374 spatial: 0.087 
(epoch: 92, iters: 3908, time: 0.389, data: 0.002) G_GAN_ViT: 0.326 D_real_ViT: 0.177 D_fake_ViT: 0.212 global: 0.349 spatial: 0.091 
(epoch: 92, iters: 4008, time: 0.389, data: 0.002) G_GAN_ViT: 0.346 D_real_ViT: 0.314 D_fake_ViT: 0.219 global: 0.487 spatial: 0.084 
(epoch: 92, iters: 4108, time: 0.389, data: 0.001) G_GAN_ViT: 0.351 D_real_ViT: 0.200 D_fake_ViT: 0.194 global: 0.312 spatial: 0.060 
(epoch: 92, iters: 4208, time: 0.389, data: 0.001) G_GAN_ViT: 0.311 D_real_ViT: 0.112 D_fake_ViT: 0.229 global: 0.305 spatial: 0.072 
(epoch: 92, iters: 4308, time: 0.389, data: 0.001) G_GAN_ViT: 0.365 D_real_ViT: 0.141 D_fake_ViT: 0.193 global: 0.347 spatial: 0.091 
saving the latest model (epoch 92, total_iters 515000)
ICL_single_monitor
(epoch: 92, iters: 4408, time: 0.389, data: 0.001) G_GAN_ViT: 0.280 D_real_ViT: 0.111 D_fake_ViT: 0.254 global: 0.400 spatial: 0.085 
(epoch: 92, iters: 4508, time: 0.389, data: 0.002) G_GAN_ViT: 0.158 D_real_ViT: 0.270 D_fake_ViT: 0.399 global: 0.330 spatial: 0.076 
(epoch: 92, iters: 4608, time: 0.388, data: 0.001) G_GAN_ViT: 0.351 D_real_ViT: 0.352 D_fake_ViT: 0.194 global: 0.304 spatial: 0.067 
(epoch: 92, iters: 4708, time: 0.389, data: 0.001) G_GAN_ViT: 0.233 D_real_ViT: 0.247 D_fake_ViT: 0.308 global: 0.237 spatial: 0.051 
(epoch: 92, iters: 4808, time: 0.389, data: 0.001) G_GAN_ViT: 0.378 D_real_ViT: 0.184 D_fake_ViT: 0.180 global: 0.368 spatial: 0.096 
(epoch: 92, iters: 4908, time: 0.389, data: 0.002) G_GAN_ViT: 0.359 D_real_ViT: 0.149 D_fake_ViT: 0.209 global: 0.452 spatial: 0.107 
(epoch: 92, iters: 5008, time: 0.389, data: 0.001) G_GAN_ViT: 0.300 D_real_ViT: 0.286 D_fake_ViT: 0.238 global: 0.345 spatial: 0.086 
(epoch: 92, iters: 5108, time: 0.389, data: 0.001) G_GAN_ViT: 0.394 D_real_ViT: 0.275 D_fake_ViT: 0.168 global: 0.360 spatial: 0.078 
(epoch: 92, iters: 5208, time: 0.389, data: 0.001) G_GAN_ViT: 0.207 D_real_ViT: 0.326 D_fake_ViT: 0.331 global: 0.275 spatial: 0.080 
(epoch: 92, iters: 5308, time: 0.389, data: 0.001) G_GAN_ViT: 0.300 D_real_ViT: 0.107 D_fake_ViT: 0.230 global: 0.393 spatial: 0.065 
(epoch: 92, iters: 5408, time: 0.389, data: 0.001) G_GAN_ViT: 0.462 D_real_ViT: 0.075 D_fake_ViT: 0.147 global: 0.389 spatial: 0.093 
(epoch: 92, iters: 5508, time: 0.389, data: 0.001) G_GAN_ViT: 0.264 D_real_ViT: 0.121 D_fake_ViT: 0.281 global: 0.445 spatial: 0.086 
(epoch: 92, iters: 5608, time: 0.389, data: 0.002) G_GAN_ViT: 0.311 D_real_ViT: 0.195 D_fake_ViT: 0.220 global: 0.384 spatial: 0.074 
End of epoch 92 / 100 	 Time Taken: 2193 sec
learning rate = 0.0000016
(epoch: 93, iters: 96, time: 0.389, data: 0.001) G_GAN_ViT: 0.506 D_real_ViT: 0.041 D_fake_ViT: 0.108 global: 0.355 spatial: 0.075 
(epoch: 93, iters: 196, time: 0.389, data: 0.002) G_GAN_ViT: 0.389 D_real_ViT: 0.260 D_fake_ViT: 0.199 global: 0.472 spatial: 0.109 
(epoch: 93, iters: 296, time: 0.388, data: 0.001) G_GAN_ViT: 0.297 D_real_ViT: 0.071 D_fake_ViT: 0.235 global: 0.378 spatial: 0.064 
(epoch: 93, iters: 396, time: 0.389, data: 0.001) G_GAN_ViT: 0.551 D_real_ViT: 0.316 D_fake_ViT: 0.092 global: 0.370 spatial: 0.062 
(epoch: 93, iters: 496, time: 0.389, data: 0.002) G_GAN_ViT: 0.348 D_real_ViT: 0.262 D_fake_ViT: 0.201 global: 0.300 spatial: 0.064 
(epoch: 93, iters: 596, time: 0.389, data: 0.002) G_GAN_ViT: 0.524 D_real_ViT: 0.226 D_fake_ViT: 0.098 global: 0.311 spatial: 0.057 
(epoch: 93, iters: 696, time: 0.389, data: 0.002) G_GAN_ViT: 0.314 D_real_ViT: 0.203 D_fake_ViT: 0.264 global: 0.340 spatial: 0.090 
(epoch: 93, iters: 796, time: 0.389, data: 0.002) G_GAN_ViT: 0.308 D_real_ViT: 0.274 D_fake_ViT: 0.235 global: 0.453 spatial: 0.071 
(epoch: 93, iters: 896, time: 0.389, data: 0.002) G_GAN_ViT: 0.462 D_real_ViT: 0.395 D_fake_ViT: 0.156 global: 0.433 spatial: 0.125 
(epoch: 93, iters: 996, time: 0.387, data: 0.002) G_GAN_ViT: 0.459 D_real_ViT: 0.142 D_fake_ViT: 0.140 global: 0.379 spatial: 0.097 
(epoch: 93, iters: 1096, time: 0.388, data: 0.001) G_GAN_ViT: 0.341 D_real_ViT: 0.409 D_fake_ViT: 0.212 global: 0.350 spatial: 0.112 
(epoch: 93, iters: 1196, time: 0.389, data: 0.002) G_GAN_ViT: 0.265 D_real_ViT: 0.219 D_fake_ViT: 0.287 global: 0.403 spatial: 0.096 
(epoch: 93, iters: 1296, time: 0.389, data: 0.001) G_GAN_ViT: 0.403 D_real_ViT: 0.218 D_fake_ViT: 0.165 global: 0.365 spatial: 0.087 
(epoch: 93, iters: 1396, time: 0.389, data: 0.001) G_GAN_ViT: 0.394 D_real_ViT: 0.272 D_fake_ViT: 0.166 global: 0.276 spatial: 0.053 
(epoch: 93, iters: 1496, time: 0.389, data: 0.002) G_GAN_ViT: 0.507 D_real_ViT: 0.326 D_fake_ViT: 0.121 global: 0.487 spatial: 0.092 
(epoch: 93, iters: 1596, time: 0.389, data: 0.001) G_GAN_ViT: 0.405 D_real_ViT: 0.243 D_fake_ViT: 0.155 global: 0.292 spatial: 0.064 
(epoch: 93, iters: 1696, time: 0.389, data: 0.002) G_GAN_ViT: 0.496 D_real_ViT: 0.214 D_fake_ViT: 0.123 global: 0.486 spatial: 0.092 
(epoch: 93, iters: 1796, time: 0.389, data: 0.002) G_GAN_ViT: 0.503 D_real_ViT: 0.225 D_fake_ViT: 0.106 global: 0.423 spatial: 0.080 
(epoch: 93, iters: 1896, time: 0.388, data: 0.002) G_GAN_ViT: 0.180 D_real_ViT: 0.227 D_fake_ViT: 0.366 global: 0.333 spatial: 0.080 
(epoch: 93, iters: 1996, time: 0.389, data: 0.002) G_GAN_ViT: 0.289 D_real_ViT: 0.109 D_fake_ViT: 0.248 global: 0.414 spatial: 0.073 
(epoch: 93, iters: 2096, time: 0.389, data: 0.002) G_GAN_ViT: 0.406 D_real_ViT: 0.248 D_fake_ViT: 0.174 global: 0.320 spatial: 0.079 
(epoch: 93, iters: 2196, time: 0.389, data: 0.002) G_GAN_ViT: 0.338 D_real_ViT: 0.368 D_fake_ViT: 0.209 global: 0.408 spatial: 0.078 
(epoch: 93, iters: 2296, time: 0.389, data: 0.001) G_GAN_ViT: 0.417 D_real_ViT: 0.318 D_fake_ViT: 0.158 global: 0.406 spatial: 0.098 
(epoch: 93, iters: 2396, time: 0.389, data: 0.002) G_GAN_ViT: 0.401 D_real_ViT: 0.309 D_fake_ViT: 0.166 global: 0.318 spatial: 0.092 
(epoch: 93, iters: 2496, time: 0.389, data: 0.002) G_GAN_ViT: 0.333 D_real_ViT: 0.180 D_fake_ViT: 0.212 global: 0.363 spatial: 0.085 
(epoch: 93, iters: 2596, time: 0.389, data: 0.001) G_GAN_ViT: 0.403 D_real_ViT: 0.163 D_fake_ViT: 0.163 global: 0.390 spatial: 0.074 
(epoch: 93, iters: 2696, time: 0.389, data: 0.002) G_GAN_ViT: 0.392 D_real_ViT: 0.273 D_fake_ViT: 0.171 global: 0.500 spatial: 0.073 
(epoch: 93, iters: 2796, time: 0.389, data: 0.002) G_GAN_ViT: 0.458 D_real_ViT: 0.043 D_fake_ViT: 0.127 global: 0.325 spatial: 0.068 
(epoch: 93, iters: 2896, time: 0.390, data: 0.002) G_GAN_ViT: 0.285 D_real_ViT: 0.070 D_fake_ViT: 0.255 global: 0.423 spatial: 0.102 
(epoch: 93, iters: 2996, time: 0.389, data: 0.002) G_GAN_ViT: 0.454 D_real_ViT: 0.426 D_fake_ViT: 0.160 global: 0.477 spatial: 0.115 
(epoch: 93, iters: 3096, time: 0.390, data: 0.002) G_GAN_ViT: 0.536 D_real_ViT: 0.226 D_fake_ViT: 0.092 global: 0.329 spatial: 0.072 
(epoch: 93, iters: 3196, time: 0.390, data: 0.002) G_GAN_ViT: 0.505 D_real_ViT: 0.169 D_fake_ViT: 0.112 global: 0.320 spatial: 0.064 
(epoch: 93, iters: 3296, time: 0.390, data: 0.002) G_GAN_ViT: 0.381 D_real_ViT: 0.093 D_fake_ViT: 0.198 global: 0.454 spatial: 0.112 
(epoch: 93, iters: 3396, time: 0.390, data: 0.001) G_GAN_ViT: 0.391 D_real_ViT: 0.451 D_fake_ViT: 0.170 global: 0.259 spatial: 0.062 
(epoch: 93, iters: 3496, time: 0.390, data: 0.001) G_GAN_ViT: 0.378 D_real_ViT: 0.278 D_fake_ViT: 0.190 global: 0.441 spatial: 0.110 
(epoch: 93, iters: 3596, time: 0.390, data: 0.001) G_GAN_ViT: 0.410 D_real_ViT: 0.165 D_fake_ViT: 0.166 global: 0.409 spatial: 0.091 
(epoch: 93, iters: 3696, time: 0.389, data: 0.002) G_GAN_ViT: 0.247 D_real_ViT: 0.516 D_fake_ViT: 0.292 global: 0.420 spatial: 0.098 
saving the latest model (epoch 93, total_iters 520000)
ICL_single_monitor
(epoch: 93, iters: 3796, time: 0.389, data: 0.002) G_GAN_ViT: 0.346 D_real_ViT: 0.252 D_fake_ViT: 0.205 global: 0.431 spatial: 0.083 
(epoch: 93, iters: 3896, time: 0.389, data: 0.001) G_GAN_ViT: 0.322 D_real_ViT: 0.185 D_fake_ViT: 0.216 global: 0.351 spatial: 0.095 
(epoch: 93, iters: 3996, time: 0.388, data: 0.002) G_GAN_ViT: 0.502 D_real_ViT: 0.161 D_fake_ViT: 0.106 global: 0.238 spatial: 0.041 
(epoch: 93, iters: 4096, time: 0.388, data: 0.002) G_GAN_ViT: 0.311 D_real_ViT: 0.334 D_fake_ViT: 0.239 global: 0.491 spatial: 0.095 
(epoch: 93, iters: 4196, time: 0.389, data: 0.002) G_GAN_ViT: 0.318 D_real_ViT: 0.198 D_fake_ViT: 0.220 global: 0.498 spatial: 0.064 
(epoch: 93, iters: 4296, time: 0.389, data: 0.002) G_GAN_ViT: 0.460 D_real_ViT: 0.416 D_fake_ViT: 0.131 global: 0.442 spatial: 0.092 
(epoch: 93, iters: 4396, time: 0.389, data: 0.001) G_GAN_ViT: 0.389 D_real_ViT: 0.415 D_fake_ViT: 0.171 global: 0.348 spatial: 0.056 
(epoch: 93, iters: 4496, time: 0.389, data: 0.002) G_GAN_ViT: 0.461 D_real_ViT: 0.274 D_fake_ViT: 0.127 global: 0.454 spatial: 0.080 
(epoch: 93, iters: 4596, time: 0.389, data: 0.001) G_GAN_ViT: 0.156 D_real_ViT: 0.282 D_fake_ViT: 0.401 global: 0.336 spatial: 0.080 
(epoch: 93, iters: 4696, time: 0.389, data: 0.001) G_GAN_ViT: 0.231 D_real_ViT: 0.308 D_fake_ViT: 0.334 global: 0.400 spatial: 0.083 
(epoch: 93, iters: 4796, time: 0.389, data: 0.001) G_GAN_ViT: 0.413 D_real_ViT: 0.340 D_fake_ViT: 0.170 global: 0.364 spatial: 0.067 
(epoch: 93, iters: 4896, time: 0.389, data: 0.002) G_GAN_ViT: 0.293 D_real_ViT: 0.198 D_fake_ViT: 0.235 global: 0.373 spatial: 0.069 
(epoch: 93, iters: 4996, time: 0.389, data: 0.002) G_GAN_ViT: 0.324 D_real_ViT: 0.273 D_fake_ViT: 0.220 global: 0.305 spatial: 0.061 
(epoch: 93, iters: 5096, time: 0.389, data: 0.002) G_GAN_ViT: 0.474 D_real_ViT: 0.312 D_fake_ViT: 0.122 global: 0.352 spatial: 0.073 
(epoch: 93, iters: 5196, time: 0.390, data: 0.002) G_GAN_ViT: 0.440 D_real_ViT: 0.224 D_fake_ViT: 0.153 global: 0.446 spatial: 0.110 
(epoch: 93, iters: 5296, time: 0.389, data: 0.001) G_GAN_ViT: 0.330 D_real_ViT: 0.218 D_fake_ViT: 0.219 global: 0.450 spatial: 0.086 
(epoch: 93, iters: 5396, time: 0.389, data: 0.001) G_GAN_ViT: 0.341 D_real_ViT: 0.321 D_fake_ViT: 0.200 global: 0.498 spatial: 0.077 
(epoch: 93, iters: 5496, time: 0.389, data: 0.002) G_GAN_ViT: 0.504 D_real_ViT: 0.151 D_fake_ViT: 0.120 global: 0.386 spatial: 0.076 
(epoch: 93, iters: 5596, time: 0.389, data: 0.002) G_GAN_ViT: 0.331 D_real_ViT: 0.246 D_fake_ViT: 0.207 global: 0.371 spatial: 0.066 
End of epoch 93 / 100 	 Time Taken: 2193 sec
learning rate = 0.0000014
(epoch: 94, iters: 84, time: 0.389, data: 0.002) G_GAN_ViT: 0.223 D_real_ViT: 0.131 D_fake_ViT: 0.321 global: 0.428 spatial: 0.105 
(epoch: 94, iters: 184, time: 0.389, data: 0.002) G_GAN_ViT: 0.377 D_real_ViT: 0.246 D_fake_ViT: 0.174 global: 0.299 spatial: 0.065 
(epoch: 94, iters: 284, time: 0.389, data: 0.001) G_GAN_ViT: 0.348 D_real_ViT: 0.188 D_fake_ViT: 0.203 global: 0.416 spatial: 0.105 
(epoch: 94, iters: 384, time: 0.389, data: 0.002) G_GAN_ViT: 0.493 D_real_ViT: 0.332 D_fake_ViT: 0.132 global: 0.446 spatial: 0.110 
(epoch: 94, iters: 484, time: 0.389, data: 0.001) G_GAN_ViT: 0.276 D_real_ViT: 0.173 D_fake_ViT: 0.261 global: 0.398 spatial: 0.083 
(epoch: 94, iters: 584, time: 0.389, data: 0.001) G_GAN_ViT: 0.406 D_real_ViT: 0.201 D_fake_ViT: 0.158 global: 0.346 spatial: 0.077 
(epoch: 94, iters: 684, time: 0.389, data: 0.001) G_GAN_ViT: 0.352 D_real_ViT: 0.261 D_fake_ViT: 0.192 global: 0.456 spatial: 0.068 
(epoch: 94, iters: 784, time: 0.389, data: 0.001) G_GAN_ViT: 0.259 D_real_ViT: 0.175 D_fake_ViT: 0.279 global: 0.450 spatial: 0.098 
(epoch: 94, iters: 884, time: 0.389, data: 0.002) G_GAN_ViT: 0.300 D_real_ViT: 0.113 D_fake_ViT: 0.248 global: 0.460 spatial: 0.098 
(epoch: 94, iters: 984, time: 0.389, data: 0.001) G_GAN_ViT: 0.500 D_real_ViT: 0.278 D_fake_ViT: 0.107 global: 0.330 spatial: 0.062 
(epoch: 94, iters: 1084, time: 0.389, data: 0.001) G_GAN_ViT: 0.267 D_real_ViT: 0.089 D_fake_ViT: 0.264 global: 0.362 spatial: 0.086 
(epoch: 94, iters: 1184, time: 0.389, data: 0.002) G_GAN_ViT: 0.559 D_real_ViT: 0.053 D_fake_ViT: 0.084 global: 0.236 spatial: 0.056 
(epoch: 94, iters: 1284, time: 0.389, data: 0.002) G_GAN_ViT: 0.323 D_real_ViT: 0.185 D_fake_ViT: 0.223 global: 0.418 spatial: 0.076 
(epoch: 94, iters: 1384, time: 0.389, data: 0.001) G_GAN_ViT: 0.293 D_real_ViT: 0.176 D_fake_ViT: 0.256 global: 0.403 spatial: 0.095 
(epoch: 94, iters: 1484, time: 0.389, data: 0.002) G_GAN_ViT: 0.364 D_real_ViT: 0.252 D_fake_ViT: 0.198 global: 0.349 spatial: 0.100 
(epoch: 94, iters: 1584, time: 0.390, data: 0.002) G_GAN_ViT: 0.224 D_real_ViT: 0.112 D_fake_ViT: 0.316 global: 0.396 spatial: 0.088 
(epoch: 94, iters: 1684, time: 0.390, data: 0.001) G_GAN_ViT: 0.234 D_real_ViT: 0.131 D_fake_ViT: 0.307 global: 0.226 spatial: 0.057 
(epoch: 94, iters: 1784, time: 0.390, data: 0.002) G_GAN_ViT: 0.304 D_real_ViT: 0.263 D_fake_ViT: 0.247 global: 0.374 spatial: 0.112 
(epoch: 94, iters: 1884, time: 0.389, data: 0.002) G_GAN_ViT: 0.333 D_real_ViT: 0.110 D_fake_ViT: 0.207 global: 0.518 spatial: 0.078 
(epoch: 94, iters: 1984, time: 0.389, data: 0.002) G_GAN_ViT: 0.301 D_real_ViT: 0.064 D_fake_ViT: 0.239 global: 0.289 spatial: 0.058 
(epoch: 94, iters: 2084, time: 0.389, data: 0.002) G_GAN_ViT: 0.459 D_real_ViT: 0.134 D_fake_ViT: 0.139 global: 0.336 spatial: 0.067 
(epoch: 94, iters: 2184, time: 0.389, data: 0.001) G_GAN_ViT: 0.576 D_real_ViT: 0.126 D_fake_ViT: 0.078 global: 0.231 spatial: 0.042 
(epoch: 94, iters: 2284, time: 0.389, data: 0.002) G_GAN_ViT: 0.344 D_real_ViT: 0.183 D_fake_ViT: 0.212 global: 0.392 spatial: 0.107 
(epoch: 94, iters: 2384, time: 0.389, data: 0.002) G_GAN_ViT: 0.337 D_real_ViT: 0.179 D_fake_ViT: 0.203 global: 0.416 spatial: 0.073 
(epoch: 94, iters: 2484, time: 0.389, data: 0.001) G_GAN_ViT: 0.285 D_real_ViT: 0.292 D_fake_ViT: 0.252 global: 0.262 spatial: 0.056 
(epoch: 94, iters: 2584, time: 0.389, data: 0.002) G_GAN_ViT: 0.229 D_real_ViT: 0.101 D_fake_ViT: 0.333 global: 0.419 spatial: 0.082 
(epoch: 94, iters: 2684, time: 0.389, data: 0.002) G_GAN_ViT: 0.305 D_real_ViT: 0.256 D_fake_ViT: 0.224 global: 0.424 spatial: 0.065 
(epoch: 94, iters: 2784, time: 0.389, data: 0.001) G_GAN_ViT: 0.393 D_real_ViT: 0.233 D_fake_ViT: 0.163 global: 0.277 spatial: 0.055 
(epoch: 94, iters: 2884, time: 0.389, data: 0.001) G_GAN_ViT: 0.381 D_real_ViT: 0.128 D_fake_ViT: 0.178 global: 0.347 spatial: 0.082 
(epoch: 94, iters: 2984, time: 0.389, data: 0.002) G_GAN_ViT: 0.365 D_real_ViT: 0.343 D_fake_ViT: 0.185 global: 0.351 spatial: 0.092 
(epoch: 94, iters: 3084, time: 0.390, data: 0.002) G_GAN_ViT: 0.245 D_real_ViT: 0.230 D_fake_ViT: 0.315 global: 0.432 spatial: 0.083 
saving the latest model (epoch 94, total_iters 525000)
ICL_single_monitor
(epoch: 94, iters: 3184, time: 0.390, data: 0.001) G_GAN_ViT: 0.405 D_real_ViT: 0.073 D_fake_ViT: 0.186 global: 0.468 spatial: 0.109 
(epoch: 94, iters: 3284, time: 0.390, data: 0.002) G_GAN_ViT: 0.305 D_real_ViT: 0.273 D_fake_ViT: 0.240 global: 0.432 spatial: 0.100 
(epoch: 94, iters: 3384, time: 0.389, data: 0.002) G_GAN_ViT: 0.427 D_real_ViT: 0.242 D_fake_ViT: 0.151 global: 0.410 spatial: 0.097 
(epoch: 94, iters: 3484, time: 0.389, data: 0.001) G_GAN_ViT: 0.256 D_real_ViT: 0.184 D_fake_ViT: 0.286 global: 0.349 spatial: 0.079 
(epoch: 94, iters: 3584, time: 0.389, data: 0.001) G_GAN_ViT: 0.324 D_real_ViT: 0.217 D_fake_ViT: 0.220 global: 0.422 spatial: 0.085 
(epoch: 94, iters: 3684, time: 0.389, data: 0.001) G_GAN_ViT: 0.240 D_real_ViT: 0.209 D_fake_ViT: 0.292 global: 0.235 spatial: 0.058 
(epoch: 94, iters: 3784, time: 0.389, data: 0.001) G_GAN_ViT: 0.354 D_real_ViT: 0.104 D_fake_ViT: 0.209 global: 0.464 spatial: 0.080 
(epoch: 94, iters: 3884, time: 0.390, data: 0.002) G_GAN_ViT: 0.365 D_real_ViT: 0.196 D_fake_ViT: 0.182 global: 0.231 spatial: 0.038 
(epoch: 94, iters: 3984, time: 0.390, data: 0.001) G_GAN_ViT: 0.470 D_real_ViT: 0.194 D_fake_ViT: 0.121 global: 0.307 spatial: 0.068 
(epoch: 94, iters: 4084, time: 0.390, data: 0.001) G_GAN_ViT: 0.248 D_real_ViT: 0.229 D_fake_ViT: 0.284 global: 0.414 spatial: 0.078 
(epoch: 94, iters: 4184, time: 0.390, data: 0.001) G_GAN_ViT: 0.342 D_real_ViT: 0.241 D_fake_ViT: 0.195 global: 0.326 spatial: 0.079 
(epoch: 94, iters: 4284, time: 0.390, data: 0.001) G_GAN_ViT: 0.414 D_real_ViT: 0.280 D_fake_ViT: 0.167 global: 0.372 spatial: 0.069 
(epoch: 94, iters: 4384, time: 0.390, data: 0.002) G_GAN_ViT: 0.242 D_real_ViT: 0.121 D_fake_ViT: 0.292 global: 0.342 spatial: 0.086 
(epoch: 94, iters: 4484, time: 0.390, data: 0.001) G_GAN_ViT: 0.338 D_real_ViT: 0.136 D_fake_ViT: 0.221 global: 0.471 spatial: 0.090 
(epoch: 94, iters: 4584, time: 0.390, data: 0.001) G_GAN_ViT: 0.345 D_real_ViT: 0.245 D_fake_ViT: 0.200 global: 0.334 spatial: 0.078 
(epoch: 94, iters: 4684, time: 0.389, data: 0.002) G_GAN_ViT: 0.372 D_real_ViT: 0.129 D_fake_ViT: 0.183 global: 0.459 spatial: 0.078 
(epoch: 94, iters: 4784, time: 0.389, data: 0.001) G_GAN_ViT: 0.323 D_real_ViT: 0.131 D_fake_ViT: 0.225 global: 0.348 spatial: 0.102 
(epoch: 94, iters: 4884, time: 0.389, data: 0.001) G_GAN_ViT: 0.220 D_real_ViT: 0.216 D_fake_ViT: 0.312 global: 0.221 spatial: 0.051 
(epoch: 94, iters: 4984, time: 0.390, data: 0.001) G_GAN_ViT: 0.373 D_real_ViT: 0.351 D_fake_ViT: 0.190 global: 0.402 spatial: 0.096 
(epoch: 94, iters: 5084, time: 0.389, data: 0.002) G_GAN_ViT: 0.395 D_real_ViT: 0.250 D_fake_ViT: 0.170 global: 0.435 spatial: 0.090 
(epoch: 94, iters: 5184, time: 0.389, data: 0.001) G_GAN_ViT: 0.251 D_real_ViT: 0.178 D_fake_ViT: 0.287 global: 0.456 spatial: 0.093 
(epoch: 94, iters: 5284, time: 0.389, data: 0.001) G_GAN_ViT: 0.584 D_real_ViT: 0.343 D_fake_ViT: 0.082 global: 0.332 spatial: 0.056 
(epoch: 94, iters: 5384, time: 0.390, data: 0.001) G_GAN_ViT: 0.218 D_real_ViT: 0.142 D_fake_ViT: 0.335 global: 0.418 spatial: 0.091 
(epoch: 94, iters: 5484, time: 0.389, data: 0.001) G_GAN_ViT: 0.503 D_real_ViT: 0.063 D_fake_ViT: 0.112 global: 0.293 spatial: 0.051 
(epoch: 94, iters: 5584, time: 0.389, data: 0.001) G_GAN_ViT: 0.249 D_real_ViT: 0.191 D_fake_ViT: 0.288 global: 0.376 spatial: 0.094 
End of epoch 94 / 100 	 Time Taken: 2195 sec
learning rate = 0.0000012
(epoch: 95, iters: 72, time: 0.390, data: 0.002) G_GAN_ViT: 0.252 D_real_ViT: 0.718 D_fake_ViT: 0.288 global: 0.482 spatial: 0.096 
(epoch: 95, iters: 172, time: 0.389, data: 0.002) G_GAN_ViT: 0.361 D_real_ViT: 0.253 D_fake_ViT: 0.186 global: 0.409 spatial: 0.081 
(epoch: 95, iters: 272, time: 0.388, data: 0.002) G_GAN_ViT: 0.498 D_real_ViT: 0.176 D_fake_ViT: 0.106 global: 0.236 spatial: 0.049 
(epoch: 95, iters: 372, time: 0.389, data: 0.001) G_GAN_ViT: 0.402 D_real_ViT: 0.191 D_fake_ViT: 0.155 global: 0.204 spatial: 0.045 
(epoch: 95, iters: 472, time: 0.389, data: 0.002) G_GAN_ViT: 0.283 D_real_ViT: 0.248 D_fake_ViT: 0.248 global: 0.391 spatial: 0.100 
(epoch: 95, iters: 572, time: 0.389, data: 0.002) G_GAN_ViT: 0.217 D_real_ViT: 0.142 D_fake_ViT: 0.321 global: 0.338 spatial: 0.083 
(epoch: 95, iters: 672, time: 0.389, data: 0.002) G_GAN_ViT: 0.268 D_real_ViT: 0.155 D_fake_ViT: 0.287 global: 0.418 spatial: 0.100 
(epoch: 95, iters: 772, time: 0.389, data: 0.002) G_GAN_ViT: 0.309 D_real_ViT: 0.206 D_fake_ViT: 0.233 global: 0.350 spatial: 0.090 
(epoch: 95, iters: 872, time: 0.389, data: 0.002) G_GAN_ViT: 0.284 D_real_ViT: 0.232 D_fake_ViT: 0.247 global: 0.359 spatial: 0.082 
(epoch: 95, iters: 972, time: 0.389, data: 0.002) G_GAN_ViT: 0.481 D_real_ViT: 0.271 D_fake_ViT: 0.116 global: 0.319 spatial: 0.065 
(epoch: 95, iters: 1072, time: 0.389, data: 0.002) G_GAN_ViT: 0.382 D_real_ViT: 0.045 D_fake_ViT: 0.180 global: 0.468 spatial: 0.080 
(epoch: 95, iters: 1172, time: 0.389, data: 0.001) G_GAN_ViT: 0.354 D_real_ViT: 0.572 D_fake_ViT: 0.191 global: 0.403 spatial: 0.078 
(epoch: 95, iters: 1272, time: 0.389, data: 0.001) G_GAN_ViT: 0.406 D_real_ViT: 0.199 D_fake_ViT: 0.157 global: 0.284 spatial: 0.064 
(epoch: 95, iters: 1372, time: 0.389, data: 0.002) G_GAN_ViT: 0.495 D_real_ViT: 0.035 D_fake_ViT: 0.135 global: 0.460 spatial: 0.121 
(epoch: 95, iters: 1472, time: 0.389, data: 0.002) G_GAN_ViT: 0.337 D_real_ViT: 0.197 D_fake_ViT: 0.206 global: 0.509 spatial: 0.076 
(epoch: 95, iters: 1572, time: 0.389, data: 0.002) G_GAN_ViT: 0.294 D_real_ViT: 0.258 D_fake_ViT: 0.239 global: 0.378 spatial: 0.093 
(epoch: 95, iters: 1672, time: 0.389, data: 0.001) G_GAN_ViT: 0.362 D_real_ViT: 0.162 D_fake_ViT: 0.189 global: 0.376 spatial: 0.091 
(epoch: 95, iters: 1772, time: 0.389, data: 0.002) G_GAN_ViT: 0.353 D_real_ViT: 0.187 D_fake_ViT: 0.201 global: 0.347 spatial: 0.091 
(epoch: 95, iters: 1872, time: 0.389, data: 0.002) G_GAN_ViT: 0.425 D_real_ViT: 0.178 D_fake_ViT: 0.154 global: 0.375 spatial: 0.092 
(epoch: 95, iters: 1972, time: 0.389, data: 0.002) G_GAN_ViT: 0.408 D_real_ViT: 0.281 D_fake_ViT: 0.156 global: 0.269 spatial: 0.058 
(epoch: 95, iters: 2072, time: 0.389, data: 0.001) G_GAN_ViT: 0.418 D_real_ViT: 0.094 D_fake_ViT: 0.156 global: 0.424 spatial: 0.078 
(epoch: 95, iters: 2172, time: 0.390, data: 0.002) G_GAN_ViT: 0.449 D_real_ViT: 0.176 D_fake_ViT: 0.141 global: 0.318 spatial: 0.054 
(epoch: 95, iters: 2272, time: 0.389, data: 0.002) G_GAN_ViT: 0.367 D_real_ViT: 0.381 D_fake_ViT: 0.187 global: 0.427 spatial: 0.103 
(epoch: 95, iters: 2372, time: 0.390, data: 0.002) G_GAN_ViT: 0.236 D_real_ViT: 0.202 D_fake_ViT: 0.296 global: 0.227 spatial: 0.057 
(epoch: 95, iters: 2472, time: 0.390, data: 0.002) G_GAN_ViT: 0.253 D_real_ViT: 0.235 D_fake_ViT: 0.286 global: 0.358 spatial: 0.073 
saving the latest model (epoch 95, total_iters 530000)
ICL_single_monitor
(epoch: 95, iters: 2572, time: 0.390, data: 0.001) G_GAN_ViT: 0.364 D_real_ViT: 0.228 D_fake_ViT: 0.190 global: 0.405 spatial: 0.078 
(epoch: 95, iters: 2672, time: 0.390, data: 0.002) G_GAN_ViT: 0.223 D_real_ViT: 0.272 D_fake_ViT: 0.316 global: 0.359 spatial: 0.096 
(epoch: 95, iters: 2772, time: 0.389, data: 0.001) G_GAN_ViT: 0.424 D_real_ViT: 0.038 D_fake_ViT: 0.153 global: 0.402 spatial: 0.098 
(epoch: 95, iters: 2872, time: 0.389, data: 0.002) G_GAN_ViT: 0.480 D_real_ViT: 0.230 D_fake_ViT: 0.140 global: 0.385 spatial: 0.091 
(epoch: 95, iters: 2972, time: 0.389, data: 0.001) G_GAN_ViT: 0.467 D_real_ViT: 0.277 D_fake_ViT: 0.135 global: 0.411 spatial: 0.081 
(epoch: 95, iters: 3072, time: 0.389, data: 0.002) G_GAN_ViT: 0.392 D_real_ViT: 0.219 D_fake_ViT: 0.172 global: 0.415 spatial: 0.094 
(epoch: 95, iters: 3172, time: 0.389, data: 0.002) G_GAN_ViT: 0.348 D_real_ViT: 0.074 D_fake_ViT: 0.196 global: 0.340 spatial: 0.066 
(epoch: 95, iters: 3272, time: 0.389, data: 0.002) G_GAN_ViT: 0.406 D_real_ViT: 0.179 D_fake_ViT: 0.155 global: 0.284 spatial: 0.042 
(epoch: 95, iters: 3372, time: 0.389, data: 0.002) G_GAN_ViT: 0.380 D_real_ViT: 0.204 D_fake_ViT: 0.175 global: 0.375 spatial: 0.099 
(epoch: 95, iters: 3472, time: 0.389, data: 0.001) G_GAN_ViT: 0.260 D_real_ViT: 0.086 D_fake_ViT: 0.274 global: 0.367 spatial: 0.094 
(epoch: 95, iters: 3572, time: 0.389, data: 0.002) G_GAN_ViT: 0.422 D_real_ViT: 0.336 D_fake_ViT: 0.143 global: 0.331 spatial: 0.070 
(epoch: 95, iters: 3672, time: 0.389, data: 0.002) G_GAN_ViT: 0.465 D_real_ViT: 0.340 D_fake_ViT: 0.123 global: 0.319 spatial: 0.073 
(epoch: 95, iters: 3772, time: 0.389, data: 0.001) G_GAN_ViT: 0.390 D_real_ViT: 0.264 D_fake_ViT: 0.161 global: 0.248 spatial: 0.047 
(epoch: 95, iters: 3872, time: 0.389, data: 0.002) G_GAN_ViT: 0.466 D_real_ViT: 0.085 D_fake_ViT: 0.138 global: 0.340 spatial: 0.072 
(epoch: 95, iters: 3972, time: 0.389, data: 0.002) G_GAN_ViT: 0.389 D_real_ViT: 0.330 D_fake_ViT: 0.167 global: 0.355 spatial: 0.071 
(epoch: 95, iters: 4072, time: 0.389, data: 0.001) G_GAN_ViT: 0.287 D_real_ViT: 0.310 D_fake_ViT: 0.253 global: 0.380 spatial: 0.082 
(epoch: 95, iters: 4172, time: 0.389, data: 0.001) G_GAN_ViT: 0.216 D_real_ViT: 0.157 D_fake_ViT: 0.316 global: 0.344 spatial: 0.086 
(epoch: 95, iters: 4272, time: 0.389, data: 0.001) G_GAN_ViT: 0.325 D_real_ViT: 0.148 D_fake_ViT: 0.217 global: 0.290 spatial: 0.066 
(epoch: 95, iters: 4372, time: 0.390, data: 0.002) G_GAN_ViT: 0.324 D_real_ViT: 0.308 D_fake_ViT: 0.223 global: 0.317 spatial: 0.097 
(epoch: 95, iters: 4472, time: 0.390, data: 0.001) G_GAN_ViT: 0.410 D_real_ViT: 0.114 D_fake_ViT: 0.156 global: 0.388 spatial: 0.082 
(epoch: 95, iters: 4572, time: 0.390, data: 0.001) G_GAN_ViT: 0.507 D_real_ViT: 0.328 D_fake_ViT: 0.123 global: 0.380 spatial: 0.092 
(epoch: 95, iters: 4672, time: 0.390, data: 0.001) G_GAN_ViT: 0.504 D_real_ViT: 0.197 D_fake_ViT: 0.105 global: 0.242 spatial: 0.051 
(epoch: 95, iters: 4772, time: 0.390, data: 0.001) G_GAN_ViT: 0.242 D_real_ViT: 0.212 D_fake_ViT: 0.298 global: 0.441 spatial: 0.087 
(epoch: 95, iters: 4872, time: 0.390, data: 0.002) G_GAN_ViT: 0.322 D_real_ViT: 0.181 D_fake_ViT: 0.255 global: 0.371 spatial: 0.090 
(epoch: 95, iters: 4972, time: 0.389, data: 0.001) G_GAN_ViT: 0.437 D_real_ViT: 0.110 D_fake_ViT: 0.166 global: 0.448 spatial: 0.119 
(epoch: 95, iters: 5072, time: 0.390, data: 0.002) G_GAN_ViT: 0.308 D_real_ViT: 0.121 D_fake_ViT: 0.242 global: 0.447 spatial: 0.099 
(epoch: 95, iters: 5172, time: 0.390, data: 0.002) G_GAN_ViT: 0.337 D_real_ViT: 0.380 D_fake_ViT: 0.223 global: 0.469 spatial: 0.086 
(epoch: 95, iters: 5272, time: 0.390, data: 0.002) G_GAN_ViT: 0.401 D_real_ViT: 0.432 D_fake_ViT: 0.167 global: 0.340 spatial: 0.096 
(epoch: 95, iters: 5372, time: 0.390, data: 0.002) G_GAN_ViT: 0.342 D_real_ViT: 0.201 D_fake_ViT: 0.219 global: 0.376 spatial: 0.116 
(epoch: 95, iters: 5472, time: 0.390, data: 0.002) G_GAN_ViT: 0.325 D_real_ViT: 0.110 D_fake_ViT: 0.210 global: 0.294 spatial: 0.075 
(epoch: 95, iters: 5572, time: 0.390, data: 0.001) G_GAN_ViT: 0.305 D_real_ViT: 0.044 D_fake_ViT: 0.227 global: 0.484 spatial: 0.070 
saving the model at the end of epoch 95, iters 533140
End of epoch 95 / 100 	 Time Taken: 2196 sec
learning rate = 0.0000010
(epoch: 96, iters: 60, time: 0.389, data: 0.001) G_GAN_ViT: 0.405 D_real_ViT: 0.234 D_fake_ViT: 0.164 global: 0.308 spatial: 0.091 
(epoch: 96, iters: 160, time: 0.389, data: 0.001) G_GAN_ViT: 0.352 D_real_ViT: 0.547 D_fake_ViT: 0.196 global: 0.410 spatial: 0.099 
(epoch: 96, iters: 260, time: 0.389, data: 0.001) G_GAN_ViT: 0.305 D_real_ViT: 0.410 D_fake_ViT: 0.246 global: 0.409 spatial: 0.083 
(epoch: 96, iters: 360, time: 0.389, data: 0.001) G_GAN_ViT: 0.514 D_real_ViT: 0.084 D_fake_ViT: 0.107 global: 0.307 spatial: 0.053 
(epoch: 96, iters: 460, time: 0.389, data: 0.002) G_GAN_ViT: 0.271 D_real_ViT: 0.084 D_fake_ViT: 0.266 global: 0.473 spatial: 0.101 
(epoch: 96, iters: 560, time: 0.389, data: 0.001) G_GAN_ViT: 0.473 D_real_ViT: 0.200 D_fake_ViT: 0.121 global: 0.345 spatial: 0.077 
(epoch: 96, iters: 660, time: 0.389, data: 0.002) G_GAN_ViT: 0.321 D_real_ViT: 0.121 D_fake_ViT: 0.214 global: 0.386 spatial: 0.073 
(epoch: 96, iters: 760, time: 0.390, data: 0.002) G_GAN_ViT: 0.298 D_real_ViT: 0.260 D_fake_ViT: 0.233 global: 0.436 spatial: 0.063 
(epoch: 96, iters: 860, time: 0.390, data: 0.001) G_GAN_ViT: 0.370 D_real_ViT: 0.172 D_fake_ViT: 0.175 global: 0.237 spatial: 0.056 
(epoch: 96, iters: 960, time: 0.390, data: 0.001) G_GAN_ViT: 0.351 D_real_ViT: 0.121 D_fake_ViT: 0.194 global: 0.318 spatial: 0.062 
(epoch: 96, iters: 1060, time: 0.390, data: 0.002) G_GAN_ViT: 0.414 D_real_ViT: 0.141 D_fake_ViT: 0.145 global: 0.332 spatial: 0.080 
(epoch: 96, iters: 1160, time: 0.390, data: 0.001) G_GAN_ViT: 0.309 D_real_ViT: 0.184 D_fake_ViT: 0.230 global: 0.328 spatial: 0.070 
(epoch: 96, iters: 1260, time: 0.390, data: 0.002) G_GAN_ViT: 0.391 D_real_ViT: 0.373 D_fake_ViT: 0.171 global: 0.412 spatial: 0.082 
(epoch: 96, iters: 1360, time: 0.390, data: 0.001) G_GAN_ViT: 0.352 D_real_ViT: 0.149 D_fake_ViT: 0.187 global: 0.485 spatial: 0.070 
(epoch: 96, iters: 1460, time: 0.390, data: 0.002) G_GAN_ViT: 0.389 D_real_ViT: 0.438 D_fake_ViT: 0.165 global: 0.430 spatial: 0.076 
(epoch: 96, iters: 1560, time: 0.390, data: 0.002) G_GAN_ViT: 0.344 D_real_ViT: 0.265 D_fake_ViT: 0.193 global: 0.313 spatial: 0.061 
(epoch: 96, iters: 1660, time: 0.390, data: 0.002) G_GAN_ViT: 0.273 D_real_ViT: 0.305 D_fake_ViT: 0.266 global: 0.303 spatial: 0.057 
(epoch: 96, iters: 1760, time: 0.390, data: 0.001) G_GAN_ViT: 0.284 D_real_ViT: 0.299 D_fake_ViT: 0.247 global: 0.266 spatial: 0.057 
(epoch: 96, iters: 1860, time: 0.389, data: 0.001) G_GAN_ViT: 0.472 D_real_ViT: 0.175 D_fake_ViT: 0.126 global: 0.448 spatial: 0.080 
saving the latest model (epoch 96, total_iters 535000)
ICL_single_monitor
(epoch: 96, iters: 1960, time: 0.389, data: 0.001) G_GAN_ViT: 0.564 D_real_ViT: 0.253 D_fake_ViT: 0.111 global: 0.455 spatial: 0.115 
(epoch: 96, iters: 2060, time: 0.389, data: 0.002) G_GAN_ViT: 0.294 D_real_ViT: 0.196 D_fake_ViT: 0.236 global: 0.371 spatial: 0.094 
(epoch: 96, iters: 2160, time: 0.388, data: 0.001) G_GAN_ViT: 0.457 D_real_ViT: 0.197 D_fake_ViT: 0.131 global: 0.303 spatial: 0.062 
(epoch: 96, iters: 2260, time: 0.389, data: 0.002) G_GAN_ViT: 0.286 D_real_ViT: 0.209 D_fake_ViT: 0.244 global: 0.365 spatial: 0.092 
(epoch: 96, iters: 2360, time: 0.389, data: 0.002) G_GAN_ViT: 0.511 D_real_ViT: 0.257 D_fake_ViT: 0.105 global: 0.318 spatial: 0.065 
(epoch: 96, iters: 2460, time: 0.389, data: 0.002) G_GAN_ViT: 0.312 D_real_ViT: 0.589 D_fake_ViT: 0.234 global: 0.327 spatial: 0.077 
(epoch: 96, iters: 2560, time: 0.389, data: 0.002) G_GAN_ViT: 0.457 D_real_ViT: 0.127 D_fake_ViT: 0.138 global: 0.353 spatial: 0.077 
(epoch: 96, iters: 2660, time: 0.389, data: 0.002) G_GAN_ViT: 0.264 D_real_ViT: 0.338 D_fake_ViT: 0.263 global: 0.343 spatial: 0.084 
(epoch: 96, iters: 2760, time: 0.389, data: 0.001) G_GAN_ViT: 0.181 D_real_ViT: 0.243 D_fake_ViT: 0.361 global: 0.332 spatial: 0.077 
(epoch: 96, iters: 2860, time: 0.390, data: 0.001) G_GAN_ViT: 0.296 D_real_ViT: 0.289 D_fake_ViT: 0.237 global: 0.387 spatial: 0.079 
(epoch: 96, iters: 2960, time: 0.389, data: 0.001) G_GAN_ViT: 0.586 D_real_ViT: 0.324 D_fake_ViT: 0.082 global: 0.337 spatial: 0.064 
(epoch: 96, iters: 3060, time: 0.389, data: 0.002) G_GAN_ViT: 0.477 D_real_ViT: 0.466 D_fake_ViT: 0.126 global: 0.395 spatial: 0.098 
(epoch: 96, iters: 3160, time: 0.390, data: 0.002) G_GAN_ViT: 0.260 D_real_ViT: 0.249 D_fake_ViT: 0.274 global: 0.367 spatial: 0.098 
(epoch: 96, iters: 3260, time: 0.390, data: 0.002) G_GAN_ViT: 0.231 D_real_ViT: 0.169 D_fake_ViT: 0.312 global: 0.416 spatial: 0.098 
(epoch: 96, iters: 3360, time: 0.390, data: 0.002) G_GAN_ViT: 0.309 D_real_ViT: 0.131 D_fake_ViT: 0.228 global: 0.299 spatial: 0.060 
(epoch: 96, iters: 3460, time: 0.389, data: 0.002) G_GAN_ViT: 0.258 D_real_ViT: 0.715 D_fake_ViT: 0.282 global: 0.401 spatial: 0.106 
(epoch: 96, iters: 3560, time: 0.389, data: 0.002) G_GAN_ViT: 0.361 D_real_ViT: 0.325 D_fake_ViT: 0.197 global: 0.312 spatial: 0.084 
(epoch: 96, iters: 3660, time: 0.389, data: 0.001) G_GAN_ViT: 0.355 D_real_ViT: 0.174 D_fake_ViT: 0.193 global: 0.403 spatial: 0.099 
(epoch: 96, iters: 3760, time: 0.389, data: 0.002) G_GAN_ViT: 0.332 D_real_ViT: 0.277 D_fake_ViT: 0.207 global: 0.375 spatial: 0.100 
(epoch: 96, iters: 3860, time: 0.389, data: 0.002) G_GAN_ViT: 0.334 D_real_ViT: 0.124 D_fake_ViT: 0.203 global: 0.400 spatial: 0.071 
(epoch: 96, iters: 3960, time: 0.389, data: 0.002) G_GAN_ViT: 0.536 D_real_ViT: 0.241 D_fake_ViT: 0.090 global: 0.239 spatial: 0.047 
(epoch: 96, iters: 4060, time: 0.389, data: 0.002) G_GAN_ViT: 0.253 D_real_ViT: 0.072 D_fake_ViT: 0.281 global: 0.348 spatial: 0.093 
(epoch: 96, iters: 4160, time: 0.389, data: 0.001) G_GAN_ViT: 0.237 D_real_ViT: 0.230 D_fake_ViT: 0.297 global: 0.264 spatial: 0.051 
(epoch: 96, iters: 4260, time: 0.389, data: 0.002) G_GAN_ViT: 0.478 D_real_ViT: 0.217 D_fake_ViT: 0.121 global: 0.319 spatial: 0.061 
(epoch: 96, iters: 4360, time: 0.389, data: 0.002) G_GAN_ViT: 0.379 D_real_ViT: 0.210 D_fake_ViT: 0.179 global: 0.374 spatial: 0.095 
(epoch: 96, iters: 4460, time: 0.389, data: 0.001) G_GAN_ViT: 0.425 D_real_ViT: 0.168 D_fake_ViT: 0.153 global: 0.371 spatial: 0.104 
(epoch: 96, iters: 4560, time: 0.389, data: 0.002) G_GAN_ViT: 0.351 D_real_ViT: 0.266 D_fake_ViT: 0.195 global: 0.346 spatial: 0.094 
(epoch: 96, iters: 4660, time: 0.389, data: 0.002) G_GAN_ViT: 0.517 D_real_ViT: 0.056 D_fake_ViT: 0.097 global: 0.244 spatial: 0.050 
(epoch: 96, iters: 4760, time: 0.389, data: 0.001) G_GAN_ViT: 0.345 D_real_ViT: 0.273 D_fake_ViT: 0.197 global: 0.277 spatial: 0.062 
(epoch: 96, iters: 4860, time: 0.389, data: 0.001) G_GAN_ViT: 0.386 D_real_ViT: 0.075 D_fake_ViT: 0.178 global: 0.375 spatial: 0.090 
(epoch: 96, iters: 4960, time: 0.389, data: 0.002) G_GAN_ViT: 0.432 D_real_ViT: 0.367 D_fake_ViT: 0.149 global: 0.410 spatial: 0.077 
(epoch: 96, iters: 5060, time: 0.389, data: 0.002) G_GAN_ViT: 0.284 D_real_ViT: 0.367 D_fake_ViT: 0.267 global: 0.361 spatial: 0.102 
(epoch: 96, iters: 5160, time: 0.389, data: 0.002) G_GAN_ViT: 0.425 D_real_ViT: 0.321 D_fake_ViT: 0.148 global: 0.418 spatial: 0.094 
(epoch: 96, iters: 5260, time: 0.389, data: 0.001) G_GAN_ViT: 0.389 D_real_ViT: 0.250 D_fake_ViT: 0.181 global: 0.413 spatial: 0.117 
(epoch: 96, iters: 5360, time: 0.389, data: 0.001) G_GAN_ViT: 0.375 D_real_ViT: 0.137 D_fake_ViT: 0.196 global: 0.458 spatial: 0.079 
(epoch: 96, iters: 5460, time: 0.389, data: 0.002) G_GAN_ViT: 0.306 D_real_ViT: 0.063 D_fake_ViT: 0.227 global: 0.481 spatial: 0.066 
(epoch: 96, iters: 5560, time: 0.389, data: 0.002) G_GAN_ViT: 0.408 D_real_ViT: 0.298 D_fake_ViT: 0.165 global: 0.467 spatial: 0.083 
End of epoch 96 / 100 	 Time Taken: 2194 sec
learning rate = 0.0000008
(epoch: 97, iters: 48, time: 0.389, data: 0.002) G_GAN_ViT: 0.309 D_real_ViT: 0.138 D_fake_ViT: 0.249 global: 0.407 spatial: 0.085 
(epoch: 97, iters: 148, time: 0.389, data: 0.002) G_GAN_ViT: 0.339 D_real_ViT: 0.226 D_fake_ViT: 0.203 global: 0.383 spatial: 0.092 
(epoch: 97, iters: 248, time: 0.389, data: 0.001) G_GAN_ViT: 0.219 D_real_ViT: 0.212 D_fake_ViT: 0.311 global: 0.296 spatial: 0.079 
(epoch: 97, iters: 348, time: 0.389, data: 0.002) G_GAN_ViT: 0.367 D_real_ViT: 0.080 D_fake_ViT: 0.176 global: 0.216 spatial: 0.041 
(epoch: 97, iters: 448, time: 0.389, data: 0.002) G_GAN_ViT: 0.326 D_real_ViT: 0.254 D_fake_ViT: 0.210 global: 0.438 spatial: 0.072 
(epoch: 97, iters: 548, time: 0.389, data: 0.002) G_GAN_ViT: 0.492 D_real_ViT: 0.127 D_fake_ViT: 0.124 global: 0.451 spatial: 0.080 
(epoch: 97, iters: 648, time: 0.389, data: 0.001) G_GAN_ViT: 0.248 D_real_ViT: 0.332 D_fake_ViT: 0.295 global: 0.399 spatial: 0.095 
(epoch: 97, iters: 748, time: 0.389, data: 0.001) G_GAN_ViT: 0.235 D_real_ViT: 0.182 D_fake_ViT: 0.294 global: 0.402 spatial: 0.081 
(epoch: 97, iters: 848, time: 0.390, data: 0.001) G_GAN_ViT: 0.390 D_real_ViT: 0.174 D_fake_ViT: 0.189 global: 0.361 spatial: 0.091 
(epoch: 97, iters: 948, time: 0.390, data: 0.002) G_GAN_ViT: 0.470 D_real_ViT: 0.360 D_fake_ViT: 0.122 global: 0.345 spatial: 0.069 
(epoch: 97, iters: 1048, time: 0.390, data: 0.002) G_GAN_ViT: 0.398 D_real_ViT: 0.108 D_fake_ViT: 0.177 global: 0.339 spatial: 0.087 
(epoch: 97, iters: 1148, time: 0.389, data: 0.001) G_GAN_ViT: 0.345 D_real_ViT: 0.276 D_fake_ViT: 0.194 global: 0.294 spatial: 0.064 
(epoch: 97, iters: 1248, time: 0.389, data: 0.001) G_GAN_ViT: 0.279 D_real_ViT: 0.197 D_fake_ViT: 0.254 global: 0.224 spatial: 0.052 
saving the latest model (epoch 97, total_iters 540000)
ICL_single_monitor
(epoch: 97, iters: 1348, time: 0.389, data: 0.001) G_GAN_ViT: 0.301 D_real_ViT: 0.195 D_fake_ViT: 0.232 global: 0.482 spatial: 0.064 
(epoch: 97, iters: 1448, time: 0.389, data: 0.002) G_GAN_ViT: 0.466 D_real_ViT: 0.031 D_fake_ViT: 0.124 global: 0.451 spatial: 0.086 
(epoch: 97, iters: 1548, time: 0.389, data: 0.002) G_GAN_ViT: 0.502 D_real_ViT: 0.510 D_fake_ViT: 0.113 global: 0.329 spatial: 0.070 
(epoch: 97, iters: 1648, time: 0.389, data: 0.002) G_GAN_ViT: 0.440 D_real_ViT: 0.237 D_fake_ViT: 0.165 global: 0.412 spatial: 0.111 
(epoch: 97, iters: 1748, time: 0.389, data: 0.001) G_GAN_ViT: 0.356 D_real_ViT: 0.370 D_fake_ViT: 0.199 global: 0.361 spatial: 0.098 
(epoch: 97, iters: 1848, time: 0.389, data: 0.001) G_GAN_ViT: 0.484 D_real_ViT: 0.177 D_fake_ViT: 0.126 global: 0.371 spatial: 0.086 
(epoch: 97, iters: 1948, time: 0.389, data: 0.001) G_GAN_ViT: 0.272 D_real_ViT: 0.402 D_fake_ViT: 0.255 global: 0.358 spatial: 0.089 
(epoch: 97, iters: 2048, time: 0.389, data: 0.002) G_GAN_ViT: 0.288 D_real_ViT: 0.154 D_fake_ViT: 0.249 global: 0.351 spatial: 0.095 
(epoch: 97, iters: 2148, time: 0.389, data: 0.002) G_GAN_ViT: 0.529 D_real_ViT: 0.250 D_fake_ViT: 0.098 global: 0.260 spatial: 0.054 
(epoch: 97, iters: 2248, time: 0.389, data: 0.002) G_GAN_ViT: 0.379 D_real_ViT: 0.265 D_fake_ViT: 0.179 global: 0.419 spatial: 0.104 
(epoch: 97, iters: 2348, time: 0.389, data: 0.002) G_GAN_ViT: 0.291 D_real_ViT: 0.260 D_fake_ViT: 0.252 global: 0.453 spatial: 0.074 
(epoch: 97, iters: 2448, time: 0.389, data: 0.002) G_GAN_ViT: 0.276 D_real_ViT: 0.249 D_fake_ViT: 0.254 global: 0.244 spatial: 0.055 
(epoch: 97, iters: 2548, time: 0.390, data: 0.002) G_GAN_ViT: 0.217 D_real_ViT: 0.448 D_fake_ViT: 0.317 global: 0.265 spatial: 0.081 
(epoch: 97, iters: 2648, time: 0.389, data: 0.002) G_GAN_ViT: 0.362 D_real_ViT: 0.085 D_fake_ViT: 0.205 global: 0.377 spatial: 0.110 
(epoch: 97, iters: 2748, time: 0.389, data: 0.002) G_GAN_ViT: 0.311 D_real_ViT: 0.131 D_fake_ViT: 0.233 global: 0.431 spatial: 0.084 
(epoch: 97, iters: 2848, time: 0.389, data: 0.002) G_GAN_ViT: 0.261 D_real_ViT: 0.128 D_fake_ViT: 0.276 global: 0.446 spatial: 0.083 
(epoch: 97, iters: 2948, time: 0.389, data: 0.002) G_GAN_ViT: 0.374 D_real_ViT: 0.202 D_fake_ViT: 0.181 global: 0.367 spatial: 0.095 
(epoch: 97, iters: 3048, time: 0.389, data: 0.002) G_GAN_ViT: 0.223 D_real_ViT: 0.279 D_fake_ViT: 0.306 global: 0.386 spatial: 0.085 
(epoch: 97, iters: 3148, time: 0.389, data: 0.002) G_GAN_ViT: 0.356 D_real_ViT: 0.245 D_fake_ViT: 0.194 global: 0.365 spatial: 0.086 
(epoch: 97, iters: 3248, time: 0.389, data: 0.002) G_GAN_ViT: 0.370 D_real_ViT: 0.247 D_fake_ViT: 0.184 global: 0.380 spatial: 0.093 
(epoch: 97, iters: 3348, time: 0.389, data: 0.002) G_GAN_ViT: 0.328 D_real_ViT: 0.131 D_fake_ViT: 0.229 global: 0.455 spatial: 0.111 
(epoch: 97, iters: 3448, time: 0.389, data: 0.002) G_GAN_ViT: 0.478 D_real_ViT: 0.136 D_fake_ViT: 0.131 global: 0.365 spatial: 0.088 
(epoch: 97, iters: 3548, time: 0.389, data: 0.002) G_GAN_ViT: 0.380 D_real_ViT: 0.130 D_fake_ViT: 0.178 global: 0.361 spatial: 0.075 
(epoch: 97, iters: 3648, time: 0.389, data: 0.002) G_GAN_ViT: 0.347 D_real_ViT: 0.143 D_fake_ViT: 0.192 global: 0.360 spatial: 0.059 
(epoch: 97, iters: 3748, time: 0.389, data: 0.002) G_GAN_ViT: 0.369 D_real_ViT: 0.272 D_fake_ViT: 0.191 global: 0.409 spatial: 0.087 
(epoch: 97, iters: 3848, time: 0.389, data: 0.002) G_GAN_ViT: 0.443 D_real_ViT: 0.324 D_fake_ViT: 0.144 global: 0.370 spatial: 0.102 
(epoch: 97, iters: 3948, time: 0.389, data: 0.002) G_GAN_ViT: 0.404 D_real_ViT: 0.380 D_fake_ViT: 0.166 global: 0.437 spatial: 0.099 
(epoch: 97, iters: 4048, time: 0.389, data: 0.002) G_GAN_ViT: 0.601 D_real_ViT: 0.192 D_fake_ViT: 0.090 global: 0.377 spatial: 0.100 
(epoch: 97, iters: 4148, time: 0.389, data: 0.002) G_GAN_ViT: 0.288 D_real_ViT: 0.394 D_fake_ViT: 0.244 global: 0.405 spatial: 0.081 
(epoch: 97, iters: 4248, time: 0.389, data: 0.002) G_GAN_ViT: 0.503 D_real_ViT: 0.154 D_fake_ViT: 0.132 global: 0.443 spatial: 0.115 
(epoch: 97, iters: 4348, time: 0.389, data: 0.002) G_GAN_ViT: 0.319 D_real_ViT: 0.124 D_fake_ViT: 0.227 global: 0.447 spatial: 0.089 
(epoch: 97, iters: 4448, time: 0.388, data: 0.002) G_GAN_ViT: 0.335 D_real_ViT: 0.139 D_fake_ViT: 0.204 global: 0.289 spatial: 0.067 
(epoch: 97, iters: 4548, time: 0.389, data: 0.002) G_GAN_ViT: 0.503 D_real_ViT: 0.168 D_fake_ViT: 0.114 global: 0.482 spatial: 0.089 
(epoch: 97, iters: 4648, time: 0.389, data: 0.002) G_GAN_ViT: 0.329 D_real_ViT: 0.188 D_fake_ViT: 0.208 global: 0.504 spatial: 0.075 
(epoch: 97, iters: 4748, time: 0.389, data: 0.001) G_GAN_ViT: 0.300 D_real_ViT: 0.162 D_fake_ViT: 0.236 global: 0.307 spatial: 0.073 
(epoch: 97, iters: 4848, time: 0.390, data: 0.001) G_GAN_ViT: 0.434 D_real_ViT: 0.242 D_fake_ViT: 0.148 global: 0.393 spatial: 0.092 
(epoch: 97, iters: 4948, time: 0.390, data: 0.001) G_GAN_ViT: 0.344 D_real_ViT: 0.092 D_fake_ViT: 0.201 global: 0.324 spatial: 0.068 
(epoch: 97, iters: 5048, time: 0.390, data: 0.001) G_GAN_ViT: 0.255 D_real_ViT: 0.167 D_fake_ViT: 0.293 global: 0.377 spatial: 0.105 
(epoch: 97, iters: 5148, time: 0.389, data: 0.002) G_GAN_ViT: 0.211 D_real_ViT: 0.070 D_fake_ViT: 0.339 global: 0.389 spatial: 0.092 
(epoch: 97, iters: 5248, time: 0.389, data: 0.001) G_GAN_ViT: 0.477 D_real_ViT: 0.341 D_fake_ViT: 0.123 global: 0.395 spatial: 0.079 
(epoch: 97, iters: 5348, time: 0.389, data: 0.001) G_GAN_ViT: 0.431 D_real_ViT: 0.374 D_fake_ViT: 0.148 global: 0.351 spatial: 0.082 
(epoch: 97, iters: 5448, time: 0.389, data: 0.001) G_GAN_ViT: 0.549 D_real_ViT: 0.096 D_fake_ViT: 0.088 global: 0.261 spatial: 0.049 
(epoch: 97, iters: 5548, time: 0.389, data: 0.002) G_GAN_ViT: 0.475 D_real_ViT: 0.146 D_fake_ViT: 0.125 global: 0.434 spatial: 0.086 
End of epoch 97 / 100 	 Time Taken: 2194 sec
learning rate = 0.0000006
(epoch: 98, iters: 36, time: 0.389, data: 0.002) G_GAN_ViT: 0.310 D_real_ViT: 0.306 D_fake_ViT: 0.230 global: 0.377 spatial: 0.101 
(epoch: 98, iters: 136, time: 0.389, data: 0.002) G_GAN_ViT: 0.273 D_real_ViT: 0.110 D_fake_ViT: 0.269 global: 0.415 spatial: 0.104 
(epoch: 98, iters: 236, time: 0.389, data: 0.001) G_GAN_ViT: 0.414 D_real_ViT: 0.151 D_fake_ViT: 0.157 global: 0.391 spatial: 0.070 
(epoch: 98, iters: 336, time: 0.389, data: 0.002) G_GAN_ViT: 0.272 D_real_ViT: 0.313 D_fake_ViT: 0.258 global: 0.420 spatial: 0.085 
(epoch: 98, iters: 436, time: 0.389, data: 0.002) G_GAN_ViT: 0.396 D_real_ViT: 0.388 D_fake_ViT: 0.170 global: 0.311 spatial: 0.063 
(epoch: 98, iters: 536, time: 0.389, data: 0.001) G_GAN_ViT: 0.414 D_real_ViT: 0.407 D_fake_ViT: 0.164 global: 0.414 spatial: 0.077 
(epoch: 98, iters: 636, time: 0.389, data: 0.002) G_GAN_ViT: 0.355 D_real_ViT: 0.163 D_fake_ViT: 0.191 global: 0.508 spatial: 0.077 
saving the latest model (epoch 98, total_iters 545000)
ICL_single_monitor
(epoch: 98, iters: 736, time: 0.389, data: 0.001) G_GAN_ViT: 0.321 D_real_ViT: 0.193 D_fake_ViT: 0.211 global: 0.486 spatial: 0.065 
(epoch: 98, iters: 836, time: 0.389, data: 0.001) G_GAN_ViT: 0.264 D_real_ViT: 0.189 D_fake_ViT: 0.271 global: 0.394 spatial: 0.080 
(epoch: 98, iters: 936, time: 0.389, data: 0.002) G_GAN_ViT: 0.325 D_real_ViT: 0.196 D_fake_ViT: 0.211 global: 0.282 spatial: 0.062 
(epoch: 98, iters: 1036, time: 0.389, data: 0.002) G_GAN_ViT: 0.271 D_real_ViT: 0.034 D_fake_ViT: 0.259 global: 0.333 spatial: 0.084 
(epoch: 98, iters: 1136, time: 0.389, data: 0.002) G_GAN_ViT: 0.259 D_real_ViT: 0.254 D_fake_ViT: 0.277 global: 0.443 spatial: 0.084 
(epoch: 98, iters: 1236, time: 0.389, data: 0.002) G_GAN_ViT: 0.343 D_real_ViT: 0.081 D_fake_ViT: 0.207 global: 0.344 spatial: 0.095 
(epoch: 98, iters: 1336, time: 0.389, data: 0.002) G_GAN_ViT: 0.365 D_real_ViT: 0.277 D_fake_ViT: 0.179 global: 0.231 spatial: 0.048 
(epoch: 98, iters: 1436, time: 0.389, data: 0.001) G_GAN_ViT: 0.501 D_real_ViT: 0.199 D_fake_ViT: 0.128 global: 0.437 spatial: 0.118 
(epoch: 98, iters: 1536, time: 0.389, data: 0.002) G_GAN_ViT: 0.553 D_real_ViT: 0.149 D_fake_ViT: 0.086 global: 0.265 spatial: 0.057 
(epoch: 98, iters: 1636, time: 0.389, data: 0.002) G_GAN_ViT: 0.329 D_real_ViT: 0.101 D_fake_ViT: 0.209 global: 0.507 spatial: 0.076 
(epoch: 98, iters: 1736, time: 0.389, data: 0.002) G_GAN_ViT: 0.378 D_real_ViT: 0.186 D_fake_ViT: 0.217 global: 0.432 spatial: 0.113 
(epoch: 98, iters: 1836, time: 0.389, data: 0.002) G_GAN_ViT: 0.411 D_real_ViT: 0.092 D_fake_ViT: 0.148 global: 0.197 spatial: 0.038 
(epoch: 98, iters: 1936, time: 0.389, data: 0.001) G_GAN_ViT: 0.440 D_real_ViT: 0.260 D_fake_ViT: 0.148 global: 0.387 spatial: 0.110 
(epoch: 98, iters: 2036, time: 0.389, data: 0.002) G_GAN_ViT: 0.458 D_real_ViT: 0.130 D_fake_ViT: 0.147 global: 0.455 spatial: 0.101 
(epoch: 98, iters: 2136, time: 0.389, data: 0.002) G_GAN_ViT: 0.243 D_real_ViT: 0.073 D_fake_ViT: 0.304 global: 0.428 spatial: 0.105 
(epoch: 98, iters: 2236, time: 0.389, data: 0.002) G_GAN_ViT: 0.424 D_real_ViT: 0.193 D_fake_ViT: 0.140 global: 0.332 spatial: 0.081 
(epoch: 98, iters: 2336, time: 0.388, data: 0.002) G_GAN_ViT: 0.390 D_real_ViT: 0.197 D_fake_ViT: 0.165 global: 0.422 spatial: 0.083 
(epoch: 98, iters: 2436, time: 0.388, data: 0.002) G_GAN_ViT: 0.507 D_real_ViT: 0.305 D_fake_ViT: 0.115 global: 0.483 spatial: 0.098 
(epoch: 98, iters: 2536, time: 0.389, data: 0.002) G_GAN_ViT: 0.384 D_real_ViT: 0.074 D_fake_ViT: 0.172 global: 0.364 spatial: 0.086 
(epoch: 98, iters: 2636, time: 0.389, data: 0.002) G_GAN_ViT: 0.454 D_real_ViT: 0.084 D_fake_ViT: 0.142 global: 0.405 spatial: 0.118 
(epoch: 98, iters: 2736, time: 0.389, data: 0.002) G_GAN_ViT: 0.218 D_real_ViT: 0.111 D_fake_ViT: 0.337 global: 0.369 spatial: 0.092 
(epoch: 98, iters: 2836, time: 0.389, data: 0.002) G_GAN_ViT: 0.551 D_real_ViT: 0.268 D_fake_ViT: 0.088 global: 0.281 spatial: 0.050 
(epoch: 98, iters: 2936, time: 0.389, data: 0.002) G_GAN_ViT: 0.244 D_real_ViT: 0.108 D_fake_ViT: 0.310 global: 0.415 spatial: 0.086 
(epoch: 98, iters: 3036, time: 0.389, data: 0.002) G_GAN_ViT: 0.254 D_real_ViT: 0.270 D_fake_ViT: 0.276 global: 0.359 spatial: 0.089 
(epoch: 98, iters: 3136, time: 0.389, data: 0.002) G_GAN_ViT: 0.365 D_real_ViT: 0.235 D_fake_ViT: 0.201 global: 0.464 spatial: 0.088 
(epoch: 98, iters: 3236, time: 0.389, data: 0.002) G_GAN_ViT: 0.289 D_real_ViT: 0.250 D_fake_ViT: 0.256 global: 0.416 spatial: 0.087 
(epoch: 98, iters: 3336, time: 0.389, data: 0.002) G_GAN_ViT: 0.320 D_real_ViT: 0.404 D_fake_ViT: 0.214 global: 0.400 spatial: 0.077 
(epoch: 98, iters: 3436, time: 0.389, data: 0.002) G_GAN_ViT: 0.288 D_real_ViT: 0.261 D_fake_ViT: 0.237 global: 0.481 spatial: 0.071 
(epoch: 98, iters: 3536, time: 0.389, data: 0.001) G_GAN_ViT: 0.385 D_real_ViT: 0.085 D_fake_ViT: 0.176 global: 0.338 spatial: 0.068 
(epoch: 98, iters: 3636, time: 0.389, data: 0.002) G_GAN_ViT: 0.453 D_real_ViT: 0.184 D_fake_ViT: 0.137 global: 0.315 spatial: 0.066 
(epoch: 98, iters: 3736, time: 0.389, data: 0.001) G_GAN_ViT: 0.384 D_real_ViT: 0.318 D_fake_ViT: 0.164 global: 0.304 spatial: 0.074 
(epoch: 98, iters: 3836, time: 0.389, data: 0.002) G_GAN_ViT: 0.341 D_real_ViT: 0.057 D_fake_ViT: 0.219 global: 0.449 spatial: 0.110 
(epoch: 98, iters: 3936, time: 0.389, data: 0.001) G_GAN_ViT: 0.358 D_real_ViT: 0.376 D_fake_ViT: 0.192 global: 0.434 spatial: 0.082 
(epoch: 98, iters: 4036, time: 0.389, data: 0.001) G_GAN_ViT: 0.323 D_real_ViT: 0.237 D_fake_ViT: 0.223 global: 0.421 spatial: 0.074 
(epoch: 98, iters: 4136, time: 0.389, data: 0.002) G_GAN_ViT: 0.528 D_real_ViT: 0.160 D_fake_ViT: 0.106 global: 0.366 spatial: 0.084 
(epoch: 98, iters: 4236, time: 0.389, data: 0.002) G_GAN_ViT: 0.413 D_real_ViT: 0.082 D_fake_ViT: 0.157 global: 0.369 spatial: 0.088 
(epoch: 98, iters: 4336, time: 0.389, data: 0.002) G_GAN_ViT: 0.291 D_real_ViT: 0.199 D_fake_ViT: 0.236 global: 0.488 spatial: 0.064 
(epoch: 98, iters: 4436, time: 0.389, data: 0.002) G_GAN_ViT: 0.391 D_real_ViT: 0.126 D_fake_ViT: 0.164 global: 0.289 spatial: 0.067 
(epoch: 98, iters: 4536, time: 0.389, data: 0.002) G_GAN_ViT: 0.249 D_real_ViT: 0.367 D_fake_ViT: 0.297 global: 0.448 spatial: 0.091 
(epoch: 98, iters: 4636, time: 0.389, data: 0.002) G_GAN_ViT: 0.361 D_real_ViT: 0.166 D_fake_ViT: 0.184 global: 0.355 spatial: 0.085 
(epoch: 98, iters: 4736, time: 0.389, data: 0.002) G_GAN_ViT: 0.401 D_real_ViT: 0.151 D_fake_ViT: 0.171 global: 0.393 spatial: 0.094 
(epoch: 98, iters: 4836, time: 0.389, data: 0.002) G_GAN_ViT: 0.290 D_real_ViT: 0.335 D_fake_ViT: 0.255 global: 0.380 spatial: 0.081 
(epoch: 98, iters: 4936, time: 0.389, data: 0.002) G_GAN_ViT: 0.425 D_real_ViT: 0.057 D_fake_ViT: 0.152 global: 0.462 spatial: 0.083 
(epoch: 98, iters: 5036, time: 0.389, data: 0.001) G_GAN_ViT: 0.518 D_real_ViT: 0.333 D_fake_ViT: 0.110 global: 0.305 spatial: 0.064 
(epoch: 98, iters: 5136, time: 0.389, data: 0.002) G_GAN_ViT: 0.359 D_real_ViT: 0.126 D_fake_ViT: 0.196 global: 0.310 spatial: 0.093 
(epoch: 98, iters: 5236, time: 0.389, data: 0.001) G_GAN_ViT: 0.467 D_real_ViT: 0.150 D_fake_ViT: 0.135 global: 0.385 spatial: 0.105 
(epoch: 98, iters: 5336, time: 0.387, data: 0.001) G_GAN_ViT: 0.435 D_real_ViT: 0.066 D_fake_ViT: 0.147 global: 0.325 spatial: 0.059 
(epoch: 98, iters: 5436, time: 0.388, data: 0.002) G_GAN_ViT: 0.341 D_real_ViT: 0.246 D_fake_ViT: 0.203 global: 0.333 spatial: 0.092 
(epoch: 98, iters: 5536, time: 0.388, data: 0.001) G_GAN_ViT: 0.276 D_real_ViT: 0.316 D_fake_ViT: 0.263 global: 0.434 spatial: 0.088 
End of epoch 98 / 100 	 Time Taken: 2193 sec
learning rate = 0.0000004
(epoch: 99, iters: 24, time: 0.389, data: 0.001) G_GAN_ViT: 0.230 D_real_ViT: 0.125 D_fake_ViT: 0.299 global: 0.327 spatial: 0.086 
saving the latest model (epoch 99, total_iters 550000)
ICL_single_monitor
(epoch: 99, iters: 124, time: 0.389, data: 0.001) G_GAN_ViT: 0.295 D_real_ViT: 0.287 D_fake_ViT: 0.238 global: 0.381 spatial: 0.073 
(epoch: 99, iters: 224, time: 0.389, data: 0.002) G_GAN_ViT: 0.313 D_real_ViT: 0.211 D_fake_ViT: 0.230 global: 0.423 spatial: 0.073 
(epoch: 99, iters: 324, time: 0.388, data: 0.002) G_GAN_ViT: 0.355 D_real_ViT: 0.170 D_fake_ViT: 0.199 global: 0.396 spatial: 0.077 
(epoch: 99, iters: 424, time: 0.389, data: 0.002) G_GAN_ViT: 0.349 D_real_ViT: 0.211 D_fake_ViT: 0.194 global: 0.321 spatial: 0.061 
(epoch: 99, iters: 524, time: 0.389, data: 0.002) G_GAN_ViT: 0.511 D_real_ViT: 0.214 D_fake_ViT: 0.112 global: 0.391 spatial: 0.099 
(epoch: 99, iters: 624, time: 0.389, data: 0.002) G_GAN_ViT: 0.270 D_real_ViT: 0.069 D_fake_ViT: 0.277 global: 0.373 spatial: 0.080 
(epoch: 99, iters: 724, time: 0.389, data: 0.001) G_GAN_ViT: 0.545 D_real_ViT: 0.366 D_fake_ViT: 0.094 global: 0.281 spatial: 0.053 
(epoch: 99, iters: 824, time: 0.389, data: 0.002) G_GAN_ViT: 0.357 D_real_ViT: 0.321 D_fake_ViT: 0.192 global: 0.401 spatial: 0.076 
(epoch: 99, iters: 924, time: 0.389, data: 0.002) G_GAN_ViT: 0.197 D_real_ViT: 0.103 D_fake_ViT: 0.341 global: 0.329 spatial: 0.080 
(epoch: 99, iters: 1024, time: 0.389, data: 0.002) G_GAN_ViT: 0.258 D_real_ViT: 0.280 D_fake_ViT: 0.269 global: 0.341 spatial: 0.082 
(epoch: 99, iters: 1124, time: 0.389, data: 0.001) G_GAN_ViT: 0.305 D_real_ViT: 0.034 D_fake_ViT: 0.232 global: 0.374 spatial: 0.096 
(epoch: 99, iters: 1224, time: 0.389, data: 0.002) G_GAN_ViT: 0.408 D_real_ViT: 0.264 D_fake_ViT: 0.171 global: 0.403 spatial: 0.091 
(epoch: 99, iters: 1324, time: 0.389, data: 0.001) G_GAN_ViT: 0.414 D_real_ViT: 0.217 D_fake_ViT: 0.161 global: 0.429 spatial: 0.106 
(epoch: 99, iters: 1424, time: 0.389, data: 0.001) G_GAN_ViT: 0.420 D_real_ViT: 0.144 D_fake_ViT: 0.142 global: 0.331 spatial: 0.081 
(epoch: 99, iters: 1524, time: 0.389, data: 0.002) G_GAN_ViT: 0.390 D_real_ViT: 0.146 D_fake_ViT: 0.163 global: 0.232 spatial: 0.046 
(epoch: 99, iters: 1624, time: 0.389, data: 0.002) G_GAN_ViT: 0.414 D_real_ViT: 0.111 D_fake_ViT: 0.159 global: 0.405 spatial: 0.098 
(epoch: 99, iters: 1724, time: 0.388, data: 0.002) G_GAN_ViT: 0.298 D_real_ViT: 0.227 D_fake_ViT: 0.230 global: 0.483 spatial: 0.070 
(epoch: 99, iters: 1824, time: 0.389, data: 0.002) G_GAN_ViT: 0.280 D_real_ViT: 0.209 D_fake_ViT: 0.251 global: 0.359 spatial: 0.090 
(epoch: 99, iters: 1924, time: 0.389, data: 0.002) G_GAN_ViT: 0.283 D_real_ViT: 0.188 D_fake_ViT: 0.284 global: 0.352 spatial: 0.077 
(epoch: 99, iters: 2024, time: 0.389, data: 0.002) G_GAN_ViT: 0.289 D_real_ViT: 0.160 D_fake_ViT: 0.251 global: 0.439 spatial: 0.081 
(epoch: 99, iters: 2124, time: 0.389, data: 0.002) G_GAN_ViT: 0.367 D_real_ViT: 0.230 D_fake_ViT: 0.186 global: 0.343 spatial: 0.092 
(epoch: 99, iters: 2224, time: 0.389, data: 0.002) G_GAN_ViT: 0.254 D_real_ViT: 0.241 D_fake_ViT: 0.284 global: 0.458 spatial: 0.090 
(epoch: 99, iters: 2324, time: 0.389, data: 0.002) G_GAN_ViT: 0.381 D_real_ViT: 0.131 D_fake_ViT: 0.173 global: 0.425 spatial: 0.083 
(epoch: 99, iters: 2424, time: 0.389, data: 0.002) G_GAN_ViT: 0.304 D_real_ViT: 0.328 D_fake_ViT: 0.222 global: 0.421 spatial: 0.072 
(epoch: 99, iters: 2524, time: 0.389, data: 0.001) G_GAN_ViT: 0.304 D_real_ViT: 0.177 D_fake_ViT: 0.228 global: 0.311 spatial: 0.057 
(epoch: 99, iters: 2624, time: 0.389, data: 0.002) G_GAN_ViT: 0.296 D_real_ViT: 0.323 D_fake_ViT: 0.244 global: 0.409 spatial: 0.086 
(epoch: 99, iters: 2724, time: 0.389, data: 0.002) G_GAN_ViT: 0.440 D_real_ViT: 0.155 D_fake_ViT: 0.165 global: 0.354 spatial: 0.085 
(epoch: 99, iters: 2824, time: 0.389, data: 0.001) G_GAN_ViT: 0.308 D_real_ViT: 0.099 D_fake_ViT: 0.231 global: 0.346 spatial: 0.083 
(epoch: 99, iters: 2924, time: 0.389, data: 0.001) G_GAN_ViT: 0.427 D_real_ViT: 0.328 D_fake_ViT: 0.156 global: 0.339 spatial: 0.067 
(epoch: 99, iters: 3024, time: 0.389, data: 0.002) G_GAN_ViT: 0.278 D_real_ViT: 0.181 D_fake_ViT: 0.267 global: 0.362 spatial: 0.101 
(epoch: 99, iters: 3124, time: 0.389, data: 0.002) G_GAN_ViT: 0.328 D_real_ViT: 0.136 D_fake_ViT: 0.214 global: 0.410 spatial: 0.101 
(epoch: 99, iters: 3224, time: 0.389, data: 0.002) G_GAN_ViT: 0.310 D_real_ViT: 0.142 D_fake_ViT: 0.233 global: 0.473 spatial: 0.093 
(epoch: 99, iters: 3324, time: 0.389, data: 0.002) G_GAN_ViT: 0.376 D_real_ViT: 0.255 D_fake_ViT: 0.193 global: 0.430 spatial: 0.118 
(epoch: 99, iters: 3424, time: 0.389, data: 0.002) G_GAN_ViT: 0.445 D_real_ViT: 0.359 D_fake_ViT: 0.149 global: 0.371 spatial: 0.079 
(epoch: 99, iters: 3524, time: 0.389, data: 0.002) G_GAN_ViT: 0.343 D_real_ViT: 0.670 D_fake_ViT: 0.199 global: 0.339 spatial: 0.059 
(epoch: 99, iters: 3624, time: 0.389, data: 0.002) G_GAN_ViT: 0.437 D_real_ViT: 0.156 D_fake_ViT: 0.135 global: 0.213 spatial: 0.046 
(epoch: 99, iters: 3724, time: 0.389, data: 0.002) G_GAN_ViT: 0.294 D_real_ViT: 0.282 D_fake_ViT: 0.250 global: 0.411 spatial: 0.068 
(epoch: 99, iters: 3824, time: 0.389, data: 0.002) G_GAN_ViT: 0.487 D_real_ViT: 0.204 D_fake_ViT: 0.124 global: 0.376 spatial: 0.096 
(epoch: 99, iters: 3924, time: 0.389, data: 0.002) G_GAN_ViT: 0.273 D_real_ViT: 0.124 D_fake_ViT: 0.252 global: 0.348 spatial: 0.062 
(epoch: 99, iters: 4024, time: 0.389, data: 0.002) G_GAN_ViT: 0.228 D_real_ViT: 0.190 D_fake_ViT: 0.321 global: 0.364 spatial: 0.096 
(epoch: 99, iters: 4124, time: 0.389, data: 0.004) G_GAN_ViT: 0.235 D_real_ViT: 0.123 D_fake_ViT: 0.308 global: 0.400 spatial: 0.082 
(epoch: 99, iters: 4224, time: 0.389, data: 0.001) G_GAN_ViT: 0.270 D_real_ViT: 0.044 D_fake_ViT: 0.262 global: 0.351 spatial: 0.087 
(epoch: 99, iters: 4324, time: 0.389, data: 0.002) G_GAN_ViT: 0.402 D_real_ViT: 0.103 D_fake_ViT: 0.170 global: 0.375 spatial: 0.081 
(epoch: 99, iters: 4424, time: 0.389, data: 0.002) G_GAN_ViT: 0.375 D_real_ViT: 0.128 D_fake_ViT: 0.180 global: 0.425 spatial: 0.068 
(epoch: 99, iters: 4524, time: 0.389, data: 0.002) G_GAN_ViT: 0.285 D_real_ViT: 0.241 D_fake_ViT: 0.256 global: 0.475 spatial: 0.096 
(epoch: 99, iters: 4624, time: 0.389, data: 0.001) G_GAN_ViT: 0.320 D_real_ViT: 0.162 D_fake_ViT: 0.223 global: 0.446 spatial: 0.109 
(epoch: 99, iters: 4724, time: 0.389, data: 0.002) G_GAN_ViT: 0.363 D_real_ViT: 0.155 D_fake_ViT: 0.187 global: 0.409 spatial: 0.098 
(epoch: 99, iters: 4824, time: 0.389, data: 0.002) G_GAN_ViT: 0.339 D_real_ViT: 0.118 D_fake_ViT: 0.207 global: 0.345 spatial: 0.091 
(epoch: 99, iters: 4924, time: 0.389, data: 0.001) G_GAN_ViT: 0.391 D_real_ViT: 0.135 D_fake_ViT: 0.159 global: 0.235 spatial: 0.043 
(epoch: 99, iters: 5024, time: 0.389, data: 0.002) G_GAN_ViT: 0.322 D_real_ViT: 0.324 D_fake_ViT: 0.220 global: 0.337 spatial: 0.090 
saving the latest model (epoch 99, total_iters 555000)
ICL_single_monitor
(epoch: 99, iters: 5124, time: 0.389, data: 0.001) G_GAN_ViT: 0.389 D_real_ViT: 0.157 D_fake_ViT: 0.172 global: 0.451 spatial: 0.079 
(epoch: 99, iters: 5224, time: 0.389, data: 0.001) G_GAN_ViT: 0.514 D_real_ViT: 0.248 D_fake_ViT: 0.126 global: 0.478 spatial: 0.118 
(epoch: 99, iters: 5324, time: 0.389, data: 0.002) G_GAN_ViT: 0.252 D_real_ViT: 0.116 D_fake_ViT: 0.277 global: 0.363 spatial: 0.088 
(epoch: 99, iters: 5424, time: 0.388, data: 0.002) G_GAN_ViT: 0.503 D_real_ViT: 0.354 D_fake_ViT: 0.106 global: 0.367 spatial: 0.074 
(epoch: 99, iters: 5524, time: 0.352, data: 0.002) G_GAN_ViT: 0.340 D_real_ViT: 0.302 D_fake_ViT: 0.209 global: 0.417 spatial: 0.084 
End of epoch 99 / 100 	 Time Taken: 2176 sec
learning rate = 0.0000002
(epoch: 100, iters: 12, time: 0.329, data: 0.002) G_GAN_ViT: 0.481 D_real_ViT: 0.126 D_fake_ViT: 0.128 global: 0.465 spatial: 0.093 
(epoch: 100, iters: 112, time: 0.314, data: 0.002) G_GAN_ViT: 0.520 D_real_ViT: 0.357 D_fake_ViT: 0.102 global: 0.268 spatial: 0.050 
(epoch: 100, iters: 212, time: 0.306, data: 0.002) G_GAN_ViT: 0.290 D_real_ViT: 0.080 D_fake_ViT: 0.239 global: 0.380 spatial: 0.089 
(epoch: 100, iters: 312, time: 0.300, data: 0.002) G_GAN_ViT: 0.341 D_real_ViT: 0.162 D_fake_ViT: 0.200 global: 0.375 spatial: 0.079 
(epoch: 100, iters: 412, time: 0.297, data: 0.002) G_GAN_ViT: 0.218 D_real_ViT: 0.130 D_fake_ViT: 0.327 global: 0.389 spatial: 0.095 
(epoch: 100, iters: 512, time: 0.295, data: 0.002) G_GAN_ViT: 0.412 D_real_ViT: 0.047 D_fake_ViT: 0.161 global: 0.459 spatial: 0.087 
(epoch: 100, iters: 612, time: 0.293, data: 0.002) G_GAN_ViT: 0.284 D_real_ViT: 0.260 D_fake_ViT: 0.248 global: 0.399 spatial: 0.085 
(epoch: 100, iters: 712, time: 0.293, data: 0.002) G_GAN_ViT: 0.336 D_real_ViT: 0.188 D_fake_ViT: 0.196 global: 0.404 spatial: 0.069 
(epoch: 100, iters: 812, time: 0.292, data: 0.002) G_GAN_ViT: 0.365 D_real_ViT: 0.259 D_fake_ViT: 0.187 global: 0.295 spatial: 0.090 
(epoch: 100, iters: 912, time: 0.291, data: 0.002) G_GAN_ViT: 0.515 D_real_ViT: 0.233 D_fake_ViT: 0.111 global: 0.408 spatial: 0.079 
(epoch: 100, iters: 1012, time: 0.292, data: 0.002) G_GAN_ViT: 0.305 D_real_ViT: 0.397 D_fake_ViT: 0.224 global: 0.449 spatial: 0.069 
(epoch: 100, iters: 1112, time: 0.292, data: 0.003) G_GAN_ViT: 0.436 D_real_ViT: 0.299 D_fake_ViT: 0.153 global: 0.445 spatial: 0.105 
(epoch: 100, iters: 1212, time: 0.292, data: 0.002) G_GAN_ViT: 0.252 D_real_ViT: 0.095 D_fake_ViT: 0.302 global: 0.406 spatial: 0.089 
(epoch: 100, iters: 1312, time: 0.291, data: 0.002) G_GAN_ViT: 0.325 D_real_ViT: 0.035 D_fake_ViT: 0.208 global: 0.273 spatial: 0.070 
(epoch: 100, iters: 1412, time: 0.291, data: 0.002) G_GAN_ViT: 0.285 D_real_ViT: 0.248 D_fake_ViT: 0.248 global: 0.441 spatial: 0.102 
(epoch: 100, iters: 1512, time: 0.291, data: 0.002) G_GAN_ViT: 0.204 D_real_ViT: 0.031 D_fake_ViT: 0.332 global: 0.259 spatial: 0.080 
(epoch: 100, iters: 1612, time: 0.292, data: 0.002) G_GAN_ViT: 0.294 D_real_ViT: 0.199 D_fake_ViT: 0.251 global: 0.470 spatial: 0.103 
(epoch: 100, iters: 1712, time: 0.292, data: 0.002) G_GAN_ViT: 0.535 D_real_ViT: 0.100 D_fake_ViT: 0.092 global: 0.247 spatial: 0.051 
(epoch: 100, iters: 1812, time: 0.292, data: 0.002) G_GAN_ViT: 0.387 D_real_ViT: 0.263 D_fake_ViT: 0.172 global: 0.406 spatial: 0.073 
(epoch: 100, iters: 1912, time: 0.290, data: 0.002) G_GAN_ViT: 0.347 D_real_ViT: 0.391 D_fake_ViT: 0.207 global: 0.399 spatial: 0.075 
(epoch: 100, iters: 2012, time: 0.289, data: 0.002) G_GAN_ViT: 0.377 D_real_ViT: 0.136 D_fake_ViT: 0.184 global: 0.380 spatial: 0.076 
(epoch: 100, iters: 2112, time: 0.291, data: 0.002) G_GAN_ViT: 0.484 D_real_ViT: 0.343 D_fake_ViT: 0.125 global: 0.364 spatial: 0.070 
(epoch: 100, iters: 2212, time: 0.291, data: 0.002) G_GAN_ViT: 0.323 D_real_ViT: 0.210 D_fake_ViT: 0.233 global: 0.343 spatial: 0.102 
(epoch: 100, iters: 2312, time: 0.291, data: 0.002) G_GAN_ViT: 0.349 D_real_ViT: 0.317 D_fake_ViT: 0.193 global: 0.298 spatial: 0.061 
(epoch: 100, iters: 2412, time: 0.291, data: 0.002) G_GAN_ViT: 0.455 D_real_ViT: 0.227 D_fake_ViT: 0.126 global: 0.238 spatial: 0.047 
(epoch: 100, iters: 2512, time: 0.291, data: 0.002) G_GAN_ViT: 0.249 D_real_ViT: 0.101 D_fake_ViT: 0.280 global: 0.338 spatial: 0.094 
(epoch: 100, iters: 2612, time: 0.291, data: 0.002) G_GAN_ViT: 0.345 D_real_ViT: 0.126 D_fake_ViT: 0.194 global: 0.420 spatial: 0.073 
(epoch: 100, iters: 2712, time: 0.291, data: 0.002) G_GAN_ViT: 0.311 D_real_ViT: 0.155 D_fake_ViT: 0.234 global: 0.392 spatial: 0.105 
(epoch: 100, iters: 2812, time: 0.292, data: 0.002) G_GAN_ViT: 0.363 D_real_ViT: 0.184 D_fake_ViT: 0.196 global: 0.368 spatial: 0.121 
(epoch: 100, iters: 2912, time: 0.290, data: 0.002) G_GAN_ViT: 0.195 D_real_ViT: 0.135 D_fake_ViT: 0.340 global: 0.288 spatial: 0.084 
(epoch: 100, iters: 3012, time: 0.291, data: 0.002) G_GAN_ViT: 0.298 D_real_ViT: 0.294 D_fake_ViT: 0.250 global: 0.391 spatial: 0.114 
(epoch: 100, iters: 3112, time: 0.291, data: 0.002) G_GAN_ViT: 0.258 D_real_ViT: 0.240 D_fake_ViT: 0.269 global: 0.373 spatial: 0.098 
(epoch: 100, iters: 3212, time: 0.291, data: 0.002) G_GAN_ViT: 0.376 D_real_ViT: 0.393 D_fake_ViT: 0.182 global: 0.475 spatial: 0.085 
(epoch: 100, iters: 3312, time: 0.292, data: 0.002) G_GAN_ViT: 0.474 D_real_ViT: 0.241 D_fake_ViT: 0.129 global: 0.481 spatial: 0.100 
(epoch: 100, iters: 3412, time: 0.291, data: 0.002) G_GAN_ViT: 0.309 D_real_ViT: 0.299 D_fake_ViT: 0.227 global: 0.408 spatial: 0.087 
(epoch: 100, iters: 3512, time: 0.291, data: 0.002) G_GAN_ViT: 0.546 D_real_ViT: 0.102 D_fake_ViT: 0.092 global: 0.293 spatial: 0.061 
(epoch: 100, iters: 3612, time: 0.289, data: 0.002) G_GAN_ViT: 0.488 D_real_ViT: 0.235 D_fake_ViT: 0.116 global: 0.403 spatial: 0.078 
(epoch: 100, iters: 3712, time: 0.290, data: 0.002) G_GAN_ViT: 0.302 D_real_ViT: 0.356 D_fake_ViT: 0.237 global: 0.441 spatial: 0.097 
(epoch: 100, iters: 3812, time: 0.289, data: 0.002) G_GAN_ViT: 0.575 D_real_ViT: 0.346 D_fake_ViT: 0.095 global: 0.383 spatial: 0.101 
(epoch: 100, iters: 3912, time: 0.290, data: 0.002) G_GAN_ViT: 0.365 D_real_ViT: 0.129 D_fake_ViT: 0.187 global: 0.391 spatial: 0.094 
(epoch: 100, iters: 4012, time: 0.292, data: 0.002) G_GAN_ViT: 0.407 D_real_ViT: 0.128 D_fake_ViT: 0.173 global: 0.453 spatial: 0.110 
(epoch: 100, iters: 4112, time: 0.292, data: 0.002) G_GAN_ViT: 0.218 D_real_ViT: 0.322 D_fake_ViT: 0.313 global: 0.231 spatial: 0.054 
(epoch: 100, iters: 4212, time: 0.292, data: 0.002) G_GAN_ViT: 0.201 D_real_ViT: 0.410 D_fake_ViT: 0.335 global: 0.260 spatial: 0.079 
(epoch: 100, iters: 4312, time: 0.292, data: 0.002) G_GAN_ViT: 0.330 D_real_ViT: 0.049 D_fake_ViT: 0.213 global: 0.369 spatial: 0.087 
(epoch: 100, iters: 4412, time: 0.292, data: 0.002) G_GAN_ViT: 0.374 D_real_ViT: 0.223 D_fake_ViT: 0.173 global: 0.287 spatial: 0.054 
saving the latest model (epoch 100, total_iters 560000)
ICL_single_monitor
(epoch: 100, iters: 4512, time: 0.291, data: 0.001) G_GAN_ViT: 0.317 D_real_ViT: 0.285 D_fake_ViT: 0.223 global: 0.406 spatial: 0.088 
(epoch: 100, iters: 4612, time: 0.289, data: 0.002) G_GAN_ViT: 0.308 D_real_ViT: 0.176 D_fake_ViT: 0.232 global: 0.322 spatial: 0.092 
(epoch: 100, iters: 4712, time: 0.289, data: 0.002) G_GAN_ViT: 0.343 D_real_ViT: 0.073 D_fake_ViT: 0.202 global: 0.446 spatial: 0.080 
(epoch: 100, iters: 4812, time: 0.288, data: 0.002) G_GAN_ViT: 0.343 D_real_ViT: 0.118 D_fake_ViT: 0.207 global: 0.380 spatial: 0.095 
(epoch: 100, iters: 4912, time: 0.288, data: 0.002) G_GAN_ViT: 0.381 D_real_ViT: 0.219 D_fake_ViT: 0.213 global: 0.434 spatial: 0.109 
(epoch: 100, iters: 5012, time: 0.289, data: 0.002) G_GAN_ViT: 0.455 D_real_ViT: 0.260 D_fake_ViT: 0.138 global: 0.347 spatial: 0.069 
(epoch: 100, iters: 5112, time: 0.290, data: 0.002) G_GAN_ViT: 0.277 D_real_ViT: 0.125 D_fake_ViT: 0.247 global: 0.477 spatial: 0.068 
(epoch: 100, iters: 5212, time: 0.291, data: 0.002) G_GAN_ViT: 0.297 D_real_ViT: 0.116 D_fake_ViT: 0.238 global: 0.380 spatial: 0.078 
(epoch: 100, iters: 5312, time: 0.291, data: 0.002) G_GAN_ViT: 0.425 D_real_ViT: 0.311 D_fake_ViT: 0.141 global: 0.308 spatial: 0.060 
(epoch: 100, iters: 5412, time: 0.292, data: 0.004) G_GAN_ViT: 0.219 D_real_ViT: 0.289 D_fake_ViT: 0.316 global: 0.230 spatial: 0.062 
(epoch: 100, iters: 5512, time: 0.291, data: 0.002) G_GAN_ViT: 0.191 D_real_ViT: 0.399 D_fake_ViT: 0.354 global: 0.382 spatial: 0.094 
(epoch: 100, iters: 5612, time: 0.291, data: 0.002) G_GAN_ViT: 0.272 D_real_ViT: 0.206 D_fake_ViT: 0.267 global: 0.480 spatial: 0.095 
saving the model at the end of epoch 100, iters 561200
End of epoch 100 / 100 	 Time Taken: 1644 sec
learning rate = 0.0000000
