ArgumentParser(prog='train.py', usage=None, description=None, formatter_class=<class 'argparse.ArgumentDefaultsHelpFormatter'>, conflict_handler='error', add_help=True)
----------------- Options ---------------
            adj_size_list: [2, 4, 6, 8, 12]              
             atten_layers: 1,3,5                         
               batch_size: 1                             
                    beta1: 0.5                           
                    beta2: 0.999                         
          checkpoints_dir: /root/srp-translate/roma/checkpoints/roma_single	[default: ./checkpoints]
           continue_train: False                         
                crop_size: 256                           
                 dataroot: /root/dataset_archives/InfraredCity-Lite/Single/Traffic/Highway_std	[default: placeholder]
             dataset_mode: unaligned                     
                direction: AtoB                          
              display_env: main                          
             display_freq: 50                            
               display_id: -1                            	[default: None]
            display_ncols: 4                             
             display_port: 8097                          
           display_server: http://localhost              
          display_winsize: 256                           
               easy_label: experiment_name               
                    epoch: latest                        
              epoch_count: 1                             
          evaluation_freq: 5000                          
                 gan_mode: lsgan                         
                  gpu_ids: 0                             
                init_gain: 0.02                          
                init_type: xavier                        
                 input_nc: 3                             
                  isTrain: True                          	[default: None]
             lambda_D_ViT: 1.0                           
               lambda_GAN: 1.0                           
            lambda_global: 5.0                           	[default: 1.0]
               lambda_mlp: 1.0                           
            lambda_motion: 1.0                           
           lambda_spatial: 5.0                           	[default: 1.0]
                load_size: 286                           
               local_nums: 64                            	[default: 256]
                       lr: 1e-05                         	[default: 0.0002]
           lr_decay_iters: 50                            
                lr_policy: linear                        
         max_dataset_size: inf                           
                    model: roma_single                   	[default: cut]
                 n_epochs: 50                            	[default: 100]
           n_epochs_decay: 50                            	[default: 100]
               n_layers_D: 3                             
                     name: ICL_single_traffic_hwy        	[default: experiment_name]
                      ndf: 64                            
                     netD: basic                         
                     netG: resnet_9blocks                
                      ngf: 64                            
             no_antialias: False                         
          no_antialias_up: False                         
               no_dropout: True                          
                  no_flip: True                          	[default: False]
                  no_html: True                          	[default: False]
                    normD: instance                      
                    normG: instance                      
              num_threads: 4                             
                output_nc: 3                             
                    phase: train                         
                pool_size: 0                             
               preprocess: resize_and_crop               
          pretrained_name: None                          
               print_freq: 100                           
         random_scale_max: 3.0                           
             save_by_iter: False                         
          save_epoch_freq: 5                             
         save_latest_freq: 5000                          
           serial_batches: False                         
              side_length: 7                             
stylegan2_G_num_downsampling: 1                             
                   suffix:                               
         update_html_freq: 1000                          
                  use_idt: False                         
                  verbose: False                         
            which_D_layer: -1                            
----------------- End -------------------
dataset [UnalignedDataset] was created
model [ROMASingleModel] was created
The number of training images = 6463
---------- Networks initialized -------------
[Network G] Total number of parameters : 11.378 M
[Network D_ViT] Total number of parameters : 1.181 M
-----------------------------------------------
(epoch: 1, iters: 100, time: 0.272, data: 0.100) G_GAN_ViT: 0.916 D_real_ViT: 0.800 D_fake_ViT: 0.239 global: 0.406 spatial: 0.074 
(epoch: 1, iters: 200, time: 0.358, data: 0.001) G_GAN_ViT: 0.689 D_real_ViT: 0.450 D_fake_ViT: 0.240 global: 0.273 spatial: 0.048 
(epoch: 1, iters: 300, time: 0.411, data: 0.001) G_GAN_ViT: 0.630 D_real_ViT: 0.290 D_fake_ViT: 0.251 global: 0.353 spatial: 0.062 
(epoch: 1, iters: 400, time: 0.443, data: 0.001) G_GAN_ViT: 0.567 D_real_ViT: 0.297 D_fake_ViT: 0.228 global: 0.250 spatial: 0.038 
(epoch: 1, iters: 500, time: 0.461, data: 0.001) G_GAN_ViT: 0.656 D_real_ViT: 0.240 D_fake_ViT: 0.184 global: 0.343 spatial: 0.072 
(epoch: 1, iters: 600, time: 0.472, data: 0.001) G_GAN_ViT: 0.595 D_real_ViT: 0.182 D_fake_ViT: 0.191 global: 0.321 spatial: 0.055 
(epoch: 1, iters: 700, time: 0.478, data: 0.001) G_GAN_ViT: 0.523 D_real_ViT: 0.158 D_fake_ViT: 0.213 global: 0.356 spatial: 0.061 
(epoch: 1, iters: 800, time: 0.482, data: 0.001) G_GAN_ViT: 0.591 D_real_ViT: 0.138 D_fake_ViT: 0.172 global: 0.418 spatial: 0.070 
(epoch: 1, iters: 900, time: 0.486, data: 0.001) G_GAN_ViT: 0.708 D_real_ViT: 0.167 D_fake_ViT: 0.132 global: 0.400 spatial: 0.059 
(epoch: 1, iters: 1000, time: 0.487, data: 0.001) G_GAN_ViT: 0.472 D_real_ViT: 0.151 D_fake_ViT: 0.212 global: 0.339 spatial: 0.060 
(epoch: 1, iters: 1100, time: 0.488, data: 0.002) G_GAN_ViT: 0.582 D_real_ViT: 0.149 D_fake_ViT: 0.157 global: 0.382 spatial: 0.062 
(epoch: 1, iters: 1200, time: 0.488, data: 0.001) G_GAN_ViT: 0.601 D_real_ViT: 0.139 D_fake_ViT: 0.160 global: 0.479 spatial: 0.071 
(epoch: 1, iters: 1300, time: 0.489, data: 0.001) G_GAN_ViT: 0.520 D_real_ViT: 0.167 D_fake_ViT: 0.178 global: 0.456 spatial: 0.076 
(epoch: 1, iters: 1400, time: 0.489, data: 0.001) G_GAN_ViT: 0.599 D_real_ViT: 0.168 D_fake_ViT: 0.154 global: 0.477 spatial: 0.075 
(epoch: 1, iters: 1500, time: 0.489, data: 0.001) G_GAN_ViT: 0.545 D_real_ViT: 0.197 D_fake_ViT: 0.157 global: 0.361 spatial: 0.066 
(epoch: 1, iters: 1600, time: 0.489, data: 0.001) G_GAN_ViT: 0.530 D_real_ViT: 0.169 D_fake_ViT: 0.159 global: 0.433 spatial: 0.068 
(epoch: 1, iters: 1700, time: 0.489, data: 0.002) G_GAN_ViT: 0.487 D_real_ViT: 0.158 D_fake_ViT: 0.185 global: 0.384 spatial: 0.071 
(epoch: 1, iters: 1800, time: 0.489, data: 0.002) G_GAN_ViT: 0.497 D_real_ViT: 0.221 D_fake_ViT: 0.167 global: 0.350 spatial: 0.067 
(epoch: 1, iters: 1900, time: 0.489, data: 0.001) G_GAN_ViT: 0.607 D_real_ViT: 0.184 D_fake_ViT: 0.127 global: 0.328 spatial: 0.063 
(epoch: 1, iters: 2000, time: 0.489, data: 0.002) G_GAN_ViT: 0.574 D_real_ViT: 0.182 D_fake_ViT: 0.156 global: 0.454 spatial: 0.077 
(epoch: 1, iters: 2100, time: 0.489, data: 0.001) G_GAN_ViT: 0.490 D_real_ViT: 0.128 D_fake_ViT: 0.180 global: 0.403 spatial: 0.075 
(epoch: 1, iters: 2200, time: 0.489, data: 0.001) G_GAN_ViT: 0.471 D_real_ViT: 0.196 D_fake_ViT: 0.187 global: 0.352 spatial: 0.062 
(epoch: 1, iters: 2300, time: 0.489, data: 0.001) G_GAN_ViT: 0.488 D_real_ViT: 0.195 D_fake_ViT: 0.166 global: 0.380 spatial: 0.064 
(epoch: 1, iters: 2400, time: 0.489, data: 0.002) G_GAN_ViT: 0.497 D_real_ViT: 0.132 D_fake_ViT: 0.164 global: 0.451 spatial: 0.065 
(epoch: 1, iters: 2500, time: 0.489, data: 0.002) G_GAN_ViT: 0.563 D_real_ViT: 0.195 D_fake_ViT: 0.156 global: 0.455 spatial: 0.094 
(epoch: 1, iters: 2600, time: 0.489, data: 0.001) G_GAN_ViT: 0.511 D_real_ViT: 0.110 D_fake_ViT: 0.155 global: 0.443 spatial: 0.066 
(epoch: 1, iters: 2700, time: 0.489, data: 0.001) G_GAN_ViT: 0.466 D_real_ViT: 0.221 D_fake_ViT: 0.185 global: 0.374 spatial: 0.071 
(epoch: 1, iters: 2800, time: 0.489, data: 0.002) G_GAN_ViT: 0.411 D_real_ViT: 0.274 D_fake_ViT: 0.226 global: 0.478 spatial: 0.072 
(epoch: 1, iters: 2900, time: 0.489, data: 0.001) G_GAN_ViT: 0.514 D_real_ViT: 0.159 D_fake_ViT: 0.162 global: 0.540 spatial: 0.100 
(epoch: 1, iters: 3000, time: 0.489, data: 0.001) G_GAN_ViT: 0.411 D_real_ViT: 0.143 D_fake_ViT: 0.202 global: 0.397 spatial: 0.074 
(epoch: 1, iters: 3100, time: 0.489, data: 0.001) G_GAN_ViT: 0.555 D_real_ViT: 0.179 D_fake_ViT: 0.150 global: 0.567 spatial: 0.105 
(epoch: 1, iters: 3200, time: 0.489, data: 0.002) G_GAN_ViT: 0.403 D_real_ViT: 0.351 D_fake_ViT: 0.221 global: 0.463 spatial: 0.090 
(epoch: 1, iters: 3300, time: 0.489, data: 0.001) G_GAN_ViT: 0.545 D_real_ViT: 0.230 D_fake_ViT: 0.150 global: 0.514 spatial: 0.100 
(epoch: 1, iters: 3400, time: 0.489, data: 0.001) G_GAN_ViT: 0.457 D_real_ViT: 0.207 D_fake_ViT: 0.174 global: 0.391 spatial: 0.068 
(epoch: 1, iters: 3500, time: 0.489, data: 0.001) G_GAN_ViT: 0.531 D_real_ViT: 0.146 D_fake_ViT: 0.138 global: 0.360 spatial: 0.075 
(epoch: 1, iters: 3600, time: 0.489, data: 0.001) G_GAN_ViT: 0.447 D_real_ViT: 0.198 D_fake_ViT: 0.178 global: 0.397 spatial: 0.065 
(epoch: 1, iters: 3700, time: 0.489, data: 0.001) G_GAN_ViT: 0.659 D_real_ViT: 0.203 D_fake_ViT: 0.113 global: 0.506 spatial: 0.096 
(epoch: 1, iters: 3800, time: 0.489, data: 0.001) G_GAN_ViT: 0.474 D_real_ViT: 0.131 D_fake_ViT: 0.176 global: 0.420 spatial: 0.083 
(epoch: 1, iters: 3900, time: 0.489, data: 0.001) G_GAN_ViT: 0.460 D_real_ViT: 0.111 D_fake_ViT: 0.193 global: 0.446 spatial: 0.091 
(epoch: 1, iters: 4000, time: 0.489, data: 0.001) G_GAN_ViT: 0.606 D_real_ViT: 0.201 D_fake_ViT: 0.123 global: 0.467 spatial: 0.089 
(epoch: 1, iters: 4100, time: 0.489, data: 0.001) G_GAN_ViT: 0.494 D_real_ViT: 0.180 D_fake_ViT: 0.161 global: 0.434 spatial: 0.093 
(epoch: 1, iters: 4200, time: 0.489, data: 0.001) G_GAN_ViT: 0.507 D_real_ViT: 0.274 D_fake_ViT: 0.152 global: 0.473 spatial: 0.089 
(epoch: 1, iters: 4300, time: 0.489, data: 0.001) G_GAN_ViT: 0.617 D_real_ViT: 0.145 D_fake_ViT: 0.116 global: 0.495 spatial: 0.089 
(epoch: 1, iters: 4400, time: 0.489, data: 0.001) G_GAN_ViT: 0.449 D_real_ViT: 0.254 D_fake_ViT: 0.180 global: 0.514 spatial: 0.083 
(epoch: 1, iters: 4500, time: 0.489, data: 0.001) G_GAN_ViT: 0.452 D_real_ViT: 0.170 D_fake_ViT: 0.173 global: 0.390 spatial: 0.068 
(epoch: 1, iters: 4600, time: 0.489, data: 0.001) G_GAN_ViT: 0.347 D_real_ViT: 0.227 D_fake_ViT: 0.247 global: 0.384 spatial: 0.076 
(epoch: 1, iters: 4700, time: 0.489, data: 0.002) G_GAN_ViT: 0.416 D_real_ViT: 0.137 D_fake_ViT: 0.187 global: 0.408 spatial: 0.079 
(epoch: 1, iters: 4800, time: 0.489, data: 0.001) G_GAN_ViT: 0.457 D_real_ViT: 0.269 D_fake_ViT: 0.167 global: 0.366 spatial: 0.069 
(epoch: 1, iters: 4900, time: 0.489, data: 0.001) G_GAN_ViT: 0.499 D_real_ViT: 0.259 D_fake_ViT: 0.168 global: 0.501 spatial: 0.094 
(epoch: 1, iters: 5000, time: 0.487, data: 0.001) G_GAN_ViT: 0.465 D_real_ViT: 0.183 D_fake_ViT: 0.168 global: 0.396 spatial: 0.072 
saving the latest model (epoch 1, total_iters 5000)
ICL_single_traffic_hwy
(epoch: 1, iters: 5100, time: 0.488, data: 0.001) G_GAN_ViT: 0.447 D_real_ViT: 0.089 D_fake_ViT: 0.185 global: 0.383 spatial: 0.080 
(epoch: 1, iters: 5200, time: 0.488, data: 0.001) G_GAN_ViT: 0.544 D_real_ViT: 0.187 D_fake_ViT: 0.134 global: 0.420 spatial: 0.080 
(epoch: 1, iters: 5300, time: 0.488, data: 0.001) G_GAN_ViT: 0.518 D_real_ViT: 0.253 D_fake_ViT: 0.134 global: 0.510 spatial: 0.092 
(epoch: 1, iters: 5400, time: 0.489, data: 0.001) G_GAN_ViT: 0.452 D_real_ViT: 0.160 D_fake_ViT: 0.177 global: 0.525 spatial: 0.080 
(epoch: 1, iters: 5500, time: 0.489, data: 0.001) G_GAN_ViT: 0.461 D_real_ViT: 0.154 D_fake_ViT: 0.168 global: 0.481 spatial: 0.087 
(epoch: 1, iters: 5600, time: 0.489, data: 0.001) G_GAN_ViT: 0.472 D_real_ViT: 0.159 D_fake_ViT: 0.154 global: 0.309 spatial: 0.058 
(epoch: 1, iters: 5700, time: 0.489, data: 0.002) G_GAN_ViT: 0.503 D_real_ViT: 0.225 D_fake_ViT: 0.153 global: 0.430 spatial: 0.081 
(epoch: 1, iters: 5800, time: 0.489, data: 0.002) G_GAN_ViT: 0.550 D_real_ViT: 0.268 D_fake_ViT: 0.146 global: 0.499 spatial: 0.110 
(epoch: 1, iters: 5900, time: 0.489, data: 0.001) G_GAN_ViT: 0.379 D_real_ViT: 0.205 D_fake_ViT: 0.237 global: 0.524 spatial: 0.091 
(epoch: 1, iters: 6000, time: 0.489, data: 0.002) G_GAN_ViT: 0.404 D_real_ViT: 0.214 D_fake_ViT: 0.193 global: 0.379 spatial: 0.070 
(epoch: 1, iters: 6100, time: 0.489, data: 0.001) G_GAN_ViT: 0.412 D_real_ViT: 0.251 D_fake_ViT: 0.186 global: 0.376 spatial: 0.073 
(epoch: 1, iters: 6200, time: 0.489, data: 0.001) G_GAN_ViT: 0.471 D_real_ViT: 0.169 D_fake_ViT: 0.170 global: 0.355 spatial: 0.072 
(epoch: 1, iters: 6300, time: 0.489, data: 0.001) G_GAN_ViT: 0.428 D_real_ViT: 0.164 D_fake_ViT: 0.181 global: 0.518 spatial: 0.085 
(epoch: 1, iters: 6400, time: 0.489, data: 0.001) G_GAN_ViT: 0.467 D_real_ViT: 0.144 D_fake_ViT: 0.162 global: 0.468 spatial: 0.100 
End of epoch 1 / 100 	 Time Taken: 3177 sec
learning rate = 0.0000100
(epoch: 2, iters: 37, time: 0.489, data: 0.001) G_GAN_ViT: 0.536 D_real_ViT: 0.138 D_fake_ViT: 0.130 global: 0.391 spatial: 0.083 
(epoch: 2, iters: 137, time: 0.489, data: 0.002) G_GAN_ViT: 0.539 D_real_ViT: 0.196 D_fake_ViT: 0.139 global: 0.396 spatial: 0.082 
(epoch: 2, iters: 237, time: 0.489, data: 0.001) G_GAN_ViT: 0.425 D_real_ViT: 0.129 D_fake_ViT: 0.206 global: 0.439 spatial: 0.105 
(epoch: 2, iters: 337, time: 0.489, data: 0.001) G_GAN_ViT: 0.442 D_real_ViT: 0.103 D_fake_ViT: 0.179 global: 0.341 spatial: 0.075 
(epoch: 2, iters: 437, time: 0.489, data: 0.002) G_GAN_ViT: 0.468 D_real_ViT: 0.149 D_fake_ViT: 0.165 global: 0.384 spatial: 0.084 
(epoch: 2, iters: 537, time: 0.489, data: 0.002) G_GAN_ViT: 0.569 D_real_ViT: 0.310 D_fake_ViT: 0.117 global: 0.455 spatial: 0.096 
(epoch: 2, iters: 637, time: 0.489, data: 0.001) G_GAN_ViT: 0.451 D_real_ViT: 0.353 D_fake_ViT: 0.167 global: 0.372 spatial: 0.078 
(epoch: 2, iters: 737, time: 0.489, data: 0.001) G_GAN_ViT: 0.383 D_real_ViT: 0.140 D_fake_ViT: 0.222 global: 0.353 spatial: 0.067 
(epoch: 2, iters: 837, time: 0.489, data: 0.002) G_GAN_ViT: 0.398 D_real_ViT: 0.297 D_fake_ViT: 0.202 global: 0.431 spatial: 0.098 
(epoch: 2, iters: 937, time: 0.489, data: 0.001) G_GAN_ViT: 0.481 D_real_ViT: 0.259 D_fake_ViT: 0.152 global: 0.404 spatial: 0.078 
(epoch: 2, iters: 1037, time: 0.489, data: 0.002) G_GAN_ViT: 0.403 D_real_ViT: 0.105 D_fake_ViT: 0.184 global: 0.405 spatial: 0.067 
(epoch: 2, iters: 1137, time: 0.489, data: 0.001) G_GAN_ViT: 0.462 D_real_ViT: 0.135 D_fake_ViT: 0.161 global: 0.522 spatial: 0.091 
(epoch: 2, iters: 1237, time: 0.489, data: 0.001) G_GAN_ViT: 0.378 D_real_ViT: 0.148 D_fake_ViT: 0.218 global: 0.412 spatial: 0.091 
(epoch: 2, iters: 1337, time: 0.489, data: 0.001) G_GAN_ViT: 0.395 D_real_ViT: 0.222 D_fake_ViT: 0.212 global: 0.374 spatial: 0.078 
(epoch: 2, iters: 1437, time: 0.489, data: 0.001) G_GAN_ViT: 0.511 D_real_ViT: 0.208 D_fake_ViT: 0.142 global: 0.467 spatial: 0.093 
(epoch: 2, iters: 1537, time: 0.489, data: 0.001) G_GAN_ViT: 0.461 D_real_ViT: 0.235 D_fake_ViT: 0.164 global: 0.421 spatial: 0.076 
(epoch: 2, iters: 1637, time: 0.489, data: 0.001) G_GAN_ViT: 0.384 D_real_ViT: 0.201 D_fake_ViT: 0.231 global: 0.435 spatial: 0.082 
(epoch: 2, iters: 1737, time: 0.489, data: 0.001) G_GAN_ViT: 0.571 D_real_ViT: 0.282 D_fake_ViT: 0.100 global: 0.398 spatial: 0.075 
(epoch: 2, iters: 1837, time: 0.489, data: 0.002) G_GAN_ViT: 0.433 D_real_ViT: 0.315 D_fake_ViT: 0.163 global: 0.386 spatial: 0.069 
(epoch: 2, iters: 1937, time: 0.489, data: 0.002) G_GAN_ViT: 0.388 D_real_ViT: 0.130 D_fake_ViT: 0.193 global: 0.403 spatial: 0.071 
(epoch: 2, iters: 2037, time: 0.489, data: 0.001) G_GAN_ViT: 0.461 D_real_ViT: 0.212 D_fake_ViT: 0.169 global: 0.439 spatial: 0.096 
(epoch: 2, iters: 2137, time: 0.489, data: 0.001) G_GAN_ViT: 0.551 D_real_ViT: 0.241 D_fake_ViT: 0.129 global: 0.617 spatial: 0.110 
(epoch: 2, iters: 2237, time: 0.489, data: 0.001) G_GAN_ViT: 0.511 D_real_ViT: 0.112 D_fake_ViT: 0.148 global: 0.458 spatial: 0.085 
(epoch: 2, iters: 2337, time: 0.489, data: 0.001) G_GAN_ViT: 0.467 D_real_ViT: 0.080 D_fake_ViT: 0.166 global: 0.466 spatial: 0.099 
(epoch: 2, iters: 2437, time: 0.489, data: 0.001) G_GAN_ViT: 0.614 D_real_ViT: 0.323 D_fake_ViT: 0.103 global: 0.380 spatial: 0.068 
(epoch: 2, iters: 2537, time: 0.490, data: 0.001) G_GAN_ViT: 0.495 D_real_ViT: 0.256 D_fake_ViT: 0.133 global: 0.438 spatial: 0.075 
(epoch: 2, iters: 2637, time: 0.490, data: 0.001) G_GAN_ViT: 0.520 D_real_ViT: 0.127 D_fake_ViT: 0.150 global: 0.429 spatial: 0.080 
(epoch: 2, iters: 2737, time: 0.489, data: 0.001) G_GAN_ViT: 0.476 D_real_ViT: 0.204 D_fake_ViT: 0.176 global: 0.491 spatial: 0.085 
(epoch: 2, iters: 2837, time: 0.490, data: 0.001) G_GAN_ViT: 0.466 D_real_ViT: 0.304 D_fake_ViT: 0.171 global: 0.341 spatial: 0.057 
(epoch: 2, iters: 2937, time: 0.489, data: 0.001) G_GAN_ViT: 0.412 D_real_ViT: 0.089 D_fake_ViT: 0.187 global: 0.364 spatial: 0.067 
(epoch: 2, iters: 3037, time: 0.489, data: 0.001) G_GAN_ViT: 0.505 D_real_ViT: 0.159 D_fake_ViT: 0.136 global: 0.395 spatial: 0.073 
(epoch: 2, iters: 3137, time: 0.489, data: 0.001) G_GAN_ViT: 0.460 D_real_ViT: 0.278 D_fake_ViT: 0.168 global: 0.472 spatial: 0.075 
(epoch: 2, iters: 3237, time: 0.489, data: 0.001) G_GAN_ViT: 0.544 D_real_ViT: 0.223 D_fake_ViT: 0.121 global: 0.598 spatial: 0.093 
(epoch: 2, iters: 3337, time: 0.489, data: 0.001) G_GAN_ViT: 0.533 D_real_ViT: 0.269 D_fake_ViT: 0.130 global: 0.505 spatial: 0.084 
(epoch: 2, iters: 3437, time: 0.489, data: 0.001) G_GAN_ViT: 0.332 D_real_ViT: 0.295 D_fake_ViT: 0.261 global: 0.393 spatial: 0.084 
(epoch: 2, iters: 3537, time: 0.488, data: 0.001) G_GAN_ViT: 0.412 D_real_ViT: 0.129 D_fake_ViT: 0.187 global: 0.489 spatial: 0.094 
saving the latest model (epoch 2, total_iters 10000)
ICL_single_traffic_hwy
(epoch: 2, iters: 3637, time: 0.488, data: 0.002) G_GAN_ViT: 0.508 D_real_ViT: 0.149 D_fake_ViT: 0.142 global: 0.458 spatial: 0.079 
(epoch: 2, iters: 3737, time: 0.488, data: 0.001) G_GAN_ViT: 0.529 D_real_ViT: 0.222 D_fake_ViT: 0.139 global: 0.424 spatial: 0.085 
(epoch: 2, iters: 3837, time: 0.488, data: 0.001) G_GAN_ViT: 0.370 D_real_ViT: 0.121 D_fake_ViT: 0.213 global: 0.409 spatial: 0.098 
(epoch: 2, iters: 3937, time: 0.489, data: 0.001) G_GAN_ViT: 0.397 D_real_ViT: 0.172 D_fake_ViT: 0.189 global: 0.383 spatial: 0.077 
(epoch: 2, iters: 4037, time: 0.489, data: 0.001) G_GAN_ViT: 0.510 D_real_ViT: 0.143 D_fake_ViT: 0.154 global: 0.517 spatial: 0.094 
(epoch: 2, iters: 4137, time: 0.489, data: 0.001) G_GAN_ViT: 0.477 D_real_ViT: 0.363 D_fake_ViT: 0.156 global: 0.456 spatial: 0.080 
(epoch: 2, iters: 4237, time: 0.489, data: 0.001) G_GAN_ViT: 0.447 D_real_ViT: 0.138 D_fake_ViT: 0.184 global: 0.336 spatial: 0.086 
(epoch: 2, iters: 4337, time: 0.489, data: 0.001) G_GAN_ViT: 0.557 D_real_ViT: 0.260 D_fake_ViT: 0.117 global: 0.400 spatial: 0.083 
(epoch: 2, iters: 4437, time: 0.489, data: 0.001) G_GAN_ViT: 0.389 D_real_ViT: 0.080 D_fake_ViT: 0.204 global: 0.324 spatial: 0.066 
(epoch: 2, iters: 4537, time: 0.489, data: 0.002) G_GAN_ViT: 0.563 D_real_ViT: 0.162 D_fake_ViT: 0.112 global: 0.426 spatial: 0.074 
(epoch: 2, iters: 4637, time: 0.489, data: 0.001) G_GAN_ViT: 0.474 D_real_ViT: 0.288 D_fake_ViT: 0.140 global: 0.358 spatial: 0.069 
(epoch: 2, iters: 4737, time: 0.489, data: 0.001) G_GAN_ViT: 0.472 D_real_ViT: 0.153 D_fake_ViT: 0.145 global: 0.390 spatial: 0.065 
(epoch: 2, iters: 4837, time: 0.489, data: 0.001) G_GAN_ViT: 0.538 D_real_ViT: 0.294 D_fake_ViT: 0.108 global: 0.384 spatial: 0.068 
(epoch: 2, iters: 4937, time: 0.489, data: 0.001) G_GAN_ViT: 0.467 D_real_ViT: 0.104 D_fake_ViT: 0.158 global: 0.482 spatial: 0.077 
(epoch: 2, iters: 5037, time: 0.490, data: 0.001) G_GAN_ViT: 0.397 D_real_ViT: 0.108 D_fake_ViT: 0.203 global: 0.410 spatial: 0.089 
(epoch: 2, iters: 5137, time: 0.490, data: 0.001) G_GAN_ViT: 0.492 D_real_ViT: 0.129 D_fake_ViT: 0.150 global: 0.487 spatial: 0.088 
(epoch: 2, iters: 5237, time: 0.490, data: 0.001) G_GAN_ViT: 0.399 D_real_ViT: 0.214 D_fake_ViT: 0.200 global: 0.453 spatial: 0.079 
(epoch: 2, iters: 5337, time: 0.490, data: 0.001) G_GAN_ViT: 0.408 D_real_ViT: 0.239 D_fake_ViT: 0.197 global: 0.475 spatial: 0.098 
(epoch: 2, iters: 5437, time: 0.490, data: 0.001) G_GAN_ViT: 0.516 D_real_ViT: 0.167 D_fake_ViT: 0.143 global: 0.394 spatial: 0.085 
(epoch: 2, iters: 5537, time: 0.490, data: 0.001) G_GAN_ViT: 0.523 D_real_ViT: 0.150 D_fake_ViT: 0.135 global: 0.394 spatial: 0.076 
(epoch: 2, iters: 5637, time: 0.490, data: 0.001) G_GAN_ViT: 0.459 D_real_ViT: 0.287 D_fake_ViT: 0.174 global: 0.468 spatial: 0.083 
(epoch: 2, iters: 5737, time: 0.490, data: 0.002) G_GAN_ViT: 0.481 D_real_ViT: 0.194 D_fake_ViT: 0.151 global: 0.574 spatial: 0.098 
(epoch: 2, iters: 5837, time: 0.490, data: 0.001) G_GAN_ViT: 0.347 D_real_ViT: 0.238 D_fake_ViT: 0.220 global: 0.515 spatial: 0.086 
(epoch: 2, iters: 5937, time: 0.490, data: 0.001) G_GAN_ViT: 0.450 D_real_ViT: 0.174 D_fake_ViT: 0.174 global: 0.491 spatial: 0.084 
(epoch: 2, iters: 6037, time: 0.490, data: 0.001) G_GAN_ViT: 0.409 D_real_ViT: 0.207 D_fake_ViT: 0.210 global: 0.548 spatial: 0.112 
(epoch: 2, iters: 6137, time: 0.490, data: 0.001) G_GAN_ViT: 0.546 D_real_ViT: 0.134 D_fake_ViT: 0.141 global: 0.499 spatial: 0.098 
(epoch: 2, iters: 6237, time: 0.490, data: 0.001) G_GAN_ViT: 0.385 D_real_ViT: 0.204 D_fake_ViT: 0.217 global: 0.433 spatial: 0.082 
(epoch: 2, iters: 6337, time: 0.490, data: 0.001) G_GAN_ViT: 0.357 D_real_ViT: 0.155 D_fake_ViT: 0.217 global: 0.452 spatial: 0.088 
(epoch: 2, iters: 6437, time: 0.490, data: 0.001) G_GAN_ViT: 0.432 D_real_ViT: 0.397 D_fake_ViT: 0.172 global: 0.488 spatial: 0.101 
End of epoch 2 / 100 	 Time Taken: 3172 sec
learning rate = 0.0000100
(epoch: 3, iters: 74, time: 0.490, data: 0.001) G_GAN_ViT: 0.424 D_real_ViT: 0.237 D_fake_ViT: 0.173 global: 0.437 spatial: 0.077 
(epoch: 3, iters: 174, time: 0.489, data: 0.001) G_GAN_ViT: 0.505 D_real_ViT: 0.188 D_fake_ViT: 0.155 global: 0.393 spatial: 0.084 
(epoch: 3, iters: 274, time: 0.488, data: 0.001) G_GAN_ViT: 0.483 D_real_ViT: 0.220 D_fake_ViT: 0.156 global: 0.439 spatial: 0.094 
(epoch: 3, iters: 374, time: 0.488, data: 0.001) G_GAN_ViT: 0.560 D_real_ViT: 0.229 D_fake_ViT: 0.107 global: 0.449 spatial: 0.093 
(epoch: 3, iters: 474, time: 0.488, data: 0.001) G_GAN_ViT: 0.465 D_real_ViT: 0.201 D_fake_ViT: 0.163 global: 0.385 spatial: 0.092 
(epoch: 3, iters: 574, time: 0.488, data: 0.001) G_GAN_ViT: 0.415 D_real_ViT: 0.239 D_fake_ViT: 0.169 global: 0.376 spatial: 0.066 
(epoch: 3, iters: 674, time: 0.488, data: 0.001) G_GAN_ViT: 0.483 D_real_ViT: 0.359 D_fake_ViT: 0.151 global: 0.453 spatial: 0.078 
(epoch: 3, iters: 774, time: 0.488, data: 0.001) G_GAN_ViT: 0.482 D_real_ViT: 0.295 D_fake_ViT: 0.153 global: 0.365 spatial: 0.090 
(epoch: 3, iters: 874, time: 0.488, data: 0.002) G_GAN_ViT: 0.450 D_real_ViT: 0.119 D_fake_ViT: 0.167 global: 0.471 spatial: 0.088 
(epoch: 3, iters: 974, time: 0.488, data: 0.001) G_GAN_ViT: 0.488 D_real_ViT: 0.137 D_fake_ViT: 0.144 global: 0.447 spatial: 0.080 
(epoch: 3, iters: 1074, time: 0.487, data: 0.001) G_GAN_ViT: 0.466 D_real_ViT: 0.101 D_fake_ViT: 0.157 global: 0.462 spatial: 0.080 
(epoch: 3, iters: 1174, time: 0.487, data: 0.001) G_GAN_ViT: 0.431 D_real_ViT: 0.101 D_fake_ViT: 0.168 global: 0.481 spatial: 0.079 
(epoch: 3, iters: 1274, time: 0.487, data: 0.001) G_GAN_ViT: 0.316 D_real_ViT: 0.202 D_fake_ViT: 0.263 global: 0.519 spatial: 0.092 
(epoch: 3, iters: 1374, time: 0.487, data: 0.001) G_GAN_ViT: 0.422 D_real_ViT: 0.100 D_fake_ViT: 0.193 global: 0.465 spatial: 0.079 
(epoch: 3, iters: 1474, time: 0.487, data: 0.001) G_GAN_ViT: 0.405 D_real_ViT: 0.251 D_fake_ViT: 0.187 global: 0.452 spatial: 0.088 
(epoch: 3, iters: 1574, time: 0.488, data: 0.002) G_GAN_ViT: 0.363 D_real_ViT: 0.253 D_fake_ViT: 0.206 global: 0.411 spatial: 0.076 
(epoch: 3, iters: 1674, time: 0.488, data: 0.002) G_GAN_ViT: 0.564 D_real_ViT: 0.227 D_fake_ViT: 0.111 global: 0.547 spatial: 0.088 
(epoch: 3, iters: 1774, time: 0.488, data: 0.002) G_GAN_ViT: 0.478 D_real_ViT: 0.304 D_fake_ViT: 0.194 global: 0.442 spatial: 0.105 
(epoch: 3, iters: 1874, time: 0.487, data: 0.002) G_GAN_ViT: 0.357 D_real_ViT: 0.201 D_fake_ViT: 0.215 global: 0.325 spatial: 0.063 
(epoch: 3, iters: 1974, time: 0.486, data: 0.001) G_GAN_ViT: 0.545 D_real_ViT: 0.205 D_fake_ViT: 0.144 global: 0.464 spatial: 0.085 
(epoch: 3, iters: 2074, time: 0.485, data: 0.001) G_GAN_ViT: 0.406 D_real_ViT: 0.091 D_fake_ViT: 0.188 global: 0.386 spatial: 0.089 
saving the latest model (epoch 3, total_iters 15000)
ICL_single_traffic_hwy
(epoch: 3, iters: 2174, time: 0.486, data: 0.002) G_GAN_ViT: 0.616 D_real_ViT: 0.134 D_fake_ViT: 0.094 global: 0.504 spatial: 0.089 
(epoch: 3, iters: 2274, time: 0.487, data: 0.001) G_GAN_ViT: 0.618 D_real_ViT: 0.075 D_fake_ViT: 0.101 global: 0.414 spatial: 0.080 
(epoch: 3, iters: 2374, time: 0.487, data: 0.001) G_GAN_ViT: 0.478 D_real_ViT: 0.171 D_fake_ViT: 0.142 global: 0.350 spatial: 0.053 
(epoch: 3, iters: 2474, time: 0.487, data: 0.001) G_GAN_ViT: 0.473 D_real_ViT: 0.274 D_fake_ViT: 0.144 global: 0.387 spatial: 0.075 
(epoch: 3, iters: 2574, time: 0.488, data: 0.001) G_GAN_ViT: 0.460 D_real_ViT: 0.280 D_fake_ViT: 0.167 global: 0.417 spatial: 0.079 
(epoch: 3, iters: 2674, time: 0.488, data: 0.001) G_GAN_ViT: 0.484 D_real_ViT: 0.285 D_fake_ViT: 0.166 global: 0.457 spatial: 0.086 
(epoch: 3, iters: 2774, time: 0.488, data: 0.002) G_GAN_ViT: 0.481 D_real_ViT: 0.199 D_fake_ViT: 0.135 global: 0.425 spatial: 0.089 
(epoch: 3, iters: 2874, time: 0.488, data: 0.001) G_GAN_ViT: 0.532 D_real_ViT: 0.242 D_fake_ViT: 0.129 global: 0.448 spatial: 0.076 
(epoch: 3, iters: 2974, time: 0.488, data: 0.001) G_GAN_ViT: 0.401 D_real_ViT: 0.299 D_fake_ViT: 0.211 global: 0.430 spatial: 0.071 
(epoch: 3, iters: 3074, time: 0.487, data: 0.001) G_GAN_ViT: 0.343 D_real_ViT: 0.130 D_fake_ViT: 0.237 global: 0.511 spatial: 0.095 
(epoch: 3, iters: 3174, time: 0.487, data: 0.002) G_GAN_ViT: 0.462 D_real_ViT: 0.200 D_fake_ViT: 0.196 global: 0.517 spatial: 0.106 
(epoch: 3, iters: 3274, time: 0.488, data: 0.001) G_GAN_ViT: 0.549 D_real_ViT: 0.149 D_fake_ViT: 0.117 global: 0.397 spatial: 0.062 
(epoch: 3, iters: 3374, time: 0.487, data: 0.001) G_GAN_ViT: 0.540 D_real_ViT: 0.218 D_fake_ViT: 0.119 global: 0.429 spatial: 0.078 
(epoch: 3, iters: 3474, time: 0.488, data: 0.001) G_GAN_ViT: 0.452 D_real_ViT: 0.148 D_fake_ViT: 0.160 global: 0.395 spatial: 0.064 
(epoch: 3, iters: 3574, time: 0.488, data: 0.001) G_GAN_ViT: 0.484 D_real_ViT: 0.244 D_fake_ViT: 0.140 global: 0.514 spatial: 0.090 
(epoch: 3, iters: 3674, time: 0.488, data: 0.001) G_GAN_ViT: 0.448 D_real_ViT: 0.134 D_fake_ViT: 0.159 global: 0.488 spatial: 0.090 
(epoch: 3, iters: 3774, time: 0.488, data: 0.002) G_GAN_ViT: 0.483 D_real_ViT: 0.092 D_fake_ViT: 0.134 global: 0.429 spatial: 0.082 
(epoch: 3, iters: 3874, time: 0.488, data: 0.001) G_GAN_ViT: 0.405 D_real_ViT: 0.140 D_fake_ViT: 0.186 global: 0.494 spatial: 0.084 
(epoch: 3, iters: 3974, time: 0.487, data: 0.001) G_GAN_ViT: 0.517 D_real_ViT: 0.067 D_fake_ViT: 0.133 global: 0.430 spatial: 0.076 
(epoch: 3, iters: 4074, time: 0.487, data: 0.001) G_GAN_ViT: 0.436 D_real_ViT: 0.297 D_fake_ViT: 0.151 global: 0.410 spatial: 0.082 
(epoch: 3, iters: 4174, time: 0.488, data: 0.001) G_GAN_ViT: 0.458 D_real_ViT: 0.343 D_fake_ViT: 0.142 global: 0.448 spatial: 0.084 
(epoch: 3, iters: 4274, time: 0.487, data: 0.001) G_GAN_ViT: 0.596 D_real_ViT: 0.128 D_fake_ViT: 0.095 global: 0.398 spatial: 0.082 
(epoch: 3, iters: 4374, time: 0.487, data: 0.002) G_GAN_ViT: 0.403 D_real_ViT: 0.100 D_fake_ViT: 0.197 global: 0.467 spatial: 0.088 
(epoch: 3, iters: 4474, time: 0.487, data: 0.001) G_GAN_ViT: 0.472 D_real_ViT: 0.294 D_fake_ViT: 0.145 global: 0.378 spatial: 0.070 
(epoch: 3, iters: 4574, time: 0.487, data: 0.001) G_GAN_ViT: 0.360 D_real_ViT: 0.259 D_fake_ViT: 0.217 global: 0.399 spatial: 0.067 
(epoch: 3, iters: 4674, time: 0.488, data: 0.001) G_GAN_ViT: 0.491 D_real_ViT: 0.289 D_fake_ViT: 0.152 global: 0.489 spatial: 0.088 
(epoch: 3, iters: 4774, time: 0.488, data: 0.001) G_GAN_ViT: 0.343 D_real_ViT: 0.239 D_fake_ViT: 0.254 global: 0.510 spatial: 0.092 
(epoch: 3, iters: 4874, time: 0.488, data: 0.001) G_GAN_ViT: 0.589 D_real_ViT: 0.098 D_fake_ViT: 0.110 global: 0.453 spatial: 0.100 
(epoch: 3, iters: 4974, time: 0.488, data: 0.001) G_GAN_ViT: 0.370 D_real_ViT: 0.075 D_fake_ViT: 0.257 global: 0.437 spatial: 0.091 
(epoch: 3, iters: 5074, time: 0.488, data: 0.002) G_GAN_ViT: 0.491 D_real_ViT: 0.055 D_fake_ViT: 0.186 global: 0.564 spatial: 0.113 
(epoch: 3, iters: 5174, time: 0.488, data: 0.001) G_GAN_ViT: 0.433 D_real_ViT: 0.073 D_fake_ViT: 0.167 global: 0.422 spatial: 0.076 
(epoch: 3, iters: 5274, time: 0.488, data: 0.001) G_GAN_ViT: 0.416 D_real_ViT: 0.120 D_fake_ViT: 0.198 global: 0.514 spatial: 0.106 
(epoch: 3, iters: 5374, time: 0.488, data: 0.001) G_GAN_ViT: 0.372 D_real_ViT: 0.162 D_fake_ViT: 0.208 global: 0.424 spatial: 0.082 
(epoch: 3, iters: 5474, time: 0.488, data: 0.001) G_GAN_ViT: 0.459 D_real_ViT: 0.247 D_fake_ViT: 0.179 global: 0.413 spatial: 0.088 
(epoch: 3, iters: 5574, time: 0.487, data: 0.001) G_GAN_ViT: 0.434 D_real_ViT: 0.191 D_fake_ViT: 0.190 global: 0.414 spatial: 0.078 
(epoch: 3, iters: 5674, time: 0.487, data: 0.001) G_GAN_ViT: 0.348 D_real_ViT: 0.160 D_fake_ViT: 0.236 global: 0.555 spatial: 0.094 
(epoch: 3, iters: 5774, time: 0.488, data: 0.001) G_GAN_ViT: 0.595 D_real_ViT: 0.232 D_fake_ViT: 0.106 global: 0.439 spatial: 0.077 
(epoch: 3, iters: 5874, time: 0.488, data: 0.001) G_GAN_ViT: 0.422 D_real_ViT: 0.370 D_fake_ViT: 0.166 global: 0.345 spatial: 0.064 
(epoch: 3, iters: 5974, time: 0.488, data: 0.002) G_GAN_ViT: 0.371 D_real_ViT: 0.095 D_fake_ViT: 0.222 global: 0.404 spatial: 0.079 
(epoch: 3, iters: 6074, time: 0.488, data: 0.002) G_GAN_ViT: 0.436 D_real_ViT: 0.144 D_fake_ViT: 0.162 global: 0.463 spatial: 0.081 
(epoch: 3, iters: 6174, time: 0.488, data: 0.001) G_GAN_ViT: 0.501 D_real_ViT: 0.168 D_fake_ViT: 0.147 global: 0.493 spatial: 0.073 
(epoch: 3, iters: 6274, time: 0.488, data: 0.002) G_GAN_ViT: 0.513 D_real_ViT: 0.142 D_fake_ViT: 0.162 global: 0.479 spatial: 0.090 
(epoch: 3, iters: 6374, time: 0.488, data: 0.002) G_GAN_ViT: 0.545 D_real_ViT: 0.239 D_fake_ViT: 0.107 global: 0.489 spatial: 0.073 
End of epoch 3 / 100 	 Time Taken: 3162 sec
learning rate = 0.0000100
(epoch: 4, iters: 11, time: 0.488, data: 0.001) G_GAN_ViT: 0.519 D_real_ViT: 0.228 D_fake_ViT: 0.134 global: 0.448 spatial: 0.106 
(epoch: 4, iters: 111, time: 0.488, data: 0.001) G_GAN_ViT: 0.477 D_real_ViT: 0.203 D_fake_ViT: 0.147 global: 0.445 spatial: 0.085 
(epoch: 4, iters: 211, time: 0.488, data: 0.001) G_GAN_ViT: 0.348 D_real_ViT: 0.204 D_fake_ViT: 0.239 global: 0.415 spatial: 0.096 
(epoch: 4, iters: 311, time: 0.488, data: 0.002) G_GAN_ViT: 0.472 D_real_ViT: 0.274 D_fake_ViT: 0.161 global: 0.395 spatial: 0.093 
(epoch: 4, iters: 411, time: 0.488, data: 0.001) G_GAN_ViT: 0.384 D_real_ViT: 0.329 D_fake_ViT: 0.175 global: 0.337 spatial: 0.079 
(epoch: 4, iters: 511, time: 0.487, data: 0.001) G_GAN_ViT: 0.432 D_real_ViT: 0.197 D_fake_ViT: 0.178 global: 0.474 spatial: 0.093 
(epoch: 4, iters: 611, time: 0.486, data: 0.002) G_GAN_ViT: 0.457 D_real_ViT: 0.272 D_fake_ViT: 0.159 global: 0.467 spatial: 0.078 
saving the latest model (epoch 4, total_iters 20000)
ICL_single_traffic_hwy
(epoch: 4, iters: 711, time: 0.487, data: 0.001) G_GAN_ViT: 0.510 D_real_ViT: 0.185 D_fake_ViT: 0.141 global: 0.457 spatial: 0.094 
(epoch: 4, iters: 811, time: 0.488, data: 0.002) G_GAN_ViT: 0.408 D_real_ViT: 0.130 D_fake_ViT: 0.186 global: 0.449 spatial: 0.076 
(epoch: 4, iters: 911, time: 0.488, data: 0.002) G_GAN_ViT: 0.481 D_real_ViT: 0.153 D_fake_ViT: 0.143 global: 0.357 spatial: 0.064 
(epoch: 4, iters: 1011, time: 0.488, data: 0.001) G_GAN_ViT: 0.544 D_real_ViT: 0.238 D_fake_ViT: 0.106 global: 0.344 spatial: 0.081 
(epoch: 4, iters: 1111, time: 0.488, data: 0.003) G_GAN_ViT: 0.433 D_real_ViT: 0.220 D_fake_ViT: 0.167 global: 0.407 spatial: 0.080 
(epoch: 4, iters: 1211, time: 0.488, data: 0.002) G_GAN_ViT: 0.396 D_real_ViT: 0.083 D_fake_ViT: 0.203 global: 0.317 spatial: 0.071 
(epoch: 4, iters: 1311, time: 0.487, data: 0.002) G_GAN_ViT: 0.403 D_real_ViT: 0.119 D_fake_ViT: 0.194 global: 0.405 spatial: 0.078 
(epoch: 4, iters: 1411, time: 0.485, data: 0.002) G_GAN_ViT: 0.371 D_real_ViT: 0.242 D_fake_ViT: 0.213 global: 0.500 spatial: 0.089 
(epoch: 4, iters: 1511, time: 0.485, data: 0.001) G_GAN_ViT: 0.503 D_real_ViT: 0.227 D_fake_ViT: 0.145 global: 0.483 spatial: 0.085 
(epoch: 4, iters: 1611, time: 0.484, data: 0.001) G_GAN_ViT: 0.504 D_real_ViT: 0.131 D_fake_ViT: 0.139 global: 0.461 spatial: 0.095 
(epoch: 4, iters: 1711, time: 0.483, data: 0.001) G_GAN_ViT: 0.526 D_real_ViT: 0.095 D_fake_ViT: 0.136 global: 0.354 spatial: 0.082 
(epoch: 4, iters: 1811, time: 0.483, data: 0.002) G_GAN_ViT: 0.528 D_real_ViT: 0.152 D_fake_ViT: 0.112 global: 0.496 spatial: 0.085 
(epoch: 4, iters: 1911, time: 0.483, data: 0.001) G_GAN_ViT: 0.437 D_real_ViT: 0.206 D_fake_ViT: 0.169 global: 0.408 spatial: 0.085 
(epoch: 4, iters: 2011, time: 0.483, data: 0.001) G_GAN_ViT: 0.471 D_real_ViT: 0.195 D_fake_ViT: 0.144 global: 0.421 spatial: 0.071 
(epoch: 4, iters: 2111, time: 0.483, data: 0.002) G_GAN_ViT: 0.496 D_real_ViT: 0.201 D_fake_ViT: 0.142 global: 0.418 spatial: 0.083 
(epoch: 4, iters: 2211, time: 0.483, data: 0.001) G_GAN_ViT: 0.616 D_real_ViT: 0.142 D_fake_ViT: 0.101 global: 0.351 spatial: 0.077 
(epoch: 4, iters: 2311, time: 0.483, data: 0.001) G_GAN_ViT: 0.569 D_real_ViT: 0.074 D_fake_ViT: 0.122 global: 0.406 spatial: 0.079 
(epoch: 4, iters: 2411, time: 0.483, data: 0.001) G_GAN_ViT: 0.590 D_real_ViT: 0.225 D_fake_ViT: 0.100 global: 0.392 spatial: 0.072 
(epoch: 4, iters: 2511, time: 0.483, data: 0.001) G_GAN_ViT: 0.478 D_real_ViT: 0.152 D_fake_ViT: 0.145 global: 0.465 spatial: 0.087 
(epoch: 4, iters: 2611, time: 0.483, data: 0.002) G_GAN_ViT: 0.401 D_real_ViT: 0.138 D_fake_ViT: 0.185 global: 0.366 spatial: 0.064 
(epoch: 4, iters: 2711, time: 0.483, data: 0.002) G_GAN_ViT: 0.416 D_real_ViT: 0.139 D_fake_ViT: 0.193 global: 0.428 spatial: 0.086 
(epoch: 4, iters: 2811, time: 0.483, data: 0.001) G_GAN_ViT: 0.374 D_real_ViT: 0.146 D_fake_ViT: 0.216 global: 0.399 spatial: 0.086 
(epoch: 4, iters: 2911, time: 0.483, data: 0.001) G_GAN_ViT: 0.499 D_real_ViT: 0.277 D_fake_ViT: 0.122 global: 0.317 spatial: 0.064 
(epoch: 4, iters: 3011, time: 0.483, data: 0.002) G_GAN_ViT: 0.365 D_real_ViT: 0.130 D_fake_ViT: 0.258 global: 0.511 spatial: 0.084 
(epoch: 4, iters: 3111, time: 0.483, data: 0.001) G_GAN_ViT: 0.387 D_real_ViT: 0.194 D_fake_ViT: 0.190 global: 0.416 spatial: 0.087 
(epoch: 4, iters: 3211, time: 0.483, data: 0.001) G_GAN_ViT: 0.418 D_real_ViT: 0.264 D_fake_ViT: 0.190 global: 0.382 spatial: 0.078 
(epoch: 4, iters: 3311, time: 0.483, data: 0.002) G_GAN_ViT: 0.357 D_real_ViT: 0.144 D_fake_ViT: 0.223 global: 0.423 spatial: 0.092 
(epoch: 4, iters: 3411, time: 0.483, data: 0.001) G_GAN_ViT: 0.463 D_real_ViT: 0.189 D_fake_ViT: 0.162 global: 0.449 spatial: 0.081 
(epoch: 4, iters: 3511, time: 0.485, data: 0.002) G_GAN_ViT: 0.464 D_real_ViT: 0.232 D_fake_ViT: 0.149 global: 0.472 spatial: 0.093 
(epoch: 4, iters: 3611, time: 0.484, data: 0.002) G_GAN_ViT: 0.497 D_real_ViT: 0.239 D_fake_ViT: 0.146 global: 0.375 spatial: 0.065 
(epoch: 4, iters: 3711, time: 0.485, data: 0.003) G_GAN_ViT: 0.508 D_real_ViT: 0.117 D_fake_ViT: 0.139 global: 0.355 spatial: 0.091 
(epoch: 4, iters: 3811, time: 0.484, data: 0.001) G_GAN_ViT: 0.609 D_real_ViT: 0.262 D_fake_ViT: 0.111 global: 0.393 spatial: 0.086 
(epoch: 4, iters: 3911, time: 0.484, data: 0.001) G_GAN_ViT: 0.405 D_real_ViT: 0.268 D_fake_ViT: 0.185 global: 0.330 spatial: 0.068 
(epoch: 4, iters: 4011, time: 0.485, data: 0.001) G_GAN_ViT: 0.449 D_real_ViT: 0.111 D_fake_ViT: 0.159 global: 0.434 spatial: 0.090 
(epoch: 4, iters: 4111, time: 0.485, data: 0.002) G_GAN_ViT: 0.484 D_real_ViT: 0.198 D_fake_ViT: 0.138 global: 0.587 spatial: 0.107 
(epoch: 4, iters: 4211, time: 0.485, data: 0.002) G_GAN_ViT: 0.331 D_real_ViT: 0.216 D_fake_ViT: 0.231 global: 0.479 spatial: 0.084 
(epoch: 4, iters: 4311, time: 0.485, data: 0.001) G_GAN_ViT: 0.343 D_real_ViT: 0.164 D_fake_ViT: 0.240 global: 0.333 spatial: 0.080 
(epoch: 4, iters: 4411, time: 0.485, data: 0.002) G_GAN_ViT: 0.527 D_real_ViT: 0.214 D_fake_ViT: 0.148 global: 0.397 spatial: 0.095 
(epoch: 4, iters: 4511, time: 0.485, data: 0.001) G_GAN_ViT: 0.323 D_real_ViT: 0.056 D_fake_ViT: 0.283 global: 0.545 spatial: 0.092 
(epoch: 4, iters: 4611, time: 0.485, data: 0.001) G_GAN_ViT: 0.578 D_real_ViT: 0.233 D_fake_ViT: 0.099 global: 0.496 spatial: 0.093 
(epoch: 4, iters: 4711, time: 0.485, data: 0.002) G_GAN_ViT: 0.374 D_real_ViT: 0.126 D_fake_ViT: 0.203 global: 0.309 spatial: 0.066 
(epoch: 4, iters: 4811, time: 0.485, data: 0.001) G_GAN_ViT: 0.456 D_real_ViT: 0.149 D_fake_ViT: 0.150 global: 0.391 spatial: 0.078 
(epoch: 4, iters: 4911, time: 0.485, data: 0.002) G_GAN_ViT: 0.308 D_real_ViT: 0.214 D_fake_ViT: 0.273 global: 0.470 spatial: 0.090 
(epoch: 4, iters: 5011, time: 0.485, data: 0.002) G_GAN_ViT: 0.488 D_real_ViT: 0.289 D_fake_ViT: 0.161 global: 0.437 spatial: 0.085 
(epoch: 4, iters: 5111, time: 0.485, data: 0.001) G_GAN_ViT: 0.527 D_real_ViT: 0.111 D_fake_ViT: 0.152 global: 0.513 spatial: 0.108 
(epoch: 4, iters: 5211, time: 0.485, data: 0.001) G_GAN_ViT: 0.575 D_real_ViT: 0.102 D_fake_ViT: 0.100 global: 0.373 spatial: 0.070 
(epoch: 4, iters: 5311, time: 0.485, data: 0.001) G_GAN_ViT: 0.452 D_real_ViT: 0.206 D_fake_ViT: 0.171 global: 0.558 spatial: 0.097 
(epoch: 4, iters: 5411, time: 0.485, data: 0.001) G_GAN_ViT: 0.523 D_real_ViT: 0.180 D_fake_ViT: 0.142 global: 0.484 spatial: 0.104 
(epoch: 4, iters: 5511, time: 0.484, data: 0.001) G_GAN_ViT: 0.402 D_real_ViT: 0.108 D_fake_ViT: 0.184 global: 0.413 spatial: 0.082 
(epoch: 4, iters: 5611, time: 0.483, data: 0.001) G_GAN_ViT: 0.450 D_real_ViT: 0.074 D_fake_ViT: 0.153 global: 0.397 spatial: 0.066 
saving the latest model (epoch 4, total_iters 25000)
ICL_single_traffic_hwy
(epoch: 4, iters: 5711, time: 0.483, data: 0.001) G_GAN_ViT: 0.332 D_real_ViT: 0.283 D_fake_ViT: 0.267 global: 0.484 spatial: 0.099 
(epoch: 4, iters: 5811, time: 0.484, data: 0.001) G_GAN_ViT: 0.430 D_real_ViT: 0.206 D_fake_ViT: 0.166 global: 0.469 spatial: 0.088 
(epoch: 4, iters: 5911, time: 0.485, data: 0.001) G_GAN_ViT: 0.465 D_real_ViT: 0.150 D_fake_ViT: 0.144 global: 0.435 spatial: 0.074 
(epoch: 4, iters: 6011, time: 0.483, data: 0.001) G_GAN_ViT: 0.506 D_real_ViT: 0.204 D_fake_ViT: 0.131 global: 0.316 spatial: 0.060 
(epoch: 4, iters: 6111, time: 0.484, data: 0.001) G_GAN_ViT: 0.439 D_real_ViT: 0.139 D_fake_ViT: 0.160 global: 0.388 spatial: 0.065 
(epoch: 4, iters: 6211, time: 0.485, data: 0.001) G_GAN_ViT: 0.465 D_real_ViT: 0.104 D_fake_ViT: 0.158 global: 0.452 spatial: 0.078 
(epoch: 4, iters: 6311, time: 0.485, data: 0.001) G_GAN_ViT: 0.533 D_real_ViT: 0.201 D_fake_ViT: 0.130 global: 0.469 spatial: 0.092 
(epoch: 4, iters: 6411, time: 0.485, data: 0.001) G_GAN_ViT: 0.534 D_real_ViT: 0.264 D_fake_ViT: 0.127 global: 0.490 spatial: 0.071 
End of epoch 4 / 100 	 Time Taken: 3144 sec
learning rate = 0.0000100
(epoch: 5, iters: 48, time: 0.485, data: 0.001) G_GAN_ViT: 0.662 D_real_ViT: 0.296 D_fake_ViT: 0.086 global: 0.452 spatial: 0.075 
(epoch: 5, iters: 148, time: 0.485, data: 0.001) G_GAN_ViT: 0.461 D_real_ViT: 0.219 D_fake_ViT: 0.171 global: 0.391 spatial: 0.088 
(epoch: 5, iters: 248, time: 0.485, data: 0.001) G_GAN_ViT: 0.439 D_real_ViT: 0.175 D_fake_ViT: 0.163 global: 0.371 spatial: 0.086 
(epoch: 5, iters: 348, time: 0.485, data: 0.001) G_GAN_ViT: 0.524 D_real_ViT: 0.384 D_fake_ViT: 0.120 global: 0.573 spatial: 0.081 
(epoch: 5, iters: 448, time: 0.486, data: 0.001) G_GAN_ViT: 0.529 D_real_ViT: 0.211 D_fake_ViT: 0.120 global: 0.392 spatial: 0.062 
(epoch: 5, iters: 548, time: 0.486, data: 0.001) G_GAN_ViT: 0.388 D_real_ViT: 0.130 D_fake_ViT: 0.195 global: 0.405 spatial: 0.076 
(epoch: 5, iters: 648, time: 0.486, data: 0.001) G_GAN_ViT: 0.359 D_real_ViT: 0.101 D_fake_ViT: 0.233 global: 0.437 spatial: 0.082 
(epoch: 5, iters: 748, time: 0.486, data: 0.001) G_GAN_ViT: 0.517 D_real_ViT: 0.082 D_fake_ViT: 0.144 global: 0.443 spatial: 0.095 
(epoch: 5, iters: 848, time: 0.486, data: 0.001) G_GAN_ViT: 0.347 D_real_ViT: 0.151 D_fake_ViT: 0.252 global: 0.520 spatial: 0.109 
(epoch: 5, iters: 948, time: 0.486, data: 0.001) G_GAN_ViT: 0.478 D_real_ViT: 0.225 D_fake_ViT: 0.140 global: 0.396 spatial: 0.084 
(epoch: 5, iters: 1048, time: 0.486, data: 0.001) G_GAN_ViT: 0.650 D_real_ViT: 0.329 D_fake_ViT: 0.070 global: 0.391 spatial: 0.064 
(epoch: 5, iters: 1148, time: 0.486, data: 0.001) G_GAN_ViT: 0.369 D_real_ViT: 0.325 D_fake_ViT: 0.201 global: 0.508 spatial: 0.093 
(epoch: 5, iters: 1248, time: 0.486, data: 0.001) G_GAN_ViT: 0.347 D_real_ViT: 0.198 D_fake_ViT: 0.221 global: 0.463 spatial: 0.070 
(epoch: 5, iters: 1348, time: 0.486, data: 0.001) G_GAN_ViT: 0.400 D_real_ViT: 0.393 D_fake_ViT: 0.185 global: 0.417 spatial: 0.097 
(epoch: 5, iters: 1448, time: 0.486, data: 0.001) G_GAN_ViT: 0.441 D_real_ViT: 0.107 D_fake_ViT: 0.177 global: 0.482 spatial: 0.087 
(epoch: 5, iters: 1548, time: 0.486, data: 0.001) G_GAN_ViT: 0.358 D_real_ViT: 0.083 D_fake_ViT: 0.236 global: 0.380 spatial: 0.079 
(epoch: 5, iters: 1648, time: 0.486, data: 0.001) G_GAN_ViT: 0.358 D_real_ViT: 0.189 D_fake_ViT: 0.213 global: 0.391 spatial: 0.087 
(epoch: 5, iters: 1748, time: 0.486, data: 0.001) G_GAN_ViT: 0.421 D_real_ViT: 0.129 D_fake_ViT: 0.179 global: 0.523 spatial: 0.098 
(epoch: 5, iters: 1848, time: 0.486, data: 0.001) G_GAN_ViT: 0.364 D_real_ViT: 0.305 D_fake_ViT: 0.220 global: 0.482 spatial: 0.102 
(epoch: 5, iters: 1948, time: 0.485, data: 0.001) G_GAN_ViT: 0.521 D_real_ViT: 0.167 D_fake_ViT: 0.139 global: 0.396 spatial: 0.091 
(epoch: 5, iters: 2048, time: 0.485, data: 0.001) G_GAN_ViT: 0.418 D_real_ViT: 0.158 D_fake_ViT: 0.188 global: 0.433 spatial: 0.090 
(epoch: 5, iters: 2148, time: 0.486, data: 0.001) G_GAN_ViT: 0.321 D_real_ViT: 0.381 D_fake_ViT: 0.233 global: 0.523 spatial: 0.082 
(epoch: 5, iters: 2248, time: 0.484, data: 0.001) G_GAN_ViT: 0.417 D_real_ViT: 0.301 D_fake_ViT: 0.202 global: 0.434 spatial: 0.084 
(epoch: 5, iters: 2348, time: 0.485, data: 0.001) G_GAN_ViT: 0.476 D_real_ViT: 0.339 D_fake_ViT: 0.151 global: 0.336 spatial: 0.079 
(epoch: 5, iters: 2448, time: 0.485, data: 0.001) G_GAN_ViT: 0.583 D_real_ViT: 0.167 D_fake_ViT: 0.126 global: 0.510 spatial: 0.102 
(epoch: 5, iters: 2548, time: 0.486, data: 0.001) G_GAN_ViT: 0.553 D_real_ViT: 0.099 D_fake_ViT: 0.121 global: 0.528 spatial: 0.099 
(epoch: 5, iters: 2648, time: 0.486, data: 0.001) G_GAN_ViT: 0.443 D_real_ViT: 0.225 D_fake_ViT: 0.159 global: 0.383 spatial: 0.082 
(epoch: 5, iters: 2748, time: 0.486, data: 0.001) G_GAN_ViT: 0.591 D_real_ViT: 0.277 D_fake_ViT: 0.123 global: 0.527 spatial: 0.090 
(epoch: 5, iters: 2848, time: 0.486, data: 0.001) G_GAN_ViT: 0.382 D_real_ViT: 0.203 D_fake_ViT: 0.211 global: 0.420 spatial: 0.086 
(epoch: 5, iters: 2948, time: 0.486, data: 0.001) G_GAN_ViT: 0.672 D_real_ViT: 0.208 D_fake_ViT: 0.079 global: 0.387 spatial: 0.077 
(epoch: 5, iters: 3048, time: 0.486, data: 0.001) G_GAN_ViT: 0.319 D_real_ViT: 0.172 D_fake_ViT: 0.247 global: 0.373 spatial: 0.076 
(epoch: 5, iters: 3148, time: 0.486, data: 0.001) G_GAN_ViT: 0.516 D_real_ViT: 0.263 D_fake_ViT: 0.138 global: 0.464 spatial: 0.088 
(epoch: 5, iters: 3248, time: 0.486, data: 0.001) G_GAN_ViT: 0.435 D_real_ViT: 0.277 D_fake_ViT: 0.161 global: 0.502 spatial: 0.087 
(epoch: 5, iters: 3348, time: 0.486, data: 0.001) G_GAN_ViT: 0.372 D_real_ViT: 0.172 D_fake_ViT: 0.199 global: 0.387 spatial: 0.082 
(epoch: 5, iters: 3448, time: 0.486, data: 0.001) G_GAN_ViT: 0.490 D_real_ViT: 0.121 D_fake_ViT: 0.136 global: 0.463 spatial: 0.079 
(epoch: 5, iters: 3548, time: 0.486, data: 0.001) G_GAN_ViT: 0.520 D_real_ViT: 0.152 D_fake_ViT: 0.145 global: 0.482 spatial: 0.082 
(epoch: 5, iters: 3648, time: 0.486, data: 0.001) G_GAN_ViT: 0.324 D_real_ViT: 0.340 D_fake_ViT: 0.258 global: 0.366 spatial: 0.075 
(epoch: 5, iters: 3748, time: 0.486, data: 0.001) G_GAN_ViT: 0.463 D_real_ViT: 0.206 D_fake_ViT: 0.147 global: 0.356 spatial: 0.061 
(epoch: 5, iters: 3848, time: 0.486, data: 0.001) G_GAN_ViT: 0.412 D_real_ViT: 0.262 D_fake_ViT: 0.219 global: 0.556 spatial: 0.082 
(epoch: 5, iters: 3948, time: 0.486, data: 0.001) G_GAN_ViT: 0.542 D_real_ViT: 0.185 D_fake_ViT: 0.115 global: 0.380 spatial: 0.075 
(epoch: 5, iters: 4048, time: 0.485, data: 0.002) G_GAN_ViT: 0.415 D_real_ViT: 0.193 D_fake_ViT: 0.191 global: 0.469 spatial: 0.090 
(epoch: 5, iters: 4148, time: 0.484, data: 0.001) G_GAN_ViT: 0.322 D_real_ViT: 0.184 D_fake_ViT: 0.242 global: 0.438 spatial: 0.089 
saving the latest model (epoch 5, total_iters 30000)
ICL_single_traffic_hwy
(epoch: 5, iters: 4248, time: 0.484, data: 0.001) G_GAN_ViT: 0.393 D_real_ViT: 0.147 D_fake_ViT: 0.200 global: 0.538 spatial: 0.099 
(epoch: 5, iters: 4348, time: 0.485, data: 0.001) G_GAN_ViT: 0.399 D_real_ViT: 0.142 D_fake_ViT: 0.195 global: 0.353 spatial: 0.077 
(epoch: 5, iters: 4448, time: 0.486, data: 0.002) G_GAN_ViT: 0.599 D_real_ViT: 0.360 D_fake_ViT: 0.092 global: 0.375 spatial: 0.065 
(epoch: 5, iters: 4548, time: 0.486, data: 0.001) G_GAN_ViT: 0.455 D_real_ViT: 0.069 D_fake_ViT: 0.169 global: 0.477 spatial: 0.085 
(epoch: 5, iters: 4648, time: 0.486, data: 0.001) G_GAN_ViT: 0.428 D_real_ViT: 0.157 D_fake_ViT: 0.176 global: 0.436 spatial: 0.085 
(epoch: 5, iters: 4748, time: 0.486, data: 0.002) G_GAN_ViT: 0.361 D_real_ViT: 0.278 D_fake_ViT: 0.213 global: 0.453 spatial: 0.089 
(epoch: 5, iters: 4848, time: 0.486, data: 0.002) G_GAN_ViT: 0.425 D_real_ViT: 0.123 D_fake_ViT: 0.204 global: 0.409 spatial: 0.087 
(epoch: 5, iters: 4948, time: 0.486, data: 0.001) G_GAN_ViT: 0.484 D_real_ViT: 0.326 D_fake_ViT: 0.137 global: 0.463 spatial: 0.083 
(epoch: 5, iters: 5048, time: 0.486, data: 0.001) G_GAN_ViT: 0.449 D_real_ViT: 0.240 D_fake_ViT: 0.156 global: 0.424 spatial: 0.076 
(epoch: 5, iters: 5148, time: 0.486, data: 0.001) G_GAN_ViT: 0.486 D_real_ViT: 0.228 D_fake_ViT: 0.135 global: 0.491 spatial: 0.086 
(epoch: 5, iters: 5248, time: 0.485, data: 0.001) G_GAN_ViT: 0.414 D_real_ViT: 0.164 D_fake_ViT: 0.182 global: 0.458 spatial: 0.086 
(epoch: 5, iters: 5348, time: 0.485, data: 0.001) G_GAN_ViT: 0.433 D_real_ViT: 0.071 D_fake_ViT: 0.171 global: 0.380 spatial: 0.076 
(epoch: 5, iters: 5448, time: 0.485, data: 0.001) G_GAN_ViT: 0.491 D_real_ViT: 0.246 D_fake_ViT: 0.149 global: 0.296 spatial: 0.079 
(epoch: 5, iters: 5548, time: 0.485, data: 0.001) G_GAN_ViT: 0.291 D_real_ViT: 0.217 D_fake_ViT: 0.282 global: 0.476 spatial: 0.083 
(epoch: 5, iters: 5648, time: 0.485, data: 0.001) G_GAN_ViT: 0.462 D_real_ViT: 0.226 D_fake_ViT: 0.137 global: 0.342 spatial: 0.073 
(epoch: 5, iters: 5748, time: 0.486, data: 0.001) G_GAN_ViT: 0.553 D_real_ViT: 0.201 D_fake_ViT: 0.120 global: 0.346 spatial: 0.076 
(epoch: 5, iters: 5848, time: 0.486, data: 0.001) G_GAN_ViT: 0.536 D_real_ViT: 0.349 D_fake_ViT: 0.118 global: 0.501 spatial: 0.082 
(epoch: 5, iters: 5948, time: 0.486, data: 0.001) G_GAN_ViT: 0.530 D_real_ViT: 0.202 D_fake_ViT: 0.116 global: 0.458 spatial: 0.080 
(epoch: 5, iters: 6048, time: 0.485, data: 0.001) G_GAN_ViT: 0.392 D_real_ViT: 0.120 D_fake_ViT: 0.189 global: 0.388 spatial: 0.066 
(epoch: 5, iters: 6148, time: 0.485, data: 0.001) G_GAN_ViT: 0.494 D_real_ViT: 0.402 D_fake_ViT: 0.123 global: 0.510 spatial: 0.096 
(epoch: 5, iters: 6248, time: 0.485, data: 0.001) G_GAN_ViT: 0.504 D_real_ViT: 0.077 D_fake_ViT: 0.154 global: 0.415 spatial: 0.085 
(epoch: 5, iters: 6348, time: 0.485, data: 0.001) G_GAN_ViT: 0.388 D_real_ViT: 0.165 D_fake_ViT: 0.236 global: 0.386 spatial: 0.085 
(epoch: 5, iters: 6448, time: 0.485, data: 0.001) G_GAN_ViT: 0.401 D_real_ViT: 0.384 D_fake_ViT: 0.187 global: 0.569 spatial: 0.095 
saving the model at the end of epoch 5, iters 32315
End of epoch 5 / 100 	 Time Taken: 3149 sec
learning rate = 0.0000100
(epoch: 6, iters: 85, time: 0.485, data: 0.001) G_GAN_ViT: 0.393 D_real_ViT: 0.093 D_fake_ViT: 0.201 global: 0.333 spatial: 0.069 
(epoch: 6, iters: 185, time: 0.485, data: 0.002) G_GAN_ViT: 0.266 D_real_ViT: 0.326 D_fake_ViT: 0.316 global: 0.486 spatial: 0.079 
(epoch: 6, iters: 285, time: 0.485, data: 0.002) G_GAN_ViT: 0.364 D_real_ViT: 0.206 D_fake_ViT: 0.224 global: 0.403 spatial: 0.091 
(epoch: 6, iters: 385, time: 0.485, data: 0.002) G_GAN_ViT: 0.437 D_real_ViT: 0.214 D_fake_ViT: 0.169 global: 0.445 spatial: 0.086 
(epoch: 6, iters: 485, time: 0.485, data: 0.002) G_GAN_ViT: 0.583 D_real_ViT: 0.104 D_fake_ViT: 0.097 global: 0.440 spatial: 0.079 
(epoch: 6, iters: 585, time: 0.485, data: 0.002) G_GAN_ViT: 0.482 D_real_ViT: 0.187 D_fake_ViT: 0.160 global: 0.492 spatial: 0.096 
(epoch: 6, iters: 685, time: 0.485, data: 0.001) G_GAN_ViT: 0.309 D_real_ViT: 0.204 D_fake_ViT: 0.248 global: 0.421 spatial: 0.094 
(epoch: 6, iters: 785, time: 0.485, data: 0.001) G_GAN_ViT: 0.438 D_real_ViT: 0.262 D_fake_ViT: 0.150 global: 0.348 spatial: 0.067 
(epoch: 6, iters: 885, time: 0.486, data: 0.001) G_GAN_ViT: 0.628 D_real_ViT: 0.266 D_fake_ViT: 0.084 global: 0.479 spatial: 0.090 
(epoch: 6, iters: 985, time: 0.487, data: 0.001) G_GAN_ViT: 0.519 D_real_ViT: 0.199 D_fake_ViT: 0.123 global: 0.453 spatial: 0.071 
(epoch: 6, iters: 1085, time: 0.486, data: 0.001) G_GAN_ViT: 0.383 D_real_ViT: 0.183 D_fake_ViT: 0.191 global: 0.465 spatial: 0.087 
(epoch: 6, iters: 1185, time: 0.486, data: 0.001) G_GAN_ViT: 0.486 D_real_ViT: 0.207 D_fake_ViT: 0.140 global: 0.425 spatial: 0.079 
(epoch: 6, iters: 1285, time: 0.485, data: 0.001) G_GAN_ViT: 0.398 D_real_ViT: 0.217 D_fake_ViT: 0.193 global: 0.443 spatial: 0.083 
(epoch: 6, iters: 1385, time: 0.485, data: 0.001) G_GAN_ViT: 0.288 D_real_ViT: 0.263 D_fake_ViT: 0.271 global: 0.400 spatial: 0.075 
(epoch: 6, iters: 1485, time: 0.485, data: 0.001) G_GAN_ViT: 0.348 D_real_ViT: 0.372 D_fake_ViT: 0.207 global: 0.445 spatial: 0.074 
(epoch: 6, iters: 1585, time: 0.485, data: 0.001) G_GAN_ViT: 0.449 D_real_ViT: 0.193 D_fake_ViT: 0.146 global: 0.369 spatial: 0.064 
(epoch: 6, iters: 1685, time: 0.485, data: 0.001) G_GAN_ViT: 0.412 D_real_ViT: 0.245 D_fake_ViT: 0.192 global: 0.484 spatial: 0.108 
(epoch: 6, iters: 1785, time: 0.485, data: 0.001) G_GAN_ViT: 0.446 D_real_ViT: 0.137 D_fake_ViT: 0.168 global: 0.406 spatial: 0.073 
(epoch: 6, iters: 1885, time: 0.485, data: 0.001) G_GAN_ViT: 0.335 D_real_ViT: 0.140 D_fake_ViT: 0.243 global: 0.393 spatial: 0.074 
(epoch: 6, iters: 1985, time: 0.485, data: 0.001) G_GAN_ViT: 0.453 D_real_ViT: 0.296 D_fake_ViT: 0.142 global: 0.496 spatial: 0.072 
(epoch: 6, iters: 2085, time: 0.486, data: 0.001) G_GAN_ViT: 0.537 D_real_ViT: 0.144 D_fake_ViT: 0.131 global: 0.495 spatial: 0.088 
(epoch: 6, iters: 2185, time: 0.486, data: 0.002) G_GAN_ViT: 0.480 D_real_ViT: 0.128 D_fake_ViT: 0.137 global: 0.402 spatial: 0.072 
(epoch: 6, iters: 2285, time: 0.485, data: 0.002) G_GAN_ViT: 0.474 D_real_ViT: 0.210 D_fake_ViT: 0.142 global: 0.394 spatial: 0.085 
(epoch: 6, iters: 2385, time: 0.484, data: 0.002) G_GAN_ViT: 0.493 D_real_ViT: 0.194 D_fake_ViT: 0.143 global: 0.470 spatial: 0.079 
(epoch: 6, iters: 2485, time: 0.484, data: 0.001) G_GAN_ViT: 0.449 D_real_ViT: 0.129 D_fake_ViT: 0.168 global: 0.500 spatial: 0.091 
(epoch: 6, iters: 2585, time: 0.483, data: 0.002) G_GAN_ViT: 0.301 D_real_ViT: 0.154 D_fake_ViT: 0.289 global: 0.444 spatial: 0.090 
(epoch: 6, iters: 2685, time: 0.482, data: 0.001) G_GAN_ViT: 0.427 D_real_ViT: 0.106 D_fake_ViT: 0.166 global: 0.452 spatial: 0.089 
saving the latest model (epoch 6, total_iters 35000)
ICL_single_traffic_hwy
(epoch: 6, iters: 2785, time: 0.484, data: 0.001) G_GAN_ViT: 0.534 D_real_ViT: 0.313 D_fake_ViT: 0.108 global: 0.469 spatial: 0.080 
(epoch: 6, iters: 2885, time: 0.484, data: 0.002) G_GAN_ViT: 0.466 D_real_ViT: 0.194 D_fake_ViT: 0.149 global: 0.488 spatial: 0.090 
(epoch: 6, iters: 2985, time: 0.486, data: 0.001) G_GAN_ViT: 0.427 D_real_ViT: 0.280 D_fake_ViT: 0.189 global: 0.446 spatial: 0.086 
(epoch: 6, iters: 3085, time: 0.488, data: 0.001) G_GAN_ViT: 0.393 D_real_ViT: 0.153 D_fake_ViT: 0.196 global: 0.363 spatial: 0.092 
(epoch: 6, iters: 3185, time: 0.489, data: 0.001) G_GAN_ViT: 0.473 D_real_ViT: 0.278 D_fake_ViT: 0.132 global: 0.408 spatial: 0.081 
(epoch: 6, iters: 3285, time: 0.489, data: 0.002) G_GAN_ViT: 0.602 D_real_ViT: 0.174 D_fake_ViT: 0.086 global: 0.536 spatial: 0.092 
(epoch: 6, iters: 3385, time: 0.489, data: 0.001) G_GAN_ViT: 0.562 D_real_ViT: 0.286 D_fake_ViT: 0.102 global: 0.440 spatial: 0.071 
(epoch: 6, iters: 3485, time: 0.488, data: 0.001) G_GAN_ViT: 0.356 D_real_ViT: 0.252 D_fake_ViT: 0.251 global: 0.352 spatial: 0.072 
(epoch: 6, iters: 3585, time: 0.487, data: 0.001) G_GAN_ViT: 0.367 D_real_ViT: 0.256 D_fake_ViT: 0.218 global: 0.484 spatial: 0.086 
(epoch: 6, iters: 3685, time: 0.486, data: 0.001) G_GAN_ViT: 0.305 D_real_ViT: 0.218 D_fake_ViT: 0.258 global: 0.374 spatial: 0.079 
(epoch: 6, iters: 3785, time: 0.485, data: 0.001) G_GAN_ViT: 0.503 D_real_ViT: 0.155 D_fake_ViT: 0.125 global: 0.328 spatial: 0.067 
(epoch: 6, iters: 3885, time: 0.485, data: 0.001) G_GAN_ViT: 0.466 D_real_ViT: 0.267 D_fake_ViT: 0.157 global: 0.535 spatial: 0.099 
(epoch: 6, iters: 3985, time: 0.485, data: 0.002) G_GAN_ViT: 0.476 D_real_ViT: 0.165 D_fake_ViT: 0.141 global: 0.299 spatial: 0.060 
(epoch: 6, iters: 4085, time: 0.485, data: 0.001) G_GAN_ViT: 0.494 D_real_ViT: 0.205 D_fake_ViT: 0.132 global: 0.364 spatial: 0.075 
(epoch: 6, iters: 4185, time: 0.484, data: 0.001) G_GAN_ViT: 0.391 D_real_ViT: 0.230 D_fake_ViT: 0.173 global: 0.378 spatial: 0.067 
(epoch: 6, iters: 4285, time: 0.484, data: 0.001) G_GAN_ViT: 0.313 D_real_ViT: 0.211 D_fake_ViT: 0.258 global: 0.467 spatial: 0.084 
(epoch: 6, iters: 4385, time: 0.485, data: 0.001) G_GAN_ViT: 0.383 D_real_ViT: 0.277 D_fake_ViT: 0.198 global: 0.471 spatial: 0.088 
(epoch: 6, iters: 4485, time: 0.485, data: 0.001) G_GAN_ViT: 0.309 D_real_ViT: 0.179 D_fake_ViT: 0.254 global: 0.408 spatial: 0.077 
(epoch: 6, iters: 4585, time: 0.485, data: 0.001) G_GAN_ViT: 0.374 D_real_ViT: 0.067 D_fake_ViT: 0.242 global: 0.471 spatial: 0.087 
(epoch: 6, iters: 4685, time: 0.485, data: 0.002) G_GAN_ViT: 0.369 D_real_ViT: 0.070 D_fake_ViT: 0.217 global: 0.472 spatial: 0.082 
(epoch: 6, iters: 4785, time: 0.485, data: 0.001) G_GAN_ViT: 0.561 D_real_ViT: 0.337 D_fake_ViT: 0.118 global: 0.362 spatial: 0.074 
(epoch: 6, iters: 4885, time: 0.485, data: 0.002) G_GAN_ViT: 0.479 D_real_ViT: 0.089 D_fake_ViT: 0.178 global: 0.437 spatial: 0.098 
(epoch: 6, iters: 4985, time: 0.485, data: 0.001) G_GAN_ViT: 0.416 D_real_ViT: 0.109 D_fake_ViT: 0.169 global: 0.379 spatial: 0.083 
(epoch: 6, iters: 5085, time: 0.484, data: 0.002) G_GAN_ViT: 0.668 D_real_ViT: 0.381 D_fake_ViT: 0.083 global: 0.512 spatial: 0.086 
(epoch: 6, iters: 5185, time: 0.485, data: 0.002) G_GAN_ViT: 0.373 D_real_ViT: 0.220 D_fake_ViT: 0.198 global: 0.406 spatial: 0.072 
(epoch: 6, iters: 5285, time: 0.485, data: 0.001) G_GAN_ViT: 0.426 D_real_ViT: 0.299 D_fake_ViT: 0.183 global: 0.571 spatial: 0.101 
(epoch: 6, iters: 5385, time: 0.485, data: 0.001) G_GAN_ViT: 0.491 D_real_ViT: 0.075 D_fake_ViT: 0.150 global: 0.360 spatial: 0.077 
(epoch: 6, iters: 5485, time: 0.485, data: 0.001) G_GAN_ViT: 0.527 D_real_ViT: 0.331 D_fake_ViT: 0.142 global: 0.497 spatial: 0.091 
(epoch: 6, iters: 5585, time: 0.485, data: 0.001) G_GAN_ViT: 0.493 D_real_ViT: 0.113 D_fake_ViT: 0.177 global: 0.512 spatial: 0.089 
(epoch: 6, iters: 5685, time: 0.485, data: 0.001) G_GAN_ViT: 0.346 D_real_ViT: 0.150 D_fake_ViT: 0.216 global: 0.376 spatial: 0.079 
(epoch: 6, iters: 5785, time: 0.485, data: 0.001) G_GAN_ViT: 0.449 D_real_ViT: 0.096 D_fake_ViT: 0.156 global: 0.338 spatial: 0.058 
(epoch: 6, iters: 5885, time: 0.485, data: 0.001) G_GAN_ViT: 0.398 D_real_ViT: 0.104 D_fake_ViT: 0.210 global: 0.435 spatial: 0.089 
(epoch: 6, iters: 5985, time: 0.485, data: 0.001) G_GAN_ViT: 0.482 D_real_ViT: 0.171 D_fake_ViT: 0.144 global: 0.378 spatial: 0.073 
(epoch: 6, iters: 6085, time: 0.485, data: 0.001) G_GAN_ViT: 0.491 D_real_ViT: 0.177 D_fake_ViT: 0.128 global: 0.383 spatial: 0.077 
(epoch: 6, iters: 6185, time: 0.485, data: 0.001) G_GAN_ViT: 0.404 D_real_ViT: 0.227 D_fake_ViT: 0.193 global: 0.319 spatial: 0.064 
(epoch: 6, iters: 6285, time: 0.485, data: 0.001) G_GAN_ViT: 0.653 D_real_ViT: 0.175 D_fake_ViT: 0.085 global: 0.483 spatial: 0.097 
(epoch: 6, iters: 6385, time: 0.485, data: 0.001) G_GAN_ViT: 0.481 D_real_ViT: 0.243 D_fake_ViT: 0.137 global: 0.366 spatial: 0.058 
End of epoch 6 / 100 	 Time Taken: 3147 sec
learning rate = 0.0000100
(epoch: 7, iters: 22, time: 0.485, data: 0.001) G_GAN_ViT: 0.535 D_real_ViT: 0.330 D_fake_ViT: 0.117 global: 0.365 spatial: 0.083 
(epoch: 7, iters: 122, time: 0.485, data: 0.001) G_GAN_ViT: 0.379 D_real_ViT: 0.193 D_fake_ViT: 0.189 global: 0.457 spatial: 0.082 
(epoch: 7, iters: 222, time: 0.485, data: 0.001) G_GAN_ViT: 0.526 D_real_ViT: 0.134 D_fake_ViT: 0.121 global: 0.420 spatial: 0.087 
(epoch: 7, iters: 322, time: 0.485, data: 0.001) G_GAN_ViT: 0.605 D_real_ViT: 0.167 D_fake_ViT: 0.086 global: 0.378 spatial: 0.079 
(epoch: 7, iters: 422, time: 0.485, data: 0.001) G_GAN_ViT: 0.359 D_real_ViT: 0.313 D_fake_ViT: 0.209 global: 0.312 spatial: 0.069 
(epoch: 7, iters: 522, time: 0.486, data: 0.001) G_GAN_ViT: 0.536 D_real_ViT: 0.159 D_fake_ViT: 0.105 global: 0.412 spatial: 0.092 
(epoch: 7, iters: 622, time: 0.487, data: 0.002) G_GAN_ViT: 0.375 D_real_ViT: 0.219 D_fake_ViT: 0.205 global: 0.372 spatial: 0.067 
(epoch: 7, iters: 722, time: 0.489, data: 0.001) G_GAN_ViT: 0.509 D_real_ViT: 0.149 D_fake_ViT: 0.137 global: 0.446 spatial: 0.087 
(epoch: 7, iters: 822, time: 0.490, data: 0.002) G_GAN_ViT: 0.569 D_real_ViT: 0.191 D_fake_ViT: 0.148 global: 0.358 spatial: 0.089 
(epoch: 7, iters: 922, time: 0.490, data: 0.001) G_GAN_ViT: 0.537 D_real_ViT: 0.137 D_fake_ViT: 0.113 global: 0.371 spatial: 0.073 
(epoch: 7, iters: 1022, time: 0.490, data: 0.002) G_GAN_ViT: 0.638 D_real_ViT: 0.206 D_fake_ViT: 0.115 global: 0.488 spatial: 0.102 
(epoch: 7, iters: 1122, time: 0.490, data: 0.001) G_GAN_ViT: 0.481 D_real_ViT: 0.345 D_fake_ViT: 0.124 global: 0.419 spatial: 0.088 
(epoch: 7, iters: 1222, time: 0.489, data: 0.001) G_GAN_ViT: 0.435 D_real_ViT: 0.102 D_fake_ViT: 0.175 global: 0.625 spatial: 0.099 
saving the latest model (epoch 7, total_iters 40000)
ICL_single_traffic_hwy
(epoch: 7, iters: 1322, time: 0.488, data: 0.001) G_GAN_ViT: 0.498 D_real_ViT: 0.244 D_fake_ViT: 0.139 global: 0.364 spatial: 0.079 
(epoch: 7, iters: 1422, time: 0.488, data: 0.001) G_GAN_ViT: 0.420 D_real_ViT: 0.187 D_fake_ViT: 0.181 global: 0.527 spatial: 0.093 
(epoch: 7, iters: 1522, time: 0.488, data: 0.001) G_GAN_ViT: 0.473 D_real_ViT: 0.224 D_fake_ViT: 0.156 global: 0.511 spatial: 0.078 
(epoch: 7, iters: 1622, time: 0.489, data: 0.001) G_GAN_ViT: 0.505 D_real_ViT: 0.152 D_fake_ViT: 0.125 global: 0.341 spatial: 0.066 
(epoch: 7, iters: 1722, time: 0.488, data: 0.002) G_GAN_ViT: 0.645 D_real_ViT: 0.283 D_fake_ViT: 0.103 global: 0.505 spatial: 0.103 
(epoch: 7, iters: 1822, time: 0.487, data: 0.001) G_GAN_ViT: 0.307 D_real_ViT: 0.183 D_fake_ViT: 0.295 global: 0.451 spatial: 0.088 
(epoch: 7, iters: 1922, time: 0.486, data: 0.001) G_GAN_ViT: 0.518 D_real_ViT: 0.232 D_fake_ViT: 0.134 global: 0.426 spatial: 0.088 
(epoch: 7, iters: 2022, time: 0.485, data: 0.001) G_GAN_ViT: 0.293 D_real_ViT: 0.132 D_fake_ViT: 0.292 global: 0.414 spatial: 0.071 
(epoch: 7, iters: 2122, time: 0.485, data: 0.001) G_GAN_ViT: 0.377 D_real_ViT: 0.334 D_fake_ViT: 0.192 global: 0.378 spatial: 0.083 
(epoch: 7, iters: 2222, time: 0.485, data: 0.001) G_GAN_ViT: 0.460 D_real_ViT: 0.135 D_fake_ViT: 0.146 global: 0.445 spatial: 0.090 
(epoch: 7, iters: 2322, time: 0.485, data: 0.001) G_GAN_ViT: 0.424 D_real_ViT: 0.127 D_fake_ViT: 0.181 global: 0.387 spatial: 0.079 
(epoch: 7, iters: 2422, time: 0.484, data: 0.001) G_GAN_ViT: 0.387 D_real_ViT: 0.325 D_fake_ViT: 0.202 global: 0.467 spatial: 0.092 
(epoch: 7, iters: 2522, time: 0.484, data: 0.002) G_GAN_ViT: 0.362 D_real_ViT: 0.124 D_fake_ViT: 0.233 global: 0.518 spatial: 0.098 
(epoch: 7, iters: 2622, time: 0.483, data: 0.001) G_GAN_ViT: 0.457 D_real_ViT: 0.112 D_fake_ViT: 0.149 global: 0.421 spatial: 0.080 
(epoch: 7, iters: 2722, time: 0.483, data: 0.001) G_GAN_ViT: 0.489 D_real_ViT: 0.190 D_fake_ViT: 0.128 global: 0.427 spatial: 0.076 
(epoch: 7, iters: 2822, time: 0.483, data: 0.001) G_GAN_ViT: 0.502 D_real_ViT: 0.205 D_fake_ViT: 0.125 global: 0.514 spatial: 0.094 
(epoch: 7, iters: 2922, time: 0.484, data: 0.001) G_GAN_ViT: 0.436 D_real_ViT: 0.118 D_fake_ViT: 0.221 global: 0.497 spatial: 0.121 
(epoch: 7, iters: 3022, time: 0.485, data: 0.001) G_GAN_ViT: 0.527 D_real_ViT: 0.130 D_fake_ViT: 0.123 global: 0.467 spatial: 0.081 
(epoch: 7, iters: 3122, time: 0.485, data: 0.001) G_GAN_ViT: 0.531 D_real_ViT: 0.194 D_fake_ViT: 0.123 global: 0.353 spatial: 0.072 
(epoch: 7, iters: 3222, time: 0.485, data: 0.001) G_GAN_ViT: 0.334 D_real_ViT: 0.168 D_fake_ViT: 0.228 global: 0.463 spatial: 0.083 
(epoch: 7, iters: 3322, time: 0.485, data: 0.001) G_GAN_ViT: 0.342 D_real_ViT: 0.103 D_fake_ViT: 0.224 global: 0.372 spatial: 0.073 
(epoch: 7, iters: 3422, time: 0.485, data: 0.001) G_GAN_ViT: 0.568 D_real_ViT: 0.138 D_fake_ViT: 0.117 global: 0.384 spatial: 0.066 
(epoch: 7, iters: 3522, time: 0.485, data: 0.001) G_GAN_ViT: 0.293 D_real_ViT: 0.071 D_fake_ViT: 0.296 global: 0.364 spatial: 0.078 
(epoch: 7, iters: 3622, time: 0.485, data: 0.001) G_GAN_ViT: 0.522 D_real_ViT: 0.333 D_fake_ViT: 0.121 global: 0.373 spatial: 0.075 
(epoch: 7, iters: 3722, time: 0.486, data: 0.001) G_GAN_ViT: 0.382 D_real_ViT: 0.268 D_fake_ViT: 0.195 global: 0.474 spatial: 0.084 
(epoch: 7, iters: 3822, time: 0.486, data: 0.001) G_GAN_ViT: 0.273 D_real_ViT: 0.202 D_fake_ViT: 0.282 global: 0.481 spatial: 0.079 
(epoch: 7, iters: 3922, time: 0.485, data: 0.002) G_GAN_ViT: 0.458 D_real_ViT: 0.233 D_fake_ViT: 0.159 global: 0.415 spatial: 0.088 
(epoch: 7, iters: 4022, time: 0.485, data: 0.001) G_GAN_ViT: 0.299 D_real_ViT: 0.138 D_fake_ViT: 0.281 global: 0.440 spatial: 0.095 
(epoch: 7, iters: 4122, time: 0.485, data: 0.001) G_GAN_ViT: 0.458 D_real_ViT: 0.213 D_fake_ViT: 0.157 global: 0.306 spatial: 0.071 
(epoch: 7, iters: 4222, time: 0.485, data: 0.001) G_GAN_ViT: 0.461 D_real_ViT: 0.135 D_fake_ViT: 0.161 global: 0.575 spatial: 0.092 
(epoch: 7, iters: 4322, time: 0.485, data: 0.001) G_GAN_ViT: 0.377 D_real_ViT: 0.156 D_fake_ViT: 0.209 global: 0.442 spatial: 0.089 
(epoch: 7, iters: 4422, time: 0.485, data: 0.001) G_GAN_ViT: 0.409 D_real_ViT: 0.281 D_fake_ViT: 0.194 global: 0.570 spatial: 0.095 
(epoch: 7, iters: 4522, time: 0.484, data: 0.001) G_GAN_ViT: 0.500 D_real_ViT: 0.168 D_fake_ViT: 0.136 global: 0.327 spatial: 0.066 
(epoch: 7, iters: 4622, time: 0.484, data: 0.002) G_GAN_ViT: 0.451 D_real_ViT: 0.111 D_fake_ViT: 0.155 global: 0.374 spatial: 0.063 
(epoch: 7, iters: 4722, time: 0.485, data: 0.001) G_GAN_ViT: 0.539 D_real_ViT: 0.121 D_fake_ViT: 0.117 global: 0.403 spatial: 0.063 
(epoch: 7, iters: 4822, time: 0.484, data: 0.001) G_GAN_ViT: 0.589 D_real_ViT: 0.237 D_fake_ViT: 0.139 global: 0.403 spatial: 0.088 
(epoch: 7, iters: 4922, time: 0.483, data: 0.001) G_GAN_ViT: 0.376 D_real_ViT: 0.286 D_fake_ViT: 0.189 global: 0.439 spatial: 0.079 
(epoch: 7, iters: 5022, time: 0.484, data: 0.001) G_GAN_ViT: 0.456 D_real_ViT: 0.200 D_fake_ViT: 0.166 global: 0.498 spatial: 0.089 
(epoch: 7, iters: 5122, time: 0.483, data: 0.001) G_GAN_ViT: 0.371 D_real_ViT: 0.141 D_fake_ViT: 0.208 global: 0.416 spatial: 0.086 
(epoch: 7, iters: 5222, time: 0.484, data: 0.001) G_GAN_ViT: 0.426 D_real_ViT: 0.267 D_fake_ViT: 0.168 global: 0.426 spatial: 0.091 
(epoch: 7, iters: 5322, time: 0.484, data: 0.001) G_GAN_ViT: 0.390 D_real_ViT: 0.249 D_fake_ViT: 0.195 global: 0.479 spatial: 0.093 
(epoch: 7, iters: 5422, time: 0.484, data: 0.001) G_GAN_ViT: 0.356 D_real_ViT: 0.174 D_fake_ViT: 0.224 global: 0.509 spatial: 0.080 
(epoch: 7, iters: 5522, time: 0.484, data: 0.001) G_GAN_ViT: 0.461 D_real_ViT: 0.333 D_fake_ViT: 0.158 global: 0.386 spatial: 0.084 
(epoch: 7, iters: 5622, time: 0.485, data: 0.001) G_GAN_ViT: 0.481 D_real_ViT: 0.135 D_fake_ViT: 0.150 global: 0.402 spatial: 0.081 
(epoch: 7, iters: 5722, time: 0.484, data: 0.001) G_GAN_ViT: 0.420 D_real_ViT: 0.130 D_fake_ViT: 0.176 global: 0.390 spatial: 0.071 
(epoch: 7, iters: 5822, time: 0.484, data: 0.001) G_GAN_ViT: 0.441 D_real_ViT: 0.306 D_fake_ViT: 0.172 global: 0.361 spatial: 0.074 
(epoch: 7, iters: 5922, time: 0.485, data: 0.001) G_GAN_ViT: 0.437 D_real_ViT: 0.217 D_fake_ViT: 0.169 global: 0.494 spatial: 0.091 
(epoch: 7, iters: 6022, time: 0.484, data: 0.001) G_GAN_ViT: 0.439 D_real_ViT: 0.245 D_fake_ViT: 0.151 global: 0.489 spatial: 0.089 
(epoch: 7, iters: 6122, time: 0.484, data: 0.001) G_GAN_ViT: 0.469 D_real_ViT: 0.323 D_fake_ViT: 0.177 global: 0.373 spatial: 0.079 
(epoch: 7, iters: 6222, time: 0.484, data: 0.001) G_GAN_ViT: 0.300 D_real_ViT: 0.129 D_fake_ViT: 0.284 global: 0.455 spatial: 0.082 
saving the latest model (epoch 7, total_iters 45000)
ICL_single_traffic_hwy
(epoch: 7, iters: 6322, time: 0.483, data: 0.001) G_GAN_ViT: 0.409 D_real_ViT: 0.300 D_fake_ViT: 0.162 global: 0.358 spatial: 0.075 
(epoch: 7, iters: 6422, time: 0.483, data: 0.001) G_GAN_ViT: 0.415 D_real_ViT: 0.123 D_fake_ViT: 0.183 global: 0.545 spatial: 0.079 
End of epoch 7 / 100 	 Time Taken: 3147 sec
learning rate = 0.0000100
(epoch: 8, iters: 59, time: 0.484, data: 0.001) G_GAN_ViT: 0.370 D_real_ViT: 0.333 D_fake_ViT: 0.202 global: 0.420 spatial: 0.087 
(epoch: 8, iters: 159, time: 0.484, data: 0.001) G_GAN_ViT: 0.445 D_real_ViT: 0.209 D_fake_ViT: 0.143 global: 0.357 spatial: 0.080 
(epoch: 8, iters: 259, time: 0.484, data: 0.001) G_GAN_ViT: 0.459 D_real_ViT: 0.098 D_fake_ViT: 0.150 global: 0.394 spatial: 0.097 
(epoch: 8, iters: 359, time: 0.484, data: 0.001) G_GAN_ViT: 0.403 D_real_ViT: 0.291 D_fake_ViT: 0.199 global: 0.540 spatial: 0.093 
(epoch: 8, iters: 459, time: 0.484, data: 0.001) G_GAN_ViT: 0.365 D_real_ViT: 0.216 D_fake_ViT: 0.203 global: 0.517 spatial: 0.090 
(epoch: 8, iters: 559, time: 0.485, data: 0.001) G_GAN_ViT: 0.327 D_real_ViT: 0.104 D_fake_ViT: 0.247 global: 0.493 spatial: 0.096 
(epoch: 8, iters: 659, time: 0.485, data: 0.001) G_GAN_ViT: 0.358 D_real_ViT: 0.216 D_fake_ViT: 0.216 global: 0.363 spatial: 0.082 
(epoch: 8, iters: 759, time: 0.485, data: 0.001) G_GAN_ViT: 0.418 D_real_ViT: 0.288 D_fake_ViT: 0.183 global: 0.437 spatial: 0.089 
(epoch: 8, iters: 859, time: 0.485, data: 0.001) G_GAN_ViT: 0.490 D_real_ViT: 0.169 D_fake_ViT: 0.131 global: 0.488 spatial: 0.085 
(epoch: 8, iters: 959, time: 0.485, data: 0.001) G_GAN_ViT: 0.445 D_real_ViT: 0.144 D_fake_ViT: 0.160 global: 0.388 spatial: 0.071 
(epoch: 8, iters: 1059, time: 0.485, data: 0.001) G_GAN_ViT: 0.373 D_real_ViT: 0.185 D_fake_ViT: 0.233 global: 0.392 spatial: 0.078 
(epoch: 8, iters: 1159, time: 0.485, data: 0.001) G_GAN_ViT: 0.370 D_real_ViT: 0.237 D_fake_ViT: 0.212 global: 0.437 spatial: 0.084 
(epoch: 8, iters: 1259, time: 0.485, data: 0.001) G_GAN_ViT: 0.602 D_real_ViT: 0.166 D_fake_ViT: 0.121 global: 0.586 spatial: 0.088 
(epoch: 8, iters: 1359, time: 0.485, data: 0.001) G_GAN_ViT: 0.499 D_real_ViT: 0.118 D_fake_ViT: 0.139 global: 0.476 spatial: 0.085 
(epoch: 8, iters: 1459, time: 0.485, data: 0.001) G_GAN_ViT: 0.443 D_real_ViT: 0.224 D_fake_ViT: 0.169 global: 0.430 spatial: 0.087 
(epoch: 8, iters: 1559, time: 0.486, data: 0.001) G_GAN_ViT: 0.443 D_real_ViT: 0.152 D_fake_ViT: 0.163 global: 0.397 spatial: 0.072 
(epoch: 8, iters: 1659, time: 0.485, data: 0.001) G_GAN_ViT: 0.468 D_real_ViT: 0.119 D_fake_ViT: 0.169 global: 0.489 spatial: 0.089 
(epoch: 8, iters: 1759, time: 0.485, data: 0.001) G_GAN_ViT: 0.401 D_real_ViT: 0.154 D_fake_ViT: 0.201 global: 0.462 spatial: 0.088 
(epoch: 8, iters: 1859, time: 0.485, data: 0.001) G_GAN_ViT: 0.520 D_real_ViT: 0.097 D_fake_ViT: 0.116 global: 0.386 spatial: 0.072 
(epoch: 8, iters: 1959, time: 0.486, data: 0.001) G_GAN_ViT: 0.418 D_real_ViT: 0.114 D_fake_ViT: 0.184 global: 0.419 spatial: 0.077 
(epoch: 8, iters: 2059, time: 0.485, data: 0.001) G_GAN_ViT: 0.451 D_real_ViT: 0.226 D_fake_ViT: 0.152 global: 0.427 spatial: 0.079 
(epoch: 8, iters: 2159, time: 0.485, data: 0.001) G_GAN_ViT: 0.312 D_real_ViT: 0.136 D_fake_ViT: 0.267 global: 0.429 spatial: 0.092 
(epoch: 8, iters: 2259, time: 0.485, data: 0.001) G_GAN_ViT: 0.440 D_real_ViT: 0.133 D_fake_ViT: 0.158 global: 0.397 spatial: 0.075 
(epoch: 8, iters: 2359, time: 0.485, data: 0.002) G_GAN_ViT: 0.519 D_real_ViT: 0.209 D_fake_ViT: 0.125 global: 0.478 spatial: 0.083 
(epoch: 8, iters: 2459, time: 0.485, data: 0.001) G_GAN_ViT: 0.428 D_real_ViT: 0.241 D_fake_ViT: 0.156 global: 0.414 spatial: 0.071 
(epoch: 8, iters: 2559, time: 0.486, data: 0.001) G_GAN_ViT: 0.524 D_real_ViT: 0.228 D_fake_ViT: 0.117 global: 0.440 spatial: 0.079 
(epoch: 8, iters: 2659, time: 0.486, data: 0.001) G_GAN_ViT: 0.517 D_real_ViT: 0.359 D_fake_ViT: 0.131 global: 0.420 spatial: 0.090 
(epoch: 8, iters: 2759, time: 0.486, data: 0.001) G_GAN_ViT: 0.325 D_real_ViT: 0.251 D_fake_ViT: 0.247 global: 0.470 spatial: 0.092 
(epoch: 8, iters: 2859, time: 0.485, data: 0.001) G_GAN_ViT: 0.388 D_real_ViT: 0.244 D_fake_ViT: 0.193 global: 0.450 spatial: 0.090 
(epoch: 8, iters: 2959, time: 0.485, data: 0.001) G_GAN_ViT: 0.616 D_real_ViT: 0.237 D_fake_ViT: 0.094 global: 0.363 spatial: 0.077 
(epoch: 8, iters: 3059, time: 0.485, data: 0.001) G_GAN_ViT: 0.365 D_real_ViT: 0.121 D_fake_ViT: 0.225 global: 0.375 spatial: 0.086 
(epoch: 8, iters: 3159, time: 0.486, data: 0.001) G_GAN_ViT: 0.490 D_real_ViT: 0.127 D_fake_ViT: 0.138 global: 0.459 spatial: 0.065 
(epoch: 8, iters: 3259, time: 0.485, data: 0.001) G_GAN_ViT: 0.358 D_real_ViT: 0.249 D_fake_ViT: 0.229 global: 0.443 spatial: 0.098 
(epoch: 8, iters: 3359, time: 0.485, data: 0.001) G_GAN_ViT: 0.418 D_real_ViT: 0.145 D_fake_ViT: 0.171 global: 0.471 spatial: 0.089 
(epoch: 8, iters: 3459, time: 0.485, data: 0.001) G_GAN_ViT: 0.337 D_real_ViT: 0.149 D_fake_ViT: 0.252 global: 0.453 spatial: 0.091 
(epoch: 8, iters: 3559, time: 0.486, data: 0.001) G_GAN_ViT: 0.440 D_real_ViT: 0.229 D_fake_ViT: 0.168 global: 0.369 spatial: 0.079 
(epoch: 8, iters: 3659, time: 0.486, data: 0.001) G_GAN_ViT: 0.476 D_real_ViT: 0.140 D_fake_ViT: 0.164 global: 0.419 spatial: 0.085 
(epoch: 8, iters: 3759, time: 0.486, data: 0.001) G_GAN_ViT: 0.459 D_real_ViT: 0.147 D_fake_ViT: 0.161 global: 0.410 spatial: 0.078 
(epoch: 8, iters: 3859, time: 0.486, data: 0.001) G_GAN_ViT: 0.592 D_real_ViT: 0.330 D_fake_ViT: 0.107 global: 0.502 spatial: 0.087 
(epoch: 8, iters: 3959, time: 0.486, data: 0.001) G_GAN_ViT: 0.486 D_real_ViT: 0.251 D_fake_ViT: 0.174 global: 0.486 spatial: 0.089 
(epoch: 8, iters: 4059, time: 0.486, data: 0.001) G_GAN_ViT: 0.319 D_real_ViT: 0.151 D_fake_ViT: 0.240 global: 0.453 spatial: 0.095 
(epoch: 8, iters: 4159, time: 0.486, data: 0.001) G_GAN_ViT: 0.621 D_real_ViT: 0.063 D_fake_ViT: 0.099 global: 0.480 spatial: 0.082 
(epoch: 8, iters: 4259, time: 0.486, data: 0.001) G_GAN_ViT: 0.409 D_real_ViT: 0.210 D_fake_ViT: 0.173 global: 0.440 spatial: 0.078 
(epoch: 8, iters: 4359, time: 0.485, data: 0.001) G_GAN_ViT: 0.382 D_real_ViT: 0.156 D_fake_ViT: 0.191 global: 0.420 spatial: 0.078 
(epoch: 8, iters: 4459, time: 0.485, data: 0.001) G_GAN_ViT: 0.485 D_real_ViT: 0.282 D_fake_ViT: 0.134 global: 0.408 spatial: 0.072 
(epoch: 8, iters: 4559, time: 0.485, data: 0.001) G_GAN_ViT: 0.290 D_real_ViT: 0.116 D_fake_ViT: 0.288 global: 0.466 spatial: 0.084 
(epoch: 8, iters: 4659, time: 0.485, data: 0.001) G_GAN_ViT: 0.501 D_real_ViT: 0.215 D_fake_ViT: 0.143 global: 0.413 spatial: 0.085 
(epoch: 8, iters: 4759, time: 0.485, data: 0.001) G_GAN_ViT: 0.281 D_real_ViT: 0.180 D_fake_ViT: 0.265 global: 0.363 spatial: 0.073 
saving the latest model (epoch 8, total_iters 50000)
ICL_single_traffic_hwy
(epoch: 8, iters: 4859, time: 0.483, data: 0.001) G_GAN_ViT: 0.403 D_real_ViT: 0.102 D_fake_ViT: 0.179 global: 0.403 spatial: 0.089 
(epoch: 8, iters: 4959, time: 0.483, data: 0.001) G_GAN_ViT: 0.615 D_real_ViT: 0.121 D_fake_ViT: 0.094 global: 0.452 spatial: 0.072 
(epoch: 8, iters: 5059, time: 0.484, data: 0.001) G_GAN_ViT: 0.425 D_real_ViT: 0.159 D_fake_ViT: 0.162 global: 0.370 spatial: 0.088 
(epoch: 8, iters: 5159, time: 0.484, data: 0.001) G_GAN_ViT: 0.455 D_real_ViT: 0.096 D_fake_ViT: 0.180 global: 0.499 spatial: 0.105 
(epoch: 8, iters: 5259, time: 0.484, data: 0.001) G_GAN_ViT: 0.368 D_real_ViT: 0.178 D_fake_ViT: 0.207 global: 0.424 spatial: 0.075 
(epoch: 8, iters: 5359, time: 0.485, data: 0.001) G_GAN_ViT: 0.469 D_real_ViT: 0.225 D_fake_ViT: 0.146 global: 0.377 spatial: 0.073 
(epoch: 8, iters: 5459, time: 0.485, data: 0.001) G_GAN_ViT: 0.445 D_real_ViT: 0.238 D_fake_ViT: 0.165 global: 0.397 spatial: 0.080 
(epoch: 8, iters: 5559, time: 0.484, data: 0.001) G_GAN_ViT: 0.483 D_real_ViT: 0.196 D_fake_ViT: 0.147 global: 0.338 spatial: 0.077 
(epoch: 8, iters: 5659, time: 0.483, data: 0.001) G_GAN_ViT: 0.382 D_real_ViT: 0.121 D_fake_ViT: 0.186 global: 0.333 spatial: 0.072 
(epoch: 8, iters: 5759, time: 0.484, data: 0.001) G_GAN_ViT: 0.598 D_real_ViT: 0.095 D_fake_ViT: 0.125 global: 0.416 spatial: 0.084 
(epoch: 8, iters: 5859, time: 0.484, data: 0.001) G_GAN_ViT: 0.346 D_real_ViT: 0.230 D_fake_ViT: 0.225 global: 0.458 spatial: 0.087 
(epoch: 8, iters: 5959, time: 0.485, data: 0.001) G_GAN_ViT: 0.560 D_real_ViT: 0.141 D_fake_ViT: 0.120 global: 0.333 spatial: 0.074 
(epoch: 8, iters: 6059, time: 0.485, data: 0.001) G_GAN_ViT: 0.494 D_real_ViT: 0.223 D_fake_ViT: 0.156 global: 0.455 spatial: 0.079 
(epoch: 8, iters: 6159, time: 0.485, data: 0.001) G_GAN_ViT: 0.389 D_real_ViT: 0.206 D_fake_ViT: 0.194 global: 0.388 spatial: 0.073 
(epoch: 8, iters: 6259, time: 0.485, data: 0.001) G_GAN_ViT: 0.480 D_real_ViT: 0.178 D_fake_ViT: 0.140 global: 0.379 spatial: 0.085 
(epoch: 8, iters: 6359, time: 0.485, data: 0.001) G_GAN_ViT: 0.383 D_real_ViT: 0.246 D_fake_ViT: 0.236 global: 0.433 spatial: 0.100 
(epoch: 8, iters: 6459, time: 0.485, data: 0.001) G_GAN_ViT: 0.473 D_real_ViT: 0.114 D_fake_ViT: 0.147 global: 0.399 spatial: 0.089 
End of epoch 8 / 100 	 Time Taken: 3144 sec
learning rate = 0.0000100
(epoch: 9, iters: 96, time: 0.484, data: 0.001) G_GAN_ViT: 0.519 D_real_ViT: 0.159 D_fake_ViT: 0.127 global: 0.514 spatial: 0.091 
(epoch: 9, iters: 196, time: 0.485, data: 0.001) G_GAN_ViT: 0.489 D_real_ViT: 0.291 D_fake_ViT: 0.142 global: 0.364 spatial: 0.079 
(epoch: 9, iters: 296, time: 0.485, data: 0.001) G_GAN_ViT: 0.466 D_real_ViT: 0.199 D_fake_ViT: 0.145 global: 0.517 spatial: 0.102 
(epoch: 9, iters: 396, time: 0.485, data: 0.001) G_GAN_ViT: 0.423 D_real_ViT: 0.213 D_fake_ViT: 0.158 global: 0.328 spatial: 0.057 
(epoch: 9, iters: 496, time: 0.485, data: 0.001) G_GAN_ViT: 0.404 D_real_ViT: 0.200 D_fake_ViT: 0.184 global: 0.382 spatial: 0.070 
(epoch: 9, iters: 596, time: 0.485, data: 0.001) G_GAN_ViT: 0.452 D_real_ViT: 0.166 D_fake_ViT: 0.155 global: 0.360 spatial: 0.074 
(epoch: 9, iters: 696, time: 0.485, data: 0.001) G_GAN_ViT: 0.417 D_real_ViT: 0.092 D_fake_ViT: 0.178 global: 0.361 spatial: 0.085 
(epoch: 9, iters: 796, time: 0.485, data: 0.001) G_GAN_ViT: 0.396 D_real_ViT: 0.075 D_fake_ViT: 0.194 global: 0.442 spatial: 0.086 
(epoch: 9, iters: 896, time: 0.485, data: 0.002) G_GAN_ViT: 0.513 D_real_ViT: 0.078 D_fake_ViT: 0.143 global: 0.472 spatial: 0.087 
(epoch: 9, iters: 996, time: 0.485, data: 0.001) G_GAN_ViT: 0.436 D_real_ViT: 0.129 D_fake_ViT: 0.154 global: 0.514 spatial: 0.079 
(epoch: 9, iters: 1096, time: 0.486, data: 0.001) G_GAN_ViT: 0.353 D_real_ViT: 0.126 D_fake_ViT: 0.230 global: 0.405 spatial: 0.084 
(epoch: 9, iters: 1196, time: 0.486, data: 0.001) G_GAN_ViT: 0.503 D_real_ViT: 0.268 D_fake_ViT: 0.128 global: 0.383 spatial: 0.081 
(epoch: 9, iters: 1296, time: 0.486, data: 0.001) G_GAN_ViT: 0.385 D_real_ViT: 0.302 D_fake_ViT: 0.187 global: 0.398 spatial: 0.083 
(epoch: 9, iters: 1396, time: 0.485, data: 0.001) G_GAN_ViT: 0.568 D_real_ViT: 0.294 D_fake_ViT: 0.105 global: 0.421 spatial: 0.081 
(epoch: 9, iters: 1496, time: 0.486, data: 0.001) G_GAN_ViT: 0.677 D_real_ViT: 0.264 D_fake_ViT: 0.069 global: 0.347 spatial: 0.060 
(epoch: 9, iters: 1596, time: 0.486, data: 0.001) G_GAN_ViT: 0.512 D_real_ViT: 0.214 D_fake_ViT: 0.114 global: 0.576 spatial: 0.093 
(epoch: 9, iters: 1696, time: 0.486, data: 0.001) G_GAN_ViT: 0.382 D_real_ViT: 0.145 D_fake_ViT: 0.190 global: 0.460 spatial: 0.075 
(epoch: 9, iters: 1796, time: 0.486, data: 0.001) G_GAN_ViT: 0.430 D_real_ViT: 0.124 D_fake_ViT: 0.156 global: 0.463 spatial: 0.077 
(epoch: 9, iters: 1896, time: 0.486, data: 0.001) G_GAN_ViT: 0.347 D_real_ViT: 0.180 D_fake_ViT: 0.223 global: 0.327 spatial: 0.072 
(epoch: 9, iters: 1996, time: 0.485, data: 0.001) G_GAN_ViT: 0.248 D_real_ViT: 0.270 D_fake_ViT: 0.317 global: 0.383 spatial: 0.065 
(epoch: 9, iters: 2096, time: 0.486, data: 0.001) G_GAN_ViT: 0.318 D_real_ViT: 0.237 D_fake_ViT: 0.230 global: 0.492 spatial: 0.088 
(epoch: 9, iters: 2196, time: 0.486, data: 0.001) G_GAN_ViT: 0.523 D_real_ViT: 0.118 D_fake_ViT: 0.121 global: 0.376 spatial: 0.084 
(epoch: 9, iters: 2296, time: 0.486, data: 0.001) G_GAN_ViT: 0.390 D_real_ViT: 0.116 D_fake_ViT: 0.193 global: 0.565 spatial: 0.090 
(epoch: 9, iters: 2396, time: 0.486, data: 0.001) G_GAN_ViT: 0.461 D_real_ViT: 0.084 D_fake_ViT: 0.155 global: 0.419 spatial: 0.072 
(epoch: 9, iters: 2496, time: 0.486, data: 0.001) G_GAN_ViT: 0.426 D_real_ViT: 0.093 D_fake_ViT: 0.166 global: 0.417 spatial: 0.083 
(epoch: 9, iters: 2596, time: 0.486, data: 0.001) G_GAN_ViT: 0.461 D_real_ViT: 0.243 D_fake_ViT: 0.151 global: 0.433 spatial: 0.088 
(epoch: 9, iters: 2696, time: 0.486, data: 0.001) G_GAN_ViT: 0.299 D_real_ViT: 0.239 D_fake_ViT: 0.285 global: 0.336 spatial: 0.072 
(epoch: 9, iters: 2796, time: 0.485, data: 0.001) G_GAN_ViT: 0.367 D_real_ViT: 0.321 D_fake_ViT: 0.251 global: 0.453 spatial: 0.081 
(epoch: 9, iters: 2896, time: 0.486, data: 0.001) G_GAN_ViT: 0.535 D_real_ViT: 0.161 D_fake_ViT: 0.137 global: 0.550 spatial: 0.107 
(epoch: 9, iters: 2996, time: 0.486, data: 0.001) G_GAN_ViT: 0.455 D_real_ViT: 0.105 D_fake_ViT: 0.163 global: 0.333 spatial: 0.070 
(epoch: 9, iters: 3096, time: 0.486, data: 0.001) G_GAN_ViT: 0.490 D_real_ViT: 0.081 D_fake_ViT: 0.152 global: 0.505 spatial: 0.106 
(epoch: 9, iters: 3196, time: 0.485, data: 0.001) G_GAN_ViT: 0.545 D_real_ViT: 0.308 D_fake_ViT: 0.112 global: 0.423 spatial: 0.073 
(epoch: 9, iters: 3296, time: 0.485, data: 0.001) G_GAN_ViT: 0.343 D_real_ViT: 0.264 D_fake_ViT: 0.267 global: 0.359 spatial: 0.079 
saving the latest model (epoch 9, total_iters 55000)
ICL_single_traffic_hwy
(epoch: 9, iters: 3396, time: 0.485, data: 0.001) G_GAN_ViT: 0.417 D_real_ViT: 0.276 D_fake_ViT: 0.172 global: 0.460 spatial: 0.071 
(epoch: 9, iters: 3496, time: 0.485, data: 0.001) G_GAN_ViT: 0.509 D_real_ViT: 0.312 D_fake_ViT: 0.149 global: 0.389 spatial: 0.087 
(epoch: 9, iters: 3596, time: 0.485, data: 0.001) G_GAN_ViT: 0.375 D_real_ViT: 0.189 D_fake_ViT: 0.195 global: 0.366 spatial: 0.057 
(epoch: 9, iters: 3696, time: 0.485, data: 0.001) G_GAN_ViT: 0.474 D_real_ViT: 0.121 D_fake_ViT: 0.154 global: 0.582 spatial: 0.103 
(epoch: 9, iters: 3796, time: 0.485, data: 0.001) G_GAN_ViT: 0.453 D_real_ViT: 0.147 D_fake_ViT: 0.152 global: 0.370 spatial: 0.077 
(epoch: 9, iters: 3896, time: 0.484, data: 0.001) G_GAN_ViT: 0.322 D_real_ViT: 0.251 D_fake_ViT: 0.225 global: 0.372 spatial: 0.077 
(epoch: 9, iters: 3996, time: 0.484, data: 0.001) G_GAN_ViT: 0.487 D_real_ViT: 0.149 D_fake_ViT: 0.155 global: 0.451 spatial: 0.085 
(epoch: 9, iters: 4096, time: 0.485, data: 0.001) G_GAN_ViT: 0.496 D_real_ViT: 0.134 D_fake_ViT: 0.132 global: 0.384 spatial: 0.069 
(epoch: 9, iters: 4196, time: 0.485, data: 0.001) G_GAN_ViT: 0.482 D_real_ViT: 0.122 D_fake_ViT: 0.142 global: 0.438 spatial: 0.076 
(epoch: 9, iters: 4296, time: 0.485, data: 0.001) G_GAN_ViT: 0.483 D_real_ViT: 0.183 D_fake_ViT: 0.148 global: 0.320 spatial: 0.091 
(epoch: 9, iters: 4396, time: 0.485, data: 0.001) G_GAN_ViT: 0.436 D_real_ViT: 0.251 D_fake_ViT: 0.162 global: 0.478 spatial: 0.086 
(epoch: 9, iters: 4496, time: 0.483, data: 0.001) G_GAN_ViT: 0.310 D_real_ViT: 0.262 D_fake_ViT: 0.265 global: 0.465 spatial: 0.076 
(epoch: 9, iters: 4596, time: 0.484, data: 0.001) G_GAN_ViT: 0.492 D_real_ViT: 0.303 D_fake_ViT: 0.142 global: 0.395 spatial: 0.088 
(epoch: 9, iters: 4696, time: 0.484, data: 0.001) G_GAN_ViT: 0.395 D_real_ViT: 0.184 D_fake_ViT: 0.210 global: 0.345 spatial: 0.078 
(epoch: 9, iters: 4796, time: 0.485, data: 0.001) G_GAN_ViT: 0.312 D_real_ViT: 0.091 D_fake_ViT: 0.277 global: 0.419 spatial: 0.069 
(epoch: 9, iters: 4896, time: 0.485, data: 0.001) G_GAN_ViT: 0.413 D_real_ViT: 0.254 D_fake_ViT: 0.190 global: 0.428 spatial: 0.092 
(epoch: 9, iters: 4996, time: 0.485, data: 0.001) G_GAN_ViT: 0.502 D_real_ViT: 0.196 D_fake_ViT: 0.121 global: 0.387 spatial: 0.062 
(epoch: 9, iters: 5096, time: 0.485, data: 0.001) G_GAN_ViT: 0.512 D_real_ViT: 0.386 D_fake_ViT: 0.126 global: 0.342 spatial: 0.066 
(epoch: 9, iters: 5196, time: 0.485, data: 0.002) G_GAN_ViT: 0.484 D_real_ViT: 0.203 D_fake_ViT: 0.176 global: 0.391 spatial: 0.068 
(epoch: 9, iters: 5296, time: 0.485, data: 0.001) G_GAN_ViT: 0.456 D_real_ViT: 0.133 D_fake_ViT: 0.164 global: 0.468 spatial: 0.089 
(epoch: 9, iters: 5396, time: 0.486, data: 0.001) G_GAN_ViT: 0.445 D_real_ViT: 0.164 D_fake_ViT: 0.173 global: 0.438 spatial: 0.088 
(epoch: 9, iters: 5496, time: 0.486, data: 0.001) G_GAN_ViT: 0.536 D_real_ViT: 0.128 D_fake_ViT: 0.115 global: 0.386 spatial: 0.087 
(epoch: 9, iters: 5596, time: 0.485, data: 0.001) G_GAN_ViT: 0.495 D_real_ViT: 0.151 D_fake_ViT: 0.167 global: 0.485 spatial: 0.089 
(epoch: 9, iters: 5696, time: 0.485, data: 0.001) G_GAN_ViT: 0.420 D_real_ViT: 0.350 D_fake_ViT: 0.163 global: 0.436 spatial: 0.068 
(epoch: 9, iters: 5796, time: 0.485, data: 0.001) G_GAN_ViT: 0.480 D_real_ViT: 0.174 D_fake_ViT: 0.164 global: 0.574 spatial: 0.118 
(epoch: 9, iters: 5896, time: 0.486, data: 0.001) G_GAN_ViT: 0.398 D_real_ViT: 0.246 D_fake_ViT: 0.177 global: 0.395 spatial: 0.071 
(epoch: 9, iters: 5996, time: 0.486, data: 0.001) G_GAN_ViT: 0.536 D_real_ViT: 0.255 D_fake_ViT: 0.117 global: 0.425 spatial: 0.108 
(epoch: 9, iters: 6096, time: 0.486, data: 0.001) G_GAN_ViT: 0.464 D_real_ViT: 0.314 D_fake_ViT: 0.170 global: 0.321 spatial: 0.070 
(epoch: 9, iters: 6196, time: 0.485, data: 0.001) G_GAN_ViT: 0.348 D_real_ViT: 0.189 D_fake_ViT: 0.230 global: 0.464 spatial: 0.074 
(epoch: 9, iters: 6296, time: 0.485, data: 0.001) G_GAN_ViT: 0.375 D_real_ViT: 0.191 D_fake_ViT: 0.192 global: 0.431 spatial: 0.081 
(epoch: 9, iters: 6396, time: 0.486, data: 0.001) G_GAN_ViT: 0.567 D_real_ViT: 0.348 D_fake_ViT: 0.126 global: 0.405 spatial: 0.092 
End of epoch 9 / 100 	 Time Taken: 3146 sec
learning rate = 0.0000100
(epoch: 10, iters: 33, time: 0.485, data: 0.001) G_GAN_ViT: 0.522 D_real_ViT: 0.110 D_fake_ViT: 0.116 global: 0.511 spatial: 0.085 
(epoch: 10, iters: 133, time: 0.485, data: 0.001) G_GAN_ViT: 0.513 D_real_ViT: 0.052 D_fake_ViT: 0.122 global: 0.355 spatial: 0.077 
(epoch: 10, iters: 233, time: 0.485, data: 0.001) G_GAN_ViT: 0.529 D_real_ViT: 0.266 D_fake_ViT: 0.121 global: 0.332 spatial: 0.063 
(epoch: 10, iters: 333, time: 0.485, data: 0.001) G_GAN_ViT: 0.517 D_real_ViT: 0.168 D_fake_ViT: 0.120 global: 0.423 spatial: 0.084 
(epoch: 10, iters: 433, time: 0.485, data: 0.001) G_GAN_ViT: 0.597 D_real_ViT: 0.113 D_fake_ViT: 0.112 global: 0.584 spatial: 0.085 
(epoch: 10, iters: 533, time: 0.485, data: 0.001) G_GAN_ViT: 0.562 D_real_ViT: 0.191 D_fake_ViT: 0.109 global: 0.417 spatial: 0.070 
(epoch: 10, iters: 633, time: 0.485, data: 0.001) G_GAN_ViT: 0.756 D_real_ViT: 0.143 D_fake_ViT: 0.075 global: 0.547 spatial: 0.089 
(epoch: 10, iters: 733, time: 0.485, data: 0.002) G_GAN_ViT: 0.416 D_real_ViT: 0.115 D_fake_ViT: 0.174 global: 0.435 spatial: 0.092 
(epoch: 10, iters: 833, time: 0.486, data: 0.001) G_GAN_ViT: 0.344 D_real_ViT: 0.314 D_fake_ViT: 0.235 global: 0.450 spatial: 0.083 
(epoch: 10, iters: 933, time: 0.485, data: 0.001) G_GAN_ViT: 0.491 D_real_ViT: 0.201 D_fake_ViT: 0.143 global: 0.310 spatial: 0.067 
(epoch: 10, iters: 1033, time: 0.485, data: 0.001) G_GAN_ViT: 0.399 D_real_ViT: 0.210 D_fake_ViT: 0.192 global: 0.416 spatial: 0.085 
(epoch: 10, iters: 1133, time: 0.485, data: 0.001) G_GAN_ViT: 0.409 D_real_ViT: 0.140 D_fake_ViT: 0.203 global: 0.344 spatial: 0.073 
(epoch: 10, iters: 1233, time: 0.485, data: 0.001) G_GAN_ViT: 0.377 D_real_ViT: 0.124 D_fake_ViT: 0.212 global: 0.396 spatial: 0.071 
(epoch: 10, iters: 1333, time: 0.485, data: 0.001) G_GAN_ViT: 0.546 D_real_ViT: 0.249 D_fake_ViT: 0.118 global: 0.405 spatial: 0.099 
(epoch: 10, iters: 1433, time: 0.485, data: 0.001) G_GAN_ViT: 0.522 D_real_ViT: 0.122 D_fake_ViT: 0.143 global: 0.555 spatial: 0.100 
(epoch: 10, iters: 1533, time: 0.485, data: 0.001) G_GAN_ViT: 0.340 D_real_ViT: 0.162 D_fake_ViT: 0.229 global: 0.353 spatial: 0.085 
(epoch: 10, iters: 1633, time: 0.485, data: 0.001) G_GAN_ViT: 0.447 D_real_ViT: 0.261 D_fake_ViT: 0.167 global: 0.422 spatial: 0.084 
(epoch: 10, iters: 1733, time: 0.485, data: 0.001) G_GAN_ViT: 0.381 D_real_ViT: 0.110 D_fake_ViT: 0.222 global: 0.476 spatial: 0.079 
(epoch: 10, iters: 1833, time: 0.485, data: 0.001) G_GAN_ViT: 0.355 D_real_ViT: 0.159 D_fake_ViT: 0.222 global: 0.536 spatial: 0.094 
saving the latest model (epoch 10, total_iters 60000)
ICL_single_traffic_hwy
(epoch: 10, iters: 1933, time: 0.485, data: 0.001) G_GAN_ViT: 0.452 D_real_ViT: 0.154 D_fake_ViT: 0.155 global: 0.365 spatial: 0.078 
(epoch: 10, iters: 2033, time: 0.484, data: 0.001) G_GAN_ViT: 0.551 D_real_ViT: 0.107 D_fake_ViT: 0.113 global: 0.560 spatial: 0.085 
(epoch: 10, iters: 2133, time: 0.484, data: 0.001) G_GAN_ViT: 0.440 D_real_ViT: 0.345 D_fake_ViT: 0.166 global: 0.413 spatial: 0.080 
(epoch: 10, iters: 2233, time: 0.484, data: 0.001) G_GAN_ViT: 0.404 D_real_ViT: 0.081 D_fake_ViT: 0.183 global: 0.383 spatial: 0.094 
(epoch: 10, iters: 2333, time: 0.485, data: 0.001) G_GAN_ViT: 0.386 D_real_ViT: 0.047 D_fake_ViT: 0.214 global: 0.466 spatial: 0.089 
(epoch: 10, iters: 2433, time: 0.485, data: 0.001) G_GAN_ViT: 0.517 D_real_ViT: 0.198 D_fake_ViT: 0.181 global: 0.504 spatial: 0.100 
(epoch: 10, iters: 2533, time: 0.485, data: 0.001) G_GAN_ViT: 0.485 D_real_ViT: 0.195 D_fake_ViT: 0.165 global: 0.509 spatial: 0.103 
(epoch: 10, iters: 2633, time: 0.485, data: 0.001) G_GAN_ViT: 0.360 D_real_ViT: 0.149 D_fake_ViT: 0.224 global: 0.414 spatial: 0.093 
(epoch: 10, iters: 2733, time: 0.485, data: 0.001) G_GAN_ViT: 0.438 D_real_ViT: 0.164 D_fake_ViT: 0.175 global: 0.466 spatial: 0.085 
(epoch: 10, iters: 2833, time: 0.485, data: 0.001) G_GAN_ViT: 0.421 D_real_ViT: 0.199 D_fake_ViT: 0.169 global: 0.368 spatial: 0.066 
(epoch: 10, iters: 2933, time: 0.485, data: 0.001) G_GAN_ViT: 0.673 D_real_ViT: 0.086 D_fake_ViT: 0.099 global: 0.571 spatial: 0.112 
(epoch: 10, iters: 3033, time: 0.485, data: 0.001) G_GAN_ViT: 0.497 D_real_ViT: 0.173 D_fake_ViT: 0.136 global: 0.319 spatial: 0.064 
(epoch: 10, iters: 3133, time: 0.485, data: 0.001) G_GAN_ViT: 0.402 D_real_ViT: 0.277 D_fake_ViT: 0.196 global: 0.341 spatial: 0.070 
(epoch: 10, iters: 3233, time: 0.485, data: 0.001) G_GAN_ViT: 0.538 D_real_ViT: 0.298 D_fake_ViT: 0.121 global: 0.374 spatial: 0.074 
(epoch: 10, iters: 3333, time: 0.485, data: 0.001) G_GAN_ViT: 0.496 D_real_ViT: 0.188 D_fake_ViT: 0.128 global: 0.396 spatial: 0.078 
(epoch: 10, iters: 3433, time: 0.485, data: 0.001) G_GAN_ViT: 0.444 D_real_ViT: 0.259 D_fake_ViT: 0.175 global: 0.482 spatial: 0.103 
(epoch: 10, iters: 3533, time: 0.485, data: 0.001) G_GAN_ViT: 0.268 D_real_ViT: 0.108 D_fake_ViT: 0.312 global: 0.414 spatial: 0.076 
(epoch: 10, iters: 3633, time: 0.485, data: 0.001) G_GAN_ViT: 0.427 D_real_ViT: 0.121 D_fake_ViT: 0.188 global: 0.322 spatial: 0.063 
(epoch: 10, iters: 3733, time: 0.485, data: 0.002) G_GAN_ViT: 0.435 D_real_ViT: 0.216 D_fake_ViT: 0.154 global: 0.397 spatial: 0.077 
(epoch: 10, iters: 3833, time: 0.486, data: 0.001) G_GAN_ViT: 0.396 D_real_ViT: 0.150 D_fake_ViT: 0.188 global: 0.415 spatial: 0.072 
(epoch: 10, iters: 3933, time: 0.485, data: 0.001) G_GAN_ViT: 0.406 D_real_ViT: 0.056 D_fake_ViT: 0.172 global: 0.276 spatial: 0.075 
(epoch: 10, iters: 4033, time: 0.485, data: 0.001) G_GAN_ViT: 0.569 D_real_ViT: 0.206 D_fake_ViT: 0.102 global: 0.350 spatial: 0.062 
(epoch: 10, iters: 4133, time: 0.485, data: 0.001) G_GAN_ViT: 0.499 D_real_ViT: 0.100 D_fake_ViT: 0.129 global: 0.489 spatial: 0.092 
(epoch: 10, iters: 4233, time: 0.485, data: 0.001) G_GAN_ViT: 0.443 D_real_ViT: 0.246 D_fake_ViT: 0.169 global: 0.586 spatial: 0.099 
(epoch: 10, iters: 4333, time: 0.485, data: 0.001) G_GAN_ViT: 0.585 D_real_ViT: 0.301 D_fake_ViT: 0.102 global: 0.524 spatial: 0.090 
(epoch: 10, iters: 4433, time: 0.485, data: 0.001) G_GAN_ViT: 0.451 D_real_ViT: 0.090 D_fake_ViT: 0.159 global: 0.335 spatial: 0.080 
(epoch: 10, iters: 4533, time: 0.485, data: 0.001) G_GAN_ViT: 0.447 D_real_ViT: 0.297 D_fake_ViT: 0.158 global: 0.424 spatial: 0.087 
(epoch: 10, iters: 4633, time: 0.485, data: 0.001) G_GAN_ViT: 0.310 D_real_ViT: 0.272 D_fake_ViT: 0.235 global: 0.405 spatial: 0.090 
(epoch: 10, iters: 4733, time: 0.485, data: 0.001) G_GAN_ViT: 0.471 D_real_ViT: 0.210 D_fake_ViT: 0.143 global: 0.437 spatial: 0.091 
(epoch: 10, iters: 4833, time: 0.485, data: 0.003) G_GAN_ViT: 0.457 D_real_ViT: 0.310 D_fake_ViT: 0.163 global: 0.340 spatial: 0.077 
(epoch: 10, iters: 4933, time: 0.485, data: 0.001) G_GAN_ViT: 0.392 D_real_ViT: 0.094 D_fake_ViT: 0.202 global: 0.372 spatial: 0.086 
(epoch: 10, iters: 5033, time: 0.485, data: 0.001) G_GAN_ViT: 0.420 D_real_ViT: 0.197 D_fake_ViT: 0.162 global: 0.487 spatial: 0.087 
(epoch: 10, iters: 5133, time: 0.485, data: 0.001) G_GAN_ViT: 0.440 D_real_ViT: 0.279 D_fake_ViT: 0.168 global: 0.320 spatial: 0.073 
(epoch: 10, iters: 5233, time: 0.485, data: 0.001) G_GAN_ViT: 0.528 D_real_ViT: 0.154 D_fake_ViT: 0.132 global: 0.402 spatial: 0.081 
(epoch: 10, iters: 5333, time: 0.485, data: 0.001) G_GAN_ViT: 0.463 D_real_ViT: 0.128 D_fake_ViT: 0.149 global: 0.624 spatial: 0.104 
(epoch: 10, iters: 5433, time: 0.485, data: 0.001) G_GAN_ViT: 0.476 D_real_ViT: 0.190 D_fake_ViT: 0.153 global: 0.344 spatial: 0.073 
(epoch: 10, iters: 5533, time: 0.485, data: 0.001) G_GAN_ViT: 0.636 D_real_ViT: 0.260 D_fake_ViT: 0.098 global: 0.355 spatial: 0.079 
(epoch: 10, iters: 5633, time: 0.485, data: 0.001) G_GAN_ViT: 0.528 D_real_ViT: 0.197 D_fake_ViT: 0.146 global: 0.375 spatial: 0.099 
(epoch: 10, iters: 5733, time: 0.485, data: 0.001) G_GAN_ViT: 0.490 D_real_ViT: 0.205 D_fake_ViT: 0.129 global: 0.383 spatial: 0.072 
(epoch: 10, iters: 5833, time: 0.485, data: 0.001) G_GAN_ViT: 0.354 D_real_ViT: 0.132 D_fake_ViT: 0.242 global: 0.401 spatial: 0.080 
(epoch: 10, iters: 5933, time: 0.485, data: 0.001) G_GAN_ViT: 0.491 D_real_ViT: 0.336 D_fake_ViT: 0.128 global: 0.356 spatial: 0.075 
(epoch: 10, iters: 6033, time: 0.485, data: 0.001) G_GAN_ViT: 0.493 D_real_ViT: 0.186 D_fake_ViT: 0.155 global: 0.344 spatial: 0.078 
(epoch: 10, iters: 6133, time: 0.485, data: 0.002) G_GAN_ViT: 0.426 D_real_ViT: 0.322 D_fake_ViT: 0.170 global: 0.423 spatial: 0.081 
(epoch: 10, iters: 6233, time: 0.485, data: 0.001) G_GAN_ViT: 0.580 D_real_ViT: 0.054 D_fake_ViT: 0.129 global: 0.388 spatial: 0.094 
(epoch: 10, iters: 6333, time: 0.485, data: 0.001) G_GAN_ViT: 0.644 D_real_ViT: 0.086 D_fake_ViT: 0.082 global: 0.429 spatial: 0.086 
(epoch: 10, iters: 6433, time: 0.485, data: 0.001) G_GAN_ViT: 0.378 D_real_ViT: 0.340 D_fake_ViT: 0.254 global: 0.514 spatial: 0.116 
saving the model at the end of epoch 10, iters 64630
End of epoch 10 / 100 	 Time Taken: 3146 sec
learning rate = 0.0000100
(epoch: 11, iters: 70, time: 0.485, data: 0.001) G_GAN_ViT: 0.561 D_real_ViT: 0.228 D_fake_ViT: 0.097 global: 0.559 spatial: 0.100 
(epoch: 11, iters: 170, time: 0.484, data: 0.001) G_GAN_ViT: 0.573 D_real_ViT: 0.230 D_fake_ViT: 0.123 global: 0.393 spatial: 0.085 
(epoch: 11, iters: 270, time: 0.484, data: 0.001) G_GAN_ViT: 0.359 D_real_ViT: 0.221 D_fake_ViT: 0.229 global: 0.330 spatial: 0.068 
(epoch: 11, iters: 370, time: 0.484, data: 0.001) G_GAN_ViT: 0.496 D_real_ViT: 0.190 D_fake_ViT: 0.139 global: 0.342 spatial: 0.086 
saving the latest model (epoch 11, total_iters 65000)
ICL_single_traffic_hwy
(epoch: 11, iters: 470, time: 0.484, data: 0.001) G_GAN_ViT: 0.269 D_real_ViT: 0.204 D_fake_ViT: 0.284 global: 0.447 spatial: 0.075 
(epoch: 11, iters: 570, time: 0.484, data: 0.001) G_GAN_ViT: 0.449 D_real_ViT: 0.263 D_fake_ViT: 0.145 global: 0.371 spatial: 0.071 
(epoch: 11, iters: 670, time: 0.484, data: 0.001) G_GAN_ViT: 0.529 D_real_ViT: 0.212 D_fake_ViT: 0.108 global: 0.350 spatial: 0.074 
(epoch: 11, iters: 770, time: 0.484, data: 0.001) G_GAN_ViT: 0.349 D_real_ViT: 0.245 D_fake_ViT: 0.258 global: 0.423 spatial: 0.102 
(epoch: 11, iters: 870, time: 0.484, data: 0.001) G_GAN_ViT: 0.400 D_real_ViT: 0.123 D_fake_ViT: 0.193 global: 0.545 spatial: 0.087 
(epoch: 11, iters: 970, time: 0.485, data: 0.001) G_GAN_ViT: 0.384 D_real_ViT: 0.276 D_fake_ViT: 0.181 global: 0.320 spatial: 0.056 
(epoch: 11, iters: 1070, time: 0.485, data: 0.001) G_GAN_ViT: 0.436 D_real_ViT: 0.236 D_fake_ViT: 0.175 global: 0.586 spatial: 0.099 
(epoch: 11, iters: 1170, time: 0.485, data: 0.001) G_GAN_ViT: 0.465 D_real_ViT: 0.084 D_fake_ViT: 0.160 global: 0.404 spatial: 0.073 
(epoch: 11, iters: 1270, time: 0.485, data: 0.001) G_GAN_ViT: 0.431 D_real_ViT: 0.135 D_fake_ViT: 0.179 global: 0.567 spatial: 0.094 
(epoch: 11, iters: 1370, time: 0.485, data: 0.001) G_GAN_ViT: 0.418 D_real_ViT: 0.247 D_fake_ViT: 0.173 global: 0.449 spatial: 0.098 
(epoch: 11, iters: 1470, time: 0.485, data: 0.001) G_GAN_ViT: 0.416 D_real_ViT: 0.220 D_fake_ViT: 0.184 global: 0.340 spatial: 0.084 
(epoch: 11, iters: 1570, time: 0.485, data: 0.001) G_GAN_ViT: 0.412 D_real_ViT: 0.216 D_fake_ViT: 0.192 global: 0.372 spatial: 0.080 
(epoch: 11, iters: 1670, time: 0.485, data: 0.001) G_GAN_ViT: 0.563 D_real_ViT: 0.208 D_fake_ViT: 0.104 global: 0.322 spatial: 0.067 
(epoch: 11, iters: 1770, time: 0.485, data: 0.001) G_GAN_ViT: 0.420 D_real_ViT: 0.194 D_fake_ViT: 0.173 global: 0.402 spatial: 0.074 
(epoch: 11, iters: 1870, time: 0.485, data: 0.001) G_GAN_ViT: 0.525 D_real_ViT: 0.133 D_fake_ViT: 0.121 global: 0.330 spatial: 0.063 
(epoch: 11, iters: 1970, time: 0.485, data: 0.001) G_GAN_ViT: 0.388 D_real_ViT: 0.163 D_fake_ViT: 0.189 global: 0.394 spatial: 0.077 
(epoch: 11, iters: 2070, time: 0.485, data: 0.001) G_GAN_ViT: 0.475 D_real_ViT: 0.197 D_fake_ViT: 0.153 global: 0.408 spatial: 0.084 
(epoch: 11, iters: 2170, time: 0.485, data: 0.001) G_GAN_ViT: 0.396 D_real_ViT: 0.139 D_fake_ViT: 0.186 global: 0.457 spatial: 0.086 
(epoch: 11, iters: 2270, time: 0.485, data: 0.001) G_GAN_ViT: 0.365 D_real_ViT: 0.091 D_fake_ViT: 0.216 global: 0.454 spatial: 0.084 
(epoch: 11, iters: 2370, time: 0.485, data: 0.001) G_GAN_ViT: 0.494 D_real_ViT: 0.234 D_fake_ViT: 0.129 global: 0.512 spatial: 0.080 
(epoch: 11, iters: 2470, time: 0.485, data: 0.001) G_GAN_ViT: 0.470 D_real_ViT: 0.186 D_fake_ViT: 0.160 global: 0.613 spatial: 0.102 
(epoch: 11, iters: 2570, time: 0.485, data: 0.001) G_GAN_ViT: 0.498 D_real_ViT: 0.261 D_fake_ViT: 0.140 global: 0.542 spatial: 0.088 
(epoch: 11, iters: 2670, time: 0.485, data: 0.001) G_GAN_ViT: 0.453 D_real_ViT: 0.098 D_fake_ViT: 0.154 global: 0.369 spatial: 0.079 
(epoch: 11, iters: 2770, time: 0.485, data: 0.001) G_GAN_ViT: 0.297 D_real_ViT: 0.183 D_fake_ViT: 0.264 global: 0.322 spatial: 0.073 
(epoch: 11, iters: 2870, time: 0.485, data: 0.001) G_GAN_ViT: 0.503 D_real_ViT: 0.133 D_fake_ViT: 0.150 global: 0.430 spatial: 0.090 
(epoch: 11, iters: 2970, time: 0.485, data: 0.001) G_GAN_ViT: 0.337 D_real_ViT: 0.158 D_fake_ViT: 0.247 global: 0.425 spatial: 0.079 
(epoch: 11, iters: 3070, time: 0.485, data: 0.001) G_GAN_ViT: 0.617 D_real_ViT: 0.215 D_fake_ViT: 0.088 global: 0.346 spatial: 0.059 
(epoch: 11, iters: 3170, time: 0.485, data: 0.001) G_GAN_ViT: 0.465 D_real_ViT: 0.328 D_fake_ViT: 0.145 global: 0.519 spatial: 0.096 
(epoch: 11, iters: 3270, time: 0.485, data: 0.002) G_GAN_ViT: 0.428 D_real_ViT: 0.195 D_fake_ViT: 0.177 global: 0.478 spatial: 0.102 
(epoch: 11, iters: 3370, time: 0.485, data: 0.001) G_GAN_ViT: 0.371 D_real_ViT: 0.235 D_fake_ViT: 0.190 global: 0.437 spatial: 0.077 
(epoch: 11, iters: 3470, time: 0.485, data: 0.001) G_GAN_ViT: 0.392 D_real_ViT: 0.197 D_fake_ViT: 0.211 global: 0.410 spatial: 0.076 
(epoch: 11, iters: 3570, time: 0.485, data: 0.001) G_GAN_ViT: 0.468 D_real_ViT: 0.162 D_fake_ViT: 0.147 global: 0.515 spatial: 0.102 
(epoch: 11, iters: 3670, time: 0.485, data: 0.001) G_GAN_ViT: 0.656 D_real_ViT: 0.219 D_fake_ViT: 0.101 global: 0.413 spatial: 0.092 
(epoch: 11, iters: 3770, time: 0.485, data: 0.001) G_GAN_ViT: 0.327 D_real_ViT: 0.167 D_fake_ViT: 0.266 global: 0.421 spatial: 0.084 
(epoch: 11, iters: 3870, time: 0.485, data: 0.001) G_GAN_ViT: 0.426 D_real_ViT: 0.138 D_fake_ViT: 0.197 global: 0.349 spatial: 0.081 
(epoch: 11, iters: 3970, time: 0.485, data: 0.002) G_GAN_ViT: 0.579 D_real_ViT: 0.373 D_fake_ViT: 0.090 global: 0.370 spatial: 0.077 
(epoch: 11, iters: 4070, time: 0.485, data: 0.001) G_GAN_ViT: 0.344 D_real_ViT: 0.179 D_fake_ViT: 0.214 global: 0.498 spatial: 0.073 
(epoch: 11, iters: 4170, time: 0.485, data: 0.002) G_GAN_ViT: 0.410 D_real_ViT: 0.213 D_fake_ViT: 0.188 global: 0.415 spatial: 0.086 
(epoch: 11, iters: 4270, time: 0.485, data: 0.001) G_GAN_ViT: 0.493 D_real_ViT: 0.210 D_fake_ViT: 0.137 global: 0.454 spatial: 0.081 
(epoch: 11, iters: 4370, time: 0.485, data: 0.001) G_GAN_ViT: 0.379 D_real_ViT: 0.151 D_fake_ViT: 0.203 global: 0.566 spatial: 0.089 
(epoch: 11, iters: 4470, time: 0.485, data: 0.001) G_GAN_ViT: 0.320 D_real_ViT: 0.222 D_fake_ViT: 0.237 global: 0.422 spatial: 0.076 
(epoch: 11, iters: 4570, time: 0.485, data: 0.003) G_GAN_ViT: 0.329 D_real_ViT: 0.197 D_fake_ViT: 0.243 global: 0.415 spatial: 0.086 
(epoch: 11, iters: 4670, time: 0.485, data: 0.001) G_GAN_ViT: 0.455 D_real_ViT: 0.229 D_fake_ViT: 0.150 global: 0.405 spatial: 0.089 
(epoch: 11, iters: 4770, time: 0.485, data: 0.001) G_GAN_ViT: 0.493 D_real_ViT: 0.232 D_fake_ViT: 0.134 global: 0.410 spatial: 0.075 
(epoch: 11, iters: 4870, time: 0.485, data: 0.001) G_GAN_ViT: 0.390 D_real_ViT: 0.139 D_fake_ViT: 0.217 global: 0.556 spatial: 0.113 
(epoch: 11, iters: 4970, time: 0.485, data: 0.001) G_GAN_ViT: 0.429 D_real_ViT: 0.201 D_fake_ViT: 0.169 global: 0.349 spatial: 0.079 
(epoch: 11, iters: 5070, time: 0.485, data: 0.001) G_GAN_ViT: 0.396 D_real_ViT: 0.254 D_fake_ViT: 0.177 global: 0.441 spatial: 0.079 
(epoch: 11, iters: 5170, time: 0.484, data: 0.001) G_GAN_ViT: 0.450 D_real_ViT: 0.286 D_fake_ViT: 0.160 global: 0.287 spatial: 0.059 
(epoch: 11, iters: 5270, time: 0.484, data: 0.002) G_GAN_ViT: 0.484 D_real_ViT: 0.230 D_fake_ViT: 0.176 global: 0.348 spatial: 0.078 
(epoch: 11, iters: 5370, time: 0.484, data: 0.001) G_GAN_ViT: 0.407 D_real_ViT: 0.146 D_fake_ViT: 0.185 global: 0.432 spatial: 0.077 
saving the latest model (epoch 11, total_iters 70000)
ICL_single_traffic_hwy
(epoch: 11, iters: 5470, time: 0.484, data: 0.001) G_GAN_ViT: 0.372 D_real_ViT: 0.159 D_fake_ViT: 0.211 global: 0.425 spatial: 0.088 
(epoch: 11, iters: 5570, time: 0.484, data: 0.001) G_GAN_ViT: 0.282 D_real_ViT: 0.279 D_fake_ViT: 0.261 global: 0.533 spatial: 0.084 
(epoch: 11, iters: 5670, time: 0.483, data: 0.001) G_GAN_ViT: 0.363 D_real_ViT: 0.310 D_fake_ViT: 0.217 global: 0.405 spatial: 0.075 
(epoch: 11, iters: 5770, time: 0.484, data: 0.001) G_GAN_ViT: 0.579 D_real_ViT: 0.269 D_fake_ViT: 0.125 global: 0.608 spatial: 0.095 
(epoch: 11, iters: 5870, time: 0.484, data: 0.001) G_GAN_ViT: 0.262 D_real_ViT: 0.246 D_fake_ViT: 0.313 global: 0.426 spatial: 0.076 
(epoch: 11, iters: 5970, time: 0.485, data: 0.001) G_GAN_ViT: 0.372 D_real_ViT: 0.303 D_fake_ViT: 0.208 global: 0.595 spatial: 0.094 
(epoch: 11, iters: 6070, time: 0.485, data: 0.001) G_GAN_ViT: 0.413 D_real_ViT: 0.273 D_fake_ViT: 0.157 global: 0.315 spatial: 0.064 
(epoch: 11, iters: 6170, time: 0.485, data: 0.001) G_GAN_ViT: 0.548 D_real_ViT: 0.216 D_fake_ViT: 0.108 global: 0.384 spatial: 0.079 
(epoch: 11, iters: 6270, time: 0.485, data: 0.001) G_GAN_ViT: 0.571 D_real_ViT: 0.332 D_fake_ViT: 0.103 global: 0.418 spatial: 0.087 
(epoch: 11, iters: 6370, time: 0.485, data: 0.001) G_GAN_ViT: 0.375 D_real_ViT: 0.179 D_fake_ViT: 0.208 global: 0.540 spatial: 0.082 
End of epoch 11 / 100 	 Time Taken: 3143 sec
learning rate = 0.0000100
(epoch: 12, iters: 7, time: 0.485, data: 0.001) G_GAN_ViT: 0.273 D_real_ViT: 0.273 D_fake_ViT: 0.282 global: 0.471 spatial: 0.092 
(epoch: 12, iters: 107, time: 0.485, data: 0.000) G_GAN_ViT: 0.446 D_real_ViT: 0.081 D_fake_ViT: 0.180 global: 0.401 spatial: 0.090 
(epoch: 12, iters: 207, time: 0.485, data: 0.001) G_GAN_ViT: 0.290 D_real_ViT: 0.251 D_fake_ViT: 0.290 global: 0.281 spatial: 0.067 
(epoch: 12, iters: 307, time: 0.485, data: 0.001) G_GAN_ViT: 0.232 D_real_ViT: 0.117 D_fake_ViT: 0.338 global: 0.373 spatial: 0.078 
(epoch: 12, iters: 407, time: 0.485, data: 0.001) G_GAN_ViT: 0.325 D_real_ViT: 0.186 D_fake_ViT: 0.221 global: 0.399 spatial: 0.068 
(epoch: 12, iters: 507, time: 0.485, data: 0.001) G_GAN_ViT: 0.566 D_real_ViT: 0.199 D_fake_ViT: 0.114 global: 0.479 spatial: 0.082 
(epoch: 12, iters: 607, time: 0.484, data: 0.001) G_GAN_ViT: 0.491 D_real_ViT: 0.101 D_fake_ViT: 0.174 global: 0.337 spatial: 0.097 
(epoch: 12, iters: 707, time: 0.484, data: 0.001) G_GAN_ViT: 0.498 D_real_ViT: 0.254 D_fake_ViT: 0.147 global: 0.311 spatial: 0.074 
(epoch: 12, iters: 807, time: 0.484, data: 0.001) G_GAN_ViT: 0.350 D_real_ViT: 0.144 D_fake_ViT: 0.263 global: 0.387 spatial: 0.076 
(epoch: 12, iters: 907, time: 0.484, data: 0.001) G_GAN_ViT: 0.311 D_real_ViT: 0.170 D_fake_ViT: 0.276 global: 0.419 spatial: 0.078 
(epoch: 12, iters: 1007, time: 0.484, data: 0.001) G_GAN_ViT: 0.499 D_real_ViT: 0.203 D_fake_ViT: 0.129 global: 0.414 spatial: 0.082 
(epoch: 12, iters: 1107, time: 0.484, data: 0.001) G_GAN_ViT: 0.465 D_real_ViT: 0.244 D_fake_ViT: 0.157 global: 0.511 spatial: 0.086 
(epoch: 12, iters: 1207, time: 0.484, data: 0.001) G_GAN_ViT: 0.370 D_real_ViT: 0.178 D_fake_ViT: 0.258 global: 0.373 spatial: 0.090 
(epoch: 12, iters: 1307, time: 0.484, data: 0.001) G_GAN_ViT: 0.367 D_real_ViT: 0.246 D_fake_ViT: 0.190 global: 0.414 spatial: 0.083 
(epoch: 12, iters: 1407, time: 0.484, data: 0.001) G_GAN_ViT: 0.407 D_real_ViT: 0.280 D_fake_ViT: 0.213 global: 0.503 spatial: 0.101 
(epoch: 12, iters: 1507, time: 0.484, data: 0.001) G_GAN_ViT: 0.615 D_real_ViT: 0.157 D_fake_ViT: 0.110 global: 0.443 spatial: 0.094 
(epoch: 12, iters: 1607, time: 0.485, data: 0.001) G_GAN_ViT: 0.559 D_real_ViT: 0.076 D_fake_ViT: 0.114 global: 0.353 spatial: 0.075 
(epoch: 12, iters: 1707, time: 0.485, data: 0.001) G_GAN_ViT: 0.415 D_real_ViT: 0.138 D_fake_ViT: 0.192 global: 0.506 spatial: 0.094 
(epoch: 12, iters: 1807, time: 0.485, data: 0.001) G_GAN_ViT: 0.590 D_real_ViT: 0.077 D_fake_ViT: 0.098 global: 0.293 spatial: 0.063 
(epoch: 12, iters: 1907, time: 0.485, data: 0.001) G_GAN_ViT: 0.427 D_real_ViT: 0.224 D_fake_ViT: 0.193 global: 0.488 spatial: 0.086 
(epoch: 12, iters: 2007, time: 0.485, data: 0.001) G_GAN_ViT: 0.418 D_real_ViT: 0.160 D_fake_ViT: 0.168 global: 0.466 spatial: 0.077 
(epoch: 12, iters: 2107, time: 0.484, data: 0.003) G_GAN_ViT: 0.339 D_real_ViT: 0.237 D_fake_ViT: 0.247 global: 0.441 spatial: 0.078 
(epoch: 12, iters: 2207, time: 0.484, data: 0.001) G_GAN_ViT: 0.579 D_real_ViT: 0.152 D_fake_ViT: 0.100 global: 0.330 spatial: 0.063 
(epoch: 12, iters: 2307, time: 0.484, data: 0.001) G_GAN_ViT: 0.410 D_real_ViT: 0.246 D_fake_ViT: 0.187 global: 0.551 spatial: 0.107 
(epoch: 12, iters: 2407, time: 0.484, data: 0.001) G_GAN_ViT: 0.438 D_real_ViT: 0.163 D_fake_ViT: 0.150 global: 0.373 spatial: 0.079 
(epoch: 12, iters: 2507, time: 0.484, data: 0.001) G_GAN_ViT: 0.298 D_real_ViT: 0.237 D_fake_ViT: 0.258 global: 0.429 spatial: 0.076 
(epoch: 12, iters: 2607, time: 0.484, data: 0.001) G_GAN_ViT: 0.412 D_real_ViT: 0.141 D_fake_ViT: 0.177 global: 0.332 spatial: 0.085 
(epoch: 12, iters: 2707, time: 0.484, data: 0.001) G_GAN_ViT: 0.164 D_real_ViT: 0.151 D_fake_ViT: 0.510 global: 0.434 spatial: 0.084 
(epoch: 12, iters: 2807, time: 0.485, data: 0.001) G_GAN_ViT: 0.279 D_real_ViT: 0.150 D_fake_ViT: 0.301 global: 0.441 spatial: 0.080 
(epoch: 12, iters: 2907, time: 0.485, data: 0.001) G_GAN_ViT: 0.406 D_real_ViT: 0.269 D_fake_ViT: 0.218 global: 0.496 spatial: 0.114 
(epoch: 12, iters: 3007, time: 0.485, data: 0.002) G_GAN_ViT: 0.451 D_real_ViT: 0.237 D_fake_ViT: 0.152 global: 0.388 spatial: 0.081 
(epoch: 12, iters: 3107, time: 0.485, data: 0.001) G_GAN_ViT: 0.611 D_real_ViT: 0.189 D_fake_ViT: 0.084 global: 0.353 spatial: 0.077 
(epoch: 12, iters: 3207, time: 0.485, data: 0.001) G_GAN_ViT: 0.409 D_real_ViT: 0.303 D_fake_ViT: 0.157 global: 0.320 spatial: 0.069 
(epoch: 12, iters: 3307, time: 0.485, data: 0.001) G_GAN_ViT: 0.481 D_real_ViT: 0.075 D_fake_ViT: 0.149 global: 0.493 spatial: 0.097 
(epoch: 12, iters: 3407, time: 0.485, data: 0.001) G_GAN_ViT: 0.489 D_real_ViT: 0.119 D_fake_ViT: 0.163 global: 0.477 spatial: 0.079 
(epoch: 12, iters: 3507, time: 0.485, data: 0.001) G_GAN_ViT: 0.645 D_real_ViT: 0.316 D_fake_ViT: 0.078 global: 0.353 spatial: 0.076 
(epoch: 12, iters: 3607, time: 0.485, data: 0.001) G_GAN_ViT: 0.480 D_real_ViT: 0.160 D_fake_ViT: 0.147 global: 0.548 spatial: 0.096 
(epoch: 12, iters: 3707, time: 0.484, data: 0.001) G_GAN_ViT: 0.415 D_real_ViT: 0.186 D_fake_ViT: 0.189 global: 0.581 spatial: 0.096 
(epoch: 12, iters: 3807, time: 0.485, data: 0.001) G_GAN_ViT: 0.613 D_real_ViT: 0.224 D_fake_ViT: 0.085 global: 0.376 spatial: 0.089 
(epoch: 12, iters: 3907, time: 0.485, data: 0.001) G_GAN_ViT: 0.341 D_real_ViT: 0.164 D_fake_ViT: 0.237 global: 0.376 spatial: 0.086 
saving the latest model (epoch 12, total_iters 75000)
ICL_single_traffic_hwy
(epoch: 12, iters: 4007, time: 0.485, data: 0.001) G_GAN_ViT: 0.441 D_real_ViT: 0.252 D_fake_ViT: 0.161 global: 0.448 spatial: 0.084 
(epoch: 12, iters: 4107, time: 0.483, data: 0.001) G_GAN_ViT: 0.418 D_real_ViT: 0.182 D_fake_ViT: 0.168 global: 0.591 spatial: 0.099 
(epoch: 12, iters: 4207, time: 0.483, data: 0.002) G_GAN_ViT: 0.386 D_real_ViT: 0.133 D_fake_ViT: 0.203 global: 0.419 spatial: 0.100 
(epoch: 12, iters: 4307, time: 0.484, data: 0.001) G_GAN_ViT: 0.449 D_real_ViT: 0.259 D_fake_ViT: 0.152 global: 0.404 spatial: 0.076 
(epoch: 12, iters: 4407, time: 0.484, data: 0.001) G_GAN_ViT: 0.282 D_real_ViT: 0.132 D_fake_ViT: 0.263 global: 0.402 spatial: 0.083 
(epoch: 12, iters: 4507, time: 0.484, data: 0.001) G_GAN_ViT: 0.442 D_real_ViT: 0.262 D_fake_ViT: 0.148 global: 0.334 spatial: 0.077 
(epoch: 12, iters: 4607, time: 0.485, data: 0.001) G_GAN_ViT: 0.402 D_real_ViT: 0.124 D_fake_ViT: 0.187 global: 0.435 spatial: 0.083 
(epoch: 12, iters: 4707, time: 0.485, data: 0.001) G_GAN_ViT: 0.418 D_real_ViT: 0.120 D_fake_ViT: 0.178 global: 0.458 spatial: 0.097 
(epoch: 12, iters: 4807, time: 0.485, data: 0.001) G_GAN_ViT: 0.308 D_real_ViT: 0.115 D_fake_ViT: 0.278 global: 0.523 spatial: 0.090 
(epoch: 12, iters: 4907, time: 0.485, data: 0.001) G_GAN_ViT: 0.506 D_real_ViT: 0.195 D_fake_ViT: 0.128 global: 0.330 spatial: 0.075 
(epoch: 12, iters: 5007, time: 0.485, data: 0.001) G_GAN_ViT: 0.470 D_real_ViT: 0.258 D_fake_ViT: 0.142 global: 0.325 spatial: 0.062 
(epoch: 12, iters: 5107, time: 0.485, data: 0.001) G_GAN_ViT: 0.454 D_real_ViT: 0.193 D_fake_ViT: 0.165 global: 0.287 spatial: 0.062 
(epoch: 12, iters: 5207, time: 0.485, data: 0.001) G_GAN_ViT: 0.581 D_real_ViT: 0.186 D_fake_ViT: 0.107 global: 0.561 spatial: 0.092 
(epoch: 12, iters: 5307, time: 0.484, data: 0.001) G_GAN_ViT: 0.446 D_real_ViT: 0.253 D_fake_ViT: 0.172 global: 0.442 spatial: 0.084 
(epoch: 12, iters: 5407, time: 0.484, data: 0.001) G_GAN_ViT: 0.353 D_real_ViT: 0.082 D_fake_ViT: 0.229 global: 0.449 spatial: 0.094 
(epoch: 12, iters: 5507, time: 0.485, data: 0.001) G_GAN_ViT: 0.586 D_real_ViT: 0.132 D_fake_ViT: 0.101 global: 0.545 spatial: 0.090 
(epoch: 12, iters: 5607, time: 0.485, data: 0.001) G_GAN_ViT: 0.319 D_real_ViT: 0.181 D_fake_ViT: 0.256 global: 0.423 spatial: 0.069 
(epoch: 12, iters: 5707, time: 0.485, data: 0.001) G_GAN_ViT: 0.578 D_real_ViT: 0.121 D_fake_ViT: 0.112 global: 0.460 spatial: 0.081 
(epoch: 12, iters: 5807, time: 0.485, data: 0.001) G_GAN_ViT: 0.459 D_real_ViT: 0.215 D_fake_ViT: 0.141 global: 0.436 spatial: 0.083 
(epoch: 12, iters: 5907, time: 0.485, data: 0.001) G_GAN_ViT: 0.314 D_real_ViT: 0.130 D_fake_ViT: 0.274 global: 0.473 spatial: 0.082 
(epoch: 12, iters: 6007, time: 0.485, data: 0.001) G_GAN_ViT: 0.474 D_real_ViT: 0.160 D_fake_ViT: 0.163 global: 0.409 spatial: 0.083 
(epoch: 12, iters: 6107, time: 0.485, data: 0.001) G_GAN_ViT: 0.322 D_real_ViT: 0.123 D_fake_ViT: 0.253 global: 0.470 spatial: 0.083 
(epoch: 12, iters: 6207, time: 0.485, data: 0.001) G_GAN_ViT: 0.491 D_real_ViT: 0.297 D_fake_ViT: 0.143 global: 0.363 spatial: 0.087 
(epoch: 12, iters: 6307, time: 0.485, data: 0.001) G_GAN_ViT: 0.492 D_real_ViT: 0.268 D_fake_ViT: 0.143 global: 0.444 spatial: 0.090 
(epoch: 12, iters: 6407, time: 0.485, data: 0.001) G_GAN_ViT: 0.360 D_real_ViT: 0.186 D_fake_ViT: 0.209 global: 0.472 spatial: 0.096 
End of epoch 12 / 100 	 Time Taken: 3141 sec
learning rate = 0.0000100
(epoch: 13, iters: 44, time: 0.484, data: 0.001) G_GAN_ViT: 0.556 D_real_ViT: 0.101 D_fake_ViT: 0.110 global: 0.389 spatial: 0.074 
(epoch: 13, iters: 144, time: 0.485, data: 0.001) G_GAN_ViT: 0.511 D_real_ViT: 0.341 D_fake_ViT: 0.131 global: 0.450 spatial: 0.084 
(epoch: 13, iters: 244, time: 0.485, data: 0.001) G_GAN_ViT: 0.268 D_real_ViT: 0.177 D_fake_ViT: 0.272 global: 0.398 spatial: 0.082 
(epoch: 13, iters: 344, time: 0.485, data: 0.001) G_GAN_ViT: 0.344 D_real_ViT: 0.169 D_fake_ViT: 0.228 global: 0.497 spatial: 0.102 
(epoch: 13, iters: 444, time: 0.485, data: 0.001) G_GAN_ViT: 0.459 D_real_ViT: 0.166 D_fake_ViT: 0.168 global: 0.504 spatial: 0.095 
(epoch: 13, iters: 544, time: 0.485, data: 0.001) G_GAN_ViT: 0.407 D_real_ViT: 0.178 D_fake_ViT: 0.202 global: 0.389 spatial: 0.088 
(epoch: 13, iters: 644, time: 0.485, data: 0.001) G_GAN_ViT: 0.580 D_real_ViT: 0.087 D_fake_ViT: 0.108 global: 0.328 spatial: 0.075 
(epoch: 13, iters: 744, time: 0.485, data: 0.001) G_GAN_ViT: 0.439 D_real_ViT: 0.279 D_fake_ViT: 0.159 global: 0.518 spatial: 0.107 
(epoch: 13, iters: 844, time: 0.485, data: 0.001) G_GAN_ViT: 0.363 D_real_ViT: 0.154 D_fake_ViT: 0.216 global: 0.482 spatial: 0.089 
(epoch: 13, iters: 944, time: 0.485, data: 0.001) G_GAN_ViT: 0.356 D_real_ViT: 0.217 D_fake_ViT: 0.219 global: 0.628 spatial: 0.105 
(epoch: 13, iters: 1044, time: 0.485, data: 0.001) G_GAN_ViT: 0.321 D_real_ViT: 0.277 D_fake_ViT: 0.296 global: 0.571 spatial: 0.109 
(epoch: 13, iters: 1144, time: 0.485, data: 0.001) G_GAN_ViT: 0.460 D_real_ViT: 0.207 D_fake_ViT: 0.142 global: 0.377 spatial: 0.077 
(epoch: 13, iters: 1244, time: 0.485, data: 0.001) G_GAN_ViT: 0.389 D_real_ViT: 0.241 D_fake_ViT: 0.189 global: 0.409 spatial: 0.078 
(epoch: 13, iters: 1344, time: 0.485, data: 0.002) G_GAN_ViT: 0.402 D_real_ViT: 0.173 D_fake_ViT: 0.187 global: 0.427 spatial: 0.083 
(epoch: 13, iters: 1444, time: 0.485, data: 0.001) G_GAN_ViT: 0.426 D_real_ViT: 0.194 D_fake_ViT: 0.177 global: 0.404 spatial: 0.081 
(epoch: 13, iters: 1544, time: 0.485, data: 0.001) G_GAN_ViT: 0.586 D_real_ViT: 0.080 D_fake_ViT: 0.098 global: 0.405 spatial: 0.083 
(epoch: 13, iters: 1644, time: 0.485, data: 0.001) G_GAN_ViT: 0.352 D_real_ViT: 0.138 D_fake_ViT: 0.226 global: 0.331 spatial: 0.070 
(epoch: 13, iters: 1744, time: 0.485, data: 0.001) G_GAN_ViT: 0.309 D_real_ViT: 0.222 D_fake_ViT: 0.271 global: 0.443 spatial: 0.081 
(epoch: 13, iters: 1844, time: 0.485, data: 0.001) G_GAN_ViT: 0.537 D_real_ViT: 0.286 D_fake_ViT: 0.108 global: 0.300 spatial: 0.055 
(epoch: 13, iters: 1944, time: 0.485, data: 0.001) G_GAN_ViT: 0.315 D_real_ViT: 0.207 D_fake_ViT: 0.273 global: 0.518 spatial: 0.091 
(epoch: 13, iters: 2044, time: 0.485, data: 0.001) G_GAN_ViT: 0.443 D_real_ViT: 0.245 D_fake_ViT: 0.193 global: 0.416 spatial: 0.105 
(epoch: 13, iters: 2144, time: 0.485, data: 0.001) G_GAN_ViT: 0.252 D_real_ViT: 0.196 D_fake_ViT: 0.306 global: 0.478 spatial: 0.085 
(epoch: 13, iters: 2244, time: 0.484, data: 0.001) G_GAN_ViT: 0.562 D_real_ViT: 0.242 D_fake_ViT: 0.113 global: 0.418 spatial: 0.085 
(epoch: 13, iters: 2344, time: 0.484, data: 0.001) G_GAN_ViT: 0.494 D_real_ViT: 0.169 D_fake_ViT: 0.133 global: 0.375 spatial: 0.067 
(epoch: 13, iters: 2444, time: 0.485, data: 0.001) G_GAN_ViT: 0.454 D_real_ViT: 0.221 D_fake_ViT: 0.153 global: 0.297 spatial: 0.078 
saving the latest model (epoch 13, total_iters 80000)
ICL_single_traffic_hwy
(epoch: 13, iters: 2544, time: 0.485, data: 0.001) G_GAN_ViT: 0.470 D_real_ViT: 0.192 D_fake_ViT: 0.146 global: 0.367 spatial: 0.087 
(epoch: 13, iters: 2644, time: 0.484, data: 0.001) G_GAN_ViT: 0.420 D_real_ViT: 0.336 D_fake_ViT: 0.214 global: 0.390 spatial: 0.105 
(epoch: 13, iters: 2744, time: 0.484, data: 0.001) G_GAN_ViT: 0.467 D_real_ViT: 0.210 D_fake_ViT: 0.153 global: 0.354 spatial: 0.074 
(epoch: 13, iters: 2844, time: 0.483, data: 0.001) G_GAN_ViT: 0.351 D_real_ViT: 0.162 D_fake_ViT: 0.238 global: 0.505 spatial: 0.090 
(epoch: 13, iters: 2944, time: 0.484, data: 0.001) G_GAN_ViT: 0.533 D_real_ViT: 0.280 D_fake_ViT: 0.144 global: 0.326 spatial: 0.079 
(epoch: 13, iters: 3044, time: 0.484, data: 0.001) G_GAN_ViT: 0.406 D_real_ViT: 0.199 D_fake_ViT: 0.167 global: 0.490 spatial: 0.079 
(epoch: 13, iters: 3144, time: 0.485, data: 0.001) G_GAN_ViT: 0.328 D_real_ViT: 0.313 D_fake_ViT: 0.227 global: 0.439 spatial: 0.092 
(epoch: 13, iters: 3244, time: 0.485, data: 0.001) G_GAN_ViT: 0.267 D_real_ViT: 0.150 D_fake_ViT: 0.297 global: 0.435 spatial: 0.080 
(epoch: 13, iters: 3344, time: 0.485, data: 0.001) G_GAN_ViT: 0.418 D_real_ViT: 0.108 D_fake_ViT: 0.195 global: 0.574 spatial: 0.104 
(epoch: 13, iters: 3444, time: 0.485, data: 0.001) G_GAN_ViT: 0.300 D_real_ViT: 0.207 D_fake_ViT: 0.259 global: 0.408 spatial: 0.079 
(epoch: 13, iters: 3544, time: 0.485, data: 0.001) G_GAN_ViT: 0.357 D_real_ViT: 0.236 D_fake_ViT: 0.225 global: 0.447 spatial: 0.094 
(epoch: 13, iters: 3644, time: 0.485, data: 0.001) G_GAN_ViT: 0.430 D_real_ViT: 0.112 D_fake_ViT: 0.222 global: 0.364 spatial: 0.101 
(epoch: 13, iters: 3744, time: 0.485, data: 0.001) G_GAN_ViT: 0.439 D_real_ViT: 0.323 D_fake_ViT: 0.155 global: 0.404 spatial: 0.081 
(epoch: 13, iters: 3844, time: 0.485, data: 0.001) G_GAN_ViT: 0.382 D_real_ViT: 0.152 D_fake_ViT: 0.205 global: 0.562 spatial: 0.098 
(epoch: 13, iters: 3944, time: 0.485, data: 0.001) G_GAN_ViT: 0.336 D_real_ViT: 0.247 D_fake_ViT: 0.236 global: 0.329 spatial: 0.072 
(epoch: 13, iters: 4044, time: 0.485, data: 0.001) G_GAN_ViT: 0.439 D_real_ViT: 0.192 D_fake_ViT: 0.148 global: 0.439 spatial: 0.082 
(epoch: 13, iters: 4144, time: 0.485, data: 0.001) G_GAN_ViT: 0.506 D_real_ViT: 0.181 D_fake_ViT: 0.128 global: 0.351 spatial: 0.079 
(epoch: 13, iters: 4244, time: 0.485, data: 0.001) G_GAN_ViT: 0.447 D_real_ViT: 0.193 D_fake_ViT: 0.151 global: 0.316 spatial: 0.063 
(epoch: 13, iters: 4344, time: 0.485, data: 0.001) G_GAN_ViT: 0.438 D_real_ViT: 0.209 D_fake_ViT: 0.160 global: 0.402 spatial: 0.079 
(epoch: 13, iters: 4444, time: 0.485, data: 0.001) G_GAN_ViT: 0.441 D_real_ViT: 0.310 D_fake_ViT: 0.148 global: 0.480 spatial: 0.087 
(epoch: 13, iters: 4544, time: 0.485, data: 0.001) G_GAN_ViT: 0.461 D_real_ViT: 0.245 D_fake_ViT: 0.137 global: 0.345 spatial: 0.073 
(epoch: 13, iters: 4644, time: 0.485, data: 0.001) G_GAN_ViT: 0.437 D_real_ViT: 0.240 D_fake_ViT: 0.181 global: 0.358 spatial: 0.078 
(epoch: 13, iters: 4744, time: 0.485, data: 0.001) G_GAN_ViT: 0.326 D_real_ViT: 0.290 D_fake_ViT: 0.218 global: 0.377 spatial: 0.069 
(epoch: 13, iters: 4844, time: 0.485, data: 0.001) G_GAN_ViT: 0.443 D_real_ViT: 0.289 D_fake_ViT: 0.153 global: 0.457 spatial: 0.083 
(epoch: 13, iters: 4944, time: 0.485, data: 0.002) G_GAN_ViT: 0.514 D_real_ViT: 0.348 D_fake_ViT: 0.137 global: 0.383 spatial: 0.078 
(epoch: 13, iters: 5044, time: 0.485, data: 0.001) G_GAN_ViT: 0.586 D_real_ViT: 0.253 D_fake_ViT: 0.106 global: 0.317 spatial: 0.073 
(epoch: 13, iters: 5144, time: 0.485, data: 0.001) G_GAN_ViT: 0.538 D_real_ViT: 0.180 D_fake_ViT: 0.129 global: 0.480 spatial: 0.090 
(epoch: 13, iters: 5244, time: 0.485, data: 0.001) G_GAN_ViT: 0.369 D_real_ViT: 0.246 D_fake_ViT: 0.222 global: 0.482 spatial: 0.098 
(epoch: 13, iters: 5344, time: 0.485, data: 0.001) G_GAN_ViT: 0.582 D_real_ViT: 0.131 D_fake_ViT: 0.109 global: 0.407 spatial: 0.077 
(epoch: 13, iters: 5444, time: 0.485, data: 0.001) G_GAN_ViT: 0.409 D_real_ViT: 0.231 D_fake_ViT: 0.193 global: 0.416 spatial: 0.087 
(epoch: 13, iters: 5544, time: 0.485, data: 0.001) G_GAN_ViT: 0.350 D_real_ViT: 0.284 D_fake_ViT: 0.201 global: 0.396 spatial: 0.069 
(epoch: 13, iters: 5644, time: 0.485, data: 0.001) G_GAN_ViT: 0.516 D_real_ViT: 0.272 D_fake_ViT: 0.129 global: 0.398 spatial: 0.083 
(epoch: 13, iters: 5744, time: 0.485, data: 0.001) G_GAN_ViT: 0.321 D_real_ViT: 0.146 D_fake_ViT: 0.250 global: 0.268 spatial: 0.062 
(epoch: 13, iters: 5844, time: 0.484, data: 0.001) G_GAN_ViT: 0.634 D_real_ViT: 0.131 D_fake_ViT: 0.082 global: 0.365 spatial: 0.077 
(epoch: 13, iters: 5944, time: 0.485, data: 0.001) G_GAN_ViT: 0.357 D_real_ViT: 0.198 D_fake_ViT: 0.208 global: 0.321 spatial: 0.063 
(epoch: 13, iters: 6044, time: 0.485, data: 0.001) G_GAN_ViT: 0.488 D_real_ViT: 0.236 D_fake_ViT: 0.129 global: 0.394 spatial: 0.085 
(epoch: 13, iters: 6144, time: 0.485, data: 0.001) G_GAN_ViT: 0.381 D_real_ViT: 0.173 D_fake_ViT: 0.204 global: 0.427 spatial: 0.080 
(epoch: 13, iters: 6244, time: 0.485, data: 0.001) G_GAN_ViT: 0.349 D_real_ViT: 0.178 D_fake_ViT: 0.223 global: 0.458 spatial: 0.080 
(epoch: 13, iters: 6344, time: 0.485, data: 0.001) G_GAN_ViT: 0.468 D_real_ViT: 0.191 D_fake_ViT: 0.137 global: 0.374 spatial: 0.075 
(epoch: 13, iters: 6444, time: 0.485, data: 0.001) G_GAN_ViT: 0.364 D_real_ViT: 0.221 D_fake_ViT: 0.202 global: 0.337 spatial: 0.089 
End of epoch 13 / 100 	 Time Taken: 3144 sec
learning rate = 0.0000100
(epoch: 14, iters: 81, time: 0.485, data: 0.001) G_GAN_ViT: 0.442 D_real_ViT: 0.291 D_fake_ViT: 0.184 global: 0.462 spatial: 0.090 
(epoch: 14, iters: 181, time: 0.485, data: 0.001) G_GAN_ViT: 0.327 D_real_ViT: 0.255 D_fake_ViT: 0.231 global: 0.338 spatial: 0.079 
(epoch: 14, iters: 281, time: 0.485, data: 0.001) G_GAN_ViT: 0.469 D_real_ViT: 0.264 D_fake_ViT: 0.133 global: 0.565 spatial: 0.087 
(epoch: 14, iters: 381, time: 0.484, data: 0.001) G_GAN_ViT: 0.258 D_real_ViT: 0.293 D_fake_ViT: 0.301 global: 0.403 spatial: 0.077 
(epoch: 14, iters: 481, time: 0.484, data: 0.001) G_GAN_ViT: 0.528 D_real_ViT: 0.146 D_fake_ViT: 0.157 global: 0.499 spatial: 0.094 
(epoch: 14, iters: 581, time: 0.485, data: 0.001) G_GAN_ViT: 0.607 D_real_ViT: 0.301 D_fake_ViT: 0.093 global: 0.419 spatial: 0.084 
(epoch: 14, iters: 681, time: 0.485, data: 0.001) G_GAN_ViT: 0.428 D_real_ViT: 0.314 D_fake_ViT: 0.166 global: 0.406 spatial: 0.063 
(epoch: 14, iters: 781, time: 0.483, data: 0.001) G_GAN_ViT: 0.224 D_real_ViT: 0.148 D_fake_ViT: 0.338 global: 0.392 spatial: 0.075 
(epoch: 14, iters: 881, time: 0.483, data: 0.001) G_GAN_ViT: 0.514 D_real_ViT: 0.060 D_fake_ViT: 0.145 global: 0.358 spatial: 0.079 
(epoch: 14, iters: 981, time: 0.484, data: 0.001) G_GAN_ViT: 0.500 D_real_ViT: 0.065 D_fake_ViT: 0.153 global: 0.454 spatial: 0.091 
saving the latest model (epoch 14, total_iters 85000)
ICL_single_traffic_hwy
(epoch: 14, iters: 1081, time: 0.485, data: 0.001) G_GAN_ViT: 0.482 D_real_ViT: 0.124 D_fake_ViT: 0.183 global: 0.368 spatial: 0.095 
(epoch: 14, iters: 1181, time: 0.484, data: 0.001) G_GAN_ViT: 0.425 D_real_ViT: 0.217 D_fake_ViT: 0.171 global: 0.458 spatial: 0.085 
(epoch: 14, iters: 1281, time: 0.484, data: 0.001) G_GAN_ViT: 0.459 D_real_ViT: 0.295 D_fake_ViT: 0.167 global: 0.480 spatial: 0.095 
(epoch: 14, iters: 1381, time: 0.484, data: 0.001) G_GAN_ViT: 0.497 D_real_ViT: 0.102 D_fake_ViT: 0.130 global: 0.412 spatial: 0.087 
(epoch: 14, iters: 1481, time: 0.484, data: 0.001) G_GAN_ViT: 0.675 D_real_ViT: 0.267 D_fake_ViT: 0.090 global: 0.451 spatial: 0.072 
(epoch: 14, iters: 1581, time: 0.484, data: 0.001) G_GAN_ViT: 0.458 D_real_ViT: 0.308 D_fake_ViT: 0.154 global: 0.448 spatial: 0.083 
(epoch: 14, iters: 1681, time: 0.484, data: 0.001) G_GAN_ViT: 0.546 D_real_ViT: 0.132 D_fake_ViT: 0.113 global: 0.431 spatial: 0.082 
(epoch: 14, iters: 1781, time: 0.483, data: 0.001) G_GAN_ViT: 0.612 D_real_ViT: 0.170 D_fake_ViT: 0.088 global: 0.307 spatial: 0.061 
(epoch: 14, iters: 1881, time: 0.483, data: 0.001) G_GAN_ViT: 0.441 D_real_ViT: 0.306 D_fake_ViT: 0.165 global: 0.580 spatial: 0.094 
(epoch: 14, iters: 1981, time: 0.483, data: 0.001) G_GAN_ViT: 0.450 D_real_ViT: 0.167 D_fake_ViT: 0.165 global: 0.380 spatial: 0.083 
(epoch: 14, iters: 2081, time: 0.482, data: 0.001) G_GAN_ViT: 0.477 D_real_ViT: 0.268 D_fake_ViT: 0.148 global: 0.429 spatial: 0.079 
(epoch: 14, iters: 2181, time: 0.482, data: 0.001) G_GAN_ViT: 0.391 D_real_ViT: 0.235 D_fake_ViT: 0.191 global: 0.361 spatial: 0.070 
(epoch: 14, iters: 2281, time: 0.482, data: 0.001) G_GAN_ViT: 0.559 D_real_ViT: 0.216 D_fake_ViT: 0.107 global: 0.371 spatial: 0.076 
(epoch: 14, iters: 2381, time: 0.483, data: 0.001) G_GAN_ViT: 0.425 D_real_ViT: 0.279 D_fake_ViT: 0.153 global: 0.303 spatial: 0.053 
(epoch: 14, iters: 2481, time: 0.483, data: 0.001) G_GAN_ViT: 0.333 D_real_ViT: 0.199 D_fake_ViT: 0.230 global: 0.507 spatial: 0.092 
(epoch: 14, iters: 2581, time: 0.483, data: 0.001) G_GAN_ViT: 0.493 D_real_ViT: 0.067 D_fake_ViT: 0.148 global: 0.640 spatial: 0.114 
(epoch: 14, iters: 2681, time: 0.484, data: 0.001) G_GAN_ViT: 0.478 D_real_ViT: 0.074 D_fake_ViT: 0.204 global: 0.460 spatial: 0.085 
(epoch: 14, iters: 2781, time: 0.484, data: 0.001) G_GAN_ViT: 0.439 D_real_ViT: 0.202 D_fake_ViT: 0.179 global: 0.507 spatial: 0.095 
(epoch: 14, iters: 2881, time: 0.484, data: 0.002) G_GAN_ViT: 0.433 D_real_ViT: 0.136 D_fake_ViT: 0.173 global: 0.443 spatial: 0.088 
(epoch: 14, iters: 2981, time: 0.484, data: 0.002) G_GAN_ViT: 0.432 D_real_ViT: 0.296 D_fake_ViT: 0.176 global: 0.600 spatial: 0.111 
(epoch: 14, iters: 3081, time: 0.484, data: 0.001) G_GAN_ViT: 0.337 D_real_ViT: 0.206 D_fake_ViT: 0.234 global: 0.434 spatial: 0.084 
(epoch: 14, iters: 3181, time: 0.484, data: 0.001) G_GAN_ViT: 0.405 D_real_ViT: 0.236 D_fake_ViT: 0.218 global: 0.491 spatial: 0.103 
(epoch: 14, iters: 3281, time: 0.484, data: 0.001) G_GAN_ViT: 0.395 D_real_ViT: 0.197 D_fake_ViT: 0.192 global: 0.326 spatial: 0.078 
(epoch: 14, iters: 3381, time: 0.484, data: 0.001) G_GAN_ViT: 0.322 D_real_ViT: 0.180 D_fake_ViT: 0.299 global: 0.374 spatial: 0.077 
(epoch: 14, iters: 3481, time: 0.484, data: 0.001) G_GAN_ViT: 0.439 D_real_ViT: 0.207 D_fake_ViT: 0.162 global: 0.452 spatial: 0.085 
(epoch: 14, iters: 3581, time: 0.484, data: 0.001) G_GAN_ViT: 0.333 D_real_ViT: 0.238 D_fake_ViT: 0.240 global: 0.508 spatial: 0.079 
(epoch: 14, iters: 3681, time: 0.484, data: 0.001) G_GAN_ViT: 0.329 D_real_ViT: 0.210 D_fake_ViT: 0.234 global: 0.465 spatial: 0.097 
(epoch: 14, iters: 3781, time: 0.485, data: 0.001) G_GAN_ViT: 0.331 D_real_ViT: 0.241 D_fake_ViT: 0.245 global: 0.507 spatial: 0.092 
(epoch: 14, iters: 3881, time: 0.484, data: 0.001) G_GAN_ViT: 0.396 D_real_ViT: 0.101 D_fake_ViT: 0.199 global: 0.329 spatial: 0.076 
(epoch: 14, iters: 3981, time: 0.484, data: 0.001) G_GAN_ViT: 0.366 D_real_ViT: 0.170 D_fake_ViT: 0.209 global: 0.388 spatial: 0.089 
(epoch: 14, iters: 4081, time: 0.484, data: 0.001) G_GAN_ViT: 0.305 D_real_ViT: 0.209 D_fake_ViT: 0.254 global: 0.333 spatial: 0.071 
(epoch: 14, iters: 4181, time: 0.484, data: 0.001) G_GAN_ViT: 0.487 D_real_ViT: 0.287 D_fake_ViT: 0.125 global: 0.436 spatial: 0.081 
(epoch: 14, iters: 4281, time: 0.484, data: 0.001) G_GAN_ViT: 0.422 D_real_ViT: 0.095 D_fake_ViT: 0.194 global: 0.610 spatial: 0.101 
(epoch: 14, iters: 4381, time: 0.485, data: 0.001) G_GAN_ViT: 0.446 D_real_ViT: 0.329 D_fake_ViT: 0.150 global: 0.350 spatial: 0.074 
(epoch: 14, iters: 4481, time: 0.485, data: 0.001) G_GAN_ViT: 0.413 D_real_ViT: 0.096 D_fake_ViT: 0.178 global: 0.385 spatial: 0.080 
(epoch: 14, iters: 4581, time: 0.485, data: 0.001) G_GAN_ViT: 0.337 D_real_ViT: 0.148 D_fake_ViT: 0.246 global: 0.439 spatial: 0.100 
(epoch: 14, iters: 4681, time: 0.485, data: 0.001) G_GAN_ViT: 0.468 D_real_ViT: 0.092 D_fake_ViT: 0.172 global: 0.349 spatial: 0.081 
(epoch: 14, iters: 4781, time: 0.485, data: 0.001) G_GAN_ViT: 0.537 D_real_ViT: 0.148 D_fake_ViT: 0.142 global: 0.409 spatial: 0.087 
(epoch: 14, iters: 4881, time: 0.485, data: 0.001) G_GAN_ViT: 0.340 D_real_ViT: 0.166 D_fake_ViT: 0.246 global: 0.296 spatial: 0.068 
(epoch: 14, iters: 4981, time: 0.484, data: 0.001) G_GAN_ViT: 0.438 D_real_ViT: 0.128 D_fake_ViT: 0.225 global: 0.456 spatial: 0.101 
(epoch: 14, iters: 5081, time: 0.485, data: 0.001) G_GAN_ViT: 0.423 D_real_ViT: 0.172 D_fake_ViT: 0.181 global: 0.307 spatial: 0.082 
(epoch: 14, iters: 5181, time: 0.484, data: 0.001) G_GAN_ViT: 0.474 D_real_ViT: 0.157 D_fake_ViT: 0.144 global: 0.446 spatial: 0.086 
(epoch: 14, iters: 5281, time: 0.484, data: 0.001) G_GAN_ViT: 0.338 D_real_ViT: 0.062 D_fake_ViT: 0.244 global: 0.380 spatial: 0.080 
(epoch: 14, iters: 5381, time: 0.484, data: 0.001) G_GAN_ViT: 0.400 D_real_ViT: 0.319 D_fake_ViT: 0.175 global: 0.405 spatial: 0.068 
(epoch: 14, iters: 5481, time: 0.485, data: 0.001) G_GAN_ViT: 0.343 D_real_ViT: 0.306 D_fake_ViT: 0.221 global: 0.327 spatial: 0.081 
(epoch: 14, iters: 5581, time: 0.484, data: 0.001) G_GAN_ViT: 0.493 D_real_ViT: 0.138 D_fake_ViT: 0.143 global: 0.346 spatial: 0.084 
(epoch: 14, iters: 5681, time: 0.485, data: 0.001) G_GAN_ViT: 0.271 D_real_ViT: 0.149 D_fake_ViT: 0.297 global: 0.480 spatial: 0.083 
(epoch: 14, iters: 5781, time: 0.485, data: 0.001) G_GAN_ViT: 0.377 D_real_ViT: 0.213 D_fake_ViT: 0.199 global: 0.381 spatial: 0.089 
(epoch: 14, iters: 5881, time: 0.484, data: 0.001) G_GAN_ViT: 0.433 D_real_ViT: 0.055 D_fake_ViT: 0.184 global: 0.474 spatial: 0.093 
(epoch: 14, iters: 5981, time: 0.484, data: 0.001) G_GAN_ViT: 0.463 D_real_ViT: 0.239 D_fake_ViT: 0.187 global: 0.422 spatial: 0.111 
saving the latest model (epoch 14, total_iters 90000)
ICL_single_traffic_hwy
(epoch: 14, iters: 6081, time: 0.484, data: 0.001) G_GAN_ViT: 0.417 D_real_ViT: 0.110 D_fake_ViT: 0.230 global: 0.368 spatial: 0.089 
(epoch: 14, iters: 6181, time: 0.484, data: 0.001) G_GAN_ViT: 0.493 D_real_ViT: 0.185 D_fake_ViT: 0.127 global: 0.335 spatial: 0.062 
(epoch: 14, iters: 6281, time: 0.483, data: 0.001) G_GAN_ViT: 0.414 D_real_ViT: 0.173 D_fake_ViT: 0.181 global: 0.453 spatial: 0.096 
(epoch: 14, iters: 6381, time: 0.483, data: 0.001) G_GAN_ViT: 0.229 D_real_ViT: 0.315 D_fake_ViT: 0.364 global: 0.420 spatial: 0.069 
End of epoch 14 / 100 	 Time Taken: 3138 sec
learning rate = 0.0000100
(epoch: 15, iters: 18, time: 0.484, data: 0.001) G_GAN_ViT: 0.396 D_real_ViT: 0.202 D_fake_ViT: 0.194 global: 0.516 spatial: 0.087 
(epoch: 15, iters: 118, time: 0.484, data: 0.001) G_GAN_ViT: 0.371 D_real_ViT: 0.113 D_fake_ViT: 0.209 global: 0.333 spatial: 0.076 
(epoch: 15, iters: 218, time: 0.484, data: 0.001) G_GAN_ViT: 0.487 D_real_ViT: 0.171 D_fake_ViT: 0.159 global: 0.510 spatial: 0.098 
(epoch: 15, iters: 318, time: 0.484, data: 0.001) G_GAN_ViT: 0.349 D_real_ViT: 0.397 D_fake_ViT: 0.193 global: 0.402 spatial: 0.093 
(epoch: 15, iters: 418, time: 0.485, data: 0.001) G_GAN_ViT: 0.381 D_real_ViT: 0.277 D_fake_ViT: 0.209 global: 0.451 spatial: 0.098 
(epoch: 15, iters: 518, time: 0.485, data: 0.001) G_GAN_ViT: 0.416 D_real_ViT: 0.200 D_fake_ViT: 0.195 global: 0.559 spatial: 0.118 
(epoch: 15, iters: 618, time: 0.485, data: 0.001) G_GAN_ViT: 0.422 D_real_ViT: 0.251 D_fake_ViT: 0.179 global: 0.543 spatial: 0.089 
(epoch: 15, iters: 718, time: 0.485, data: 0.001) G_GAN_ViT: 0.450 D_real_ViT: 0.332 D_fake_ViT: 0.149 global: 0.336 spatial: 0.065 
(epoch: 15, iters: 818, time: 0.485, data: 0.001) G_GAN_ViT: 0.294 D_real_ViT: 0.100 D_fake_ViT: 0.249 global: 0.426 spatial: 0.068 
(epoch: 15, iters: 918, time: 0.485, data: 0.001) G_GAN_ViT: 0.387 D_real_ViT: 0.309 D_fake_ViT: 0.181 global: 0.398 spatial: 0.082 
(epoch: 15, iters: 1018, time: 0.485, data: 0.001) G_GAN_ViT: 0.405 D_real_ViT: 0.257 D_fake_ViT: 0.218 global: 0.485 spatial: 0.094 
(epoch: 15, iters: 1118, time: 0.485, data: 0.001) G_GAN_ViT: 0.303 D_real_ViT: 0.223 D_fake_ViT: 0.250 global: 0.503 spatial: 0.082 
(epoch: 15, iters: 1218, time: 0.485, data: 0.001) G_GAN_ViT: 0.345 D_real_ViT: 0.104 D_fake_ViT: 0.221 global: 0.432 spatial: 0.093 
(epoch: 15, iters: 1318, time: 0.485, data: 0.001) G_GAN_ViT: 0.408 D_real_ViT: 0.249 D_fake_ViT: 0.170 global: 0.428 spatial: 0.085 
(epoch: 15, iters: 1418, time: 0.485, data: 0.001) G_GAN_ViT: 0.358 D_real_ViT: 0.160 D_fake_ViT: 0.223 global: 0.411 spatial: 0.084 
(epoch: 15, iters: 1518, time: 0.485, data: 0.001) G_GAN_ViT: 0.438 D_real_ViT: 0.207 D_fake_ViT: 0.160 global: 0.430 spatial: 0.090 
(epoch: 15, iters: 1618, time: 0.485, data: 0.002) G_GAN_ViT: 0.492 D_real_ViT: 0.347 D_fake_ViT: 0.130 global: 0.281 spatial: 0.066 
(epoch: 15, iters: 1718, time: 0.485, data: 0.001) G_GAN_ViT: 0.447 D_real_ViT: 0.175 D_fake_ViT: 0.159 global: 0.359 spatial: 0.085 
(epoch: 15, iters: 1818, time: 0.484, data: 0.001) G_GAN_ViT: 0.379 D_real_ViT: 0.243 D_fake_ViT: 0.197 global: 0.433 spatial: 0.093 
(epoch: 15, iters: 1918, time: 0.485, data: 0.001) G_GAN_ViT: 0.359 D_real_ViT: 0.127 D_fake_ViT: 0.213 global: 0.463 spatial: 0.095 
(epoch: 15, iters: 2018, time: 0.485, data: 0.001) G_GAN_ViT: 0.443 D_real_ViT: 0.226 D_fake_ViT: 0.159 global: 0.380 spatial: 0.072 
(epoch: 15, iters: 2118, time: 0.485, data: 0.001) G_GAN_ViT: 0.370 D_real_ViT: 0.243 D_fake_ViT: 0.220 global: 0.318 spatial: 0.074 
(epoch: 15, iters: 2218, time: 0.485, data: 0.001) G_GAN_ViT: 0.392 D_real_ViT: 0.239 D_fake_ViT: 0.189 global: 0.460 spatial: 0.077 
(epoch: 15, iters: 2318, time: 0.485, data: 0.001) G_GAN_ViT: 0.347 D_real_ViT: 0.199 D_fake_ViT: 0.215 global: 0.416 spatial: 0.092 
(epoch: 15, iters: 2418, time: 0.485, data: 0.001) G_GAN_ViT: 0.387 D_real_ViT: 0.189 D_fake_ViT: 0.190 global: 0.401 spatial: 0.081 
(epoch: 15, iters: 2518, time: 0.485, data: 0.001) G_GAN_ViT: 0.473 D_real_ViT: 0.248 D_fake_ViT: 0.171 global: 0.366 spatial: 0.098 
(epoch: 15, iters: 2618, time: 0.485, data: 0.001) G_GAN_ViT: 0.417 D_real_ViT: 0.228 D_fake_ViT: 0.180 global: 0.511 spatial: 0.089 
(epoch: 15, iters: 2718, time: 0.485, data: 0.001) G_GAN_ViT: 0.342 D_real_ViT: 0.136 D_fake_ViT: 0.221 global: 0.469 spatial: 0.095 
(epoch: 15, iters: 2818, time: 0.485, data: 0.001) G_GAN_ViT: 0.410 D_real_ViT: 0.139 D_fake_ViT: 0.185 global: 0.462 spatial: 0.099 
(epoch: 15, iters: 2918, time: 0.485, data: 0.001) G_GAN_ViT: 0.421 D_real_ViT: 0.190 D_fake_ViT: 0.197 global: 0.408 spatial: 0.084 
(epoch: 15, iters: 3018, time: 0.485, data: 0.001) G_GAN_ViT: 0.428 D_real_ViT: 0.139 D_fake_ViT: 0.174 global: 0.364 spatial: 0.069 
(epoch: 15, iters: 3118, time: 0.485, data: 0.001) G_GAN_ViT: 0.453 D_real_ViT: 0.197 D_fake_ViT: 0.165 global: 0.371 spatial: 0.085 
(epoch: 15, iters: 3218, time: 0.485, data: 0.001) G_GAN_ViT: 0.272 D_real_ViT: 0.236 D_fake_ViT: 0.271 global: 0.408 spatial: 0.087 
(epoch: 15, iters: 3318, time: 0.484, data: 0.001) G_GAN_ViT: 0.503 D_real_ViT: 0.122 D_fake_ViT: 0.119 global: 0.381 spatial: 0.077 
(epoch: 15, iters: 3418, time: 0.484, data: 0.001) G_GAN_ViT: 0.644 D_real_ViT: 0.157 D_fake_ViT: 0.091 global: 0.405 spatial: 0.083 
(epoch: 15, iters: 3518, time: 0.484, data: 0.001) G_GAN_ViT: 0.355 D_real_ViT: 0.212 D_fake_ViT: 0.216 global: 0.413 spatial: 0.104 
(epoch: 15, iters: 3618, time: 0.484, data: 0.001) G_GAN_ViT: 0.468 D_real_ViT: 0.213 D_fake_ViT: 0.139 global: 0.486 spatial: 0.081 
(epoch: 15, iters: 3718, time: 0.484, data: 0.001) G_GAN_ViT: 0.383 D_real_ViT: 0.213 D_fake_ViT: 0.216 global: 0.467 spatial: 0.085 
(epoch: 15, iters: 3818, time: 0.485, data: 0.001) G_GAN_ViT: 0.525 D_real_ViT: 0.293 D_fake_ViT: 0.116 global: 0.455 spatial: 0.077 
(epoch: 15, iters: 3918, time: 0.484, data: 0.001) G_GAN_ViT: 0.493 D_real_ViT: 0.226 D_fake_ViT: 0.120 global: 0.384 spatial: 0.080 
(epoch: 15, iters: 4018, time: 0.485, data: 0.001) G_GAN_ViT: 0.272 D_real_ViT: 0.125 D_fake_ViT: 0.307 global: 0.495 spatial: 0.080 
(epoch: 15, iters: 4118, time: 0.484, data: 0.001) G_GAN_ViT: 0.322 D_real_ViT: 0.202 D_fake_ViT: 0.224 global: 0.401 spatial: 0.072 
(epoch: 15, iters: 4218, time: 0.484, data: 0.001) G_GAN_ViT: 0.449 D_real_ViT: 0.108 D_fake_ViT: 0.154 global: 0.376 spatial: 0.081 
(epoch: 15, iters: 4318, time: 0.485, data: 0.002) G_GAN_ViT: 0.405 D_real_ViT: 0.199 D_fake_ViT: 0.195 global: 0.459 spatial: 0.091 
(epoch: 15, iters: 4418, time: 0.484, data: 0.001) G_GAN_ViT: 0.498 D_real_ViT: 0.239 D_fake_ViT: 0.128 global: 0.291 spatial: 0.073 
(epoch: 15, iters: 4518, time: 0.484, data: 0.001) G_GAN_ViT: 0.614 D_real_ViT: 0.168 D_fake_ViT: 0.105 global: 0.440 spatial: 0.075 
saving the latest model (epoch 15, total_iters 95000)
ICL_single_traffic_hwy
(epoch: 15, iters: 4618, time: 0.484, data: 0.002) G_GAN_ViT: 0.502 D_real_ViT: 0.111 D_fake_ViT: 0.141 global: 0.367 spatial: 0.082 
(epoch: 15, iters: 4718, time: 0.484, data: 0.001) G_GAN_ViT: 0.479 D_real_ViT: 0.180 D_fake_ViT: 0.133 global: 0.491 spatial: 0.073 
(epoch: 15, iters: 4818, time: 0.482, data: 0.001) G_GAN_ViT: 0.360 D_real_ViT: 0.250 D_fake_ViT: 0.210 global: 0.482 spatial: 0.085 
(epoch: 15, iters: 4918, time: 0.483, data: 0.001) G_GAN_ViT: 0.328 D_real_ViT: 0.243 D_fake_ViT: 0.248 global: 0.482 spatial: 0.084 
(epoch: 15, iters: 5018, time: 0.483, data: 0.002) G_GAN_ViT: 0.623 D_real_ViT: 0.351 D_fake_ViT: 0.101 global: 0.463 spatial: 0.091 
(epoch: 15, iters: 5118, time: 0.483, data: 0.001) G_GAN_ViT: 0.389 D_real_ViT: 0.069 D_fake_ViT: 0.208 global: 0.425 spatial: 0.081 
(epoch: 15, iters: 5218, time: 0.484, data: 0.001) G_GAN_ViT: 0.384 D_real_ViT: 0.250 D_fake_ViT: 0.224 global: 0.492 spatial: 0.097 
(epoch: 15, iters: 5318, time: 0.484, data: 0.001) G_GAN_ViT: 0.480 D_real_ViT: 0.234 D_fake_ViT: 0.145 global: 0.331 spatial: 0.070 
(epoch: 15, iters: 5418, time: 0.484, data: 0.001) G_GAN_ViT: 0.435 D_real_ViT: 0.212 D_fake_ViT: 0.165 global: 0.330 spatial: 0.076 
(epoch: 15, iters: 5518, time: 0.485, data: 0.001) G_GAN_ViT: 0.463 D_real_ViT: 0.221 D_fake_ViT: 0.131 global: 0.355 spatial: 0.081 
(epoch: 15, iters: 5618, time: 0.485, data: 0.001) G_GAN_ViT: 0.505 D_real_ViT: 0.287 D_fake_ViT: 0.115 global: 0.377 spatial: 0.063 
(epoch: 15, iters: 5718, time: 0.485, data: 0.001) G_GAN_ViT: 0.248 D_real_ViT: 0.100 D_fake_ViT: 0.309 global: 0.477 spatial: 0.085 
(epoch: 15, iters: 5818, time: 0.485, data: 0.001) G_GAN_ViT: 0.390 D_real_ViT: 0.136 D_fake_ViT: 0.179 global: 0.431 spatial: 0.073 
(epoch: 15, iters: 5918, time: 0.485, data: 0.001) G_GAN_ViT: 0.547 D_real_ViT: 0.220 D_fake_ViT: 0.102 global: 0.464 spatial: 0.091 
(epoch: 15, iters: 6018, time: 0.485, data: 0.001) G_GAN_ViT: 0.445 D_real_ViT: 0.251 D_fake_ViT: 0.155 global: 0.494 spatial: 0.076 
(epoch: 15, iters: 6118, time: 0.485, data: 0.001) G_GAN_ViT: 0.464 D_real_ViT: 0.284 D_fake_ViT: 0.147 global: 0.414 spatial: 0.082 
(epoch: 15, iters: 6218, time: 0.485, data: 0.001) G_GAN_ViT: 0.335 D_real_ViT: 0.295 D_fake_ViT: 0.262 global: 0.404 spatial: 0.091 
(epoch: 15, iters: 6318, time: 0.485, data: 0.001) G_GAN_ViT: 0.459 D_real_ViT: 0.234 D_fake_ViT: 0.152 global: 0.487 spatial: 0.094 
(epoch: 15, iters: 6418, time: 0.485, data: 0.001) G_GAN_ViT: 0.388 D_real_ViT: 0.390 D_fake_ViT: 0.202 global: 0.417 spatial: 0.105 
saving the model at the end of epoch 15, iters 96945
End of epoch 15 / 100 	 Time Taken: 3142 sec
learning rate = 0.0000100
(epoch: 16, iters: 55, time: 0.485, data: 0.001) G_GAN_ViT: 0.479 D_real_ViT: 0.176 D_fake_ViT: 0.166 global: 0.396 spatial: 0.103 
(epoch: 16, iters: 155, time: 0.485, data: 0.001) G_GAN_ViT: 0.564 D_real_ViT: 0.204 D_fake_ViT: 0.121 global: 0.585 spatial: 0.107 
(epoch: 16, iters: 255, time: 0.485, data: 0.001) G_GAN_ViT: 0.429 D_real_ViT: 0.161 D_fake_ViT: 0.161 global: 0.411 spatial: 0.087 
(epoch: 16, iters: 355, time: 0.485, data: 0.001) G_GAN_ViT: 0.609 D_real_ViT: 0.222 D_fake_ViT: 0.119 global: 0.484 spatial: 0.092 
(epoch: 16, iters: 455, time: 0.485, data: 0.003) G_GAN_ViT: 0.362 D_real_ViT: 0.077 D_fake_ViT: 0.244 global: 0.294 spatial: 0.075 
(epoch: 16, iters: 555, time: 0.485, data: 0.001) G_GAN_ViT: 0.303 D_real_ViT: 0.212 D_fake_ViT: 0.253 global: 0.407 spatial: 0.076 
(epoch: 16, iters: 655, time: 0.485, data: 0.001) G_GAN_ViT: 0.410 D_real_ViT: 0.200 D_fake_ViT: 0.199 global: 0.512 spatial: 0.101 
(epoch: 16, iters: 755, time: 0.485, data: 0.001) G_GAN_ViT: 0.302 D_real_ViT: 0.250 D_fake_ViT: 0.265 global: 0.531 spatial: 0.084 
(epoch: 16, iters: 855, time: 0.485, data: 0.001) G_GAN_ViT: 0.469 D_real_ViT: 0.309 D_fake_ViT: 0.149 global: 0.405 spatial: 0.078 
(epoch: 16, iters: 955, time: 0.485, data: 0.001) G_GAN_ViT: 0.365 D_real_ViT: 0.276 D_fake_ViT: 0.248 global: 0.436 spatial: 0.082 
(epoch: 16, iters: 1055, time: 0.485, data: 0.001) G_GAN_ViT: 0.323 D_real_ViT: 0.194 D_fake_ViT: 0.237 global: 0.474 spatial: 0.088 
(epoch: 16, iters: 1155, time: 0.485, data: 0.001) G_GAN_ViT: 0.481 D_real_ViT: 0.255 D_fake_ViT: 0.144 global: 0.399 spatial: 0.081 
(epoch: 16, iters: 1255, time: 0.485, data: 0.001) G_GAN_ViT: 0.538 D_real_ViT: 0.195 D_fake_ViT: 0.121 global: 0.437 spatial: 0.090 
(epoch: 16, iters: 1355, time: 0.485, data: 0.001) G_GAN_ViT: 0.402 D_real_ViT: 0.166 D_fake_ViT: 0.165 global: 0.511 spatial: 0.091 
(epoch: 16, iters: 1455, time: 0.485, data: 0.001) G_GAN_ViT: 0.528 D_real_ViT: 0.068 D_fake_ViT: 0.117 global: 0.340 spatial: 0.071 
(epoch: 16, iters: 1555, time: 0.485, data: 0.001) G_GAN_ViT: 0.445 D_real_ViT: 0.147 D_fake_ViT: 0.182 global: 0.444 spatial: 0.077 
(epoch: 16, iters: 1655, time: 0.485, data: 0.001) G_GAN_ViT: 0.550 D_real_ViT: 0.140 D_fake_ViT: 0.121 global: 0.429 spatial: 0.083 
(epoch: 16, iters: 1755, time: 0.485, data: 0.001) G_GAN_ViT: 0.452 D_real_ViT: 0.302 D_fake_ViT: 0.167 global: 0.339 spatial: 0.078 
(epoch: 16, iters: 1855, time: 0.485, data: 0.001) G_GAN_ViT: 0.275 D_real_ViT: 0.183 D_fake_ViT: 0.284 global: 0.470 spatial: 0.093 
(epoch: 16, iters: 1955, time: 0.485, data: 0.001) G_GAN_ViT: 0.480 D_real_ViT: 0.198 D_fake_ViT: 0.139 global: 0.339 spatial: 0.067 
(epoch: 16, iters: 2055, time: 0.485, data: 0.001) G_GAN_ViT: 0.241 D_real_ViT: 0.132 D_fake_ViT: 0.345 global: 0.504 spatial: 0.092 
(epoch: 16, iters: 2155, time: 0.485, data: 0.001) G_GAN_ViT: 0.478 D_real_ViT: 0.273 D_fake_ViT: 0.172 global: 0.439 spatial: 0.093 
(epoch: 16, iters: 2255, time: 0.485, data: 0.001) G_GAN_ViT: 0.504 D_real_ViT: 0.380 D_fake_ViT: 0.128 global: 0.460 spatial: 0.097 
(epoch: 16, iters: 2355, time: 0.485, data: 0.001) G_GAN_ViT: 0.411 D_real_ViT: 0.132 D_fake_ViT: 0.187 global: 0.344 spatial: 0.081 
(epoch: 16, iters: 2455, time: 0.485, data: 0.001) G_GAN_ViT: 0.426 D_real_ViT: 0.096 D_fake_ViT: 0.186 global: 0.471 spatial: 0.094 
(epoch: 16, iters: 2555, time: 0.484, data: 0.001) G_GAN_ViT: 0.277 D_real_ViT: 0.176 D_fake_ViT: 0.288 global: 0.312 spatial: 0.080 
(epoch: 16, iters: 2655, time: 0.484, data: 0.001) G_GAN_ViT: 0.449 D_real_ViT: 0.302 D_fake_ViT: 0.162 global: 0.586 spatial: 0.086 
(epoch: 16, iters: 2755, time: 0.483, data: 0.001) G_GAN_ViT: 0.427 D_real_ViT: 0.245 D_fake_ViT: 0.176 global: 0.382 spatial: 0.085 
(epoch: 16, iters: 2855, time: 0.482, data: 0.001) G_GAN_ViT: 0.470 D_real_ViT: 0.190 D_fake_ViT: 0.138 global: 0.353 spatial: 0.067 
(epoch: 16, iters: 2955, time: 0.483, data: 0.001) G_GAN_ViT: 0.427 D_real_ViT: 0.242 D_fake_ViT: 0.205 global: 0.369 spatial: 0.096 
(epoch: 16, iters: 3055, time: 0.483, data: 0.001) G_GAN_ViT: 0.485 D_real_ViT: 0.158 D_fake_ViT: 0.138 global: 0.397 spatial: 0.072 
saving the latest model (epoch 16, total_iters 100000)
ICL_single_traffic_hwy
(epoch: 16, iters: 3155, time: 0.483, data: 0.001) G_GAN_ViT: 0.427 D_real_ViT: 0.255 D_fake_ViT: 0.167 global: 0.466 spatial: 0.093 
(epoch: 16, iters: 3255, time: 0.483, data: 0.002) G_GAN_ViT: 0.334 D_real_ViT: 0.239 D_fake_ViT: 0.221 global: 0.344 spatial: 0.087 
(epoch: 16, iters: 3355, time: 0.483, data: 0.001) G_GAN_ViT: 0.420 D_real_ViT: 0.195 D_fake_ViT: 0.165 global: 0.410 spatial: 0.081 
(epoch: 16, iters: 3455, time: 0.482, data: 0.001) G_GAN_ViT: 0.481 D_real_ViT: 0.116 D_fake_ViT: 0.145 global: 0.555 spatial: 0.098 
(epoch: 16, iters: 3555, time: 0.482, data: 0.001) G_GAN_ViT: 0.536 D_real_ViT: 0.167 D_fake_ViT: 0.122 global: 0.303 spatial: 0.069 
(epoch: 16, iters: 3655, time: 0.483, data: 0.001) G_GAN_ViT: 0.620 D_real_ViT: 0.269 D_fake_ViT: 0.082 global: 0.373 spatial: 0.078 
(epoch: 16, iters: 3755, time: 0.483, data: 0.001) G_GAN_ViT: 0.516 D_real_ViT: 0.191 D_fake_ViT: 0.134 global: 0.486 spatial: 0.096 
(epoch: 16, iters: 3855, time: 0.483, data: 0.001) G_GAN_ViT: 0.541 D_real_ViT: 0.205 D_fake_ViT: 0.108 global: 0.496 spatial: 0.079 
(epoch: 16, iters: 3955, time: 0.483, data: 0.001) G_GAN_ViT: 0.429 D_real_ViT: 0.210 D_fake_ViT: 0.171 global: 0.398 spatial: 0.083 
(epoch: 16, iters: 4055, time: 0.483, data: 0.001) G_GAN_ViT: 0.511 D_real_ViT: 0.200 D_fake_ViT: 0.131 global: 0.475 spatial: 0.077 
(epoch: 16, iters: 4155, time: 0.484, data: 0.001) G_GAN_ViT: 0.366 D_real_ViT: 0.266 D_fake_ViT: 0.228 global: 0.439 spatial: 0.093 
(epoch: 16, iters: 4255, time: 0.484, data: 0.001) G_GAN_ViT: 0.366 D_real_ViT: 0.175 D_fake_ViT: 0.212 global: 0.445 spatial: 0.086 
(epoch: 16, iters: 4355, time: 0.484, data: 0.001) G_GAN_ViT: 0.545 D_real_ViT: 0.179 D_fake_ViT: 0.114 global: 0.486 spatial: 0.084 
(epoch: 16, iters: 4455, time: 0.484, data: 0.001) G_GAN_ViT: 0.433 D_real_ViT: 0.250 D_fake_ViT: 0.171 global: 0.293 spatial: 0.067 
(epoch: 16, iters: 4555, time: 0.484, data: 0.001) G_GAN_ViT: 0.452 D_real_ViT: 0.136 D_fake_ViT: 0.144 global: 0.423 spatial: 0.085 
(epoch: 16, iters: 4655, time: 0.483, data: 0.001) G_GAN_ViT: 0.350 D_real_ViT: 0.153 D_fake_ViT: 0.233 global: 0.309 spatial: 0.074 
(epoch: 16, iters: 4755, time: 0.484, data: 0.001) G_GAN_ViT: 0.347 D_real_ViT: 0.224 D_fake_ViT: 0.222 global: 0.414 spatial: 0.085 
(epoch: 16, iters: 4855, time: 0.484, data: 0.001) G_GAN_ViT: 0.522 D_real_ViT: 0.264 D_fake_ViT: 0.153 global: 0.395 spatial: 0.094 
(epoch: 16, iters: 4955, time: 0.484, data: 0.001) G_GAN_ViT: 0.422 D_real_ViT: 0.259 D_fake_ViT: 0.152 global: 0.455 spatial: 0.075 
(epoch: 16, iters: 5055, time: 0.483, data: 0.001) G_GAN_ViT: 0.435 D_real_ViT: 0.203 D_fake_ViT: 0.168 global: 0.412 spatial: 0.067 
(epoch: 16, iters: 5155, time: 0.483, data: 0.001) G_GAN_ViT: 0.459 D_real_ViT: 0.143 D_fake_ViT: 0.163 global: 0.374 spatial: 0.071 
(epoch: 16, iters: 5255, time: 0.483, data: 0.001) G_GAN_ViT: 0.422 D_real_ViT: 0.044 D_fake_ViT: 0.192 global: 0.336 spatial: 0.085 
(epoch: 16, iters: 5355, time: 0.483, data: 0.001) G_GAN_ViT: 0.175 D_real_ViT: 0.250 D_fake_ViT: 0.431 global: 0.428 spatial: 0.086 
(epoch: 16, iters: 5455, time: 0.483, data: 0.001) G_GAN_ViT: 0.317 D_real_ViT: 0.321 D_fake_ViT: 0.231 global: 0.428 spatial: 0.083 
(epoch: 16, iters: 5555, time: 0.484, data: 0.001) G_GAN_ViT: 0.449 D_real_ViT: 0.123 D_fake_ViT: 0.160 global: 0.383 spatial: 0.071 
(epoch: 16, iters: 5655, time: 0.483, data: 0.001) G_GAN_ViT: 0.422 D_real_ViT: 0.301 D_fake_ViT: 0.181 global: 0.535 spatial: 0.087 
(epoch: 16, iters: 5755, time: 0.482, data: 0.001) G_GAN_ViT: 0.418 D_real_ViT: 0.158 D_fake_ViT: 0.178 global: 0.442 spatial: 0.083 
(epoch: 16, iters: 5855, time: 0.483, data: 0.001) G_GAN_ViT: 0.366 D_real_ViT: 0.210 D_fake_ViT: 0.211 global: 0.451 spatial: 0.084 
(epoch: 16, iters: 5955, time: 0.483, data: 0.001) G_GAN_ViT: 0.461 D_real_ViT: 0.264 D_fake_ViT: 0.137 global: 0.371 spatial: 0.082 
(epoch: 16, iters: 6055, time: 0.484, data: 0.001) G_GAN_ViT: 0.383 D_real_ViT: 0.291 D_fake_ViT: 0.214 global: 0.437 spatial: 0.089 
(epoch: 16, iters: 6155, time: 0.484, data: 0.001) G_GAN_ViT: 0.354 D_real_ViT: 0.155 D_fake_ViT: 0.263 global: 0.420 spatial: 0.099 
(epoch: 16, iters: 6255, time: 0.484, data: 0.001) G_GAN_ViT: 0.373 D_real_ViT: 0.252 D_fake_ViT: 0.216 global: 0.494 spatial: 0.079 
(epoch: 16, iters: 6355, time: 0.484, data: 0.001) G_GAN_ViT: 0.435 D_real_ViT: 0.114 D_fake_ViT: 0.156 global: 0.347 spatial: 0.074 
(epoch: 16, iters: 6455, time: 0.484, data: 0.002) G_GAN_ViT: 0.431 D_real_ViT: 0.283 D_fake_ViT: 0.189 global: 0.564 spatial: 0.110 
End of epoch 16 / 100 	 Time Taken: 3137 sec
learning rate = 0.0000100
(epoch: 17, iters: 92, time: 0.483, data: 0.001) G_GAN_ViT: 0.471 D_real_ViT: 0.284 D_fake_ViT: 0.151 global: 0.336 spatial: 0.078 
(epoch: 17, iters: 192, time: 0.483, data: 0.001) G_GAN_ViT: 0.247 D_real_ViT: 0.111 D_fake_ViT: 0.309 global: 0.403 spatial: 0.071 
(epoch: 17, iters: 292, time: 0.483, data: 0.001) G_GAN_ViT: 0.374 D_real_ViT: 0.210 D_fake_ViT: 0.208 global: 0.453 spatial: 0.089 
(epoch: 17, iters: 392, time: 0.484, data: 0.001) G_GAN_ViT: 0.303 D_real_ViT: 0.135 D_fake_ViT: 0.259 global: 0.403 spatial: 0.075 
(epoch: 17, iters: 492, time: 0.484, data: 0.001) G_GAN_ViT: 0.462 D_real_ViT: 0.280 D_fake_ViT: 0.168 global: 0.464 spatial: 0.095 
(epoch: 17, iters: 592, time: 0.484, data: 0.001) G_GAN_ViT: 0.561 D_real_ViT: 0.251 D_fake_ViT: 0.135 global: 0.463 spatial: 0.099 
(epoch: 17, iters: 692, time: 0.484, data: 0.003) G_GAN_ViT: 0.489 D_real_ViT: 0.097 D_fake_ViT: 0.130 global: 0.471 spatial: 0.089 
(epoch: 17, iters: 792, time: 0.484, data: 0.001) G_GAN_ViT: 0.498 D_real_ViT: 0.167 D_fake_ViT: 0.185 global: 0.407 spatial: 0.100 
(epoch: 17, iters: 892, time: 0.484, data: 0.001) G_GAN_ViT: 0.540 D_real_ViT: 0.125 D_fake_ViT: 0.114 global: 0.375 spatial: 0.062 
(epoch: 17, iters: 992, time: 0.484, data: 0.001) G_GAN_ViT: 0.483 D_real_ViT: 0.283 D_fake_ViT: 0.144 global: 0.402 spatial: 0.082 
(epoch: 17, iters: 1092, time: 0.484, data: 0.001) G_GAN_ViT: 0.430 D_real_ViT: 0.136 D_fake_ViT: 0.165 global: 0.472 spatial: 0.100 
(epoch: 17, iters: 1192, time: 0.484, data: 0.001) G_GAN_ViT: 0.314 D_real_ViT: 0.326 D_fake_ViT: 0.244 global: 0.459 spatial: 0.081 
(epoch: 17, iters: 1292, time: 0.483, data: 0.001) G_GAN_ViT: 0.422 D_real_ViT: 0.284 D_fake_ViT: 0.169 global: 0.348 spatial: 0.074 
(epoch: 17, iters: 1392, time: 0.483, data: 0.001) G_GAN_ViT: 0.453 D_real_ViT: 0.160 D_fake_ViT: 0.151 global: 0.459 spatial: 0.075 
(epoch: 17, iters: 1492, time: 0.483, data: 0.002) G_GAN_ViT: 0.461 D_real_ViT: 0.051 D_fake_ViT: 0.159 global: 0.539 spatial: 0.092 
(epoch: 17, iters: 1592, time: 0.484, data: 0.001) G_GAN_ViT: 0.337 D_real_ViT: 0.165 D_fake_ViT: 0.234 global: 0.379 spatial: 0.074 
saving the latest model (epoch 17, total_iters 105000)
ICL_single_traffic_hwy
(epoch: 17, iters: 1692, time: 0.483, data: 0.001) G_GAN_ViT: 0.476 D_real_ViT: 0.128 D_fake_ViT: 0.134 global: 0.400 spatial: 0.079 
(epoch: 17, iters: 1792, time: 0.483, data: 0.001) G_GAN_ViT: 0.413 D_real_ViT: 0.163 D_fake_ViT: 0.167 global: 0.501 spatial: 0.097 
(epoch: 17, iters: 1892, time: 0.483, data: 0.001) G_GAN_ViT: 0.401 D_real_ViT: 0.092 D_fake_ViT: 0.201 global: 0.295 spatial: 0.069 
(epoch: 17, iters: 1992, time: 0.482, data: 0.001) G_GAN_ViT: 0.474 D_real_ViT: 0.234 D_fake_ViT: 0.134 global: 0.331 spatial: 0.069 
(epoch: 17, iters: 2092, time: 0.482, data: 0.001) G_GAN_ViT: 0.428 D_real_ViT: 0.223 D_fake_ViT: 0.177 global: 0.459 spatial: 0.090 
(epoch: 17, iters: 2192, time: 0.483, data: 0.001) G_GAN_ViT: 0.377 D_real_ViT: 0.133 D_fake_ViT: 0.208 global: 0.402 spatial: 0.082 
(epoch: 17, iters: 2292, time: 0.484, data: 0.001) G_GAN_ViT: 0.504 D_real_ViT: 0.100 D_fake_ViT: 0.150 global: 0.509 spatial: 0.089 
(epoch: 17, iters: 2392, time: 0.484, data: 0.001) G_GAN_ViT: 0.327 D_real_ViT: 0.171 D_fake_ViT: 0.238 global: 0.351 spatial: 0.078 
(epoch: 17, iters: 2492, time: 0.484, data: 0.001) G_GAN_ViT: 0.465 D_real_ViT: 0.150 D_fake_ViT: 0.138 global: 0.520 spatial: 0.090 
(epoch: 17, iters: 2592, time: 0.484, data: 0.001) G_GAN_ViT: 0.673 D_real_ViT: 0.193 D_fake_ViT: 0.112 global: 0.390 spatial: 0.098 
(epoch: 17, iters: 2692, time: 0.483, data: 0.001) G_GAN_ViT: 0.455 D_real_ViT: 0.170 D_fake_ViT: 0.157 global: 0.331 spatial: 0.073 
(epoch: 17, iters: 2792, time: 0.483, data: 0.001) G_GAN_ViT: 0.366 D_real_ViT: 0.277 D_fake_ViT: 0.212 global: 0.280 spatial: 0.070 
(epoch: 17, iters: 2892, time: 0.484, data: 0.001) G_GAN_ViT: 0.425 D_real_ViT: 0.240 D_fake_ViT: 0.161 global: 0.468 spatial: 0.091 
(epoch: 17, iters: 2992, time: 0.484, data: 0.001) G_GAN_ViT: 0.374 D_real_ViT: 0.216 D_fake_ViT: 0.193 global: 0.350 spatial: 0.073 
(epoch: 17, iters: 3092, time: 0.484, data: 0.001) G_GAN_ViT: 0.417 D_real_ViT: 0.174 D_fake_ViT: 0.161 global: 0.382 spatial: 0.078 
(epoch: 17, iters: 3192, time: 0.484, data: 0.001) G_GAN_ViT: 0.467 D_real_ViT: 0.183 D_fake_ViT: 0.170 global: 0.462 spatial: 0.085 
(epoch: 17, iters: 3292, time: 0.484, data: 0.001) G_GAN_ViT: 0.450 D_real_ViT: 0.075 D_fake_ViT: 0.159 global: 0.370 spatial: 0.070 
(epoch: 17, iters: 3392, time: 0.484, data: 0.001) G_GAN_ViT: 0.477 D_real_ViT: 0.231 D_fake_ViT: 0.159 global: 0.492 spatial: 0.107 
(epoch: 17, iters: 3492, time: 0.484, data: 0.001) G_GAN_ViT: 0.613 D_real_ViT: 0.290 D_fake_ViT: 0.087 global: 0.413 spatial: 0.079 
(epoch: 17, iters: 3592, time: 0.484, data: 0.001) G_GAN_ViT: 0.255 D_real_ViT: 0.156 D_fake_ViT: 0.305 global: 0.412 spatial: 0.076 
(epoch: 17, iters: 3692, time: 0.484, data: 0.001) G_GAN_ViT: 0.448 D_real_ViT: 0.115 D_fake_ViT: 0.154 global: 0.302 spatial: 0.066 
(epoch: 17, iters: 3792, time: 0.484, data: 0.001) G_GAN_ViT: 0.372 D_real_ViT: 0.195 D_fake_ViT: 0.208 global: 0.341 spatial: 0.072 
(epoch: 17, iters: 3892, time: 0.484, data: 0.001) G_GAN_ViT: 0.442 D_real_ViT: 0.190 D_fake_ViT: 0.173 global: 0.550 spatial: 0.100 
(epoch: 17, iters: 3992, time: 0.484, data: 0.001) G_GAN_ViT: 0.281 D_real_ViT: 0.111 D_fake_ViT: 0.293 global: 0.504 spatial: 0.103 
(epoch: 17, iters: 4092, time: 0.484, data: 0.001) G_GAN_ViT: 0.396 D_real_ViT: 0.140 D_fake_ViT: 0.191 global: 0.430 spatial: 0.087 
(epoch: 17, iters: 4192, time: 0.484, data: 0.002) G_GAN_ViT: 0.565 D_real_ViT: 0.253 D_fake_ViT: 0.143 global: 0.486 spatial: 0.102 
(epoch: 17, iters: 4292, time: 0.484, data: 0.001) G_GAN_ViT: 0.388 D_real_ViT: 0.187 D_fake_ViT: 0.211 global: 0.550 spatial: 0.106 
(epoch: 17, iters: 4392, time: 0.484, data: 0.001) G_GAN_ViT: 0.381 D_real_ViT: 0.110 D_fake_ViT: 0.244 global: 0.476 spatial: 0.105 
(epoch: 17, iters: 4492, time: 0.484, data: 0.001) G_GAN_ViT: 0.410 D_real_ViT: 0.084 D_fake_ViT: 0.202 global: 0.448 spatial: 0.102 
(epoch: 17, iters: 4592, time: 0.484, data: 0.001) G_GAN_ViT: 0.443 D_real_ViT: 0.139 D_fake_ViT: 0.157 global: 0.348 spatial: 0.077 
(epoch: 17, iters: 4692, time: 0.484, data: 0.001) G_GAN_ViT: 0.547 D_real_ViT: 0.091 D_fake_ViT: 0.114 global: 0.351 spatial: 0.073 
(epoch: 17, iters: 4792, time: 0.484, data: 0.001) G_GAN_ViT: 0.366 D_real_ViT: 0.107 D_fake_ViT: 0.219 global: 0.401 spatial: 0.090 
(epoch: 17, iters: 4892, time: 0.484, data: 0.001) G_GAN_ViT: 0.437 D_real_ViT: 0.135 D_fake_ViT: 0.187 global: 0.479 spatial: 0.095 
(epoch: 17, iters: 4992, time: 0.484, data: 0.001) G_GAN_ViT: 0.515 D_real_ViT: 0.225 D_fake_ViT: 0.173 global: 0.473 spatial: 0.108 
(epoch: 17, iters: 5092, time: 0.484, data: 0.001) G_GAN_ViT: 0.287 D_real_ViT: 0.158 D_fake_ViT: 0.304 global: 0.446 spatial: 0.070 
(epoch: 17, iters: 5192, time: 0.484, data: 0.001) G_GAN_ViT: 0.473 D_real_ViT: 0.204 D_fake_ViT: 0.149 global: 0.451 spatial: 0.093 
(epoch: 17, iters: 5292, time: 0.484, data: 0.001) G_GAN_ViT: 0.430 D_real_ViT: 0.225 D_fake_ViT: 0.172 global: 0.473 spatial: 0.098 
(epoch: 17, iters: 5392, time: 0.483, data: 0.001) G_GAN_ViT: 0.551 D_real_ViT: 0.225 D_fake_ViT: 0.153 global: 0.468 spatial: 0.100 
(epoch: 17, iters: 5492, time: 0.483, data: 0.001) G_GAN_ViT: 0.484 D_real_ViT: 0.251 D_fake_ViT: 0.156 global: 0.516 spatial: 0.102 
(epoch: 17, iters: 5592, time: 0.484, data: 0.001) G_GAN_ViT: 0.452 D_real_ViT: 0.171 D_fake_ViT: 0.203 global: 0.433 spatial: 0.118 
(epoch: 17, iters: 5692, time: 0.484, data: 0.001) G_GAN_ViT: 0.499 D_real_ViT: 0.173 D_fake_ViT: 0.139 global: 0.378 spatial: 0.087 
(epoch: 17, iters: 5792, time: 0.484, data: 0.001) G_GAN_ViT: 0.335 D_real_ViT: 0.187 D_fake_ViT: 0.241 global: 0.500 spatial: 0.095 
(epoch: 17, iters: 5892, time: 0.484, data: 0.001) G_GAN_ViT: 0.434 D_real_ViT: 0.116 D_fake_ViT: 0.178 global: 0.279 spatial: 0.066 
(epoch: 17, iters: 5992, time: 0.483, data: 0.001) G_GAN_ViT: 0.391 D_real_ViT: 0.183 D_fake_ViT: 0.203 global: 0.577 spatial: 0.096 
(epoch: 17, iters: 6092, time: 0.483, data: 0.001) G_GAN_ViT: 0.364 D_real_ViT: 0.227 D_fake_ViT: 0.199 global: 0.376 spatial: 0.078 
(epoch: 17, iters: 6192, time: 0.483, data: 0.001) G_GAN_ViT: 0.273 D_real_ViT: 0.075 D_fake_ViT: 0.290 global: 0.388 spatial: 0.077 
(epoch: 17, iters: 6292, time: 0.483, data: 0.001) G_GAN_ViT: 0.421 D_real_ViT: 0.193 D_fake_ViT: 0.159 global: 0.429 spatial: 0.090 
(epoch: 17, iters: 6392, time: 0.482, data: 0.001) G_GAN_ViT: 0.390 D_real_ViT: 0.104 D_fake_ViT: 0.207 global: 0.500 spatial: 0.099 
End of epoch 17 / 100 	 Time Taken: 3135 sec
learning rate = 0.0000100
(epoch: 18, iters: 29, time: 0.482, data: 0.001) G_GAN_ViT: 0.560 D_real_ViT: 0.261 D_fake_ViT: 0.104 global: 0.337 spatial: 0.073 
(epoch: 18, iters: 129, time: 0.483, data: 0.001) G_GAN_ViT: 0.355 D_real_ViT: 0.194 D_fake_ViT: 0.213 global: 0.433 spatial: 0.082 
saving the latest model (epoch 18, total_iters 110000)
ICL_single_traffic_hwy
(epoch: 18, iters: 229, time: 0.483, data: 0.001) G_GAN_ViT: 0.454 D_real_ViT: 0.133 D_fake_ViT: 0.184 global: 0.560 spatial: 0.093 
(epoch: 18, iters: 329, time: 0.483, data: 0.001) G_GAN_ViT: 0.409 D_real_ViT: 0.198 D_fake_ViT: 0.182 global: 0.521 spatial: 0.087 
(epoch: 18, iters: 429, time: 0.483, data: 0.001) G_GAN_ViT: 0.452 D_real_ViT: 0.278 D_fake_ViT: 0.150 global: 0.424 spatial: 0.091 
(epoch: 18, iters: 529, time: 0.483, data: 0.001) G_GAN_ViT: 0.393 D_real_ViT: 0.303 D_fake_ViT: 0.184 global: 0.507 spatial: 0.097 
(epoch: 18, iters: 629, time: 0.482, data: 0.001) G_GAN_ViT: 0.442 D_real_ViT: 0.220 D_fake_ViT: 0.187 global: 0.465 spatial: 0.097 
(epoch: 18, iters: 729, time: 0.482, data: 0.001) G_GAN_ViT: 0.562 D_real_ViT: 0.225 D_fake_ViT: 0.133 global: 0.467 spatial: 0.101 
(epoch: 18, iters: 829, time: 0.482, data: 0.001) G_GAN_ViT: 0.284 D_real_ViT: 0.258 D_fake_ViT: 0.276 global: 0.406 spatial: 0.081 
(epoch: 18, iters: 929, time: 0.482, data: 0.001) G_GAN_ViT: 0.429 D_real_ViT: 0.085 D_fake_ViT: 0.190 global: 0.423 spatial: 0.089 
(epoch: 18, iters: 1029, time: 0.483, data: 0.001) G_GAN_ViT: 0.340 D_real_ViT: 0.213 D_fake_ViT: 0.257 global: 0.587 spatial: 0.100 
(epoch: 18, iters: 1129, time: 0.483, data: 0.001) G_GAN_ViT: 0.342 D_real_ViT: 0.202 D_fake_ViT: 0.267 global: 0.446 spatial: 0.092 
(epoch: 18, iters: 1229, time: 0.484, data: 0.001) G_GAN_ViT: 0.419 D_real_ViT: 0.301 D_fake_ViT: 0.174 global: 0.353 spatial: 0.074 
(epoch: 18, iters: 1329, time: 0.484, data: 0.001) G_GAN_ViT: 0.298 D_real_ViT: 0.142 D_fake_ViT: 0.242 global: 0.409 spatial: 0.081 
(epoch: 18, iters: 1429, time: 0.483, data: 0.001) G_GAN_ViT: 0.405 D_real_ViT: 0.175 D_fake_ViT: 0.208 global: 0.316 spatial: 0.068 
(epoch: 18, iters: 1529, time: 0.482, data: 0.001) G_GAN_ViT: 0.304 D_real_ViT: 0.264 D_fake_ViT: 0.254 global: 0.471 spatial: 0.078 
(epoch: 18, iters: 1629, time: 0.482, data: 0.001) G_GAN_ViT: 0.426 D_real_ViT: 0.107 D_fake_ViT: 0.172 global: 0.416 spatial: 0.089 
(epoch: 18, iters: 1729, time: 0.483, data: 0.001) G_GAN_ViT: 0.271 D_real_ViT: 0.218 D_fake_ViT: 0.285 global: 0.471 spatial: 0.080 
(epoch: 18, iters: 1829, time: 0.483, data: 0.001) G_GAN_ViT: 0.527 D_real_ViT: 0.296 D_fake_ViT: 0.121 global: 0.458 spatial: 0.082 
(epoch: 18, iters: 1929, time: 0.483, data: 0.001) G_GAN_ViT: 0.442 D_real_ViT: 0.289 D_fake_ViT: 0.158 global: 0.392 spatial: 0.108 
(epoch: 18, iters: 2029, time: 0.483, data: 0.001) G_GAN_ViT: 0.453 D_real_ViT: 0.166 D_fake_ViT: 0.143 global: 0.421 spatial: 0.085 
(epoch: 18, iters: 2129, time: 0.483, data: 0.001) G_GAN_ViT: 0.470 D_real_ViT: 0.236 D_fake_ViT: 0.142 global: 0.472 spatial: 0.095 
(epoch: 18, iters: 2229, time: 0.483, data: 0.001) G_GAN_ViT: 0.405 D_real_ViT: 0.152 D_fake_ViT: 0.181 global: 0.319 spatial: 0.077 
(epoch: 18, iters: 2329, time: 0.483, data: 0.001) G_GAN_ViT: 0.453 D_real_ViT: 0.228 D_fake_ViT: 0.163 global: 0.329 spatial: 0.075 
(epoch: 18, iters: 2429, time: 0.483, data: 0.001) G_GAN_ViT: 0.341 D_real_ViT: 0.237 D_fake_ViT: 0.219 global: 0.456 spatial: 0.084 
(epoch: 18, iters: 2529, time: 0.483, data: 0.001) G_GAN_ViT: 0.399 D_real_ViT: 0.257 D_fake_ViT: 0.176 global: 0.501 spatial: 0.081 
(epoch: 18, iters: 2629, time: 0.484, data: 0.001) G_GAN_ViT: 0.374 D_real_ViT: 0.247 D_fake_ViT: 0.228 global: 0.509 spatial: 0.108 
(epoch: 18, iters: 2729, time: 0.483, data: 0.001) G_GAN_ViT: 0.383 D_real_ViT: 0.138 D_fake_ViT: 0.201 global: 0.475 spatial: 0.082 
(epoch: 18, iters: 2829, time: 0.482, data: 0.001) G_GAN_ViT: 0.544 D_real_ViT: 0.159 D_fake_ViT: 0.123 global: 0.407 spatial: 0.082 
(epoch: 18, iters: 2929, time: 0.482, data: 0.002) G_GAN_ViT: 0.377 D_real_ViT: 0.130 D_fake_ViT: 0.216 global: 0.458 spatial: 0.090 
(epoch: 18, iters: 3029, time: 0.482, data: 0.001) G_GAN_ViT: 0.455 D_real_ViT: 0.295 D_fake_ViT: 0.149 global: 0.413 spatial: 0.072 
(epoch: 18, iters: 3129, time: 0.483, data: 0.001) G_GAN_ViT: 0.420 D_real_ViT: 0.250 D_fake_ViT: 0.181 global: 0.320 spatial: 0.070 
(epoch: 18, iters: 3229, time: 0.483, data: 0.001) G_GAN_ViT: 0.450 D_real_ViT: 0.223 D_fake_ViT: 0.172 global: 0.555 spatial: 0.093 
(epoch: 18, iters: 3329, time: 0.483, data: 0.001) G_GAN_ViT: 0.447 D_real_ViT: 0.287 D_fake_ViT: 0.200 global: 0.453 spatial: 0.094 
(epoch: 18, iters: 3429, time: 0.483, data: 0.001) G_GAN_ViT: 0.493 D_real_ViT: 0.068 D_fake_ViT: 0.137 global: 0.297 spatial: 0.069 
(epoch: 18, iters: 3529, time: 0.483, data: 0.001) G_GAN_ViT: 0.484 D_real_ViT: 0.114 D_fake_ViT: 0.173 global: 0.337 spatial: 0.079 
(epoch: 18, iters: 3629, time: 0.483, data: 0.001) G_GAN_ViT: 0.361 D_real_ViT: 0.200 D_fake_ViT: 0.220 global: 0.431 spatial: 0.070 
(epoch: 18, iters: 3729, time: 0.483, data: 0.001) G_GAN_ViT: 0.468 D_real_ViT: 0.299 D_fake_ViT: 0.162 global: 0.413 spatial: 0.089 
(epoch: 18, iters: 3829, time: 0.483, data: 0.001) G_GAN_ViT: 0.334 D_real_ViT: 0.201 D_fake_ViT: 0.246 global: 0.538 spatial: 0.099 
(epoch: 18, iters: 3929, time: 0.483, data: 0.001) G_GAN_ViT: 0.530 D_real_ViT: 0.159 D_fake_ViT: 0.131 global: 0.392 spatial: 0.093 
(epoch: 18, iters: 4029, time: 0.483, data: 0.001) G_GAN_ViT: 0.416 D_real_ViT: 0.252 D_fake_ViT: 0.200 global: 0.474 spatial: 0.083 
(epoch: 18, iters: 4129, time: 0.483, data: 0.001) G_GAN_ViT: 0.423 D_real_ViT: 0.175 D_fake_ViT: 0.169 global: 0.382 spatial: 0.076 
(epoch: 18, iters: 4229, time: 0.483, data: 0.001) G_GAN_ViT: 0.384 D_real_ViT: 0.191 D_fake_ViT: 0.197 global: 0.413 spatial: 0.071 
(epoch: 18, iters: 4329, time: 0.483, data: 0.001) G_GAN_ViT: 0.564 D_real_ViT: 0.145 D_fake_ViT: 0.104 global: 0.393 spatial: 0.075 
(epoch: 18, iters: 4429, time: 0.483, data: 0.001) G_GAN_ViT: 0.423 D_real_ViT: 0.193 D_fake_ViT: 0.168 global: 0.335 spatial: 0.073 
(epoch: 18, iters: 4529, time: 0.484, data: 0.001) G_GAN_ViT: 0.307 D_real_ViT: 0.122 D_fake_ViT: 0.249 global: 0.403 spatial: 0.070 
(epoch: 18, iters: 4629, time: 0.483, data: 0.001) G_GAN_ViT: 0.368 D_real_ViT: 0.232 D_fake_ViT: 0.209 global: 0.517 spatial: 0.093 
(epoch: 18, iters: 4729, time: 0.483, data: 0.001) G_GAN_ViT: 0.304 D_real_ViT: 0.067 D_fake_ViT: 0.266 global: 0.383 spatial: 0.079 
(epoch: 18, iters: 4829, time: 0.483, data: 0.001) G_GAN_ViT: 0.396 D_real_ViT: 0.251 D_fake_ViT: 0.177 global: 0.329 spatial: 0.067 
(epoch: 18, iters: 4929, time: 0.483, data: 0.001) G_GAN_ViT: 0.426 D_real_ViT: 0.283 D_fake_ViT: 0.174 global: 0.456 spatial: 0.110 
(epoch: 18, iters: 5029, time: 0.483, data: 0.001) G_GAN_ViT: 0.365 D_real_ViT: 0.206 D_fake_ViT: 0.210 global: 0.330 spatial: 0.067 
(epoch: 18, iters: 5129, time: 0.483, data: 0.001) G_GAN_ViT: 0.407 D_real_ViT: 0.264 D_fake_ViT: 0.171 global: 0.421 spatial: 0.067 
saving the latest model (epoch 18, total_iters 115000)
ICL_single_traffic_hwy
(epoch: 18, iters: 5229, time: 0.483, data: 0.001) G_GAN_ViT: 0.422 D_real_ViT: 0.271 D_fake_ViT: 0.166 global: 0.335 spatial: 0.076 
(epoch: 18, iters: 5329, time: 0.483, data: 0.001) G_GAN_ViT: 0.469 D_real_ViT: 0.306 D_fake_ViT: 0.137 global: 0.430 spatial: 0.084 
(epoch: 18, iters: 5429, time: 0.483, data: 0.001) G_GAN_ViT: 0.312 D_real_ViT: 0.247 D_fake_ViT: 0.237 global: 0.431 spatial: 0.083 
(epoch: 18, iters: 5529, time: 0.483, data: 0.001) G_GAN_ViT: 0.258 D_real_ViT: 0.174 D_fake_ViT: 0.301 global: 0.418 spatial: 0.077 
(epoch: 18, iters: 5629, time: 0.481, data: 0.001) G_GAN_ViT: 0.401 D_real_ViT: 0.135 D_fake_ViT: 0.193 global: 0.431 spatial: 0.081 
(epoch: 18, iters: 5729, time: 0.482, data: 0.001) G_GAN_ViT: 0.449 D_real_ViT: 0.220 D_fake_ViT: 0.163 global: 0.374 spatial: 0.077 
(epoch: 18, iters: 5829, time: 0.482, data: 0.001) G_GAN_ViT: 0.498 D_real_ViT: 0.336 D_fake_ViT: 0.119 global: 0.475 spatial: 0.085 
(epoch: 18, iters: 5929, time: 0.482, data: 0.001) G_GAN_ViT: 0.389 D_real_ViT: 0.229 D_fake_ViT: 0.211 global: 0.363 spatial: 0.081 
(epoch: 18, iters: 6029, time: 0.483, data: 0.001) G_GAN_ViT: 0.579 D_real_ViT: 0.282 D_fake_ViT: 0.087 global: 0.355 spatial: 0.073 
(epoch: 18, iters: 6129, time: 0.483, data: 0.001) G_GAN_ViT: 0.469 D_real_ViT: 0.249 D_fake_ViT: 0.149 global: 0.321 spatial: 0.071 
(epoch: 18, iters: 6229, time: 0.483, data: 0.001) G_GAN_ViT: 0.432 D_real_ViT: 0.232 D_fake_ViT: 0.182 global: 0.399 spatial: 0.068 
(epoch: 18, iters: 6329, time: 0.483, data: 0.001) G_GAN_ViT: 0.557 D_real_ViT: 0.220 D_fake_ViT: 0.147 global: 0.523 spatial: 0.097 
(epoch: 18, iters: 6429, time: 0.482, data: 0.001) G_GAN_ViT: 0.434 D_real_ViT: 0.207 D_fake_ViT: 0.151 global: 0.402 spatial: 0.082 
End of epoch 18 / 100 	 Time Taken: 3130 sec
learning rate = 0.0000100
(epoch: 19, iters: 66, time: 0.483, data: 0.001) G_GAN_ViT: 0.484 D_real_ViT: 0.196 D_fake_ViT: 0.154 global: 0.570 spatial: 0.097 
(epoch: 19, iters: 166, time: 0.483, data: 0.001) G_GAN_ViT: 0.396 D_real_ViT: 0.176 D_fake_ViT: 0.179 global: 0.392 spatial: 0.083 
(epoch: 19, iters: 266, time: 0.483, data: 0.001) G_GAN_ViT: 0.511 D_real_ViT: 0.223 D_fake_ViT: 0.111 global: 0.429 spatial: 0.086 
(epoch: 19, iters: 366, time: 0.483, data: 0.001) G_GAN_ViT: 0.269 D_real_ViT: 0.120 D_fake_ViT: 0.304 global: 0.454 spatial: 0.084 
(epoch: 19, iters: 466, time: 0.483, data: 0.001) G_GAN_ViT: 0.327 D_real_ViT: 0.138 D_fake_ViT: 0.241 global: 0.387 spatial: 0.079 
(epoch: 19, iters: 566, time: 0.483, data: 0.001) G_GAN_ViT: 0.443 D_real_ViT: 0.221 D_fake_ViT: 0.196 global: 0.389 spatial: 0.090 
(epoch: 19, iters: 666, time: 0.482, data: 0.001) G_GAN_ViT: 0.440 D_real_ViT: 0.237 D_fake_ViT: 0.181 global: 0.424 spatial: 0.080 
(epoch: 19, iters: 766, time: 0.482, data: 0.001) G_GAN_ViT: 0.408 D_real_ViT: 0.284 D_fake_ViT: 0.184 global: 0.471 spatial: 0.089 
(epoch: 19, iters: 866, time: 0.483, data: 0.001) G_GAN_ViT: 0.454 D_real_ViT: 0.137 D_fake_ViT: 0.162 global: 0.422 spatial: 0.067 
(epoch: 19, iters: 966, time: 0.483, data: 0.001) G_GAN_ViT: 0.331 D_real_ViT: 0.237 D_fake_ViT: 0.249 global: 0.305 spatial: 0.070 
(epoch: 19, iters: 1066, time: 0.482, data: 0.001) G_GAN_ViT: 0.281 D_real_ViT: 0.129 D_fake_ViT: 0.280 global: 0.366 spatial: 0.068 
(epoch: 19, iters: 1166, time: 0.482, data: 0.001) G_GAN_ViT: 0.485 D_real_ViT: 0.225 D_fake_ViT: 0.202 global: 0.416 spatial: 0.115 
(epoch: 19, iters: 1266, time: 0.482, data: 0.001) G_GAN_ViT: 0.290 D_real_ViT: 0.260 D_fake_ViT: 0.303 global: 0.539 spatial: 0.104 
(epoch: 19, iters: 1366, time: 0.482, data: 0.001) G_GAN_ViT: 0.449 D_real_ViT: 0.225 D_fake_ViT: 0.212 global: 0.359 spatial: 0.113 
(epoch: 19, iters: 1466, time: 0.483, data: 0.001) G_GAN_ViT: 0.381 D_real_ViT: 0.216 D_fake_ViT: 0.210 global: 0.389 spatial: 0.079 
(epoch: 19, iters: 1566, time: 0.483, data: 0.001) G_GAN_ViT: 0.390 D_real_ViT: 0.265 D_fake_ViT: 0.199 global: 0.497 spatial: 0.095 
(epoch: 19, iters: 1666, time: 0.483, data: 0.001) G_GAN_ViT: 0.394 D_real_ViT: 0.184 D_fake_ViT: 0.182 global: 0.436 spatial: 0.093 
(epoch: 19, iters: 1766, time: 0.483, data: 0.001) G_GAN_ViT: 0.383 D_real_ViT: 0.135 D_fake_ViT: 0.198 global: 0.370 spatial: 0.076 
(epoch: 19, iters: 1866, time: 0.483, data: 0.001) G_GAN_ViT: 0.412 D_real_ViT: 0.237 D_fake_ViT: 0.165 global: 0.349 spatial: 0.069 
(epoch: 19, iters: 1966, time: 0.483, data: 0.001) G_GAN_ViT: 0.536 D_real_ViT: 0.164 D_fake_ViT: 0.115 global: 0.430 spatial: 0.077 
(epoch: 19, iters: 2066, time: 0.483, data: 0.001) G_GAN_ViT: 0.350 D_real_ViT: 0.309 D_fake_ViT: 0.200 global: 0.420 spatial: 0.085 
(epoch: 19, iters: 2166, time: 0.483, data: 0.001) G_GAN_ViT: 0.367 D_real_ViT: 0.232 D_fake_ViT: 0.221 global: 0.389 spatial: 0.084 
(epoch: 19, iters: 2266, time: 0.483, data: 0.001) G_GAN_ViT: 0.404 D_real_ViT: 0.180 D_fake_ViT: 0.169 global: 0.465 spatial: 0.097 
(epoch: 19, iters: 2366, time: 0.483, data: 0.001) G_GAN_ViT: 0.335 D_real_ViT: 0.222 D_fake_ViT: 0.250 global: 0.475 spatial: 0.098 
(epoch: 19, iters: 2466, time: 0.482, data: 0.001) G_GAN_ViT: 0.465 D_real_ViT: 0.270 D_fake_ViT: 0.162 global: 0.540 spatial: 0.103 
(epoch: 19, iters: 2566, time: 0.483, data: 0.002) G_GAN_ViT: 0.444 D_real_ViT: 0.188 D_fake_ViT: 0.161 global: 0.495 spatial: 0.094 
(epoch: 19, iters: 2666, time: 0.483, data: 0.001) G_GAN_ViT: 0.371 D_real_ViT: 0.244 D_fake_ViT: 0.220 global: 0.337 spatial: 0.079 
(epoch: 19, iters: 2766, time: 0.483, data: 0.001) G_GAN_ViT: 0.341 D_real_ViT: 0.161 D_fake_ViT: 0.228 global: 0.424 spatial: 0.085 
(epoch: 19, iters: 2866, time: 0.484, data: 0.001) G_GAN_ViT: 0.357 D_real_ViT: 0.258 D_fake_ViT: 0.210 global: 0.380 spatial: 0.080 
(epoch: 19, iters: 2966, time: 0.483, data: 0.001) G_GAN_ViT: 0.563 D_real_ViT: 0.269 D_fake_ViT: 0.116 global: 0.356 spatial: 0.079 
(epoch: 19, iters: 3066, time: 0.483, data: 0.001) G_GAN_ViT: 0.273 D_real_ViT: 0.188 D_fake_ViT: 0.282 global: 0.438 spatial: 0.088 
(epoch: 19, iters: 3166, time: 0.483, data: 0.001) G_GAN_ViT: 0.505 D_real_ViT: 0.226 D_fake_ViT: 0.177 global: 0.453 spatial: 0.095 
(epoch: 19, iters: 3266, time: 0.483, data: 0.007) G_GAN_ViT: 0.279 D_real_ViT: 0.249 D_fake_ViT: 0.283 global: 0.402 spatial: 0.073 
(epoch: 19, iters: 3366, time: 0.483, data: 0.001) G_GAN_ViT: 0.394 D_real_ViT: 0.176 D_fake_ViT: 0.181 global: 0.389 spatial: 0.084 
(epoch: 19, iters: 3466, time: 0.483, data: 0.001) G_GAN_ViT: 0.440 D_real_ViT: 0.158 D_fake_ViT: 0.181 global: 0.382 spatial: 0.076 
(epoch: 19, iters: 3566, time: 0.482, data: 0.001) G_GAN_ViT: 0.336 D_real_ViT: 0.248 D_fake_ViT: 0.213 global: 0.405 spatial: 0.085 
(epoch: 19, iters: 3666, time: 0.483, data: 0.001) G_GAN_ViT: 0.492 D_real_ViT: 0.273 D_fake_ViT: 0.142 global: 0.570 spatial: 0.097 
saving the latest model (epoch 19, total_iters 120000)
ICL_single_traffic_hwy
(epoch: 19, iters: 3766, time: 0.483, data: 0.001) G_GAN_ViT: 0.427 D_real_ViT: 0.128 D_fake_ViT: 0.165 global: 0.427 spatial: 0.079 
(epoch: 19, iters: 3866, time: 0.484, data: 0.001) G_GAN_ViT: 0.217 D_real_ViT: 0.178 D_fake_ViT: 0.366 global: 0.451 spatial: 0.089 
(epoch: 19, iters: 3966, time: 0.484, data: 0.001) G_GAN_ViT: 0.537 D_real_ViT: 0.157 D_fake_ViT: 0.134 global: 0.404 spatial: 0.093 
(epoch: 19, iters: 4066, time: 0.484, data: 0.001) G_GAN_ViT: 0.654 D_real_ViT: 0.144 D_fake_ViT: 0.082 global: 0.480 spatial: 0.088 
(epoch: 19, iters: 4166, time: 0.484, data: 0.001) G_GAN_ViT: 0.451 D_real_ViT: 0.175 D_fake_ViT: 0.157 global: 0.504 spatial: 0.083 
(epoch: 19, iters: 4266, time: 0.483, data: 0.001) G_GAN_ViT: 0.567 D_real_ViT: 0.299 D_fake_ViT: 0.117 global: 0.336 spatial: 0.076 
(epoch: 19, iters: 4366, time: 0.482, data: 0.001) G_GAN_ViT: 0.229 D_real_ViT: 0.240 D_fake_ViT: 0.324 global: 0.488 spatial: 0.083 
(epoch: 19, iters: 4466, time: 0.483, data: 0.001) G_GAN_ViT: 0.343 D_real_ViT: 0.164 D_fake_ViT: 0.238 global: 0.415 spatial: 0.085 
(epoch: 19, iters: 4566, time: 0.483, data: 0.001) G_GAN_ViT: 0.474 D_real_ViT: 0.231 D_fake_ViT: 0.147 global: 0.293 spatial: 0.072 
(epoch: 19, iters: 4666, time: 0.483, data: 0.001) G_GAN_ViT: 0.429 D_real_ViT: 0.236 D_fake_ViT: 0.187 global: 0.405 spatial: 0.083 
(epoch: 19, iters: 4766, time: 0.483, data: 0.001) G_GAN_ViT: 0.272 D_real_ViT: 0.169 D_fake_ViT: 0.294 global: 0.410 spatial: 0.077 
(epoch: 19, iters: 4866, time: 0.484, data: 0.001) G_GAN_ViT: 0.420 D_real_ViT: 0.283 D_fake_ViT: 0.190 global: 0.339 spatial: 0.080 
(epoch: 19, iters: 4966, time: 0.483, data: 0.001) G_GAN_ViT: 0.439 D_real_ViT: 0.183 D_fake_ViT: 0.175 global: 0.443 spatial: 0.083 
(epoch: 19, iters: 5066, time: 0.483, data: 0.001) G_GAN_ViT: 0.371 D_real_ViT: 0.202 D_fake_ViT: 0.196 global: 0.366 spatial: 0.079 
(epoch: 19, iters: 5166, time: 0.484, data: 0.001) G_GAN_ViT: 0.398 D_real_ViT: 0.235 D_fake_ViT: 0.202 global: 0.501 spatial: 0.088 
(epoch: 19, iters: 5266, time: 0.483, data: 0.001) G_GAN_ViT: 0.402 D_real_ViT: 0.130 D_fake_ViT: 0.186 global: 0.339 spatial: 0.072 
(epoch: 19, iters: 5366, time: 0.483, data: 0.001) G_GAN_ViT: 0.410 D_real_ViT: 0.111 D_fake_ViT: 0.185 global: 0.363 spatial: 0.087 
(epoch: 19, iters: 5466, time: 0.483, data: 0.001) G_GAN_ViT: 0.385 D_real_ViT: 0.182 D_fake_ViT: 0.193 global: 0.470 spatial: 0.092 
(epoch: 19, iters: 5566, time: 0.483, data: 0.001) G_GAN_ViT: 0.288 D_real_ViT: 0.169 D_fake_ViT: 0.270 global: 0.442 spatial: 0.091 
(epoch: 19, iters: 5666, time: 0.483, data: 0.001) G_GAN_ViT: 0.307 D_real_ViT: 0.223 D_fake_ViT: 0.262 global: 0.494 spatial: 0.100 
(epoch: 19, iters: 5766, time: 0.484, data: 0.001) G_GAN_ViT: 0.343 D_real_ViT: 0.261 D_fake_ViT: 0.210 global: 0.407 spatial: 0.082 
(epoch: 19, iters: 5866, time: 0.484, data: 0.001) G_GAN_ViT: 0.418 D_real_ViT: 0.198 D_fake_ViT: 0.176 global: 0.398 spatial: 0.082 
(epoch: 19, iters: 5966, time: 0.484, data: 0.001) G_GAN_ViT: 0.554 D_real_ViT: 0.138 D_fake_ViT: 0.117 global: 0.432 spatial: 0.078 
(epoch: 19, iters: 6066, time: 0.484, data: 0.001) G_GAN_ViT: 0.372 D_real_ViT: 0.279 D_fake_ViT: 0.219 global: 0.424 spatial: 0.083 
(epoch: 19, iters: 6166, time: 0.483, data: 0.001) G_GAN_ViT: 0.409 D_real_ViT: 0.179 D_fake_ViT: 0.175 global: 0.359 spatial: 0.075 
(epoch: 19, iters: 6266, time: 0.483, data: 0.001) G_GAN_ViT: 0.413 D_real_ViT: 0.283 D_fake_ViT: 0.177 global: 0.399 spatial: 0.086 
(epoch: 19, iters: 6366, time: 0.483, data: 0.001) G_GAN_ViT: 0.614 D_real_ViT: 0.341 D_fake_ViT: 0.102 global: 0.380 spatial: 0.079 
End of epoch 19 / 100 	 Time Taken: 3131 sec
learning rate = 0.0000100
(epoch: 20, iters: 3, time: 0.483, data: 0.001) G_GAN_ViT: 0.503 D_real_ViT: 0.315 D_fake_ViT: 0.128 global: 0.419 spatial: 0.076 
(epoch: 20, iters: 103, time: 0.484, data: 0.000) G_GAN_ViT: 0.380 D_real_ViT: 0.187 D_fake_ViT: 0.217 global: 0.406 spatial: 0.080 
(epoch: 20, iters: 203, time: 0.484, data: 0.001) G_GAN_ViT: 0.352 D_real_ViT: 0.227 D_fake_ViT: 0.222 global: 0.402 spatial: 0.066 
(epoch: 20, iters: 303, time: 0.484, data: 0.002) G_GAN_ViT: 0.269 D_real_ViT: 0.171 D_fake_ViT: 0.349 global: 0.371 spatial: 0.083 
(epoch: 20, iters: 403, time: 0.484, data: 0.001) G_GAN_ViT: 0.455 D_real_ViT: 0.212 D_fake_ViT: 0.145 global: 0.385 spatial: 0.071 
(epoch: 20, iters: 503, time: 0.484, data: 0.001) G_GAN_ViT: 0.596 D_real_ViT: 0.303 D_fake_ViT: 0.109 global: 0.373 spatial: 0.085 
(epoch: 20, iters: 603, time: 0.484, data: 0.001) G_GAN_ViT: 0.501 D_real_ViT: 0.066 D_fake_ViT: 0.150 global: 0.424 spatial: 0.083 
(epoch: 20, iters: 703, time: 0.484, data: 0.001) G_GAN_ViT: 0.376 D_real_ViT: 0.266 D_fake_ViT: 0.224 global: 0.435 spatial: 0.084 
(epoch: 20, iters: 803, time: 0.484, data: 0.001) G_GAN_ViT: 0.236 D_real_ViT: 0.225 D_fake_ViT: 0.315 global: 0.422 spatial: 0.086 
(epoch: 20, iters: 903, time: 0.484, data: 0.001) G_GAN_ViT: 0.375 D_real_ViT: 0.221 D_fake_ViT: 0.201 global: 0.360 spatial: 0.066 
(epoch: 20, iters: 1003, time: 0.484, data: 0.001) G_GAN_ViT: 0.450 D_real_ViT: 0.169 D_fake_ViT: 0.164 global: 0.287 spatial: 0.068 
(epoch: 20, iters: 1103, time: 0.484, data: 0.001) G_GAN_ViT: 0.362 D_real_ViT: 0.146 D_fake_ViT: 0.227 global: 0.392 spatial: 0.084 
(epoch: 20, iters: 1203, time: 0.484, data: 0.001) G_GAN_ViT: 0.409 D_real_ViT: 0.255 D_fake_ViT: 0.176 global: 0.431 spatial: 0.084 
(epoch: 20, iters: 1303, time: 0.483, data: 0.001) G_GAN_ViT: 0.486 D_real_ViT: 0.257 D_fake_ViT: 0.136 global: 0.262 spatial: 0.052 
(epoch: 20, iters: 1403, time: 0.483, data: 0.001) G_GAN_ViT: 0.338 D_real_ViT: 0.287 D_fake_ViT: 0.227 global: 0.444 spatial: 0.080 
(epoch: 20, iters: 1503, time: 0.484, data: 0.001) G_GAN_ViT: 0.457 D_real_ViT: 0.262 D_fake_ViT: 0.163 global: 0.542 spatial: 0.097 
(epoch: 20, iters: 1603, time: 0.484, data: 0.001) G_GAN_ViT: 0.669 D_real_ViT: 0.118 D_fake_ViT: 0.099 global: 0.445 spatial: 0.090 
(epoch: 20, iters: 1703, time: 0.484, data: 0.001) G_GAN_ViT: 0.392 D_real_ViT: 0.325 D_fake_ViT: 0.180 global: 0.466 spatial: 0.090 
(epoch: 20, iters: 1803, time: 0.483, data: 0.001) G_GAN_ViT: 0.447 D_real_ViT: 0.246 D_fake_ViT: 0.178 global: 0.501 spatial: 0.092 
(epoch: 20, iters: 1903, time: 0.483, data: 0.001) G_GAN_ViT: 0.427 D_real_ViT: 0.218 D_fake_ViT: 0.163 global: 0.266 spatial: 0.062 
(epoch: 20, iters: 2003, time: 0.483, data: 0.001) G_GAN_ViT: 0.571 D_real_ViT: 0.195 D_fake_ViT: 0.111 global: 0.443 spatial: 0.111 
(epoch: 20, iters: 2103, time: 0.483, data: 0.001) G_GAN_ViT: 0.418 D_real_ViT: 0.200 D_fake_ViT: 0.164 global: 0.346 spatial: 0.078 
(epoch: 20, iters: 2203, time: 0.483, data: 0.001) G_GAN_ViT: 0.585 D_real_ViT: 0.265 D_fake_ViT: 0.096 global: 0.408 spatial: 0.079 
saving the latest model (epoch 20, total_iters 125000)
ICL_single_traffic_hwy
(epoch: 20, iters: 2303, time: 0.483, data: 0.001) G_GAN_ViT: 0.321 D_real_ViT: 0.174 D_fake_ViT: 0.256 global: 0.590 spatial: 0.108 
(epoch: 20, iters: 2403, time: 0.484, data: 0.002) G_GAN_ViT: 0.392 D_real_ViT: 0.267 D_fake_ViT: 0.197 global: 0.355 spatial: 0.085 
(epoch: 20, iters: 2503, time: 0.484, data: 0.002) G_GAN_ViT: 0.425 D_real_ViT: 0.148 D_fake_ViT: 0.173 global: 0.390 spatial: 0.082 
(epoch: 20, iters: 2603, time: 0.484, data: 0.002) G_GAN_ViT: 0.304 D_real_ViT: 0.094 D_fake_ViT: 0.248 global: 0.450 spatial: 0.072 
(epoch: 20, iters: 2703, time: 0.484, data: 0.001) G_GAN_ViT: 0.528 D_real_ViT: 0.081 D_fake_ViT: 0.123 global: 0.438 spatial: 0.086 
(epoch: 20, iters: 2803, time: 0.483, data: 0.001) G_GAN_ViT: 0.440 D_real_ViT: 0.270 D_fake_ViT: 0.155 global: 0.365 spatial: 0.089 
(epoch: 20, iters: 2903, time: 0.483, data: 0.001) G_GAN_ViT: 0.613 D_real_ViT: 0.160 D_fake_ViT: 0.104 global: 0.338 spatial: 0.073 
(epoch: 20, iters: 3003, time: 0.482, data: 0.001) G_GAN_ViT: 0.456 D_real_ViT: 0.246 D_fake_ViT: 0.165 global: 0.407 spatial: 0.089 
(epoch: 20, iters: 3103, time: 0.483, data: 0.001) G_GAN_ViT: 0.497 D_real_ViT: 0.176 D_fake_ViT: 0.124 global: 0.342 spatial: 0.078 
(epoch: 20, iters: 3203, time: 0.483, data: 0.001) G_GAN_ViT: 0.252 D_real_ViT: 0.232 D_fake_ViT: 0.330 global: 0.399 spatial: 0.073 
(epoch: 20, iters: 3303, time: 0.483, data: 0.001) G_GAN_ViT: 0.335 D_real_ViT: 0.199 D_fake_ViT: 0.241 global: 0.444 spatial: 0.088 
(epoch: 20, iters: 3403, time: 0.483, data: 0.001) G_GAN_ViT: 0.418 D_real_ViT: 0.139 D_fake_ViT: 0.167 global: 0.521 spatial: 0.088 
(epoch: 20, iters: 3503, time: 0.484, data: 0.001) G_GAN_ViT: 0.399 D_real_ViT: 0.229 D_fake_ViT: 0.166 global: 0.458 spatial: 0.092 
(epoch: 20, iters: 3603, time: 0.484, data: 0.001) G_GAN_ViT: 0.326 D_real_ViT: 0.208 D_fake_ViT: 0.241 global: 0.440 spatial: 0.094 
(epoch: 20, iters: 3703, time: 0.484, data: 0.001) G_GAN_ViT: 0.427 D_real_ViT: 0.159 D_fake_ViT: 0.163 global: 0.415 spatial: 0.080 
(epoch: 20, iters: 3803, time: 0.484, data: 0.001) G_GAN_ViT: 0.338 D_real_ViT: 0.118 D_fake_ViT: 0.224 global: 0.376 spatial: 0.071 
(epoch: 20, iters: 3903, time: 0.484, data: 0.001) G_GAN_ViT: 0.495 D_real_ViT: 0.071 D_fake_ViT: 0.130 global: 0.322 spatial: 0.068 
(epoch: 20, iters: 4003, time: 0.484, data: 0.001) G_GAN_ViT: 0.359 D_real_ViT: 0.105 D_fake_ViT: 0.204 global: 0.329 spatial: 0.066 
(epoch: 20, iters: 4103, time: 0.484, data: 0.001) G_GAN_ViT: 0.377 D_real_ViT: 0.157 D_fake_ViT: 0.217 global: 0.326 spatial: 0.085 
(epoch: 20, iters: 4203, time: 0.484, data: 0.001) G_GAN_ViT: 0.476 D_real_ViT: 0.184 D_fake_ViT: 0.137 global: 0.346 spatial: 0.068 
(epoch: 20, iters: 4303, time: 0.484, data: 0.001) G_GAN_ViT: 0.430 D_real_ViT: 0.245 D_fake_ViT: 0.212 global: 0.362 spatial: 0.083 
(epoch: 20, iters: 4403, time: 0.484, data: 0.001) G_GAN_ViT: 0.204 D_real_ViT: 0.264 D_fake_ViT: 0.368 global: 0.409 spatial: 0.075 
(epoch: 20, iters: 4503, time: 0.484, data: 0.001) G_GAN_ViT: 0.423 D_real_ViT: 0.156 D_fake_ViT: 0.213 global: 0.485 spatial: 0.103 
(epoch: 20, iters: 4603, time: 0.484, data: 0.001) G_GAN_ViT: 0.279 D_real_ViT: 0.251 D_fake_ViT: 0.291 global: 0.463 spatial: 0.103 
(epoch: 20, iters: 4703, time: 0.484, data: 0.001) G_GAN_ViT: 0.336 D_real_ViT: 0.261 D_fake_ViT: 0.288 global: 0.539 spatial: 0.098 
(epoch: 20, iters: 4803, time: 0.484, data: 0.001) G_GAN_ViT: 0.487 D_real_ViT: 0.065 D_fake_ViT: 0.153 global: 0.330 spatial: 0.077 
(epoch: 20, iters: 4903, time: 0.483, data: 0.001) G_GAN_ViT: 0.478 D_real_ViT: 0.301 D_fake_ViT: 0.151 global: 0.281 spatial: 0.071 
(epoch: 20, iters: 5003, time: 0.484, data: 0.001) G_GAN_ViT: 0.569 D_real_ViT: 0.197 D_fake_ViT: 0.107 global: 0.329 spatial: 0.065 
(epoch: 20, iters: 5103, time: 0.483, data: 0.001) G_GAN_ViT: 0.453 D_real_ViT: 0.303 D_fake_ViT: 0.145 global: 0.421 spatial: 0.082 
(epoch: 20, iters: 5203, time: 0.483, data: 0.001) G_GAN_ViT: 0.466 D_real_ViT: 0.206 D_fake_ViT: 0.157 global: 0.335 spatial: 0.074 
(epoch: 20, iters: 5303, time: 0.483, data: 0.001) G_GAN_ViT: 0.342 D_real_ViT: 0.228 D_fake_ViT: 0.211 global: 0.380 spatial: 0.071 
(epoch: 20, iters: 5403, time: 0.483, data: 0.001) G_GAN_ViT: 0.265 D_real_ViT: 0.173 D_fake_ViT: 0.285 global: 0.457 spatial: 0.085 
(epoch: 20, iters: 5503, time: 0.483, data: 0.001) G_GAN_ViT: 0.387 D_real_ViT: 0.307 D_fake_ViT: 0.214 global: 0.344 spatial: 0.077 
(epoch: 20, iters: 5603, time: 0.483, data: 0.001) G_GAN_ViT: 0.361 D_real_ViT: 0.398 D_fake_ViT: 0.188 global: 0.436 spatial: 0.086 
(epoch: 20, iters: 5703, time: 0.484, data: 0.003) G_GAN_ViT: 0.315 D_real_ViT: 0.085 D_fake_ViT: 0.263 global: 0.483 spatial: 0.087 
(epoch: 20, iters: 5803, time: 0.484, data: 0.001) G_GAN_ViT: 0.418 D_real_ViT: 0.256 D_fake_ViT: 0.164 global: 0.456 spatial: 0.081 
(epoch: 20, iters: 5903, time: 0.484, data: 0.001) G_GAN_ViT: 0.477 D_real_ViT: 0.083 D_fake_ViT: 0.150 global: 0.472 spatial: 0.092 
(epoch: 20, iters: 6003, time: 0.484, data: 0.001) G_GAN_ViT: 0.517 D_real_ViT: 0.200 D_fake_ViT: 0.118 global: 0.295 spatial: 0.058 
(epoch: 20, iters: 6103, time: 0.484, data: 0.001) G_GAN_ViT: 0.415 D_real_ViT: 0.089 D_fake_ViT: 0.178 global: 0.384 spatial: 0.077 
(epoch: 20, iters: 6203, time: 0.484, data: 0.001) G_GAN_ViT: 0.390 D_real_ViT: 0.256 D_fake_ViT: 0.182 global: 0.400 spatial: 0.089 
(epoch: 20, iters: 6303, time: 0.484, data: 0.001) G_GAN_ViT: 0.511 D_real_ViT: 0.117 D_fake_ViT: 0.123 global: 0.365 spatial: 0.073 
(epoch: 20, iters: 6403, time: 0.484, data: 0.001) G_GAN_ViT: 0.526 D_real_ViT: 0.186 D_fake_ViT: 0.126 global: 0.398 spatial: 0.082 
saving the model at the end of epoch 20, iters 129260
End of epoch 20 / 100 	 Time Taken: 3136 sec
learning rate = 0.0000100
(epoch: 21, iters: 40, time: 0.484, data: 0.001) G_GAN_ViT: 0.497 D_real_ViT: 0.184 D_fake_ViT: 0.131 global: 0.440 spatial: 0.091 
(epoch: 21, iters: 140, time: 0.484, data: 0.001) G_GAN_ViT: 0.479 D_real_ViT: 0.240 D_fake_ViT: 0.149 global: 0.379 spatial: 0.086 
(epoch: 21, iters: 240, time: 0.484, data: 0.001) G_GAN_ViT: 0.347 D_real_ViT: 0.074 D_fake_ViT: 0.223 global: 0.389 spatial: 0.071 
(epoch: 21, iters: 340, time: 0.484, data: 0.001) G_GAN_ViT: 0.348 D_real_ViT: 0.232 D_fake_ViT: 0.243 global: 0.549 spatial: 0.103 
(epoch: 21, iters: 440, time: 0.484, data: 0.001) G_GAN_ViT: 0.331 D_real_ViT: 0.229 D_fake_ViT: 0.223 global: 0.378 spatial: 0.077 
(epoch: 21, iters: 540, time: 0.484, data: 0.001) G_GAN_ViT: 0.448 D_real_ViT: 0.124 D_fake_ViT: 0.201 global: 0.396 spatial: 0.110 
(epoch: 21, iters: 640, time: 0.484, data: 0.001) G_GAN_ViT: 0.568 D_real_ViT: 0.073 D_fake_ViT: 0.104 global: 0.497 spatial: 0.086 
(epoch: 21, iters: 740, time: 0.484, data: 0.001) G_GAN_ViT: 0.386 D_real_ViT: 0.103 D_fake_ViT: 0.221 global: 0.302 spatial: 0.074 
saving the latest model (epoch 21, total_iters 130000)
ICL_single_traffic_hwy
(epoch: 21, iters: 840, time: 0.484, data: 0.001) G_GAN_ViT: 0.370 D_real_ViT: 0.194 D_fake_ViT: 0.204 global: 0.348 spatial: 0.086 
(epoch: 21, iters: 940, time: 0.483, data: 0.001) G_GAN_ViT: 0.456 D_real_ViT: 0.261 D_fake_ViT: 0.171 global: 0.405 spatial: 0.086 
(epoch: 21, iters: 1040, time: 0.484, data: 0.001) G_GAN_ViT: 0.395 D_real_ViT: 0.192 D_fake_ViT: 0.220 global: 0.433 spatial: 0.092 
(epoch: 21, iters: 1140, time: 0.484, data: 0.001) G_GAN_ViT: 0.280 D_real_ViT: 0.244 D_fake_ViT: 0.272 global: 0.396 spatial: 0.076 
(epoch: 21, iters: 1240, time: 0.483, data: 0.001) G_GAN_ViT: 0.391 D_real_ViT: 0.107 D_fake_ViT: 0.213 global: 0.368 spatial: 0.082 
(epoch: 21, iters: 1340, time: 0.483, data: 0.001) G_GAN_ViT: 0.346 D_real_ViT: 0.120 D_fake_ViT: 0.216 global: 0.433 spatial: 0.075 
(epoch: 21, iters: 1440, time: 0.483, data: 0.001) G_GAN_ViT: 0.234 D_real_ViT: 0.242 D_fake_ViT: 0.312 global: 0.462 spatial: 0.075 
(epoch: 21, iters: 1540, time: 0.483, data: 0.001) G_GAN_ViT: 0.401 D_real_ViT: 0.286 D_fake_ViT: 0.173 global: 0.326 spatial: 0.086 
(epoch: 21, iters: 1640, time: 0.483, data: 0.001) G_GAN_ViT: 0.472 D_real_ViT: 0.145 D_fake_ViT: 0.141 global: 0.353 spatial: 0.075 
(epoch: 21, iters: 1740, time: 0.482, data: 0.001) G_GAN_ViT: 0.349 D_real_ViT: 0.120 D_fake_ViT: 0.243 global: 0.311 spatial: 0.065 
(epoch: 21, iters: 1840, time: 0.483, data: 0.002) G_GAN_ViT: 0.590 D_real_ViT: 0.240 D_fake_ViT: 0.126 global: 0.374 spatial: 0.075 
(epoch: 21, iters: 1940, time: 0.485, data: 0.001) G_GAN_ViT: 0.454 D_real_ViT: 0.258 D_fake_ViT: 0.145 global: 0.349 spatial: 0.071 
(epoch: 21, iters: 2040, time: 0.485, data: 0.001) G_GAN_ViT: 0.334 D_real_ViT: 0.067 D_fake_ViT: 0.235 global: 0.539 spatial: 0.084 
(epoch: 21, iters: 2140, time: 0.485, data: 0.001) G_GAN_ViT: 0.399 D_real_ViT: 0.363 D_fake_ViT: 0.166 global: 0.489 spatial: 0.078 
(epoch: 21, iters: 2240, time: 0.483, data: 0.001) G_GAN_ViT: 0.356 D_real_ViT: 0.088 D_fake_ViT: 0.248 global: 0.446 spatial: 0.080 
(epoch: 21, iters: 2340, time: 0.483, data: 0.001) G_GAN_ViT: 0.502 D_real_ViT: 0.211 D_fake_ViT: 0.142 global: 0.438 spatial: 0.083 
(epoch: 21, iters: 2440, time: 0.482, data: 0.001) G_GAN_ViT: 0.372 D_real_ViT: 0.218 D_fake_ViT: 0.229 global: 0.408 spatial: 0.093 
(epoch: 21, iters: 2540, time: 0.482, data: 0.001) G_GAN_ViT: 0.551 D_real_ViT: 0.161 D_fake_ViT: 0.130 global: 0.354 spatial: 0.080 
(epoch: 21, iters: 2640, time: 0.482, data: 0.001) G_GAN_ViT: 0.546 D_real_ViT: 0.219 D_fake_ViT: 0.116 global: 0.435 spatial: 0.074 
(epoch: 21, iters: 2740, time: 0.482, data: 0.001) G_GAN_ViT: 0.441 D_real_ViT: 0.108 D_fake_ViT: 0.160 global: 0.312 spatial: 0.072 
(epoch: 21, iters: 2840, time: 0.483, data: 0.001) G_GAN_ViT: 0.417 D_real_ViT: 0.120 D_fake_ViT: 0.197 global: 0.421 spatial: 0.067 
(epoch: 21, iters: 2940, time: 0.483, data: 0.001) G_GAN_ViT: 0.398 D_real_ViT: 0.255 D_fake_ViT: 0.176 global: 0.364 spatial: 0.096 
(epoch: 21, iters: 3040, time: 0.483, data: 0.001) G_GAN_ViT: 0.397 D_real_ViT: 0.212 D_fake_ViT: 0.191 global: 0.495 spatial: 0.082 
(epoch: 21, iters: 3140, time: 0.483, data: 0.001) G_GAN_ViT: 0.398 D_real_ViT: 0.214 D_fake_ViT: 0.174 global: 0.374 spatial: 0.072 
(epoch: 21, iters: 3240, time: 0.484, data: 0.001) G_GAN_ViT: 0.412 D_real_ViT: 0.184 D_fake_ViT: 0.202 global: 0.407 spatial: 0.090 
(epoch: 21, iters: 3340, time: 0.483, data: 0.001) G_GAN_ViT: 0.391 D_real_ViT: 0.241 D_fake_ViT: 0.188 global: 0.494 spatial: 0.074 
(epoch: 21, iters: 3440, time: 0.483, data: 0.001) G_GAN_ViT: 0.401 D_real_ViT: 0.267 D_fake_ViT: 0.195 global: 0.516 spatial: 0.102 
(epoch: 21, iters: 3540, time: 0.482, data: 0.001) G_GAN_ViT: 0.451 D_real_ViT: 0.122 D_fake_ViT: 0.163 global: 0.468 spatial: 0.101 
(epoch: 21, iters: 3640, time: 0.483, data: 0.001) G_GAN_ViT: 0.337 D_real_ViT: 0.249 D_fake_ViT: 0.254 global: 0.463 spatial: 0.071 
(epoch: 21, iters: 3740, time: 0.483, data: 0.001) G_GAN_ViT: 0.458 D_real_ViT: 0.142 D_fake_ViT: 0.148 global: 0.299 spatial: 0.068 
(epoch: 21, iters: 3840, time: 0.483, data: 0.001) G_GAN_ViT: 0.455 D_real_ViT: 0.271 D_fake_ViT: 0.154 global: 0.436 spatial: 0.078 
(epoch: 21, iters: 3940, time: 0.483, data: 0.001) G_GAN_ViT: 0.600 D_real_ViT: 0.190 D_fake_ViT: 0.110 global: 0.467 spatial: 0.092 
(epoch: 21, iters: 4040, time: 0.483, data: 0.001) G_GAN_ViT: 0.349 D_real_ViT: 0.140 D_fake_ViT: 0.227 global: 0.466 spatial: 0.088 
(epoch: 21, iters: 4140, time: 0.483, data: 0.001) G_GAN_ViT: 0.336 D_real_ViT: 0.154 D_fake_ViT: 0.213 global: 0.435 spatial: 0.072 
(epoch: 21, iters: 4240, time: 0.483, data: 0.001) G_GAN_ViT: 0.598 D_real_ViT: 0.093 D_fake_ViT: 0.085 global: 0.512 spatial: 0.069 
(epoch: 21, iters: 4340, time: 0.483, data: 0.001) G_GAN_ViT: 0.546 D_real_ViT: 0.356 D_fake_ViT: 0.118 global: 0.386 spatial: 0.067 
(epoch: 21, iters: 4440, time: 0.484, data: 0.001) G_GAN_ViT: 0.439 D_real_ViT: 0.062 D_fake_ViT: 0.178 global: 0.550 spatial: 0.088 
(epoch: 21, iters: 4540, time: 0.483, data: 0.001) G_GAN_ViT: 0.388 D_real_ViT: 0.101 D_fake_ViT: 0.197 global: 0.424 spatial: 0.084 
(epoch: 21, iters: 4640, time: 0.483, data: 0.001) G_GAN_ViT: 0.489 D_real_ViT: 0.268 D_fake_ViT: 0.146 global: 0.452 spatial: 0.086 
(epoch: 21, iters: 4740, time: 0.483, data: 0.001) G_GAN_ViT: 0.407 D_real_ViT: 0.181 D_fake_ViT: 0.180 global: 0.470 spatial: 0.094 
(epoch: 21, iters: 4840, time: 0.483, data: 0.001) G_GAN_ViT: 0.488 D_real_ViT: 0.248 D_fake_ViT: 0.143 global: 0.458 spatial: 0.076 
(epoch: 21, iters: 4940, time: 0.484, data: 0.001) G_GAN_ViT: 0.373 D_real_ViT: 0.292 D_fake_ViT: 0.235 global: 0.384 spatial: 0.091 
(epoch: 21, iters: 5040, time: 0.484, data: 0.001) G_GAN_ViT: 0.529 D_real_ViT: 0.253 D_fake_ViT: 0.119 global: 0.398 spatial: 0.074 
(epoch: 21, iters: 5140, time: 0.484, data: 0.001) G_GAN_ViT: 0.466 D_real_ViT: 0.205 D_fake_ViT: 0.159 global: 0.318 spatial: 0.082 
(epoch: 21, iters: 5240, time: 0.484, data: 0.001) G_GAN_ViT: 0.532 D_real_ViT: 0.276 D_fake_ViT: 0.121 global: 0.347 spatial: 0.070 
(epoch: 21, iters: 5340, time: 0.484, data: 0.001) G_GAN_ViT: 0.537 D_real_ViT: 0.240 D_fake_ViT: 0.124 global: 0.395 spatial: 0.088 
(epoch: 21, iters: 5440, time: 0.484, data: 0.001) G_GAN_ViT: 0.493 D_real_ViT: 0.177 D_fake_ViT: 0.139 global: 0.366 spatial: 0.074 
(epoch: 21, iters: 5540, time: 0.484, data: 0.001) G_GAN_ViT: 0.524 D_real_ViT: 0.240 D_fake_ViT: 0.154 global: 0.346 spatial: 0.094 
(epoch: 21, iters: 5640, time: 0.483, data: 0.001) G_GAN_ViT: 0.345 D_real_ViT: 0.074 D_fake_ViT: 0.235 global: 0.408 spatial: 0.059 
(epoch: 21, iters: 5740, time: 0.484, data: 0.001) G_GAN_ViT: 0.386 D_real_ViT: 0.232 D_fake_ViT: 0.222 global: 0.409 spatial: 0.089 
saving the latest model (epoch 21, total_iters 135000)
ICL_single_traffic_hwy
(epoch: 21, iters: 5840, time: 0.484, data: 0.001) G_GAN_ViT: 0.387 D_real_ViT: 0.207 D_fake_ViT: 0.205 global: 0.333 spatial: 0.081 
(epoch: 21, iters: 5940, time: 0.484, data: 0.001) G_GAN_ViT: 0.469 D_real_ViT: 0.246 D_fake_ViT: 0.134 global: 0.352 spatial: 0.056 
(epoch: 21, iters: 6040, time: 0.484, data: 0.001) G_GAN_ViT: 0.532 D_real_ViT: 0.092 D_fake_ViT: 0.121 global: 0.477 spatial: 0.088 
(epoch: 21, iters: 6140, time: 0.483, data: 0.001) G_GAN_ViT: 0.526 D_real_ViT: 0.313 D_fake_ViT: 0.123 global: 0.434 spatial: 0.080 
(epoch: 21, iters: 6240, time: 0.484, data: 0.001) G_GAN_ViT: 0.363 D_real_ViT: 0.081 D_fake_ViT: 0.210 global: 0.367 spatial: 0.087 
(epoch: 21, iters: 6340, time: 0.484, data: 0.001) G_GAN_ViT: 0.235 D_real_ViT: 0.190 D_fake_ViT: 0.325 global: 0.440 spatial: 0.086 
(epoch: 21, iters: 6440, time: 0.482, data: 0.001) G_GAN_ViT: 0.292 D_real_ViT: 0.109 D_fake_ViT: 0.272 global: 0.418 spatial: 0.077 
End of epoch 21 / 100 	 Time Taken: 3133 sec
learning rate = 0.0000100
(epoch: 22, iters: 77, time: 0.483, data: 0.001) G_GAN_ViT: 0.458 D_real_ViT: 0.297 D_fake_ViT: 0.161 global: 0.358 spatial: 0.084 
(epoch: 22, iters: 177, time: 0.482, data: 0.001) G_GAN_ViT: 0.368 D_real_ViT: 0.115 D_fake_ViT: 0.222 global: 0.438 spatial: 0.087 
(epoch: 22, iters: 277, time: 0.482, data: 0.001) G_GAN_ViT: 0.419 D_real_ViT: 0.219 D_fake_ViT: 0.178 global: 0.515 spatial: 0.095 
(epoch: 22, iters: 377, time: 0.482, data: 0.001) G_GAN_ViT: 0.600 D_real_ViT: 0.176 D_fake_ViT: 0.099 global: 0.566 spatial: 0.112 
(epoch: 22, iters: 477, time: 0.482, data: 0.001) G_GAN_ViT: 0.325 D_real_ViT: 0.154 D_fake_ViT: 0.261 global: 0.428 spatial: 0.082 
(epoch: 22, iters: 577, time: 0.483, data: 0.001) G_GAN_ViT: 0.480 D_real_ViT: 0.195 D_fake_ViT: 0.126 global: 0.410 spatial: 0.077 
(epoch: 22, iters: 677, time: 0.483, data: 0.001) G_GAN_ViT: 0.347 D_real_ViT: 0.213 D_fake_ViT: 0.225 global: 0.442 spatial: 0.088 
(epoch: 22, iters: 777, time: 0.483, data: 0.001) G_GAN_ViT: 0.323 D_real_ViT: 0.280 D_fake_ViT: 0.231 global: 0.496 spatial: 0.080 
(epoch: 22, iters: 877, time: 0.483, data: 0.001) G_GAN_ViT: 0.383 D_real_ViT: 0.274 D_fake_ViT: 0.215 global: 0.330 spatial: 0.075 
(epoch: 22, iters: 977, time: 0.483, data: 0.001) G_GAN_ViT: 0.332 D_real_ViT: 0.153 D_fake_ViT: 0.230 global: 0.398 spatial: 0.085 
(epoch: 22, iters: 1077, time: 0.483, data: 0.001) G_GAN_ViT: 0.394 D_real_ViT: 0.282 D_fake_ViT: 0.181 global: 0.407 spatial: 0.075 
(epoch: 22, iters: 1177, time: 0.483, data: 0.001) G_GAN_ViT: 0.511 D_real_ViT: 0.210 D_fake_ViT: 0.121 global: 0.332 spatial: 0.066 
(epoch: 22, iters: 1277, time: 0.484, data: 0.001) G_GAN_ViT: 0.518 D_real_ViT: 0.180 D_fake_ViT: 0.116 global: 0.348 spatial: 0.078 
(epoch: 22, iters: 1377, time: 0.484, data: 0.001) G_GAN_ViT: 0.337 D_real_ViT: 0.200 D_fake_ViT: 0.262 global: 0.444 spatial: 0.096 
(epoch: 22, iters: 1477, time: 0.484, data: 0.001) G_GAN_ViT: 0.456 D_real_ViT: 0.128 D_fake_ViT: 0.149 global: 0.485 spatial: 0.075 
(epoch: 22, iters: 1577, time: 0.483, data: 0.001) G_GAN_ViT: 0.468 D_real_ViT: 0.187 D_fake_ViT: 0.170 global: 0.404 spatial: 0.088 
(epoch: 22, iters: 1677, time: 0.483, data: 0.001) G_GAN_ViT: 0.658 D_real_ViT: 0.220 D_fake_ViT: 0.091 global: 0.358 spatial: 0.084 
(epoch: 22, iters: 1777, time: 0.483, data: 0.001) G_GAN_ViT: 0.372 D_real_ViT: 0.157 D_fake_ViT: 0.222 global: 0.459 spatial: 0.106 
(epoch: 22, iters: 1877, time: 0.484, data: 0.001) G_GAN_ViT: 0.420 D_real_ViT: 0.309 D_fake_ViT: 0.177 global: 0.411 spatial: 0.081 
(epoch: 22, iters: 1977, time: 0.483, data: 0.001) G_GAN_ViT: 0.371 D_real_ViT: 0.198 D_fake_ViT: 0.191 global: 0.471 spatial: 0.090 
(epoch: 22, iters: 2077, time: 0.483, data: 0.001) G_GAN_ViT: 0.307 D_real_ViT: 0.149 D_fake_ViT: 0.250 global: 0.481 spatial: 0.082 
(epoch: 22, iters: 2177, time: 0.483, data: 0.001) G_GAN_ViT: 0.382 D_real_ViT: 0.256 D_fake_ViT: 0.188 global: 0.423 spatial: 0.089 
(epoch: 22, iters: 2277, time: 0.483, data: 0.001) G_GAN_ViT: 0.390 D_real_ViT: 0.061 D_fake_ViT: 0.249 global: 0.428 spatial: 0.112 
(epoch: 22, iters: 2377, time: 0.483, data: 0.001) G_GAN_ViT: 0.366 D_real_ViT: 0.211 D_fake_ViT: 0.220 global: 0.433 spatial: 0.084 
(epoch: 22, iters: 2477, time: 0.483, data: 0.001) G_GAN_ViT: 0.491 D_real_ViT: 0.225 D_fake_ViT: 0.143 global: 0.363 spatial: 0.076 
(epoch: 22, iters: 2577, time: 0.483, data: 0.001) G_GAN_ViT: 0.408 D_real_ViT: 0.172 D_fake_ViT: 0.156 global: 0.451 spatial: 0.072 
(epoch: 22, iters: 2677, time: 0.483, data: 0.001) G_GAN_ViT: 0.459 D_real_ViT: 0.182 D_fake_ViT: 0.158 global: 0.421 spatial: 0.083 
(epoch: 22, iters: 2777, time: 0.483, data: 0.001) G_GAN_ViT: 0.436 D_real_ViT: 0.094 D_fake_ViT: 0.172 global: 0.425 spatial: 0.087 
(epoch: 22, iters: 2877, time: 0.483, data: 0.001) G_GAN_ViT: 0.372 D_real_ViT: 0.300 D_fake_ViT: 0.227 global: 0.404 spatial: 0.082 
(epoch: 22, iters: 2977, time: 0.483, data: 0.001) G_GAN_ViT: 0.398 D_real_ViT: 0.187 D_fake_ViT: 0.192 global: 0.515 spatial: 0.096 
(epoch: 22, iters: 3077, time: 0.483, data: 0.001) G_GAN_ViT: 0.432 D_real_ViT: 0.109 D_fake_ViT: 0.196 global: 0.482 spatial: 0.097 
(epoch: 22, iters: 3177, time: 0.483, data: 0.001) G_GAN_ViT: 0.621 D_real_ViT: 0.296 D_fake_ViT: 0.116 global: 0.420 spatial: 0.086 
(epoch: 22, iters: 3277, time: 0.483, data: 0.001) G_GAN_ViT: 0.414 D_real_ViT: 0.192 D_fake_ViT: 0.183 global: 0.317 spatial: 0.080 
(epoch: 22, iters: 3377, time: 0.484, data: 0.001) G_GAN_ViT: 0.428 D_real_ViT: 0.312 D_fake_ViT: 0.203 global: 0.423 spatial: 0.086 
(epoch: 22, iters: 3477, time: 0.483, data: 0.001) G_GAN_ViT: 0.418 D_real_ViT: 0.101 D_fake_ViT: 0.190 global: 0.388 spatial: 0.083 
(epoch: 22, iters: 3577, time: 0.483, data: 0.001) G_GAN_ViT: 0.380 D_real_ViT: 0.216 D_fake_ViT: 0.193 global: 0.434 spatial: 0.085 
(epoch: 22, iters: 3677, time: 0.483, data: 0.001) G_GAN_ViT: 0.301 D_real_ViT: 0.237 D_fake_ViT: 0.263 global: 0.384 spatial: 0.074 
(epoch: 22, iters: 3777, time: 0.483, data: 0.001) G_GAN_ViT: 0.370 D_real_ViT: 0.116 D_fake_ViT: 0.208 global: 0.420 spatial: 0.088 
(epoch: 22, iters: 3877, time: 0.483, data: 0.001) G_GAN_ViT: 0.302 D_real_ViT: 0.201 D_fake_ViT: 0.266 global: 0.388 spatial: 0.071 
(epoch: 22, iters: 3977, time: 0.483, data: 0.001) G_GAN_ViT: 0.359 D_real_ViT: 0.328 D_fake_ViT: 0.210 global: 0.400 spatial: 0.075 
(epoch: 22, iters: 4077, time: 0.483, data: 0.001) G_GAN_ViT: 0.367 D_real_ViT: 0.202 D_fake_ViT: 0.215 global: 0.408 spatial: 0.094 
(epoch: 22, iters: 4177, time: 0.482, data: 0.001) G_GAN_ViT: 0.454 D_real_ViT: 0.234 D_fake_ViT: 0.175 global: 0.329 spatial: 0.071 
(epoch: 22, iters: 4277, time: 0.482, data: 0.001) G_GAN_ViT: 0.492 D_real_ViT: 0.216 D_fake_ViT: 0.124 global: 0.344 spatial: 0.063 
saving the latest model (epoch 22, total_iters 140000)
ICL_single_traffic_hwy
(epoch: 22, iters: 4377, time: 0.483, data: 0.001) G_GAN_ViT: 0.378 D_real_ViT: 0.061 D_fake_ViT: 0.216 global: 0.458 spatial: 0.071 
(epoch: 22, iters: 4477, time: 0.483, data: 0.001) G_GAN_ViT: 0.418 D_real_ViT: 0.190 D_fake_ViT: 0.213 global: 0.401 spatial: 0.089 
(epoch: 22, iters: 4577, time: 0.483, data: 0.001) G_GAN_ViT: 0.479 D_real_ViT: 0.103 D_fake_ViT: 0.128 global: 0.358 spatial: 0.074 
(epoch: 22, iters: 4677, time: 0.483, data: 0.001) G_GAN_ViT: 0.336 D_real_ViT: 0.136 D_fake_ViT: 0.249 global: 0.481 spatial: 0.109 
(epoch: 22, iters: 4777, time: 0.483, data: 0.001) G_GAN_ViT: 0.449 D_real_ViT: 0.216 D_fake_ViT: 0.166 global: 0.313 spatial: 0.073 
(epoch: 22, iters: 4877, time: 0.483, data: 0.001) G_GAN_ViT: 0.522 D_real_ViT: 0.261 D_fake_ViT: 0.123 global: 0.386 spatial: 0.061 
(epoch: 22, iters: 4977, time: 0.483, data: 0.001) G_GAN_ViT: 0.419 D_real_ViT: 0.151 D_fake_ViT: 0.187 global: 0.457 spatial: 0.084 
(epoch: 22, iters: 5077, time: 0.482, data: 0.001) G_GAN_ViT: 0.485 D_real_ViT: 0.170 D_fake_ViT: 0.138 global: 0.437 spatial: 0.086 
(epoch: 22, iters: 5177, time: 0.482, data: 0.001) G_GAN_ViT: 0.501 D_real_ViT: 0.208 D_fake_ViT: 0.127 global: 0.363 spatial: 0.075 
(epoch: 22, iters: 5277, time: 0.482, data: 0.001) G_GAN_ViT: 0.351 D_real_ViT: 0.244 D_fake_ViT: 0.234 global: 0.523 spatial: 0.084 
(epoch: 22, iters: 5377, time: 0.481, data: 0.001) G_GAN_ViT: 0.433 D_real_ViT: 0.164 D_fake_ViT: 0.159 global: 0.350 spatial: 0.078 
(epoch: 22, iters: 5477, time: 0.482, data: 0.001) G_GAN_ViT: 0.327 D_real_ViT: 0.164 D_fake_ViT: 0.236 global: 0.328 spatial: 0.072 
(epoch: 22, iters: 5577, time: 0.483, data: 0.001) G_GAN_ViT: 0.374 D_real_ViT: 0.239 D_fake_ViT: 0.202 global: 0.482 spatial: 0.081 
(epoch: 22, iters: 5677, time: 0.483, data: 0.001) G_GAN_ViT: 0.391 D_real_ViT: 0.185 D_fake_ViT: 0.200 global: 0.269 spatial: 0.064 
(epoch: 22, iters: 5777, time: 0.483, data: 0.001) G_GAN_ViT: 0.445 D_real_ViT: 0.273 D_fake_ViT: 0.176 global: 0.467 spatial: 0.097 
(epoch: 22, iters: 5877, time: 0.483, data: 0.001) G_GAN_ViT: 0.517 D_real_ViT: 0.166 D_fake_ViT: 0.140 global: 0.392 spatial: 0.082 
(epoch: 22, iters: 5977, time: 0.483, data: 0.001) G_GAN_ViT: 0.299 D_real_ViT: 0.195 D_fake_ViT: 0.287 global: 0.355 spatial: 0.083 
(epoch: 22, iters: 6077, time: 0.483, data: 0.001) G_GAN_ViT: 0.443 D_real_ViT: 0.145 D_fake_ViT: 0.185 global: 0.294 spatial: 0.052 
(epoch: 22, iters: 6177, time: 0.483, data: 0.001) G_GAN_ViT: 0.438 D_real_ViT: 0.251 D_fake_ViT: 0.191 global: 0.393 spatial: 0.081 
(epoch: 22, iters: 6277, time: 0.483, data: 0.001) G_GAN_ViT: 0.420 D_real_ViT: 0.186 D_fake_ViT: 0.171 global: 0.359 spatial: 0.071 
(epoch: 22, iters: 6377, time: 0.483, data: 0.001) G_GAN_ViT: 0.551 D_real_ViT: 0.229 D_fake_ViT: 0.116 global: 0.360 spatial: 0.073 
End of epoch 22 / 100 	 Time Taken: 3130 sec
learning rate = 0.0000100
(epoch: 23, iters: 14, time: 0.483, data: 0.001) G_GAN_ViT: 0.503 D_real_ViT: 0.213 D_fake_ViT: 0.126 global: 0.413 spatial: 0.082 
(epoch: 23, iters: 114, time: 0.484, data: 0.001) G_GAN_ViT: 0.265 D_real_ViT: 0.176 D_fake_ViT: 0.317 global: 0.420 spatial: 0.083 
(epoch: 23, iters: 214, time: 0.484, data: 0.002) G_GAN_ViT: 0.475 D_real_ViT: 0.182 D_fake_ViT: 0.136 global: 0.500 spatial: 0.075 
(epoch: 23, iters: 314, time: 0.483, data: 0.001) G_GAN_ViT: 0.398 D_real_ViT: 0.265 D_fake_ViT: 0.202 global: 0.348 spatial: 0.074 
(epoch: 23, iters: 414, time: 0.483, data: 0.001) G_GAN_ViT: 0.343 D_real_ViT: 0.187 D_fake_ViT: 0.239 global: 0.363 spatial: 0.081 
(epoch: 23, iters: 514, time: 0.483, data: 0.001) G_GAN_ViT: 0.430 D_real_ViT: 0.172 D_fake_ViT: 0.165 global: 0.477 spatial: 0.092 
(epoch: 23, iters: 614, time: 0.484, data: 0.001) G_GAN_ViT: 0.435 D_real_ViT: 0.098 D_fake_ViT: 0.164 global: 0.378 spatial: 0.081 
(epoch: 23, iters: 714, time: 0.484, data: 0.001) G_GAN_ViT: 0.457 D_real_ViT: 0.192 D_fake_ViT: 0.143 global: 0.450 spatial: 0.085 
(epoch: 23, iters: 814, time: 0.484, data: 0.001) G_GAN_ViT: 0.485 D_real_ViT: 0.142 D_fake_ViT: 0.152 global: 0.527 spatial: 0.103 
(epoch: 23, iters: 914, time: 0.484, data: 0.001) G_GAN_ViT: 0.333 D_real_ViT: 0.175 D_fake_ViT: 0.229 global: 0.459 spatial: 0.075 
(epoch: 23, iters: 1014, time: 0.484, data: 0.001) G_GAN_ViT: 0.469 D_real_ViT: 0.204 D_fake_ViT: 0.141 global: 0.377 spatial: 0.082 
(epoch: 23, iters: 1114, time: 0.484, data: 0.001) G_GAN_ViT: 0.396 D_real_ViT: 0.147 D_fake_ViT: 0.208 global: 0.305 spatial: 0.077 
(epoch: 23, iters: 1214, time: 0.484, data: 0.001) G_GAN_ViT: 0.500 D_real_ViT: 0.152 D_fake_ViT: 0.144 global: 0.362 spatial: 0.101 
(epoch: 23, iters: 1314, time: 0.484, data: 0.002) G_GAN_ViT: 0.456 D_real_ViT: 0.115 D_fake_ViT: 0.141 global: 0.356 spatial: 0.073 
(epoch: 23, iters: 1414, time: 0.484, data: 0.001) G_GAN_ViT: 0.410 D_real_ViT: 0.255 D_fake_ViT: 0.186 global: 0.450 spatial: 0.098 
(epoch: 23, iters: 1514, time: 0.483, data: 0.001) G_GAN_ViT: 0.382 D_real_ViT: 0.254 D_fake_ViT: 0.203 global: 0.463 spatial: 0.087 
(epoch: 23, iters: 1614, time: 0.483, data: 0.001) G_GAN_ViT: 0.316 D_real_ViT: 0.138 D_fake_ViT: 0.251 global: 0.417 spatial: 0.090 
(epoch: 23, iters: 1714, time: 0.484, data: 0.001) G_GAN_ViT: 0.342 D_real_ViT: 0.252 D_fake_ViT: 0.204 global: 0.456 spatial: 0.077 
(epoch: 23, iters: 1814, time: 0.484, data: 0.001) G_GAN_ViT: 0.321 D_real_ViT: 0.277 D_fake_ViT: 0.240 global: 0.431 spatial: 0.071 
(epoch: 23, iters: 1914, time: 0.484, data: 0.001) G_GAN_ViT: 0.466 D_real_ViT: 0.233 D_fake_ViT: 0.155 global: 0.364 spatial: 0.071 
(epoch: 23, iters: 2014, time: 0.484, data: 0.001) G_GAN_ViT: 0.433 D_real_ViT: 0.307 D_fake_ViT: 0.177 global: 0.483 spatial: 0.093 
(epoch: 23, iters: 2114, time: 0.484, data: 0.001) G_GAN_ViT: 0.444 D_real_ViT: 0.153 D_fake_ViT: 0.150 global: 0.361 spatial: 0.073 
(epoch: 23, iters: 2214, time: 0.484, data: 0.001) G_GAN_ViT: 0.408 D_real_ViT: 0.176 D_fake_ViT: 0.174 global: 0.351 spatial: 0.070 
(epoch: 23, iters: 2314, time: 0.484, data: 0.001) G_GAN_ViT: 0.515 D_real_ViT: 0.126 D_fake_ViT: 0.151 global: 0.434 spatial: 0.092 
(epoch: 23, iters: 2414, time: 0.484, data: 0.001) G_GAN_ViT: 0.436 D_real_ViT: 0.361 D_fake_ViT: 0.166 global: 0.288 spatial: 0.067 
(epoch: 23, iters: 2514, time: 0.484, data: 0.001) G_GAN_ViT: 0.336 D_real_ViT: 0.165 D_fake_ViT: 0.225 global: 0.434 spatial: 0.088 
(epoch: 23, iters: 2614, time: 0.484, data: 0.001) G_GAN_ViT: 0.409 D_real_ViT: 0.187 D_fake_ViT: 0.190 global: 0.337 spatial: 0.080 
(epoch: 23, iters: 2714, time: 0.484, data: 0.001) G_GAN_ViT: 0.355 D_real_ViT: 0.181 D_fake_ViT: 0.225 global: 0.251 spatial: 0.063 
(epoch: 23, iters: 2814, time: 0.483, data: 0.001) G_GAN_ViT: 0.543 D_real_ViT: 0.177 D_fake_ViT: 0.120 global: 0.383 spatial: 0.078 
saving the latest model (epoch 23, total_iters 145000)
ICL_single_traffic_hwy
(epoch: 23, iters: 2914, time: 0.484, data: 0.001) G_GAN_ViT: 0.368 D_real_ViT: 0.206 D_fake_ViT: 0.202 global: 0.323 spatial: 0.072 
(epoch: 23, iters: 3014, time: 0.484, data: 0.001) G_GAN_ViT: 0.411 D_real_ViT: 0.222 D_fake_ViT: 0.211 global: 0.395 spatial: 0.098 
(epoch: 23, iters: 3114, time: 0.484, data: 0.001) G_GAN_ViT: 0.375 D_real_ViT: 0.305 D_fake_ViT: 0.190 global: 0.335 spatial: 0.077 
(epoch: 23, iters: 3214, time: 0.484, data: 0.001) G_GAN_ViT: 0.297 D_real_ViT: 0.336 D_fake_ViT: 0.253 global: 0.504 spatial: 0.090 
(epoch: 23, iters: 3314, time: 0.484, data: 0.003) G_GAN_ViT: 0.682 D_real_ViT: 0.220 D_fake_ViT: 0.107 global: 0.403 spatial: 0.091 
(epoch: 23, iters: 3414, time: 0.484, data: 0.001) G_GAN_ViT: 0.572 D_real_ViT: 0.185 D_fake_ViT: 0.112 global: 0.515 spatial: 0.112 
(epoch: 23, iters: 3514, time: 0.484, data: 0.001) G_GAN_ViT: 0.357 D_real_ViT: 0.193 D_fake_ViT: 0.207 global: 0.488 spatial: 0.088 
(epoch: 23, iters: 3614, time: 0.483, data: 0.001) G_GAN_ViT: 0.576 D_real_ViT: 0.170 D_fake_ViT: 0.096 global: 0.497 spatial: 0.078 
(epoch: 23, iters: 3714, time: 0.482, data: 0.001) G_GAN_ViT: 0.355 D_real_ViT: 0.218 D_fake_ViT: 0.199 global: 0.406 spatial: 0.070 
(epoch: 23, iters: 3814, time: 0.482, data: 0.001) G_GAN_ViT: 0.440 D_real_ViT: 0.065 D_fake_ViT: 0.156 global: 0.374 spatial: 0.074 
(epoch: 23, iters: 3914, time: 0.482, data: 0.001) G_GAN_ViT: 0.581 D_real_ViT: 0.196 D_fake_ViT: 0.107 global: 0.503 spatial: 0.090 
(epoch: 23, iters: 4014, time: 0.483, data: 0.001) G_GAN_ViT: 0.270 D_real_ViT: 0.207 D_fake_ViT: 0.303 global: 0.476 spatial: 0.083 
(epoch: 23, iters: 4114, time: 0.484, data: 0.001) G_GAN_ViT: 0.460 D_real_ViT: 0.301 D_fake_ViT: 0.148 global: 0.318 spatial: 0.069 
(epoch: 23, iters: 4214, time: 0.484, data: 0.001) G_GAN_ViT: 0.487 D_real_ViT: 0.129 D_fake_ViT: 0.141 global: 0.465 spatial: 0.090 
(epoch: 23, iters: 4314, time: 0.484, data: 0.001) G_GAN_ViT: 0.341 D_real_ViT: 0.269 D_fake_ViT: 0.218 global: 0.393 spatial: 0.088 
(epoch: 23, iters: 4414, time: 0.484, data: 0.001) G_GAN_ViT: 0.651 D_real_ViT: 0.091 D_fake_ViT: 0.097 global: 0.409 spatial: 0.091 
(epoch: 23, iters: 4514, time: 0.484, data: 0.001) G_GAN_ViT: 0.346 D_real_ViT: 0.269 D_fake_ViT: 0.209 global: 0.445 spatial: 0.073 
(epoch: 23, iters: 4614, time: 0.483, data: 0.001) G_GAN_ViT: 0.478 D_real_ViT: 0.170 D_fake_ViT: 0.141 global: 0.478 spatial: 0.086 
(epoch: 23, iters: 4714, time: 0.484, data: 0.001) G_GAN_ViT: 0.448 D_real_ViT: 0.242 D_fake_ViT: 0.162 global: 0.393 spatial: 0.086 
(epoch: 23, iters: 4814, time: 0.484, data: 0.001) G_GAN_ViT: 0.469 D_real_ViT: 0.095 D_fake_ViT: 0.183 global: 0.467 spatial: 0.105 
(epoch: 23, iters: 4914, time: 0.484, data: 0.001) G_GAN_ViT: 0.449 D_real_ViT: 0.203 D_fake_ViT: 0.154 global: 0.310 spatial: 0.060 
(epoch: 23, iters: 5014, time: 0.484, data: 0.001) G_GAN_ViT: 0.374 D_real_ViT: 0.296 D_fake_ViT: 0.209 global: 0.452 spatial: 0.094 
(epoch: 23, iters: 5114, time: 0.484, data: 0.001) G_GAN_ViT: 0.538 D_real_ViT: 0.191 D_fake_ViT: 0.124 global: 0.508 spatial: 0.093 
(epoch: 23, iters: 5214, time: 0.484, data: 0.001) G_GAN_ViT: 0.687 D_real_ViT: 0.300 D_fake_ViT: 0.086 global: 0.412 spatial: 0.085 
(epoch: 23, iters: 5314, time: 0.484, data: 0.001) G_GAN_ViT: 0.276 D_real_ViT: 0.144 D_fake_ViT: 0.287 global: 0.368 spatial: 0.079 
(epoch: 23, iters: 5414, time: 0.484, data: 0.001) G_GAN_ViT: 0.429 D_real_ViT: 0.335 D_fake_ViT: 0.155 global: 0.388 spatial: 0.071 
(epoch: 23, iters: 5514, time: 0.483, data: 0.001) G_GAN_ViT: 0.358 D_real_ViT: 0.179 D_fake_ViT: 0.227 global: 0.521 spatial: 0.104 
(epoch: 23, iters: 5614, time: 0.483, data: 0.001) G_GAN_ViT: 0.531 D_real_ViT: 0.279 D_fake_ViT: 0.154 global: 0.511 spatial: 0.101 
(epoch: 23, iters: 5714, time: 0.483, data: 0.001) G_GAN_ViT: 0.356 D_real_ViT: 0.283 D_fake_ViT: 0.209 global: 0.259 spatial: 0.064 
(epoch: 23, iters: 5814, time: 0.484, data: 0.001) G_GAN_ViT: 0.337 D_real_ViT: 0.171 D_fake_ViT: 0.262 global: 0.399 spatial: 0.086 
(epoch: 23, iters: 5914, time: 0.484, data: 0.001) G_GAN_ViT: 0.375 D_real_ViT: 0.219 D_fake_ViT: 0.183 global: 0.423 spatial: 0.073 
(epoch: 23, iters: 6014, time: 0.483, data: 0.001) G_GAN_ViT: 0.414 D_real_ViT: 0.298 D_fake_ViT: 0.199 global: 0.498 spatial: 0.107 
(epoch: 23, iters: 6114, time: 0.483, data: 0.001) G_GAN_ViT: 0.630 D_real_ViT: 0.252 D_fake_ViT: 0.123 global: 0.466 spatial: 0.090 
(epoch: 23, iters: 6214, time: 0.482, data: 0.001) G_GAN_ViT: 0.253 D_real_ViT: 0.176 D_fake_ViT: 0.348 global: 0.570 spatial: 0.107 
(epoch: 23, iters: 6314, time: 0.484, data: 0.001) G_GAN_ViT: 0.456 D_real_ViT: 0.275 D_fake_ViT: 0.177 global: 0.327 spatial: 0.082 
(epoch: 23, iters: 6414, time: 0.483, data: 0.001) G_GAN_ViT: 0.565 D_real_ViT: 0.262 D_fake_ViT: 0.097 global: 0.399 spatial: 0.090 
End of epoch 23 / 100 	 Time Taken: 3135 sec
learning rate = 0.0000100
(epoch: 24, iters: 51, time: 0.483, data: 0.001) G_GAN_ViT: 0.465 D_real_ViT: 0.208 D_fake_ViT: 0.165 global: 0.513 spatial: 0.112 
(epoch: 24, iters: 151, time: 0.484, data: 0.001) G_GAN_ViT: 0.293 D_real_ViT: 0.193 D_fake_ViT: 0.277 global: 0.370 spatial: 0.076 
(epoch: 24, iters: 251, time: 0.484, data: 0.001) G_GAN_ViT: 0.349 D_real_ViT: 0.280 D_fake_ViT: 0.220 global: 0.395 spatial: 0.092 
(epoch: 24, iters: 351, time: 0.484, data: 0.001) G_GAN_ViT: 0.463 D_real_ViT: 0.097 D_fake_ViT: 0.153 global: 0.447 spatial: 0.088 
(epoch: 24, iters: 451, time: 0.483, data: 0.001) G_GAN_ViT: 0.275 D_real_ViT: 0.256 D_fake_ViT: 0.295 global: 0.379 spatial: 0.092 
(epoch: 24, iters: 551, time: 0.483, data: 0.001) G_GAN_ViT: 0.617 D_real_ViT: 0.203 D_fake_ViT: 0.088 global: 0.357 spatial: 0.075 
(epoch: 24, iters: 651, time: 0.483, data: 0.001) G_GAN_ViT: 0.294 D_real_ViT: 0.177 D_fake_ViT: 0.267 global: 0.418 spatial: 0.085 
(epoch: 24, iters: 751, time: 0.483, data: 0.001) G_GAN_ViT: 0.279 D_real_ViT: 0.136 D_fake_ViT: 0.283 global: 0.427 spatial: 0.097 
(epoch: 24, iters: 851, time: 0.483, data: 0.001) G_GAN_ViT: 0.433 D_real_ViT: 0.080 D_fake_ViT: 0.186 global: 0.417 spatial: 0.087 
(epoch: 24, iters: 951, time: 0.483, data: 0.001) G_GAN_ViT: 0.440 D_real_ViT: 0.348 D_fake_ViT: 0.157 global: 0.392 spatial: 0.100 
(epoch: 24, iters: 1051, time: 0.483, data: 0.001) G_GAN_ViT: 0.484 D_real_ViT: 0.098 D_fake_ViT: 0.166 global: 0.528 spatial: 0.102 
(epoch: 24, iters: 1151, time: 0.484, data: 0.001) G_GAN_ViT: 0.419 D_real_ViT: 0.105 D_fake_ViT: 0.166 global: 0.412 spatial: 0.083 
(epoch: 24, iters: 1251, time: 0.482, data: 0.001) G_GAN_ViT: 0.462 D_real_ViT: 0.199 D_fake_ViT: 0.152 global: 0.326 spatial: 0.077 
(epoch: 24, iters: 1351, time: 0.483, data: 0.001) G_GAN_ViT: 0.326 D_real_ViT: 0.237 D_fake_ViT: 0.232 global: 0.444 spatial: 0.090 
saving the latest model (epoch 24, total_iters 150000)
ICL_single_traffic_hwy
(epoch: 24, iters: 1451, time: 0.483, data: 0.001) G_GAN_ViT: 0.348 D_real_ViT: 0.304 D_fake_ViT: 0.211 global: 0.409 spatial: 0.087 
(epoch: 24, iters: 1551, time: 0.484, data: 0.001) G_GAN_ViT: 0.317 D_real_ViT: 0.098 D_fake_ViT: 0.318 global: 0.375 spatial: 0.076 
(epoch: 24, iters: 1651, time: 0.483, data: 0.002) G_GAN_ViT: 0.427 D_real_ViT: 0.253 D_fake_ViT: 0.172 global: 0.501 spatial: 0.081 
(epoch: 24, iters: 1751, time: 0.482, data: 0.001) G_GAN_ViT: 0.442 D_real_ViT: 0.083 D_fake_ViT: 0.192 global: 0.385 spatial: 0.089 
(epoch: 24, iters: 1851, time: 0.483, data: 0.001) G_GAN_ViT: 0.438 D_real_ViT: 0.144 D_fake_ViT: 0.188 global: 0.493 spatial: 0.091 
(epoch: 24, iters: 1951, time: 0.482, data: 0.002) G_GAN_ViT: 0.415 D_real_ViT: 0.193 D_fake_ViT: 0.169 global: 0.436 spatial: 0.074 
(epoch: 24, iters: 2051, time: 0.483, data: 0.001) G_GAN_ViT: 0.396 D_real_ViT: 0.287 D_fake_ViT: 0.247 global: 0.370 spatial: 0.088 
(epoch: 24, iters: 2151, time: 0.482, data: 0.001) G_GAN_ViT: 0.306 D_real_ViT: 0.299 D_fake_ViT: 0.247 global: 0.382 spatial: 0.083 
(epoch: 24, iters: 2251, time: 0.481, data: 0.001) G_GAN_ViT: 0.464 D_real_ViT: 0.247 D_fake_ViT: 0.145 global: 0.293 spatial: 0.061 
(epoch: 24, iters: 2351, time: 0.482, data: 0.001) G_GAN_ViT: 0.398 D_real_ViT: 0.271 D_fake_ViT: 0.188 global: 0.446 spatial: 0.072 
(epoch: 24, iters: 2451, time: 0.482, data: 0.002) G_GAN_ViT: 0.328 D_real_ViT: 0.198 D_fake_ViT: 0.240 global: 0.439 spatial: 0.085 
(epoch: 24, iters: 2551, time: 0.483, data: 0.001) G_GAN_ViT: 0.386 D_real_ViT: 0.238 D_fake_ViT: 0.205 global: 0.418 spatial: 0.090 
(epoch: 24, iters: 2651, time: 0.483, data: 0.002) G_GAN_ViT: 0.443 D_real_ViT: 0.126 D_fake_ViT: 0.164 global: 0.355 spatial: 0.074 
(epoch: 24, iters: 2751, time: 0.482, data: 0.001) G_GAN_ViT: 0.432 D_real_ViT: 0.204 D_fake_ViT: 0.163 global: 0.322 spatial: 0.081 
(epoch: 24, iters: 2851, time: 0.483, data: 0.001) G_GAN_ViT: 0.480 D_real_ViT: 0.220 D_fake_ViT: 0.150 global: 0.382 spatial: 0.083 
(epoch: 24, iters: 2951, time: 0.483, data: 0.001) G_GAN_ViT: 0.530 D_real_ViT: 0.185 D_fake_ViT: 0.143 global: 0.349 spatial: 0.078 
(epoch: 24, iters: 3051, time: 0.483, data: 0.001) G_GAN_ViT: 0.403 D_real_ViT: 0.113 D_fake_ViT: 0.227 global: 0.547 spatial: 0.107 
(epoch: 24, iters: 3151, time: 0.483, data: 0.001) G_GAN_ViT: 0.404 D_real_ViT: 0.274 D_fake_ViT: 0.179 global: 0.507 spatial: 0.095 
(epoch: 24, iters: 3251, time: 0.483, data: 0.001) G_GAN_ViT: 0.500 D_real_ViT: 0.172 D_fake_ViT: 0.159 global: 0.476 spatial: 0.094 
(epoch: 24, iters: 3351, time: 0.483, data: 0.001) G_GAN_ViT: 0.538 D_real_ViT: 0.230 D_fake_ViT: 0.104 global: 0.461 spatial: 0.085 
(epoch: 24, iters: 3451, time: 0.483, data: 0.001) G_GAN_ViT: 0.581 D_real_ViT: 0.152 D_fake_ViT: 0.106 global: 0.544 spatial: 0.101 
(epoch: 24, iters: 3551, time: 0.483, data: 0.001) G_GAN_ViT: 0.379 D_real_ViT: 0.149 D_fake_ViT: 0.201 global: 0.378 spatial: 0.096 
(epoch: 24, iters: 3651, time: 0.483, data: 0.001) G_GAN_ViT: 0.284 D_real_ViT: 0.177 D_fake_ViT: 0.266 global: 0.457 spatial: 0.083 
(epoch: 24, iters: 3751, time: 0.482, data: 0.001) G_GAN_ViT: 0.369 D_real_ViT: 0.144 D_fake_ViT: 0.197 global: 0.363 spatial: 0.083 
(epoch: 24, iters: 3851, time: 0.483, data: 0.001) G_GAN_ViT: 0.375 D_real_ViT: 0.206 D_fake_ViT: 0.182 global: 0.419 spatial: 0.078 
(epoch: 24, iters: 3951, time: 0.483, data: 0.001) G_GAN_ViT: 0.415 D_real_ViT: 0.262 D_fake_ViT: 0.191 global: 0.453 spatial: 0.083 
(epoch: 24, iters: 4051, time: 0.483, data: 0.001) G_GAN_ViT: 0.423 D_real_ViT: 0.091 D_fake_ViT: 0.183 global: 0.410 spatial: 0.072 
(epoch: 24, iters: 4151, time: 0.483, data: 0.001) G_GAN_ViT: 0.377 D_real_ViT: 0.186 D_fake_ViT: 0.197 global: 0.353 spatial: 0.061 
(epoch: 24, iters: 4251, time: 0.483, data: 0.001) G_GAN_ViT: 0.507 D_real_ViT: 0.302 D_fake_ViT: 0.151 global: 0.323 spatial: 0.082 
(epoch: 24, iters: 4351, time: 0.483, data: 0.001) G_GAN_ViT: 0.376 D_real_ViT: 0.230 D_fake_ViT: 0.209 global: 0.377 spatial: 0.080 
(epoch: 24, iters: 4451, time: 0.483, data: 0.001) G_GAN_ViT: 0.391 D_real_ViT: 0.180 D_fake_ViT: 0.184 global: 0.575 spatial: 0.104 
(epoch: 24, iters: 4551, time: 0.482, data: 0.001) G_GAN_ViT: 0.435 D_real_ViT: 0.138 D_fake_ViT: 0.168 global: 0.541 spatial: 0.099 
(epoch: 24, iters: 4651, time: 0.481, data: 0.001) G_GAN_ViT: 0.421 D_real_ViT: 0.243 D_fake_ViT: 0.206 global: 0.460 spatial: 0.105 
(epoch: 24, iters: 4751, time: 0.482, data: 0.002) G_GAN_ViT: 0.352 D_real_ViT: 0.317 D_fake_ViT: 0.254 global: 0.332 spatial: 0.083 
(epoch: 24, iters: 4851, time: 0.482, data: 0.001) G_GAN_ViT: 0.456 D_real_ViT: 0.106 D_fake_ViT: 0.165 global: 0.480 spatial: 0.099 
(epoch: 24, iters: 4951, time: 0.483, data: 0.001) G_GAN_ViT: 0.433 D_real_ViT: 0.151 D_fake_ViT: 0.196 global: 0.377 spatial: 0.074 
(epoch: 24, iters: 5051, time: 0.483, data: 0.001) G_GAN_ViT: 0.547 D_real_ViT: 0.112 D_fake_ViT: 0.153 global: 0.385 spatial: 0.101 
(epoch: 24, iters: 5151, time: 0.483, data: 0.001) G_GAN_ViT: 0.427 D_real_ViT: 0.139 D_fake_ViT: 0.170 global: 0.470 spatial: 0.088 
(epoch: 24, iters: 5251, time: 0.483, data: 0.002) G_GAN_ViT: 0.325 D_real_ViT: 0.182 D_fake_ViT: 0.250 global: 0.493 spatial: 0.099 
(epoch: 24, iters: 5351, time: 0.483, data: 0.001) G_GAN_ViT: 0.530 D_real_ViT: 0.134 D_fake_ViT: 0.116 global: 0.473 spatial: 0.096 
(epoch: 24, iters: 5451, time: 0.484, data: 0.001) G_GAN_ViT: 0.381 D_real_ViT: 0.242 D_fake_ViT: 0.206 global: 0.401 spatial: 0.095 
(epoch: 24, iters: 5551, time: 0.483, data: 0.001) G_GAN_ViT: 0.461 D_real_ViT: 0.252 D_fake_ViT: 0.143 global: 0.343 spatial: 0.079 
(epoch: 24, iters: 5651, time: 0.484, data: 0.002) G_GAN_ViT: 0.222 D_real_ViT: 0.203 D_fake_ViT: 0.348 global: 0.418 spatial: 0.084 
(epoch: 24, iters: 5751, time: 0.483, data: 0.001) G_GAN_ViT: 0.495 D_real_ViT: 0.142 D_fake_ViT: 0.149 global: 0.458 spatial: 0.105 
(epoch: 24, iters: 5851, time: 0.483, data: 0.001) G_GAN_ViT: 0.386 D_real_ViT: 0.105 D_fake_ViT: 0.214 global: 0.469 spatial: 0.082 
(epoch: 24, iters: 5951, time: 0.483, data: 0.001) G_GAN_ViT: 0.453 D_real_ViT: 0.184 D_fake_ViT: 0.163 global: 0.399 spatial: 0.085 
(epoch: 24, iters: 6051, time: 0.483, data: 0.001) G_GAN_ViT: 0.368 D_real_ViT: 0.096 D_fake_ViT: 0.209 global: 0.453 spatial: 0.093 
(epoch: 24, iters: 6151, time: 0.483, data: 0.001) G_GAN_ViT: 0.632 D_real_ViT: 0.222 D_fake_ViT: 0.096 global: 0.397 spatial: 0.081 
(epoch: 24, iters: 6251, time: 0.482, data: 0.001) G_GAN_ViT: 0.387 D_real_ViT: 0.300 D_fake_ViT: 0.181 global: 0.490 spatial: 0.075 
(epoch: 24, iters: 6351, time: 0.482, data: 0.001) G_GAN_ViT: 0.274 D_real_ViT: 0.080 D_fake_ViT: 0.295 global: 0.353 spatial: 0.076 
saving the latest model (epoch 24, total_iters 155000)
ICL_single_traffic_hwy
(epoch: 24, iters: 6451, time: 0.483, data: 0.001) G_GAN_ViT: 0.697 D_real_ViT: 0.119 D_fake_ViT: 0.057 global: 0.312 spatial: 0.064 
End of epoch 24 / 100 	 Time Taken: 3130 sec
learning rate = 0.0000100
(epoch: 25, iters: 88, time: 0.483, data: 0.001) G_GAN_ViT: 0.384 D_real_ViT: 0.294 D_fake_ViT: 0.183 global: 0.417 spatial: 0.081 
(epoch: 25, iters: 188, time: 0.483, data: 0.001) G_GAN_ViT: 0.344 D_real_ViT: 0.276 D_fake_ViT: 0.228 global: 0.350 spatial: 0.087 
(epoch: 25, iters: 288, time: 0.483, data: 0.001) G_GAN_ViT: 0.422 D_real_ViT: 0.197 D_fake_ViT: 0.189 global: 0.527 spatial: 0.102 
(epoch: 25, iters: 388, time: 0.483, data: 0.001) G_GAN_ViT: 0.414 D_real_ViT: 0.223 D_fake_ViT: 0.181 global: 0.381 spatial: 0.079 
(epoch: 25, iters: 488, time: 0.483, data: 0.001) G_GAN_ViT: 0.596 D_real_ViT: 0.101 D_fake_ViT: 0.096 global: 0.362 spatial: 0.077 
(epoch: 25, iters: 588, time: 0.483, data: 0.001) G_GAN_ViT: 0.508 D_real_ViT: 0.297 D_fake_ViT: 0.147 global: 0.367 spatial: 0.086 
(epoch: 25, iters: 688, time: 0.483, data: 0.001) G_GAN_ViT: 0.279 D_real_ViT: 0.280 D_fake_ViT: 0.281 global: 0.466 spatial: 0.079 
(epoch: 25, iters: 788, time: 0.483, data: 0.001) G_GAN_ViT: 0.249 D_real_ViT: 0.248 D_fake_ViT: 0.319 global: 0.383 spatial: 0.081 
(epoch: 25, iters: 888, time: 0.482, data: 0.001) G_GAN_ViT: 0.429 D_real_ViT: 0.072 D_fake_ViT: 0.166 global: 0.499 spatial: 0.086 
(epoch: 25, iters: 988, time: 0.482, data: 0.001) G_GAN_ViT: 0.289 D_real_ViT: 0.169 D_fake_ViT: 0.290 global: 0.529 spatial: 0.092 
(epoch: 25, iters: 1088, time: 0.482, data: 0.001) G_GAN_ViT: 0.509 D_real_ViT: 0.277 D_fake_ViT: 0.165 global: 0.410 spatial: 0.109 
(epoch: 25, iters: 1188, time: 0.483, data: 0.001) G_GAN_ViT: 0.361 D_real_ViT: 0.197 D_fake_ViT: 0.206 global: 0.414 spatial: 0.088 
(epoch: 25, iters: 1288, time: 0.483, data: 0.001) G_GAN_ViT: 0.338 D_real_ViT: 0.300 D_fake_ViT: 0.252 global: 0.484 spatial: 0.105 
(epoch: 25, iters: 1388, time: 0.483, data: 0.001) G_GAN_ViT: 0.420 D_real_ViT: 0.111 D_fake_ViT: 0.165 global: 0.441 spatial: 0.075 
(epoch: 25, iters: 1488, time: 0.484, data: 0.001) G_GAN_ViT: 0.540 D_real_ViT: 0.109 D_fake_ViT: 0.114 global: 0.452 spatial: 0.076 
(epoch: 25, iters: 1588, time: 0.483, data: 0.002) G_GAN_ViT: 0.399 D_real_ViT: 0.334 D_fake_ViT: 0.186 global: 0.352 spatial: 0.076 
(epoch: 25, iters: 1688, time: 0.483, data: 0.001) G_GAN_ViT: 0.328 D_real_ViT: 0.358 D_fake_ViT: 0.242 global: 0.350 spatial: 0.076 
(epoch: 25, iters: 1788, time: 0.483, data: 0.001) G_GAN_ViT: 0.416 D_real_ViT: 0.175 D_fake_ViT: 0.196 global: 0.324 spatial: 0.071 
(epoch: 25, iters: 1888, time: 0.483, data: 0.001) G_GAN_ViT: 0.504 D_real_ViT: 0.240 D_fake_ViT: 0.126 global: 0.417 spatial: 0.079 
(epoch: 25, iters: 1988, time: 0.484, data: 0.001) G_GAN_ViT: 0.436 D_real_ViT: 0.295 D_fake_ViT: 0.187 global: 0.512 spatial: 0.084 
(epoch: 25, iters: 2088, time: 0.484, data: 0.001) G_GAN_ViT: 0.382 D_real_ViT: 0.142 D_fake_ViT: 0.200 global: 0.427 spatial: 0.091 
(epoch: 25, iters: 2188, time: 0.484, data: 0.001) G_GAN_ViT: 0.500 D_real_ViT: 0.156 D_fake_ViT: 0.149 global: 0.435 spatial: 0.090 
(epoch: 25, iters: 2288, time: 0.483, data: 0.001) G_GAN_ViT: 0.553 D_real_ViT: 0.083 D_fake_ViT: 0.107 global: 0.439 spatial: 0.082 
(epoch: 25, iters: 2388, time: 0.483, data: 0.001) G_GAN_ViT: 0.253 D_real_ViT: 0.154 D_fake_ViT: 0.353 global: 0.400 spatial: 0.086 
(epoch: 25, iters: 2488, time: 0.483, data: 0.001) G_GAN_ViT: 0.424 D_real_ViT: 0.219 D_fake_ViT: 0.219 global: 0.492 spatial: 0.108 
(epoch: 25, iters: 2588, time: 0.483, data: 0.001) G_GAN_ViT: 0.520 D_real_ViT: 0.082 D_fake_ViT: 0.126 global: 0.473 spatial: 0.087 
(epoch: 25, iters: 2688, time: 0.483, data: 0.001) G_GAN_ViT: 0.406 D_real_ViT: 0.295 D_fake_ViT: 0.159 global: 0.286 spatial: 0.072 
(epoch: 25, iters: 2788, time: 0.483, data: 0.001) G_GAN_ViT: 0.535 D_real_ViT: 0.086 D_fake_ViT: 0.119 global: 0.417 spatial: 0.081 
(epoch: 25, iters: 2888, time: 0.483, data: 0.001) G_GAN_ViT: 0.444 D_real_ViT: 0.064 D_fake_ViT: 0.175 global: 0.450 spatial: 0.099 
(epoch: 25, iters: 2988, time: 0.482, data: 0.001) G_GAN_ViT: 0.403 D_real_ViT: 0.246 D_fake_ViT: 0.189 global: 0.304 spatial: 0.065 
(epoch: 25, iters: 3088, time: 0.483, data: 0.001) G_GAN_ViT: 0.406 D_real_ViT: 0.197 D_fake_ViT: 0.195 global: 0.325 spatial: 0.069 
(epoch: 25, iters: 3188, time: 0.483, data: 0.001) G_GAN_ViT: 0.580 D_real_ViT: 0.128 D_fake_ViT: 0.127 global: 0.352 spatial: 0.099 
(epoch: 25, iters: 3288, time: 0.483, data: 0.001) G_GAN_ViT: 0.577 D_real_ViT: 0.284 D_fake_ViT: 0.099 global: 0.456 spatial: 0.085 
(epoch: 25, iters: 3388, time: 0.483, data: 0.001) G_GAN_ViT: 0.342 D_real_ViT: 0.202 D_fake_ViT: 0.239 global: 0.397 spatial: 0.065 
(epoch: 25, iters: 3488, time: 0.483, data: 0.001) G_GAN_ViT: 0.321 D_real_ViT: 0.170 D_fake_ViT: 0.237 global: 0.396 spatial: 0.084 
(epoch: 25, iters: 3588, time: 0.483, data: 0.001) G_GAN_ViT: 0.336 D_real_ViT: 0.238 D_fake_ViT: 0.246 global: 0.417 spatial: 0.078 
(epoch: 25, iters: 3688, time: 0.482, data: 0.001) G_GAN_ViT: 0.492 D_real_ViT: 0.246 D_fake_ViT: 0.131 global: 0.293 spatial: 0.073 
(epoch: 25, iters: 3788, time: 0.482, data: 0.001) G_GAN_ViT: 0.450 D_real_ViT: 0.153 D_fake_ViT: 0.172 global: 0.324 spatial: 0.072 
(epoch: 25, iters: 3888, time: 0.482, data: 0.002) G_GAN_ViT: 0.363 D_real_ViT: 0.243 D_fake_ViT: 0.206 global: 0.436 spatial: 0.082 
(epoch: 25, iters: 3988, time: 0.482, data: 0.001) G_GAN_ViT: 0.330 D_real_ViT: 0.181 D_fake_ViT: 0.261 global: 0.365 spatial: 0.086 
(epoch: 25, iters: 4088, time: 0.482, data: 0.001) G_GAN_ViT: 0.486 D_real_ViT: 0.302 D_fake_ViT: 0.137 global: 0.435 spatial: 0.079 
(epoch: 25, iters: 4188, time: 0.482, data: 0.001) G_GAN_ViT: 0.479 D_real_ViT: 0.413 D_fake_ViT: 0.151 global: 0.429 spatial: 0.086 
(epoch: 25, iters: 4288, time: 0.482, data: 0.001) G_GAN_ViT: 0.295 D_real_ViT: 0.138 D_fake_ViT: 0.268 global: 0.394 spatial: 0.075 
(epoch: 25, iters: 4388, time: 0.483, data: 0.001) G_GAN_ViT: 0.407 D_real_ViT: 0.283 D_fake_ViT: 0.184 global: 0.378 spatial: 0.087 
(epoch: 25, iters: 4488, time: 0.483, data: 0.001) G_GAN_ViT: 0.341 D_real_ViT: 0.209 D_fake_ViT: 0.247 global: 0.333 spatial: 0.082 
(epoch: 25, iters: 4588, time: 0.483, data: 0.001) G_GAN_ViT: 0.341 D_real_ViT: 0.054 D_fake_ViT: 0.243 global: 0.377 spatial: 0.076 
(epoch: 25, iters: 4688, time: 0.483, data: 0.001) G_GAN_ViT: 0.536 D_real_ViT: 0.302 D_fake_ViT: 0.149 global: 0.347 spatial: 0.084 
(epoch: 25, iters: 4788, time: 0.482, data: 0.001) G_GAN_ViT: 0.467 D_real_ViT: 0.361 D_fake_ViT: 0.142 global: 0.475 spatial: 0.082 
(epoch: 25, iters: 4888, time: 0.482, data: 0.001) G_GAN_ViT: 0.411 D_real_ViT: 0.117 D_fake_ViT: 0.166 global: 0.365 spatial: 0.074 
saving the latest model (epoch 25, total_iters 160000)
ICL_single_traffic_hwy
(epoch: 25, iters: 4988, time: 0.482, data: 0.001) G_GAN_ViT: 0.407 D_real_ViT: 0.048 D_fake_ViT: 0.187 global: 0.444 spatial: 0.091 
(epoch: 25, iters: 5088, time: 0.482, data: 0.001) G_GAN_ViT: 0.568 D_real_ViT: 0.132 D_fake_ViT: 0.107 global: 0.337 spatial: 0.075 
(epoch: 25, iters: 5188, time: 0.482, data: 0.001) G_GAN_ViT: 0.333 D_real_ViT: 0.330 D_fake_ViT: 0.228 global: 0.504 spatial: 0.079 
(epoch: 25, iters: 5288, time: 0.482, data: 0.001) G_GAN_ViT: 0.306 D_real_ViT: 0.126 D_fake_ViT: 0.257 global: 0.520 spatial: 0.098 
(epoch: 25, iters: 5388, time: 0.482, data: 0.001) G_GAN_ViT: 0.529 D_real_ViT: 0.080 D_fake_ViT: 0.125 global: 0.325 spatial: 0.076 
(epoch: 25, iters: 5488, time: 0.482, data: 0.001) G_GAN_ViT: 0.418 D_real_ViT: 0.054 D_fake_ViT: 0.180 global: 0.391 spatial: 0.067 
(epoch: 25, iters: 5588, time: 0.482, data: 0.001) G_GAN_ViT: 0.512 D_real_ViT: 0.075 D_fake_ViT: 0.149 global: 0.385 spatial: 0.091 
(epoch: 25, iters: 5688, time: 0.483, data: 0.001) G_GAN_ViT: 0.315 D_real_ViT: 0.138 D_fake_ViT: 0.239 global: 0.386 spatial: 0.062 
(epoch: 25, iters: 5788, time: 0.483, data: 0.001) G_GAN_ViT: 0.452 D_real_ViT: 0.185 D_fake_ViT: 0.156 global: 0.381 spatial: 0.072 
(epoch: 25, iters: 5888, time: 0.481, data: 0.001) G_GAN_ViT: 0.499 D_real_ViT: 0.223 D_fake_ViT: 0.149 global: 0.399 spatial: 0.092 
(epoch: 25, iters: 5988, time: 0.482, data: 0.001) G_GAN_ViT: 0.391 D_real_ViT: 0.118 D_fake_ViT: 0.174 global: 0.461 spatial: 0.084 
(epoch: 25, iters: 6088, time: 0.482, data: 0.001) G_GAN_ViT: 0.366 D_real_ViT: 0.246 D_fake_ViT: 0.192 global: 0.393 spatial: 0.083 
(epoch: 25, iters: 6188, time: 0.483, data: 0.001) G_GAN_ViT: 0.464 D_real_ViT: 0.178 D_fake_ViT: 0.182 global: 0.454 spatial: 0.097 
(epoch: 25, iters: 6288, time: 0.483, data: 0.001) G_GAN_ViT: 0.520 D_real_ViT: 0.083 D_fake_ViT: 0.111 global: 0.293 spatial: 0.064 
(epoch: 25, iters: 6388, time: 0.483, data: 0.005) G_GAN_ViT: 0.320 D_real_ViT: 0.107 D_fake_ViT: 0.251 global: 0.447 spatial: 0.074 
saving the model at the end of epoch 25, iters 161575
End of epoch 25 / 100 	 Time Taken: 3131 sec
learning rate = 0.0000100
(epoch: 26, iters: 25, time: 0.483, data: 0.001) G_GAN_ViT: 0.391 D_real_ViT: 0.192 D_fake_ViT: 0.191 global: 0.408 spatial: 0.085 
(epoch: 26, iters: 125, time: 0.483, data: 0.001) G_GAN_ViT: 0.403 D_real_ViT: 0.310 D_fake_ViT: 0.179 global: 0.401 spatial: 0.080 
(epoch: 26, iters: 225, time: 0.483, data: 0.001) G_GAN_ViT: 0.348 D_real_ViT: 0.234 D_fake_ViT: 0.210 global: 0.514 spatial: 0.100 
(epoch: 26, iters: 325, time: 0.483, data: 0.001) G_GAN_ViT: 0.487 D_real_ViT: 0.170 D_fake_ViT: 0.158 global: 0.396 spatial: 0.095 
(epoch: 26, iters: 425, time: 0.483, data: 0.002) G_GAN_ViT: 0.328 D_real_ViT: 0.228 D_fake_ViT: 0.239 global: 0.466 spatial: 0.102 
(epoch: 26, iters: 525, time: 0.483, data: 0.001) G_GAN_ViT: 0.414 D_real_ViT: 0.298 D_fake_ViT: 0.184 global: 0.412 spatial: 0.088 
(epoch: 26, iters: 625, time: 0.483, data: 0.001) G_GAN_ViT: 0.464 D_real_ViT: 0.081 D_fake_ViT: 0.151 global: 0.391 spatial: 0.063 
(epoch: 26, iters: 725, time: 0.484, data: 0.001) G_GAN_ViT: 0.414 D_real_ViT: 0.207 D_fake_ViT: 0.183 global: 0.375 spatial: 0.098 
(epoch: 26, iters: 825, time: 0.484, data: 0.001) G_GAN_ViT: 0.462 D_real_ViT: 0.218 D_fake_ViT: 0.164 global: 0.351 spatial: 0.080 
(epoch: 26, iters: 925, time: 0.484, data: 0.001) G_GAN_ViT: 0.479 D_real_ViT: 0.089 D_fake_ViT: 0.144 global: 0.517 spatial: 0.095 
(epoch: 26, iters: 1025, time: 0.484, data: 0.001) G_GAN_ViT: 0.337 D_real_ViT: 0.228 D_fake_ViT: 0.253 global: 0.504 spatial: 0.093 
(epoch: 26, iters: 1125, time: 0.484, data: 0.001) G_GAN_ViT: 0.420 D_real_ViT: 0.214 D_fake_ViT: 0.168 global: 0.443 spatial: 0.091 
(epoch: 26, iters: 1225, time: 0.483, data: 0.002) G_GAN_ViT: 0.454 D_real_ViT: 0.148 D_fake_ViT: 0.150 global: 0.330 spatial: 0.069 
(epoch: 26, iters: 1325, time: 0.484, data: 0.001) G_GAN_ViT: 0.359 D_real_ViT: 0.271 D_fake_ViT: 0.213 global: 0.424 spatial: 0.083 
(epoch: 26, iters: 1425, time: 0.483, data: 0.001) G_GAN_ViT: 0.524 D_real_ViT: 0.206 D_fake_ViT: 0.150 global: 0.386 spatial: 0.087 
(epoch: 26, iters: 1525, time: 0.484, data: 0.001) G_GAN_ViT: 0.413 D_real_ViT: 0.097 D_fake_ViT: 0.202 global: 0.446 spatial: 0.093 
(epoch: 26, iters: 1625, time: 0.484, data: 0.001) G_GAN_ViT: 0.313 D_real_ViT: 0.179 D_fake_ViT: 0.242 global: 0.438 spatial: 0.078 
(epoch: 26, iters: 1725, time: 0.484, data: 0.001) G_GAN_ViT: 0.556 D_real_ViT: 0.130 D_fake_ViT: 0.104 global: 0.352 spatial: 0.086 
(epoch: 26, iters: 1825, time: 0.484, data: 0.001) G_GAN_ViT: 0.582 D_real_ViT: 0.168 D_fake_ViT: 0.087 global: 0.315 spatial: 0.065 
(epoch: 26, iters: 1925, time: 0.484, data: 0.001) G_GAN_ViT: 0.434 D_real_ViT: 0.260 D_fake_ViT: 0.162 global: 0.337 spatial: 0.066 
(epoch: 26, iters: 2025, time: 0.484, data: 0.001) G_GAN_ViT: 0.382 D_real_ViT: 0.138 D_fake_ViT: 0.203 global: 0.340 spatial: 0.079 
(epoch: 26, iters: 2125, time: 0.483, data: 0.001) G_GAN_ViT: 0.555 D_real_ViT: 0.255 D_fake_ViT: 0.110 global: 0.380 spatial: 0.083 
(epoch: 26, iters: 2225, time: 0.483, data: 0.001) G_GAN_ViT: 0.396 D_real_ViT: 0.260 D_fake_ViT: 0.183 global: 0.395 spatial: 0.081 
(epoch: 26, iters: 2325, time: 0.483, data: 0.001) G_GAN_ViT: 0.342 D_real_ViT: 0.294 D_fake_ViT: 0.235 global: 0.435 spatial: 0.083 
(epoch: 26, iters: 2425, time: 0.483, data: 0.001) G_GAN_ViT: 0.461 D_real_ViT: 0.228 D_fake_ViT: 0.156 global: 0.315 spatial: 0.076 
(epoch: 26, iters: 2525, time: 0.483, data: 0.001) G_GAN_ViT: 0.476 D_real_ViT: 0.060 D_fake_ViT: 0.162 global: 0.287 spatial: 0.063 
(epoch: 26, iters: 2625, time: 0.484, data: 0.001) G_GAN_ViT: 0.425 D_real_ViT: 0.087 D_fake_ViT: 0.202 global: 0.327 spatial: 0.079 
(epoch: 26, iters: 2725, time: 0.484, data: 0.001) G_GAN_ViT: 0.354 D_real_ViT: 0.129 D_fake_ViT: 0.226 global: 0.477 spatial: 0.151 
(epoch: 26, iters: 2825, time: 0.485, data: 0.001) G_GAN_ViT: 0.373 D_real_ViT: 0.191 D_fake_ViT: 0.204 global: 0.454 spatial: 0.096 
(epoch: 26, iters: 2925, time: 0.485, data: 0.001) G_GAN_ViT: 0.510 D_real_ViT: 0.238 D_fake_ViT: 0.128 global: 0.534 spatial: 0.106 
(epoch: 26, iters: 3025, time: 0.485, data: 0.001) G_GAN_ViT: 0.315 D_real_ViT: 0.220 D_fake_ViT: 0.246 global: 0.475 spatial: 0.090 
(epoch: 26, iters: 3125, time: 0.484, data: 0.001) G_GAN_ViT: 0.448 D_real_ViT: 0.216 D_fake_ViT: 0.156 global: 0.366 spatial: 0.089 
(epoch: 26, iters: 3225, time: 0.484, data: 0.002) G_GAN_ViT: 0.246 D_real_ViT: 0.200 D_fake_ViT: 0.345 global: 0.418 spatial: 0.084 
(epoch: 26, iters: 3325, time: 0.483, data: 0.001) G_GAN_ViT: 0.502 D_real_ViT: 0.217 D_fake_ViT: 0.130 global: 0.409 spatial: 0.079 
(epoch: 26, iters: 3425, time: 0.483, data: 0.001) G_GAN_ViT: 0.359 D_real_ViT: 0.186 D_fake_ViT: 0.215 global: 0.402 spatial: 0.088 
saving the latest model (epoch 26, total_iters 165000)
ICL_single_traffic_hwy
(epoch: 26, iters: 3525, time: 0.483, data: 0.001) G_GAN_ViT: 0.407 D_real_ViT: 0.158 D_fake_ViT: 0.172 global: 0.422 spatial: 0.086 
(epoch: 26, iters: 3625, time: 0.483, data: 0.001) G_GAN_ViT: 0.328 D_real_ViT: 0.181 D_fake_ViT: 0.255 global: 0.351 spatial: 0.072 
(epoch: 26, iters: 3725, time: 0.483, data: 0.001) G_GAN_ViT: 0.480 D_real_ViT: 0.216 D_fake_ViT: 0.156 global: 0.448 spatial: 0.101 
(epoch: 26, iters: 3825, time: 0.484, data: 0.001) G_GAN_ViT: 0.331 D_real_ViT: 0.291 D_fake_ViT: 0.225 global: 0.366 spatial: 0.074 
(epoch: 26, iters: 3925, time: 0.484, data: 0.001) G_GAN_ViT: 0.410 D_real_ViT: 0.242 D_fake_ViT: 0.187 global: 0.522 spatial: 0.104 
(epoch: 26, iters: 4025, time: 0.484, data: 0.001) G_GAN_ViT: 0.277 D_real_ViT: 0.186 D_fake_ViT: 0.278 global: 0.447 spatial: 0.093 
(epoch: 26, iters: 4125, time: 0.484, data: 0.001) G_GAN_ViT: 0.451 D_real_ViT: 0.213 D_fake_ViT: 0.168 global: 0.519 spatial: 0.091 
(epoch: 26, iters: 4225, time: 0.484, data: 0.001) G_GAN_ViT: 0.327 D_real_ViT: 0.223 D_fake_ViT: 0.224 global: 0.471 spatial: 0.079 
(epoch: 26, iters: 4325, time: 0.483, data: 0.001) G_GAN_ViT: 0.343 D_real_ViT: 0.204 D_fake_ViT: 0.212 global: 0.349 spatial: 0.064 
(epoch: 26, iters: 4425, time: 0.483, data: 0.001) G_GAN_ViT: 0.261 D_real_ViT: 0.069 D_fake_ViT: 0.329 global: 0.490 spatial: 0.076 
(epoch: 26, iters: 4525, time: 0.482, data: 0.001) G_GAN_ViT: 0.419 D_real_ViT: 0.221 D_fake_ViT: 0.166 global: 0.416 spatial: 0.091 
(epoch: 26, iters: 4625, time: 0.482, data: 0.001) G_GAN_ViT: 0.377 D_real_ViT: 0.212 D_fake_ViT: 0.213 global: 0.533 spatial: 0.098 
(epoch: 26, iters: 4725, time: 0.483, data: 0.001) G_GAN_ViT: 0.552 D_real_ViT: 0.144 D_fake_ViT: 0.114 global: 0.338 spatial: 0.082 
(epoch: 26, iters: 4825, time: 0.485, data: 0.001) G_GAN_ViT: 0.509 D_real_ViT: 0.181 D_fake_ViT: 0.125 global: 0.386 spatial: 0.072 
(epoch: 26, iters: 4925, time: 0.486, data: 0.001) G_GAN_ViT: 0.469 D_real_ViT: 0.129 D_fake_ViT: 0.144 global: 0.413 spatial: 0.080 
(epoch: 26, iters: 5025, time: 0.487, data: 0.001) G_GAN_ViT: 0.567 D_real_ViT: 0.113 D_fake_ViT: 0.117 global: 0.282 spatial: 0.069 
(epoch: 26, iters: 5125, time: 0.487, data: 0.001) G_GAN_ViT: 0.449 D_real_ViT: 0.103 D_fake_ViT: 0.173 global: 0.405 spatial: 0.075 
(epoch: 26, iters: 5225, time: 0.487, data: 0.001) G_GAN_ViT: 0.492 D_real_ViT: 0.224 D_fake_ViT: 0.139 global: 0.459 spatial: 0.080 
(epoch: 26, iters: 5325, time: 0.487, data: 0.001) G_GAN_ViT: 0.503 D_real_ViT: 0.162 D_fake_ViT: 0.168 global: 0.533 spatial: 0.092 
(epoch: 26, iters: 5425, time: 0.488, data: 0.001) G_GAN_ViT: 0.441 D_real_ViT: 0.252 D_fake_ViT: 0.161 global: 0.388 spatial: 0.071 
(epoch: 26, iters: 5525, time: 0.488, data: 0.001) G_GAN_ViT: 0.585 D_real_ViT: 0.221 D_fake_ViT: 0.080 global: 0.333 spatial: 0.074 
(epoch: 26, iters: 5625, time: 0.488, data: 0.001) G_GAN_ViT: 0.359 D_real_ViT: 0.291 D_fake_ViT: 0.233 global: 0.402 spatial: 0.089 
(epoch: 26, iters: 5725, time: 0.488, data: 0.001) G_GAN_ViT: 0.479 D_real_ViT: 0.176 D_fake_ViT: 0.138 global: 0.462 spatial: 0.085 
(epoch: 26, iters: 5825, time: 0.487, data: 0.001) G_GAN_ViT: 0.566 D_real_ViT: 0.147 D_fake_ViT: 0.116 global: 0.595 spatial: 0.083 
(epoch: 26, iters: 5925, time: 0.487, data: 0.001) G_GAN_ViT: 0.434 D_real_ViT: 0.257 D_fake_ViT: 0.168 global: 0.496 spatial: 0.100 
(epoch: 26, iters: 6025, time: 0.487, data: 0.001) G_GAN_ViT: 0.489 D_real_ViT: 0.132 D_fake_ViT: 0.178 global: 0.394 spatial: 0.094 
(epoch: 26, iters: 6125, time: 0.487, data: 0.001) G_GAN_ViT: 0.382 D_real_ViT: 0.105 D_fake_ViT: 0.212 global: 0.461 spatial: 0.096 
(epoch: 26, iters: 6225, time: 0.487, data: 0.001) G_GAN_ViT: 0.486 D_real_ViT: 0.156 D_fake_ViT: 0.147 global: 0.317 spatial: 0.070 
(epoch: 26, iters: 6325, time: 0.487, data: 0.001) G_GAN_ViT: 0.359 D_real_ViT: 0.246 D_fake_ViT: 0.233 global: 0.341 spatial: 0.069 
(epoch: 26, iters: 6425, time: 0.487, data: 0.001) G_GAN_ViT: 0.448 D_real_ViT: 0.239 D_fake_ViT: 0.160 global: 0.405 spatial: 0.075 
End of epoch 26 / 100 	 Time Taken: 3141 sec
learning rate = 0.0000100
(epoch: 27, iters: 62, time: 0.486, data: 0.001) G_GAN_ViT: 0.339 D_real_ViT: 0.069 D_fake_ViT: 0.243 global: 0.473 spatial: 0.103 
(epoch: 27, iters: 162, time: 0.485, data: 0.001) G_GAN_ViT: 0.388 D_real_ViT: 0.269 D_fake_ViT: 0.183 global: 0.397 spatial: 0.085 
(epoch: 27, iters: 262, time: 0.485, data: 0.002) G_GAN_ViT: 0.462 D_real_ViT: 0.180 D_fake_ViT: 0.143 global: 0.543 spatial: 0.084 
(epoch: 27, iters: 362, time: 0.485, data: 0.002) G_GAN_ViT: 0.490 D_real_ViT: 0.194 D_fake_ViT: 0.162 global: 0.356 spatial: 0.080 
(epoch: 27, iters: 462, time: 0.485, data: 0.002) G_GAN_ViT: 0.451 D_real_ViT: 0.189 D_fake_ViT: 0.194 global: 0.355 spatial: 0.090 
(epoch: 27, iters: 562, time: 0.486, data: 0.001) G_GAN_ViT: 0.384 D_real_ViT: 0.291 D_fake_ViT: 0.207 global: 0.536 spatial: 0.094 
(epoch: 27, iters: 662, time: 0.486, data: 0.001) G_GAN_ViT: 0.488 D_real_ViT: 0.115 D_fake_ViT: 0.143 global: 0.330 spatial: 0.073 
(epoch: 27, iters: 762, time: 0.487, data: 0.001) G_GAN_ViT: 0.268 D_real_ViT: 0.165 D_fake_ViT: 0.323 global: 0.432 spatial: 0.084 
(epoch: 27, iters: 862, time: 0.487, data: 0.002) G_GAN_ViT: 0.379 D_real_ViT: 0.167 D_fake_ViT: 0.208 global: 0.518 spatial: 0.092 
(epoch: 27, iters: 962, time: 0.487, data: 0.002) G_GAN_ViT: 0.319 D_real_ViT: 0.161 D_fake_ViT: 0.235 global: 0.484 spatial: 0.101 
(epoch: 27, iters: 1062, time: 0.487, data: 0.001) G_GAN_ViT: 0.374 D_real_ViT: 0.062 D_fake_ViT: 0.210 global: 0.363 spatial: 0.077 
(epoch: 27, iters: 1162, time: 0.487, data: 0.001) G_GAN_ViT: 0.595 D_real_ViT: 0.244 D_fake_ViT: 0.107 global: 0.380 spatial: 0.097 
(epoch: 27, iters: 1262, time: 0.485, data: 0.001) G_GAN_ViT: 0.357 D_real_ViT: 0.180 D_fake_ViT: 0.221 global: 0.481 spatial: 0.086 
(epoch: 27, iters: 1362, time: 0.484, data: 0.001) G_GAN_ViT: 0.495 D_real_ViT: 0.186 D_fake_ViT: 0.144 global: 0.312 spatial: 0.073 
(epoch: 27, iters: 1462, time: 0.483, data: 0.002) G_GAN_ViT: 0.439 D_real_ViT: 0.239 D_fake_ViT: 0.179 global: 0.295 spatial: 0.071 
(epoch: 27, iters: 1562, time: 0.483, data: 0.001) G_GAN_ViT: 0.562 D_real_ViT: 0.107 D_fake_ViT: 0.106 global: 0.447 spatial: 0.082 
(epoch: 27, iters: 1662, time: 0.482, data: 0.002) G_GAN_ViT: 0.435 D_real_ViT: 0.202 D_fake_ViT: 0.158 global: 0.392 spatial: 0.067 
(epoch: 27, iters: 1762, time: 0.482, data: 0.002) G_GAN_ViT: 0.535 D_real_ViT: 0.207 D_fake_ViT: 0.124 global: 0.383 spatial: 0.075 
(epoch: 27, iters: 1862, time: 0.480, data: 0.001) G_GAN_ViT: 0.446 D_real_ViT: 0.212 D_fake_ViT: 0.148 global: 0.431 spatial: 0.093 
(epoch: 27, iters: 1962, time: 0.481, data: 0.001) G_GAN_ViT: 0.417 D_real_ViT: 0.281 D_fake_ViT: 0.169 global: 0.399 spatial: 0.073 
saving the latest model (epoch 27, total_iters 170000)
ICL_single_traffic_hwy
(epoch: 27, iters: 2062, time: 0.481, data: 0.001) G_GAN_ViT: 0.411 D_real_ViT: 0.083 D_fake_ViT: 0.194 global: 0.495 spatial: 0.094 
(epoch: 27, iters: 2162, time: 0.482, data: 0.001) G_GAN_ViT: 0.517 D_real_ViT: 0.325 D_fake_ViT: 0.118 global: 0.419 spatial: 0.081 
(epoch: 27, iters: 2262, time: 0.482, data: 0.001) G_GAN_ViT: 0.386 D_real_ViT: 0.326 D_fake_ViT: 0.197 global: 0.415 spatial: 0.088 
(epoch: 27, iters: 2362, time: 0.483, data: 0.001) G_GAN_ViT: 0.457 D_real_ViT: 0.158 D_fake_ViT: 0.167 global: 0.319 spatial: 0.070 
(epoch: 27, iters: 2462, time: 0.483, data: 0.002) G_GAN_ViT: 0.398 D_real_ViT: 0.335 D_fake_ViT: 0.186 global: 0.329 spatial: 0.072 
(epoch: 27, iters: 2562, time: 0.483, data: 0.002) G_GAN_ViT: 0.415 D_real_ViT: 0.186 D_fake_ViT: 0.172 global: 0.384 spatial: 0.067 
(epoch: 27, iters: 2662, time: 0.483, data: 0.001) G_GAN_ViT: 0.382 D_real_ViT: 0.134 D_fake_ViT: 0.194 global: 0.372 spatial: 0.087 
(epoch: 27, iters: 2762, time: 0.483, data: 0.001) G_GAN_ViT: 0.461 D_real_ViT: 0.259 D_fake_ViT: 0.153 global: 0.413 spatial: 0.085 
(epoch: 27, iters: 2862, time: 0.482, data: 0.002) G_GAN_ViT: 0.481 D_real_ViT: 0.161 D_fake_ViT: 0.162 global: 0.382 spatial: 0.082 
(epoch: 27, iters: 2962, time: 0.483, data: 0.002) G_GAN_ViT: 0.270 D_real_ViT: 0.267 D_fake_ViT: 0.299 global: 0.445 spatial: 0.092 
(epoch: 27, iters: 3062, time: 0.481, data: 0.002) G_GAN_ViT: 0.369 D_real_ViT: 0.331 D_fake_ViT: 0.210 global: 0.369 spatial: 0.087 
(epoch: 27, iters: 3162, time: 0.482, data: 0.001) G_GAN_ViT: 0.291 D_real_ViT: 0.273 D_fake_ViT: 0.261 global: 0.471 spatial: 0.090 
(epoch: 27, iters: 3262, time: 0.481, data: 0.001) G_GAN_ViT: 0.440 D_real_ViT: 0.253 D_fake_ViT: 0.164 global: 0.425 spatial: 0.073 
(epoch: 27, iters: 3362, time: 0.482, data: 0.001) G_GAN_ViT: 0.430 D_real_ViT: 0.273 D_fake_ViT: 0.175 global: 0.442 spatial: 0.087 
(epoch: 27, iters: 3462, time: 0.482, data: 0.001) G_GAN_ViT: 0.380 D_real_ViT: 0.365 D_fake_ViT: 0.222 global: 0.459 spatial: 0.104 
(epoch: 27, iters: 3562, time: 0.483, data: 0.001) G_GAN_ViT: 0.370 D_real_ViT: 0.321 D_fake_ViT: 0.205 global: 0.288 spatial: 0.065 
(epoch: 27, iters: 3662, time: 0.482, data: 0.001) G_GAN_ViT: 0.519 D_real_ViT: 0.230 D_fake_ViT: 0.120 global: 0.395 spatial: 0.069 
(epoch: 27, iters: 3762, time: 0.482, data: 0.001) G_GAN_ViT: 0.297 D_real_ViT: 0.161 D_fake_ViT: 0.270 global: 0.524 spatial: 0.096 
(epoch: 27, iters: 3862, time: 0.482, data: 0.001) G_GAN_ViT: 0.451 D_real_ViT: 0.229 D_fake_ViT: 0.155 global: 0.512 spatial: 0.087 
(epoch: 27, iters: 3962, time: 0.482, data: 0.002) G_GAN_ViT: 0.514 D_real_ViT: 0.293 D_fake_ViT: 0.149 global: 0.484 spatial: 0.102 
(epoch: 27, iters: 4062, time: 0.482, data: 0.001) G_GAN_ViT: 0.461 D_real_ViT: 0.263 D_fake_ViT: 0.153 global: 0.435 spatial: 0.089 
(epoch: 27, iters: 4162, time: 0.483, data: 0.001) G_GAN_ViT: 0.488 D_real_ViT: 0.184 D_fake_ViT: 0.133 global: 0.385 spatial: 0.072 
(epoch: 27, iters: 4262, time: 0.482, data: 0.001) G_GAN_ViT: 0.346 D_real_ViT: 0.100 D_fake_ViT: 0.248 global: 0.417 spatial: 0.067 
(epoch: 27, iters: 4362, time: 0.483, data: 0.001) G_GAN_ViT: 0.469 D_real_ViT: 0.208 D_fake_ViT: 0.170 global: 0.479 spatial: 0.098 
(epoch: 27, iters: 4462, time: 0.483, data: 0.001) G_GAN_ViT: 0.477 D_real_ViT: 0.179 D_fake_ViT: 0.142 global: 0.406 spatial: 0.084 
(epoch: 27, iters: 4562, time: 0.483, data: 0.001) G_GAN_ViT: 0.434 D_real_ViT: 0.286 D_fake_ViT: 0.171 global: 0.289 spatial: 0.081 
(epoch: 27, iters: 4662, time: 0.483, data: 0.001) G_GAN_ViT: 0.516 D_real_ViT: 0.120 D_fake_ViT: 0.140 global: 0.352 spatial: 0.099 
(epoch: 27, iters: 4762, time: 0.483, data: 0.001) G_GAN_ViT: 0.311 D_real_ViT: 0.337 D_fake_ViT: 0.274 global: 0.486 spatial: 0.102 
(epoch: 27, iters: 4862, time: 0.483, data: 0.002) G_GAN_ViT: 0.321 D_real_ViT: 0.219 D_fake_ViT: 0.242 global: 0.411 spatial: 0.084 
(epoch: 27, iters: 4962, time: 0.483, data: 0.001) G_GAN_ViT: 0.427 D_real_ViT: 0.205 D_fake_ViT: 0.165 global: 0.381 spatial: 0.075 
(epoch: 27, iters: 5062, time: 0.483, data: 0.001) G_GAN_ViT: 0.464 D_real_ViT: 0.135 D_fake_ViT: 0.154 global: 0.546 spatial: 0.092 
(epoch: 27, iters: 5162, time: 0.482, data: 0.001) G_GAN_ViT: 0.346 D_real_ViT: 0.197 D_fake_ViT: 0.219 global: 0.450 spatial: 0.092 
(epoch: 27, iters: 5262, time: 0.482, data: 0.001) G_GAN_ViT: 0.355 D_real_ViT: 0.228 D_fake_ViT: 0.220 global: 0.547 spatial: 0.111 
(epoch: 27, iters: 5362, time: 0.483, data: 0.001) G_GAN_ViT: 0.462 D_real_ViT: 0.081 D_fake_ViT: 0.148 global: 0.429 spatial: 0.074 
(epoch: 27, iters: 5462, time: 0.483, data: 0.001) G_GAN_ViT: 0.396 D_real_ViT: 0.247 D_fake_ViT: 0.201 global: 0.371 spatial: 0.076 
(epoch: 27, iters: 5562, time: 0.483, data: 0.001) G_GAN_ViT: 0.562 D_real_ViT: 0.249 D_fake_ViT: 0.123 global: 0.335 spatial: 0.080 
(epoch: 27, iters: 5662, time: 0.483, data: 0.001) G_GAN_ViT: 0.394 D_real_ViT: 0.119 D_fake_ViT: 0.202 global: 0.352 spatial: 0.072 
(epoch: 27, iters: 5762, time: 0.483, data: 0.001) G_GAN_ViT: 0.531 D_real_ViT: 0.142 D_fake_ViT: 0.163 global: 0.419 spatial: 0.091 
(epoch: 27, iters: 5862, time: 0.483, data: 0.001) G_GAN_ViT: 0.474 D_real_ViT: 0.177 D_fake_ViT: 0.148 global: 0.432 spatial: 0.078 
(epoch: 27, iters: 5962, time: 0.483, data: 0.001) G_GAN_ViT: 0.317 D_real_ViT: 0.101 D_fake_ViT: 0.246 global: 0.443 spatial: 0.088 
(epoch: 27, iters: 6062, time: 0.483, data: 0.002) G_GAN_ViT: 0.564 D_real_ViT: 0.406 D_fake_ViT: 0.108 global: 0.339 spatial: 0.075 
(epoch: 27, iters: 6162, time: 0.484, data: 0.001) G_GAN_ViT: 0.386 D_real_ViT: 0.359 D_fake_ViT: 0.194 global: 0.280 spatial: 0.064 
(epoch: 27, iters: 6262, time: 0.484, data: 0.002) G_GAN_ViT: 0.457 D_real_ViT: 0.360 D_fake_ViT: 0.156 global: 0.537 spatial: 0.095 
(epoch: 27, iters: 6362, time: 0.484, data: 0.001) G_GAN_ViT: 0.398 D_real_ViT: 0.224 D_fake_ViT: 0.203 global: 0.416 spatial: 0.084 
(epoch: 27, iters: 6462, time: 0.484, data: 0.001) G_GAN_ViT: 0.294 D_real_ViT: 0.210 D_fake_ViT: 0.264 global: 0.399 spatial: 0.068 
End of epoch 27 / 100 	 Time Taken: 3134 sec
learning rate = 0.0000100
(epoch: 28, iters: 99, time: 0.484, data: 0.001) G_GAN_ViT: 0.485 D_real_ViT: 0.186 D_fake_ViT: 0.138 global: 0.401 spatial: 0.081 
(epoch: 28, iters: 199, time: 0.484, data: 0.001) G_GAN_ViT: 0.412 D_real_ViT: 0.246 D_fake_ViT: 0.170 global: 0.502 spatial: 0.107 
(epoch: 28, iters: 299, time: 0.484, data: 0.001) G_GAN_ViT: 0.430 D_real_ViT: 0.291 D_fake_ViT: 0.159 global: 0.408 spatial: 0.094 
(epoch: 28, iters: 399, time: 0.483, data: 0.002) G_GAN_ViT: 0.358 D_real_ViT: 0.233 D_fake_ViT: 0.212 global: 0.404 spatial: 0.068 
(epoch: 28, iters: 499, time: 0.483, data: 0.001) G_GAN_ViT: 0.391 D_real_ViT: 0.256 D_fake_ViT: 0.186 global: 0.440 spatial: 0.088 
saving the latest model (epoch 28, total_iters 175000)
ICL_single_traffic_hwy
(epoch: 28, iters: 599, time: 0.484, data: 0.002) G_GAN_ViT: 0.340 D_real_ViT: 0.202 D_fake_ViT: 0.222 global: 0.504 spatial: 0.095 
(epoch: 28, iters: 699, time: 0.485, data: 0.001) G_GAN_ViT: 0.317 D_real_ViT: 0.325 D_fake_ViT: 0.229 global: 0.406 spatial: 0.073 
(epoch: 28, iters: 799, time: 0.486, data: 0.002) G_GAN_ViT: 0.504 D_real_ViT: 0.215 D_fake_ViT: 0.122 global: 0.412 spatial: 0.078 
(epoch: 28, iters: 899, time: 0.486, data: 0.002) G_GAN_ViT: 0.393 D_real_ViT: 0.285 D_fake_ViT: 0.225 global: 0.469 spatial: 0.119 
(epoch: 28, iters: 999, time: 0.486, data: 0.001) G_GAN_ViT: 0.431 D_real_ViT: 0.181 D_fake_ViT: 0.173 global: 0.415 spatial: 0.072 
(epoch: 28, iters: 1099, time: 0.486, data: 0.001) G_GAN_ViT: 0.355 D_real_ViT: 0.094 D_fake_ViT: 0.234 global: 0.526 spatial: 0.089 
(epoch: 28, iters: 1199, time: 0.487, data: 0.001) G_GAN_ViT: 0.404 D_real_ViT: 0.251 D_fake_ViT: 0.176 global: 0.379 spatial: 0.079 
(epoch: 28, iters: 1299, time: 0.487, data: 0.002) G_GAN_ViT: 0.440 D_real_ViT: 0.267 D_fake_ViT: 0.162 global: 0.379 spatial: 0.086 
(epoch: 28, iters: 1399, time: 0.487, data: 0.001) G_GAN_ViT: 0.399 D_real_ViT: 0.067 D_fake_ViT: 0.210 global: 0.374 spatial: 0.077 
(epoch: 28, iters: 1499, time: 0.487, data: 0.001) G_GAN_ViT: 0.583 D_real_ViT: 0.258 D_fake_ViT: 0.098 global: 0.305 spatial: 0.067 
(epoch: 28, iters: 1599, time: 0.487, data: 0.001) G_GAN_ViT: 0.487 D_real_ViT: 0.232 D_fake_ViT: 0.190 global: 0.385 spatial: 0.096 
(epoch: 28, iters: 1699, time: 0.486, data: 0.001) G_GAN_ViT: 0.358 D_real_ViT: 0.117 D_fake_ViT: 0.208 global: 0.446 spatial: 0.094 
(epoch: 28, iters: 1799, time: 0.486, data: 0.001) G_GAN_ViT: 0.487 D_real_ViT: 0.090 D_fake_ViT: 0.138 global: 0.345 spatial: 0.079 
(epoch: 28, iters: 1899, time: 0.486, data: 0.002) G_GAN_ViT: 0.438 D_real_ViT: 0.257 D_fake_ViT: 0.144 global: 0.409 spatial: 0.084 
(epoch: 28, iters: 1999, time: 0.486, data: 0.001) G_GAN_ViT: 0.397 D_real_ViT: 0.146 D_fake_ViT: 0.213 global: 0.576 spatial: 0.109 
(epoch: 28, iters: 2099, time: 0.486, data: 0.001) G_GAN_ViT: 0.344 D_real_ViT: 0.089 D_fake_ViT: 0.255 global: 0.495 spatial: 0.095 
(epoch: 28, iters: 2199, time: 0.486, data: 0.001) G_GAN_ViT: 0.453 D_real_ViT: 0.250 D_fake_ViT: 0.150 global: 0.542 spatial: 0.087 
(epoch: 28, iters: 2299, time: 0.486, data: 0.001) G_GAN_ViT: 0.338 D_real_ViT: 0.256 D_fake_ViT: 0.225 global: 0.496 spatial: 0.085 
(epoch: 28, iters: 2399, time: 0.486, data: 0.001) G_GAN_ViT: 0.428 D_real_ViT: 0.164 D_fake_ViT: 0.179 global: 0.577 spatial: 0.098 
(epoch: 28, iters: 2499, time: 0.486, data: 0.001) G_GAN_ViT: 0.400 D_real_ViT: 0.141 D_fake_ViT: 0.184 global: 0.351 spatial: 0.080 
(epoch: 28, iters: 2599, time: 0.486, data: 0.001) G_GAN_ViT: 0.360 D_real_ViT: 0.148 D_fake_ViT: 0.210 global: 0.405 spatial: 0.065 
(epoch: 28, iters: 2699, time: 0.487, data: 0.001) G_GAN_ViT: 0.483 D_real_ViT: 0.169 D_fake_ViT: 0.169 global: 0.441 spatial: 0.096 
(epoch: 28, iters: 2799, time: 0.486, data: 0.001) G_GAN_ViT: 0.441 D_real_ViT: 0.128 D_fake_ViT: 0.195 global: 0.331 spatial: 0.083 
(epoch: 28, iters: 2899, time: 0.486, data: 0.001) G_GAN_ViT: 0.390 D_real_ViT: 0.279 D_fake_ViT: 0.185 global: 0.362 spatial: 0.072 
(epoch: 28, iters: 2999, time: 0.487, data: 0.001) G_GAN_ViT: 0.383 D_real_ViT: 0.198 D_fake_ViT: 0.203 global: 0.410 spatial: 0.092 
(epoch: 28, iters: 3099, time: 0.487, data: 0.001) G_GAN_ViT: 0.482 D_real_ViT: 0.437 D_fake_ViT: 0.131 global: 0.380 spatial: 0.081 
(epoch: 28, iters: 3199, time: 0.487, data: 0.001) G_GAN_ViT: 0.257 D_real_ViT: 0.279 D_fake_ViT: 0.289 global: 0.413 spatial: 0.075 
(epoch: 28, iters: 3299, time: 0.487, data: 0.001) G_GAN_ViT: 0.425 D_real_ViT: 0.189 D_fake_ViT: 0.204 global: 0.481 spatial: 0.101 
(epoch: 28, iters: 3399, time: 0.487, data: 0.001) G_GAN_ViT: 0.390 D_real_ViT: 0.098 D_fake_ViT: 0.200 global: 0.424 spatial: 0.090 
(epoch: 28, iters: 3499, time: 0.487, data: 0.001) G_GAN_ViT: 0.376 D_real_ViT: 0.258 D_fake_ViT: 0.207 global: 0.473 spatial: 0.099 
(epoch: 28, iters: 3599, time: 0.487, data: 0.001) G_GAN_ViT: 0.600 D_real_ViT: 0.133 D_fake_ViT: 0.082 global: 0.397 spatial: 0.084 
(epoch: 28, iters: 3699, time: 0.487, data: 0.001) G_GAN_ViT: 0.377 D_real_ViT: 0.127 D_fake_ViT: 0.221 global: 0.433 spatial: 0.106 
(epoch: 28, iters: 3799, time: 0.487, data: 0.001) G_GAN_ViT: 0.438 D_real_ViT: 0.242 D_fake_ViT: 0.180 global: 0.473 spatial: 0.079 
(epoch: 28, iters: 3899, time: 0.487, data: 0.001) G_GAN_ViT: 0.465 D_real_ViT: 0.247 D_fake_ViT: 0.131 global: 0.517 spatial: 0.078 
(epoch: 28, iters: 3999, time: 0.486, data: 0.001) G_GAN_ViT: 0.341 D_real_ViT: 0.255 D_fake_ViT: 0.228 global: 0.403 spatial: 0.074 
(epoch: 28, iters: 4099, time: 0.487, data: 0.001) G_GAN_ViT: 0.364 D_real_ViT: 0.133 D_fake_ViT: 0.194 global: 0.511 spatial: 0.078 
(epoch: 28, iters: 4199, time: 0.487, data: 0.001) G_GAN_ViT: 0.573 D_real_ViT: 0.323 D_fake_ViT: 0.100 global: 0.479 spatial: 0.086 
(epoch: 28, iters: 4299, time: 0.487, data: 0.001) G_GAN_ViT: 0.408 D_real_ViT: 0.257 D_fake_ViT: 0.187 global: 0.427 spatial: 0.085 
(epoch: 28, iters: 4399, time: 0.487, data: 0.001) G_GAN_ViT: 0.420 D_real_ViT: 0.249 D_fake_ViT: 0.221 global: 0.442 spatial: 0.106 
(epoch: 28, iters: 4499, time: 0.486, data: 0.001) G_GAN_ViT: 0.389 D_real_ViT: 0.179 D_fake_ViT: 0.191 global: 0.401 spatial: 0.084 
(epoch: 28, iters: 4599, time: 0.486, data: 0.001) G_GAN_ViT: 0.485 D_real_ViT: 0.186 D_fake_ViT: 0.134 global: 0.285 spatial: 0.054 
(epoch: 28, iters: 4699, time: 0.486, data: 0.001) G_GAN_ViT: 0.516 D_real_ViT: 0.151 D_fake_ViT: 0.125 global: 0.298 spatial: 0.063 
(epoch: 28, iters: 4799, time: 0.486, data: 0.001) G_GAN_ViT: 0.388 D_real_ViT: 0.245 D_fake_ViT: 0.199 global: 0.329 spatial: 0.069 
(epoch: 28, iters: 4899, time: 0.487, data: 0.001) G_GAN_ViT: 0.353 D_real_ViT: 0.313 D_fake_ViT: 0.212 global: 0.436 spatial: 0.067 
(epoch: 28, iters: 4999, time: 0.487, data: 0.001) G_GAN_ViT: 0.354 D_real_ViT: 0.100 D_fake_ViT: 0.266 global: 0.407 spatial: 0.111 
(epoch: 28, iters: 5099, time: 0.487, data: 0.002) G_GAN_ViT: 0.503 D_real_ViT: 0.323 D_fake_ViT: 0.140 global: 0.368 spatial: 0.086 
(epoch: 28, iters: 5199, time: 0.487, data: 0.001) G_GAN_ViT: 0.361 D_real_ViT: 0.269 D_fake_ViT: 0.224 global: 0.451 spatial: 0.083 
(epoch: 28, iters: 5299, time: 0.486, data: 0.002) G_GAN_ViT: 0.473 D_real_ViT: 0.214 D_fake_ViT: 0.163 global: 0.423 spatial: 0.094 
(epoch: 28, iters: 5399, time: 0.486, data: 0.001) G_GAN_ViT: 0.383 D_real_ViT: 0.159 D_fake_ViT: 0.221 global: 0.434 spatial: 0.096 
(epoch: 28, iters: 5499, time: 0.486, data: 0.002) G_GAN_ViT: 0.390 D_real_ViT: 0.225 D_fake_ViT: 0.192 global: 0.442 spatial: 0.090 
saving the latest model (epoch 28, total_iters 180000)
ICL_single_traffic_hwy
(epoch: 28, iters: 5599, time: 0.486, data: 0.002) G_GAN_ViT: 0.473 D_real_ViT: 0.117 D_fake_ViT: 0.152 global: 0.501 spatial: 0.086 
(epoch: 28, iters: 5699, time: 0.486, data: 0.001) G_GAN_ViT: 0.432 D_real_ViT: 0.137 D_fake_ViT: 0.196 global: 0.568 spatial: 0.100 
(epoch: 28, iters: 5799, time: 0.487, data: 0.001) G_GAN_ViT: 0.600 D_real_ViT: 0.189 D_fake_ViT: 0.100 global: 0.482 spatial: 0.091 
(epoch: 28, iters: 5899, time: 0.487, data: 0.001) G_GAN_ViT: 0.380 D_real_ViT: 0.281 D_fake_ViT: 0.193 global: 0.349 spatial: 0.072 
(epoch: 28, iters: 5999, time: 0.487, data: 0.001) G_GAN_ViT: 0.307 D_real_ViT: 0.187 D_fake_ViT: 0.238 global: 0.425 spatial: 0.091 
(epoch: 28, iters: 6099, time: 0.487, data: 0.001) G_GAN_ViT: 0.362 D_real_ViT: 0.276 D_fake_ViT: 0.191 global: 0.385 spatial: 0.080 
(epoch: 28, iters: 6199, time: 0.487, data: 0.001) G_GAN_ViT: 0.405 D_real_ViT: 0.089 D_fake_ViT: 0.174 global: 0.330 spatial: 0.069 
(epoch: 28, iters: 6299, time: 0.487, data: 0.001) G_GAN_ViT: 0.339 D_real_ViT: 0.183 D_fake_ViT: 0.232 global: 0.410 spatial: 0.081 
(epoch: 28, iters: 6399, time: 0.487, data: 0.001) G_GAN_ViT: 0.409 D_real_ViT: 0.149 D_fake_ViT: 0.216 global: 0.384 spatial: 0.070 
End of epoch 28 / 100 	 Time Taken: 3154 sec
learning rate = 0.0000100
(epoch: 29, iters: 36, time: 0.487, data: 0.001) G_GAN_ViT: 0.439 D_real_ViT: 0.228 D_fake_ViT: 0.189 global: 0.345 spatial: 0.080 
(epoch: 29, iters: 136, time: 0.487, data: 0.001) G_GAN_ViT: 0.590 D_real_ViT: 0.099 D_fake_ViT: 0.113 global: 0.462 spatial: 0.091 
(epoch: 29, iters: 236, time: 0.486, data: 0.001) G_GAN_ViT: 0.357 D_real_ViT: 0.190 D_fake_ViT: 0.186 global: 0.418 spatial: 0.077 
(epoch: 29, iters: 336, time: 0.486, data: 0.002) G_GAN_ViT: 0.462 D_real_ViT: 0.247 D_fake_ViT: 0.154 global: 0.359 spatial: 0.066 
(epoch: 29, iters: 436, time: 0.486, data: 0.001) G_GAN_ViT: 0.431 D_real_ViT: 0.222 D_fake_ViT: 0.197 global: 0.492 spatial: 0.095 
(epoch: 29, iters: 536, time: 0.486, data: 0.002) G_GAN_ViT: 0.328 D_real_ViT: 0.140 D_fake_ViT: 0.253 global: 0.393 spatial: 0.099 
(epoch: 29, iters: 636, time: 0.486, data: 0.001) G_GAN_ViT: 0.378 D_real_ViT: 0.143 D_fake_ViT: 0.222 global: 0.456 spatial: 0.090 
(epoch: 29, iters: 736, time: 0.487, data: 0.001) G_GAN_ViT: 0.429 D_real_ViT: 0.174 D_fake_ViT: 0.165 global: 0.283 spatial: 0.057 
(epoch: 29, iters: 836, time: 0.487, data: 0.002) G_GAN_ViT: 0.413 D_real_ViT: 0.066 D_fake_ViT: 0.179 global: 0.371 spatial: 0.088 
(epoch: 29, iters: 936, time: 0.487, data: 0.002) G_GAN_ViT: 0.406 D_real_ViT: 0.090 D_fake_ViT: 0.193 global: 0.501 spatial: 0.087 
(epoch: 29, iters: 1036, time: 0.487, data: 0.001) G_GAN_ViT: 0.582 D_real_ViT: 0.086 D_fake_ViT: 0.106 global: 0.489 spatial: 0.102 
(epoch: 29, iters: 1136, time: 0.487, data: 0.002) G_GAN_ViT: 0.367 D_real_ViT: 0.324 D_fake_ViT: 0.209 global: 0.491 spatial: 0.083 
(epoch: 29, iters: 1236, time: 0.487, data: 0.001) G_GAN_ViT: 0.391 D_real_ViT: 0.234 D_fake_ViT: 0.230 global: 0.529 spatial: 0.107 
(epoch: 29, iters: 1336, time: 0.487, data: 0.001) G_GAN_ViT: 0.441 D_real_ViT: 0.250 D_fake_ViT: 0.156 global: 0.367 spatial: 0.081 
(epoch: 29, iters: 1436, time: 0.487, data: 0.001) G_GAN_ViT: 0.410 D_real_ViT: 0.270 D_fake_ViT: 0.182 global: 0.375 spatial: 0.085 
(epoch: 29, iters: 1536, time: 0.487, data: 0.001) G_GAN_ViT: 0.481 D_real_ViT: 0.065 D_fake_ViT: 0.139 global: 0.364 spatial: 0.083 
(epoch: 29, iters: 1636, time: 0.487, data: 0.001) G_GAN_ViT: 0.490 D_real_ViT: 0.190 D_fake_ViT: 0.134 global: 0.304 spatial: 0.063 
(epoch: 29, iters: 1736, time: 0.487, data: 0.001) G_GAN_ViT: 0.194 D_real_ViT: 0.109 D_fake_ViT: 0.409 global: 0.378 spatial: 0.058 
(epoch: 29, iters: 1836, time: 0.487, data: 0.001) G_GAN_ViT: 0.448 D_real_ViT: 0.235 D_fake_ViT: 0.151 global: 0.379 spatial: 0.069 
(epoch: 29, iters: 1936, time: 0.487, data: 0.001) G_GAN_ViT: 0.369 D_real_ViT: 0.061 D_fake_ViT: 0.206 global: 0.398 spatial: 0.070 
(epoch: 29, iters: 2036, time: 0.487, data: 0.001) G_GAN_ViT: 0.349 D_real_ViT: 0.222 D_fake_ViT: 0.198 global: 0.420 spatial: 0.066 
(epoch: 29, iters: 2136, time: 0.487, data: 0.001) G_GAN_ViT: 0.417 D_real_ViT: 0.243 D_fake_ViT: 0.164 global: 0.376 spatial: 0.083 
(epoch: 29, iters: 2236, time: 0.487, data: 0.001) G_GAN_ViT: 0.390 D_real_ViT: 0.245 D_fake_ViT: 0.199 global: 0.418 spatial: 0.081 
(epoch: 29, iters: 2336, time: 0.487, data: 0.001) G_GAN_ViT: 0.381 D_real_ViT: 0.202 D_fake_ViT: 0.186 global: 0.457 spatial: 0.082 
(epoch: 29, iters: 2436, time: 0.487, data: 0.001) G_GAN_ViT: 0.489 D_real_ViT: 0.196 D_fake_ViT: 0.184 global: 0.414 spatial: 0.098 
(epoch: 29, iters: 2536, time: 0.487, data: 0.001) G_GAN_ViT: 0.417 D_real_ViT: 0.117 D_fake_ViT: 0.173 global: 0.314 spatial: 0.072 
(epoch: 29, iters: 2636, time: 0.487, data: 0.001) G_GAN_ViT: 0.508 D_real_ViT: 0.377 D_fake_ViT: 0.171 global: 0.422 spatial: 0.103 
(epoch: 29, iters: 2736, time: 0.487, data: 0.001) G_GAN_ViT: 0.353 D_real_ViT: 0.223 D_fake_ViT: 0.206 global: 0.535 spatial: 0.085 
(epoch: 29, iters: 2836, time: 0.487, data: 0.001) G_GAN_ViT: 0.378 D_real_ViT: 0.251 D_fake_ViT: 0.201 global: 0.473 spatial: 0.083 
(epoch: 29, iters: 2936, time: 0.487, data: 0.001) G_GAN_ViT: 0.348 D_real_ViT: 0.223 D_fake_ViT: 0.221 global: 0.366 spatial: 0.071 
(epoch: 29, iters: 3036, time: 0.487, data: 0.002) G_GAN_ViT: 0.455 D_real_ViT: 0.164 D_fake_ViT: 0.167 global: 0.469 spatial: 0.092 
(epoch: 29, iters: 3136, time: 0.487, data: 0.001) G_GAN_ViT: 0.507 D_real_ViT: 0.114 D_fake_ViT: 0.132 global: 0.357 spatial: 0.070 
(epoch: 29, iters: 3236, time: 0.487, data: 0.001) G_GAN_ViT: 0.321 D_real_ViT: 0.265 D_fake_ViT: 0.249 global: 0.443 spatial: 0.078 
(epoch: 29, iters: 3336, time: 0.487, data: 0.001) G_GAN_ViT: 0.457 D_real_ViT: 0.202 D_fake_ViT: 0.144 global: 0.368 spatial: 0.078 
(epoch: 29, iters: 3436, time: 0.487, data: 0.001) G_GAN_ViT: 0.458 D_real_ViT: 0.084 D_fake_ViT: 0.205 global: 0.467 spatial: 0.104 
(epoch: 29, iters: 3536, time: 0.487, data: 0.001) G_GAN_ViT: 0.481 D_real_ViT: 0.227 D_fake_ViT: 0.132 global: 0.550 spatial: 0.094 
(epoch: 29, iters: 3636, time: 0.487, data: 0.001) G_GAN_ViT: 0.465 D_real_ViT: 0.228 D_fake_ViT: 0.171 global: 0.372 spatial: 0.091 
(epoch: 29, iters: 3736, time: 0.487, data: 0.001) G_GAN_ViT: 0.384 D_real_ViT: 0.075 D_fake_ViT: 0.204 global: 0.430 spatial: 0.086 
(epoch: 29, iters: 3836, time: 0.486, data: 0.001) G_GAN_ViT: 0.330 D_real_ViT: 0.152 D_fake_ViT: 0.237 global: 0.469 spatial: 0.091 
(epoch: 29, iters: 3936, time: 0.486, data: 0.001) G_GAN_ViT: 0.347 D_real_ViT: 0.200 D_fake_ViT: 0.215 global: 0.460 spatial: 0.079 
(epoch: 29, iters: 4036, time: 0.487, data: 0.001) G_GAN_ViT: 0.524 D_real_ViT: 0.236 D_fake_ViT: 0.110 global: 0.500 spatial: 0.082 
saving the latest model (epoch 29, total_iters 185000)
ICL_single_traffic_hwy
(epoch: 29, iters: 4136, time: 0.487, data: 0.001) G_GAN_ViT: 0.389 D_real_ViT: 0.217 D_fake_ViT: 0.198 global: 0.439 spatial: 0.100 
(epoch: 29, iters: 4236, time: 0.487, data: 0.001) G_GAN_ViT: 0.457 D_real_ViT: 0.276 D_fake_ViT: 0.141 global: 0.371 spatial: 0.072 
(epoch: 29, iters: 4336, time: 0.487, data: 0.001) G_GAN_ViT: 0.358 D_real_ViT: 0.222 D_fake_ViT: 0.234 global: 0.419 spatial: 0.065 
(epoch: 29, iters: 4436, time: 0.487, data: 0.001) G_GAN_ViT: 0.316 D_real_ViT: 0.235 D_fake_ViT: 0.239 global: 0.367 spatial: 0.073 
(epoch: 29, iters: 4536, time: 0.487, data: 0.001) G_GAN_ViT: 0.434 D_real_ViT: 0.167 D_fake_ViT: 0.174 global: 0.301 spatial: 0.066 
(epoch: 29, iters: 4636, time: 0.487, data: 0.001) G_GAN_ViT: 0.330 D_real_ViT: 0.236 D_fake_ViT: 0.223 global: 0.371 spatial: 0.070 
(epoch: 29, iters: 4736, time: 0.487, data: 0.001) G_GAN_ViT: 0.445 D_real_ViT: 0.104 D_fake_ViT: 0.163 global: 0.379 spatial: 0.070 
(epoch: 29, iters: 4836, time: 0.487, data: 0.001) G_GAN_ViT: 0.482 D_real_ViT: 0.200 D_fake_ViT: 0.131 global: 0.381 spatial: 0.077 
(epoch: 29, iters: 4936, time: 0.487, data: 0.001) G_GAN_ViT: 0.463 D_real_ViT: 0.357 D_fake_ViT: 0.189 global: 0.437 spatial: 0.087 
(epoch: 29, iters: 5036, time: 0.487, data: 0.001) G_GAN_ViT: 0.657 D_real_ViT: 0.218 D_fake_ViT: 0.078 global: 0.303 spatial: 0.057 
(epoch: 29, iters: 5136, time: 0.487, data: 0.002) G_GAN_ViT: 0.593 D_real_ViT: 0.343 D_fake_ViT: 0.096 global: 0.476 spatial: 0.083 
(epoch: 29, iters: 5236, time: 0.486, data: 0.001) G_GAN_ViT: 0.476 D_real_ViT: 0.116 D_fake_ViT: 0.150 global: 0.393 spatial: 0.079 
(epoch: 29, iters: 5336, time: 0.486, data: 0.001) G_GAN_ViT: 0.498 D_real_ViT: 0.181 D_fake_ViT: 0.126 global: 0.393 spatial: 0.077 
(epoch: 29, iters: 5436, time: 0.486, data: 0.001) G_GAN_ViT: 0.493 D_real_ViT: 0.239 D_fake_ViT: 0.185 global: 0.411 spatial: 0.091 
(epoch: 29, iters: 5536, time: 0.486, data: 0.001) G_GAN_ViT: 0.428 D_real_ViT: 0.062 D_fake_ViT: 0.178 global: 0.437 spatial: 0.091 
(epoch: 29, iters: 5636, time: 0.487, data: 0.001) G_GAN_ViT: 0.364 D_real_ViT: 0.092 D_fake_ViT: 0.213 global: 0.444 spatial: 0.089 
(epoch: 29, iters: 5736, time: 0.487, data: 0.003) G_GAN_ViT: 0.454 D_real_ViT: 0.213 D_fake_ViT: 0.138 global: 0.410 spatial: 0.068 
(epoch: 29, iters: 5836, time: 0.487, data: 0.002) G_GAN_ViT: 0.411 D_real_ViT: 0.346 D_fake_ViT: 0.219 global: 0.422 spatial: 0.088 
(epoch: 29, iters: 5936, time: 0.487, data: 0.001) G_GAN_ViT: 0.404 D_real_ViT: 0.248 D_fake_ViT: 0.179 global: 0.517 spatial: 0.107 
(epoch: 29, iters: 6036, time: 0.487, data: 0.001) G_GAN_ViT: 0.533 D_real_ViT: 0.250 D_fake_ViT: 0.105 global: 0.386 spatial: 0.082 
(epoch: 29, iters: 6136, time: 0.487, data: 0.002) G_GAN_ViT: 0.220 D_real_ViT: 0.333 D_fake_ViT: 0.334 global: 0.430 spatial: 0.079 
(epoch: 29, iters: 6236, time: 0.487, data: 0.001) G_GAN_ViT: 0.334 D_real_ViT: 0.212 D_fake_ViT: 0.242 global: 0.341 spatial: 0.093 
(epoch: 29, iters: 6336, time: 0.487, data: 0.002) G_GAN_ViT: 0.436 D_real_ViT: 0.213 D_fake_ViT: 0.168 global: 0.544 spatial: 0.097 
(epoch: 29, iters: 6436, time: 0.487, data: 0.001) G_GAN_ViT: 0.512 D_real_ViT: 0.092 D_fake_ViT: 0.162 global: 0.350 spatial: 0.068 
End of epoch 29 / 100 	 Time Taken: 3156 sec
learning rate = 0.0000100
(epoch: 30, iters: 73, time: 0.487, data: 0.001) G_GAN_ViT: 0.444 D_real_ViT: 0.142 D_fake_ViT: 0.161 global: 0.438 spatial: 0.093 
(epoch: 30, iters: 173, time: 0.487, data: 0.001) G_GAN_ViT: 0.511 D_real_ViT: 0.046 D_fake_ViT: 0.132 global: 0.373 spatial: 0.068 
(epoch: 30, iters: 273, time: 0.487, data: 0.001) G_GAN_ViT: 0.364 D_real_ViT: 0.207 D_fake_ViT: 0.229 global: 0.518 spatial: 0.097 
(epoch: 30, iters: 373, time: 0.487, data: 0.001) G_GAN_ViT: 0.477 D_real_ViT: 0.247 D_fake_ViT: 0.137 global: 0.450 spatial: 0.091 
(epoch: 30, iters: 473, time: 0.487, data: 0.001) G_GAN_ViT: 0.464 D_real_ViT: 0.062 D_fake_ViT: 0.177 global: 0.541 spatial: 0.090 
(epoch: 30, iters: 573, time: 0.487, data: 0.001) G_GAN_ViT: 0.452 D_real_ViT: 0.208 D_fake_ViT: 0.152 global: 0.489 spatial: 0.093 
(epoch: 30, iters: 673, time: 0.487, data: 0.001) G_GAN_ViT: 0.430 D_real_ViT: 0.145 D_fake_ViT: 0.160 global: 0.363 spatial: 0.073 
(epoch: 30, iters: 773, time: 0.487, data: 0.001) G_GAN_ViT: 0.450 D_real_ViT: 0.239 D_fake_ViT: 0.163 global: 0.508 spatial: 0.084 
(epoch: 30, iters: 873, time: 0.487, data: 0.001) G_GAN_ViT: 0.369 D_real_ViT: 0.056 D_fake_ViT: 0.214 global: 0.349 spatial: 0.073 
(epoch: 30, iters: 973, time: 0.487, data: 0.002) G_GAN_ViT: 0.425 D_real_ViT: 0.254 D_fake_ViT: 0.174 global: 0.403 spatial: 0.082 
(epoch: 30, iters: 1073, time: 0.486, data: 0.002) G_GAN_ViT: 0.540 D_real_ViT: 0.151 D_fake_ViT: 0.125 global: 0.312 spatial: 0.067 
(epoch: 30, iters: 1173, time: 0.486, data: 0.002) G_GAN_ViT: 0.496 D_real_ViT: 0.316 D_fake_ViT: 0.153 global: 0.477 spatial: 0.108 
(epoch: 30, iters: 1273, time: 0.486, data: 0.001) G_GAN_ViT: 0.320 D_real_ViT: 0.256 D_fake_ViT: 0.240 global: 0.479 spatial: 0.091 
(epoch: 30, iters: 1373, time: 0.486, data: 0.001) G_GAN_ViT: 0.527 D_real_ViT: 0.237 D_fake_ViT: 0.128 global: 0.399 spatial: 0.083 
(epoch: 30, iters: 1473, time: 0.486, data: 0.001) G_GAN_ViT: 0.498 D_real_ViT: 0.148 D_fake_ViT: 0.149 global: 0.418 spatial: 0.093 
(epoch: 30, iters: 1573, time: 0.486, data: 0.001) G_GAN_ViT: 0.432 D_real_ViT: 0.191 D_fake_ViT: 0.152 global: 0.463 spatial: 0.074 
(epoch: 30, iters: 1673, time: 0.486, data: 0.001) G_GAN_ViT: 0.342 D_real_ViT: 0.189 D_fake_ViT: 0.222 global: 0.552 spatial: 0.094 
(epoch: 30, iters: 1773, time: 0.486, data: 0.001) G_GAN_ViT: 0.374 D_real_ViT: 0.205 D_fake_ViT: 0.227 global: 0.466 spatial: 0.097 
(epoch: 30, iters: 1873, time: 0.486, data: 0.001) G_GAN_ViT: 0.461 D_real_ViT: 0.306 D_fake_ViT: 0.149 global: 0.417 spatial: 0.084 
(epoch: 30, iters: 1973, time: 0.486, data: 0.001) G_GAN_ViT: 0.433 D_real_ViT: 0.322 D_fake_ViT: 0.218 global: 0.413 spatial: 0.102 
(epoch: 30, iters: 2073, time: 0.486, data: 0.001) G_GAN_ViT: 0.523 D_real_ViT: 0.050 D_fake_ViT: 0.126 global: 0.355 spatial: 0.079 
(epoch: 30, iters: 2173, time: 0.486, data: 0.001) G_GAN_ViT: 0.311 D_real_ViT: 0.248 D_fake_ViT: 0.249 global: 0.436 spatial: 0.091 
(epoch: 30, iters: 2273, time: 0.486, data: 0.002) G_GAN_ViT: 0.419 D_real_ViT: 0.221 D_fake_ViT: 0.158 global: 0.377 spatial: 0.067 
(epoch: 30, iters: 2373, time: 0.486, data: 0.001) G_GAN_ViT: 0.370 D_real_ViT: 0.293 D_fake_ViT: 0.213 global: 0.336 spatial: 0.075 
(epoch: 30, iters: 2473, time: 0.486, data: 0.001) G_GAN_ViT: 0.478 D_real_ViT: 0.345 D_fake_ViT: 0.145 global: 0.378 spatial: 0.080 
(epoch: 30, iters: 2573, time: 0.486, data: 0.001) G_GAN_ViT: 0.494 D_real_ViT: 0.138 D_fake_ViT: 0.139 global: 0.331 spatial: 0.077 
saving the latest model (epoch 30, total_iters 190000)
ICL_single_traffic_hwy
(epoch: 30, iters: 2673, time: 0.486, data: 0.001) G_GAN_ViT: 0.383 D_real_ViT: 0.271 D_fake_ViT: 0.178 global: 0.357 spatial: 0.072 
(epoch: 30, iters: 2773, time: 0.486, data: 0.001) G_GAN_ViT: 0.488 D_real_ViT: 0.278 D_fake_ViT: 0.142 global: 0.463 spatial: 0.084 
(epoch: 30, iters: 2873, time: 0.486, data: 0.001) G_GAN_ViT: 0.590 D_real_ViT: 0.291 D_fake_ViT: 0.093 global: 0.261 spatial: 0.055 
(epoch: 30, iters: 2973, time: 0.486, data: 0.001) G_GAN_ViT: 0.504 D_real_ViT: 0.098 D_fake_ViT: 0.148 global: 0.291 spatial: 0.067 
(epoch: 30, iters: 3073, time: 0.486, data: 0.001) G_GAN_ViT: 0.342 D_real_ViT: 0.172 D_fake_ViT: 0.231 global: 0.505 spatial: 0.088 
(epoch: 30, iters: 3173, time: 0.486, data: 0.001) G_GAN_ViT: 0.544 D_real_ViT: 0.310 D_fake_ViT: 0.129 global: 0.396 spatial: 0.085 
(epoch: 30, iters: 3273, time: 0.486, data: 0.001) G_GAN_ViT: 0.464 D_real_ViT: 0.322 D_fake_ViT: 0.134 global: 0.394 spatial: 0.076 
(epoch: 30, iters: 3373, time: 0.486, data: 0.001) G_GAN_ViT: 0.395 D_real_ViT: 0.331 D_fake_ViT: 0.186 global: 0.496 spatial: 0.091 
(epoch: 30, iters: 3473, time: 0.486, data: 0.001) G_GAN_ViT: 0.300 D_real_ViT: 0.249 D_fake_ViT: 0.275 global: 0.380 spatial: 0.071 
(epoch: 30, iters: 3573, time: 0.486, data: 0.001) G_GAN_ViT: 0.562 D_real_ViT: 0.120 D_fake_ViT: 0.129 global: 0.505 spatial: 0.085 
(epoch: 30, iters: 3673, time: 0.486, data: 0.001) G_GAN_ViT: 0.402 D_real_ViT: 0.212 D_fake_ViT: 0.162 global: 0.355 spatial: 0.058 
(epoch: 30, iters: 3773, time: 0.484, data: 0.001) G_GAN_ViT: 0.418 D_real_ViT: 0.192 D_fake_ViT: 0.221 global: 0.485 spatial: 0.107 
(epoch: 30, iters: 3873, time: 0.484, data: 0.001) G_GAN_ViT: 0.461 D_real_ViT: 0.125 D_fake_ViT: 0.142 global: 0.378 spatial: 0.087 
(epoch: 30, iters: 3973, time: 0.485, data: 0.001) G_GAN_ViT: 0.335 D_real_ViT: 0.239 D_fake_ViT: 0.233 global: 0.421 spatial: 0.086 
(epoch: 30, iters: 4073, time: 0.485, data: 0.001) G_GAN_ViT: 0.400 D_real_ViT: 0.243 D_fake_ViT: 0.169 global: 0.521 spatial: 0.071 
(epoch: 30, iters: 4173, time: 0.486, data: 0.001) G_GAN_ViT: 0.381 D_real_ViT: 0.254 D_fake_ViT: 0.215 global: 0.403 spatial: 0.077 
(epoch: 30, iters: 4273, time: 0.486, data: 0.002) G_GAN_ViT: 0.451 D_real_ViT: 0.342 D_fake_ViT: 0.154 global: 0.389 spatial: 0.072 
(epoch: 30, iters: 4373, time: 0.486, data: 0.002) G_GAN_ViT: 0.350 D_real_ViT: 0.178 D_fake_ViT: 0.242 global: 0.422 spatial: 0.075 
(epoch: 30, iters: 4473, time: 0.486, data: 0.001) G_GAN_ViT: 0.375 D_real_ViT: 0.227 D_fake_ViT: 0.181 global: 0.441 spatial: 0.080 
(epoch: 30, iters: 4573, time: 0.486, data: 0.001) G_GAN_ViT: 0.391 D_real_ViT: 0.231 D_fake_ViT: 0.192 global: 0.485 spatial: 0.101 
(epoch: 30, iters: 4673, time: 0.487, data: 0.001) G_GAN_ViT: 0.424 D_real_ViT: 0.164 D_fake_ViT: 0.165 global: 0.372 spatial: 0.084 
(epoch: 30, iters: 4773, time: 0.487, data: 0.001) G_GAN_ViT: 0.464 D_real_ViT: 0.141 D_fake_ViT: 0.199 global: 0.426 spatial: 0.098 
(epoch: 30, iters: 4873, time: 0.486, data: 0.001) G_GAN_ViT: 0.337 D_real_ViT: 0.204 D_fake_ViT: 0.227 global: 0.415 spatial: 0.078 
(epoch: 30, iters: 4973, time: 0.486, data: 0.001) G_GAN_ViT: 0.310 D_real_ViT: 0.222 D_fake_ViT: 0.287 global: 0.408 spatial: 0.082 
(epoch: 30, iters: 5073, time: 0.486, data: 0.002) G_GAN_ViT: 0.334 D_real_ViT: 0.085 D_fake_ViT: 0.261 global: 0.475 spatial: 0.097 
(epoch: 30, iters: 5173, time: 0.486, data: 0.001) G_GAN_ViT: 0.414 D_real_ViT: 0.132 D_fake_ViT: 0.196 global: 0.487 spatial: 0.088 
(epoch: 30, iters: 5273, time: 0.487, data: 0.001) G_GAN_ViT: 0.417 D_real_ViT: 0.312 D_fake_ViT: 0.169 global: 0.325 spatial: 0.060 
(epoch: 30, iters: 5373, time: 0.487, data: 0.001) G_GAN_ViT: 0.311 D_real_ViT: 0.159 D_fake_ViT: 0.244 global: 0.446 spatial: 0.076 
(epoch: 30, iters: 5473, time: 0.486, data: 0.002) G_GAN_ViT: 0.299 D_real_ViT: 0.220 D_fake_ViT: 0.271 global: 0.432 spatial: 0.075 
(epoch: 30, iters: 5573, time: 0.486, data: 0.001) G_GAN_ViT: 0.520 D_real_ViT: 0.082 D_fake_ViT: 0.139 global: 0.479 spatial: 0.097 
(epoch: 30, iters: 5673, time: 0.486, data: 0.001) G_GAN_ViT: 0.445 D_real_ViT: 0.215 D_fake_ViT: 0.191 global: 0.397 spatial: 0.082 
(epoch: 30, iters: 5773, time: 0.486, data: 0.001) G_GAN_ViT: 0.343 D_real_ViT: 0.275 D_fake_ViT: 0.213 global: 0.354 spatial: 0.067 
(epoch: 30, iters: 5873, time: 0.486, data: 0.002) G_GAN_ViT: 0.487 D_real_ViT: 0.202 D_fake_ViT: 0.153 global: 0.527 spatial: 0.105 
(epoch: 30, iters: 5973, time: 0.487, data: 0.001) G_GAN_ViT: 0.381 D_real_ViT: 0.308 D_fake_ViT: 0.208 global: 0.418 spatial: 0.086 
(epoch: 30, iters: 6073, time: 0.486, data: 0.002) G_GAN_ViT: 0.442 D_real_ViT: 0.210 D_fake_ViT: 0.159 global: 0.351 spatial: 0.071 
(epoch: 30, iters: 6173, time: 0.486, data: 0.001) G_GAN_ViT: 0.514 D_real_ViT: 0.213 D_fake_ViT: 0.119 global: 0.399 spatial: 0.081 
(epoch: 30, iters: 6273, time: 0.486, data: 0.001) G_GAN_ViT: 0.403 D_real_ViT: 0.150 D_fake_ViT: 0.208 global: 0.358 spatial: 0.076 
(epoch: 30, iters: 6373, time: 0.486, data: 0.001) G_GAN_ViT: 0.383 D_real_ViT: 0.227 D_fake_ViT: 0.200 global: 0.414 spatial: 0.083 
saving the model at the end of epoch 30, iters 193890
End of epoch 30 / 100 	 Time Taken: 3154 sec
learning rate = 0.0000100
(epoch: 31, iters: 10, time: 0.486, data: 0.001) G_GAN_ViT: 0.358 D_real_ViT: 0.240 D_fake_ViT: 0.240 global: 0.580 spatial: 0.111 
(epoch: 31, iters: 110, time: 0.486, data: 0.001) G_GAN_ViT: 0.557 D_real_ViT: 0.157 D_fake_ViT: 0.151 global: 0.389 spatial: 0.098 
(epoch: 31, iters: 210, time: 0.486, data: 0.001) G_GAN_ViT: 0.468 D_real_ViT: 0.183 D_fake_ViT: 0.150 global: 0.399 spatial: 0.069 
(epoch: 31, iters: 310, time: 0.486, data: 0.001) G_GAN_ViT: 0.338 D_real_ViT: 0.171 D_fake_ViT: 0.239 global: 0.351 spatial: 0.073 
(epoch: 31, iters: 410, time: 0.486, data: 0.001) G_GAN_ViT: 0.281 D_real_ViT: 0.209 D_fake_ViT: 0.270 global: 0.421 spatial: 0.086 
(epoch: 31, iters: 510, time: 0.486, data: 0.002) G_GAN_ViT: 0.327 D_real_ViT: 0.139 D_fake_ViT: 0.239 global: 0.443 spatial: 0.077 
(epoch: 31, iters: 610, time: 0.487, data: 0.002) G_GAN_ViT: 0.415 D_real_ViT: 0.147 D_fake_ViT: 0.178 global: 0.490 spatial: 0.088 
(epoch: 31, iters: 710, time: 0.487, data: 0.002) G_GAN_ViT: 0.546 D_real_ViT: 0.222 D_fake_ViT: 0.114 global: 0.413 spatial: 0.092 
(epoch: 31, iters: 810, time: 0.486, data: 0.002) G_GAN_ViT: 0.276 D_real_ViT: 0.170 D_fake_ViT: 0.289 global: 0.421 spatial: 0.081 
(epoch: 31, iters: 910, time: 0.486, data: 0.001) G_GAN_ViT: 0.517 D_real_ViT: 0.118 D_fake_ViT: 0.150 global: 0.561 spatial: 0.104 
(epoch: 31, iters: 1010, time: 0.487, data: 0.004) G_GAN_ViT: 0.352 D_real_ViT: 0.150 D_fake_ViT: 0.213 global: 0.499 spatial: 0.095 
(epoch: 31, iters: 1110, time: 0.486, data: 0.001) G_GAN_ViT: 0.459 D_real_ViT: 0.166 D_fake_ViT: 0.153 global: 0.302 spatial: 0.071 
saving the latest model (epoch 31, total_iters 195000)
ICL_single_traffic_hwy
(epoch: 31, iters: 1210, time: 0.485, data: 0.001) G_GAN_ViT: 0.529 D_real_ViT: 0.210 D_fake_ViT: 0.119 global: 0.288 spatial: 0.069 
(epoch: 31, iters: 1310, time: 0.486, data: 0.002) G_GAN_ViT: 0.523 D_real_ViT: 0.202 D_fake_ViT: 0.148 global: 0.315 spatial: 0.074 
(epoch: 31, iters: 1410, time: 0.486, data: 0.002) G_GAN_ViT: 0.444 D_real_ViT: 0.074 D_fake_ViT: 0.202 global: 0.445 spatial: 0.094 
(epoch: 31, iters: 1510, time: 0.486, data: 0.002) G_GAN_ViT: 0.452 D_real_ViT: 0.243 D_fake_ViT: 0.152 global: 0.434 spatial: 0.078 
(epoch: 31, iters: 1610, time: 0.486, data: 0.002) G_GAN_ViT: 0.324 D_real_ViT: 0.165 D_fake_ViT: 0.258 global: 0.336 spatial: 0.086 
(epoch: 31, iters: 1710, time: 0.487, data: 0.001) G_GAN_ViT: 0.409 D_real_ViT: 0.162 D_fake_ViT: 0.166 global: 0.316 spatial: 0.070 
(epoch: 31, iters: 1810, time: 0.487, data: 0.001) G_GAN_ViT: 0.311 D_real_ViT: 0.193 D_fake_ViT: 0.244 global: 0.392 spatial: 0.080 
(epoch: 31, iters: 1910, time: 0.487, data: 0.001) G_GAN_ViT: 0.439 D_real_ViT: 0.144 D_fake_ViT: 0.196 global: 0.489 spatial: 0.110 
(epoch: 31, iters: 2010, time: 0.487, data: 0.001) G_GAN_ViT: 0.389 D_real_ViT: 0.147 D_fake_ViT: 0.196 global: 0.445 spatial: 0.094 
(epoch: 31, iters: 2110, time: 0.487, data: 0.002) G_GAN_ViT: 0.584 D_real_ViT: 0.195 D_fake_ViT: 0.104 global: 0.316 spatial: 0.067 
(epoch: 31, iters: 2210, time: 0.487, data: 0.002) G_GAN_ViT: 0.306 D_real_ViT: 0.219 D_fake_ViT: 0.269 global: 0.406 spatial: 0.076 
(epoch: 31, iters: 2310, time: 0.486, data: 0.001) G_GAN_ViT: 0.405 D_real_ViT: 0.230 D_fake_ViT: 0.178 global: 0.397 spatial: 0.068 
(epoch: 31, iters: 2410, time: 0.485, data: 0.001) G_GAN_ViT: 0.525 D_real_ViT: 0.358 D_fake_ViT: 0.120 global: 0.382 spatial: 0.181 
(epoch: 31, iters: 2510, time: 0.486, data: 0.002) G_GAN_ViT: 0.443 D_real_ViT: 0.304 D_fake_ViT: 0.157 global: 0.377 spatial: 0.080 
(epoch: 31, iters: 2610, time: 0.486, data: 0.002) G_GAN_ViT: 0.411 D_real_ViT: 0.165 D_fake_ViT: 0.191 global: 0.319 spatial: 0.063 
(epoch: 31, iters: 2710, time: 0.486, data: 0.002) G_GAN_ViT: 0.392 D_real_ViT: 0.177 D_fake_ViT: 0.193 global: 0.413 spatial: 0.085 
(epoch: 31, iters: 2810, time: 0.486, data: 0.002) G_GAN_ViT: 0.424 D_real_ViT: 0.260 D_fake_ViT: 0.160 global: 0.358 spatial: 0.080 
(epoch: 31, iters: 2910, time: 0.486, data: 0.001) G_GAN_ViT: 0.383 D_real_ViT: 0.262 D_fake_ViT: 0.204 global: 0.416 spatial: 0.089 
(epoch: 31, iters: 3010, time: 0.487, data: 0.001) G_GAN_ViT: 0.372 D_real_ViT: 0.130 D_fake_ViT: 0.222 global: 0.500 spatial: 0.090 
(epoch: 31, iters: 3110, time: 0.487, data: 0.001) G_GAN_ViT: 0.379 D_real_ViT: 0.209 D_fake_ViT: 0.192 global: 0.384 spatial: 0.081 
(epoch: 31, iters: 3210, time: 0.487, data: 0.002) G_GAN_ViT: 0.618 D_real_ViT: 0.111 D_fake_ViT: 0.099 global: 0.310 spatial: 0.067 
(epoch: 31, iters: 3310, time: 0.487, data: 0.002) G_GAN_ViT: 0.252 D_real_ViT: 0.158 D_fake_ViT: 0.301 global: 0.482 spatial: 0.085 
(epoch: 31, iters: 3410, time: 0.487, data: 0.002) G_GAN_ViT: 0.502 D_real_ViT: 0.236 D_fake_ViT: 0.144 global: 0.468 spatial: 0.089 
(epoch: 31, iters: 3510, time: 0.487, data: 0.002) G_GAN_ViT: 0.394 D_real_ViT: 0.055 D_fake_ViT: 0.184 global: 0.437 spatial: 0.087 
(epoch: 31, iters: 3610, time: 0.487, data: 0.002) G_GAN_ViT: 0.272 D_real_ViT: 0.100 D_fake_ViT: 0.313 global: 0.454 spatial: 0.081 
(epoch: 31, iters: 3710, time: 0.485, data: 0.002) G_GAN_ViT: 0.522 D_real_ViT: 0.193 D_fake_ViT: 0.158 global: 0.427 spatial: 0.104 
(epoch: 31, iters: 3810, time: 0.485, data: 0.002) G_GAN_ViT: 0.429 D_real_ViT: 0.262 D_fake_ViT: 0.163 global: 0.444 spatial: 0.078 
(epoch: 31, iters: 3910, time: 0.486, data: 0.002) G_GAN_ViT: 0.478 D_real_ViT: 0.276 D_fake_ViT: 0.129 global: 0.358 spatial: 0.081 
(epoch: 31, iters: 4010, time: 0.486, data: 0.002) G_GAN_ViT: 0.347 D_real_ViT: 0.254 D_fake_ViT: 0.253 global: 0.507 spatial: 0.108 
(epoch: 31, iters: 4110, time: 0.486, data: 0.002) G_GAN_ViT: 0.412 D_real_ViT: 0.195 D_fake_ViT: 0.210 global: 0.492 spatial: 0.103 
(epoch: 31, iters: 4210, time: 0.486, data: 0.001) G_GAN_ViT: 0.448 D_real_ViT: 0.139 D_fake_ViT: 0.139 global: 0.524 spatial: 0.088 
(epoch: 31, iters: 4310, time: 0.486, data: 0.001) G_GAN_ViT: 0.382 D_real_ViT: 0.179 D_fake_ViT: 0.184 global: 0.412 spatial: 0.069 
(epoch: 31, iters: 4410, time: 0.486, data: 0.001) G_GAN_ViT: 0.394 D_real_ViT: 0.160 D_fake_ViT: 0.181 global: 0.407 spatial: 0.095 
(epoch: 31, iters: 4510, time: 0.486, data: 0.001) G_GAN_ViT: 0.540 D_real_ViT: 0.088 D_fake_ViT: 0.148 global: 0.405 spatial: 0.101 
(epoch: 31, iters: 4610, time: 0.486, data: 0.001) G_GAN_ViT: 0.283 D_real_ViT: 0.112 D_fake_ViT: 0.273 global: 0.399 spatial: 0.072 
(epoch: 31, iters: 4710, time: 0.486, data: 0.002) G_GAN_ViT: 0.448 D_real_ViT: 0.286 D_fake_ViT: 0.149 global: 0.308 spatial: 0.067 
(epoch: 31, iters: 4810, time: 0.486, data: 0.002) G_GAN_ViT: 0.500 D_real_ViT: 0.109 D_fake_ViT: 0.138 global: 0.374 spatial: 0.083 
(epoch: 31, iters: 4910, time: 0.486, data: 0.001) G_GAN_ViT: 0.361 D_real_ViT: 0.178 D_fake_ViT: 0.209 global: 0.447 spatial: 0.089 
(epoch: 31, iters: 5010, time: 0.486, data: 0.002) G_GAN_ViT: 0.301 D_real_ViT: 0.168 D_fake_ViT: 0.244 global: 0.407 spatial: 0.072 
(epoch: 31, iters: 5110, time: 0.486, data: 0.002) G_GAN_ViT: 0.493 D_real_ViT: 0.346 D_fake_ViT: 0.155 global: 0.355 spatial: 0.082 
(epoch: 31, iters: 5210, time: 0.486, data: 0.001) G_GAN_ViT: 0.363 D_real_ViT: 0.218 D_fake_ViT: 0.198 global: 0.306 spatial: 0.071 
(epoch: 31, iters: 5310, time: 0.486, data: 0.002) G_GAN_ViT: 0.418 D_real_ViT: 0.184 D_fake_ViT: 0.170 global: 0.359 spatial: 0.062 
(epoch: 31, iters: 5410, time: 0.486, data: 0.002) G_GAN_ViT: 0.262 D_real_ViT: 0.288 D_fake_ViT: 0.289 global: 0.425 spatial: 0.086 
(epoch: 31, iters: 5510, time: 0.486, data: 0.002) G_GAN_ViT: 0.439 D_real_ViT: 0.202 D_fake_ViT: 0.191 global: 0.383 spatial: 0.091 
(epoch: 31, iters: 5610, time: 0.486, data: 0.002) G_GAN_ViT: 0.317 D_real_ViT: 0.253 D_fake_ViT: 0.235 global: 0.429 spatial: 0.076 
(epoch: 31, iters: 5710, time: 0.486, data: 0.002) G_GAN_ViT: 0.444 D_real_ViT: 0.159 D_fake_ViT: 0.157 global: 0.357 spatial: 0.068 
(epoch: 31, iters: 5810, time: 0.486, data: 0.002) G_GAN_ViT: 0.381 D_real_ViT: 0.224 D_fake_ViT: 0.187 global: 0.366 spatial: 0.065 
(epoch: 31, iters: 5910, time: 0.486, data: 0.002) G_GAN_ViT: 0.378 D_real_ViT: 0.159 D_fake_ViT: 0.198 global: 0.405 spatial: 0.073 
(epoch: 31, iters: 6010, time: 0.486, data: 0.002) G_GAN_ViT: 0.457 D_real_ViT: 0.045 D_fake_ViT: 0.185 global: 0.421 spatial: 0.084 
(epoch: 31, iters: 6110, time: 0.486, data: 0.001) G_GAN_ViT: 0.559 D_real_ViT: 0.175 D_fake_ViT: 0.107 global: 0.625 spatial: 0.091 
saving the latest model (epoch 31, total_iters 200000)
ICL_single_traffic_hwy
(epoch: 31, iters: 6210, time: 0.486, data: 0.002) G_GAN_ViT: 0.403 D_real_ViT: 0.141 D_fake_ViT: 0.186 global: 0.344 spatial: 0.067 
(epoch: 31, iters: 6310, time: 0.486, data: 0.002) G_GAN_ViT: 0.378 D_real_ViT: 0.103 D_fake_ViT: 0.201 global: 0.354 spatial: 0.070 
(epoch: 31, iters: 6410, time: 0.486, data: 0.002) G_GAN_ViT: 0.398 D_real_ViT: 0.266 D_fake_ViT: 0.182 global: 0.342 spatial: 0.066 
End of epoch 31 / 100 	 Time Taken: 3154 sec
learning rate = 0.0000100
(epoch: 32, iters: 47, time: 0.486, data: 0.002) G_GAN_ViT: 0.373 D_real_ViT: 0.168 D_fake_ViT: 0.199 global: 0.449 spatial: 0.083 
(epoch: 32, iters: 147, time: 0.486, data: 0.002) G_GAN_ViT: 0.369 D_real_ViT: 0.164 D_fake_ViT: 0.239 global: 0.465 spatial: 0.102 
(epoch: 32, iters: 247, time: 0.486, data: 0.002) G_GAN_ViT: 0.435 D_real_ViT: 0.349 D_fake_ViT: 0.145 global: 0.327 spatial: 0.074 
(epoch: 32, iters: 347, time: 0.486, data: 0.001) G_GAN_ViT: 0.475 D_real_ViT: 0.159 D_fake_ViT: 0.148 global: 0.527 spatial: 0.087 
(epoch: 32, iters: 447, time: 0.486, data: 0.002) G_GAN_ViT: 0.498 D_real_ViT: 0.268 D_fake_ViT: 0.139 global: 0.249 spatial: 0.070 
(epoch: 32, iters: 547, time: 0.486, data: 0.002) G_GAN_ViT: 0.489 D_real_ViT: 0.264 D_fake_ViT: 0.138 global: 0.466 spatial: 0.086 
(epoch: 32, iters: 647, time: 0.487, data: 0.003) G_GAN_ViT: 0.489 D_real_ViT: 0.079 D_fake_ViT: 0.162 global: 0.494 spatial: 0.096 
(epoch: 32, iters: 747, time: 0.487, data: 0.001) G_GAN_ViT: 0.418 D_real_ViT: 0.100 D_fake_ViT: 0.219 global: 0.461 spatial: 0.100 
(epoch: 32, iters: 847, time: 0.485, data: 0.002) G_GAN_ViT: 0.414 D_real_ViT: 0.202 D_fake_ViT: 0.186 global: 0.346 spatial: 0.076 
(epoch: 32, iters: 947, time: 0.485, data: 0.002) G_GAN_ViT: 0.383 D_real_ViT: 0.174 D_fake_ViT: 0.186 global: 0.326 spatial: 0.067 
(epoch: 32, iters: 1047, time: 0.486, data: 0.002) G_GAN_ViT: 0.386 D_real_ViT: 0.252 D_fake_ViT: 0.183 global: 0.353 spatial: 0.070 
(epoch: 32, iters: 1147, time: 0.486, data: 0.002) G_GAN_ViT: 0.451 D_real_ViT: 0.255 D_fake_ViT: 0.149 global: 0.428 spatial: 0.080 
(epoch: 32, iters: 1247, time: 0.486, data: 0.002) G_GAN_ViT: 0.549 D_real_ViT: 0.277 D_fake_ViT: 0.102 global: 0.435 spatial: 0.075 
(epoch: 32, iters: 1347, time: 0.486, data: 0.002) G_GAN_ViT: 0.462 D_real_ViT: 0.127 D_fake_ViT: 0.140 global: 0.418 spatial: 0.074 
(epoch: 32, iters: 1447, time: 0.486, data: 0.001) G_GAN_ViT: 0.537 D_real_ViT: 0.184 D_fake_ViT: 0.114 global: 0.375 spatial: 0.080 
(epoch: 32, iters: 1547, time: 0.486, data: 0.001) G_GAN_ViT: 0.344 D_real_ViT: 0.079 D_fake_ViT: 0.229 global: 0.457 spatial: 0.084 
(epoch: 32, iters: 1647, time: 0.486, data: 0.001) G_GAN_ViT: 0.432 D_real_ViT: 0.245 D_fake_ViT: 0.179 global: 0.464 spatial: 0.080 
(epoch: 32, iters: 1747, time: 0.486, data: 0.002) G_GAN_ViT: 0.548 D_real_ViT: 0.137 D_fake_ViT: 0.105 global: 0.442 spatial: 0.087 
(epoch: 32, iters: 1847, time: 0.486, data: 0.002) G_GAN_ViT: 0.503 D_real_ViT: 0.376 D_fake_ViT: 0.152 global: 0.339 spatial: 0.073 
(epoch: 32, iters: 1947, time: 0.486, data: 0.001) G_GAN_ViT: 0.540 D_real_ViT: 0.089 D_fake_ViT: 0.120 global: 0.343 spatial: 0.086 
(epoch: 32, iters: 2047, time: 0.486, data: 0.002) G_GAN_ViT: 0.358 D_real_ViT: 0.217 D_fake_ViT: 0.219 global: 0.440 spatial: 0.085 
(epoch: 32, iters: 2147, time: 0.486, data: 0.002) G_GAN_ViT: 0.245 D_real_ViT: 0.254 D_fake_ViT: 0.308 global: 0.408 spatial: 0.084 
(epoch: 32, iters: 2247, time: 0.486, data: 0.001) G_GAN_ViT: 0.289 D_real_ViT: 0.303 D_fake_ViT: 0.261 global: 0.431 spatial: 0.075 
(epoch: 32, iters: 2347, time: 0.486, data: 0.002) G_GAN_ViT: 0.682 D_real_ViT: 0.152 D_fake_ViT: 0.082 global: 0.547 spatial: 0.076 
(epoch: 32, iters: 2447, time: 0.486, data: 0.002) G_GAN_ViT: 0.511 D_real_ViT: 0.254 D_fake_ViT: 0.117 global: 0.355 spatial: 0.071 
(epoch: 32, iters: 2547, time: 0.487, data: 0.001) G_GAN_ViT: 0.497 D_real_ViT: 0.180 D_fake_ViT: 0.125 global: 0.337 spatial: 0.066 
(epoch: 32, iters: 2647, time: 0.487, data: 0.002) G_GAN_ViT: 0.445 D_real_ViT: 0.228 D_fake_ViT: 0.189 global: 0.555 spatial: 0.099 
(epoch: 32, iters: 2747, time: 0.487, data: 0.002) G_GAN_ViT: 0.480 D_real_ViT: 0.283 D_fake_ViT: 0.137 global: 0.463 spatial: 0.074 
(epoch: 32, iters: 2847, time: 0.486, data: 0.001) G_GAN_ViT: 0.313 D_real_ViT: 0.279 D_fake_ViT: 0.220 global: 0.420 spatial: 0.080 
(epoch: 32, iters: 2947, time: 0.487, data: 0.001) G_GAN_ViT: 0.387 D_real_ViT: 0.227 D_fake_ViT: 0.197 global: 0.351 spatial: 0.086 
(epoch: 32, iters: 3047, time: 0.487, data: 0.001) G_GAN_ViT: 0.467 D_real_ViT: 0.125 D_fake_ViT: 0.152 global: 0.353 spatial: 0.073 
(epoch: 32, iters: 3147, time: 0.486, data: 0.001) G_GAN_ViT: 0.609 D_real_ViT: 0.125 D_fake_ViT: 0.099 global: 0.510 spatial: 0.088 
(epoch: 32, iters: 3247, time: 0.486, data: 0.002) G_GAN_ViT: 0.446 D_real_ViT: 0.148 D_fake_ViT: 0.162 global: 0.335 spatial: 0.075 
(epoch: 32, iters: 3347, time: 0.486, data: 0.002) G_GAN_ViT: 0.264 D_real_ViT: 0.109 D_fake_ViT: 0.295 global: 0.316 spatial: 0.070 
(epoch: 32, iters: 3447, time: 0.487, data: 0.001) G_GAN_ViT: 0.311 D_real_ViT: 0.242 D_fake_ViT: 0.250 global: 0.391 spatial: 0.076 
(epoch: 32, iters: 3547, time: 0.487, data: 0.002) G_GAN_ViT: 0.281 D_real_ViT: 0.190 D_fake_ViT: 0.272 global: 0.418 spatial: 0.076 
(epoch: 32, iters: 3647, time: 0.487, data: 0.002) G_GAN_ViT: 0.496 D_real_ViT: 0.241 D_fake_ViT: 0.138 global: 0.325 spatial: 0.065 
(epoch: 32, iters: 3747, time: 0.487, data: 0.002) G_GAN_ViT: 0.291 D_real_ViT: 0.135 D_fake_ViT: 0.285 global: 0.381 spatial: 0.092 
(epoch: 32, iters: 3847, time: 0.487, data: 0.002) G_GAN_ViT: 0.530 D_real_ViT: 0.174 D_fake_ViT: 0.152 global: 0.413 spatial: 0.099 
(epoch: 32, iters: 3947, time: 0.488, data: 0.002) G_GAN_ViT: 0.544 D_real_ViT: 0.336 D_fake_ViT: 0.115 global: 0.462 spatial: 0.096 
(epoch: 32, iters: 4047, time: 0.486, data: 0.001) G_GAN_ViT: 0.543 D_real_ViT: 0.077 D_fake_ViT: 0.124 global: 0.290 spatial: 0.068 
(epoch: 32, iters: 4147, time: 0.487, data: 0.001) G_GAN_ViT: 0.482 D_real_ViT: 0.174 D_fake_ViT: 0.129 global: 0.413 spatial: 0.071 
(epoch: 32, iters: 4247, time: 0.487, data: 0.001) G_GAN_ViT: 0.500 D_real_ViT: 0.187 D_fake_ViT: 0.148 global: 0.338 spatial: 0.076 
(epoch: 32, iters: 4347, time: 0.487, data: 0.001) G_GAN_ViT: 0.302 D_real_ViT: 0.202 D_fake_ViT: 0.279 global: 0.420 spatial: 0.087 
(epoch: 32, iters: 4447, time: 0.487, data: 0.001) G_GAN_ViT: 0.301 D_real_ViT: 0.194 D_fake_ViT: 0.288 global: 0.565 spatial: 0.105 
(epoch: 32, iters: 4547, time: 0.487, data: 0.001) G_GAN_ViT: 0.433 D_real_ViT: 0.064 D_fake_ViT: 0.190 global: 0.408 spatial: 0.077 
(epoch: 32, iters: 4647, time: 0.487, data: 0.001) G_GAN_ViT: 0.282 D_real_ViT: 0.301 D_fake_ViT: 0.262 global: 0.423 spatial: 0.074 
saving the latest model (epoch 32, total_iters 205000)
ICL_single_traffic_hwy
(epoch: 32, iters: 4747, time: 0.487, data: 0.001) G_GAN_ViT: 0.521 D_real_ViT: 0.354 D_fake_ViT: 0.109 global: 0.454 spatial: 0.081 
(epoch: 32, iters: 4847, time: 0.487, data: 0.001) G_GAN_ViT: 0.313 D_real_ViT: 0.186 D_fake_ViT: 0.250 global: 0.484 spatial: 0.078 
(epoch: 32, iters: 4947, time: 0.487, data: 0.001) G_GAN_ViT: 0.440 D_real_ViT: 0.221 D_fake_ViT: 0.155 global: 0.358 spatial: 0.079 
(epoch: 32, iters: 5047, time: 0.488, data: 0.001) G_GAN_ViT: 0.403 D_real_ViT: 0.209 D_fake_ViT: 0.201 global: 0.443 spatial: 0.094 
(epoch: 32, iters: 5147, time: 0.487, data: 0.002) G_GAN_ViT: 0.434 D_real_ViT: 0.311 D_fake_ViT: 0.165 global: 0.471 spatial: 0.087 
(epoch: 32, iters: 5247, time: 0.487, data: 0.001) G_GAN_ViT: 0.376 D_real_ViT: 0.135 D_fake_ViT: 0.205 global: 0.481 spatial: 0.111 
(epoch: 32, iters: 5347, time: 0.487, data: 0.001) G_GAN_ViT: 0.303 D_real_ViT: 0.137 D_fake_ViT: 0.285 global: 0.442 spatial: 0.086 
(epoch: 32, iters: 5447, time: 0.487, data: 0.001) G_GAN_ViT: 0.388 D_real_ViT: 0.159 D_fake_ViT: 0.186 global: 0.363 spatial: 0.083 
(epoch: 32, iters: 5547, time: 0.488, data: 0.002) G_GAN_ViT: 0.467 D_real_ViT: 0.278 D_fake_ViT: 0.178 global: 0.406 spatial: 0.090 
(epoch: 32, iters: 5647, time: 0.488, data: 0.001) G_GAN_ViT: 0.455 D_real_ViT: 0.189 D_fake_ViT: 0.174 global: 0.607 spatial: 0.104 
(epoch: 32, iters: 5747, time: 0.488, data: 0.001) G_GAN_ViT: 0.355 D_real_ViT: 0.253 D_fake_ViT: 0.200 global: 0.441 spatial: 0.075 
(epoch: 32, iters: 5847, time: 0.486, data: 0.001) G_GAN_ViT: 0.410 D_real_ViT: 0.098 D_fake_ViT: 0.202 global: 0.495 spatial: 0.089 
(epoch: 32, iters: 5947, time: 0.485, data: 0.002) G_GAN_ViT: 0.454 D_real_ViT: 0.147 D_fake_ViT: 0.148 global: 0.388 spatial: 0.074 
(epoch: 32, iters: 6047, time: 0.486, data: 0.001) G_GAN_ViT: 0.274 D_real_ViT: 0.276 D_fake_ViT: 0.266 global: 0.416 spatial: 0.076 
(epoch: 32, iters: 6147, time: 0.487, data: 0.001) G_GAN_ViT: 0.411 D_real_ViT: 0.098 D_fake_ViT: 0.194 global: 0.476 spatial: 0.099 
(epoch: 32, iters: 6247, time: 0.487, data: 0.001) G_GAN_ViT: 0.385 D_real_ViT: 0.155 D_fake_ViT: 0.186 global: 0.437 spatial: 0.080 
(epoch: 32, iters: 6347, time: 0.487, data: 0.001) G_GAN_ViT: 0.379 D_real_ViT: 0.323 D_fake_ViT: 0.223 global: 0.507 spatial: 0.104 
(epoch: 32, iters: 6447, time: 0.487, data: 0.001) G_GAN_ViT: 0.517 D_real_ViT: 0.121 D_fake_ViT: 0.125 global: 0.463 spatial: 0.084 
End of epoch 32 / 100 	 Time Taken: 3156 sec
learning rate = 0.0000100
(epoch: 33, iters: 84, time: 0.487, data: 0.001) G_GAN_ViT: 0.350 D_real_ViT: 0.261 D_fake_ViT: 0.214 global: 0.465 spatial: 0.088 
(epoch: 33, iters: 184, time: 0.487, data: 0.001) G_GAN_ViT: 0.372 D_real_ViT: 0.194 D_fake_ViT: 0.216 global: 0.419 spatial: 0.086 
(epoch: 33, iters: 284, time: 0.487, data: 0.001) G_GAN_ViT: 0.441 D_real_ViT: 0.191 D_fake_ViT: 0.194 global: 0.522 spatial: 0.111 
(epoch: 33, iters: 384, time: 0.487, data: 0.001) G_GAN_ViT: 0.420 D_real_ViT: 0.106 D_fake_ViT: 0.202 global: 0.486 spatial: 0.094 
(epoch: 33, iters: 484, time: 0.488, data: 0.001) G_GAN_ViT: 0.346 D_real_ViT: 0.228 D_fake_ViT: 0.218 global: 0.410 spatial: 0.085 
(epoch: 33, iters: 584, time: 0.488, data: 0.002) G_GAN_ViT: 0.504 D_real_ViT: 0.065 D_fake_ViT: 0.135 global: 0.338 spatial: 0.061 
(epoch: 33, iters: 684, time: 0.488, data: 0.001) G_GAN_ViT: 0.381 D_real_ViT: 0.128 D_fake_ViT: 0.202 global: 0.378 spatial: 0.082 
(epoch: 33, iters: 784, time: 0.488, data: 0.001) G_GAN_ViT: 0.298 D_real_ViT: 0.080 D_fake_ViT: 0.268 global: 0.354 spatial: 0.078 
(epoch: 33, iters: 884, time: 0.487, data: 0.002) G_GAN_ViT: 0.328 D_real_ViT: 0.229 D_fake_ViT: 0.234 global: 0.440 spatial: 0.079 
(epoch: 33, iters: 984, time: 0.487, data: 0.002) G_GAN_ViT: 0.386 D_real_ViT: 0.301 D_fake_ViT: 0.190 global: 0.330 spatial: 0.061 
(epoch: 33, iters: 1084, time: 0.487, data: 0.001) G_GAN_ViT: 0.423 D_real_ViT: 0.228 D_fake_ViT: 0.185 global: 0.340 spatial: 0.072 
(epoch: 33, iters: 1184, time: 0.487, data: 0.001) G_GAN_ViT: 0.394 D_real_ViT: 0.207 D_fake_ViT: 0.226 global: 0.394 spatial: 0.087 
(epoch: 33, iters: 1284, time: 0.487, data: 0.001) G_GAN_ViT: 0.353 D_real_ViT: 0.128 D_fake_ViT: 0.226 global: 0.415 spatial: 0.088 
(epoch: 33, iters: 1384, time: 0.487, data: 0.001) G_GAN_ViT: 0.338 D_real_ViT: 0.251 D_fake_ViT: 0.210 global: 0.344 spatial: 0.064 
(epoch: 33, iters: 1484, time: 0.487, data: 0.001) G_GAN_ViT: 0.367 D_real_ViT: 0.260 D_fake_ViT: 0.201 global: 0.412 spatial: 0.086 
(epoch: 33, iters: 1584, time: 0.488, data: 0.001) G_GAN_ViT: 0.382 D_real_ViT: 0.154 D_fake_ViT: 0.183 global: 0.388 spatial: 0.067 
(epoch: 33, iters: 1684, time: 0.488, data: 0.001) G_GAN_ViT: 0.334 D_real_ViT: 0.241 D_fake_ViT: 0.222 global: 0.441 spatial: 0.083 
(epoch: 33, iters: 1784, time: 0.487, data: 0.001) G_GAN_ViT: 0.397 D_real_ViT: 0.262 D_fake_ViT: 0.177 global: 0.456 spatial: 0.080 
(epoch: 33, iters: 1884, time: 0.487, data: 0.001) G_GAN_ViT: 0.329 D_real_ViT: 0.278 D_fake_ViT: 0.226 global: 0.293 spatial: 0.076 
(epoch: 33, iters: 1984, time: 0.487, data: 0.001) G_GAN_ViT: 0.537 D_real_ViT: 0.258 D_fake_ViT: 0.120 global: 0.333 spatial: 0.068 
(epoch: 33, iters: 2084, time: 0.487, data: 0.001) G_GAN_ViT: 0.430 D_real_ViT: 0.204 D_fake_ViT: 0.184 global: 0.378 spatial: 0.075 
(epoch: 33, iters: 2184, time: 0.487, data: 0.001) G_GAN_ViT: 0.386 D_real_ViT: 0.111 D_fake_ViT: 0.197 global: 0.485 spatial: 0.098 
(epoch: 33, iters: 2284, time: 0.487, data: 0.001) G_GAN_ViT: 0.316 D_real_ViT: 0.272 D_fake_ViT: 0.252 global: 0.448 spatial: 0.091 
(epoch: 33, iters: 2384, time: 0.487, data: 0.001) G_GAN_ViT: 0.503 D_real_ViT: 0.256 D_fake_ViT: 0.129 global: 0.398 spatial: 0.082 
(epoch: 33, iters: 2484, time: 0.487, data: 0.001) G_GAN_ViT: 0.281 D_real_ViT: 0.119 D_fake_ViT: 0.275 global: 0.406 spatial: 0.086 
(epoch: 33, iters: 2584, time: 0.487, data: 0.001) G_GAN_ViT: 0.428 D_real_ViT: 0.188 D_fake_ViT: 0.196 global: 0.508 spatial: 0.101 
(epoch: 33, iters: 2684, time: 0.487, data: 0.001) G_GAN_ViT: 0.373 D_real_ViT: 0.122 D_fake_ViT: 0.220 global: 0.424 spatial: 0.094 
(epoch: 33, iters: 2784, time: 0.487, data: 0.001) G_GAN_ViT: 0.371 D_real_ViT: 0.125 D_fake_ViT: 0.191 global: 0.308 spatial: 0.058 
(epoch: 33, iters: 2884, time: 0.486, data: 0.001) G_GAN_ViT: 0.511 D_real_ViT: 0.282 D_fake_ViT: 0.112 global: 0.411 spatial: 0.077 
(epoch: 33, iters: 2984, time: 0.486, data: 0.001) G_GAN_ViT: 0.402 D_real_ViT: 0.199 D_fake_ViT: 0.169 global: 0.427 spatial: 0.088 
(epoch: 33, iters: 3084, time: 0.487, data: 0.001) G_GAN_ViT: 0.480 D_real_ViT: 0.146 D_fake_ViT: 0.153 global: 0.628 spatial: 0.100 
(epoch: 33, iters: 3184, time: 0.487, data: 0.001) G_GAN_ViT: 0.453 D_real_ViT: 0.108 D_fake_ViT: 0.145 global: 0.343 spatial: 0.065 
saving the latest model (epoch 33, total_iters 210000)
ICL_single_traffic_hwy
(epoch: 33, iters: 3284, time: 0.487, data: 0.001) G_GAN_ViT: 0.438 D_real_ViT: 0.211 D_fake_ViT: 0.163 global: 0.400 spatial: 0.068 
(epoch: 33, iters: 3384, time: 0.487, data: 0.001) G_GAN_ViT: 0.382 D_real_ViT: 0.267 D_fake_ViT: 0.194 global: 0.449 spatial: 0.095 
(epoch: 33, iters: 3484, time: 0.487, data: 0.001) G_GAN_ViT: 0.390 D_real_ViT: 0.242 D_fake_ViT: 0.210 global: 0.318 spatial: 0.073 
(epoch: 33, iters: 3584, time: 0.488, data: 0.001) G_GAN_ViT: 0.343 D_real_ViT: 0.116 D_fake_ViT: 0.241 global: 0.458 spatial: 0.080 
(epoch: 33, iters: 3684, time: 0.487, data: 0.001) G_GAN_ViT: 0.469 D_real_ViT: 0.154 D_fake_ViT: 0.143 global: 0.433 spatial: 0.084 
(epoch: 33, iters: 3784, time: 0.487, data: 0.001) G_GAN_ViT: 0.348 D_real_ViT: 0.214 D_fake_ViT: 0.208 global: 0.373 spatial: 0.083 
(epoch: 33, iters: 3884, time: 0.487, data: 0.001) G_GAN_ViT: 0.326 D_real_ViT: 0.240 D_fake_ViT: 0.237 global: 0.518 spatial: 0.086 
(epoch: 33, iters: 3984, time: 0.487, data: 0.001) G_GAN_ViT: 0.287 D_real_ViT: 0.116 D_fake_ViT: 0.283 global: 0.441 spatial: 0.077 
(epoch: 33, iters: 4084, time: 0.487, data: 0.001) G_GAN_ViT: 0.349 D_real_ViT: 0.192 D_fake_ViT: 0.241 global: 0.488 spatial: 0.089 
(epoch: 33, iters: 4184, time: 0.487, data: 0.001) G_GAN_ViT: 0.381 D_real_ViT: 0.210 D_fake_ViT: 0.211 global: 0.532 spatial: 0.100 
(epoch: 33, iters: 4284, time: 0.487, data: 0.001) G_GAN_ViT: 0.411 D_real_ViT: 0.343 D_fake_ViT: 0.200 global: 0.476 spatial: 0.101 
(epoch: 33, iters: 4384, time: 0.486, data: 0.002) G_GAN_ViT: 0.416 D_real_ViT: 0.295 D_fake_ViT: 0.167 global: 0.422 spatial: 0.086 
(epoch: 33, iters: 4484, time: 0.486, data: 0.001) G_GAN_ViT: 0.562 D_real_ViT: 0.144 D_fake_ViT: 0.127 global: 0.366 spatial: 0.089 
(epoch: 33, iters: 4584, time: 0.486, data: 0.001) G_GAN_ViT: 0.379 D_real_ViT: 0.241 D_fake_ViT: 0.194 global: 0.451 spatial: 0.075 
(epoch: 33, iters: 4684, time: 0.487, data: 0.001) G_GAN_ViT: 0.239 D_real_ViT: 0.094 D_fake_ViT: 0.328 global: 0.463 spatial: 0.070 
(epoch: 33, iters: 4784, time: 0.487, data: 0.001) G_GAN_ViT: 0.454 D_real_ViT: 0.269 D_fake_ViT: 0.171 global: 0.512 spatial: 0.110 
(epoch: 33, iters: 4884, time: 0.487, data: 0.001) G_GAN_ViT: 0.382 D_real_ViT: 0.118 D_fake_ViT: 0.184 global: 0.476 spatial: 0.083 
(epoch: 33, iters: 4984, time: 0.487, data: 0.001) G_GAN_ViT: 0.428 D_real_ViT: 0.176 D_fake_ViT: 0.178 global: 0.392 spatial: 0.066 
(epoch: 33, iters: 5084, time: 0.487, data: 0.001) G_GAN_ViT: 0.375 D_real_ViT: 0.292 D_fake_ViT: 0.185 global: 0.390 spatial: 0.085 
(epoch: 33, iters: 5184, time: 0.487, data: 0.001) G_GAN_ViT: 0.402 D_real_ViT: 0.055 D_fake_ViT: 0.204 global: 0.464 spatial: 0.091 
(epoch: 33, iters: 5284, time: 0.487, data: 0.001) G_GAN_ViT: 0.642 D_real_ViT: 0.153 D_fake_ViT: 0.080 global: 0.362 spatial: 0.074 
(epoch: 33, iters: 5384, time: 0.487, data: 0.001) G_GAN_ViT: 0.325 D_real_ViT: 0.157 D_fake_ViT: 0.228 global: 0.405 spatial: 0.073 
(epoch: 33, iters: 5484, time: 0.487, data: 0.001) G_GAN_ViT: 0.440 D_real_ViT: 0.149 D_fake_ViT: 0.160 global: 0.379 spatial: 0.079 
(epoch: 33, iters: 5584, time: 0.487, data: 0.001) G_GAN_ViT: 0.509 D_real_ViT: 0.223 D_fake_ViT: 0.132 global: 0.331 spatial: 0.087 
(epoch: 33, iters: 5684, time: 0.487, data: 0.001) G_GAN_ViT: 0.403 D_real_ViT: 0.130 D_fake_ViT: 0.185 global: 0.423 spatial: 0.080 
(epoch: 33, iters: 5784, time: 0.486, data: 0.001) G_GAN_ViT: 0.331 D_real_ViT: 0.302 D_fake_ViT: 0.231 global: 0.497 spatial: 0.085 
(epoch: 33, iters: 5884, time: 0.487, data: 0.001) G_GAN_ViT: 0.453 D_real_ViT: 0.129 D_fake_ViT: 0.192 global: 0.374 spatial: 0.094 
(epoch: 33, iters: 5984, time: 0.487, data: 0.002) G_GAN_ViT: 0.420 D_real_ViT: 0.351 D_fake_ViT: 0.173 global: 0.482 spatial: 0.091 
(epoch: 33, iters: 6084, time: 0.487, data: 0.002) G_GAN_ViT: 0.311 D_real_ViT: 0.084 D_fake_ViT: 0.299 global: 0.438 spatial: 0.089 
(epoch: 33, iters: 6184, time: 0.487, data: 0.001) G_GAN_ViT: 0.270 D_real_ViT: 0.266 D_fake_ViT: 0.285 global: 0.377 spatial: 0.080 
(epoch: 33, iters: 6284, time: 0.487, data: 0.001) G_GAN_ViT: 0.539 D_real_ViT: 0.277 D_fake_ViT: 0.098 global: 0.463 spatial: 0.062 
(epoch: 33, iters: 6384, time: 0.486, data: 0.002) G_GAN_ViT: 0.477 D_real_ViT: 0.334 D_fake_ViT: 0.150 global: 0.398 spatial: 0.076 
End of epoch 33 / 100 	 Time Taken: 3158 sec
learning rate = 0.0000100
(epoch: 34, iters: 21, time: 0.486, data: 0.001) G_GAN_ViT: 0.393 D_real_ViT: 0.287 D_fake_ViT: 0.206 global: 0.391 spatial: 0.083 
(epoch: 34, iters: 121, time: 0.486, data: 0.001) G_GAN_ViT: 0.438 D_real_ViT: 0.255 D_fake_ViT: 0.168 global: 0.340 spatial: 0.081 
(epoch: 34, iters: 221, time: 0.486, data: 0.001) G_GAN_ViT: 0.426 D_real_ViT: 0.157 D_fake_ViT: 0.189 global: 0.389 spatial: 0.090 
(epoch: 34, iters: 321, time: 0.486, data: 0.001) G_GAN_ViT: 0.491 D_real_ViT: 0.237 D_fake_ViT: 0.153 global: 0.326 spatial: 0.078 
(epoch: 34, iters: 421, time: 0.487, data: 0.001) G_GAN_ViT: 0.471 D_real_ViT: 0.108 D_fake_ViT: 0.145 global: 0.468 spatial: 0.080 
(epoch: 34, iters: 521, time: 0.487, data: 0.002) G_GAN_ViT: 0.540 D_real_ViT: 0.321 D_fake_ViT: 0.122 global: 0.311 spatial: 0.073 
(epoch: 34, iters: 621, time: 0.487, data: 0.001) G_GAN_ViT: 0.463 D_real_ViT: 0.261 D_fake_ViT: 0.148 global: 0.291 spatial: 0.071 
(epoch: 34, iters: 721, time: 0.487, data: 0.002) G_GAN_ViT: 0.453 D_real_ViT: 0.283 D_fake_ViT: 0.173 global: 0.515 spatial: 0.096 
(epoch: 34, iters: 821, time: 0.486, data: 0.001) G_GAN_ViT: 0.484 D_real_ViT: 0.273 D_fake_ViT: 0.127 global: 0.544 spatial: 0.083 
(epoch: 34, iters: 921, time: 0.486, data: 0.002) G_GAN_ViT: 0.403 D_real_ViT: 0.247 D_fake_ViT: 0.184 global: 0.475 spatial: 0.092 
(epoch: 34, iters: 1021, time: 0.486, data: 0.001) G_GAN_ViT: 0.422 D_real_ViT: 0.112 D_fake_ViT: 0.166 global: 0.452 spatial: 0.088 
(epoch: 34, iters: 1121, time: 0.487, data: 0.005) G_GAN_ViT: 0.481 D_real_ViT: 0.230 D_fake_ViT: 0.161 global: 0.347 spatial: 0.088 
(epoch: 34, iters: 1221, time: 0.486, data: 0.001) G_GAN_ViT: 0.279 D_real_ViT: 0.247 D_fake_ViT: 0.257 global: 0.374 spatial: 0.079 
(epoch: 34, iters: 1321, time: 0.486, data: 0.002) G_GAN_ViT: 0.423 D_real_ViT: 0.206 D_fake_ViT: 0.167 global: 0.376 spatial: 0.071 
(epoch: 34, iters: 1421, time: 0.485, data: 0.002) G_GAN_ViT: 0.411 D_real_ViT: 0.282 D_fake_ViT: 0.187 global: 0.414 spatial: 0.077 
(epoch: 34, iters: 1521, time: 0.486, data: 0.001) G_GAN_ViT: 0.349 D_real_ViT: 0.176 D_fake_ViT: 0.211 global: 0.457 spatial: 0.074 
(epoch: 34, iters: 1621, time: 0.486, data: 0.002) G_GAN_ViT: 0.448 D_real_ViT: 0.280 D_fake_ViT: 0.169 global: 0.334 spatial: 0.076 
(epoch: 34, iters: 1721, time: 0.487, data: 0.001) G_GAN_ViT: 0.477 D_real_ViT: 0.229 D_fake_ViT: 0.152 global: 0.270 spatial: 0.061 
saving the latest model (epoch 34, total_iters 215000)
ICL_single_traffic_hwy
(epoch: 34, iters: 1821, time: 0.487, data: 0.002) G_GAN_ViT: 0.361 D_real_ViT: 0.221 D_fake_ViT: 0.206 global: 0.394 spatial: 0.090 
(epoch: 34, iters: 1921, time: 0.487, data: 0.002) G_GAN_ViT: 0.280 D_real_ViT: 0.182 D_fake_ViT: 0.300 global: 0.406 spatial: 0.080 
(epoch: 34, iters: 2021, time: 0.487, data: 0.001) G_GAN_ViT: 0.334 D_real_ViT: 0.193 D_fake_ViT: 0.238 global: 0.415 spatial: 0.081 
(epoch: 34, iters: 2121, time: 0.488, data: 0.001) G_GAN_ViT: 0.368 D_real_ViT: 0.187 D_fake_ViT: 0.224 global: 0.258 spatial: 0.066 
(epoch: 34, iters: 2221, time: 0.488, data: 0.001) G_GAN_ViT: 0.421 D_real_ViT: 0.210 D_fake_ViT: 0.177 global: 0.491 spatial: 0.090 
(epoch: 34, iters: 2321, time: 0.488, data: 0.001) G_GAN_ViT: 0.301 D_real_ViT: 0.186 D_fake_ViT: 0.287 global: 0.422 spatial: 0.094 
(epoch: 34, iters: 2421, time: 0.488, data: 0.002) G_GAN_ViT: 0.448 D_real_ViT: 0.221 D_fake_ViT: 0.140 global: 0.382 spatial: 0.086 
(epoch: 34, iters: 2521, time: 0.488, data: 0.001) G_GAN_ViT: 0.503 D_real_ViT: 0.108 D_fake_ViT: 0.138 global: 0.391 spatial: 0.082 
(epoch: 34, iters: 2621, time: 0.488, data: 0.002) G_GAN_ViT: 0.357 D_real_ViT: 0.193 D_fake_ViT: 0.209 global: 0.437 spatial: 0.085 
(epoch: 34, iters: 2721, time: 0.488, data: 0.002) G_GAN_ViT: 0.361 D_real_ViT: 0.257 D_fake_ViT: 0.216 global: 0.484 spatial: 0.090 
(epoch: 34, iters: 2821, time: 0.488, data: 0.002) G_GAN_ViT: 0.572 D_real_ViT: 0.281 D_fake_ViT: 0.101 global: 0.405 spatial: 0.094 
(epoch: 34, iters: 2921, time: 0.486, data: 0.002) G_GAN_ViT: 0.306 D_real_ViT: 0.052 D_fake_ViT: 0.263 global: 0.509 spatial: 0.083 
(epoch: 34, iters: 3021, time: 0.486, data: 0.002) G_GAN_ViT: 0.545 D_real_ViT: 0.244 D_fake_ViT: 0.114 global: 0.531 spatial: 0.098 
(epoch: 34, iters: 3121, time: 0.487, data: 0.002) G_GAN_ViT: 0.542 D_real_ViT: 0.194 D_fake_ViT: 0.126 global: 0.439 spatial: 0.098 
(epoch: 34, iters: 3221, time: 0.487, data: 0.002) G_GAN_ViT: 0.526 D_real_ViT: 0.232 D_fake_ViT: 0.127 global: 0.309 spatial: 0.067 
(epoch: 34, iters: 3321, time: 0.487, data: 0.001) G_GAN_ViT: 0.433 D_real_ViT: 0.210 D_fake_ViT: 0.158 global: 0.333 spatial: 0.062 
(epoch: 34, iters: 3421, time: 0.487, data: 0.001) G_GAN_ViT: 0.373 D_real_ViT: 0.217 D_fake_ViT: 0.195 global: 0.503 spatial: 0.095 
(epoch: 34, iters: 3521, time: 0.488, data: 0.001) G_GAN_ViT: 0.335 D_real_ViT: 0.162 D_fake_ViT: 0.271 global: 0.436 spatial: 0.080 
(epoch: 34, iters: 3621, time: 0.488, data: 0.001) G_GAN_ViT: 0.394 D_real_ViT: 0.225 D_fake_ViT: 0.174 global: 0.418 spatial: 0.077 
(epoch: 34, iters: 3721, time: 0.488, data: 0.001) G_GAN_ViT: 0.407 D_real_ViT: 0.044 D_fake_ViT: 0.193 global: 0.458 spatial: 0.105 
(epoch: 34, iters: 3821, time: 0.488, data: 0.001) G_GAN_ViT: 0.467 D_real_ViT: 0.224 D_fake_ViT: 0.179 global: 0.387 spatial: 0.097 
(epoch: 34, iters: 3921, time: 0.488, data: 0.001) G_GAN_ViT: 0.320 D_real_ViT: 0.093 D_fake_ViT: 0.240 global: 0.416 spatial: 0.071 
(epoch: 34, iters: 4021, time: 0.488, data: 0.002) G_GAN_ViT: 0.374 D_real_ViT: 0.079 D_fake_ViT: 0.194 global: 0.432 spatial: 0.078 
(epoch: 34, iters: 4121, time: 0.488, data: 0.002) G_GAN_ViT: 0.455 D_real_ViT: 0.167 D_fake_ViT: 0.143 global: 0.331 spatial: 0.060 
(epoch: 34, iters: 4221, time: 0.488, data: 0.001) G_GAN_ViT: 0.396 D_real_ViT: 0.190 D_fake_ViT: 0.174 global: 0.348 spatial: 0.072 
(epoch: 34, iters: 4321, time: 0.488, data: 0.001) G_GAN_ViT: 0.431 D_real_ViT: 0.190 D_fake_ViT: 0.224 global: 0.400 spatial: 0.105 
(epoch: 34, iters: 4421, time: 0.488, data: 0.002) G_GAN_ViT: 0.434 D_real_ViT: 0.218 D_fake_ViT: 0.168 global: 0.427 spatial: 0.087 
(epoch: 34, iters: 4521, time: 0.488, data: 0.001) G_GAN_ViT: 0.315 D_real_ViT: 0.121 D_fake_ViT: 0.245 global: 0.495 spatial: 0.092 
(epoch: 34, iters: 4621, time: 0.488, data: 0.002) G_GAN_ViT: 0.437 D_real_ViT: 0.274 D_fake_ViT: 0.143 global: 0.425 spatial: 0.090 
(epoch: 34, iters: 4721, time: 0.488, data: 0.001) G_GAN_ViT: 0.501 D_real_ViT: 0.373 D_fake_ViT: 0.126 global: 0.347 spatial: 0.069 
(epoch: 34, iters: 4821, time: 0.488, data: 0.001) G_GAN_ViT: 0.348 D_real_ViT: 0.214 D_fake_ViT: 0.230 global: 0.523 spatial: 0.091 
(epoch: 34, iters: 4921, time: 0.487, data: 0.001) G_GAN_ViT: 0.403 D_real_ViT: 0.147 D_fake_ViT: 0.176 global: 0.462 spatial: 0.080 
(epoch: 34, iters: 5021, time: 0.488, data: 0.001) G_GAN_ViT: 0.502 D_real_ViT: 0.162 D_fake_ViT: 0.162 global: 0.346 spatial: 0.071 
(epoch: 34, iters: 5121, time: 0.487, data: 0.002) G_GAN_ViT: 0.518 D_real_ViT: 0.295 D_fake_ViT: 0.173 global: 0.466 spatial: 0.104 
(epoch: 34, iters: 5221, time: 0.488, data: 0.001) G_GAN_ViT: 0.479 D_real_ViT: 0.148 D_fake_ViT: 0.138 global: 0.495 spatial: 0.075 
(epoch: 34, iters: 5321, time: 0.488, data: 0.001) G_GAN_ViT: 0.399 D_real_ViT: 0.319 D_fake_ViT: 0.173 global: 0.394 spatial: 0.082 
(epoch: 34, iters: 5421, time: 0.487, data: 0.001) G_GAN_ViT: 0.370 D_real_ViT: 0.254 D_fake_ViT: 0.185 global: 0.403 spatial: 0.076 
(epoch: 34, iters: 5521, time: 0.487, data: 0.001) G_GAN_ViT: 0.556 D_real_ViT: 0.087 D_fake_ViT: 0.104 global: 0.483 spatial: 0.098 
(epoch: 34, iters: 5621, time: 0.487, data: 0.002) G_GAN_ViT: 0.471 D_real_ViT: 0.115 D_fake_ViT: 0.153 global: 0.351 spatial: 0.065 
(epoch: 34, iters: 5721, time: 0.487, data: 0.001) G_GAN_ViT: 0.423 D_real_ViT: 0.222 D_fake_ViT: 0.167 global: 0.399 spatial: 0.068 
(epoch: 34, iters: 5821, time: 0.488, data: 0.001) G_GAN_ViT: 0.443 D_real_ViT: 0.101 D_fake_ViT: 0.167 global: 0.433 spatial: 0.069 
(epoch: 34, iters: 5921, time: 0.488, data: 0.001) G_GAN_ViT: 0.448 D_real_ViT: 0.187 D_fake_ViT: 0.169 global: 0.529 spatial: 0.089 
(epoch: 34, iters: 6021, time: 0.487, data: 0.002) G_GAN_ViT: 0.283 D_real_ViT: 0.182 D_fake_ViT: 0.328 global: 0.520 spatial: 0.107 
(epoch: 34, iters: 6121, time: 0.487, data: 0.001) G_GAN_ViT: 0.519 D_real_ViT: 0.205 D_fake_ViT: 0.141 global: 0.388 spatial: 0.093 
(epoch: 34, iters: 6221, time: 0.487, data: 0.001) G_GAN_ViT: 0.379 D_real_ViT: 0.171 D_fake_ViT: 0.203 global: 0.372 spatial: 0.079 
(epoch: 34, iters: 6321, time: 0.487, data: 0.001) G_GAN_ViT: 0.440 D_real_ViT: 0.157 D_fake_ViT: 0.165 global: 0.421 spatial: 0.088 
(epoch: 34, iters: 6421, time: 0.487, data: 0.002) G_GAN_ViT: 0.426 D_real_ViT: 0.252 D_fake_ViT: 0.209 global: 0.361 spatial: 0.086 
End of epoch 34 / 100 	 Time Taken: 3160 sec
learning rate = 0.0000100
(epoch: 35, iters: 58, time: 0.487, data: 0.002) G_GAN_ViT: 0.379 D_real_ViT: 0.190 D_fake_ViT: 0.196 global: 0.458 spatial: 0.081 
(epoch: 35, iters: 158, time: 0.487, data: 0.001) G_GAN_ViT: 0.429 D_real_ViT: 0.208 D_fake_ViT: 0.177 global: 0.365 spatial: 0.091 
(epoch: 35, iters: 258, time: 0.487, data: 0.002) G_GAN_ViT: 0.393 D_real_ViT: 0.182 D_fake_ViT: 0.205 global: 0.372 spatial: 0.079 
saving the latest model (epoch 35, total_iters 220000)
ICL_single_traffic_hwy
(epoch: 35, iters: 358, time: 0.487, data: 0.001) G_GAN_ViT: 0.392 D_real_ViT: 0.075 D_fake_ViT: 0.185 global: 0.458 spatial: 0.094 
(epoch: 35, iters: 458, time: 0.488, data: 0.001) G_GAN_ViT: 0.487 D_real_ViT: 0.246 D_fake_ViT: 0.134 global: 0.383 spatial: 0.075 
(epoch: 35, iters: 558, time: 0.487, data: 0.001) G_GAN_ViT: 0.504 D_real_ViT: 0.182 D_fake_ViT: 0.136 global: 0.407 spatial: 0.076 
(epoch: 35, iters: 658, time: 0.487, data: 0.002) G_GAN_ViT: 0.253 D_real_ViT: 0.343 D_fake_ViT: 0.293 global: 0.408 spatial: 0.083 
(epoch: 35, iters: 758, time: 0.487, data: 0.002) G_GAN_ViT: 0.562 D_real_ViT: 0.206 D_fake_ViT: 0.117 global: 0.381 spatial: 0.075 
(epoch: 35, iters: 858, time: 0.488, data: 0.002) G_GAN_ViT: 0.460 D_real_ViT: 0.254 D_fake_ViT: 0.158 global: 0.534 spatial: 0.090 
(epoch: 35, iters: 958, time: 0.488, data: 0.002) G_GAN_ViT: 0.341 D_real_ViT: 0.090 D_fake_ViT: 0.217 global: 0.449 spatial: 0.093 
(epoch: 35, iters: 1058, time: 0.489, data: 0.001) G_GAN_ViT: 0.414 D_real_ViT: 0.227 D_fake_ViT: 0.214 global: 0.329 spatial: 0.083 
(epoch: 35, iters: 1158, time: 0.489, data: 0.002) G_GAN_ViT: 0.500 D_real_ViT: 0.109 D_fake_ViT: 0.159 global: 0.385 spatial: 0.098 
(epoch: 35, iters: 1258, time: 0.489, data: 0.001) G_GAN_ViT: 0.448 D_real_ViT: 0.205 D_fake_ViT: 0.165 global: 0.376 spatial: 0.070 
(epoch: 35, iters: 1358, time: 0.489, data: 0.002) G_GAN_ViT: 0.546 D_real_ViT: 0.325 D_fake_ViT: 0.134 global: 0.587 spatial: 0.100 
(epoch: 35, iters: 1458, time: 0.488, data: 0.002) G_GAN_ViT: 0.370 D_real_ViT: 0.086 D_fake_ViT: 0.200 global: 0.566 spatial: 0.101 
(epoch: 35, iters: 1558, time: 0.487, data: 0.002) G_GAN_ViT: 0.379 D_real_ViT: 0.153 D_fake_ViT: 0.209 global: 0.416 spatial: 0.081 
(epoch: 35, iters: 1658, time: 0.487, data: 0.001) G_GAN_ViT: 0.366 D_real_ViT: 0.149 D_fake_ViT: 0.215 global: 0.372 spatial: 0.068 
(epoch: 35, iters: 1758, time: 0.487, data: 0.002) G_GAN_ViT: 0.472 D_real_ViT: 0.231 D_fake_ViT: 0.178 global: 0.401 spatial: 0.090 
(epoch: 35, iters: 1858, time: 0.488, data: 0.002) G_GAN_ViT: 0.341 D_real_ViT: 0.164 D_fake_ViT: 0.251 global: 0.524 spatial: 0.104 
(epoch: 35, iters: 1958, time: 0.488, data: 0.001) G_GAN_ViT: 0.439 D_real_ViT: 0.260 D_fake_ViT: 0.158 global: 0.344 spatial: 0.068 
(epoch: 35, iters: 2058, time: 0.488, data: 0.002) G_GAN_ViT: 0.411 D_real_ViT: 0.229 D_fake_ViT: 0.182 global: 0.441 spatial: 0.091 
(epoch: 35, iters: 2158, time: 0.488, data: 0.001) G_GAN_ViT: 0.291 D_real_ViT: 0.195 D_fake_ViT: 0.282 global: 0.396 spatial: 0.083 
(epoch: 35, iters: 2258, time: 0.488, data: 0.001) G_GAN_ViT: 0.398 D_real_ViT: 0.170 D_fake_ViT: 0.183 global: 0.469 spatial: 0.091 
(epoch: 35, iters: 2358, time: 0.488, data: 0.002) G_GAN_ViT: 0.511 D_real_ViT: 0.175 D_fake_ViT: 0.136 global: 0.429 spatial: 0.095 
(epoch: 35, iters: 2458, time: 0.489, data: 0.002) G_GAN_ViT: 0.333 D_real_ViT: 0.146 D_fake_ViT: 0.251 global: 0.406 spatial: 0.080 
(epoch: 35, iters: 2558, time: 0.488, data: 0.001) G_GAN_ViT: 0.497 D_real_ViT: 0.339 D_fake_ViT: 0.127 global: 0.432 spatial: 0.082 
(epoch: 35, iters: 2658, time: 0.489, data: 0.002) G_GAN_ViT: 0.557 D_real_ViT: 0.199 D_fake_ViT: 0.138 global: 0.374 spatial: 0.090 
(epoch: 35, iters: 2758, time: 0.489, data: 0.002) G_GAN_ViT: 0.423 D_real_ViT: 0.263 D_fake_ViT: 0.179 global: 0.323 spatial: 0.085 
(epoch: 35, iters: 2858, time: 0.489, data: 0.002) G_GAN_ViT: 0.541 D_real_ViT: 0.314 D_fake_ViT: 0.104 global: 0.400 spatial: 0.080 
(epoch: 35, iters: 2958, time: 0.489, data: 0.002) G_GAN_ViT: 0.453 D_real_ViT: 0.266 D_fake_ViT: 0.150 global: 0.454 spatial: 0.085 
(epoch: 35, iters: 3058, time: 0.487, data: 0.001) G_GAN_ViT: 0.512 D_real_ViT: 0.142 D_fake_ViT: 0.148 global: 0.396 spatial: 0.089 
(epoch: 35, iters: 3158, time: 0.487, data: 0.002) G_GAN_ViT: 0.265 D_real_ViT: 0.200 D_fake_ViT: 0.280 global: 0.398 spatial: 0.069 
(epoch: 35, iters: 3258, time: 0.487, data: 0.001) G_GAN_ViT: 0.431 D_real_ViT: 0.255 D_fake_ViT: 0.172 global: 0.384 spatial: 0.083 
(epoch: 35, iters: 3358, time: 0.487, data: 0.002) G_GAN_ViT: 0.316 D_real_ViT: 0.128 D_fake_ViT: 0.238 global: 0.361 spatial: 0.085 
(epoch: 35, iters: 3458, time: 0.487, data: 0.002) G_GAN_ViT: 0.577 D_real_ViT: 0.326 D_fake_ViT: 0.143 global: 0.448 spatial: 0.095 
(epoch: 35, iters: 3558, time: 0.487, data: 0.002) G_GAN_ViT: 0.430 D_real_ViT: 0.177 D_fake_ViT: 0.160 global: 0.381 spatial: 0.085 
(epoch: 35, iters: 3658, time: 0.488, data: 0.002) G_GAN_ViT: 0.423 D_real_ViT: 0.288 D_fake_ViT: 0.159 global: 0.475 spatial: 0.091 
(epoch: 35, iters: 3758, time: 0.488, data: 0.002) G_GAN_ViT: 0.508 D_real_ViT: 0.077 D_fake_ViT: 0.133 global: 0.365 spatial: 0.063 
(epoch: 35, iters: 3858, time: 0.489, data: 0.002) G_GAN_ViT: 0.434 D_real_ViT: 0.161 D_fake_ViT: 0.180 global: 0.520 spatial: 0.095 
(epoch: 35, iters: 3958, time: 0.489, data: 0.001) G_GAN_ViT: 0.557 D_real_ViT: 0.246 D_fake_ViT: 0.110 global: 0.337 spatial: 0.065 
(epoch: 35, iters: 4058, time: 0.489, data: 0.002) G_GAN_ViT: 0.531 D_real_ViT: 0.184 D_fake_ViT: 0.121 global: 0.337 spatial: 0.067 
(epoch: 35, iters: 4158, time: 0.488, data: 0.002) G_GAN_ViT: 0.551 D_real_ViT: 0.353 D_fake_ViT: 0.117 global: 0.445 spatial: 0.097 
(epoch: 35, iters: 4258, time: 0.488, data: 0.002) G_GAN_ViT: 0.487 D_real_ViT: 0.163 D_fake_ViT: 0.130 global: 0.420 spatial: 0.070 
(epoch: 35, iters: 4358, time: 0.488, data: 0.002) G_GAN_ViT: 0.454 D_real_ViT: 0.158 D_fake_ViT: 0.144 global: 0.350 spatial: 0.067 
(epoch: 35, iters: 4458, time: 0.489, data: 0.002) G_GAN_ViT: 0.341 D_real_ViT: 0.161 D_fake_ViT: 0.259 global: 0.340 spatial: 0.083 
(epoch: 35, iters: 4558, time: 0.489, data: 0.002) G_GAN_ViT: 0.388 D_real_ViT: 0.130 D_fake_ViT: 0.209 global: 0.503 spatial: 0.116 
(epoch: 35, iters: 4658, time: 0.488, data: 0.002) G_GAN_ViT: 0.452 D_real_ViT: 0.149 D_fake_ViT: 0.149 global: 0.421 spatial: 0.076 
(epoch: 35, iters: 4758, time: 0.488, data: 0.001) G_GAN_ViT: 0.465 D_real_ViT: 0.287 D_fake_ViT: 0.155 global: 0.357 spatial: 0.064 
(epoch: 35, iters: 4858, time: 0.488, data: 0.002) G_GAN_ViT: 0.373 D_real_ViT: 0.158 D_fake_ViT: 0.210 global: 0.448 spatial: 0.080 
(epoch: 35, iters: 4958, time: 0.488, data: 0.002) G_GAN_ViT: 0.337 D_real_ViT: 0.242 D_fake_ViT: 0.228 global: 0.339 spatial: 0.075 
(epoch: 35, iters: 5058, time: 0.489, data: 0.002) G_GAN_ViT: 0.484 D_real_ViT: 0.059 D_fake_ViT: 0.159 global: 0.324 spatial: 0.079 
(epoch: 35, iters: 5158, time: 0.489, data: 0.002) G_GAN_ViT: 0.358 D_real_ViT: 0.144 D_fake_ViT: 0.216 global: 0.380 spatial: 0.065 
(epoch: 35, iters: 5258, time: 0.489, data: 0.002) G_GAN_ViT: 0.248 D_real_ViT: 0.171 D_fake_ViT: 0.298 global: 0.400 spatial: 0.073 
saving the latest model (epoch 35, total_iters 225000)
ICL_single_traffic_hwy
(epoch: 35, iters: 5358, time: 0.488, data: 0.001) G_GAN_ViT: 0.433 D_real_ViT: 0.186 D_fake_ViT: 0.186 global: 0.628 spatial: 0.096 
(epoch: 35, iters: 5458, time: 0.488, data: 0.002) G_GAN_ViT: 0.508 D_real_ViT: 0.245 D_fake_ViT: 0.114 global: 0.406 spatial: 0.077 
(epoch: 35, iters: 5558, time: 0.487, data: 0.002) G_GAN_ViT: 0.316 D_real_ViT: 0.110 D_fake_ViT: 0.260 global: 0.474 spatial: 0.096 
(epoch: 35, iters: 5658, time: 0.487, data: 0.001) G_GAN_ViT: 0.428 D_real_ViT: 0.067 D_fake_ViT: 0.165 global: 0.493 spatial: 0.084 
(epoch: 35, iters: 5758, time: 0.486, data: 0.001) G_GAN_ViT: 0.376 D_real_ViT: 0.135 D_fake_ViT: 0.187 global: 0.432 spatial: 0.079 
(epoch: 35, iters: 5858, time: 0.485, data: 0.001) G_GAN_ViT: 0.518 D_real_ViT: 0.104 D_fake_ViT: 0.109 global: 0.364 spatial: 0.077 
(epoch: 35, iters: 5958, time: 0.485, data: 0.001) G_GAN_ViT: 0.528 D_real_ViT: 0.091 D_fake_ViT: 0.116 global: 0.483 spatial: 0.085 
(epoch: 35, iters: 6058, time: 0.486, data: 0.001) G_GAN_ViT: 0.314 D_real_ViT: 0.241 D_fake_ViT: 0.272 global: 0.453 spatial: 0.084 
(epoch: 35, iters: 6158, time: 0.486, data: 0.001) G_GAN_ViT: 0.313 D_real_ViT: 0.197 D_fake_ViT: 0.251 global: 0.400 spatial: 0.073 
(epoch: 35, iters: 6258, time: 0.486, data: 0.001) G_GAN_ViT: 0.290 D_real_ViT: 0.084 D_fake_ViT: 0.271 global: 0.384 spatial: 0.060 
(epoch: 35, iters: 6358, time: 0.486, data: 0.002) G_GAN_ViT: 0.529 D_real_ViT: 0.184 D_fake_ViT: 0.116 global: 0.390 spatial: 0.071 
(epoch: 35, iters: 6458, time: 0.485, data: 0.001) G_GAN_ViT: 0.301 D_real_ViT: 0.350 D_fake_ViT: 0.268 global: 0.428 spatial: 0.087 
saving the model at the end of epoch 35, iters 226205
End of epoch 35 / 100 	 Time Taken: 3165 sec
learning rate = 0.0000100
(epoch: 36, iters: 95, time: 0.485, data: 0.001) G_GAN_ViT: 0.326 D_real_ViT: 0.267 D_fake_ViT: 0.244 global: 0.429 spatial: 0.081 
(epoch: 36, iters: 195, time: 0.486, data: 0.001) G_GAN_ViT: 0.383 D_real_ViT: 0.165 D_fake_ViT: 0.202 global: 0.414 spatial: 0.084 
(epoch: 36, iters: 295, time: 0.486, data: 0.001) G_GAN_ViT: 0.262 D_real_ViT: 0.264 D_fake_ViT: 0.276 global: 0.427 spatial: 0.087 
(epoch: 36, iters: 395, time: 0.487, data: 0.001) G_GAN_ViT: 0.410 D_real_ViT: 0.125 D_fake_ViT: 0.208 global: 0.508 spatial: 0.086 
(epoch: 36, iters: 495, time: 0.486, data: 0.001) G_GAN_ViT: 0.426 D_real_ViT: 0.138 D_fake_ViT: 0.181 global: 0.310 spatial: 0.070 
(epoch: 36, iters: 595, time: 0.486, data: 0.001) G_GAN_ViT: 0.579 D_real_ViT: 0.196 D_fake_ViT: 0.127 global: 0.342 spatial: 0.083 
(epoch: 36, iters: 695, time: 0.486, data: 0.001) G_GAN_ViT: 0.351 D_real_ViT: 0.225 D_fake_ViT: 0.215 global: 0.410 spatial: 0.073 
(epoch: 36, iters: 795, time: 0.486, data: 0.001) G_GAN_ViT: 0.459 D_real_ViT: 0.155 D_fake_ViT: 0.151 global: 0.354 spatial: 0.083 
(epoch: 36, iters: 895, time: 0.486, data: 0.001) G_GAN_ViT: 0.503 D_real_ViT: 0.355 D_fake_ViT: 0.137 global: 0.425 spatial: 0.089 
(epoch: 36, iters: 995, time: 0.486, data: 0.001) G_GAN_ViT: 0.545 D_real_ViT: 0.282 D_fake_ViT: 0.095 global: 0.316 spatial: 0.054 
(epoch: 36, iters: 1095, time: 0.486, data: 0.001) G_GAN_ViT: 0.494 D_real_ViT: 0.197 D_fake_ViT: 0.173 global: 0.417 spatial: 0.100 
(epoch: 36, iters: 1195, time: 0.486, data: 0.001) G_GAN_ViT: 0.479 D_real_ViT: 0.260 D_fake_ViT: 0.149 global: 0.469 spatial: 0.087 
(epoch: 36, iters: 1295, time: 0.486, data: 0.001) G_GAN_ViT: 0.218 D_real_ViT: 0.288 D_fake_ViT: 0.366 global: 0.488 spatial: 0.071 
(epoch: 36, iters: 1395, time: 0.486, data: 0.001) G_GAN_ViT: 0.588 D_real_ViT: 0.059 D_fake_ViT: 0.121 global: 0.502 spatial: 0.111 
(epoch: 36, iters: 1495, time: 0.486, data: 0.001) G_GAN_ViT: 0.430 D_real_ViT: 0.134 D_fake_ViT: 0.183 global: 0.455 spatial: 0.101 
(epoch: 36, iters: 1595, time: 0.486, data: 0.001) G_GAN_ViT: 0.408 D_real_ViT: 0.109 D_fake_ViT: 0.191 global: 0.381 spatial: 0.081 
(epoch: 36, iters: 1695, time: 0.486, data: 0.001) G_GAN_ViT: 0.404 D_real_ViT: 0.219 D_fake_ViT: 0.179 global: 0.333 spatial: 0.068 
(epoch: 36, iters: 1795, time: 0.486, data: 0.001) G_GAN_ViT: 0.419 D_real_ViT: 0.181 D_fake_ViT: 0.219 global: 0.387 spatial: 0.101 
(epoch: 36, iters: 1895, time: 0.486, data: 0.001) G_GAN_ViT: 0.421 D_real_ViT: 0.167 D_fake_ViT: 0.175 global: 0.344 spatial: 0.073 
(epoch: 36, iters: 1995, time: 0.486, data: 0.002) G_GAN_ViT: 0.486 D_real_ViT: 0.177 D_fake_ViT: 0.149 global: 0.382 spatial: 0.075 
(epoch: 36, iters: 2095, time: 0.486, data: 0.001) G_GAN_ViT: 0.570 D_real_ViT: 0.060 D_fake_ViT: 0.096 global: 0.377 spatial: 0.070 
(epoch: 36, iters: 2195, time: 0.486, data: 0.001) G_GAN_ViT: 0.403 D_real_ViT: 0.138 D_fake_ViT: 0.177 global: 0.394 spatial: 0.081 
(epoch: 36, iters: 2295, time: 0.486, data: 0.001) G_GAN_ViT: 0.404 D_real_ViT: 0.358 D_fake_ViT: 0.187 global: 0.328 spatial: 0.072 
(epoch: 36, iters: 2395, time: 0.486, data: 0.001) G_GAN_ViT: 0.342 D_real_ViT: 0.357 D_fake_ViT: 0.231 global: 0.460 spatial: 0.091 
(epoch: 36, iters: 2495, time: 0.486, data: 0.001) G_GAN_ViT: 0.419 D_real_ViT: 0.174 D_fake_ViT: 0.172 global: 0.523 spatial: 0.091 
(epoch: 36, iters: 2595, time: 0.486, data: 0.001) G_GAN_ViT: 0.523 D_real_ViT: 0.220 D_fake_ViT: 0.123 global: 0.299 spatial: 0.061 
(epoch: 36, iters: 2695, time: 0.486, data: 0.001) G_GAN_ViT: 0.283 D_real_ViT: 0.307 D_fake_ViT: 0.274 global: 0.395 spatial: 0.073 
(epoch: 36, iters: 2795, time: 0.486, data: 0.001) G_GAN_ViT: 0.497 D_real_ViT: 0.063 D_fake_ViT: 0.126 global: 0.463 spatial: 0.075 
(epoch: 36, iters: 2895, time: 0.486, data: 0.001) G_GAN_ViT: 0.269 D_real_ViT: 0.245 D_fake_ViT: 0.293 global: 0.507 spatial: 0.091 
(epoch: 36, iters: 2995, time: 0.486, data: 0.001) G_GAN_ViT: 0.419 D_real_ViT: 0.072 D_fake_ViT: 0.183 global: 0.414 spatial: 0.087 
(epoch: 36, iters: 3095, time: 0.486, data: 0.001) G_GAN_ViT: 0.394 D_real_ViT: 0.249 D_fake_ViT: 0.170 global: 0.490 spatial: 0.082 
(epoch: 36, iters: 3195, time: 0.486, data: 0.001) G_GAN_ViT: 0.469 D_real_ViT: 0.315 D_fake_ViT: 0.160 global: 0.524 spatial: 0.093 
(epoch: 36, iters: 3295, time: 0.486, data: 0.001) G_GAN_ViT: 0.357 D_real_ViT: 0.253 D_fake_ViT: 0.210 global: 0.482 spatial: 0.085 
(epoch: 36, iters: 3395, time: 0.486, data: 0.001) G_GAN_ViT: 0.383 D_real_ViT: 0.252 D_fake_ViT: 0.205 global: 0.445 spatial: 0.082 
(epoch: 36, iters: 3495, time: 0.486, data: 0.001) G_GAN_ViT: 0.612 D_real_ViT: 0.114 D_fake_ViT: 0.087 global: 0.350 spatial: 0.071 
(epoch: 36, iters: 3595, time: 0.484, data: 0.001) G_GAN_ViT: 0.527 D_real_ViT: 0.203 D_fake_ViT: 0.135 global: 0.566 spatial: 0.100 
(epoch: 36, iters: 3695, time: 0.485, data: 0.001) G_GAN_ViT: 0.480 D_real_ViT: 0.324 D_fake_ViT: 0.145 global: 0.483 spatial: 0.104 
(epoch: 36, iters: 3795, time: 0.486, data: 0.001) G_GAN_ViT: 0.304 D_real_ViT: 0.151 D_fake_ViT: 0.251 global: 0.470 spatial: 0.083 
saving the latest model (epoch 36, total_iters 230000)
ICL_single_traffic_hwy
(epoch: 36, iters: 3895, time: 0.486, data: 0.001) G_GAN_ViT: 0.595 D_real_ViT: 0.359 D_fake_ViT: 0.081 global: 0.329 spatial: 0.060 
(epoch: 36, iters: 3995, time: 0.486, data: 0.001) G_GAN_ViT: 0.545 D_real_ViT: 0.062 D_fake_ViT: 0.115 global: 0.513 spatial: 0.086 
(epoch: 36, iters: 4095, time: 0.486, data: 0.001) G_GAN_ViT: 0.515 D_real_ViT: 0.130 D_fake_ViT: 0.156 global: 0.356 spatial: 0.074 
(epoch: 36, iters: 4195, time: 0.486, data: 0.001) G_GAN_ViT: 0.336 D_real_ViT: 0.095 D_fake_ViT: 0.228 global: 0.403 spatial: 0.065 
(epoch: 36, iters: 4295, time: 0.486, data: 0.001) G_GAN_ViT: 0.274 D_real_ViT: 0.215 D_fake_ViT: 0.276 global: 0.462 spatial: 0.081 
(epoch: 36, iters: 4395, time: 0.486, data: 0.001) G_GAN_ViT: 0.465 D_real_ViT: 0.277 D_fake_ViT: 0.169 global: 0.351 spatial: 0.068 
(epoch: 36, iters: 4495, time: 0.486, data: 0.001) G_GAN_ViT: 0.556 D_real_ViT: 0.327 D_fake_ViT: 0.097 global: 0.435 spatial: 0.077 
(epoch: 36, iters: 4595, time: 0.486, data: 0.001) G_GAN_ViT: 0.300 D_real_ViT: 0.150 D_fake_ViT: 0.275 global: 0.443 spatial: 0.082 
(epoch: 36, iters: 4695, time: 0.486, data: 0.001) G_GAN_ViT: 0.310 D_real_ViT: 0.254 D_fake_ViT: 0.245 global: 0.432 spatial: 0.088 
(epoch: 36, iters: 4795, time: 0.486, data: 0.002) G_GAN_ViT: 0.488 D_real_ViT: 0.241 D_fake_ViT: 0.150 global: 0.389 spatial: 0.078 
(epoch: 36, iters: 4895, time: 0.486, data: 0.001) G_GAN_ViT: 0.388 D_real_ViT: 0.182 D_fake_ViT: 0.196 global: 0.383 spatial: 0.072 
(epoch: 36, iters: 4995, time: 0.485, data: 0.001) G_GAN_ViT: 0.465 D_real_ViT: 0.257 D_fake_ViT: 0.154 global: 0.482 spatial: 0.086 
(epoch: 36, iters: 5095, time: 0.485, data: 0.001) G_GAN_ViT: 0.414 D_real_ViT: 0.157 D_fake_ViT: 0.182 global: 0.323 spatial: 0.082 
(epoch: 36, iters: 5195, time: 0.485, data: 0.001) G_GAN_ViT: 0.358 D_real_ViT: 0.254 D_fake_ViT: 0.206 global: 0.402 spatial: 0.076 
(epoch: 36, iters: 5295, time: 0.486, data: 0.001) G_GAN_ViT: 0.412 D_real_ViT: 0.146 D_fake_ViT: 0.168 global: 0.500 spatial: 0.096 
(epoch: 36, iters: 5395, time: 0.486, data: 0.001) G_GAN_ViT: 0.625 D_real_ViT: 0.242 D_fake_ViT: 0.086 global: 0.493 spatial: 0.079 
(epoch: 36, iters: 5495, time: 0.486, data: 0.001) G_GAN_ViT: 0.460 D_real_ViT: 0.127 D_fake_ViT: 0.149 global: 0.361 spatial: 0.077 
(epoch: 36, iters: 5595, time: 0.486, data: 0.002) G_GAN_ViT: 0.618 D_real_ViT: 0.235 D_fake_ViT: 0.078 global: 0.352 spatial: 0.068 
(epoch: 36, iters: 5695, time: 0.486, data: 0.001) G_GAN_ViT: 0.470 D_real_ViT: 0.154 D_fake_ViT: 0.158 global: 0.294 spatial: 0.070 
(epoch: 36, iters: 5795, time: 0.486, data: 0.001) G_GAN_ViT: 0.349 D_real_ViT: 0.215 D_fake_ViT: 0.229 global: 0.425 spatial: 0.074 
(epoch: 36, iters: 5895, time: 0.486, data: 0.001) G_GAN_ViT: 0.321 D_real_ViT: 0.204 D_fake_ViT: 0.236 global: 0.404 spatial: 0.085 
(epoch: 36, iters: 5995, time: 0.486, data: 0.001) G_GAN_ViT: 0.515 D_real_ViT: 0.143 D_fake_ViT: 0.123 global: 0.469 spatial: 0.078 
(epoch: 36, iters: 6095, time: 0.486, data: 0.001) G_GAN_ViT: 0.366 D_real_ViT: 0.146 D_fake_ViT: 0.213 global: 0.353 spatial: 0.082 
(epoch: 36, iters: 6195, time: 0.486, data: 0.001) G_GAN_ViT: 0.364 D_real_ViT: 0.241 D_fake_ViT: 0.207 global: 0.446 spatial: 0.088 
(epoch: 36, iters: 6295, time: 0.486, data: 0.001) G_GAN_ViT: 0.383 D_real_ViT: 0.252 D_fake_ViT: 0.182 global: 0.365 spatial: 0.072 
(epoch: 36, iters: 6395, time: 0.486, data: 0.001) G_GAN_ViT: 0.412 D_real_ViT: 0.166 D_fake_ViT: 0.175 global: 0.275 spatial: 0.076 
End of epoch 36 / 100 	 Time Taken: 3151 sec
learning rate = 0.0000100
(epoch: 37, iters: 32, time: 0.486, data: 0.001) G_GAN_ViT: 0.552 D_real_ViT: 0.237 D_fake_ViT: 0.095 global: 0.341 spatial: 0.063 
(epoch: 37, iters: 132, time: 0.486, data: 0.001) G_GAN_ViT: 0.450 D_real_ViT: 0.334 D_fake_ViT: 0.168 global: 0.324 spatial: 0.073 
(epoch: 37, iters: 232, time: 0.486, data: 0.001) G_GAN_ViT: 0.441 D_real_ViT: 0.218 D_fake_ViT: 0.168 global: 0.570 spatial: 0.096 
(epoch: 37, iters: 332, time: 0.486, data: 0.001) G_GAN_ViT: 0.412 D_real_ViT: 0.271 D_fake_ViT: 0.174 global: 0.487 spatial: 0.081 
(epoch: 37, iters: 432, time: 0.486, data: 0.001) G_GAN_ViT: 0.413 D_real_ViT: 0.212 D_fake_ViT: 0.178 global: 0.436 spatial: 0.083 
(epoch: 37, iters: 532, time: 0.486, data: 0.001) G_GAN_ViT: 0.243 D_real_ViT: 0.267 D_fake_ViT: 0.320 global: 0.500 spatial: 0.087 
(epoch: 37, iters: 632, time: 0.486, data: 0.001) G_GAN_ViT: 0.287 D_real_ViT: 0.282 D_fake_ViT: 0.256 global: 0.443 spatial: 0.088 
(epoch: 37, iters: 732, time: 0.486, data: 0.001) G_GAN_ViT: 0.298 D_real_ViT: 0.187 D_fake_ViT: 0.289 global: 0.596 spatial: 0.097 
(epoch: 37, iters: 832, time: 0.486, data: 0.001) G_GAN_ViT: 0.302 D_real_ViT: 0.154 D_fake_ViT: 0.269 global: 0.424 spatial: 0.082 
(epoch: 37, iters: 932, time: 0.486, data: 0.001) G_GAN_ViT: 0.528 D_real_ViT: 0.173 D_fake_ViT: 0.126 global: 0.456 spatial: 0.094 
(epoch: 37, iters: 1032, time: 0.486, data: 0.001) G_GAN_ViT: 0.557 D_real_ViT: 0.143 D_fake_ViT: 0.102 global: 0.327 spatial: 0.083 
(epoch: 37, iters: 1132, time: 0.486, data: 0.001) G_GAN_ViT: 0.465 D_real_ViT: 0.137 D_fake_ViT: 0.162 global: 0.299 spatial: 0.066 
(epoch: 37, iters: 1232, time: 0.486, data: 0.001) G_GAN_ViT: 0.355 D_real_ViT: 0.204 D_fake_ViT: 0.226 global: 0.476 spatial: 0.096 
(epoch: 37, iters: 1332, time: 0.486, data: 0.001) G_GAN_ViT: 0.367 D_real_ViT: 0.186 D_fake_ViT: 0.218 global: 0.264 spatial: 0.059 
(epoch: 37, iters: 1432, time: 0.486, data: 0.001) G_GAN_ViT: 0.513 D_real_ViT: 0.140 D_fake_ViT: 0.130 global: 0.368 spatial: 0.073 
(epoch: 37, iters: 1532, time: 0.486, data: 0.001) G_GAN_ViT: 0.450 D_real_ViT: 0.354 D_fake_ViT: 0.140 global: 0.500 spatial: 0.089 
(epoch: 37, iters: 1632, time: 0.486, data: 0.001) G_GAN_ViT: 0.456 D_real_ViT: 0.164 D_fake_ViT: 0.149 global: 0.392 spatial: 0.084 
(epoch: 37, iters: 1732, time: 0.486, data: 0.001) G_GAN_ViT: 0.408 D_real_ViT: 0.258 D_fake_ViT: 0.178 global: 0.375 spatial: 0.078 
(epoch: 37, iters: 1832, time: 0.486, data: 0.001) G_GAN_ViT: 0.365 D_real_ViT: 0.186 D_fake_ViT: 0.216 global: 0.328 spatial: 0.073 
(epoch: 37, iters: 1932, time: 0.486, data: 0.001) G_GAN_ViT: 0.437 D_real_ViT: 0.134 D_fake_ViT: 0.172 global: 0.449 spatial: 0.087 
(epoch: 37, iters: 2032, time: 0.486, data: 0.001) G_GAN_ViT: 0.431 D_real_ViT: 0.112 D_fake_ViT: 0.178 global: 0.429 spatial: 0.090 
(epoch: 37, iters: 2132, time: 0.486, data: 0.001) G_GAN_ViT: 0.411 D_real_ViT: 0.278 D_fake_ViT: 0.178 global: 0.471 spatial: 0.088 
(epoch: 37, iters: 2232, time: 0.486, data: 0.001) G_GAN_ViT: 0.536 D_real_ViT: 0.116 D_fake_ViT: 0.164 global: 0.356 spatial: 0.110 
(epoch: 37, iters: 2332, time: 0.486, data: 0.001) G_GAN_ViT: 0.395 D_real_ViT: 0.093 D_fake_ViT: 0.212 global: 0.416 spatial: 0.085 
saving the latest model (epoch 37, total_iters 235000)
ICL_single_traffic_hwy
(epoch: 37, iters: 2432, time: 0.486, data: 0.001) G_GAN_ViT: 0.723 D_real_ViT: 0.169 D_fake_ViT: 0.072 global: 0.436 spatial: 0.083 
(epoch: 37, iters: 2532, time: 0.487, data: 0.001) G_GAN_ViT: 0.441 D_real_ViT: 0.222 D_fake_ViT: 0.163 global: 0.387 spatial: 0.078 
(epoch: 37, iters: 2632, time: 0.487, data: 0.001) G_GAN_ViT: 0.386 D_real_ViT: 0.257 D_fake_ViT: 0.189 global: 0.461 spatial: 0.093 
(epoch: 37, iters: 2732, time: 0.487, data: 0.001) G_GAN_ViT: 0.267 D_real_ViT: 0.098 D_fake_ViT: 0.322 global: 0.431 spatial: 0.084 
(epoch: 37, iters: 2832, time: 0.487, data: 0.001) G_GAN_ViT: 0.510 D_real_ViT: 0.340 D_fake_ViT: 0.152 global: 0.461 spatial: 0.091 
(epoch: 37, iters: 2932, time: 0.487, data: 0.001) G_GAN_ViT: 0.412 D_real_ViT: 0.069 D_fake_ViT: 0.174 global: 0.453 spatial: 0.090 
(epoch: 37, iters: 3032, time: 0.487, data: 0.001) G_GAN_ViT: 0.286 D_real_ViT: 0.299 D_fake_ViT: 0.302 global: 0.463 spatial: 0.084 
(epoch: 37, iters: 3132, time: 0.487, data: 0.001) G_GAN_ViT: 0.317 D_real_ViT: 0.290 D_fake_ViT: 0.264 global: 0.427 spatial: 0.083 
(epoch: 37, iters: 3232, time: 0.487, data: 0.001) G_GAN_ViT: 0.366 D_real_ViT: 0.211 D_fake_ViT: 0.216 global: 0.387 spatial: 0.072 
(epoch: 37, iters: 3332, time: 0.487, data: 0.001) G_GAN_ViT: 0.430 D_real_ViT: 0.227 D_fake_ViT: 0.186 global: 0.502 spatial: 0.087 
(epoch: 37, iters: 3432, time: 0.486, data: 0.001) G_GAN_ViT: 0.321 D_real_ViT: 0.276 D_fake_ViT: 0.231 global: 0.386 spatial: 0.092 
(epoch: 37, iters: 3532, time: 0.485, data: 0.001) G_GAN_ViT: 0.458 D_real_ViT: 0.235 D_fake_ViT: 0.148 global: 0.412 spatial: 0.079 
(epoch: 37, iters: 3632, time: 0.485, data: 0.001) G_GAN_ViT: 0.456 D_real_ViT: 0.119 D_fake_ViT: 0.191 global: 0.400 spatial: 0.098 
(epoch: 37, iters: 3732, time: 0.486, data: 0.001) G_GAN_ViT: 0.348 D_real_ViT: 0.364 D_fake_ViT: 0.234 global: 0.372 spatial: 0.075 
(epoch: 37, iters: 3832, time: 0.486, data: 0.001) G_GAN_ViT: 0.410 D_real_ViT: 0.116 D_fake_ViT: 0.187 global: 0.442 spatial: 0.096 
(epoch: 37, iters: 3932, time: 0.486, data: 0.001) G_GAN_ViT: 0.389 D_real_ViT: 0.294 D_fake_ViT: 0.178 global: 0.367 spatial: 0.091 
(epoch: 37, iters: 4032, time: 0.486, data: 0.001) G_GAN_ViT: 0.321 D_real_ViT: 0.273 D_fake_ViT: 0.234 global: 0.447 spatial: 0.087 
(epoch: 37, iters: 4132, time: 0.486, data: 0.001) G_GAN_ViT: 0.442 D_real_ViT: 0.224 D_fake_ViT: 0.183 global: 0.513 spatial: 0.104 
(epoch: 37, iters: 4232, time: 0.486, data: 0.001) G_GAN_ViT: 0.423 D_real_ViT: 0.232 D_fake_ViT: 0.175 global: 0.436 spatial: 0.089 
(epoch: 37, iters: 4332, time: 0.486, data: 0.001) G_GAN_ViT: 0.466 D_real_ViT: 0.221 D_fake_ViT: 0.155 global: 0.377 spatial: 0.074 
(epoch: 37, iters: 4432, time: 0.486, data: 0.001) G_GAN_ViT: 0.239 D_real_ViT: 0.114 D_fake_ViT: 0.325 global: 0.430 spatial: 0.081 
(epoch: 37, iters: 4532, time: 0.486, data: 0.001) G_GAN_ViT: 0.287 D_real_ViT: 0.209 D_fake_ViT: 0.279 global: 0.393 spatial: 0.079 
(epoch: 37, iters: 4632, time: 0.486, data: 0.001) G_GAN_ViT: 0.357 D_real_ViT: 0.288 D_fake_ViT: 0.201 global: 0.435 spatial: 0.086 
(epoch: 37, iters: 4732, time: 0.486, data: 0.001) G_GAN_ViT: 0.459 D_real_ViT: 0.172 D_fake_ViT: 0.146 global: 0.376 spatial: 0.085 
(epoch: 37, iters: 4832, time: 0.486, data: 0.001) G_GAN_ViT: 0.493 D_real_ViT: 0.224 D_fake_ViT: 0.141 global: 0.369 spatial: 0.068 
(epoch: 37, iters: 4932, time: 0.486, data: 0.001) G_GAN_ViT: 0.381 D_real_ViT: 0.153 D_fake_ViT: 0.204 global: 0.349 spatial: 0.073 
(epoch: 37, iters: 5032, time: 0.486, data: 0.001) G_GAN_ViT: 0.335 D_real_ViT: 0.284 D_fake_ViT: 0.229 global: 0.491 spatial: 0.085 
(epoch: 37, iters: 5132, time: 0.486, data: 0.001) G_GAN_ViT: 0.312 D_real_ViT: 0.237 D_fake_ViT: 0.264 global: 0.476 spatial: 0.098 
(epoch: 37, iters: 5232, time: 0.486, data: 0.001) G_GAN_ViT: 0.527 D_real_ViT: 0.259 D_fake_ViT: 0.110 global: 0.287 spatial: 0.066 
(epoch: 37, iters: 5332, time: 0.487, data: 0.001) G_GAN_ViT: 0.394 D_real_ViT: 0.230 D_fake_ViT: 0.216 global: 0.368 spatial: 0.099 
(epoch: 37, iters: 5432, time: 0.486, data: 0.001) G_GAN_ViT: 0.419 D_real_ViT: 0.354 D_fake_ViT: 0.188 global: 0.365 spatial: 0.069 
(epoch: 37, iters: 5532, time: 0.486, data: 0.001) G_GAN_ViT: 0.253 D_real_ViT: 0.142 D_fake_ViT: 0.327 global: 0.396 spatial: 0.070 
(epoch: 37, iters: 5632, time: 0.486, data: 0.001) G_GAN_ViT: 0.438 D_real_ViT: 0.282 D_fake_ViT: 0.151 global: 0.314 spatial: 0.065 
(epoch: 37, iters: 5732, time: 0.486, data: 0.001) G_GAN_ViT: 0.387 D_real_ViT: 0.238 D_fake_ViT: 0.207 global: 0.542 spatial: 0.097 
(epoch: 37, iters: 5832, time: 0.486, data: 0.001) G_GAN_ViT: 0.217 D_real_ViT: 0.056 D_fake_ViT: 0.369 global: 0.386 spatial: 0.070 
(epoch: 37, iters: 5932, time: 0.486, data: 0.001) G_GAN_ViT: 0.365 D_real_ViT: 0.141 D_fake_ViT: 0.217 global: 0.514 spatial: 0.095 
(epoch: 37, iters: 6032, time: 0.486, data: 0.001) G_GAN_ViT: 0.414 D_real_ViT: 0.120 D_fake_ViT: 0.180 global: 0.403 spatial: 0.076 
(epoch: 37, iters: 6132, time: 0.486, data: 0.001) G_GAN_ViT: 0.406 D_real_ViT: 0.174 D_fake_ViT: 0.182 global: 0.318 spatial: 0.079 
(epoch: 37, iters: 6232, time: 0.486, data: 0.001) G_GAN_ViT: 0.367 D_real_ViT: 0.232 D_fake_ViT: 0.197 global: 0.345 spatial: 0.076 
(epoch: 37, iters: 6332, time: 0.486, data: 0.002) G_GAN_ViT: 0.586 D_real_ViT: 0.272 D_fake_ViT: 0.087 global: 0.329 spatial: 0.069 
(epoch: 37, iters: 6432, time: 0.486, data: 0.001) G_GAN_ViT: 0.434 D_real_ViT: 0.172 D_fake_ViT: 0.170 global: 0.475 spatial: 0.094 
End of epoch 37 / 100 	 Time Taken: 3152 sec
learning rate = 0.0000100
(epoch: 38, iters: 69, time: 0.486, data: 0.001) G_GAN_ViT: 0.436 D_real_ViT: 0.161 D_fake_ViT: 0.183 global: 0.565 spatial: 0.106 
(epoch: 38, iters: 169, time: 0.486, data: 0.001) G_GAN_ViT: 0.363 D_real_ViT: 0.216 D_fake_ViT: 0.222 global: 0.439 spatial: 0.077 
(epoch: 38, iters: 269, time: 0.486, data: 0.001) G_GAN_ViT: 0.459 D_real_ViT: 0.183 D_fake_ViT: 0.150 global: 0.351 spatial: 0.071 
(epoch: 38, iters: 369, time: 0.486, data: 0.001) G_GAN_ViT: 0.343 D_real_ViT: 0.259 D_fake_ViT: 0.210 global: 0.351 spatial: 0.064 
(epoch: 38, iters: 469, time: 0.485, data: 0.001) G_GAN_ViT: 0.467 D_real_ViT: 0.197 D_fake_ViT: 0.161 global: 0.355 spatial: 0.086 
(epoch: 38, iters: 569, time: 0.486, data: 0.001) G_GAN_ViT: 0.482 D_real_ViT: 0.171 D_fake_ViT: 0.138 global: 0.426 spatial: 0.079 
(epoch: 38, iters: 669, time: 0.486, data: 0.001) G_GAN_ViT: 0.435 D_real_ViT: 0.113 D_fake_ViT: 0.221 global: 0.416 spatial: 0.097 
(epoch: 38, iters: 769, time: 0.486, data: 0.001) G_GAN_ViT: 0.314 D_real_ViT: 0.187 D_fake_ViT: 0.240 global: 0.374 spatial: 0.071 
(epoch: 38, iters: 869, time: 0.486, data: 0.001) G_GAN_ViT: 0.364 D_real_ViT: 0.271 D_fake_ViT: 0.202 global: 0.387 spatial: 0.073 
saving the latest model (epoch 38, total_iters 240000)
ICL_single_traffic_hwy
(epoch: 38, iters: 969, time: 0.486, data: 0.003) G_GAN_ViT: 0.424 D_real_ViT: 0.240 D_fake_ViT: 0.189 global: 0.460 spatial: 0.093 
(epoch: 38, iters: 1069, time: 0.486, data: 0.002) G_GAN_ViT: 0.563 D_real_ViT: 0.036 D_fake_ViT: 0.149 global: 0.389 spatial: 0.097 
(epoch: 38, iters: 1169, time: 0.486, data: 0.001) G_GAN_ViT: 0.438 D_real_ViT: 0.142 D_fake_ViT: 0.156 global: 0.360 spatial: 0.067 
(epoch: 38, iters: 1269, time: 0.486, data: 0.001) G_GAN_ViT: 0.280 D_real_ViT: 0.272 D_fake_ViT: 0.269 global: 0.461 spatial: 0.086 
(epoch: 38, iters: 1369, time: 0.486, data: 0.001) G_GAN_ViT: 0.319 D_real_ViT: 0.297 D_fake_ViT: 0.250 global: 0.403 spatial: 0.062 
(epoch: 38, iters: 1469, time: 0.486, data: 0.001) G_GAN_ViT: 0.617 D_real_ViT: 0.135 D_fake_ViT: 0.107 global: 0.320 spatial: 0.065 
(epoch: 38, iters: 1569, time: 0.486, data: 0.001) G_GAN_ViT: 0.423 D_real_ViT: 0.343 D_fake_ViT: 0.187 global: 0.467 spatial: 0.104 
(epoch: 38, iters: 1669, time: 0.486, data: 0.001) G_GAN_ViT: 0.544 D_real_ViT: 0.112 D_fake_ViT: 0.108 global: 0.453 spatial: 0.086 
(epoch: 38, iters: 1769, time: 0.486, data: 0.001) G_GAN_ViT: 0.402 D_real_ViT: 0.209 D_fake_ViT: 0.217 global: 0.390 spatial: 0.093 
(epoch: 38, iters: 1869, time: 0.486, data: 0.001) G_GAN_ViT: 0.353 D_real_ViT: 0.280 D_fake_ViT: 0.218 global: 0.389 spatial: 0.072 
(epoch: 38, iters: 1969, time: 0.485, data: 0.001) G_GAN_ViT: 0.318 D_real_ViT: 0.202 D_fake_ViT: 0.248 global: 0.389 spatial: 0.084 
(epoch: 38, iters: 2069, time: 0.485, data: 0.001) G_GAN_ViT: 0.427 D_real_ViT: 0.156 D_fake_ViT: 0.165 global: 0.357 spatial: 0.076 
(epoch: 38, iters: 2169, time: 0.485, data: 0.001) G_GAN_ViT: 0.420 D_real_ViT: 0.197 D_fake_ViT: 0.169 global: 0.419 spatial: 0.100 
(epoch: 38, iters: 2269, time: 0.485, data: 0.001) G_GAN_ViT: 0.401 D_real_ViT: 0.254 D_fake_ViT: 0.181 global: 0.493 spatial: 0.079 
(epoch: 38, iters: 2369, time: 0.486, data: 0.001) G_GAN_ViT: 0.389 D_real_ViT: 0.226 D_fake_ViT: 0.193 global: 0.335 spatial: 0.067 
(epoch: 38, iters: 2469, time: 0.486, data: 0.001) G_GAN_ViT: 0.470 D_real_ViT: 0.177 D_fake_ViT: 0.165 global: 0.480 spatial: 0.083 
(epoch: 38, iters: 2569, time: 0.486, data: 0.001) G_GAN_ViT: 0.507 D_real_ViT: 0.223 D_fake_ViT: 0.121 global: 0.368 spatial: 0.080 
(epoch: 38, iters: 2669, time: 0.486, data: 0.001) G_GAN_ViT: 0.459 D_real_ViT: 0.093 D_fake_ViT: 0.175 global: 0.309 spatial: 0.081 
(epoch: 38, iters: 2769, time: 0.486, data: 0.001) G_GAN_ViT: 0.417 D_real_ViT: 0.228 D_fake_ViT: 0.193 global: 0.415 spatial: 0.085 
(epoch: 38, iters: 2869, time: 0.486, data: 0.001) G_GAN_ViT: 0.499 D_real_ViT: 0.158 D_fake_ViT: 0.127 global: 0.454 spatial: 0.086 
(epoch: 38, iters: 2969, time: 0.486, data: 0.001) G_GAN_ViT: 0.518 D_real_ViT: 0.242 D_fake_ViT: 0.127 global: 0.359 spatial: 0.079 
(epoch: 38, iters: 3069, time: 0.486, data: 0.001) G_GAN_ViT: 0.327 D_real_ViT: 0.068 D_fake_ViT: 0.262 global: 0.354 spatial: 0.083 
(epoch: 38, iters: 3169, time: 0.486, data: 0.001) G_GAN_ViT: 0.436 D_real_ViT: 0.154 D_fake_ViT: 0.195 global: 0.441 spatial: 0.100 
(epoch: 38, iters: 3269, time: 0.486, data: 0.001) G_GAN_ViT: 0.485 D_real_ViT: 0.116 D_fake_ViT: 0.142 global: 0.455 spatial: 0.083 
(epoch: 38, iters: 3369, time: 0.486, data: 0.001) G_GAN_ViT: 0.437 D_real_ViT: 0.326 D_fake_ViT: 0.200 global: 0.411 spatial: 0.090 
(epoch: 38, iters: 3469, time: 0.486, data: 0.001) G_GAN_ViT: 0.429 D_real_ViT: 0.257 D_fake_ViT: 0.177 global: 0.418 spatial: 0.089 
(epoch: 38, iters: 3569, time: 0.486, data: 0.001) G_GAN_ViT: 0.211 D_real_ViT: 0.249 D_fake_ViT: 0.410 global: 0.419 spatial: 0.081 
(epoch: 38, iters: 3669, time: 0.486, data: 0.001) G_GAN_ViT: 0.316 D_real_ViT: 0.122 D_fake_ViT: 0.248 global: 0.372 spatial: 0.074 
(epoch: 38, iters: 3769, time: 0.486, data: 0.001) G_GAN_ViT: 0.486 D_real_ViT: 0.109 D_fake_ViT: 0.143 global: 0.420 spatial: 0.087 
(epoch: 38, iters: 3869, time: 0.486, data: 0.001) G_GAN_ViT: 0.386 D_real_ViT: 0.276 D_fake_ViT: 0.203 global: 0.371 spatial: 0.095 
(epoch: 38, iters: 3969, time: 0.486, data: 0.001) G_GAN_ViT: 0.370 D_real_ViT: 0.143 D_fake_ViT: 0.196 global: 0.439 spatial: 0.083 
(epoch: 38, iters: 4069, time: 0.486, data: 0.001) G_GAN_ViT: 0.474 D_real_ViT: 0.268 D_fake_ViT: 0.142 global: 0.343 spatial: 0.070 
(epoch: 38, iters: 4169, time: 0.486, data: 0.001) G_GAN_ViT: 0.373 D_real_ViT: 0.197 D_fake_ViT: 0.216 global: 0.442 spatial: 0.084 
(epoch: 38, iters: 4269, time: 0.486, data: 0.001) G_GAN_ViT: 0.304 D_real_ViT: 0.325 D_fake_ViT: 0.269 global: 0.413 spatial: 0.067 
(epoch: 38, iters: 4369, time: 0.486, data: 0.001) G_GAN_ViT: 0.371 D_real_ViT: 0.195 D_fake_ViT: 0.205 global: 0.370 spatial: 0.074 
(epoch: 38, iters: 4469, time: 0.486, data: 0.001) G_GAN_ViT: 0.465 D_real_ViT: 0.293 D_fake_ViT: 0.155 global: 0.477 spatial: 0.075 
(epoch: 38, iters: 4569, time: 0.486, data: 0.001) G_GAN_ViT: 0.393 D_real_ViT: 0.202 D_fake_ViT: 0.181 global: 0.440 spatial: 0.086 
(epoch: 38, iters: 4669, time: 0.486, data: 0.001) G_GAN_ViT: 0.505 D_real_ViT: 0.198 D_fake_ViT: 0.153 global: 0.460 spatial: 0.099 
(epoch: 38, iters: 4769, time: 0.486, data: 0.001) G_GAN_ViT: 0.439 D_real_ViT: 0.210 D_fake_ViT: 0.166 global: 0.385 spatial: 0.079 
(epoch: 38, iters: 4869, time: 0.486, data: 0.001) G_GAN_ViT: 0.399 D_real_ViT: 0.257 D_fake_ViT: 0.172 global: 0.352 spatial: 0.080 
(epoch: 38, iters: 4969, time: 0.486, data: 0.001) G_GAN_ViT: 0.353 D_real_ViT: 0.268 D_fake_ViT: 0.234 global: 0.298 spatial: 0.077 
(epoch: 38, iters: 5069, time: 0.486, data: 0.002) G_GAN_ViT: 0.420 D_real_ViT: 0.334 D_fake_ViT: 0.173 global: 0.446 spatial: 0.089 
(epoch: 38, iters: 5169, time: 0.486, data: 0.001) G_GAN_ViT: 0.387 D_real_ViT: 0.268 D_fake_ViT: 0.209 global: 0.339 spatial: 0.072 
(epoch: 38, iters: 5269, time: 0.486, data: 0.001) G_GAN_ViT: 0.401 D_real_ViT: 0.256 D_fake_ViT: 0.179 global: 0.377 spatial: 0.074 
(epoch: 38, iters: 5369, time: 0.486, data: 0.001) G_GAN_ViT: 0.317 D_real_ViT: 0.170 D_fake_ViT: 0.242 global: 0.422 spatial: 0.072 
(epoch: 38, iters: 5469, time: 0.485, data: 0.001) G_GAN_ViT: 0.378 D_real_ViT: 0.223 D_fake_ViT: 0.195 global: 0.338 spatial: 0.080 
(epoch: 38, iters: 5569, time: 0.486, data: 0.001) G_GAN_ViT: 0.379 D_real_ViT: 0.175 D_fake_ViT: 0.238 global: 0.451 spatial: 0.103 
(epoch: 38, iters: 5669, time: 0.486, data: 0.001) G_GAN_ViT: 0.366 D_real_ViT: 0.320 D_fake_ViT: 0.233 global: 0.441 spatial: 0.100 
(epoch: 38, iters: 5769, time: 0.486, data: 0.001) G_GAN_ViT: 0.473 D_real_ViT: 0.218 D_fake_ViT: 0.151 global: 0.513 spatial: 0.095 
(epoch: 38, iters: 5869, time: 0.485, data: 0.001) G_GAN_ViT: 0.480 D_real_ViT: 0.294 D_fake_ViT: 0.158 global: 0.427 spatial: 0.083 
saving the latest model (epoch 38, total_iters 245000)
ICL_single_traffic_hwy
(epoch: 38, iters: 5969, time: 0.486, data: 0.001) G_GAN_ViT: 0.372 D_real_ViT: 0.113 D_fake_ViT: 0.212 global: 0.432 spatial: 0.082 
(epoch: 38, iters: 6069, time: 0.486, data: 0.001) G_GAN_ViT: 0.378 D_real_ViT: 0.090 D_fake_ViT: 0.215 global: 0.312 spatial: 0.075 
(epoch: 38, iters: 6169, time: 0.485, data: 0.001) G_GAN_ViT: 0.447 D_real_ViT: 0.182 D_fake_ViT: 0.144 global: 0.424 spatial: 0.080 
(epoch: 38, iters: 6269, time: 0.486, data: 0.001) G_GAN_ViT: 0.570 D_real_ViT: 0.155 D_fake_ViT: 0.102 global: 0.298 spatial: 0.064 
(epoch: 38, iters: 6369, time: 0.486, data: 0.001) G_GAN_ViT: 0.439 D_real_ViT: 0.083 D_fake_ViT: 0.165 global: 0.333 spatial: 0.071 
End of epoch 38 / 100 	 Time Taken: 3150 sec
learning rate = 0.0000100
(epoch: 39, iters: 6, time: 0.486, data: 0.001) G_GAN_ViT: 0.376 D_real_ViT: 0.141 D_fake_ViT: 0.194 global: 0.312 spatial: 0.078 
(epoch: 39, iters: 106, time: 0.486, data: 0.001) G_GAN_ViT: 0.267 D_real_ViT: 0.290 D_fake_ViT: 0.270 global: 0.397 spatial: 0.085 
(epoch: 39, iters: 206, time: 0.486, data: 0.001) G_GAN_ViT: 0.403 D_real_ViT: 0.166 D_fake_ViT: 0.205 global: 0.408 spatial: 0.092 
(epoch: 39, iters: 306, time: 0.486, data: 0.001) G_GAN_ViT: 0.477 D_real_ViT: 0.174 D_fake_ViT: 0.169 global: 0.325 spatial: 0.075 
(epoch: 39, iters: 406, time: 0.486, data: 0.001) G_GAN_ViT: 0.471 D_real_ViT: 0.112 D_fake_ViT: 0.156 global: 0.369 spatial: 0.069 
(epoch: 39, iters: 506, time: 0.485, data: 0.001) G_GAN_ViT: 0.421 D_real_ViT: 0.106 D_fake_ViT: 0.176 global: 0.439 spatial: 0.083 
(epoch: 39, iters: 606, time: 0.485, data: 0.001) G_GAN_ViT: 0.405 D_real_ViT: 0.122 D_fake_ViT: 0.178 global: 0.454 spatial: 0.091 
(epoch: 39, iters: 706, time: 0.484, data: 0.001) G_GAN_ViT: 0.495 D_real_ViT: 0.266 D_fake_ViT: 0.132 global: 0.463 spatial: 0.078 
(epoch: 39, iters: 806, time: 0.485, data: 0.001) G_GAN_ViT: 0.367 D_real_ViT: 0.105 D_fake_ViT: 0.227 global: 0.426 spatial: 0.077 
(epoch: 39, iters: 906, time: 0.485, data: 0.001) G_GAN_ViT: 0.314 D_real_ViT: 0.241 D_fake_ViT: 0.235 global: 0.505 spatial: 0.093 
(epoch: 39, iters: 1006, time: 0.485, data: 0.001) G_GAN_ViT: 0.430 D_real_ViT: 0.098 D_fake_ViT: 0.179 global: 0.407 spatial: 0.082 
(epoch: 39, iters: 1106, time: 0.485, data: 0.002) G_GAN_ViT: 0.302 D_real_ViT: 0.220 D_fake_ViT: 0.262 global: 0.456 spatial: 0.089 
(epoch: 39, iters: 1206, time: 0.485, data: 0.001) G_GAN_ViT: 0.470 D_real_ViT: 0.129 D_fake_ViT: 0.144 global: 0.373 spatial: 0.073 
(epoch: 39, iters: 1306, time: 0.486, data: 0.001) G_GAN_ViT: 0.386 D_real_ViT: 0.163 D_fake_ViT: 0.202 global: 0.325 spatial: 0.075 
(epoch: 39, iters: 1406, time: 0.486, data: 0.001) G_GAN_ViT: 0.449 D_real_ViT: 0.165 D_fake_ViT: 0.202 global: 0.355 spatial: 0.095 
(epoch: 39, iters: 1506, time: 0.486, data: 0.001) G_GAN_ViT: 0.307 D_real_ViT: 0.200 D_fake_ViT: 0.248 global: 0.372 spatial: 0.061 
(epoch: 39, iters: 1606, time: 0.486, data: 0.001) G_GAN_ViT: 0.434 D_real_ViT: 0.093 D_fake_ViT: 0.159 global: 0.469 spatial: 0.099 
(epoch: 39, iters: 1706, time: 0.486, data: 0.001) G_GAN_ViT: 0.431 D_real_ViT: 0.071 D_fake_ViT: 0.166 global: 0.412 spatial: 0.080 
(epoch: 39, iters: 1806, time: 0.486, data: 0.001) G_GAN_ViT: 0.513 D_real_ViT: 0.069 D_fake_ViT: 0.151 global: 0.432 spatial: 0.085 
(epoch: 39, iters: 1906, time: 0.485, data: 0.001) G_GAN_ViT: 0.224 D_real_ViT: 0.113 D_fake_ViT: 0.338 global: 0.426 spatial: 0.082 
(epoch: 39, iters: 2006, time: 0.486, data: 0.001) G_GAN_ViT: 0.535 D_real_ViT: 0.147 D_fake_ViT: 0.130 global: 0.449 spatial: 0.089 
(epoch: 39, iters: 2106, time: 0.485, data: 0.001) G_GAN_ViT: 0.380 D_real_ViT: 0.242 D_fake_ViT: 0.191 global: 0.438 spatial: 0.085 
(epoch: 39, iters: 2206, time: 0.486, data: 0.001) G_GAN_ViT: 0.567 D_real_ViT: 0.196 D_fake_ViT: 0.093 global: 0.444 spatial: 0.079 
(epoch: 39, iters: 2306, time: 0.486, data: 0.001) G_GAN_ViT: 0.310 D_real_ViT: 0.068 D_fake_ViT: 0.258 global: 0.520 spatial: 0.086 
(epoch: 39, iters: 2406, time: 0.486, data: 0.001) G_GAN_ViT: 0.460 D_real_ViT: 0.099 D_fake_ViT: 0.149 global: 0.434 spatial: 0.078 
(epoch: 39, iters: 2506, time: 0.486, data: 0.001) G_GAN_ViT: 0.396 D_real_ViT: 0.235 D_fake_ViT: 0.192 global: 0.334 spatial: 0.081 
(epoch: 39, iters: 2606, time: 0.486, data: 0.001) G_GAN_ViT: 0.493 D_real_ViT: 0.179 D_fake_ViT: 0.142 global: 0.408 spatial: 0.072 
(epoch: 39, iters: 2706, time: 0.486, data: 0.001) G_GAN_ViT: 0.267 D_real_ViT: 0.200 D_fake_ViT: 0.289 global: 0.387 spatial: 0.074 
(epoch: 39, iters: 2806, time: 0.486, data: 0.001) G_GAN_ViT: 0.342 D_real_ViT: 0.234 D_fake_ViT: 0.216 global: 0.387 spatial: 0.090 
(epoch: 39, iters: 2906, time: 0.486, data: 0.001) G_GAN_ViT: 0.505 D_real_ViT: 0.237 D_fake_ViT: 0.125 global: 0.354 spatial: 0.074 
(epoch: 39, iters: 3006, time: 0.486, data: 0.001) G_GAN_ViT: 0.458 D_real_ViT: 0.272 D_fake_ViT: 0.208 global: 0.389 spatial: 0.096 
(epoch: 39, iters: 3106, time: 0.486, data: 0.001) G_GAN_ViT: 0.452 D_real_ViT: 0.115 D_fake_ViT: 0.157 global: 0.386 spatial: 0.079 
(epoch: 39, iters: 3206, time: 0.486, data: 0.001) G_GAN_ViT: 0.305 D_real_ViT: 0.199 D_fake_ViT: 0.273 global: 0.431 spatial: 0.080 
(epoch: 39, iters: 3306, time: 0.486, data: 0.001) G_GAN_ViT: 0.514 D_real_ViT: 0.225 D_fake_ViT: 0.122 global: 0.522 spatial: 0.086 
(epoch: 39, iters: 3406, time: 0.486, data: 0.002) G_GAN_ViT: 0.551 D_real_ViT: 0.239 D_fake_ViT: 0.104 global: 0.344 spatial: 0.058 
(epoch: 39, iters: 3506, time: 0.486, data: 0.001) G_GAN_ViT: 0.476 D_real_ViT: 0.197 D_fake_ViT: 0.141 global: 0.433 spatial: 0.083 
(epoch: 39, iters: 3606, time: 0.486, data: 0.001) G_GAN_ViT: 0.446 D_real_ViT: 0.190 D_fake_ViT: 0.201 global: 0.462 spatial: 0.099 
(epoch: 39, iters: 3706, time: 0.486, data: 0.001) G_GAN_ViT: 0.491 D_real_ViT: 0.085 D_fake_ViT: 0.139 global: 0.359 spatial: 0.074 
(epoch: 39, iters: 3806, time: 0.486, data: 0.002) G_GAN_ViT: 0.301 D_real_ViT: 0.262 D_fake_ViT: 0.255 global: 0.412 spatial: 0.069 
(epoch: 39, iters: 3906, time: 0.486, data: 0.001) G_GAN_ViT: 0.303 D_real_ViT: 0.282 D_fake_ViT: 0.273 global: 0.421 spatial: 0.093 
(epoch: 39, iters: 4006, time: 0.485, data: 0.001) G_GAN_ViT: 0.281 D_real_ViT: 0.234 D_fake_ViT: 0.298 global: 0.420 spatial: 0.074 
(epoch: 39, iters: 4106, time: 0.485, data: 0.001) G_GAN_ViT: 0.406 D_real_ViT: 0.236 D_fake_ViT: 0.187 global: 0.372 spatial: 0.072 
(epoch: 39, iters: 4206, time: 0.485, data: 0.001) G_GAN_ViT: 0.276 D_real_ViT: 0.250 D_fake_ViT: 0.291 global: 0.420 spatial: 0.078 
(epoch: 39, iters: 4306, time: 0.485, data: 0.001) G_GAN_ViT: 0.429 D_real_ViT: 0.279 D_fake_ViT: 0.159 global: 0.345 spatial: 0.066 
(epoch: 39, iters: 4406, time: 0.486, data: 0.001) G_GAN_ViT: 0.408 D_real_ViT: 0.105 D_fake_ViT: 0.181 global: 0.319 spatial: 0.066 
saving the latest model (epoch 39, total_iters 250000)
ICL_single_traffic_hwy
(epoch: 39, iters: 4506, time: 0.485, data: 0.001) G_GAN_ViT: 0.385 D_real_ViT: 0.242 D_fake_ViT: 0.194 global: 0.335 spatial: 0.069 
(epoch: 39, iters: 4606, time: 0.485, data: 0.003) G_GAN_ViT: 0.345 D_real_ViT: 0.113 D_fake_ViT: 0.213 global: 0.500 spatial: 0.086 
(epoch: 39, iters: 4706, time: 0.485, data: 0.001) G_GAN_ViT: 0.374 D_real_ViT: 0.080 D_fake_ViT: 0.208 global: 0.376 spatial: 0.080 
(epoch: 39, iters: 4806, time: 0.485, data: 0.001) G_GAN_ViT: 0.468 D_real_ViT: 0.162 D_fake_ViT: 0.157 global: 0.323 spatial: 0.083 
(epoch: 39, iters: 4906, time: 0.484, data: 0.001) G_GAN_ViT: 0.368 D_real_ViT: 0.179 D_fake_ViT: 0.193 global: 0.332 spatial: 0.085 
(epoch: 39, iters: 5006, time: 0.485, data: 0.001) G_GAN_ViT: 0.340 D_real_ViT: 0.138 D_fake_ViT: 0.231 global: 0.523 spatial: 0.087 
(epoch: 39, iters: 5106, time: 0.485, data: 0.001) G_GAN_ViT: 0.488 D_real_ViT: 0.149 D_fake_ViT: 0.131 global: 0.433 spatial: 0.079 
(epoch: 39, iters: 5206, time: 0.485, data: 0.001) G_GAN_ViT: 0.426 D_real_ViT: 0.268 D_fake_ViT: 0.184 global: 0.299 spatial: 0.060 
(epoch: 39, iters: 5306, time: 0.486, data: 0.001) G_GAN_ViT: 0.262 D_real_ViT: 0.121 D_fake_ViT: 0.294 global: 0.416 spatial: 0.075 
(epoch: 39, iters: 5406, time: 0.486, data: 0.001) G_GAN_ViT: 0.500 D_real_ViT: 0.094 D_fake_ViT: 0.141 global: 0.321 spatial: 0.065 
(epoch: 39, iters: 5506, time: 0.485, data: 0.001) G_GAN_ViT: 0.333 D_real_ViT: 0.287 D_fake_ViT: 0.241 global: 0.521 spatial: 0.090 
(epoch: 39, iters: 5606, time: 0.485, data: 0.001) G_GAN_ViT: 0.385 D_real_ViT: 0.223 D_fake_ViT: 0.234 global: 0.385 spatial: 0.079 
(epoch: 39, iters: 5706, time: 0.485, data: 0.001) G_GAN_ViT: 0.523 D_real_ViT: 0.390 D_fake_ViT: 0.103 global: 0.317 spatial: 0.066 
(epoch: 39, iters: 5806, time: 0.485, data: 0.001) G_GAN_ViT: 0.329 D_real_ViT: 0.168 D_fake_ViT: 0.235 global: 0.433 spatial: 0.081 
(epoch: 39, iters: 5906, time: 0.486, data: 0.001) G_GAN_ViT: 0.466 D_real_ViT: 0.146 D_fake_ViT: 0.151 global: 0.482 spatial: 0.088 
(epoch: 39, iters: 6006, time: 0.486, data: 0.001) G_GAN_ViT: 0.449 D_real_ViT: 0.224 D_fake_ViT: 0.158 global: 0.336 spatial: 0.086 
(epoch: 39, iters: 6106, time: 0.486, data: 0.001) G_GAN_ViT: 0.341 D_real_ViT: 0.202 D_fake_ViT: 0.223 global: 0.413 spatial: 0.085 
(epoch: 39, iters: 6206, time: 0.486, data: 0.001) G_GAN_ViT: 0.334 D_real_ViT: 0.112 D_fake_ViT: 0.243 global: 0.506 spatial: 0.089 
(epoch: 39, iters: 6306, time: 0.486, data: 0.001) G_GAN_ViT: 0.444 D_real_ViT: 0.308 D_fake_ViT: 0.152 global: 0.432 spatial: 0.092 
(epoch: 39, iters: 6406, time: 0.486, data: 0.001) G_GAN_ViT: 0.532 D_real_ViT: 0.210 D_fake_ViT: 0.135 global: 0.322 spatial: 0.081 
End of epoch 39 / 100 	 Time Taken: 3147 sec
learning rate = 0.0000100
(epoch: 40, iters: 43, time: 0.486, data: 0.001) G_GAN_ViT: 0.222 D_real_ViT: 0.111 D_fake_ViT: 0.373 global: 0.405 spatial: 0.075 
(epoch: 40, iters: 143, time: 0.486, data: 0.001) G_GAN_ViT: 0.424 D_real_ViT: 0.208 D_fake_ViT: 0.162 global: 0.359 spatial: 0.081 
(epoch: 40, iters: 243, time: 0.486, data: 0.001) G_GAN_ViT: 0.341 D_real_ViT: 0.234 D_fake_ViT: 0.234 global: 0.490 spatial: 0.088 
(epoch: 40, iters: 343, time: 0.486, data: 0.001) G_GAN_ViT: 0.467 D_real_ViT: 0.139 D_fake_ViT: 0.157 global: 0.418 spatial: 0.093 
(epoch: 40, iters: 443, time: 0.486, data: 0.001) G_GAN_ViT: 0.366 D_real_ViT: 0.239 D_fake_ViT: 0.202 global: 0.392 spatial: 0.079 
(epoch: 40, iters: 543, time: 0.486, data: 0.001) G_GAN_ViT: 0.237 D_real_ViT: 0.123 D_fake_ViT: 0.339 global: 0.402 spatial: 0.075 
(epoch: 40, iters: 643, time: 0.486, data: 0.001) G_GAN_ViT: 0.463 D_real_ViT: 0.178 D_fake_ViT: 0.155 global: 0.350 spatial: 0.077 
(epoch: 40, iters: 743, time: 0.486, data: 0.001) G_GAN_ViT: 0.419 D_real_ViT: 0.143 D_fake_ViT: 0.170 global: 0.392 spatial: 0.091 
(epoch: 40, iters: 843, time: 0.486, data: 0.001) G_GAN_ViT: 0.509 D_real_ViT: 0.264 D_fake_ViT: 0.136 global: 0.481 spatial: 0.090 
(epoch: 40, iters: 943, time: 0.486, data: 0.001) G_GAN_ViT: 0.437 D_real_ViT: 0.226 D_fake_ViT: 0.160 global: 0.409 spatial: 0.081 
(epoch: 40, iters: 1043, time: 0.486, data: 0.001) G_GAN_ViT: 0.547 D_real_ViT: 0.152 D_fake_ViT: 0.122 global: 0.296 spatial: 0.071 
(epoch: 40, iters: 1143, time: 0.486, data: 0.001) G_GAN_ViT: 0.548 D_real_ViT: 0.370 D_fake_ViT: 0.114 global: 0.458 spatial: 0.084 
(epoch: 40, iters: 1243, time: 0.486, data: 0.001) G_GAN_ViT: 0.515 D_real_ViT: 0.205 D_fake_ViT: 0.125 global: 0.435 spatial: 0.088 
(epoch: 40, iters: 1343, time: 0.486, data: 0.001) G_GAN_ViT: 0.456 D_real_ViT: 0.133 D_fake_ViT: 0.151 global: 0.360 spatial: 0.060 
(epoch: 40, iters: 1443, time: 0.486, data: 0.001) G_GAN_ViT: 0.431 D_real_ViT: 0.202 D_fake_ViT: 0.159 global: 0.343 spatial: 0.076 
(epoch: 40, iters: 1543, time: 0.486, data: 0.001) G_GAN_ViT: 0.423 D_real_ViT: 0.161 D_fake_ViT: 0.177 global: 0.387 spatial: 0.076 
(epoch: 40, iters: 1643, time: 0.485, data: 0.001) G_GAN_ViT: 0.312 D_real_ViT: 0.258 D_fake_ViT: 0.242 global: 0.458 spatial: 0.081 
(epoch: 40, iters: 1743, time: 0.485, data: 0.001) G_GAN_ViT: 0.302 D_real_ViT: 0.121 D_fake_ViT: 0.297 global: 0.413 spatial: 0.103 
(epoch: 40, iters: 1843, time: 0.485, data: 0.001) G_GAN_ViT: 0.384 D_real_ViT: 0.183 D_fake_ViT: 0.197 global: 0.509 spatial: 0.086 
(epoch: 40, iters: 1943, time: 0.485, data: 0.001) G_GAN_ViT: 0.317 D_real_ViT: 0.207 D_fake_ViT: 0.267 global: 0.389 spatial: 0.098 
(epoch: 40, iters: 2043, time: 0.486, data: 0.001) G_GAN_ViT: 0.266 D_real_ViT: 0.177 D_fake_ViT: 0.278 global: 0.434 spatial: 0.081 
(epoch: 40, iters: 2143, time: 0.486, data: 0.001) G_GAN_ViT: 0.320 D_real_ViT: 0.230 D_fake_ViT: 0.217 global: 0.470 spatial: 0.079 
(epoch: 40, iters: 2243, time: 0.486, data: 0.001) G_GAN_ViT: 0.324 D_real_ViT: 0.141 D_fake_ViT: 0.264 global: 0.462 spatial: 0.099 
(epoch: 40, iters: 2343, time: 0.486, data: 0.001) G_GAN_ViT: 0.411 D_real_ViT: 0.272 D_fake_ViT: 0.189 global: 0.396 spatial: 0.071 
(epoch: 40, iters: 2443, time: 0.486, data: 0.001) G_GAN_ViT: 0.403 D_real_ViT: 0.235 D_fake_ViT: 0.173 global: 0.307 spatial: 0.076 
(epoch: 40, iters: 2543, time: 0.484, data: 0.001) G_GAN_ViT: 0.522 D_real_ViT: 0.150 D_fake_ViT: 0.116 global: 0.412 spatial: 0.079 
(epoch: 40, iters: 2643, time: 0.485, data: 0.001) G_GAN_ViT: 0.358 D_real_ViT: 0.186 D_fake_ViT: 0.232 global: 0.380 spatial: 0.079 
(epoch: 40, iters: 2743, time: 0.485, data: 0.001) G_GAN_ViT: 0.422 D_real_ViT: 0.148 D_fake_ViT: 0.180 global: 0.500 spatial: 0.092 
(epoch: 40, iters: 2843, time: 0.486, data: 0.001) G_GAN_ViT: 0.368 D_real_ViT: 0.249 D_fake_ViT: 0.222 global: 0.426 spatial: 0.085 
(epoch: 40, iters: 2943, time: 0.486, data: 0.001) G_GAN_ViT: 0.448 D_real_ViT: 0.257 D_fake_ViT: 0.189 global: 0.368 spatial: 0.077 
saving the latest model (epoch 40, total_iters 255000)
ICL_single_traffic_hwy
(epoch: 40, iters: 3043, time: 0.486, data: 0.004) G_GAN_ViT: 0.390 D_real_ViT: 0.180 D_fake_ViT: 0.207 global: 0.454 spatial: 0.095 
(epoch: 40, iters: 3143, time: 0.484, data: 0.001) G_GAN_ViT: 0.487 D_real_ViT: 0.253 D_fake_ViT: 0.140 global: 0.565 spatial: 0.101 
(epoch: 40, iters: 3243, time: 0.485, data: 0.001) G_GAN_ViT: 0.576 D_real_ViT: 0.194 D_fake_ViT: 0.128 global: 0.391 spatial: 0.085 
(epoch: 40, iters: 3343, time: 0.485, data: 0.001) G_GAN_ViT: 0.454 D_real_ViT: 0.172 D_fake_ViT: 0.170 global: 0.405 spatial: 0.080 
(epoch: 40, iters: 3443, time: 0.485, data: 0.001) G_GAN_ViT: 0.405 D_real_ViT: 0.119 D_fake_ViT: 0.199 global: 0.352 spatial: 0.087 
(epoch: 40, iters: 3543, time: 0.485, data: 0.001) G_GAN_ViT: 0.232 D_real_ViT: 0.256 D_fake_ViT: 0.329 global: 0.422 spatial: 0.076 
(epoch: 40, iters: 3643, time: 0.485, data: 0.001) G_GAN_ViT: 0.585 D_real_ViT: 0.358 D_fake_ViT: 0.126 global: 0.494 spatial: 0.103 
(epoch: 40, iters: 3743, time: 0.485, data: 0.001) G_GAN_ViT: 0.387 D_real_ViT: 0.202 D_fake_ViT: 0.185 global: 0.409 spatial: 0.082 
(epoch: 40, iters: 3843, time: 0.486, data: 0.001) G_GAN_ViT: 0.445 D_real_ViT: 0.182 D_fake_ViT: 0.181 global: 0.543 spatial: 0.089 
(epoch: 40, iters: 3943, time: 0.486, data: 0.001) G_GAN_ViT: 0.422 D_real_ViT: 0.204 D_fake_ViT: 0.185 global: 0.488 spatial: 0.096 
(epoch: 40, iters: 4043, time: 0.485, data: 0.001) G_GAN_ViT: 0.502 D_real_ViT: 0.122 D_fake_ViT: 0.164 global: 0.395 spatial: 0.093 
(epoch: 40, iters: 4143, time: 0.485, data: 0.002) G_GAN_ViT: 0.277 D_real_ViT: 0.259 D_fake_ViT: 0.276 global: 0.421 spatial: 0.088 
(epoch: 40, iters: 4243, time: 0.484, data: 0.001) G_GAN_ViT: 0.390 D_real_ViT: 0.184 D_fake_ViT: 0.179 global: 0.358 spatial: 0.076 
(epoch: 40, iters: 4343, time: 0.485, data: 0.001) G_GAN_ViT: 0.555 D_real_ViT: 0.159 D_fake_ViT: 0.104 global: 0.400 spatial: 0.091 
(epoch: 40, iters: 4443, time: 0.485, data: 0.001) G_GAN_ViT: 0.373 D_real_ViT: 0.269 D_fake_ViT: 0.189 global: 0.432 spatial: 0.078 
(epoch: 40, iters: 4543, time: 0.485, data: 0.001) G_GAN_ViT: 0.442 D_real_ViT: 0.160 D_fake_ViT: 0.166 global: 0.478 spatial: 0.090 
(epoch: 40, iters: 4643, time: 0.486, data: 0.001) G_GAN_ViT: 0.439 D_real_ViT: 0.250 D_fake_ViT: 0.153 global: 0.432 spatial: 0.082 
(epoch: 40, iters: 4743, time: 0.486, data: 0.001) G_GAN_ViT: 0.462 D_real_ViT: 0.282 D_fake_ViT: 0.150 global: 0.380 spatial: 0.080 
(epoch: 40, iters: 4843, time: 0.486, data: 0.001) G_GAN_ViT: 0.445 D_real_ViT: 0.108 D_fake_ViT: 0.146 global: 0.326 spatial: 0.071 
(epoch: 40, iters: 4943, time: 0.486, data: 0.001) G_GAN_ViT: 0.412 D_real_ViT: 0.190 D_fake_ViT: 0.182 global: 0.381 spatial: 0.067 
(epoch: 40, iters: 5043, time: 0.486, data: 0.001) G_GAN_ViT: 0.414 D_real_ViT: 0.429 D_fake_ViT: 0.180 global: 0.382 spatial: 0.075 
(epoch: 40, iters: 5143, time: 0.486, data: 0.001) G_GAN_ViT: 0.510 D_real_ViT: 0.281 D_fake_ViT: 0.115 global: 0.439 spatial: 0.072 
(epoch: 40, iters: 5243, time: 0.486, data: 0.001) G_GAN_ViT: 0.353 D_real_ViT: 0.207 D_fake_ViT: 0.212 global: 0.301 spatial: 0.056 
(epoch: 40, iters: 5343, time: 0.486, data: 0.001) G_GAN_ViT: 0.333 D_real_ViT: 0.119 D_fake_ViT: 0.240 global: 0.518 spatial: 0.095 
(epoch: 40, iters: 5443, time: 0.486, data: 0.001) G_GAN_ViT: 0.478 D_real_ViT: 0.253 D_fake_ViT: 0.150 global: 0.494 spatial: 0.097 
(epoch: 40, iters: 5543, time: 0.486, data: 0.001) G_GAN_ViT: 0.383 D_real_ViT: 0.118 D_fake_ViT: 0.200 global: 0.342 spatial: 0.078 
(epoch: 40, iters: 5643, time: 0.486, data: 0.001) G_GAN_ViT: 0.362 D_real_ViT: 0.199 D_fake_ViT: 0.209 global: 0.378 spatial: 0.079 
(epoch: 40, iters: 5743, time: 0.486, data: 0.001) G_GAN_ViT: 0.550 D_real_ViT: 0.195 D_fake_ViT: 0.113 global: 0.325 spatial: 0.081 
(epoch: 40, iters: 5843, time: 0.486, data: 0.001) G_GAN_ViT: 0.629 D_real_ViT: 0.259 D_fake_ViT: 0.076 global: 0.353 spatial: 0.080 
(epoch: 40, iters: 5943, time: 0.486, data: 0.001) G_GAN_ViT: 0.399 D_real_ViT: 0.125 D_fake_ViT: 0.178 global: 0.495 spatial: 0.083 
(epoch: 40, iters: 6043, time: 0.486, data: 0.001) G_GAN_ViT: 0.453 D_real_ViT: 0.266 D_fake_ViT: 0.142 global: 0.334 spatial: 0.070 
(epoch: 40, iters: 6143, time: 0.486, data: 0.001) G_GAN_ViT: 0.524 D_real_ViT: 0.255 D_fake_ViT: 0.111 global: 0.331 spatial: 0.070 
(epoch: 40, iters: 6243, time: 0.486, data: 0.001) G_GAN_ViT: 0.571 D_real_ViT: 0.116 D_fake_ViT: 0.108 global: 0.483 spatial: 0.092 
(epoch: 40, iters: 6343, time: 0.486, data: 0.002) G_GAN_ViT: 0.501 D_real_ViT: 0.154 D_fake_ViT: 0.143 global: 0.438 spatial: 0.090 
(epoch: 40, iters: 6443, time: 0.486, data: 0.001) G_GAN_ViT: 0.409 D_real_ViT: 0.307 D_fake_ViT: 0.202 global: 0.358 spatial: 0.079 
saving the model at the end of epoch 40, iters 258520
End of epoch 40 / 100 	 Time Taken: 3148 sec
learning rate = 0.0000100
(epoch: 41, iters: 80, time: 0.486, data: 0.001) G_GAN_ViT: 0.412 D_real_ViT: 0.166 D_fake_ViT: 0.171 global: 0.457 spatial: 0.081 
(epoch: 41, iters: 180, time: 0.486, data: 0.001) G_GAN_ViT: 0.455 D_real_ViT: 0.218 D_fake_ViT: 0.180 global: 0.521 spatial: 0.092 
(epoch: 41, iters: 280, time: 0.486, data: 0.001) G_GAN_ViT: 0.428 D_real_ViT: 0.214 D_fake_ViT: 0.179 global: 0.543 spatial: 0.105 
(epoch: 41, iters: 380, time: 0.486, data: 0.001) G_GAN_ViT: 0.479 D_real_ViT: 0.136 D_fake_ViT: 0.140 global: 0.350 spatial: 0.084 
(epoch: 41, iters: 480, time: 0.486, data: 0.001) G_GAN_ViT: 0.386 D_real_ViT: 0.182 D_fake_ViT: 0.189 global: 0.423 spatial: 0.074 
(epoch: 41, iters: 580, time: 0.486, data: 0.001) G_GAN_ViT: 0.436 D_real_ViT: 0.205 D_fake_ViT: 0.173 global: 0.416 spatial: 0.070 
(epoch: 41, iters: 680, time: 0.486, data: 0.001) G_GAN_ViT: 0.394 D_real_ViT: 0.237 D_fake_ViT: 0.173 global: 0.369 spatial: 0.069 
(epoch: 41, iters: 780, time: 0.486, data: 0.001) G_GAN_ViT: 0.404 D_real_ViT: 0.168 D_fake_ViT: 0.179 global: 0.517 spatial: 0.092 
(epoch: 41, iters: 880, time: 0.486, data: 0.001) G_GAN_ViT: 0.360 D_real_ViT: 0.337 D_fake_ViT: 0.220 global: 0.294 spatial: 0.070 
(epoch: 41, iters: 980, time: 0.486, data: 0.002) G_GAN_ViT: 0.353 D_real_ViT: 0.228 D_fake_ViT: 0.211 global: 0.468 spatial: 0.096 
(epoch: 41, iters: 1080, time: 0.485, data: 0.001) G_GAN_ViT: 0.524 D_real_ViT: 0.287 D_fake_ViT: 0.121 global: 0.332 spatial: 0.051 
(epoch: 41, iters: 1180, time: 0.486, data: 0.001) G_GAN_ViT: 0.586 D_real_ViT: 0.161 D_fake_ViT: 0.101 global: 0.374 spatial: 0.078 
(epoch: 41, iters: 1280, time: 0.486, data: 0.001) G_GAN_ViT: 0.279 D_real_ViT: 0.377 D_fake_ViT: 0.264 global: 0.398 spatial: 0.062 
(epoch: 41, iters: 1380, time: 0.486, data: 0.001) G_GAN_ViT: 0.462 D_real_ViT: 0.225 D_fake_ViT: 0.142 global: 0.445 spatial: 0.081 
(epoch: 41, iters: 1480, time: 0.486, data: 0.001) G_GAN_ViT: 0.318 D_real_ViT: 0.272 D_fake_ViT: 0.232 global: 0.425 spatial: 0.090 
saving the latest model (epoch 41, total_iters 260000)
ICL_single_traffic_hwy
(epoch: 41, iters: 1580, time: 0.486, data: 0.001) G_GAN_ViT: 0.498 D_real_ViT: 0.207 D_fake_ViT: 0.132 global: 0.454 spatial: 0.099 
(epoch: 41, iters: 1680, time: 0.486, data: 0.001) G_GAN_ViT: 0.441 D_real_ViT: 0.157 D_fake_ViT: 0.215 global: 0.365 spatial: 0.089 
(epoch: 41, iters: 1780, time: 0.486, data: 0.001) G_GAN_ViT: 0.433 D_real_ViT: 0.312 D_fake_ViT: 0.155 global: 0.316 spatial: 0.062 
(epoch: 41, iters: 1880, time: 0.486, data: 0.001) G_GAN_ViT: 0.409 D_real_ViT: 0.200 D_fake_ViT: 0.193 global: 0.409 spatial: 0.069 
(epoch: 41, iters: 1980, time: 0.486, data: 0.001) G_GAN_ViT: 0.328 D_real_ViT: 0.138 D_fake_ViT: 0.256 global: 0.464 spatial: 0.088 
(epoch: 41, iters: 2080, time: 0.486, data: 0.001) G_GAN_ViT: 0.381 D_real_ViT: 0.187 D_fake_ViT: 0.213 global: 0.562 spatial: 0.081 
(epoch: 41, iters: 2180, time: 0.486, data: 0.001) G_GAN_ViT: 0.401 D_real_ViT: 0.181 D_fake_ViT: 0.173 global: 0.304 spatial: 0.073 
(epoch: 41, iters: 2280, time: 0.486, data: 0.001) G_GAN_ViT: 0.372 D_real_ViT: 0.132 D_fake_ViT: 0.222 global: 0.464 spatial: 0.093 
(epoch: 41, iters: 2380, time: 0.486, data: 0.001) G_GAN_ViT: 0.381 D_real_ViT: 0.060 D_fake_ViT: 0.207 global: 0.461 spatial: 0.086 
(epoch: 41, iters: 2480, time: 0.486, data: 0.001) G_GAN_ViT: 0.336 D_real_ViT: 0.260 D_fake_ViT: 0.215 global: 0.480 spatial: 0.080 
(epoch: 41, iters: 2580, time: 0.485, data: 0.001) G_GAN_ViT: 0.347 D_real_ViT: 0.278 D_fake_ViT: 0.212 global: 0.368 spatial: 0.084 
(epoch: 41, iters: 2680, time: 0.485, data: 0.001) G_GAN_ViT: 0.402 D_real_ViT: 0.151 D_fake_ViT: 0.188 global: 0.394 spatial: 0.099 
(epoch: 41, iters: 2780, time: 0.485, data: 0.001) G_GAN_ViT: 0.402 D_real_ViT: 0.051 D_fake_ViT: 0.182 global: 0.432 spatial: 0.077 
(epoch: 41, iters: 2880, time: 0.485, data: 0.001) G_GAN_ViT: 0.384 D_real_ViT: 0.138 D_fake_ViT: 0.196 global: 0.476 spatial: 0.089 
(epoch: 41, iters: 2980, time: 0.486, data: 0.001) G_GAN_ViT: 0.401 D_real_ViT: 0.078 D_fake_ViT: 0.178 global: 0.483 spatial: 0.083 
(epoch: 41, iters: 3080, time: 0.485, data: 0.002) G_GAN_ViT: 0.306 D_real_ViT: 0.281 D_fake_ViT: 0.242 global: 0.386 spatial: 0.076 
(epoch: 41, iters: 3180, time: 0.486, data: 0.001) G_GAN_ViT: 0.523 D_real_ViT: 0.127 D_fake_ViT: 0.138 global: 0.552 spatial: 0.097 
(epoch: 41, iters: 3280, time: 0.486, data: 0.001) G_GAN_ViT: 0.375 D_real_ViT: 0.198 D_fake_ViT: 0.226 global: 0.375 spatial: 0.082 
(epoch: 41, iters: 3380, time: 0.486, data: 0.001) G_GAN_ViT: 0.306 D_real_ViT: 0.078 D_fake_ViT: 0.262 global: 0.418 spatial: 0.074 
(epoch: 41, iters: 3480, time: 0.486, data: 0.001) G_GAN_ViT: 0.351 D_real_ViT: 0.113 D_fake_ViT: 0.229 global: 0.425 spatial: 0.095 
(epoch: 41, iters: 3580, time: 0.486, data: 0.001) G_GAN_ViT: 0.417 D_real_ViT: 0.264 D_fake_ViT: 0.165 global: 0.571 spatial: 0.095 
(epoch: 41, iters: 3680, time: 0.486, data: 0.001) G_GAN_ViT: 0.412 D_real_ViT: 0.081 D_fake_ViT: 0.188 global: 0.447 spatial: 0.091 
(epoch: 41, iters: 3780, time: 0.486, data: 0.001) G_GAN_ViT: 0.261 D_real_ViT: 0.269 D_fake_ViT: 0.295 global: 0.451 spatial: 0.081 
(epoch: 41, iters: 3880, time: 0.486, data: 0.001) G_GAN_ViT: 0.376 D_real_ViT: 0.231 D_fake_ViT: 0.200 global: 0.430 spatial: 0.090 
(epoch: 41, iters: 3980, time: 0.486, data: 0.001) G_GAN_ViT: 0.424 D_real_ViT: 0.190 D_fake_ViT: 0.162 global: 0.370 spatial: 0.086 
(epoch: 41, iters: 4080, time: 0.485, data: 0.001) G_GAN_ViT: 0.499 D_real_ViT: 0.213 D_fake_ViT: 0.127 global: 0.437 spatial: 0.089 
(epoch: 41, iters: 4180, time: 0.485, data: 0.001) G_GAN_ViT: 0.361 D_real_ViT: 0.283 D_fake_ViT: 0.203 global: 0.382 spatial: 0.072 
(epoch: 41, iters: 4280, time: 0.485, data: 0.001) G_GAN_ViT: 0.326 D_real_ViT: 0.177 D_fake_ViT: 0.237 global: 0.534 spatial: 0.094 
(epoch: 41, iters: 4380, time: 0.486, data: 0.002) G_GAN_ViT: 0.317 D_real_ViT: 0.267 D_fake_ViT: 0.230 global: 0.416 spatial: 0.074 
(epoch: 41, iters: 4480, time: 0.486, data: 0.001) G_GAN_ViT: 0.457 D_real_ViT: 0.248 D_fake_ViT: 0.139 global: 0.404 spatial: 0.075 
(epoch: 41, iters: 4580, time: 0.486, data: 0.001) G_GAN_ViT: 0.360 D_real_ViT: 0.159 D_fake_ViT: 0.208 global: 0.385 spatial: 0.084 
(epoch: 41, iters: 4680, time: 0.486, data: 0.001) G_GAN_ViT: 0.368 D_real_ViT: 0.151 D_fake_ViT: 0.221 global: 0.401 spatial: 0.093 
(epoch: 41, iters: 4780, time: 0.486, data: 0.001) G_GAN_ViT: 0.331 D_real_ViT: 0.094 D_fake_ViT: 0.238 global: 0.404 spatial: 0.078 
(epoch: 41, iters: 4880, time: 0.486, data: 0.001) G_GAN_ViT: 0.343 D_real_ViT: 0.217 D_fake_ViT: 0.230 global: 0.352 spatial: 0.082 
(epoch: 41, iters: 4980, time: 0.486, data: 0.001) G_GAN_ViT: 0.364 D_real_ViT: 0.091 D_fake_ViT: 0.217 global: 0.484 spatial: 0.081 
(epoch: 41, iters: 5080, time: 0.486, data: 0.001) G_GAN_ViT: 0.512 D_real_ViT: 0.104 D_fake_ViT: 0.131 global: 0.297 spatial: 0.068 
(epoch: 41, iters: 5180, time: 0.486, data: 0.001) G_GAN_ViT: 0.537 D_real_ViT: 0.135 D_fake_ViT: 0.126 global: 0.492 spatial: 0.090 
(epoch: 41, iters: 5280, time: 0.486, data: 0.001) G_GAN_ViT: 0.265 D_real_ViT: 0.228 D_fake_ViT: 0.295 global: 0.456 spatial: 0.081 
(epoch: 41, iters: 5380, time: 0.485, data: 0.001) G_GAN_ViT: 0.415 D_real_ViT: 0.358 D_fake_ViT: 0.192 global: 0.539 spatial: 0.111 
(epoch: 41, iters: 5480, time: 0.485, data: 0.001) G_GAN_ViT: 0.420 D_real_ViT: 0.259 D_fake_ViT: 0.182 global: 0.546 spatial: 0.097 
(epoch: 41, iters: 5580, time: 0.485, data: 0.001) G_GAN_ViT: 0.310 D_real_ViT: 0.171 D_fake_ViT: 0.255 global: 0.547 spatial: 0.096 
(epoch: 41, iters: 5680, time: 0.485, data: 0.001) G_GAN_ViT: 0.479 D_real_ViT: 0.184 D_fake_ViT: 0.193 global: 0.427 spatial: 0.108 
(epoch: 41, iters: 5780, time: 0.486, data: 0.001) G_GAN_ViT: 0.649 D_real_ViT: 0.218 D_fake_ViT: 0.090 global: 0.317 spatial: 0.078 
(epoch: 41, iters: 5880, time: 0.486, data: 0.001) G_GAN_ViT: 0.334 D_real_ViT: 0.208 D_fake_ViT: 0.225 global: 0.446 spatial: 0.087 
(epoch: 41, iters: 5980, time: 0.485, data: 0.001) G_GAN_ViT: 0.403 D_real_ViT: 0.270 D_fake_ViT: 0.177 global: 0.373 spatial: 0.072 
(epoch: 41, iters: 6080, time: 0.485, data: 0.001) G_GAN_ViT: 0.397 D_real_ViT: 0.159 D_fake_ViT: 0.218 global: 0.368 spatial: 0.079 
(epoch: 41, iters: 6180, time: 0.485, data: 0.002) G_GAN_ViT: 0.361 D_real_ViT: 0.347 D_fake_ViT: 0.202 global: 0.418 spatial: 0.087 
(epoch: 41, iters: 6280, time: 0.485, data: 0.001) G_GAN_ViT: 0.446 D_real_ViT: 0.110 D_fake_ViT: 0.213 global: 0.379 spatial: 0.086 
(epoch: 41, iters: 6380, time: 0.485, data: 0.001) G_GAN_ViT: 0.406 D_real_ViT: 0.181 D_fake_ViT: 0.180 global: 0.396 spatial: 0.078 
End of epoch 41 / 100 	 Time Taken: 3148 sec
learning rate = 0.0000100
(epoch: 42, iters: 17, time: 0.485, data: 0.001) G_GAN_ViT: 0.577 D_real_ViT: 0.269 D_fake_ViT: 0.094 global: 0.467 spatial: 0.081 
saving the latest model (epoch 42, total_iters 265000)
ICL_single_traffic_hwy
(epoch: 42, iters: 117, time: 0.485, data: 0.001) G_GAN_ViT: 0.439 D_real_ViT: 0.300 D_fake_ViT: 0.187 global: 0.450 spatial: 0.081 
(epoch: 42, iters: 217, time: 0.485, data: 0.001) G_GAN_ViT: 0.355 D_real_ViT: 0.174 D_fake_ViT: 0.238 global: 0.459 spatial: 0.105 
(epoch: 42, iters: 317, time: 0.485, data: 0.001) G_GAN_ViT: 0.382 D_real_ViT: 0.115 D_fake_ViT: 0.238 global: 0.489 spatial: 0.091 
(epoch: 42, iters: 417, time: 0.485, data: 0.001) G_GAN_ViT: 0.320 D_real_ViT: 0.211 D_fake_ViT: 0.240 global: 0.409 spatial: 0.091 
(epoch: 42, iters: 517, time: 0.485, data: 0.001) G_GAN_ViT: 0.300 D_real_ViT: 0.266 D_fake_ViT: 0.250 global: 0.439 spatial: 0.076 
(epoch: 42, iters: 617, time: 0.485, data: 0.001) G_GAN_ViT: 0.522 D_real_ViT: 0.124 D_fake_ViT: 0.136 global: 0.390 spatial: 0.084 
(epoch: 42, iters: 717, time: 0.485, data: 0.001) G_GAN_ViT: 0.258 D_real_ViT: 0.134 D_fake_ViT: 0.299 global: 0.397 spatial: 0.073 
(epoch: 42, iters: 817, time: 0.485, data: 0.001) G_GAN_ViT: 0.550 D_real_ViT: 0.110 D_fake_ViT: 0.113 global: 0.430 spatial: 0.080 
(epoch: 42, iters: 917, time: 0.485, data: 0.001) G_GAN_ViT: 0.369 D_real_ViT: 0.329 D_fake_ViT: 0.210 global: 0.387 spatial: 0.098 
(epoch: 42, iters: 1017, time: 0.486, data: 0.001) G_GAN_ViT: 0.438 D_real_ViT: 0.358 D_fake_ViT: 0.172 global: 0.465 spatial: 0.097 
(epoch: 42, iters: 1117, time: 0.485, data: 0.001) G_GAN_ViT: 0.422 D_real_ViT: 0.094 D_fake_ViT: 0.178 global: 0.466 spatial: 0.082 
(epoch: 42, iters: 1217, time: 0.485, data: 0.001) G_GAN_ViT: 0.567 D_real_ViT: 0.272 D_fake_ViT: 0.087 global: 0.400 spatial: 0.077 
(epoch: 42, iters: 1317, time: 0.484, data: 0.001) G_GAN_ViT: 0.548 D_real_ViT: 0.264 D_fake_ViT: 0.101 global: 0.414 spatial: 0.069 
(epoch: 42, iters: 1417, time: 0.485, data: 0.001) G_GAN_ViT: 0.419 D_real_ViT: 0.260 D_fake_ViT: 0.157 global: 0.492 spatial: 0.084 
(epoch: 42, iters: 1517, time: 0.485, data: 0.001) G_GAN_ViT: 0.397 D_real_ViT: 0.143 D_fake_ViT: 0.199 global: 0.406 spatial: 0.083 
(epoch: 42, iters: 1617, time: 0.486, data: 0.002) G_GAN_ViT: 0.429 D_real_ViT: 0.259 D_fake_ViT: 0.163 global: 0.480 spatial: 0.081 
(epoch: 42, iters: 1717, time: 0.486, data: 0.001) G_GAN_ViT: 0.431 D_real_ViT: 0.213 D_fake_ViT: 0.179 global: 0.438 spatial: 0.091 
(epoch: 42, iters: 1817, time: 0.486, data: 0.001) G_GAN_ViT: 0.440 D_real_ViT: 0.183 D_fake_ViT: 0.173 global: 0.502 spatial: 0.101 
(epoch: 42, iters: 1917, time: 0.486, data: 0.001) G_GAN_ViT: 0.435 D_real_ViT: 0.159 D_fake_ViT: 0.176 global: 0.310 spatial: 0.066 
(epoch: 42, iters: 2017, time: 0.486, data: 0.001) G_GAN_ViT: 0.447 D_real_ViT: 0.133 D_fake_ViT: 0.165 global: 0.385 spatial: 0.085 
(epoch: 42, iters: 2117, time: 0.486, data: 0.001) G_GAN_ViT: 0.490 D_real_ViT: 0.298 D_fake_ViT: 0.121 global: 0.383 spatial: 0.074 
(epoch: 42, iters: 2217, time: 0.486, data: 0.001) G_GAN_ViT: 0.427 D_real_ViT: 0.224 D_fake_ViT: 0.200 global: 0.454 spatial: 0.113 
(epoch: 42, iters: 2317, time: 0.486, data: 0.001) G_GAN_ViT: 0.394 D_real_ViT: 0.096 D_fake_ViT: 0.200 global: 0.406 spatial: 0.085 
(epoch: 42, iters: 2417, time: 0.486, data: 0.001) G_GAN_ViT: 0.386 D_real_ViT: 0.197 D_fake_ViT: 0.198 global: 0.493 spatial: 0.097 
(epoch: 42, iters: 2517, time: 0.486, data: 0.001) G_GAN_ViT: 0.445 D_real_ViT: 0.243 D_fake_ViT: 0.188 global: 0.479 spatial: 0.095 
(epoch: 42, iters: 2617, time: 0.485, data: 0.001) G_GAN_ViT: 0.389 D_real_ViT: 0.215 D_fake_ViT: 0.195 global: 0.553 spatial: 0.088 
(epoch: 42, iters: 2717, time: 0.485, data: 0.001) G_GAN_ViT: 0.394 D_real_ViT: 0.159 D_fake_ViT: 0.219 global: 0.498 spatial: 0.116 
(epoch: 42, iters: 2817, time: 0.486, data: 0.001) G_GAN_ViT: 0.376 D_real_ViT: 0.219 D_fake_ViT: 0.195 global: 0.400 spatial: 0.077 
(epoch: 42, iters: 2917, time: 0.485, data: 0.001) G_GAN_ViT: 0.378 D_real_ViT: 0.090 D_fake_ViT: 0.237 global: 0.473 spatial: 0.108 
(epoch: 42, iters: 3017, time: 0.485, data: 0.001) G_GAN_ViT: 0.418 D_real_ViT: 0.199 D_fake_ViT: 0.174 global: 0.448 spatial: 0.088 
(epoch: 42, iters: 3117, time: 0.485, data: 0.001) G_GAN_ViT: 0.471 D_real_ViT: 0.213 D_fake_ViT: 0.148 global: 0.370 spatial: 0.094 
(epoch: 42, iters: 3217, time: 0.485, data: 0.001) G_GAN_ViT: 0.457 D_real_ViT: 0.216 D_fake_ViT: 0.174 global: 0.345 spatial: 0.090 
(epoch: 42, iters: 3317, time: 0.485, data: 0.001) G_GAN_ViT: 0.596 D_real_ViT: 0.079 D_fake_ViT: 0.094 global: 0.404 spatial: 0.078 
(epoch: 42, iters: 3417, time: 0.485, data: 0.001) G_GAN_ViT: 0.428 D_real_ViT: 0.338 D_fake_ViT: 0.162 global: 0.368 spatial: 0.077 
(epoch: 42, iters: 3517, time: 0.485, data: 0.001) G_GAN_ViT: 0.256 D_real_ViT: 0.302 D_fake_ViT: 0.289 global: 0.447 spatial: 0.080 
(epoch: 42, iters: 3617, time: 0.485, data: 0.002) G_GAN_ViT: 0.334 D_real_ViT: 0.083 D_fake_ViT: 0.252 global: 0.346 spatial: 0.082 
(epoch: 42, iters: 3717, time: 0.485, data: 0.001) G_GAN_ViT: 0.377 D_real_ViT: 0.274 D_fake_ViT: 0.203 global: 0.336 spatial: 0.069 
(epoch: 42, iters: 3817, time: 0.485, data: 0.001) G_GAN_ViT: 0.351 D_real_ViT: 0.237 D_fake_ViT: 0.201 global: 0.524 spatial: 0.082 
(epoch: 42, iters: 3917, time: 0.486, data: 0.001) G_GAN_ViT: 0.458 D_real_ViT: 0.134 D_fake_ViT: 0.145 global: 0.379 spatial: 0.074 
(epoch: 42, iters: 4017, time: 0.486, data: 0.001) G_GAN_ViT: 0.484 D_real_ViT: 0.310 D_fake_ViT: 0.141 global: 0.387 spatial: 0.089 
(epoch: 42, iters: 4117, time: 0.486, data: 0.001) G_GAN_ViT: 0.501 D_real_ViT: 0.194 D_fake_ViT: 0.130 global: 0.462 spatial: 0.077 
(epoch: 42, iters: 4217, time: 0.486, data: 0.001) G_GAN_ViT: 0.402 D_real_ViT: 0.200 D_fake_ViT: 0.201 global: 0.591 spatial: 0.099 
(epoch: 42, iters: 4317, time: 0.486, data: 0.001) G_GAN_ViT: 0.337 D_real_ViT: 0.238 D_fake_ViT: 0.257 global: 0.406 spatial: 0.065 
(epoch: 42, iters: 4417, time: 0.486, data: 0.001) G_GAN_ViT: 0.314 D_real_ViT: 0.134 D_fake_ViT: 0.270 global: 0.396 spatial: 0.087 
(epoch: 42, iters: 4517, time: 0.486, data: 0.001) G_GAN_ViT: 0.361 D_real_ViT: 0.284 D_fake_ViT: 0.204 global: 0.548 spatial: 0.095 
(epoch: 42, iters: 4617, time: 0.485, data: 0.001) G_GAN_ViT: 0.599 D_real_ViT: 0.172 D_fake_ViT: 0.114 global: 0.336 spatial: 0.067 
(epoch: 42, iters: 4717, time: 0.485, data: 0.001) G_GAN_ViT: 0.338 D_real_ViT: 0.190 D_fake_ViT: 0.239 global: 0.385 spatial: 0.066 
(epoch: 42, iters: 4817, time: 0.485, data: 0.001) G_GAN_ViT: 0.523 D_real_ViT: 0.159 D_fake_ViT: 0.151 global: 0.379 spatial: 0.098 
(epoch: 42, iters: 4917, time: 0.485, data: 0.001) G_GAN_ViT: 0.441 D_real_ViT: 0.174 D_fake_ViT: 0.157 global: 0.425 spatial: 0.079 
(epoch: 42, iters: 5017, time: 0.485, data: 0.001) G_GAN_ViT: 0.383 D_real_ViT: 0.118 D_fake_ViT: 0.200 global: 0.393 spatial: 0.074 
saving the latest model (epoch 42, total_iters 270000)
ICL_single_traffic_hwy
(epoch: 42, iters: 5117, time: 0.486, data: 0.002) G_GAN_ViT: 0.530 D_real_ViT: 0.142 D_fake_ViT: 0.115 global: 0.444 spatial: 0.085 
(epoch: 42, iters: 5217, time: 0.486, data: 0.001) G_GAN_ViT: 0.476 D_real_ViT: 0.284 D_fake_ViT: 0.176 global: 0.437 spatial: 0.101 
(epoch: 42, iters: 5317, time: 0.486, data: 0.001) G_GAN_ViT: 0.368 D_real_ViT: 0.038 D_fake_ViT: 0.218 global: 0.512 spatial: 0.085 
(epoch: 42, iters: 5417, time: 0.485, data: 0.001) G_GAN_ViT: 0.366 D_real_ViT: 0.268 D_fake_ViT: 0.197 global: 0.394 spatial: 0.085 
(epoch: 42, iters: 5517, time: 0.485, data: 0.001) G_GAN_ViT: 0.455 D_real_ViT: 0.127 D_fake_ViT: 0.168 global: 0.360 spatial: 0.076 
(epoch: 42, iters: 5617, time: 0.486, data: 0.001) G_GAN_ViT: 0.418 D_real_ViT: 0.175 D_fake_ViT: 0.177 global: 0.401 spatial: 0.077 
(epoch: 42, iters: 5717, time: 0.486, data: 0.001) G_GAN_ViT: 0.368 D_real_ViT: 0.199 D_fake_ViT: 0.205 global: 0.345 spatial: 0.073 
(epoch: 42, iters: 5817, time: 0.486, data: 0.001) G_GAN_ViT: 0.373 D_real_ViT: 0.206 D_fake_ViT: 0.226 global: 0.348 spatial: 0.093 
(epoch: 42, iters: 5917, time: 0.486, data: 0.001) G_GAN_ViT: 0.310 D_real_ViT: 0.170 D_fake_ViT: 0.263 global: 0.371 spatial: 0.083 
(epoch: 42, iters: 6017, time: 0.486, data: 0.001) G_GAN_ViT: 0.416 D_real_ViT: 0.261 D_fake_ViT: 0.164 global: 0.338 spatial: 0.067 
(epoch: 42, iters: 6117, time: 0.485, data: 0.001) G_GAN_ViT: 0.280 D_real_ViT: 0.174 D_fake_ViT: 0.316 global: 0.495 spatial: 0.091 
(epoch: 42, iters: 6217, time: 0.485, data: 0.001) G_GAN_ViT: 0.228 D_real_ViT: 0.197 D_fake_ViT: 0.333 global: 0.373 spatial: 0.066 
(epoch: 42, iters: 6317, time: 0.485, data: 0.001) G_GAN_ViT: 0.456 D_real_ViT: 0.076 D_fake_ViT: 0.170 global: 0.353 spatial: 0.077 
(epoch: 42, iters: 6417, time: 0.485, data: 0.001) G_GAN_ViT: 0.411 D_real_ViT: 0.148 D_fake_ViT: 0.171 global: 0.402 spatial: 0.083 
End of epoch 42 / 100 	 Time Taken: 3148 sec
learning rate = 0.0000100
(epoch: 43, iters: 54, time: 0.485, data: 0.001) G_GAN_ViT: 0.568 D_real_ViT: 0.205 D_fake_ViT: 0.100 global: 0.323 spatial: 0.058 
(epoch: 43, iters: 154, time: 0.485, data: 0.001) G_GAN_ViT: 0.441 D_real_ViT: 0.165 D_fake_ViT: 0.155 global: 0.570 spatial: 0.090 
(epoch: 43, iters: 254, time: 0.485, data: 0.002) G_GAN_ViT: 0.378 D_real_ViT: 0.155 D_fake_ViT: 0.194 global: 0.500 spatial: 0.095 
(epoch: 43, iters: 354, time: 0.485, data: 0.001) G_GAN_ViT: 0.387 D_real_ViT: 0.074 D_fake_ViT: 0.197 global: 0.458 spatial: 0.087 
(epoch: 43, iters: 454, time: 0.485, data: 0.001) G_GAN_ViT: 0.445 D_real_ViT: 0.133 D_fake_ViT: 0.160 global: 0.290 spatial: 0.056 
(epoch: 43, iters: 554, time: 0.486, data: 0.001) G_GAN_ViT: 0.372 D_real_ViT: 0.189 D_fake_ViT: 0.227 global: 0.367 spatial: 0.066 
(epoch: 43, iters: 654, time: 0.485, data: 0.001) G_GAN_ViT: 0.519 D_real_ViT: 0.180 D_fake_ViT: 0.115 global: 0.378 spatial: 0.086 
(epoch: 43, iters: 754, time: 0.485, data: 0.001) G_GAN_ViT: 0.474 D_real_ViT: 0.068 D_fake_ViT: 0.190 global: 0.459 spatial: 0.108 
(epoch: 43, iters: 854, time: 0.486, data: 0.001) G_GAN_ViT: 0.501 D_real_ViT: 0.212 D_fake_ViT: 0.136 global: 0.374 spatial: 0.080 
(epoch: 43, iters: 954, time: 0.486, data: 0.001) G_GAN_ViT: 0.225 D_real_ViT: 0.185 D_fake_ViT: 0.351 global: 0.425 spatial: 0.088 
(epoch: 43, iters: 1054, time: 0.486, data: 0.001) G_GAN_ViT: 0.324 D_real_ViT: 0.188 D_fake_ViT: 0.263 global: 0.467 spatial: 0.095 
(epoch: 43, iters: 1154, time: 0.486, data: 0.001) G_GAN_ViT: 0.460 D_real_ViT: 0.208 D_fake_ViT: 0.171 global: 0.516 spatial: 0.096 
(epoch: 43, iters: 1254, time: 0.486, data: 0.001) G_GAN_ViT: 0.474 D_real_ViT: 0.234 D_fake_ViT: 0.161 global: 0.346 spatial: 0.073 
(epoch: 43, iters: 1354, time: 0.486, data: 0.001) G_GAN_ViT: 0.303 D_real_ViT: 0.239 D_fake_ViT: 0.297 global: 0.490 spatial: 0.091 
(epoch: 43, iters: 1454, time: 0.486, data: 0.001) G_GAN_ViT: 0.387 D_real_ViT: 0.236 D_fake_ViT: 0.187 global: 0.322 spatial: 0.070 
(epoch: 43, iters: 1554, time: 0.486, data: 0.001) G_GAN_ViT: 0.368 D_real_ViT: 0.164 D_fake_ViT: 0.196 global: 0.387 spatial: 0.086 
(epoch: 43, iters: 1654, time: 0.486, data: 0.001) G_GAN_ViT: 0.358 D_real_ViT: 0.147 D_fake_ViT: 0.218 global: 0.453 spatial: 0.070 
(epoch: 43, iters: 1754, time: 0.486, data: 0.001) G_GAN_ViT: 0.399 D_real_ViT: 0.064 D_fake_ViT: 0.182 global: 0.315 spatial: 0.066 
(epoch: 43, iters: 1854, time: 0.485, data: 0.001) G_GAN_ViT: 0.595 D_real_ViT: 0.206 D_fake_ViT: 0.108 global: 0.303 spatial: 0.070 
(epoch: 43, iters: 1954, time: 0.485, data: 0.001) G_GAN_ViT: 0.457 D_real_ViT: 0.212 D_fake_ViT: 0.153 global: 0.370 spatial: 0.083 
(epoch: 43, iters: 2054, time: 0.485, data: 0.001) G_GAN_ViT: 0.437 D_real_ViT: 0.143 D_fake_ViT: 0.175 global: 0.478 spatial: 0.095 
(epoch: 43, iters: 2154, time: 0.485, data: 0.002) G_GAN_ViT: 0.296 D_real_ViT: 0.125 D_fake_ViT: 0.275 global: 0.442 spatial: 0.080 
(epoch: 43, iters: 2254, time: 0.485, data: 0.001) G_GAN_ViT: 0.435 D_real_ViT: 0.172 D_fake_ViT: 0.172 global: 0.352 spatial: 0.068 
(epoch: 43, iters: 2354, time: 0.486, data: 0.001) G_GAN_ViT: 0.468 D_real_ViT: 0.143 D_fake_ViT: 0.143 global: 0.434 spatial: 0.088 
(epoch: 43, iters: 2454, time: 0.486, data: 0.001) G_GAN_ViT: 0.585 D_real_ViT: 0.216 D_fake_ViT: 0.131 global: 0.422 spatial: 0.102 
(epoch: 43, iters: 2554, time: 0.486, data: 0.001) G_GAN_ViT: 0.390 D_real_ViT: 0.098 D_fake_ViT: 0.178 global: 0.388 spatial: 0.074 
(epoch: 43, iters: 2654, time: 0.486, data: 0.002) G_GAN_ViT: 0.477 D_real_ViT: 0.215 D_fake_ViT: 0.135 global: 0.353 spatial: 0.072 
(epoch: 43, iters: 2754, time: 0.486, data: 0.002) G_GAN_ViT: 0.445 D_real_ViT: 0.116 D_fake_ViT: 0.176 global: 0.382 spatial: 0.085 
(epoch: 43, iters: 2854, time: 0.486, data: 0.001) G_GAN_ViT: 0.513 D_real_ViT: 0.192 D_fake_ViT: 0.137 global: 0.308 spatial: 0.074 
(epoch: 43, iters: 2954, time: 0.486, data: 0.001) G_GAN_ViT: 0.531 D_real_ViT: 0.210 D_fake_ViT: 0.116 global: 0.379 spatial: 0.072 
(epoch: 43, iters: 3054, time: 0.486, data: 0.001) G_GAN_ViT: 0.432 D_real_ViT: 0.168 D_fake_ViT: 0.166 global: 0.397 spatial: 0.071 
(epoch: 43, iters: 3154, time: 0.485, data: 0.001) G_GAN_ViT: 0.353 D_real_ViT: 0.047 D_fake_ViT: 0.223 global: 0.449 spatial: 0.086 
(epoch: 43, iters: 3254, time: 0.485, data: 0.001) G_GAN_ViT: 0.421 D_real_ViT: 0.193 D_fake_ViT: 0.167 global: 0.393 spatial: 0.064 
(epoch: 43, iters: 3354, time: 0.485, data: 0.002) G_GAN_ViT: 0.437 D_real_ViT: 0.153 D_fake_ViT: 0.161 global: 0.331 spatial: 0.083 
(epoch: 43, iters: 3454, time: 0.485, data: 0.001) G_GAN_ViT: 0.379 D_real_ViT: 0.350 D_fake_ViT: 0.232 global: 0.524 spatial: 0.105 
(epoch: 43, iters: 3554, time: 0.485, data: 0.001) G_GAN_ViT: 0.474 D_real_ViT: 0.142 D_fake_ViT: 0.174 global: 0.531 spatial: 0.098 
saving the latest model (epoch 43, total_iters 275000)
ICL_single_traffic_hwy
(epoch: 43, iters: 3654, time: 0.485, data: 0.001) G_GAN_ViT: 0.311 D_real_ViT: 0.232 D_fake_ViT: 0.278 global: 0.405 spatial: 0.067 
(epoch: 43, iters: 3754, time: 0.485, data: 0.001) G_GAN_ViT: 0.505 D_real_ViT: 0.100 D_fake_ViT: 0.160 global: 0.457 spatial: 0.091 
(epoch: 43, iters: 3854, time: 0.485, data: 0.001) G_GAN_ViT: 0.275 D_real_ViT: 0.189 D_fake_ViT: 0.288 global: 0.507 spatial: 0.089 
(epoch: 43, iters: 3954, time: 0.485, data: 0.001) G_GAN_ViT: 0.315 D_real_ViT: 0.128 D_fake_ViT: 0.247 global: 0.490 spatial: 0.085 
(epoch: 43, iters: 4054, time: 0.485, data: 0.001) G_GAN_ViT: 0.302 D_real_ViT: 0.229 D_fake_ViT: 0.289 global: 0.409 spatial: 0.085 
(epoch: 43, iters: 4154, time: 0.485, data: 0.001) G_GAN_ViT: 0.479 D_real_ViT: 0.178 D_fake_ViT: 0.162 global: 0.500 spatial: 0.096 
(epoch: 43, iters: 4254, time: 0.486, data: 0.001) G_GAN_ViT: 0.582 D_real_ViT: 0.207 D_fake_ViT: 0.099 global: 0.336 spatial: 0.054 
(epoch: 43, iters: 4354, time: 0.485, data: 0.001) G_GAN_ViT: 0.391 D_real_ViT: 0.259 D_fake_ViT: 0.208 global: 0.338 spatial: 0.073 
(epoch: 43, iters: 4454, time: 0.486, data: 0.001) G_GAN_ViT: 0.364 D_real_ViT: 0.166 D_fake_ViT: 0.244 global: 0.526 spatial: 0.089 
(epoch: 43, iters: 4554, time: 0.485, data: 0.001) G_GAN_ViT: 0.417 D_real_ViT: 0.175 D_fake_ViT: 0.171 global: 0.473 spatial: 0.082 
(epoch: 43, iters: 4654, time: 0.485, data: 0.001) G_GAN_ViT: 0.373 D_real_ViT: 0.154 D_fake_ViT: 0.257 global: 0.503 spatial: 0.109 
(epoch: 43, iters: 4754, time: 0.485, data: 0.001) G_GAN_ViT: 0.352 D_real_ViT: 0.289 D_fake_ViT: 0.253 global: 0.506 spatial: 0.101 
(epoch: 43, iters: 4854, time: 0.485, data: 0.001) G_GAN_ViT: 0.406 D_real_ViT: 0.234 D_fake_ViT: 0.205 global: 0.323 spatial: 0.082 
(epoch: 43, iters: 4954, time: 0.485, data: 0.001) G_GAN_ViT: 0.451 D_real_ViT: 0.266 D_fake_ViT: 0.145 global: 0.304 spatial: 0.074 
(epoch: 43, iters: 5054, time: 0.485, data: 0.001) G_GAN_ViT: 0.499 D_real_ViT: 0.258 D_fake_ViT: 0.174 global: 0.412 spatial: 0.098 
(epoch: 43, iters: 5154, time: 0.485, data: 0.001) G_GAN_ViT: 0.386 D_real_ViT: 0.303 D_fake_ViT: 0.192 global: 0.428 spatial: 0.099 
(epoch: 43, iters: 5254, time: 0.486, data: 0.001) G_GAN_ViT: 0.421 D_real_ViT: 0.133 D_fake_ViT: 0.180 global: 0.423 spatial: 0.081 
(epoch: 43, iters: 5354, time: 0.486, data: 0.001) G_GAN_ViT: 0.437 D_real_ViT: 0.064 D_fake_ViT: 0.171 global: 0.323 spatial: 0.075 
(epoch: 43, iters: 5454, time: 0.485, data: 0.001) G_GAN_ViT: 0.366 D_real_ViT: 0.129 D_fake_ViT: 0.229 global: 0.366 spatial: 0.079 
(epoch: 43, iters: 5554, time: 0.485, data: 0.001) G_GAN_ViT: 0.414 D_real_ViT: 0.242 D_fake_ViT: 0.202 global: 0.345 spatial: 0.072 
(epoch: 43, iters: 5654, time: 0.485, data: 0.001) G_GAN_ViT: 0.527 D_real_ViT: 0.053 D_fake_ViT: 0.116 global: 0.421 spatial: 0.084 
(epoch: 43, iters: 5754, time: 0.485, data: 0.001) G_GAN_ViT: 0.457 D_real_ViT: 0.155 D_fake_ViT: 0.155 global: 0.499 spatial: 0.105 
(epoch: 43, iters: 5854, time: 0.485, data: 0.001) G_GAN_ViT: 0.308 D_real_ViT: 0.236 D_fake_ViT: 0.268 global: 0.415 spatial: 0.091 
(epoch: 43, iters: 5954, time: 0.485, data: 0.001) G_GAN_ViT: 0.444 D_real_ViT: 0.306 D_fake_ViT: 0.146 global: 0.322 spatial: 0.069 
(epoch: 43, iters: 6054, time: 0.485, data: 0.001) G_GAN_ViT: 0.527 D_real_ViT: 0.181 D_fake_ViT: 0.141 global: 0.318 spatial: 0.066 
(epoch: 43, iters: 6154, time: 0.485, data: 0.001) G_GAN_ViT: 0.543 D_real_ViT: 0.249 D_fake_ViT: 0.100 global: 0.421 spatial: 0.069 
(epoch: 43, iters: 6254, time: 0.486, data: 0.001) G_GAN_ViT: 0.489 D_real_ViT: 0.186 D_fake_ViT: 0.176 global: 0.433 spatial: 0.107 
(epoch: 43, iters: 6354, time: 0.485, data: 0.001) G_GAN_ViT: 0.285 D_real_ViT: 0.376 D_fake_ViT: 0.274 global: 0.462 spatial: 0.078 
(epoch: 43, iters: 6454, time: 0.486, data: 0.001) G_GAN_ViT: 0.498 D_real_ViT: 0.298 D_fake_ViT: 0.141 global: 0.325 spatial: 0.076 
End of epoch 43 / 100 	 Time Taken: 3148 sec
learning rate = 0.0000100
(epoch: 44, iters: 91, time: 0.486, data: 0.001) G_GAN_ViT: 0.412 D_real_ViT: 0.393 D_fake_ViT: 0.169 global: 0.365 spatial: 0.078 
(epoch: 44, iters: 191, time: 0.486, data: 0.001) G_GAN_ViT: 0.500 D_real_ViT: 0.196 D_fake_ViT: 0.127 global: 0.378 spatial: 0.076 
(epoch: 44, iters: 291, time: 0.484, data: 0.001) G_GAN_ViT: 0.403 D_real_ViT: 0.267 D_fake_ViT: 0.174 global: 0.348 spatial: 0.084 
(epoch: 44, iters: 391, time: 0.485, data: 0.001) G_GAN_ViT: 0.505 D_real_ViT: 0.232 D_fake_ViT: 0.134 global: 0.394 spatial: 0.078 
(epoch: 44, iters: 491, time: 0.485, data: 0.001) G_GAN_ViT: 0.310 D_real_ViT: 0.160 D_fake_ViT: 0.268 global: 0.399 spatial: 0.080 
(epoch: 44, iters: 591, time: 0.485, data: 0.001) G_GAN_ViT: 0.342 D_real_ViT: 0.266 D_fake_ViT: 0.214 global: 0.373 spatial: 0.062 
(epoch: 44, iters: 691, time: 0.485, data: 0.001) G_GAN_ViT: 0.495 D_real_ViT: 0.191 D_fake_ViT: 0.155 global: 0.497 spatial: 0.100 
(epoch: 44, iters: 791, time: 0.485, data: 0.001) G_GAN_ViT: 0.387 D_real_ViT: 0.111 D_fake_ViT: 0.196 global: 0.447 spatial: 0.095 
(epoch: 44, iters: 891, time: 0.485, data: 0.001) G_GAN_ViT: 0.320 D_real_ViT: 0.131 D_fake_ViT: 0.243 global: 0.428 spatial: 0.068 
(epoch: 44, iters: 991, time: 0.485, data: 0.001) G_GAN_ViT: 0.393 D_real_ViT: 0.210 D_fake_ViT: 0.171 global: 0.474 spatial: 0.088 
(epoch: 44, iters: 1091, time: 0.485, data: 0.001) G_GAN_ViT: 0.297 D_real_ViT: 0.144 D_fake_ViT: 0.274 global: 0.434 spatial: 0.090 
(epoch: 44, iters: 1191, time: 0.485, data: 0.001) G_GAN_ViT: 0.423 D_real_ViT: 0.136 D_fake_ViT: 0.168 global: 0.393 spatial: 0.075 
(epoch: 44, iters: 1291, time: 0.485, data: 0.001) G_GAN_ViT: 0.438 D_real_ViT: 0.280 D_fake_ViT: 0.151 global: 0.371 spatial: 0.080 
(epoch: 44, iters: 1391, time: 0.485, data: 0.001) G_GAN_ViT: 0.256 D_real_ViT: 0.301 D_fake_ViT: 0.295 global: 0.436 spatial: 0.091 
(epoch: 44, iters: 1491, time: 0.485, data: 0.001) G_GAN_ViT: 0.461 D_real_ViT: 0.280 D_fake_ViT: 0.162 global: 0.344 spatial: 0.077 
(epoch: 44, iters: 1591, time: 0.485, data: 0.001) G_GAN_ViT: 0.399 D_real_ViT: 0.168 D_fake_ViT: 0.178 global: 0.474 spatial: 0.071 
(epoch: 44, iters: 1691, time: 0.486, data: 0.001) G_GAN_ViT: 0.314 D_real_ViT: 0.214 D_fake_ViT: 0.279 global: 0.458 spatial: 0.086 
(epoch: 44, iters: 1791, time: 0.486, data: 0.002) G_GAN_ViT: 0.502 D_real_ViT: 0.178 D_fake_ViT: 0.149 global: 0.476 spatial: 0.088 
(epoch: 44, iters: 1891, time: 0.486, data: 0.001) G_GAN_ViT: 0.516 D_real_ViT: 0.279 D_fake_ViT: 0.123 global: 0.522 spatial: 0.097 
(epoch: 44, iters: 1991, time: 0.486, data: 0.001) G_GAN_ViT: 0.399 D_real_ViT: 0.108 D_fake_ViT: 0.189 global: 0.453 spatial: 0.086 
(epoch: 44, iters: 2091, time: 0.486, data: 0.001) G_GAN_ViT: 0.434 D_real_ViT: 0.240 D_fake_ViT: 0.168 global: 0.385 spatial: 0.078 
saving the latest model (epoch 44, total_iters 280000)
ICL_single_traffic_hwy
(epoch: 44, iters: 2191, time: 0.486, data: 0.002) G_GAN_ViT: 0.533 D_real_ViT: 0.228 D_fake_ViT: 0.147 global: 0.348 spatial: 0.095 
(epoch: 44, iters: 2291, time: 0.485, data: 0.001) G_GAN_ViT: 0.381 D_real_ViT: 0.239 D_fake_ViT: 0.224 global: 0.525 spatial: 0.111 
(epoch: 44, iters: 2391, time: 0.485, data: 0.001) G_GAN_ViT: 0.379 D_real_ViT: 0.181 D_fake_ViT: 0.236 global: 0.377 spatial: 0.095 
(epoch: 44, iters: 2491, time: 0.485, data: 0.001) G_GAN_ViT: 0.362 D_real_ViT: 0.246 D_fake_ViT: 0.204 global: 0.351 spatial: 0.072 
(epoch: 44, iters: 2591, time: 0.486, data: 0.001) G_GAN_ViT: 0.256 D_real_ViT: 0.221 D_fake_ViT: 0.295 global: 0.430 spatial: 0.069 
(epoch: 44, iters: 2691, time: 0.484, data: 0.001) G_GAN_ViT: 0.464 D_real_ViT: 0.224 D_fake_ViT: 0.157 global: 0.365 spatial: 0.079 
(epoch: 44, iters: 2791, time: 0.485, data: 0.001) G_GAN_ViT: 0.342 D_real_ViT: 0.277 D_fake_ViT: 0.215 global: 0.439 spatial: 0.082 
(epoch: 44, iters: 2891, time: 0.485, data: 0.001) G_GAN_ViT: 0.388 D_real_ViT: 0.182 D_fake_ViT: 0.198 global: 0.398 spatial: 0.078 
(epoch: 44, iters: 2991, time: 0.485, data: 0.001) G_GAN_ViT: 0.446 D_real_ViT: 0.228 D_fake_ViT: 0.146 global: 0.412 spatial: 0.083 
(epoch: 44, iters: 3091, time: 0.485, data: 0.001) G_GAN_ViT: 0.411 D_real_ViT: 0.167 D_fake_ViT: 0.189 global: 0.434 spatial: 0.087 
(epoch: 44, iters: 3191, time: 0.485, data: 0.001) G_GAN_ViT: 0.428 D_real_ViT: 0.251 D_fake_ViT: 0.158 global: 0.468 spatial: 0.079 
(epoch: 44, iters: 3291, time: 0.484, data: 0.001) G_GAN_ViT: 0.433 D_real_ViT: 0.226 D_fake_ViT: 0.159 global: 0.370 spatial: 0.084 
(epoch: 44, iters: 3391, time: 0.484, data: 0.001) G_GAN_ViT: 0.410 D_real_ViT: 0.164 D_fake_ViT: 0.194 global: 0.422 spatial: 0.081 
(epoch: 44, iters: 3491, time: 0.485, data: 0.001) G_GAN_ViT: 0.386 D_real_ViT: 0.144 D_fake_ViT: 0.182 global: 0.487 spatial: 0.079 
(epoch: 44, iters: 3591, time: 0.485, data: 0.002) G_GAN_ViT: 0.595 D_real_ViT: 0.161 D_fake_ViT: 0.085 global: 0.325 spatial: 0.062 
(epoch: 44, iters: 3691, time: 0.485, data: 0.001) G_GAN_ViT: 0.401 D_real_ViT: 0.129 D_fake_ViT: 0.184 global: 0.414 spatial: 0.070 
(epoch: 44, iters: 3791, time: 0.484, data: 0.001) G_GAN_ViT: 0.396 D_real_ViT: 0.304 D_fake_ViT: 0.211 global: 0.445 spatial: 0.081 
(epoch: 44, iters: 3891, time: 0.484, data: 0.002) G_GAN_ViT: 0.353 D_real_ViT: 0.165 D_fake_ViT: 0.226 global: 0.390 spatial: 0.078 
(epoch: 44, iters: 3991, time: 0.485, data: 0.001) G_GAN_ViT: 0.510 D_real_ViT: 0.248 D_fake_ViT: 0.157 global: 0.344 spatial: 0.075 
(epoch: 44, iters: 4091, time: 0.485, data: 0.001) G_GAN_ViT: 0.394 D_real_ViT: 0.196 D_fake_ViT: 0.207 global: 0.446 spatial: 0.092 
(epoch: 44, iters: 4191, time: 0.485, data: 0.001) G_GAN_ViT: 0.393 D_real_ViT: 0.362 D_fake_ViT: 0.163 global: 0.388 spatial: 0.067 
(epoch: 44, iters: 4291, time: 0.486, data: 0.001) G_GAN_ViT: 0.301 D_real_ViT: 0.152 D_fake_ViT: 0.284 global: 0.406 spatial: 0.072 
(epoch: 44, iters: 4391, time: 0.486, data: 0.001) G_GAN_ViT: 0.357 D_real_ViT: 0.200 D_fake_ViT: 0.208 global: 0.435 spatial: 0.092 
(epoch: 44, iters: 4491, time: 0.486, data: 0.001) G_GAN_ViT: 0.496 D_real_ViT: 0.282 D_fake_ViT: 0.153 global: 0.334 spatial: 0.082 
(epoch: 44, iters: 4591, time: 0.486, data: 0.001) G_GAN_ViT: 0.392 D_real_ViT: 0.177 D_fake_ViT: 0.230 global: 0.405 spatial: 0.091 
(epoch: 44, iters: 4691, time: 0.486, data: 0.001) G_GAN_ViT: 0.304 D_real_ViT: 0.194 D_fake_ViT: 0.246 global: 0.398 spatial: 0.067 
(epoch: 44, iters: 4791, time: 0.486, data: 0.001) G_GAN_ViT: 0.488 D_real_ViT: 0.150 D_fake_ViT: 0.180 global: 0.350 spatial: 0.087 
(epoch: 44, iters: 4891, time: 0.485, data: 0.001) G_GAN_ViT: 0.375 D_real_ViT: 0.121 D_fake_ViT: 0.207 global: 0.469 spatial: 0.086 
(epoch: 44, iters: 4991, time: 0.486, data: 0.001) G_GAN_ViT: 0.366 D_real_ViT: 0.124 D_fake_ViT: 0.200 global: 0.351 spatial: 0.073 
(epoch: 44, iters: 5091, time: 0.486, data: 0.001) G_GAN_ViT: 0.532 D_real_ViT: 0.232 D_fake_ViT: 0.132 global: 0.392 spatial: 0.069 
(epoch: 44, iters: 5191, time: 0.486, data: 0.001) G_GAN_ViT: 0.310 D_real_ViT: 0.226 D_fake_ViT: 0.239 global: 0.448 spatial: 0.073 
(epoch: 44, iters: 5291, time: 0.486, data: 0.001) G_GAN_ViT: 0.279 D_real_ViT: 0.220 D_fake_ViT: 0.281 global: 0.402 spatial: 0.085 
(epoch: 44, iters: 5391, time: 0.486, data: 0.001) G_GAN_ViT: 0.549 D_real_ViT: 0.185 D_fake_ViT: 0.116 global: 0.390 spatial: 0.085 
(epoch: 44, iters: 5491, time: 0.486, data: 0.001) G_GAN_ViT: 0.385 D_real_ViT: 0.073 D_fake_ViT: 0.197 global: 0.388 spatial: 0.083 
(epoch: 44, iters: 5591, time: 0.486, data: 0.001) G_GAN_ViT: 0.475 D_real_ViT: 0.217 D_fake_ViT: 0.148 global: 0.359 spatial: 0.083 
(epoch: 44, iters: 5691, time: 0.486, data: 0.001) G_GAN_ViT: 0.412 D_real_ViT: 0.165 D_fake_ViT: 0.167 global: 0.370 spatial: 0.073 
(epoch: 44, iters: 5791, time: 0.485, data: 0.001) G_GAN_ViT: 0.564 D_real_ViT: 0.335 D_fake_ViT: 0.118 global: 0.320 spatial: 0.073 
(epoch: 44, iters: 5891, time: 0.485, data: 0.001) G_GAN_ViT: 0.378 D_real_ViT: 0.249 D_fake_ViT: 0.225 global: 0.500 spatial: 0.112 
(epoch: 44, iters: 5991, time: 0.485, data: 0.001) G_GAN_ViT: 0.353 D_real_ViT: 0.153 D_fake_ViT: 0.217 global: 0.366 spatial: 0.066 
(epoch: 44, iters: 6091, time: 0.485, data: 0.001) G_GAN_ViT: 0.322 D_real_ViT: 0.179 D_fake_ViT: 0.258 global: 0.507 spatial: 0.097 
(epoch: 44, iters: 6191, time: 0.486, data: 0.001) G_GAN_ViT: 0.352 D_real_ViT: 0.206 D_fake_ViT: 0.217 global: 0.495 spatial: 0.094 
(epoch: 44, iters: 6291, time: 0.485, data: 0.001) G_GAN_ViT: 0.460 D_real_ViT: 0.184 D_fake_ViT: 0.158 global: 0.427 spatial: 0.095 
(epoch: 44, iters: 6391, time: 0.485, data: 0.001) G_GAN_ViT: 0.292 D_real_ViT: 0.060 D_fake_ViT: 0.276 global: 0.501 spatial: 0.095 
End of epoch 44 / 100 	 Time Taken: 3146 sec
learning rate = 0.0000100
(epoch: 45, iters: 28, time: 0.485, data: 0.001) G_GAN_ViT: 0.417 D_real_ViT: 0.213 D_fake_ViT: 0.172 global: 0.470 spatial: 0.093 
(epoch: 45, iters: 128, time: 0.485, data: 0.001) G_GAN_ViT: 0.368 D_real_ViT: 0.316 D_fake_ViT: 0.206 global: 0.445 spatial: 0.075 
(epoch: 45, iters: 228, time: 0.485, data: 0.001) G_GAN_ViT: 0.311 D_real_ViT: 0.095 D_fake_ViT: 0.239 global: 0.418 spatial: 0.077 
(epoch: 45, iters: 328, time: 0.485, data: 0.001) G_GAN_ViT: 0.421 D_real_ViT: 0.076 D_fake_ViT: 0.187 global: 0.421 spatial: 0.086 
(epoch: 45, iters: 428, time: 0.486, data: 0.001) G_GAN_ViT: 0.487 D_real_ViT: 0.087 D_fake_ViT: 0.137 global: 0.314 spatial: 0.070 
(epoch: 45, iters: 528, time: 0.486, data: 0.001) G_GAN_ViT: 0.408 D_real_ViT: 0.115 D_fake_ViT: 0.176 global: 0.401 spatial: 0.081 
(epoch: 45, iters: 628, time: 0.486, data: 0.001) G_GAN_ViT: 0.443 D_real_ViT: 0.256 D_fake_ViT: 0.198 global: 0.529 spatial: 0.105 
saving the latest model (epoch 45, total_iters 285000)
ICL_single_traffic_hwy
(epoch: 45, iters: 728, time: 0.486, data: 0.001) G_GAN_ViT: 0.286 D_real_ViT: 0.328 D_fake_ViT: 0.266 global: 0.406 spatial: 0.076 
(epoch: 45, iters: 828, time: 0.486, data: 0.003) G_GAN_ViT: 0.321 D_real_ViT: 0.176 D_fake_ViT: 0.251 global: 0.376 spatial: 0.089 
(epoch: 45, iters: 928, time: 0.485, data: 0.001) G_GAN_ViT: 0.404 D_real_ViT: 0.125 D_fake_ViT: 0.181 global: 0.401 spatial: 0.080 
(epoch: 45, iters: 1028, time: 0.486, data: 0.001) G_GAN_ViT: 0.525 D_real_ViT: 0.129 D_fake_ViT: 0.117 global: 0.415 spatial: 0.084 
(epoch: 45, iters: 1128, time: 0.486, data: 0.001) G_GAN_ViT: 0.346 D_real_ViT: 0.128 D_fake_ViT: 0.209 global: 0.348 spatial: 0.071 
(epoch: 45, iters: 1228, time: 0.486, data: 0.001) G_GAN_ViT: 0.304 D_real_ViT: 0.232 D_fake_ViT: 0.253 global: 0.395 spatial: 0.084 
(epoch: 45, iters: 1328, time: 0.485, data: 0.001) G_GAN_ViT: 0.337 D_real_ViT: 0.121 D_fake_ViT: 0.257 global: 0.373 spatial: 0.082 
(epoch: 45, iters: 1428, time: 0.485, data: 0.001) G_GAN_ViT: 0.373 D_real_ViT: 0.383 D_fake_ViT: 0.190 global: 0.331 spatial: 0.084 
(epoch: 45, iters: 1528, time: 0.485, data: 0.001) G_GAN_ViT: 0.414 D_real_ViT: 0.139 D_fake_ViT: 0.177 global: 0.453 spatial: 0.077 
(epoch: 45, iters: 1628, time: 0.485, data: 0.001) G_GAN_ViT: 0.314 D_real_ViT: 0.210 D_fake_ViT: 0.230 global: 0.455 spatial: 0.077 
(epoch: 45, iters: 1728, time: 0.485, data: 0.001) G_GAN_ViT: 0.500 D_real_ViT: 0.131 D_fake_ViT: 0.137 global: 0.359 spatial: 0.071 
(epoch: 45, iters: 1828, time: 0.484, data: 0.001) G_GAN_ViT: 0.438 D_real_ViT: 0.064 D_fake_ViT: 0.150 global: 0.417 spatial: 0.077 
(epoch: 45, iters: 1928, time: 0.484, data: 0.001) G_GAN_ViT: 0.528 D_real_ViT: 0.162 D_fake_ViT: 0.116 global: 0.519 spatial: 0.083 
(epoch: 45, iters: 2028, time: 0.485, data: 0.001) G_GAN_ViT: 0.430 D_real_ViT: 0.208 D_fake_ViT: 0.167 global: 0.395 spatial: 0.081 
(epoch: 45, iters: 2128, time: 0.485, data: 0.001) G_GAN_ViT: 0.475 D_real_ViT: 0.074 D_fake_ViT: 0.196 global: 0.435 spatial: 0.087 
(epoch: 45, iters: 2228, time: 0.485, data: 0.001) G_GAN_ViT: 0.389 D_real_ViT: 0.374 D_fake_ViT: 0.199 global: 0.384 spatial: 0.080 
(epoch: 45, iters: 2328, time: 0.485, data: 0.001) G_GAN_ViT: 0.448 D_real_ViT: 0.346 D_fake_ViT: 0.144 global: 0.387 spatial: 0.075 
(epoch: 45, iters: 2428, time: 0.485, data: 0.002) G_GAN_ViT: 0.557 D_real_ViT: 0.324 D_fake_ViT: 0.136 global: 0.352 spatial: 0.093 
(epoch: 45, iters: 2528, time: 0.485, data: 0.001) G_GAN_ViT: 0.387 D_real_ViT: 0.167 D_fake_ViT: 0.197 global: 0.438 spatial: 0.086 
(epoch: 45, iters: 2628, time: 0.485, data: 0.001) G_GAN_ViT: 0.311 D_real_ViT: 0.175 D_fake_ViT: 0.243 global: 0.452 spatial: 0.081 
(epoch: 45, iters: 2728, time: 0.485, data: 0.001) G_GAN_ViT: 0.382 D_real_ViT: 0.082 D_fake_ViT: 0.201 global: 0.338 spatial: 0.071 
(epoch: 45, iters: 2828, time: 0.485, data: 0.001) G_GAN_ViT: 0.312 D_real_ViT: 0.073 D_fake_ViT: 0.249 global: 0.433 spatial: 0.087 
(epoch: 45, iters: 2928, time: 0.485, data: 0.001) G_GAN_ViT: 0.458 D_real_ViT: 0.341 D_fake_ViT: 0.163 global: 0.556 spatial: 0.105 
(epoch: 45, iters: 3028, time: 0.485, data: 0.001) G_GAN_ViT: 0.402 D_real_ViT: 0.186 D_fake_ViT: 0.186 global: 0.554 spatial: 0.094 
(epoch: 45, iters: 3128, time: 0.485, data: 0.001) G_GAN_ViT: 0.455 D_real_ViT: 0.231 D_fake_ViT: 0.151 global: 0.326 spatial: 0.073 
(epoch: 45, iters: 3228, time: 0.486, data: 0.001) G_GAN_ViT: 0.399 D_real_ViT: 0.302 D_fake_ViT: 0.177 global: 0.419 spatial: 0.087 
(epoch: 45, iters: 3328, time: 0.486, data: 0.001) G_GAN_ViT: 0.443 D_real_ViT: 0.230 D_fake_ViT: 0.160 global: 0.402 spatial: 0.078 
(epoch: 45, iters: 3428, time: 0.486, data: 0.001) G_GAN_ViT: 0.484 D_real_ViT: 0.289 D_fake_ViT: 0.129 global: 0.414 spatial: 0.083 
(epoch: 45, iters: 3528, time: 0.486, data: 0.001) G_GAN_ViT: 0.293 D_real_ViT: 0.236 D_fake_ViT: 0.292 global: 0.486 spatial: 0.084 
(epoch: 45, iters: 3628, time: 0.486, data: 0.001) G_GAN_ViT: 0.276 D_real_ViT: 0.185 D_fake_ViT: 0.271 global: 0.398 spatial: 0.087 
(epoch: 45, iters: 3728, time: 0.486, data: 0.001) G_GAN_ViT: 0.367 D_real_ViT: 0.179 D_fake_ViT: 0.236 global: 0.343 spatial: 0.077 
(epoch: 45, iters: 3828, time: 0.486, data: 0.001) G_GAN_ViT: 0.421 D_real_ViT: 0.093 D_fake_ViT: 0.195 global: 0.381 spatial: 0.087 
(epoch: 45, iters: 3928, time: 0.486, data: 0.001) G_GAN_ViT: 0.338 D_real_ViT: 0.237 D_fake_ViT: 0.232 global: 0.538 spatial: 0.093 
(epoch: 45, iters: 4028, time: 0.486, data: 0.001) G_GAN_ViT: 0.391 D_real_ViT: 0.086 D_fake_ViT: 0.187 global: 0.362 spatial: 0.075 
(epoch: 45, iters: 4128, time: 0.486, data: 0.001) G_GAN_ViT: 0.385 D_real_ViT: 0.099 D_fake_ViT: 0.215 global: 0.417 spatial: 0.090 
(epoch: 45, iters: 4228, time: 0.486, data: 0.001) G_GAN_ViT: 0.470 D_real_ViT: 0.261 D_fake_ViT: 0.166 global: 0.377 spatial: 0.094 
(epoch: 45, iters: 4328, time: 0.486, data: 0.001) G_GAN_ViT: 0.426 D_real_ViT: 0.129 D_fake_ViT: 0.188 global: 0.337 spatial: 0.065 
(epoch: 45, iters: 4428, time: 0.486, data: 0.001) G_GAN_ViT: 0.400 D_real_ViT: 0.293 D_fake_ViT: 0.183 global: 0.471 spatial: 0.083 
(epoch: 45, iters: 4528, time: 0.485, data: 0.001) G_GAN_ViT: 0.437 D_real_ViT: 0.194 D_fake_ViT: 0.167 global: 0.330 spatial: 0.063 
(epoch: 45, iters: 4628, time: 0.486, data: 0.001) G_GAN_ViT: 0.467 D_real_ViT: 0.140 D_fake_ViT: 0.141 global: 0.366 spatial: 0.076 
(epoch: 45, iters: 4728, time: 0.486, data: 0.001) G_GAN_ViT: 0.474 D_real_ViT: 0.179 D_fake_ViT: 0.155 global: 0.312 spatial: 0.070 
(epoch: 45, iters: 4828, time: 0.486, data: 0.001) G_GAN_ViT: 0.529 D_real_ViT: 0.246 D_fake_ViT: 0.113 global: 0.494 spatial: 0.090 
(epoch: 45, iters: 4928, time: 0.486, data: 0.001) G_GAN_ViT: 0.409 D_real_ViT: 0.120 D_fake_ViT: 0.173 global: 0.527 spatial: 0.091 
(epoch: 45, iters: 5028, time: 0.485, data: 0.001) G_GAN_ViT: 0.405 D_real_ViT: 0.197 D_fake_ViT: 0.180 global: 0.425 spatial: 0.084 
(epoch: 45, iters: 5128, time: 0.485, data: 0.001) G_GAN_ViT: 0.508 D_real_ViT: 0.226 D_fake_ViT: 0.126 global: 0.280 spatial: 0.060 
(epoch: 45, iters: 5228, time: 0.485, data: 0.001) G_GAN_ViT: 0.421 D_real_ViT: 0.299 D_fake_ViT: 0.166 global: 0.529 spatial: 0.098 
(epoch: 45, iters: 5328, time: 0.486, data: 0.001) G_GAN_ViT: 0.423 D_real_ViT: 0.163 D_fake_ViT: 0.170 global: 0.393 spatial: 0.074 
(epoch: 45, iters: 5428, time: 0.486, data: 0.001) G_GAN_ViT: 0.370 D_real_ViT: 0.181 D_fake_ViT: 0.200 global: 0.431 spatial: 0.085 
(epoch: 45, iters: 5528, time: 0.486, data: 0.001) G_GAN_ViT: 0.331 D_real_ViT: 0.205 D_fake_ViT: 0.294 global: 0.408 spatial: 0.097 
(epoch: 45, iters: 5628, time: 0.486, data: 0.001) G_GAN_ViT: 0.399 D_real_ViT: 0.263 D_fake_ViT: 0.180 global: 0.391 spatial: 0.075 
saving the latest model (epoch 45, total_iters 290000)
ICL_single_traffic_hwy
(epoch: 45, iters: 5728, time: 0.486, data: 0.001) G_GAN_ViT: 0.503 D_real_ViT: 0.227 D_fake_ViT: 0.136 global: 0.422 spatial: 0.087 
(epoch: 45, iters: 5828, time: 0.486, data: 0.001) G_GAN_ViT: 0.285 D_real_ViT: 0.109 D_fake_ViT: 0.272 global: 0.425 spatial: 0.067 
(epoch: 45, iters: 5928, time: 0.486, data: 0.001) G_GAN_ViT: 0.363 D_real_ViT: 0.333 D_fake_ViT: 0.207 global: 0.456 spatial: 0.094 
(epoch: 45, iters: 6028, time: 0.486, data: 0.001) G_GAN_ViT: 0.310 D_real_ViT: 0.148 D_fake_ViT: 0.254 global: 0.488 spatial: 0.084 
(epoch: 45, iters: 6128, time: 0.486, data: 0.002) G_GAN_ViT: 0.457 D_real_ViT: 0.082 D_fake_ViT: 0.152 global: 0.432 spatial: 0.090 
(epoch: 45, iters: 6228, time: 0.486, data: 0.001) G_GAN_ViT: 0.436 D_real_ViT: 0.300 D_fake_ViT: 0.165 global: 0.294 spatial: 0.059 
(epoch: 45, iters: 6328, time: 0.486, data: 0.001) G_GAN_ViT: 0.340 D_real_ViT: 0.231 D_fake_ViT: 0.226 global: 0.364 spatial: 0.071 
(epoch: 45, iters: 6428, time: 0.486, data: 0.001) G_GAN_ViT: 0.488 D_real_ViT: 0.072 D_fake_ViT: 0.144 global: 0.435 spatial: 0.091 
saving the model at the end of epoch 45, iters 290835
End of epoch 45 / 100 	 Time Taken: 3150 sec
learning rate = 0.0000100
(epoch: 46, iters: 65, time: 0.486, data: 0.001) G_GAN_ViT: 0.427 D_real_ViT: 0.276 D_fake_ViT: 0.169 global: 0.382 spatial: 0.069 
(epoch: 46, iters: 165, time: 0.486, data: 0.001) G_GAN_ViT: 0.341 D_real_ViT: 0.237 D_fake_ViT: 0.208 global: 0.414 spatial: 0.085 
(epoch: 46, iters: 265, time: 0.485, data: 0.003) G_GAN_ViT: 0.456 D_real_ViT: 0.274 D_fake_ViT: 0.177 global: 0.532 spatial: 0.114 
(epoch: 46, iters: 365, time: 0.485, data: 0.001) G_GAN_ViT: 0.433 D_real_ViT: 0.325 D_fake_ViT: 0.160 global: 0.310 spatial: 0.064 
(epoch: 46, iters: 465, time: 0.485, data: 0.001) G_GAN_ViT: 0.410 D_real_ViT: 0.241 D_fake_ViT: 0.220 global: 0.460 spatial: 0.107 
(epoch: 46, iters: 565, time: 0.485, data: 0.001) G_GAN_ViT: 0.291 D_real_ViT: 0.098 D_fake_ViT: 0.266 global: 0.417 spatial: 0.084 
(epoch: 46, iters: 665, time: 0.485, data: 0.001) G_GAN_ViT: 0.523 D_real_ViT: 0.228 D_fake_ViT: 0.107 global: 0.314 spatial: 0.076 
(epoch: 46, iters: 765, time: 0.485, data: 0.001) G_GAN_ViT: 0.438 D_real_ViT: 0.217 D_fake_ViT: 0.176 global: 0.338 spatial: 0.077 
(epoch: 46, iters: 865, time: 0.485, data: 0.001) G_GAN_ViT: 0.436 D_real_ViT: 0.271 D_fake_ViT: 0.157 global: 0.399 spatial: 0.077 
(epoch: 46, iters: 965, time: 0.485, data: 0.001) G_GAN_ViT: 0.454 D_real_ViT: 0.287 D_fake_ViT: 0.154 global: 0.482 spatial: 0.100 
(epoch: 46, iters: 1065, time: 0.486, data: 0.001) G_GAN_ViT: 0.347 D_real_ViT: 0.056 D_fake_ViT: 0.283 global: 0.387 spatial: 0.086 
(epoch: 46, iters: 1165, time: 0.486, data: 0.001) G_GAN_ViT: 0.376 D_real_ViT: 0.245 D_fake_ViT: 0.189 global: 0.408 spatial: 0.071 
(epoch: 46, iters: 1265, time: 0.486, data: 0.001) G_GAN_ViT: 0.716 D_real_ViT: 0.171 D_fake_ViT: 0.055 global: 0.457 spatial: 0.085 
(epoch: 46, iters: 1365, time: 0.486, data: 0.001) G_GAN_ViT: 0.381 D_real_ViT: 0.274 D_fake_ViT: 0.179 global: 0.375 spatial: 0.077 
(epoch: 46, iters: 1465, time: 0.486, data: 0.001) G_GAN_ViT: 0.517 D_real_ViT: 0.191 D_fake_ViT: 0.122 global: 0.416 spatial: 0.071 
(epoch: 46, iters: 1565, time: 0.486, data: 0.001) G_GAN_ViT: 0.459 D_real_ViT: 0.259 D_fake_ViT: 0.144 global: 0.277 spatial: 0.062 
(epoch: 46, iters: 1665, time: 0.485, data: 0.001) G_GAN_ViT: 0.427 D_real_ViT: 0.042 D_fake_ViT: 0.173 global: 0.433 spatial: 0.078 
(epoch: 46, iters: 1765, time: 0.485, data: 0.001) G_GAN_ViT: 0.414 D_real_ViT: 0.180 D_fake_ViT: 0.161 global: 0.424 spatial: 0.083 
(epoch: 46, iters: 1865, time: 0.485, data: 0.001) G_GAN_ViT: 0.359 D_real_ViT: 0.098 D_fake_ViT: 0.229 global: 0.471 spatial: 0.082 
(epoch: 46, iters: 1965, time: 0.485, data: 0.001) G_GAN_ViT: 0.485 D_real_ViT: 0.151 D_fake_ViT: 0.127 global: 0.324 spatial: 0.069 
(epoch: 46, iters: 2065, time: 0.485, data: 0.001) G_GAN_ViT: 0.400 D_real_ViT: 0.137 D_fake_ViT: 0.184 global: 0.441 spatial: 0.079 
(epoch: 46, iters: 2165, time: 0.485, data: 0.001) G_GAN_ViT: 0.368 D_real_ViT: 0.294 D_fake_ViT: 0.183 global: 0.340 spatial: 0.079 
(epoch: 46, iters: 2265, time: 0.486, data: 0.001) G_GAN_ViT: 0.521 D_real_ViT: 0.280 D_fake_ViT: 0.137 global: 0.418 spatial: 0.069 
(epoch: 46, iters: 2365, time: 0.486, data: 0.001) G_GAN_ViT: 0.403 D_real_ViT: 0.215 D_fake_ViT: 0.175 global: 0.451 spatial: 0.085 
(epoch: 46, iters: 2465, time: 0.486, data: 0.001) G_GAN_ViT: 0.301 D_real_ViT: 0.259 D_fake_ViT: 0.255 global: 0.390 spatial: 0.070 
(epoch: 46, iters: 2565, time: 0.486, data: 0.001) G_GAN_ViT: 0.414 D_real_ViT: 0.254 D_fake_ViT: 0.172 global: 0.410 spatial: 0.080 
(epoch: 46, iters: 2665, time: 0.486, data: 0.001) G_GAN_ViT: 0.265 D_real_ViT: 0.186 D_fake_ViT: 0.279 global: 0.458 spatial: 0.074 
(epoch: 46, iters: 2765, time: 0.486, data: 0.001) G_GAN_ViT: 0.591 D_real_ViT: 0.283 D_fake_ViT: 0.097 global: 0.456 spatial: 0.082 
(epoch: 46, iters: 2865, time: 0.486, data: 0.001) G_GAN_ViT: 0.411 D_real_ViT: 0.315 D_fake_ViT: 0.176 global: 0.341 spatial: 0.070 
(epoch: 46, iters: 2965, time: 0.486, data: 0.001) G_GAN_ViT: 0.328 D_real_ViT: 0.156 D_fake_ViT: 0.229 global: 0.424 spatial: 0.085 
(epoch: 46, iters: 3065, time: 0.486, data: 0.001) G_GAN_ViT: 0.251 D_real_ViT: 0.178 D_fake_ViT: 0.327 global: 0.428 spatial: 0.078 
(epoch: 46, iters: 3165, time: 0.486, data: 0.001) G_GAN_ViT: 0.618 D_real_ViT: 0.135 D_fake_ViT: 0.125 global: 0.431 spatial: 0.095 
(epoch: 46, iters: 3265, time: 0.486, data: 0.001) G_GAN_ViT: 0.331 D_real_ViT: 0.106 D_fake_ViT: 0.255 global: 0.400 spatial: 0.071 
(epoch: 46, iters: 3365, time: 0.486, data: 0.002) G_GAN_ViT: 0.375 D_real_ViT: 0.127 D_fake_ViT: 0.261 global: 0.514 spatial: 0.116 
(epoch: 46, iters: 3465, time: 0.486, data: 0.001) G_GAN_ViT: 0.433 D_real_ViT: 0.330 D_fake_ViT: 0.145 global: 0.513 spatial: 0.081 
(epoch: 46, iters: 3565, time: 0.486, data: 0.001) G_GAN_ViT: 0.413 D_real_ViT: 0.263 D_fake_ViT: 0.169 global: 0.537 spatial: 0.085 
(epoch: 46, iters: 3665, time: 0.486, data: 0.002) G_GAN_ViT: 0.465 D_real_ViT: 0.340 D_fake_ViT: 0.168 global: 0.464 spatial: 0.091 
(epoch: 46, iters: 3765, time: 0.486, data: 0.001) G_GAN_ViT: 0.448 D_real_ViT: 0.342 D_fake_ViT: 0.153 global: 0.498 spatial: 0.082 
(epoch: 46, iters: 3865, time: 0.486, data: 0.001) G_GAN_ViT: 0.390 D_real_ViT: 0.246 D_fake_ViT: 0.190 global: 0.567 spatial: 0.099 
(epoch: 46, iters: 3965, time: 0.486, data: 0.001) G_GAN_ViT: 0.308 D_real_ViT: 0.220 D_fake_ViT: 0.245 global: 0.392 spatial: 0.070 
(epoch: 46, iters: 4065, time: 0.486, data: 0.001) G_GAN_ViT: 0.351 D_real_ViT: 0.240 D_fake_ViT: 0.266 global: 0.436 spatial: 0.090 
(epoch: 46, iters: 4165, time: 0.486, data: 0.001) G_GAN_ViT: 0.309 D_real_ViT: 0.341 D_fake_ViT: 0.268 global: 0.390 spatial: 0.082 
saving the latest model (epoch 46, total_iters 295000)
ICL_single_traffic_hwy
(epoch: 46, iters: 4265, time: 0.486, data: 0.001) G_GAN_ViT: 0.395 D_real_ViT: 0.193 D_fake_ViT: 0.230 global: 0.407 spatial: 0.087 
(epoch: 46, iters: 4365, time: 0.486, data: 0.001) G_GAN_ViT: 0.564 D_real_ViT: 0.256 D_fake_ViT: 0.108 global: 0.260 spatial: 0.064 
(epoch: 46, iters: 4465, time: 0.486, data: 0.001) G_GAN_ViT: 0.288 D_real_ViT: 0.117 D_fake_ViT: 0.286 global: 0.504 spatial: 0.098 
(epoch: 46, iters: 4565, time: 0.486, data: 0.001) G_GAN_ViT: 0.491 D_real_ViT: 0.202 D_fake_ViT: 0.156 global: 0.361 spatial: 0.079 
(epoch: 46, iters: 4665, time: 0.486, data: 0.001) G_GAN_ViT: 0.241 D_real_ViT: 0.273 D_fake_ViT: 0.328 global: 0.419 spatial: 0.084 
(epoch: 46, iters: 4765, time: 0.486, data: 0.001) G_GAN_ViT: 0.434 D_real_ViT: 0.139 D_fake_ViT: 0.207 global: 0.362 spatial: 0.080 
(epoch: 46, iters: 4865, time: 0.486, data: 0.001) G_GAN_ViT: 0.432 D_real_ViT: 0.101 D_fake_ViT: 0.164 global: 0.394 spatial: 0.083 
(epoch: 46, iters: 4965, time: 0.486, data: 0.002) G_GAN_ViT: 0.449 D_real_ViT: 0.118 D_fake_ViT: 0.145 global: 0.313 spatial: 0.070 
(epoch: 46, iters: 5065, time: 0.486, data: 0.003) G_GAN_ViT: 0.373 D_real_ViT: 0.232 D_fake_ViT: 0.191 global: 0.454 spatial: 0.091 
(epoch: 46, iters: 5165, time: 0.486, data: 0.001) G_GAN_ViT: 0.563 D_real_ViT: 0.194 D_fake_ViT: 0.122 global: 0.528 spatial: 0.104 
(epoch: 46, iters: 5265, time: 0.486, data: 0.002) G_GAN_ViT: 0.293 D_real_ViT: 0.199 D_fake_ViT: 0.258 global: 0.379 spatial: 0.089 
(epoch: 46, iters: 5365, time: 0.485, data: 0.001) G_GAN_ViT: 0.611 D_real_ViT: 0.169 D_fake_ViT: 0.108 global: 0.459 spatial: 0.083 
(epoch: 46, iters: 5465, time: 0.485, data: 0.001) G_GAN_ViT: 0.458 D_real_ViT: 0.185 D_fake_ViT: 0.183 global: 0.422 spatial: 0.091 
(epoch: 46, iters: 5565, time: 0.485, data: 0.001) G_GAN_ViT: 0.337 D_real_ViT: 0.117 D_fake_ViT: 0.242 global: 0.415 spatial: 0.096 
(epoch: 46, iters: 5665, time: 0.485, data: 0.001) G_GAN_ViT: 0.343 D_real_ViT: 0.057 D_fake_ViT: 0.222 global: 0.369 spatial: 0.069 
(epoch: 46, iters: 5765, time: 0.486, data: 0.001) G_GAN_ViT: 0.414 D_real_ViT: 0.346 D_fake_ViT: 0.197 global: 0.528 spatial: 0.099 
(epoch: 46, iters: 5865, time: 0.486, data: 0.001) G_GAN_ViT: 0.364 D_real_ViT: 0.232 D_fake_ViT: 0.228 global: 0.348 spatial: 0.072 
(epoch: 46, iters: 5965, time: 0.486, data: 0.001) G_GAN_ViT: 0.465 D_real_ViT: 0.222 D_fake_ViT: 0.153 global: 0.453 spatial: 0.094 
(epoch: 46, iters: 6065, time: 0.486, data: 0.001) G_GAN_ViT: 0.312 D_real_ViT: 0.242 D_fake_ViT: 0.242 global: 0.414 spatial: 0.080 
(epoch: 46, iters: 6165, time: 0.486, data: 0.001) G_GAN_ViT: 0.562 D_real_ViT: 0.216 D_fake_ViT: 0.095 global: 0.410 spatial: 0.092 
(epoch: 46, iters: 6265, time: 0.486, data: 0.001) G_GAN_ViT: 0.319 D_real_ViT: 0.173 D_fake_ViT: 0.285 global: 0.460 spatial: 0.092 
(epoch: 46, iters: 6365, time: 0.486, data: 0.001) G_GAN_ViT: 0.427 D_real_ViT: 0.247 D_fake_ViT: 0.177 global: 0.308 spatial: 0.069 
End of epoch 46 / 100 	 Time Taken: 3149 sec
learning rate = 0.0000100
(epoch: 47, iters: 2, time: 0.486, data: 0.001) G_GAN_ViT: 0.241 D_real_ViT: 0.316 D_fake_ViT: 0.333 global: 0.383 spatial: 0.087 
(epoch: 47, iters: 102, time: 0.486, data: 0.000) G_GAN_ViT: 0.474 D_real_ViT: 0.221 D_fake_ViT: 0.157 global: 0.413 spatial: 0.092 
(epoch: 47, iters: 202, time: 0.486, data: 0.001) G_GAN_ViT: 0.333 D_real_ViT: 0.166 D_fake_ViT: 0.243 global: 0.386 spatial: 0.066 
(epoch: 47, iters: 302, time: 0.486, data: 0.001) G_GAN_ViT: 0.398 D_real_ViT: 0.320 D_fake_ViT: 0.189 global: 0.488 spatial: 0.098 
(epoch: 47, iters: 402, time: 0.486, data: 0.001) G_GAN_ViT: 0.345 D_real_ViT: 0.206 D_fake_ViT: 0.223 global: 0.623 spatial: 0.102 
(epoch: 47, iters: 502, time: 0.486, data: 0.001) G_GAN_ViT: 0.406 D_real_ViT: 0.109 D_fake_ViT: 0.198 global: 0.453 spatial: 0.085 
(epoch: 47, iters: 602, time: 0.486, data: 0.001) G_GAN_ViT: 0.368 D_real_ViT: 0.201 D_fake_ViT: 0.198 global: 0.412 spatial: 0.083 
(epoch: 47, iters: 702, time: 0.486, data: 0.001) G_GAN_ViT: 0.735 D_real_ViT: 0.278 D_fake_ViT: 0.063 global: 0.428 spatial: 0.081 
(epoch: 47, iters: 802, time: 0.486, data: 0.002) G_GAN_ViT: 0.303 D_real_ViT: 0.126 D_fake_ViT: 0.247 global: 0.430 spatial: 0.077 
(epoch: 47, iters: 902, time: 0.486, data: 0.001) G_GAN_ViT: 0.526 D_real_ViT: 0.188 D_fake_ViT: 0.113 global: 0.346 spatial: 0.074 
(epoch: 47, iters: 1002, time: 0.486, data: 0.001) G_GAN_ViT: 0.464 D_real_ViT: 0.410 D_fake_ViT: 0.188 global: 0.433 spatial: 0.101 
(epoch: 47, iters: 1102, time: 0.486, data: 0.001) G_GAN_ViT: 0.385 D_real_ViT: 0.251 D_fake_ViT: 0.223 global: 0.509 spatial: 0.104 
(epoch: 47, iters: 1202, time: 0.486, data: 0.001) G_GAN_ViT: 0.443 D_real_ViT: 0.235 D_fake_ViT: 0.202 global: 0.503 spatial: 0.107 
(epoch: 47, iters: 1302, time: 0.486, data: 0.001) G_GAN_ViT: 0.481 D_real_ViT: 0.063 D_fake_ViT: 0.155 global: 0.383 spatial: 0.070 
(epoch: 47, iters: 1402, time: 0.486, data: 0.001) G_GAN_ViT: 0.276 D_real_ViT: 0.120 D_fake_ViT: 0.312 global: 0.390 spatial: 0.073 
(epoch: 47, iters: 1502, time: 0.486, data: 0.001) G_GAN_ViT: 0.434 D_real_ViT: 0.088 D_fake_ViT: 0.172 global: 0.539 spatial: 0.096 
(epoch: 47, iters: 1602, time: 0.486, data: 0.001) G_GAN_ViT: 0.471 D_real_ViT: 0.129 D_fake_ViT: 0.196 global: 0.441 spatial: 0.107 
(epoch: 47, iters: 1702, time: 0.486, data: 0.001) G_GAN_ViT: 0.475 D_real_ViT: 0.176 D_fake_ViT: 0.136 global: 0.442 spatial: 0.079 
(epoch: 47, iters: 1802, time: 0.486, data: 0.001) G_GAN_ViT: 0.386 D_real_ViT: 0.165 D_fake_ViT: 0.197 global: 0.448 spatial: 0.097 
(epoch: 47, iters: 1902, time: 0.486, data: 0.001) G_GAN_ViT: 0.513 D_real_ViT: 0.262 D_fake_ViT: 0.114 global: 0.427 spatial: 0.083 
(epoch: 47, iters: 2002, time: 0.486, data: 0.001) G_GAN_ViT: 0.236 D_real_ViT: 0.119 D_fake_ViT: 0.342 global: 0.470 spatial: 0.087 
(epoch: 47, iters: 2102, time: 0.486, data: 0.002) G_GAN_ViT: 0.397 D_real_ViT: 0.221 D_fake_ViT: 0.189 global: 0.378 spatial: 0.074 
(epoch: 47, iters: 2202, time: 0.486, data: 0.001) G_GAN_ViT: 0.341 D_real_ViT: 0.228 D_fake_ViT: 0.220 global: 0.504 spatial: 0.092 
(epoch: 47, iters: 2302, time: 0.486, data: 0.001) G_GAN_ViT: 0.515 D_real_ViT: 0.254 D_fake_ViT: 0.132 global: 0.266 spatial: 0.064 
(epoch: 47, iters: 2402, time: 0.486, data: 0.001) G_GAN_ViT: 0.428 D_real_ViT: 0.143 D_fake_ViT: 0.181 global: 0.341 spatial: 0.101 
(epoch: 47, iters: 2502, time: 0.486, data: 0.001) G_GAN_ViT: 0.435 D_real_ViT: 0.153 D_fake_ViT: 0.156 global: 0.335 spatial: 0.082 
(epoch: 47, iters: 2602, time: 0.486, data: 0.001) G_GAN_ViT: 0.452 D_real_ViT: 0.253 D_fake_ViT: 0.154 global: 0.377 spatial: 0.077 
(epoch: 47, iters: 2702, time: 0.486, data: 0.001) G_GAN_ViT: 0.478 D_real_ViT: 0.121 D_fake_ViT: 0.154 global: 0.437 spatial: 0.085 
saving the latest model (epoch 47, total_iters 300000)
ICL_single_traffic_hwy
(epoch: 47, iters: 2802, time: 0.486, data: 0.002) G_GAN_ViT: 0.491 D_real_ViT: 0.212 D_fake_ViT: 0.150 global: 0.446 spatial: 0.114 
(epoch: 47, iters: 2902, time: 0.486, data: 0.002) G_GAN_ViT: 0.300 D_real_ViT: 0.173 D_fake_ViT: 0.257 global: 0.427 spatial: 0.088 
(epoch: 47, iters: 3002, time: 0.486, data: 0.001) G_GAN_ViT: 0.598 D_real_ViT: 0.324 D_fake_ViT: 0.087 global: 0.487 spatial: 0.091 
(epoch: 47, iters: 3102, time: 0.486, data: 0.001) G_GAN_ViT: 0.405 D_real_ViT: 0.239 D_fake_ViT: 0.200 global: 0.395 spatial: 0.075 
(epoch: 47, iters: 3202, time: 0.486, data: 0.001) G_GAN_ViT: 0.383 D_real_ViT: 0.201 D_fake_ViT: 0.191 global: 0.470 spatial: 0.093 
(epoch: 47, iters: 3302, time: 0.486, data: 0.001) G_GAN_ViT: 0.237 D_real_ViT: 0.208 D_fake_ViT: 0.325 global: 0.376 spatial: 0.067 
(epoch: 47, iters: 3402, time: 0.486, data: 0.001) G_GAN_ViT: 0.307 D_real_ViT: 0.261 D_fake_ViT: 0.246 global: 0.440 spatial: 0.088 
(epoch: 47, iters: 3502, time: 0.486, data: 0.001) G_GAN_ViT: 0.434 D_real_ViT: 0.199 D_fake_ViT: 0.162 global: 0.371 spatial: 0.090 
(epoch: 47, iters: 3602, time: 0.486, data: 0.001) G_GAN_ViT: 0.462 D_real_ViT: 0.261 D_fake_ViT: 0.148 global: 0.421 spatial: 0.081 
(epoch: 47, iters: 3702, time: 0.486, data: 0.001) G_GAN_ViT: 0.450 D_real_ViT: 0.234 D_fake_ViT: 0.168 global: 0.488 spatial: 0.093 
(epoch: 47, iters: 3802, time: 0.485, data: 0.001) G_GAN_ViT: 0.342 D_real_ViT: 0.259 D_fake_ViT: 0.263 global: 0.366 spatial: 0.081 
(epoch: 47, iters: 3902, time: 0.485, data: 0.001) G_GAN_ViT: 0.403 D_real_ViT: 0.315 D_fake_ViT: 0.195 global: 0.309 spatial: 0.079 
(epoch: 47, iters: 4002, time: 0.485, data: 0.001) G_GAN_ViT: 0.413 D_real_ViT: 0.336 D_fake_ViT: 0.195 global: 0.592 spatial: 0.103 
(epoch: 47, iters: 4102, time: 0.485, data: 0.002) G_GAN_ViT: 0.591 D_real_ViT: 0.229 D_fake_ViT: 0.092 global: 0.375 spatial: 0.071 
(epoch: 47, iters: 4202, time: 0.486, data: 0.001) G_GAN_ViT: 0.351 D_real_ViT: 0.335 D_fake_ViT: 0.213 global: 0.322 spatial: 0.064 
(epoch: 47, iters: 4302, time: 0.486, data: 0.001) G_GAN_ViT: 0.489 D_real_ViT: 0.330 D_fake_ViT: 0.126 global: 0.406 spatial: 0.069 
(epoch: 47, iters: 4402, time: 0.486, data: 0.001) G_GAN_ViT: 0.326 D_real_ViT: 0.122 D_fake_ViT: 0.268 global: 0.446 spatial: 0.099 
(epoch: 47, iters: 4502, time: 0.486, data: 0.001) G_GAN_ViT: 0.504 D_real_ViT: 0.314 D_fake_ViT: 0.122 global: 0.502 spatial: 0.093 
(epoch: 47, iters: 4602, time: 0.486, data: 0.001) G_GAN_ViT: 0.536 D_real_ViT: 0.317 D_fake_ViT: 0.144 global: 0.420 spatial: 0.084 
(epoch: 47, iters: 4702, time: 0.486, data: 0.001) G_GAN_ViT: 0.401 D_real_ViT: 0.061 D_fake_ViT: 0.222 global: 0.388 spatial: 0.087 
(epoch: 47, iters: 4802, time: 0.486, data: 0.001) G_GAN_ViT: 0.622 D_real_ViT: 0.124 D_fake_ViT: 0.087 global: 0.353 spatial: 0.067 
(epoch: 47, iters: 4902, time: 0.486, data: 0.001) G_GAN_ViT: 0.446 D_real_ViT: 0.176 D_fake_ViT: 0.154 global: 0.538 spatial: 0.091 
(epoch: 47, iters: 5002, time: 0.486, data: 0.001) G_GAN_ViT: 0.460 D_real_ViT: 0.142 D_fake_ViT: 0.159 global: 0.406 spatial: 0.075 
(epoch: 47, iters: 5102, time: 0.486, data: 0.001) G_GAN_ViT: 0.305 D_real_ViT: 0.094 D_fake_ViT: 0.257 global: 0.447 spatial: 0.081 
(epoch: 47, iters: 5202, time: 0.486, data: 0.001) G_GAN_ViT: 0.331 D_real_ViT: 0.110 D_fake_ViT: 0.241 global: 0.435 spatial: 0.069 
(epoch: 47, iters: 5302, time: 0.486, data: 0.001) G_GAN_ViT: 0.491 D_real_ViT: 0.172 D_fake_ViT: 0.182 global: 0.389 spatial: 0.095 
(epoch: 47, iters: 5402, time: 0.486, data: 0.001) G_GAN_ViT: 0.544 D_real_ViT: 0.254 D_fake_ViT: 0.104 global: 0.331 spatial: 0.081 
(epoch: 47, iters: 5502, time: 0.486, data: 0.001) G_GAN_ViT: 0.438 D_real_ViT: 0.073 D_fake_ViT: 0.179 global: 0.457 spatial: 0.089 
(epoch: 47, iters: 5602, time: 0.486, data: 0.002) G_GAN_ViT: 0.485 D_real_ViT: 0.065 D_fake_ViT: 0.128 global: 0.309 spatial: 0.067 
(epoch: 47, iters: 5702, time: 0.486, data: 0.001) G_GAN_ViT: 0.492 D_real_ViT: 0.207 D_fake_ViT: 0.147 global: 0.446 spatial: 0.097 
(epoch: 47, iters: 5802, time: 0.486, data: 0.001) G_GAN_ViT: 0.266 D_real_ViT: 0.121 D_fake_ViT: 0.340 global: 0.437 spatial: 0.078 
(epoch: 47, iters: 5902, time: 0.486, data: 0.001) G_GAN_ViT: 0.310 D_real_ViT: 0.251 D_fake_ViT: 0.284 global: 0.461 spatial: 0.096 
(epoch: 47, iters: 6002, time: 0.486, data: 0.001) G_GAN_ViT: 0.455 D_real_ViT: 0.136 D_fake_ViT: 0.143 global: 0.432 spatial: 0.086 
(epoch: 47, iters: 6102, time: 0.486, data: 0.001) G_GAN_ViT: 0.479 D_real_ViT: 0.180 D_fake_ViT: 0.160 global: 0.349 spatial: 0.084 
(epoch: 47, iters: 6202, time: 0.486, data: 0.001) G_GAN_ViT: 0.668 D_real_ViT: 0.102 D_fake_ViT: 0.081 global: 0.457 spatial: 0.088 
(epoch: 47, iters: 6302, time: 0.486, data: 0.001) G_GAN_ViT: 0.335 D_real_ViT: 0.056 D_fake_ViT: 0.257 global: 0.416 spatial: 0.088 
(epoch: 47, iters: 6402, time: 0.486, data: 0.001) G_GAN_ViT: 0.309 D_real_ViT: 0.078 D_fake_ViT: 0.290 global: 0.418 spatial: 0.079 
End of epoch 47 / 100 	 Time Taken: 3151 sec
learning rate = 0.0000100
(epoch: 48, iters: 39, time: 0.487, data: 0.001) G_GAN_ViT: 0.554 D_real_ViT: 0.351 D_fake_ViT: 0.109 global: 0.394 spatial: 0.075 
(epoch: 48, iters: 139, time: 0.487, data: 0.001) G_GAN_ViT: 0.476 D_real_ViT: 0.194 D_fake_ViT: 0.160 global: 0.301 spatial: 0.070 
(epoch: 48, iters: 239, time: 0.486, data: 0.002) G_GAN_ViT: 0.266 D_real_ViT: 0.130 D_fake_ViT: 0.352 global: 0.434 spatial: 0.089 
(epoch: 48, iters: 339, time: 0.486, data: 0.001) G_GAN_ViT: 0.392 D_real_ViT: 0.343 D_fake_ViT: 0.172 global: 0.325 spatial: 0.071 
(epoch: 48, iters: 439, time: 0.486, data: 0.004) G_GAN_ViT: 0.467 D_real_ViT: 0.103 D_fake_ViT: 0.188 global: 0.388 spatial: 0.095 
(epoch: 48, iters: 539, time: 0.486, data: 0.001) G_GAN_ViT: 0.350 D_real_ViT: 0.218 D_fake_ViT: 0.224 global: 0.536 spatial: 0.093 
(epoch: 48, iters: 639, time: 0.486, data: 0.001) G_GAN_ViT: 0.333 D_real_ViT: 0.197 D_fake_ViT: 0.230 global: 0.457 spatial: 0.081 
(epoch: 48, iters: 739, time: 0.486, data: 0.001) G_GAN_ViT: 0.301 D_real_ViT: 0.170 D_fake_ViT: 0.249 global: 0.421 spatial: 0.080 
(epoch: 48, iters: 839, time: 0.486, data: 0.001) G_GAN_ViT: 0.359 D_real_ViT: 0.222 D_fake_ViT: 0.214 global: 0.483 spatial: 0.079 
(epoch: 48, iters: 939, time: 0.486, data: 0.001) G_GAN_ViT: 0.467 D_real_ViT: 0.260 D_fake_ViT: 0.157 global: 0.270 spatial: 0.069 
(epoch: 48, iters: 1039, time: 0.486, data: 0.002) G_GAN_ViT: 0.484 D_real_ViT: 0.137 D_fake_ViT: 0.143 global: 0.333 spatial: 0.073 
(epoch: 48, iters: 1139, time: 0.486, data: 0.001) G_GAN_ViT: 0.412 D_real_ViT: 0.199 D_fake_ViT: 0.177 global: 0.404 spatial: 0.086 
(epoch: 48, iters: 1239, time: 0.486, data: 0.001) G_GAN_ViT: 0.364 D_real_ViT: 0.173 D_fake_ViT: 0.205 global: 0.361 spatial: 0.086 
saving the latest model (epoch 48, total_iters 305000)
ICL_single_traffic_hwy
(epoch: 48, iters: 1339, time: 0.486, data: 0.001) G_GAN_ViT: 0.364 D_real_ViT: 0.109 D_fake_ViT: 0.238 global: 0.426 spatial: 0.078 
(epoch: 48, iters: 1439, time: 0.486, data: 0.001) G_GAN_ViT: 0.387 D_real_ViT: 0.165 D_fake_ViT: 0.186 global: 0.473 spatial: 0.091 
(epoch: 48, iters: 1539, time: 0.486, data: 0.002) G_GAN_ViT: 0.452 D_real_ViT: 0.222 D_fake_ViT: 0.145 global: 0.502 spatial: 0.090 
(epoch: 48, iters: 1639, time: 0.486, data: 0.001) G_GAN_ViT: 0.466 D_real_ViT: 0.226 D_fake_ViT: 0.156 global: 0.523 spatial: 0.112 
(epoch: 48, iters: 1739, time: 0.486, data: 0.001) G_GAN_ViT: 0.309 D_real_ViT: 0.169 D_fake_ViT: 0.244 global: 0.489 spatial: 0.090 
(epoch: 48, iters: 1839, time: 0.486, data: 0.001) G_GAN_ViT: 0.582 D_real_ViT: 0.165 D_fake_ViT: 0.106 global: 0.361 spatial: 0.072 
(epoch: 48, iters: 1939, time: 0.486, data: 0.002) G_GAN_ViT: 0.456 D_real_ViT: 0.153 D_fake_ViT: 0.160 global: 0.417 spatial: 0.083 
(epoch: 48, iters: 2039, time: 0.487, data: 0.001) G_GAN_ViT: 0.291 D_real_ViT: 0.212 D_fake_ViT: 0.254 global: 0.404 spatial: 0.080 
(epoch: 48, iters: 2139, time: 0.485, data: 0.001) G_GAN_ViT: 0.485 D_real_ViT: 0.145 D_fake_ViT: 0.139 global: 0.363 spatial: 0.082 
(epoch: 48, iters: 2239, time: 0.484, data: 0.001) G_GAN_ViT: 0.328 D_real_ViT: 0.280 D_fake_ViT: 0.227 global: 0.434 spatial: 0.081 
(epoch: 48, iters: 2339, time: 0.484, data: 0.001) G_GAN_ViT: 0.519 D_real_ViT: 0.156 D_fake_ViT: 0.120 global: 0.350 spatial: 0.070 
(epoch: 48, iters: 2439, time: 0.484, data: 0.001) G_GAN_ViT: 0.309 D_real_ViT: 0.209 D_fake_ViT: 0.240 global: 0.453 spatial: 0.082 
(epoch: 48, iters: 2539, time: 0.485, data: 0.001) G_GAN_ViT: 0.376 D_real_ViT: 0.175 D_fake_ViT: 0.191 global: 0.414 spatial: 0.082 
(epoch: 48, iters: 2639, time: 0.485, data: 0.001) G_GAN_ViT: 0.331 D_real_ViT: 0.224 D_fake_ViT: 0.240 global: 0.447 spatial: 0.095 
(epoch: 48, iters: 2739, time: 0.486, data: 0.001) G_GAN_ViT: 0.321 D_real_ViT: 0.143 D_fake_ViT: 0.234 global: 0.381 spatial: 0.073 
(epoch: 48, iters: 2839, time: 0.486, data: 0.001) G_GAN_ViT: 0.503 D_real_ViT: 0.238 D_fake_ViT: 0.161 global: 0.437 spatial: 0.119 
(epoch: 48, iters: 2939, time: 0.486, data: 0.001) G_GAN_ViT: 0.304 D_real_ViT: 0.207 D_fake_ViT: 0.274 global: 0.530 spatial: 0.096 
(epoch: 48, iters: 3039, time: 0.486, data: 0.001) G_GAN_ViT: 0.426 D_real_ViT: 0.100 D_fake_ViT: 0.182 global: 0.553 spatial: 0.099 
(epoch: 48, iters: 3139, time: 0.486, data: 0.001) G_GAN_ViT: 0.381 D_real_ViT: 0.213 D_fake_ViT: 0.203 global: 0.435 spatial: 0.083 
(epoch: 48, iters: 3239, time: 0.486, data: 0.001) G_GAN_ViT: 0.323 D_real_ViT: 0.191 D_fake_ViT: 0.289 global: 0.379 spatial: 0.080 
(epoch: 48, iters: 3339, time: 0.486, data: 0.001) G_GAN_ViT: 0.325 D_real_ViT: 0.143 D_fake_ViT: 0.244 global: 0.439 spatial: 0.096 
(epoch: 48, iters: 3439, time: 0.486, data: 0.001) G_GAN_ViT: 0.472 D_real_ViT: 0.305 D_fake_ViT: 0.139 global: 0.465 spatial: 0.078 
(epoch: 48, iters: 3539, time: 0.486, data: 0.001) G_GAN_ViT: 0.467 D_real_ViT: 0.255 D_fake_ViT: 0.175 global: 0.426 spatial: 0.102 
(epoch: 48, iters: 3639, time: 0.486, data: 0.001) G_GAN_ViT: 0.465 D_real_ViT: 0.265 D_fake_ViT: 0.175 global: 0.506 spatial: 0.100 
(epoch: 48, iters: 3739, time: 0.487, data: 0.001) G_GAN_ViT: 0.416 D_real_ViT: 0.207 D_fake_ViT: 0.209 global: 0.290 spatial: 0.081 
(epoch: 48, iters: 3839, time: 0.486, data: 0.001) G_GAN_ViT: 0.335 D_real_ViT: 0.087 D_fake_ViT: 0.234 global: 0.434 spatial: 0.077 
(epoch: 48, iters: 3939, time: 0.486, data: 0.001) G_GAN_ViT: 0.394 D_real_ViT: 0.101 D_fake_ViT: 0.194 global: 0.372 spatial: 0.069 
(epoch: 48, iters: 4039, time: 0.487, data: 0.001) G_GAN_ViT: 0.389 D_real_ViT: 0.163 D_fake_ViT: 0.179 global: 0.372 spatial: 0.066 
(epoch: 48, iters: 4139, time: 0.486, data: 0.002) G_GAN_ViT: 0.430 D_real_ViT: 0.113 D_fake_ViT: 0.177 global: 0.502 spatial: 0.083 
(epoch: 48, iters: 4239, time: 0.486, data: 0.001) G_GAN_ViT: 0.348 D_real_ViT: 0.105 D_fake_ViT: 0.246 global: 0.504 spatial: 0.096 
(epoch: 48, iters: 4339, time: 0.486, data: 0.001) G_GAN_ViT: 0.549 D_real_ViT: 0.106 D_fake_ViT: 0.111 global: 0.388 spatial: 0.077 
(epoch: 48, iters: 4439, time: 0.487, data: 0.001) G_GAN_ViT: 0.420 D_real_ViT: 0.174 D_fake_ViT: 0.159 global: 0.487 spatial: 0.089 
(epoch: 48, iters: 4539, time: 0.486, data: 0.001) G_GAN_ViT: 0.438 D_real_ViT: 0.270 D_fake_ViT: 0.151 global: 0.328 spatial: 0.063 
(epoch: 48, iters: 4639, time: 0.486, data: 0.001) G_GAN_ViT: 0.345 D_real_ViT: 0.164 D_fake_ViT: 0.263 global: 0.459 spatial: 0.107 
(epoch: 48, iters: 4739, time: 0.486, data: 0.001) G_GAN_ViT: 0.333 D_real_ViT: 0.122 D_fake_ViT: 0.222 global: 0.374 spatial: 0.088 
(epoch: 48, iters: 4839, time: 0.486, data: 0.001) G_GAN_ViT: 0.438 D_real_ViT: 0.183 D_fake_ViT: 0.166 global: 0.541 spatial: 0.089 
(epoch: 48, iters: 4939, time: 0.486, data: 0.002) G_GAN_ViT: 0.602 D_real_ViT: 0.102 D_fake_ViT: 0.110 global: 0.559 spatial: 0.101 
(epoch: 48, iters: 5039, time: 0.486, data: 0.001) G_GAN_ViT: 0.507 D_real_ViT: 0.106 D_fake_ViT: 0.144 global: 0.442 spatial: 0.098 
(epoch: 48, iters: 5139, time: 0.486, data: 0.001) G_GAN_ViT: 0.362 D_real_ViT: 0.150 D_fake_ViT: 0.215 global: 0.409 spatial: 0.074 
(epoch: 48, iters: 5239, time: 0.487, data: 0.001) G_GAN_ViT: 0.387 D_real_ViT: 0.113 D_fake_ViT: 0.183 global: 0.393 spatial: 0.087 
(epoch: 48, iters: 5339, time: 0.487, data: 0.001) G_GAN_ViT: 0.574 D_real_ViT: 0.156 D_fake_ViT: 0.111 global: 0.314 spatial: 0.073 
(epoch: 48, iters: 5439, time: 0.486, data: 0.001) G_GAN_ViT: 0.450 D_real_ViT: 0.280 D_fake_ViT: 0.187 global: 0.357 spatial: 0.082 
(epoch: 48, iters: 5539, time: 0.486, data: 0.001) G_GAN_ViT: 0.415 D_real_ViT: 0.103 D_fake_ViT: 0.178 global: 0.367 spatial: 0.087 
(epoch: 48, iters: 5639, time: 0.487, data: 0.001) G_GAN_ViT: 0.471 D_real_ViT: 0.232 D_fake_ViT: 0.190 global: 0.424 spatial: 0.103 
(epoch: 48, iters: 5739, time: 0.486, data: 0.001) G_GAN_ViT: 0.355 D_real_ViT: 0.230 D_fake_ViT: 0.212 global: 0.582 spatial: 0.098 
(epoch: 48, iters: 5839, time: 0.486, data: 0.001) G_GAN_ViT: 0.331 D_real_ViT: 0.066 D_fake_ViT: 0.241 global: 0.547 spatial: 0.089 
(epoch: 48, iters: 5939, time: 0.484, data: 0.001) G_GAN_ViT: 0.312 D_real_ViT: 0.220 D_fake_ViT: 0.246 global: 0.527 spatial: 0.102 
(epoch: 48, iters: 6039, time: 0.485, data: 0.001) G_GAN_ViT: 0.309 D_real_ViT: 0.262 D_fake_ViT: 0.243 global: 0.401 spatial: 0.075 
(epoch: 48, iters: 6139, time: 0.486, data: 0.001) G_GAN_ViT: 0.328 D_real_ViT: 0.150 D_fake_ViT: 0.229 global: 0.413 spatial: 0.070 
(epoch: 48, iters: 6239, time: 0.486, data: 0.001) G_GAN_ViT: 0.451 D_real_ViT: 0.092 D_fake_ViT: 0.165 global: 0.439 spatial: 0.069 
saving the latest model (epoch 48, total_iters 310000)
ICL_single_traffic_hwy
(epoch: 48, iters: 6339, time: 0.486, data: 0.001) G_GAN_ViT: 0.413 D_real_ViT: 0.154 D_fake_ViT: 0.170 global: 0.360 spatial: 0.072 
(epoch: 48, iters: 6439, time: 0.486, data: 0.001) G_GAN_ViT: 0.343 D_real_ViT: 0.184 D_fake_ViT: 0.237 global: 0.419 spatial: 0.086 
End of epoch 48 / 100 	 Time Taken: 3152 sec
learning rate = 0.0000100
(epoch: 49, iters: 76, time: 0.487, data: 0.001) G_GAN_ViT: 0.326 D_real_ViT: 0.224 D_fake_ViT: 0.226 global: 0.442 spatial: 0.076 
(epoch: 49, iters: 176, time: 0.486, data: 0.001) G_GAN_ViT: 0.391 D_real_ViT: 0.422 D_fake_ViT: 0.184 global: 0.359 spatial: 0.084 
(epoch: 49, iters: 276, time: 0.486, data: 0.001) G_GAN_ViT: 0.453 D_real_ViT: 0.144 D_fake_ViT: 0.156 global: 0.321 spatial: 0.069 
(epoch: 49, iters: 376, time: 0.486, data: 0.001) G_GAN_ViT: 0.457 D_real_ViT: 0.179 D_fake_ViT: 0.195 global: 0.468 spatial: 0.109 
(epoch: 49, iters: 476, time: 0.486, data: 0.001) G_GAN_ViT: 0.472 D_real_ViT: 0.347 D_fake_ViT: 0.156 global: 0.289 spatial: 0.071 
(epoch: 49, iters: 576, time: 0.486, data: 0.001) G_GAN_ViT: 0.401 D_real_ViT: 0.296 D_fake_ViT: 0.214 global: 0.389 spatial: 0.087 
(epoch: 49, iters: 676, time: 0.486, data: 0.001) G_GAN_ViT: 0.342 D_real_ViT: 0.140 D_fake_ViT: 0.224 global: 0.373 spatial: 0.081 
(epoch: 49, iters: 776, time: 0.486, data: 0.001) G_GAN_ViT: 0.410 D_real_ViT: 0.304 D_fake_ViT: 0.170 global: 0.377 spatial: 0.084 
(epoch: 49, iters: 876, time: 0.486, data: 0.001) G_GAN_ViT: 0.293 D_real_ViT: 0.156 D_fake_ViT: 0.265 global: 0.397 spatial: 0.079 
(epoch: 49, iters: 976, time: 0.485, data: 0.001) G_GAN_ViT: 0.326 D_real_ViT: 0.219 D_fake_ViT: 0.225 global: 0.378 spatial: 0.070 
(epoch: 49, iters: 1076, time: 0.485, data: 0.002) G_GAN_ViT: 0.353 D_real_ViT: 0.223 D_fake_ViT: 0.216 global: 0.387 spatial: 0.087 
(epoch: 49, iters: 1176, time: 0.486, data: 0.001) G_GAN_ViT: 0.463 D_real_ViT: 0.247 D_fake_ViT: 0.169 global: 0.429 spatial: 0.106 
(epoch: 49, iters: 1276, time: 0.486, data: 0.001) G_GAN_ViT: 0.409 D_real_ViT: 0.253 D_fake_ViT: 0.180 global: 0.403 spatial: 0.079 
(epoch: 49, iters: 1376, time: 0.486, data: 0.001) G_GAN_ViT: 0.397 D_real_ViT: 0.230 D_fake_ViT: 0.190 global: 0.404 spatial: 0.071 
(epoch: 49, iters: 1476, time: 0.486, data: 0.001) G_GAN_ViT: 0.445 D_real_ViT: 0.287 D_fake_ViT: 0.138 global: 0.424 spatial: 0.084 
(epoch: 49, iters: 1576, time: 0.486, data: 0.003) G_GAN_ViT: 0.374 D_real_ViT: 0.101 D_fake_ViT: 0.205 global: 0.403 spatial: 0.074 
(epoch: 49, iters: 1676, time: 0.486, data: 0.001) G_GAN_ViT: 0.322 D_real_ViT: 0.243 D_fake_ViT: 0.286 global: 0.464 spatial: 0.086 
(epoch: 49, iters: 1776, time: 0.487, data: 0.001) G_GAN_ViT: 0.449 D_real_ViT: 0.136 D_fake_ViT: 0.150 global: 0.393 spatial: 0.080 
(epoch: 49, iters: 1876, time: 0.487, data: 0.001) G_GAN_ViT: 0.279 D_real_ViT: 0.136 D_fake_ViT: 0.301 global: 0.431 spatial: 0.087 
(epoch: 49, iters: 1976, time: 0.487, data: 0.001) G_GAN_ViT: 0.409 D_real_ViT: 0.076 D_fake_ViT: 0.191 global: 0.486 spatial: 0.094 
(epoch: 49, iters: 2076, time: 0.487, data: 0.001) G_GAN_ViT: 0.354 D_real_ViT: 0.168 D_fake_ViT: 0.239 global: 0.471 spatial: 0.096 
(epoch: 49, iters: 2176, time: 0.487, data: 0.001) G_GAN_ViT: 0.387 D_real_ViT: 0.219 D_fake_ViT: 0.204 global: 0.367 spatial: 0.085 
(epoch: 49, iters: 2276, time: 0.487, data: 0.001) G_GAN_ViT: 0.455 D_real_ViT: 0.232 D_fake_ViT: 0.153 global: 0.329 spatial: 0.073 
(epoch: 49, iters: 2376, time: 0.487, data: 0.001) G_GAN_ViT: 0.452 D_real_ViT: 0.293 D_fake_ViT: 0.154 global: 0.410 spatial: 0.088 
(epoch: 49, iters: 2476, time: 0.487, data: 0.001) G_GAN_ViT: 0.206 D_real_ViT: 0.145 D_fake_ViT: 0.369 global: 0.421 spatial: 0.066 
(epoch: 49, iters: 2576, time: 0.487, data: 0.001) G_GAN_ViT: 0.339 D_real_ViT: 0.293 D_fake_ViT: 0.231 global: 0.396 spatial: 0.082 
(epoch: 49, iters: 2676, time: 0.487, data: 0.001) G_GAN_ViT: 0.256 D_real_ViT: 0.352 D_fake_ViT: 0.313 global: 0.470 spatial: 0.090 
(epoch: 49, iters: 2776, time: 0.486, data: 0.001) G_GAN_ViT: 0.572 D_real_ViT: 0.312 D_fake_ViT: 0.109 global: 0.462 spatial: 0.094 
(epoch: 49, iters: 2876, time: 0.487, data: 0.001) G_GAN_ViT: 0.347 D_real_ViT: 0.157 D_fake_ViT: 0.238 global: 0.516 spatial: 0.087 
(epoch: 49, iters: 2976, time: 0.487, data: 0.001) G_GAN_ViT: 0.403 D_real_ViT: 0.197 D_fake_ViT: 0.178 global: 0.363 spatial: 0.067 
(epoch: 49, iters: 3076, time: 0.487, data: 0.001) G_GAN_ViT: 0.245 D_real_ViT: 0.232 D_fake_ViT: 0.359 global: 0.445 spatial: 0.071 
(epoch: 49, iters: 3176, time: 0.487, data: 0.001) G_GAN_ViT: 0.384 D_real_ViT: 0.224 D_fake_ViT: 0.204 global: 0.458 spatial: 0.081 
(epoch: 49, iters: 3276, time: 0.487, data: 0.001) G_GAN_ViT: 0.476 D_real_ViT: 0.280 D_fake_ViT: 0.161 global: 0.377 spatial: 0.096 
(epoch: 49, iters: 3376, time: 0.487, data: 0.002) G_GAN_ViT: 0.293 D_real_ViT: 0.154 D_fake_ViT: 0.269 global: 0.373 spatial: 0.076 
(epoch: 49, iters: 3476, time: 0.487, data: 0.001) G_GAN_ViT: 0.513 D_real_ViT: 0.304 D_fake_ViT: 0.119 global: 0.398 spatial: 0.088 
(epoch: 49, iters: 3576, time: 0.487, data: 0.001) G_GAN_ViT: 0.431 D_real_ViT: 0.192 D_fake_ViT: 0.163 global: 0.501 spatial: 0.082 
(epoch: 49, iters: 3676, time: 0.487, data: 0.001) G_GAN_ViT: 0.466 D_real_ViT: 0.200 D_fake_ViT: 0.158 global: 0.478 spatial: 0.097 
(epoch: 49, iters: 3776, time: 0.487, data: 0.002) G_GAN_ViT: 0.678 D_real_ViT: 0.129 D_fake_ViT: 0.092 global: 0.452 spatial: 0.109 
(epoch: 49, iters: 3876, time: 0.487, data: 0.001) G_GAN_ViT: 0.358 D_real_ViT: 0.110 D_fake_ViT: 0.236 global: 0.527 spatial: 0.095 
(epoch: 49, iters: 3976, time: 0.487, data: 0.001) G_GAN_ViT: 0.434 D_real_ViT: 0.260 D_fake_ViT: 0.163 global: 0.298 spatial: 0.064 
(epoch: 49, iters: 4076, time: 0.487, data: 0.001) G_GAN_ViT: 0.456 D_real_ViT: 0.176 D_fake_ViT: 0.150 global: 0.423 spatial: 0.079 
(epoch: 49, iters: 4176, time: 0.487, data: 0.001) G_GAN_ViT: 0.377 D_real_ViT: 0.214 D_fake_ViT: 0.187 global: 0.448 spatial: 0.082 
(epoch: 49, iters: 4276, time: 0.486, data: 0.001) G_GAN_ViT: 0.507 D_real_ViT: 0.333 D_fake_ViT: 0.194 global: 0.408 spatial: 0.106 
(epoch: 49, iters: 4376, time: 0.487, data: 0.001) G_GAN_ViT: 0.200 D_real_ViT: 0.190 D_fake_ViT: 0.365 global: 0.508 spatial: 0.088 
(epoch: 49, iters: 4476, time: 0.487, data: 0.001) G_GAN_ViT: 0.336 D_real_ViT: 0.278 D_fake_ViT: 0.222 global: 0.439 spatial: 0.082 
(epoch: 49, iters: 4576, time: 0.487, data: 0.001) G_GAN_ViT: 0.508 D_real_ViT: 0.152 D_fake_ViT: 0.124 global: 0.317 spatial: 0.070 
(epoch: 49, iters: 4676, time: 0.487, data: 0.001) G_GAN_ViT: 0.460 D_real_ViT: 0.300 D_fake_ViT: 0.150 global: 0.382 spatial: 0.089 
(epoch: 49, iters: 4776, time: 0.487, data: 0.002) G_GAN_ViT: 0.522 D_real_ViT: 0.281 D_fake_ViT: 0.113 global: 0.359 spatial: 0.075 
saving the latest model (epoch 49, total_iters 315000)
ICL_single_traffic_hwy
(epoch: 49, iters: 4876, time: 0.487, data: 0.001) G_GAN_ViT: 0.408 D_real_ViT: 0.239 D_fake_ViT: 0.182 global: 0.410 spatial: 0.082 
(epoch: 49, iters: 4976, time: 0.487, data: 0.001) G_GAN_ViT: 0.405 D_real_ViT: 0.233 D_fake_ViT: 0.201 global: 0.356 spatial: 0.081 
(epoch: 49, iters: 5076, time: 0.487, data: 0.001) G_GAN_ViT: 0.360 D_real_ViT: 0.257 D_fake_ViT: 0.198 global: 0.462 spatial: 0.083 
(epoch: 49, iters: 5176, time: 0.487, data: 0.001) G_GAN_ViT: 0.502 D_real_ViT: 0.117 D_fake_ViT: 0.131 global: 0.497 spatial: 0.091 
(epoch: 49, iters: 5276, time: 0.487, data: 0.001) G_GAN_ViT: 0.400 D_real_ViT: 0.178 D_fake_ViT: 0.187 global: 0.345 spatial: 0.085 
(epoch: 49, iters: 5376, time: 0.487, data: 0.001) G_GAN_ViT: 0.444 D_real_ViT: 0.250 D_fake_ViT: 0.197 global: 0.424 spatial: 0.097 
(epoch: 49, iters: 5476, time: 0.487, data: 0.001) G_GAN_ViT: 0.505 D_real_ViT: 0.061 D_fake_ViT: 0.131 global: 0.499 spatial: 0.096 
(epoch: 49, iters: 5576, time: 0.487, data: 0.001) G_GAN_ViT: 0.475 D_real_ViT: 0.104 D_fake_ViT: 0.145 global: 0.351 spatial: 0.080 
(epoch: 49, iters: 5676, time: 0.487, data: 0.002) G_GAN_ViT: 0.320 D_real_ViT: 0.269 D_fake_ViT: 0.226 global: 0.443 spatial: 0.075 
(epoch: 49, iters: 5776, time: 0.487, data: 0.001) G_GAN_ViT: 0.492 D_real_ViT: 0.099 D_fake_ViT: 0.147 global: 0.411 spatial: 0.089 
(epoch: 49, iters: 5876, time: 0.486, data: 0.001) G_GAN_ViT: 0.515 D_real_ViT: 0.136 D_fake_ViT: 0.131 global: 0.306 spatial: 0.067 
(epoch: 49, iters: 5976, time: 0.486, data: 0.001) G_GAN_ViT: 0.569 D_real_ViT: 0.195 D_fake_ViT: 0.137 global: 0.410 spatial: 0.103 
(epoch: 49, iters: 6076, time: 0.486, data: 0.001) G_GAN_ViT: 0.445 D_real_ViT: 0.113 D_fake_ViT: 0.203 global: 0.419 spatial: 0.089 
(epoch: 49, iters: 6176, time: 0.486, data: 0.001) G_GAN_ViT: 0.412 D_real_ViT: 0.285 D_fake_ViT: 0.175 global: 0.397 spatial: 0.095 
(epoch: 49, iters: 6276, time: 0.486, data: 0.001) G_GAN_ViT: 0.543 D_real_ViT: 0.311 D_fake_ViT: 0.115 global: 0.293 spatial: 0.063 
(epoch: 49, iters: 6376, time: 0.486, data: 0.001) G_GAN_ViT: 0.402 D_real_ViT: 0.175 D_fake_ViT: 0.197 global: 0.460 spatial: 0.079 
End of epoch 49 / 100 	 Time Taken: 3154 sec
learning rate = 0.0000100
(epoch: 50, iters: 13, time: 0.486, data: 0.001) G_GAN_ViT: 0.501 D_real_ViT: 0.389 D_fake_ViT: 0.140 global: 0.389 spatial: 0.083 
(epoch: 50, iters: 113, time: 0.487, data: 0.001) G_GAN_ViT: 0.372 D_real_ViT: 0.049 D_fake_ViT: 0.213 global: 0.376 spatial: 0.071 
(epoch: 50, iters: 213, time: 0.487, data: 0.001) G_GAN_ViT: 0.512 D_real_ViT: 0.283 D_fake_ViT: 0.120 global: 0.433 spatial: 0.079 
(epoch: 50, iters: 313, time: 0.487, data: 0.001) G_GAN_ViT: 0.369 D_real_ViT: 0.263 D_fake_ViT: 0.196 global: 0.419 spatial: 0.085 
(epoch: 50, iters: 413, time: 0.486, data: 0.001) G_GAN_ViT: 0.290 D_real_ViT: 0.187 D_fake_ViT: 0.293 global: 0.368 spatial: 0.075 
(epoch: 50, iters: 513, time: 0.487, data: 0.001) G_GAN_ViT: 0.450 D_real_ViT: 0.227 D_fake_ViT: 0.163 global: 0.584 spatial: 0.101 
(epoch: 50, iters: 613, time: 0.487, data: 0.001) G_GAN_ViT: 0.358 D_real_ViT: 0.201 D_fake_ViT: 0.212 global: 0.413 spatial: 0.073 
(epoch: 50, iters: 713, time: 0.487, data: 0.001) G_GAN_ViT: 0.379 D_real_ViT: 0.111 D_fake_ViT: 0.200 global: 0.393 spatial: 0.079 
(epoch: 50, iters: 813, time: 0.487, data: 0.001) G_GAN_ViT: 0.397 D_real_ViT: 0.175 D_fake_ViT: 0.192 global: 0.438 spatial: 0.084 
(epoch: 50, iters: 913, time: 0.486, data: 0.001) G_GAN_ViT: 0.304 D_real_ViT: 0.251 D_fake_ViT: 0.268 global: 0.345 spatial: 0.090 
(epoch: 50, iters: 1013, time: 0.487, data: 0.001) G_GAN_ViT: 0.593 D_real_ViT: 0.298 D_fake_ViT: 0.115 global: 0.394 spatial: 0.084 
(epoch: 50, iters: 1113, time: 0.487, data: 0.001) G_GAN_ViT: 0.505 D_real_ViT: 0.362 D_fake_ViT: 0.141 global: 0.609 spatial: 0.097 
(epoch: 50, iters: 1213, time: 0.487, data: 0.001) G_GAN_ViT: 0.407 D_real_ViT: 0.268 D_fake_ViT: 0.170 global: 0.470 spatial: 0.076 
(epoch: 50, iters: 1313, time: 0.487, data: 0.001) G_GAN_ViT: 0.504 D_real_ViT: 0.086 D_fake_ViT: 0.185 global: 0.369 spatial: 0.093 
(epoch: 50, iters: 1413, time: 0.486, data: 0.001) G_GAN_ViT: 0.450 D_real_ViT: 0.074 D_fake_ViT: 0.161 global: 0.369 spatial: 0.081 
(epoch: 50, iters: 1513, time: 0.486, data: 0.002) G_GAN_ViT: 0.298 D_real_ViT: 0.266 D_fake_ViT: 0.264 global: 0.457 spatial: 0.075 
(epoch: 50, iters: 1613, time: 0.487, data: 0.002) G_GAN_ViT: 0.521 D_real_ViT: 0.268 D_fake_ViT: 0.151 global: 0.330 spatial: 0.077 
(epoch: 50, iters: 1713, time: 0.487, data: 0.001) G_GAN_ViT: 0.423 D_real_ViT: 0.183 D_fake_ViT: 0.178 global: 0.465 spatial: 0.086 
(epoch: 50, iters: 1813, time: 0.487, data: 0.001) G_GAN_ViT: 0.375 D_real_ViT: 0.156 D_fake_ViT: 0.210 global: 0.376 spatial: 0.086 
(epoch: 50, iters: 1913, time: 0.487, data: 0.001) G_GAN_ViT: 0.259 D_real_ViT: 0.225 D_fake_ViT: 0.299 global: 0.409 spatial: 0.082 
(epoch: 50, iters: 2013, time: 0.486, data: 0.001) G_GAN_ViT: 0.250 D_real_ViT: 0.220 D_fake_ViT: 0.289 global: 0.421 spatial: 0.080 
(epoch: 50, iters: 2113, time: 0.486, data: 0.001) G_GAN_ViT: 0.598 D_real_ViT: 0.340 D_fake_ViT: 0.082 global: 0.485 spatial: 0.085 
(epoch: 50, iters: 2213, time: 0.486, data: 0.001) G_GAN_ViT: 0.317 D_real_ViT: 0.126 D_fake_ViT: 0.244 global: 0.376 spatial: 0.066 
(epoch: 50, iters: 2313, time: 0.487, data: 0.001) G_GAN_ViT: 0.496 D_real_ViT: 0.194 D_fake_ViT: 0.141 global: 0.275 spatial: 0.068 
(epoch: 50, iters: 2413, time: 0.487, data: 0.001) G_GAN_ViT: 0.399 D_real_ViT: 0.093 D_fake_ViT: 0.207 global: 0.419 spatial: 0.078 
(epoch: 50, iters: 2513, time: 0.487, data: 0.001) G_GAN_ViT: 0.286 D_real_ViT: 0.205 D_fake_ViT: 0.281 global: 0.473 spatial: 0.083 
(epoch: 50, iters: 2613, time: 0.487, data: 0.001) G_GAN_ViT: 0.479 D_real_ViT: 0.342 D_fake_ViT: 0.149 global: 0.347 spatial: 0.096 
(epoch: 50, iters: 2713, time: 0.487, data: 0.001) G_GAN_ViT: 0.255 D_real_ViT: 0.218 D_fake_ViT: 0.299 global: 0.408 spatial: 0.085 
(epoch: 50, iters: 2813, time: 0.486, data: 0.001) G_GAN_ViT: 0.431 D_real_ViT: 0.262 D_fake_ViT: 0.152 global: 0.391 spatial: 0.067 
(epoch: 50, iters: 2913, time: 0.486, data: 0.001) G_GAN_ViT: 0.296 D_real_ViT: 0.070 D_fake_ViT: 0.276 global: 0.472 spatial: 0.085 
(epoch: 50, iters: 3013, time: 0.486, data: 0.001) G_GAN_ViT: 0.487 D_real_ViT: 0.183 D_fake_ViT: 0.149 global: 0.297 spatial: 0.061 
(epoch: 50, iters: 3113, time: 0.486, data: 0.001) G_GAN_ViT: 0.507 D_real_ViT: 0.130 D_fake_ViT: 0.119 global: 0.444 spatial: 0.081 
(epoch: 50, iters: 3213, time: 0.487, data: 0.001) G_GAN_ViT: 0.538 D_real_ViT: 0.134 D_fake_ViT: 0.162 global: 0.466 spatial: 0.100 
(epoch: 50, iters: 3313, time: 0.487, data: 0.001) G_GAN_ViT: 0.387 D_real_ViT: 0.203 D_fake_ViT: 0.203 global: 0.235 spatial: 0.069 
saving the latest model (epoch 50, total_iters 320000)
ICL_single_traffic_hwy
(epoch: 50, iters: 3413, time: 0.487, data: 0.001) G_GAN_ViT: 0.387 D_real_ViT: 0.261 D_fake_ViT: 0.193 global: 0.367 spatial: 0.080 
(epoch: 50, iters: 3513, time: 0.487, data: 0.001) G_GAN_ViT: 0.395 D_real_ViT: 0.251 D_fake_ViT: 0.186 global: 0.414 spatial: 0.090 
(epoch: 50, iters: 3613, time: 0.487, data: 0.001) G_GAN_ViT: 0.256 D_real_ViT: 0.138 D_fake_ViT: 0.325 global: 0.418 spatial: 0.082 
(epoch: 50, iters: 3713, time: 0.488, data: 0.001) G_GAN_ViT: 0.414 D_real_ViT: 0.124 D_fake_ViT: 0.187 global: 0.289 spatial: 0.071 
(epoch: 50, iters: 3813, time: 0.488, data: 0.001) G_GAN_ViT: 0.431 D_real_ViT: 0.178 D_fake_ViT: 0.161 global: 0.381 spatial: 0.083 
(epoch: 50, iters: 3913, time: 0.487, data: 0.001) G_GAN_ViT: 0.364 D_real_ViT: 0.245 D_fake_ViT: 0.219 global: 0.454 spatial: 0.090 
(epoch: 50, iters: 4013, time: 0.487, data: 0.001) G_GAN_ViT: 0.395 D_real_ViT: 0.219 D_fake_ViT: 0.179 global: 0.365 spatial: 0.071 
(epoch: 50, iters: 4113, time: 0.487, data: 0.001) G_GAN_ViT: 0.516 D_real_ViT: 0.141 D_fake_ViT: 0.123 global: 0.434 spatial: 0.080 
(epoch: 50, iters: 4213, time: 0.487, data: 0.001) G_GAN_ViT: 0.546 D_real_ViT: 0.271 D_fake_ViT: 0.129 global: 0.379 spatial: 0.084 
(epoch: 50, iters: 4313, time: 0.487, data: 0.001) G_GAN_ViT: 0.323 D_real_ViT: 0.142 D_fake_ViT: 0.289 global: 0.417 spatial: 0.087 
(epoch: 50, iters: 4413, time: 0.486, data: 0.001) G_GAN_ViT: 0.490 D_real_ViT: 0.209 D_fake_ViT: 0.148 global: 0.375 spatial: 0.084 
(epoch: 50, iters: 4513, time: 0.486, data: 0.001) G_GAN_ViT: 0.499 D_real_ViT: 0.226 D_fake_ViT: 0.150 global: 0.528 spatial: 0.101 
(epoch: 50, iters: 4613, time: 0.486, data: 0.001) G_GAN_ViT: 0.404 D_real_ViT: 0.107 D_fake_ViT: 0.182 global: 0.477 spatial: 0.081 
(epoch: 50, iters: 4713, time: 0.486, data: 0.001) G_GAN_ViT: 0.461 D_real_ViT: 0.120 D_fake_ViT: 0.176 global: 0.343 spatial: 0.083 
(epoch: 50, iters: 4813, time: 0.486, data: 0.002) G_GAN_ViT: 0.419 D_real_ViT: 0.044 D_fake_ViT: 0.206 global: 0.363 spatial: 0.081 
(epoch: 50, iters: 4913, time: 0.486, data: 0.003) G_GAN_ViT: 0.285 D_real_ViT: 0.109 D_fake_ViT: 0.283 global: 0.477 spatial: 0.091 
(epoch: 50, iters: 5013, time: 0.486, data: 0.001) G_GAN_ViT: 0.454 D_real_ViT: 0.202 D_fake_ViT: 0.157 global: 0.361 spatial: 0.078 
(epoch: 50, iters: 5113, time: 0.487, data: 0.001) G_GAN_ViT: 0.395 D_real_ViT: 0.285 D_fake_ViT: 0.199 global: 0.498 spatial: 0.096 
(epoch: 50, iters: 5213, time: 0.487, data: 0.001) G_GAN_ViT: 0.373 D_real_ViT: 0.431 D_fake_ViT: 0.219 global: 0.382 spatial: 0.094 
(epoch: 50, iters: 5313, time: 0.487, data: 0.002) G_GAN_ViT: 0.407 D_real_ViT: 0.349 D_fake_ViT: 0.163 global: 0.408 spatial: 0.078 
(epoch: 50, iters: 5413, time: 0.487, data: 0.001) G_GAN_ViT: 0.374 D_real_ViT: 0.256 D_fake_ViT: 0.216 global: 0.283 spatial: 0.067 
(epoch: 50, iters: 5513, time: 0.487, data: 0.001) G_GAN_ViT: 0.425 D_real_ViT: 0.307 D_fake_ViT: 0.153 global: 0.400 spatial: 0.085 
(epoch: 50, iters: 5613, time: 0.487, data: 0.001) G_GAN_ViT: 0.413 D_real_ViT: 0.149 D_fake_ViT: 0.177 global: 0.483 spatial: 0.085 
(epoch: 50, iters: 5713, time: 0.487, data: 0.001) G_GAN_ViT: 0.521 D_real_ViT: 0.325 D_fake_ViT: 0.131 global: 0.428 spatial: 0.084 
(epoch: 50, iters: 5813, time: 0.486, data: 0.002) G_GAN_ViT: 0.359 D_real_ViT: 0.338 D_fake_ViT: 0.196 global: 0.429 spatial: 0.085 
(epoch: 50, iters: 5913, time: 0.486, data: 0.001) G_GAN_ViT: 0.432 D_real_ViT: 0.153 D_fake_ViT: 0.159 global: 0.521 spatial: 0.092 
(epoch: 50, iters: 6013, time: 0.486, data: 0.001) G_GAN_ViT: 0.423 D_real_ViT: 0.161 D_fake_ViT: 0.209 global: 0.427 spatial: 0.107 
(epoch: 50, iters: 6113, time: 0.486, data: 0.002) G_GAN_ViT: 0.377 D_real_ViT: 0.266 D_fake_ViT: 0.222 global: 0.492 spatial: 0.094 
(epoch: 50, iters: 6213, time: 0.487, data: 0.001) G_GAN_ViT: 0.450 D_real_ViT: 0.214 D_fake_ViT: 0.167 global: 0.354 spatial: 0.076 
(epoch: 50, iters: 6313, time: 0.487, data: 0.001) G_GAN_ViT: 0.586 D_real_ViT: 0.311 D_fake_ViT: 0.108 global: 0.433 spatial: 0.103 
(epoch: 50, iters: 6413, time: 0.487, data: 0.001) G_GAN_ViT: 0.459 D_real_ViT: 0.102 D_fake_ViT: 0.157 global: 0.326 spatial: 0.084 
saving the model at the end of epoch 50, iters 323150
End of epoch 50 / 100 	 Time Taken: 3156 sec
learning rate = 0.0000098
(epoch: 51, iters: 50, time: 0.487, data: 0.001) G_GAN_ViT: 0.475 D_real_ViT: 0.273 D_fake_ViT: 0.150 global: 0.320 spatial: 0.069 
(epoch: 51, iters: 150, time: 0.487, data: 0.001) G_GAN_ViT: 0.405 D_real_ViT: 0.155 D_fake_ViT: 0.182 global: 0.520 spatial: 0.084 
(epoch: 51, iters: 250, time: 0.487, data: 0.001) G_GAN_ViT: 0.349 D_real_ViT: 0.172 D_fake_ViT: 0.265 global: 0.437 spatial: 0.090 
(epoch: 51, iters: 350, time: 0.486, data: 0.001) G_GAN_ViT: 0.432 D_real_ViT: 0.239 D_fake_ViT: 0.160 global: 0.431 spatial: 0.084 
(epoch: 51, iters: 450, time: 0.486, data: 0.001) G_GAN_ViT: 0.499 D_real_ViT: 0.150 D_fake_ViT: 0.128 global: 0.449 spatial: 0.079 
(epoch: 51, iters: 550, time: 0.486, data: 0.001) G_GAN_ViT: 0.515 D_real_ViT: 0.313 D_fake_ViT: 0.115 global: 0.331 spatial: 0.074 
(epoch: 51, iters: 650, time: 0.487, data: 0.001) G_GAN_ViT: 0.465 D_real_ViT: 0.055 D_fake_ViT: 0.140 global: 0.290 spatial: 0.069 
(epoch: 51, iters: 750, time: 0.487, data: 0.001) G_GAN_ViT: 0.383 D_real_ViT: 0.174 D_fake_ViT: 0.201 global: 0.566 spatial: 0.103 
(epoch: 51, iters: 850, time: 0.487, data: 0.001) G_GAN_ViT: 0.513 D_real_ViT: 0.438 D_fake_ViT: 0.134 global: 0.521 spatial: 0.096 
(epoch: 51, iters: 950, time: 0.487, data: 0.001) G_GAN_ViT: 0.534 D_real_ViT: 0.181 D_fake_ViT: 0.129 global: 0.408 spatial: 0.090 
(epoch: 51, iters: 1050, time: 0.487, data: 0.001) G_GAN_ViT: 0.406 D_real_ViT: 0.178 D_fake_ViT: 0.172 global: 0.516 spatial: 0.091 
(epoch: 51, iters: 1150, time: 0.487, data: 0.001) G_GAN_ViT: 0.487 D_real_ViT: 0.036 D_fake_ViT: 0.151 global: 0.466 spatial: 0.088 
(epoch: 51, iters: 1250, time: 0.487, data: 0.001) G_GAN_ViT: 0.534 D_real_ViT: 0.214 D_fake_ViT: 0.154 global: 0.451 spatial: 0.106 
(epoch: 51, iters: 1350, time: 0.486, data: 0.001) G_GAN_ViT: 0.327 D_real_ViT: 0.217 D_fake_ViT: 0.233 global: 0.413 spatial: 0.075 
(epoch: 51, iters: 1450, time: 0.486, data: 0.001) G_GAN_ViT: 0.495 D_real_ViT: 0.250 D_fake_ViT: 0.143 global: 0.423 spatial: 0.093 
(epoch: 51, iters: 1550, time: 0.486, data: 0.001) G_GAN_ViT: 0.511 D_real_ViT: 0.251 D_fake_ViT: 0.155 global: 0.403 spatial: 0.085 
(epoch: 51, iters: 1650, time: 0.487, data: 0.002) G_GAN_ViT: 0.377 D_real_ViT: 0.065 D_fake_ViT: 0.208 global: 0.456 spatial: 0.092 
(epoch: 51, iters: 1750, time: 0.487, data: 0.001) G_GAN_ViT: 0.428 D_real_ViT: 0.243 D_fake_ViT: 0.172 global: 0.420 spatial: 0.095 
(epoch: 51, iters: 1850, time: 0.487, data: 0.002) G_GAN_ViT: 0.560 D_real_ViT: 0.053 D_fake_ViT: 0.124 global: 0.459 spatial: 0.094 
saving the latest model (epoch 51, total_iters 325000)
ICL_single_traffic_hwy
(epoch: 51, iters: 1950, time: 0.487, data: 0.001) G_GAN_ViT: 0.415 D_real_ViT: 0.274 D_fake_ViT: 0.184 global: 0.439 spatial: 0.086 
(epoch: 51, iters: 2050, time: 0.487, data: 0.001) G_GAN_ViT: 0.489 D_real_ViT: 0.096 D_fake_ViT: 0.152 global: 0.564 spatial: 0.103 
(epoch: 51, iters: 2150, time: 0.486, data: 0.001) G_GAN_ViT: 0.491 D_real_ViT: 0.111 D_fake_ViT: 0.154 global: 0.520 spatial: 0.089 
(epoch: 51, iters: 2250, time: 0.487, data: 0.001) G_GAN_ViT: 0.335 D_real_ViT: 0.280 D_fake_ViT: 0.222 global: 0.517 spatial: 0.098 
(epoch: 51, iters: 2350, time: 0.487, data: 0.001) G_GAN_ViT: 0.487 D_real_ViT: 0.072 D_fake_ViT: 0.147 global: 0.497 spatial: 0.091 
(epoch: 51, iters: 2450, time: 0.486, data: 0.002) G_GAN_ViT: 0.259 D_real_ViT: 0.240 D_fake_ViT: 0.300 global: 0.485 spatial: 0.084 
(epoch: 51, iters: 2550, time: 0.486, data: 0.001) G_GAN_ViT: 0.439 D_real_ViT: 0.130 D_fake_ViT: 0.190 global: 0.334 spatial: 0.077 
(epoch: 51, iters: 2650, time: 0.486, data: 0.001) G_GAN_ViT: 0.431 D_real_ViT: 0.279 D_fake_ViT: 0.156 global: 0.453 spatial: 0.078 
(epoch: 51, iters: 2750, time: 0.486, data: 0.001) G_GAN_ViT: 0.470 D_real_ViT: 0.133 D_fake_ViT: 0.202 global: 0.409 spatial: 0.104 
(epoch: 51, iters: 2850, time: 0.486, data: 0.001) G_GAN_ViT: 0.598 D_real_ViT: 0.206 D_fake_ViT: 0.119 global: 0.345 spatial: 0.075 
(epoch: 51, iters: 2950, time: 0.486, data: 0.001) G_GAN_ViT: 0.436 D_real_ViT: 0.234 D_fake_ViT: 0.163 global: 0.365 spatial: 0.066 
(epoch: 51, iters: 3050, time: 0.485, data: 0.001) G_GAN_ViT: 0.249 D_real_ViT: 0.064 D_fake_ViT: 0.330 global: 0.453 spatial: 0.078 
(epoch: 51, iters: 3150, time: 0.485, data: 0.001) G_GAN_ViT: 0.456 D_real_ViT: 0.106 D_fake_ViT: 0.175 global: 0.459 spatial: 0.101 
(epoch: 51, iters: 3250, time: 0.486, data: 0.001) G_GAN_ViT: 0.344 D_real_ViT: 0.200 D_fake_ViT: 0.217 global: 0.438 spatial: 0.074 
(epoch: 51, iters: 3350, time: 0.486, data: 0.001) G_GAN_ViT: 0.380 D_real_ViT: 0.237 D_fake_ViT: 0.183 global: 0.419 spatial: 0.094 
(epoch: 51, iters: 3450, time: 0.486, data: 0.001) G_GAN_ViT: 0.535 D_real_ViT: 0.345 D_fake_ViT: 0.131 global: 0.372 spatial: 0.087 
(epoch: 51, iters: 3550, time: 0.486, data: 0.002) G_GAN_ViT: 0.408 D_real_ViT: 0.141 D_fake_ViT: 0.207 global: 0.575 spatial: 0.107 
(epoch: 51, iters: 3650, time: 0.486, data: 0.001) G_GAN_ViT: 0.568 D_real_ViT: 0.208 D_fake_ViT: 0.106 global: 0.429 spatial: 0.079 
(epoch: 51, iters: 3750, time: 0.487, data: 0.001) G_GAN_ViT: 0.397 D_real_ViT: 0.313 D_fake_ViT: 0.165 global: 0.396 spatial: 0.078 
(epoch: 51, iters: 3850, time: 0.487, data: 0.001) G_GAN_ViT: 0.377 D_real_ViT: 0.123 D_fake_ViT: 0.239 global: 0.398 spatial: 0.101 
(epoch: 51, iters: 3950, time: 0.486, data: 0.001) G_GAN_ViT: 0.352 D_real_ViT: 0.177 D_fake_ViT: 0.229 global: 0.497 spatial: 0.100 
(epoch: 51, iters: 4050, time: 0.486, data: 0.001) G_GAN_ViT: 0.328 D_real_ViT: 0.062 D_fake_ViT: 0.258 global: 0.482 spatial: 0.093 
(epoch: 51, iters: 4150, time: 0.486, data: 0.001) G_GAN_ViT: 0.364 D_real_ViT: 0.237 D_fake_ViT: 0.196 global: 0.535 spatial: 0.091 
(epoch: 51, iters: 4250, time: 0.486, data: 0.001) G_GAN_ViT: 0.371 D_real_ViT: 0.423 D_fake_ViT: 0.214 global: 0.338 spatial: 0.087 
(epoch: 51, iters: 4350, time: 0.486, data: 0.001) G_GAN_ViT: 0.335 D_real_ViT: 0.291 D_fake_ViT: 0.225 global: 0.444 spatial: 0.089 
(epoch: 51, iters: 4450, time: 0.486, data: 0.001) G_GAN_ViT: 0.533 D_real_ViT: 0.261 D_fake_ViT: 0.124 global: 0.320 spatial: 0.074 
(epoch: 51, iters: 4550, time: 0.486, data: 0.001) G_GAN_ViT: 0.461 D_real_ViT: 0.300 D_fake_ViT: 0.181 global: 0.405 spatial: 0.090 
(epoch: 51, iters: 4650, time: 0.487, data: 0.001) G_GAN_ViT: 0.376 D_real_ViT: 0.144 D_fake_ViT: 0.196 global: 0.449 spatial: 0.092 
(epoch: 51, iters: 4750, time: 0.486, data: 0.001) G_GAN_ViT: 0.335 D_real_ViT: 0.211 D_fake_ViT: 0.225 global: 0.416 spatial: 0.078 
(epoch: 51, iters: 4850, time: 0.486, data: 0.002) G_GAN_ViT: 0.279 D_real_ViT: 0.206 D_fake_ViT: 0.307 global: 0.346 spatial: 0.077 
(epoch: 51, iters: 4950, time: 0.486, data: 0.001) G_GAN_ViT: 0.440 D_real_ViT: 0.216 D_fake_ViT: 0.166 global: 0.346 spatial: 0.084 
(epoch: 51, iters: 5050, time: 0.486, data: 0.001) G_GAN_ViT: 0.345 D_real_ViT: 0.165 D_fake_ViT: 0.232 global: 0.465 spatial: 0.085 
(epoch: 51, iters: 5150, time: 0.487, data: 0.001) G_GAN_ViT: 0.412 D_real_ViT: 0.259 D_fake_ViT: 0.191 global: 0.446 spatial: 0.098 
(epoch: 51, iters: 5250, time: 0.487, data: 0.001) G_GAN_ViT: 0.431 D_real_ViT: 0.138 D_fake_ViT: 0.175 global: 0.355 spatial: 0.079 
(epoch: 51, iters: 5350, time: 0.486, data: 0.002) G_GAN_ViT: 0.485 D_real_ViT: 0.292 D_fake_ViT: 0.168 global: 0.426 spatial: 0.089 
(epoch: 51, iters: 5450, time: 0.486, data: 0.001) G_GAN_ViT: 0.433 D_real_ViT: 0.113 D_fake_ViT: 0.189 global: 0.431 spatial: 0.099 
(epoch: 51, iters: 5550, time: 0.486, data: 0.001) G_GAN_ViT: 0.566 D_real_ViT: 0.232 D_fake_ViT: 0.101 global: 0.331 spatial: 0.076 
(epoch: 51, iters: 5650, time: 0.486, data: 0.001) G_GAN_ViT: 0.372 D_real_ViT: 0.188 D_fake_ViT: 0.204 global: 0.503 spatial: 0.092 
(epoch: 51, iters: 5750, time: 0.487, data: 0.001) G_GAN_ViT: 0.510 D_real_ViT: 0.146 D_fake_ViT: 0.127 global: 0.386 spatial: 0.082 
(epoch: 51, iters: 5850, time: 0.487, data: 0.001) G_GAN_ViT: 0.343 D_real_ViT: 0.208 D_fake_ViT: 0.259 global: 0.521 spatial: 0.112 
(epoch: 51, iters: 5950, time: 0.487, data: 0.001) G_GAN_ViT: 0.337 D_real_ViT: 0.165 D_fake_ViT: 0.269 global: 0.365 spatial: 0.084 
(epoch: 51, iters: 6050, time: 0.488, data: 0.001) G_GAN_ViT: 0.491 D_real_ViT: 0.365 D_fake_ViT: 0.144 global: 0.560 spatial: 0.098 
(epoch: 51, iters: 6150, time: 0.488, data: 0.001) G_GAN_ViT: 0.433 D_real_ViT: 0.256 D_fake_ViT: 0.165 global: 0.418 spatial: 0.119 
(epoch: 51, iters: 6250, time: 0.487, data: 0.001) G_GAN_ViT: 0.366 D_real_ViT: 0.211 D_fake_ViT: 0.223 global: 0.365 spatial: 0.080 
(epoch: 51, iters: 6350, time: 0.487, data: 0.001) G_GAN_ViT: 0.395 D_real_ViT: 0.192 D_fake_ViT: 0.192 global: 0.479 spatial: 0.085 
(epoch: 51, iters: 6450, time: 0.487, data: 0.001) G_GAN_ViT: 0.368 D_real_ViT: 0.336 D_fake_ViT: 0.191 global: 0.458 spatial: 0.084 
End of epoch 51 / 100 	 Time Taken: 3154 sec
learning rate = 0.0000096
(epoch: 52, iters: 87, time: 0.487, data: 0.001) G_GAN_ViT: 0.382 D_real_ViT: 0.207 D_fake_ViT: 0.191 global: 0.347 spatial: 0.085 
(epoch: 52, iters: 187, time: 0.487, data: 0.001) G_GAN_ViT: 0.500 D_real_ViT: 0.256 D_fake_ViT: 0.117 global: 0.434 spatial: 0.099 
(epoch: 52, iters: 287, time: 0.486, data: 0.001) G_GAN_ViT: 0.444 D_real_ViT: 0.180 D_fake_ViT: 0.150 global: 0.345 spatial: 0.082 
(epoch: 52, iters: 387, time: 0.486, data: 0.001) G_GAN_ViT: 0.384 D_real_ViT: 0.170 D_fake_ViT: 0.196 global: 0.366 spatial: 0.071 
saving the latest model (epoch 52, total_iters 330000)
ICL_single_traffic_hwy
(epoch: 52, iters: 487, time: 0.486, data: 0.001) G_GAN_ViT: 0.436 D_real_ViT: 0.214 D_fake_ViT: 0.157 global: 0.305 spatial: 0.072 
(epoch: 52, iters: 587, time: 0.487, data: 0.001) G_GAN_ViT: 0.318 D_real_ViT: 0.245 D_fake_ViT: 0.248 global: 0.541 spatial: 0.087 
(epoch: 52, iters: 687, time: 0.486, data: 0.001) G_GAN_ViT: 0.468 D_real_ViT: 0.220 D_fake_ViT: 0.153 global: 0.529 spatial: 0.098 
(epoch: 52, iters: 787, time: 0.487, data: 0.001) G_GAN_ViT: 0.486 D_real_ViT: 0.282 D_fake_ViT: 0.135 global: 0.364 spatial: 0.094 
(epoch: 52, iters: 887, time: 0.487, data: 0.001) G_GAN_ViT: 0.361 D_real_ViT: 0.143 D_fake_ViT: 0.236 global: 0.437 spatial: 0.097 
(epoch: 52, iters: 987, time: 0.486, data: 0.001) G_GAN_ViT: 0.462 D_real_ViT: 0.233 D_fake_ViT: 0.171 global: 0.505 spatial: 0.086 
(epoch: 52, iters: 1087, time: 0.487, data: 0.001) G_GAN_ViT: 0.452 D_real_ViT: 0.203 D_fake_ViT: 0.178 global: 0.466 spatial: 0.102 
(epoch: 52, iters: 1187, time: 0.486, data: 0.001) G_GAN_ViT: 0.302 D_real_ViT: 0.198 D_fake_ViT: 0.258 global: 0.564 spatial: 0.108 
(epoch: 52, iters: 1287, time: 0.487, data: 0.001) G_GAN_ViT: 0.468 D_real_ViT: 0.187 D_fake_ViT: 0.161 global: 0.345 spatial: 0.091 
(epoch: 52, iters: 1387, time: 0.486, data: 0.001) G_GAN_ViT: 0.443 D_real_ViT: 0.223 D_fake_ViT: 0.189 global: 0.488 spatial: 0.090 
(epoch: 52, iters: 1487, time: 0.486, data: 0.001) G_GAN_ViT: 0.390 D_real_ViT: 0.240 D_fake_ViT: 0.200 global: 0.435 spatial: 0.096 
(epoch: 52, iters: 1587, time: 0.486, data: 0.001) G_GAN_ViT: 0.422 D_real_ViT: 0.218 D_fake_ViT: 0.159 global: 0.382 spatial: 0.074 
(epoch: 52, iters: 1687, time: 0.486, data: 0.001) G_GAN_ViT: 0.316 D_real_ViT: 0.200 D_fake_ViT: 0.228 global: 0.475 spatial: 0.085 
(epoch: 52, iters: 1787, time: 0.484, data: 0.001) G_GAN_ViT: 0.315 D_real_ViT: 0.364 D_fake_ViT: 0.222 global: 0.396 spatial: 0.079 
(epoch: 52, iters: 1887, time: 0.486, data: 0.001) G_GAN_ViT: 0.433 D_real_ViT: 0.107 D_fake_ViT: 0.173 global: 0.330 spatial: 0.083 
(epoch: 52, iters: 1987, time: 0.486, data: 0.001) G_GAN_ViT: 0.490 D_real_ViT: 0.096 D_fake_ViT: 0.187 global: 0.409 spatial: 0.091 
(epoch: 52, iters: 2087, time: 0.486, data: 0.001) G_GAN_ViT: 0.424 D_real_ViT: 0.286 D_fake_ViT: 0.157 global: 0.441 spatial: 0.088 
(epoch: 52, iters: 2187, time: 0.487, data: 0.002) G_GAN_ViT: 0.444 D_real_ViT: 0.197 D_fake_ViT: 0.152 global: 0.323 spatial: 0.077 
(epoch: 52, iters: 2287, time: 0.487, data: 0.002) G_GAN_ViT: 0.449 D_real_ViT: 0.049 D_fake_ViT: 0.154 global: 0.360 spatial: 0.074 
(epoch: 52, iters: 2387, time: 0.487, data: 0.001) G_GAN_ViT: 0.292 D_real_ViT: 0.259 D_fake_ViT: 0.293 global: 0.462 spatial: 0.099 
(epoch: 52, iters: 2487, time: 0.487, data: 0.002) G_GAN_ViT: 0.512 D_real_ViT: 0.161 D_fake_ViT: 0.119 global: 0.314 spatial: 0.072 
(epoch: 52, iters: 2587, time: 0.487, data: 0.001) G_GAN_ViT: 0.344 D_real_ViT: 0.208 D_fake_ViT: 0.234 global: 0.385 spatial: 0.088 
(epoch: 52, iters: 2687, time: 0.487, data: 0.001) G_GAN_ViT: 0.319 D_real_ViT: 0.117 D_fake_ViT: 0.240 global: 0.458 spatial: 0.092 
(epoch: 52, iters: 2787, time: 0.487, data: 0.001) G_GAN_ViT: 0.400 D_real_ViT: 0.236 D_fake_ViT: 0.184 global: 0.408 spatial: 0.079 
(epoch: 52, iters: 2887, time: 0.487, data: 0.001) G_GAN_ViT: 0.403 D_real_ViT: 0.253 D_fake_ViT: 0.175 global: 0.453 spatial: 0.071 
(epoch: 52, iters: 2987, time: 0.487, data: 0.001) G_GAN_ViT: 0.431 D_real_ViT: 0.148 D_fake_ViT: 0.200 global: 0.547 spatial: 0.107 
(epoch: 52, iters: 3087, time: 0.487, data: 0.001) G_GAN_ViT: 0.478 D_real_ViT: 0.270 D_fake_ViT: 0.159 global: 0.427 spatial: 0.107 
(epoch: 52, iters: 3187, time: 0.487, data: 0.002) G_GAN_ViT: 0.451 D_real_ViT: 0.111 D_fake_ViT: 0.196 global: 0.397 spatial: 0.097 
(epoch: 52, iters: 3287, time: 0.487, data: 0.001) G_GAN_ViT: 0.298 D_real_ViT: 0.176 D_fake_ViT: 0.296 global: 0.441 spatial: 0.095 
(epoch: 52, iters: 3387, time: 0.487, data: 0.001) G_GAN_ViT: 0.461 D_real_ViT: 0.175 D_fake_ViT: 0.146 global: 0.394 spatial: 0.085 
(epoch: 52, iters: 3487, time: 0.487, data: 0.001) G_GAN_ViT: 0.591 D_real_ViT: 0.148 D_fake_ViT: 0.103 global: 0.355 spatial: 0.078 
(epoch: 52, iters: 3587, time: 0.487, data: 0.002) G_GAN_ViT: 0.280 D_real_ViT: 0.157 D_fake_ViT: 0.249 global: 0.441 spatial: 0.086 
(epoch: 52, iters: 3687, time: 0.486, data: 0.001) G_GAN_ViT: 0.327 D_real_ViT: 0.239 D_fake_ViT: 0.231 global: 0.399 spatial: 0.081 
(epoch: 52, iters: 3787, time: 0.486, data: 0.002) G_GAN_ViT: 0.489 D_real_ViT: 0.112 D_fake_ViT: 0.143 global: 0.506 spatial: 0.090 
(epoch: 52, iters: 3887, time: 0.486, data: 0.001) G_GAN_ViT: 0.468 D_real_ViT: 0.171 D_fake_ViT: 0.188 global: 0.446 spatial: 0.099 
(epoch: 52, iters: 3987, time: 0.485, data: 0.001) G_GAN_ViT: 0.488 D_real_ViT: 0.322 D_fake_ViT: 0.134 global: 0.503 spatial: 0.100 
(epoch: 52, iters: 4087, time: 0.486, data: 0.001) G_GAN_ViT: 0.558 D_real_ViT: 0.249 D_fake_ViT: 0.117 global: 0.450 spatial: 0.103 
(epoch: 52, iters: 4187, time: 0.486, data: 0.001) G_GAN_ViT: 0.414 D_real_ViT: 0.106 D_fake_ViT: 0.188 global: 0.450 spatial: 0.092 
(epoch: 52, iters: 4287, time: 0.486, data: 0.001) G_GAN_ViT: 0.341 D_real_ViT: 0.318 D_fake_ViT: 0.224 global: 0.466 spatial: 0.084 
(epoch: 52, iters: 4387, time: 0.486, data: 0.001) G_GAN_ViT: 0.535 D_real_ViT: 0.257 D_fake_ViT: 0.106 global: 0.470 spatial: 0.082 
(epoch: 52, iters: 4487, time: 0.486, data: 0.001) G_GAN_ViT: 0.677 D_real_ViT: 0.156 D_fake_ViT: 0.068 global: 0.294 spatial: 0.054 
(epoch: 52, iters: 4587, time: 0.486, data: 0.001) G_GAN_ViT: 0.614 D_real_ViT: 0.254 D_fake_ViT: 0.091 global: 0.385 spatial: 0.065 
(epoch: 52, iters: 4687, time: 0.487, data: 0.001) G_GAN_ViT: 0.344 D_real_ViT: 0.273 D_fake_ViT: 0.233 global: 0.498 spatial: 0.093 
(epoch: 52, iters: 4787, time: 0.486, data: 0.001) G_GAN_ViT: 0.396 D_real_ViT: 0.148 D_fake_ViT: 0.180 global: 0.396 spatial: 0.092 
(epoch: 52, iters: 4887, time: 0.486, data: 0.001) G_GAN_ViT: 0.453 D_real_ViT: 0.214 D_fake_ViT: 0.147 global: 0.324 spatial: 0.075 
(epoch: 52, iters: 4987, time: 0.487, data: 0.001) G_GAN_ViT: 0.391 D_real_ViT: 0.213 D_fake_ViT: 0.201 global: 0.523 spatial: 0.082 
(epoch: 52, iters: 5087, time: 0.486, data: 0.001) G_GAN_ViT: 0.500 D_real_ViT: 0.227 D_fake_ViT: 0.136 global: 0.388 spatial: 0.086 
(epoch: 52, iters: 5187, time: 0.487, data: 0.001) G_GAN_ViT: 0.487 D_real_ViT: 0.268 D_fake_ViT: 0.131 global: 0.302 spatial: 0.072 
(epoch: 52, iters: 5287, time: 0.487, data: 0.001) G_GAN_ViT: 0.441 D_real_ViT: 0.268 D_fake_ViT: 0.170 global: 0.447 spatial: 0.096 
(epoch: 52, iters: 5387, time: 0.487, data: 0.001) G_GAN_ViT: 0.404 D_real_ViT: 0.204 D_fake_ViT: 0.173 global: 0.370 spatial: 0.066 
saving the latest model (epoch 52, total_iters 335000)
ICL_single_traffic_hwy
(epoch: 52, iters: 5487, time: 0.487, data: 0.001) G_GAN_ViT: 0.511 D_real_ViT: 0.137 D_fake_ViT: 0.136 global: 0.357 spatial: 0.078 
(epoch: 52, iters: 5587, time: 0.487, data: 0.001) G_GAN_ViT: 0.443 D_real_ViT: 0.225 D_fake_ViT: 0.166 global: 0.465 spatial: 0.082 
(epoch: 52, iters: 5687, time: 0.487, data: 0.001) G_GAN_ViT: 0.280 D_real_ViT: 0.322 D_fake_ViT: 0.281 global: 0.418 spatial: 0.077 
(epoch: 52, iters: 5787, time: 0.487, data: 0.001) G_GAN_ViT: 0.629 D_real_ViT: 0.172 D_fake_ViT: 0.123 global: 0.426 spatial: 0.099 
(epoch: 52, iters: 5887, time: 0.487, data: 0.001) G_GAN_ViT: 0.424 D_real_ViT: 0.228 D_fake_ViT: 0.158 global: 0.413 spatial: 0.076 
(epoch: 52, iters: 5987, time: 0.487, data: 0.001) G_GAN_ViT: 0.404 D_real_ViT: 0.211 D_fake_ViT: 0.172 global: 0.381 spatial: 0.083 
(epoch: 52, iters: 6087, time: 0.487, data: 0.001) G_GAN_ViT: 0.325 D_real_ViT: 0.244 D_fake_ViT: 0.230 global: 0.496 spatial: 0.098 
(epoch: 52, iters: 6187, time: 0.487, data: 0.001) G_GAN_ViT: 0.419 D_real_ViT: 0.229 D_fake_ViT: 0.182 global: 0.480 spatial: 0.099 
(epoch: 52, iters: 6287, time: 0.487, data: 0.001) G_GAN_ViT: 0.358 D_real_ViT: 0.236 D_fake_ViT: 0.199 global: 0.507 spatial: 0.096 
(epoch: 52, iters: 6387, time: 0.486, data: 0.001) G_GAN_ViT: 0.542 D_real_ViT: 0.120 D_fake_ViT: 0.110 global: 0.397 spatial: 0.079 
End of epoch 52 / 100 	 Time Taken: 3155 sec
learning rate = 0.0000094
(epoch: 53, iters: 24, time: 0.486, data: 0.001) G_GAN_ViT: 0.322 D_real_ViT: 0.288 D_fake_ViT: 0.285 global: 0.404 spatial: 0.107 
(epoch: 53, iters: 124, time: 0.486, data: 0.001) G_GAN_ViT: 0.290 D_real_ViT: 0.291 D_fake_ViT: 0.266 global: 0.459 spatial: 0.086 
(epoch: 53, iters: 224, time: 0.486, data: 0.002) G_GAN_ViT: 0.298 D_real_ViT: 0.132 D_fake_ViT: 0.258 global: 0.440 spatial: 0.097 
(epoch: 53, iters: 324, time: 0.486, data: 0.001) G_GAN_ViT: 0.353 D_real_ViT: 0.181 D_fake_ViT: 0.225 global: 0.478 spatial: 0.081 
(epoch: 53, iters: 424, time: 0.486, data: 0.001) G_GAN_ViT: 0.378 D_real_ViT: 0.193 D_fake_ViT: 0.191 global: 0.434 spatial: 0.079 
(epoch: 53, iters: 524, time: 0.486, data: 0.002) G_GAN_ViT: 0.426 D_real_ViT: 0.228 D_fake_ViT: 0.179 global: 0.536 spatial: 0.104 
(epoch: 53, iters: 624, time: 0.487, data: 0.001) G_GAN_ViT: 0.248 D_real_ViT: 0.137 D_fake_ViT: 0.309 global: 0.430 spatial: 0.087 
(epoch: 53, iters: 724, time: 0.487, data: 0.001) G_GAN_ViT: 0.406 D_real_ViT: 0.125 D_fake_ViT: 0.183 global: 0.458 spatial: 0.090 
(epoch: 53, iters: 824, time: 0.487, data: 0.001) G_GAN_ViT: 0.263 D_real_ViT: 0.073 D_fake_ViT: 0.316 global: 0.400 spatial: 0.079 
(epoch: 53, iters: 924, time: 0.487, data: 0.001) G_GAN_ViT: 0.249 D_real_ViT: 0.212 D_fake_ViT: 0.295 global: 0.494 spatial: 0.099 
(epoch: 53, iters: 1024, time: 0.487, data: 0.001) G_GAN_ViT: 0.393 D_real_ViT: 0.091 D_fake_ViT: 0.215 global: 0.491 spatial: 0.091 
(epoch: 53, iters: 1124, time: 0.487, data: 0.001) G_GAN_ViT: 0.407 D_real_ViT: 0.298 D_fake_ViT: 0.162 global: 0.359 spatial: 0.081 
(epoch: 53, iters: 1224, time: 0.487, data: 0.001) G_GAN_ViT: 0.525 D_real_ViT: 0.154 D_fake_ViT: 0.106 global: 0.409 spatial: 0.097 
(epoch: 53, iters: 1324, time: 0.486, data: 0.001) G_GAN_ViT: 0.401 D_real_ViT: 0.131 D_fake_ViT: 0.182 global: 0.449 spatial: 0.084 
(epoch: 53, iters: 1424, time: 0.487, data: 0.001) G_GAN_ViT: 0.365 D_real_ViT: 0.157 D_fake_ViT: 0.197 global: 0.373 spatial: 0.072 
(epoch: 53, iters: 1524, time: 0.487, data: 0.001) G_GAN_ViT: 0.467 D_real_ViT: 0.244 D_fake_ViT: 0.171 global: 0.453 spatial: 0.099 
(epoch: 53, iters: 1624, time: 0.485, data: 0.001) G_GAN_ViT: 0.268 D_real_ViT: 0.293 D_fake_ViT: 0.313 global: 0.493 spatial: 0.086 
(epoch: 53, iters: 1724, time: 0.486, data: 0.001) G_GAN_ViT: 0.316 D_real_ViT: 0.215 D_fake_ViT: 0.254 global: 0.465 spatial: 0.081 
(epoch: 53, iters: 1824, time: 0.486, data: 0.001) G_GAN_ViT: 0.251 D_real_ViT: 0.207 D_fake_ViT: 0.305 global: 0.442 spatial: 0.084 
(epoch: 53, iters: 1924, time: 0.486, data: 0.001) G_GAN_ViT: 0.451 D_real_ViT: 0.224 D_fake_ViT: 0.168 global: 0.383 spatial: 0.084 
(epoch: 53, iters: 2024, time: 0.486, data: 0.001) G_GAN_ViT: 0.405 D_real_ViT: 0.188 D_fake_ViT: 0.170 global: 0.451 spatial: 0.087 
(epoch: 53, iters: 2124, time: 0.487, data: 0.002) G_GAN_ViT: 0.402 D_real_ViT: 0.167 D_fake_ViT: 0.181 global: 0.412 spatial: 0.073 
(epoch: 53, iters: 2224, time: 0.487, data: 0.001) G_GAN_ViT: 0.358 D_real_ViT: 0.206 D_fake_ViT: 0.203 global: 0.461 spatial: 0.093 
(epoch: 53, iters: 2324, time: 0.487, data: 0.001) G_GAN_ViT: 0.321 D_real_ViT: 0.089 D_fake_ViT: 0.255 global: 0.464 spatial: 0.104 
(epoch: 53, iters: 2424, time: 0.487, data: 0.001) G_GAN_ViT: 0.329 D_real_ViT: 0.100 D_fake_ViT: 0.271 global: 0.455 spatial: 0.100 
(epoch: 53, iters: 2524, time: 0.487, data: 0.001) G_GAN_ViT: 0.486 D_real_ViT: 0.275 D_fake_ViT: 0.130 global: 0.463 spatial: 0.083 
(epoch: 53, iters: 2624, time: 0.487, data: 0.001) G_GAN_ViT: 0.499 D_real_ViT: 0.240 D_fake_ViT: 0.131 global: 0.457 spatial: 0.093 
(epoch: 53, iters: 2724, time: 0.487, data: 0.001) G_GAN_ViT: 0.417 D_real_ViT: 0.171 D_fake_ViT: 0.201 global: 0.494 spatial: 0.106 
(epoch: 53, iters: 2824, time: 0.487, data: 0.001) G_GAN_ViT: 0.319 D_real_ViT: 0.078 D_fake_ViT: 0.238 global: 0.485 spatial: 0.102 
(epoch: 53, iters: 2924, time: 0.487, data: 0.001) G_GAN_ViT: 0.385 D_real_ViT: 0.242 D_fake_ViT: 0.194 global: 0.395 spatial: 0.083 
(epoch: 53, iters: 3024, time: 0.487, data: 0.001) G_GAN_ViT: 0.366 D_real_ViT: 0.066 D_fake_ViT: 0.220 global: 0.411 spatial: 0.078 
(epoch: 53, iters: 3124, time: 0.487, data: 0.001) G_GAN_ViT: 0.435 D_real_ViT: 0.217 D_fake_ViT: 0.154 global: 0.443 spatial: 0.089 
(epoch: 53, iters: 3224, time: 0.487, data: 0.001) G_GAN_ViT: 0.473 D_real_ViT: 0.267 D_fake_ViT: 0.124 global: 0.384 spatial: 0.089 
(epoch: 53, iters: 3324, time: 0.485, data: 0.001) G_GAN_ViT: 0.412 D_real_ViT: 0.152 D_fake_ViT: 0.169 global: 0.405 spatial: 0.091 
(epoch: 53, iters: 3424, time: 0.486, data: 0.001) G_GAN_ViT: 0.442 D_real_ViT: 0.062 D_fake_ViT: 0.148 global: 0.335 spatial: 0.080 
(epoch: 53, iters: 3524, time: 0.486, data: 0.002) G_GAN_ViT: 0.443 D_real_ViT: 0.195 D_fake_ViT: 0.149 global: 0.312 spatial: 0.080 
(epoch: 53, iters: 3624, time: 0.487, data: 0.002) G_GAN_ViT: 0.346 D_real_ViT: 0.102 D_fake_ViT: 0.208 global: 0.315 spatial: 0.074 
(epoch: 53, iters: 3724, time: 0.487, data: 0.001) G_GAN_ViT: 0.347 D_real_ViT: 0.089 D_fake_ViT: 0.225 global: 0.485 spatial: 0.089 
(epoch: 53, iters: 3824, time: 0.487, data: 0.001) G_GAN_ViT: 0.342 D_real_ViT: 0.308 D_fake_ViT: 0.230 global: 0.504 spatial: 0.091 
(epoch: 53, iters: 3924, time: 0.487, data: 0.001) G_GAN_ViT: 0.323 D_real_ViT: 0.192 D_fake_ViT: 0.222 global: 0.386 spatial: 0.092 
saving the latest model (epoch 53, total_iters 340000)
ICL_single_traffic_hwy
(epoch: 53, iters: 4024, time: 0.488, data: 0.002) G_GAN_ViT: 0.351 D_real_ViT: 0.178 D_fake_ViT: 0.224 global: 0.442 spatial: 0.086 
(epoch: 53, iters: 4124, time: 0.487, data: 0.002) G_GAN_ViT: 0.484 D_real_ViT: 0.160 D_fake_ViT: 0.139 global: 0.403 spatial: 0.077 
(epoch: 53, iters: 4224, time: 0.487, data: 0.001) G_GAN_ViT: 0.522 D_real_ViT: 0.266 D_fake_ViT: 0.131 global: 0.248 spatial: 0.076 
(epoch: 53, iters: 4324, time: 0.487, data: 0.001) G_GAN_ViT: 0.472 D_real_ViT: 0.220 D_fake_ViT: 0.145 global: 0.482 spatial: 0.076 
(epoch: 53, iters: 4424, time: 0.487, data: 0.002) G_GAN_ViT: 0.378 D_real_ViT: 0.182 D_fake_ViT: 0.216 global: 0.255 spatial: 0.064 
(epoch: 53, iters: 4524, time: 0.487, data: 0.001) G_GAN_ViT: 0.250 D_real_ViT: 0.098 D_fake_ViT: 0.334 global: 0.437 spatial: 0.082 
(epoch: 53, iters: 4624, time: 0.487, data: 0.001) G_GAN_ViT: 0.293 D_real_ViT: 0.301 D_fake_ViT: 0.279 global: 0.371 spatial: 0.087 
(epoch: 53, iters: 4724, time: 0.487, data: 0.001) G_GAN_ViT: 0.353 D_real_ViT: 0.296 D_fake_ViT: 0.227 global: 0.404 spatial: 0.090 
(epoch: 53, iters: 4824, time: 0.487, data: 0.001) G_GAN_ViT: 0.305 D_real_ViT: 0.199 D_fake_ViT: 0.256 global: 0.347 spatial: 0.086 
(epoch: 53, iters: 4924, time: 0.487, data: 0.001) G_GAN_ViT: 0.491 D_real_ViT: 0.176 D_fake_ViT: 0.138 global: 0.362 spatial: 0.081 
(epoch: 53, iters: 5024, time: 0.487, data: 0.001) G_GAN_ViT: 0.352 D_real_ViT: 0.312 D_fake_ViT: 0.205 global: 0.405 spatial: 0.080 
(epoch: 53, iters: 5124, time: 0.486, data: 0.001) G_GAN_ViT: 0.420 D_real_ViT: 0.031 D_fake_ViT: 0.204 global: 0.547 spatial: 0.102 
(epoch: 53, iters: 5224, time: 0.486, data: 0.001) G_GAN_ViT: 0.369 D_real_ViT: 0.063 D_fake_ViT: 0.205 global: 0.397 spatial: 0.094 
(epoch: 53, iters: 5324, time: 0.486, data: 0.001) G_GAN_ViT: 0.464 D_real_ViT: 0.179 D_fake_ViT: 0.171 global: 0.507 spatial: 0.099 
(epoch: 53, iters: 5424, time: 0.486, data: 0.001) G_GAN_ViT: 0.422 D_real_ViT: 0.073 D_fake_ViT: 0.171 global: 0.477 spatial: 0.094 
(epoch: 53, iters: 5524, time: 0.486, data: 0.001) G_GAN_ViT: 0.307 D_real_ViT: 0.317 D_fake_ViT: 0.258 global: 0.552 spatial: 0.093 
(epoch: 53, iters: 5624, time: 0.486, data: 0.001) G_GAN_ViT: 0.567 D_real_ViT: 0.206 D_fake_ViT: 0.112 global: 0.335 spatial: 0.082 
(epoch: 53, iters: 5724, time: 0.486, data: 0.001) G_GAN_ViT: 0.401 D_real_ViT: 0.240 D_fake_ViT: 0.183 global: 0.496 spatial: 0.103 
(epoch: 53, iters: 5824, time: 0.486, data: 0.001) G_GAN_ViT: 0.305 D_real_ViT: 0.051 D_fake_ViT: 0.251 global: 0.456 spatial: 0.093 
(epoch: 53, iters: 5924, time: 0.486, data: 0.001) G_GAN_ViT: 0.466 D_real_ViT: 0.233 D_fake_ViT: 0.161 global: 0.365 spatial: 0.080 
(epoch: 53, iters: 6024, time: 0.487, data: 0.001) G_GAN_ViT: 0.483 D_real_ViT: 0.255 D_fake_ViT: 0.174 global: 0.419 spatial: 0.099 
(epoch: 53, iters: 6124, time: 0.487, data: 0.001) G_GAN_ViT: 0.456 D_real_ViT: 0.295 D_fake_ViT: 0.142 global: 0.432 spatial: 0.081 
(epoch: 53, iters: 6224, time: 0.487, data: 0.001) G_GAN_ViT: 0.252 D_real_ViT: 0.154 D_fake_ViT: 0.304 global: 0.445 spatial: 0.082 
(epoch: 53, iters: 6324, time: 0.487, data: 0.001) G_GAN_ViT: 0.404 D_real_ViT: 0.280 D_fake_ViT: 0.174 global: 0.377 spatial: 0.089 
(epoch: 53, iters: 6424, time: 0.487, data: 0.001) G_GAN_ViT: 0.344 D_real_ViT: 0.245 D_fake_ViT: 0.216 global: 0.517 spatial: 0.089 
End of epoch 53 / 100 	 Time Taken: 3155 sec
learning rate = 0.0000092
(epoch: 54, iters: 61, time: 0.487, data: 0.001) G_GAN_ViT: 0.363 D_real_ViT: 0.033 D_fake_ViT: 0.222 global: 0.495 spatial: 0.083 
(epoch: 54, iters: 161, time: 0.487, data: 0.001) G_GAN_ViT: 0.430 D_real_ViT: 0.197 D_fake_ViT: 0.162 global: 0.435 spatial: 0.067 
(epoch: 54, iters: 261, time: 0.487, data: 0.001) G_GAN_ViT: 0.379 D_real_ViT: 0.253 D_fake_ViT: 0.192 global: 0.472 spatial: 0.078 
(epoch: 54, iters: 361, time: 0.487, data: 0.001) G_GAN_ViT: 0.587 D_real_ViT: 0.114 D_fake_ViT: 0.099 global: 0.374 spatial: 0.106 
(epoch: 54, iters: 461, time: 0.487, data: 0.001) G_GAN_ViT: 0.307 D_real_ViT: 0.229 D_fake_ViT: 0.241 global: 0.445 spatial: 0.084 
(epoch: 54, iters: 561, time: 0.487, data: 0.001) G_GAN_ViT: 0.477 D_real_ViT: 0.257 D_fake_ViT: 0.135 global: 0.423 spatial: 0.079 
(epoch: 54, iters: 661, time: 0.487, data: 0.001) G_GAN_ViT: 0.426 D_real_ViT: 0.442 D_fake_ViT: 0.146 global: 0.395 spatial: 0.075 
(epoch: 54, iters: 761, time: 0.486, data: 0.001) G_GAN_ViT: 0.415 D_real_ViT: 0.247 D_fake_ViT: 0.194 global: 0.408 spatial: 0.088 
(epoch: 54, iters: 861, time: 0.487, data: 0.002) G_GAN_ViT: 0.369 D_real_ViT: 0.073 D_fake_ViT: 0.234 global: 0.370 spatial: 0.071 
(epoch: 54, iters: 961, time: 0.487, data: 0.001) G_GAN_ViT: 0.504 D_real_ViT: 0.068 D_fake_ViT: 0.138 global: 0.368 spatial: 0.076 
(epoch: 54, iters: 1061, time: 0.487, data: 0.002) G_GAN_ViT: 0.427 D_real_ViT: 0.290 D_fake_ViT: 0.176 global: 0.332 spatial: 0.082 
(epoch: 54, iters: 1161, time: 0.487, data: 0.001) G_GAN_ViT: 0.310 D_real_ViT: 0.348 D_fake_ViT: 0.240 global: 0.471 spatial: 0.085 
(epoch: 54, iters: 1261, time: 0.487, data: 0.001) G_GAN_ViT: 0.392 D_real_ViT: 0.200 D_fake_ViT: 0.177 global: 0.418 spatial: 0.070 
(epoch: 54, iters: 1361, time: 0.487, data: 0.001) G_GAN_ViT: 0.512 D_real_ViT: 0.331 D_fake_ViT: 0.114 global: 0.337 spatial: 0.072 
(epoch: 54, iters: 1461, time: 0.487, data: 0.001) G_GAN_ViT: 0.504 D_real_ViT: 0.246 D_fake_ViT: 0.145 global: 0.379 spatial: 0.100 
(epoch: 54, iters: 1561, time: 0.487, data: 0.001) G_GAN_ViT: 0.304 D_real_ViT: 0.157 D_fake_ViT: 0.249 global: 0.379 spatial: 0.068 
(epoch: 54, iters: 1661, time: 0.487, data: 0.001) G_GAN_ViT: 0.510 D_real_ViT: 0.164 D_fake_ViT: 0.127 global: 0.297 spatial: 0.066 
(epoch: 54, iters: 1761, time: 0.487, data: 0.001) G_GAN_ViT: 0.392 D_real_ViT: 0.305 D_fake_ViT: 0.174 global: 0.339 spatial: 0.069 
(epoch: 54, iters: 1861, time: 0.486, data: 0.002) G_GAN_ViT: 0.298 D_real_ViT: 0.267 D_fake_ViT: 0.242 global: 0.511 spatial: 0.090 
(epoch: 54, iters: 1961, time: 0.486, data: 0.001) G_GAN_ViT: 0.290 D_real_ViT: 0.260 D_fake_ViT: 0.252 global: 0.434 spatial: 0.079 
(epoch: 54, iters: 2061, time: 0.486, data: 0.001) G_GAN_ViT: 0.389 D_real_ViT: 0.186 D_fake_ViT: 0.199 global: 0.270 spatial: 0.059 
(epoch: 54, iters: 2161, time: 0.486, data: 0.001) G_GAN_ViT: 0.370 D_real_ViT: 0.342 D_fake_ViT: 0.212 global: 0.516 spatial: 0.100 
(epoch: 54, iters: 2261, time: 0.486, data: 0.001) G_GAN_ViT: 0.420 D_real_ViT: 0.303 D_fake_ViT: 0.182 global: 0.414 spatial: 0.102 
(epoch: 54, iters: 2361, time: 0.487, data: 0.001) G_GAN_ViT: 0.432 D_real_ViT: 0.201 D_fake_ViT: 0.191 global: 0.443 spatial: 0.088 
(epoch: 54, iters: 2461, time: 0.487, data: 0.001) G_GAN_ViT: 0.381 D_real_ViT: 0.214 D_fake_ViT: 0.190 global: 0.373 spatial: 0.088 
saving the latest model (epoch 54, total_iters 345000)
ICL_single_traffic_hwy
(epoch: 54, iters: 2561, time: 0.487, data: 0.002) G_GAN_ViT: 0.365 D_real_ViT: 0.165 D_fake_ViT: 0.177 global: 0.484 spatial: 0.087 
(epoch: 54, iters: 2661, time: 0.487, data: 0.001) G_GAN_ViT: 0.384 D_real_ViT: 0.147 D_fake_ViT: 0.192 global: 0.472 spatial: 0.084 
(epoch: 54, iters: 2761, time: 0.487, data: 0.001) G_GAN_ViT: 0.326 D_real_ViT: 0.100 D_fake_ViT: 0.232 global: 0.464 spatial: 0.075 
(epoch: 54, iters: 2861, time: 0.487, data: 0.001) G_GAN_ViT: 0.339 D_real_ViT: 0.267 D_fake_ViT: 0.220 global: 0.492 spatial: 0.100 
(epoch: 54, iters: 2961, time: 0.487, data: 0.001) G_GAN_ViT: 0.335 D_real_ViT: 0.181 D_fake_ViT: 0.220 global: 0.473 spatial: 0.098 
(epoch: 54, iters: 3061, time: 0.487, data: 0.001) G_GAN_ViT: 0.508 D_real_ViT: 0.296 D_fake_ViT: 0.128 global: 0.393 spatial: 0.093 
(epoch: 54, iters: 3161, time: 0.487, data: 0.002) G_GAN_ViT: 0.334 D_real_ViT: 0.302 D_fake_ViT: 0.235 global: 0.476 spatial: 0.091 
(epoch: 54, iters: 3261, time: 0.487, data: 0.001) G_GAN_ViT: 0.375 D_real_ViT: 0.206 D_fake_ViT: 0.203 global: 0.347 spatial: 0.082 
(epoch: 54, iters: 3361, time: 0.487, data: 0.001) G_GAN_ViT: 0.376 D_real_ViT: 0.234 D_fake_ViT: 0.204 global: 0.442 spatial: 0.077 
(epoch: 54, iters: 3461, time: 0.486, data: 0.001) G_GAN_ViT: 0.400 D_real_ViT: 0.202 D_fake_ViT: 0.182 global: 0.359 spatial: 0.077 
(epoch: 54, iters: 3561, time: 0.486, data: 0.001) G_GAN_ViT: 0.380 D_real_ViT: 0.153 D_fake_ViT: 0.193 global: 0.434 spatial: 0.084 
(epoch: 54, iters: 3661, time: 0.486, data: 0.001) G_GAN_ViT: 0.347 D_real_ViT: 0.185 D_fake_ViT: 0.212 global: 0.450 spatial: 0.092 
(epoch: 54, iters: 3761, time: 0.485, data: 0.001) G_GAN_ViT: 0.536 D_real_ViT: 0.057 D_fake_ViT: 0.122 global: 0.462 spatial: 0.079 
(epoch: 54, iters: 3861, time: 0.486, data: 0.001) G_GAN_ViT: 0.431 D_real_ViT: 0.135 D_fake_ViT: 0.159 global: 0.294 spatial: 0.077 
(epoch: 54, iters: 3961, time: 0.486, data: 0.001) G_GAN_ViT: 0.393 D_real_ViT: 0.256 D_fake_ViT: 0.181 global: 0.453 spatial: 0.095 
(epoch: 54, iters: 4061, time: 0.486, data: 0.001) G_GAN_ViT: 0.408 D_real_ViT: 0.240 D_fake_ViT: 0.178 global: 0.447 spatial: 0.088 
(epoch: 54, iters: 4161, time: 0.486, data: 0.001) G_GAN_ViT: 0.455 D_real_ViT: 0.207 D_fake_ViT: 0.149 global: 0.331 spatial: 0.081 
(epoch: 54, iters: 4261, time: 0.486, data: 0.001) G_GAN_ViT: 0.310 D_real_ViT: 0.177 D_fake_ViT: 0.237 global: 0.451 spatial: 0.086 
(epoch: 54, iters: 4361, time: 0.486, data: 0.001) G_GAN_ViT: 0.234 D_real_ViT: 0.323 D_fake_ViT: 0.318 global: 0.513 spatial: 0.086 
(epoch: 54, iters: 4461, time: 0.486, data: 0.001) G_GAN_ViT: 0.366 D_real_ViT: 0.143 D_fake_ViT: 0.236 global: 0.468 spatial: 0.089 
(epoch: 54, iters: 4561, time: 0.486, data: 0.001) G_GAN_ViT: 0.437 D_real_ViT: 0.093 D_fake_ViT: 0.177 global: 0.489 spatial: 0.096 
(epoch: 54, iters: 4661, time: 0.486, data: 0.001) G_GAN_ViT: 0.478 D_real_ViT: 0.173 D_fake_ViT: 0.137 global: 0.357 spatial: 0.085 
(epoch: 54, iters: 4761, time: 0.486, data: 0.001) G_GAN_ViT: 0.484 D_real_ViT: 0.159 D_fake_ViT: 0.125 global: 0.479 spatial: 0.083 
(epoch: 54, iters: 4861, time: 0.487, data: 0.001) G_GAN_ViT: 0.292 D_real_ViT: 0.285 D_fake_ViT: 0.251 global: 0.421 spatial: 0.081 
(epoch: 54, iters: 4961, time: 0.487, data: 0.001) G_GAN_ViT: 0.243 D_real_ViT: 0.213 D_fake_ViT: 0.312 global: 0.392 spatial: 0.068 
(epoch: 54, iters: 5061, time: 0.487, data: 0.001) G_GAN_ViT: 0.492 D_real_ViT: 0.126 D_fake_ViT: 0.150 global: 0.429 spatial: 0.087 
(epoch: 54, iters: 5161, time: 0.487, data: 0.001) G_GAN_ViT: 0.436 D_real_ViT: 0.143 D_fake_ViT: 0.207 global: 0.473 spatial: 0.095 
(epoch: 54, iters: 5261, time: 0.487, data: 0.001) G_GAN_ViT: 0.469 D_real_ViT: 0.118 D_fake_ViT: 0.184 global: 0.415 spatial: 0.104 
(epoch: 54, iters: 5361, time: 0.487, data: 0.001) G_GAN_ViT: 0.430 D_real_ViT: 0.072 D_fake_ViT: 0.211 global: 0.383 spatial: 0.088 
(epoch: 54, iters: 5461, time: 0.487, data: 0.001) G_GAN_ViT: 0.493 D_real_ViT: 0.179 D_fake_ViT: 0.150 global: 0.500 spatial: 0.092 
(epoch: 54, iters: 5561, time: 0.486, data: 0.002) G_GAN_ViT: 0.281 D_real_ViT: 0.349 D_fake_ViT: 0.297 global: 0.406 spatial: 0.082 
(epoch: 54, iters: 5661, time: 0.486, data: 0.001) G_GAN_ViT: 0.462 D_real_ViT: 0.189 D_fake_ViT: 0.142 global: 0.480 spatial: 0.090 
(epoch: 54, iters: 5761, time: 0.486, data: 0.001) G_GAN_ViT: 0.589 D_real_ViT: 0.312 D_fake_ViT: 0.122 global: 0.465 spatial: 0.116 
(epoch: 54, iters: 5861, time: 0.486, data: 0.001) G_GAN_ViT: 0.364 D_real_ViT: 0.194 D_fake_ViT: 0.212 global: 0.470 spatial: 0.096 
(epoch: 54, iters: 5961, time: 0.487, data: 0.001) G_GAN_ViT: 0.312 D_real_ViT: 0.069 D_fake_ViT: 0.279 global: 0.387 spatial: 0.082 
(epoch: 54, iters: 6061, time: 0.487, data: 0.001) G_GAN_ViT: 0.295 D_real_ViT: 0.290 D_fake_ViT: 0.248 global: 0.423 spatial: 0.082 
(epoch: 54, iters: 6161, time: 0.487, data: 0.001) G_GAN_ViT: 0.437 D_real_ViT: 0.240 D_fake_ViT: 0.183 global: 0.263 spatial: 0.066 
(epoch: 54, iters: 6261, time: 0.487, data: 0.001) G_GAN_ViT: 0.307 D_real_ViT: 0.309 D_fake_ViT: 0.247 global: 0.458 spatial: 0.082 
(epoch: 54, iters: 6361, time: 0.487, data: 0.002) G_GAN_ViT: 0.518 D_real_ViT: 0.112 D_fake_ViT: 0.114 global: 0.410 spatial: 0.094 
(epoch: 54, iters: 6461, time: 0.487, data: 0.001) G_GAN_ViT: 0.409 D_real_ViT: 0.338 D_fake_ViT: 0.185 global: 0.349 spatial: 0.088 
End of epoch 54 / 100 	 Time Taken: 3155 sec
learning rate = 0.0000090
(epoch: 55, iters: 98, time: 0.486, data: 0.001) G_GAN_ViT: 0.319 D_real_ViT: 0.234 D_fake_ViT: 0.232 global: 0.515 spatial: 0.087 
(epoch: 55, iters: 198, time: 0.486, data: 0.001) G_GAN_ViT: 0.491 D_real_ViT: 0.130 D_fake_ViT: 0.174 global: 0.383 spatial: 0.094 
(epoch: 55, iters: 298, time: 0.486, data: 0.001) G_GAN_ViT: 0.518 D_real_ViT: 0.374 D_fake_ViT: 0.138 global: 0.315 spatial: 0.077 
(epoch: 55, iters: 398, time: 0.485, data: 0.002) G_GAN_ViT: 0.451 D_real_ViT: 0.180 D_fake_ViT: 0.152 global: 0.330 spatial: 0.082 
(epoch: 55, iters: 498, time: 0.486, data: 0.001) G_GAN_ViT: 0.418 D_real_ViT: 0.191 D_fake_ViT: 0.179 global: 0.384 spatial: 0.082 
(epoch: 55, iters: 598, time: 0.486, data: 0.001) G_GAN_ViT: 0.255 D_real_ViT: 0.228 D_fake_ViT: 0.366 global: 0.373 spatial: 0.091 
(epoch: 55, iters: 698, time: 0.486, data: 0.001) G_GAN_ViT: 0.347 D_real_ViT: 0.238 D_fake_ViT: 0.211 global: 0.471 spatial: 0.088 
(epoch: 55, iters: 798, time: 0.486, data: 0.001) G_GAN_ViT: 0.403 D_real_ViT: 0.098 D_fake_ViT: 0.179 global: 0.455 spatial: 0.086 
(epoch: 55, iters: 898, time: 0.486, data: 0.001) G_GAN_ViT: 0.443 D_real_ViT: 0.145 D_fake_ViT: 0.155 global: 0.425 spatial: 0.086 
(epoch: 55, iters: 998, time: 0.486, data: 0.001) G_GAN_ViT: 0.384 D_real_ViT: 0.086 D_fake_ViT: 0.222 global: 0.482 spatial: 0.097 
saving the latest model (epoch 55, total_iters 350000)
ICL_single_traffic_hwy
(epoch: 55, iters: 1098, time: 0.486, data: 0.001) G_GAN_ViT: 0.325 D_real_ViT: 0.239 D_fake_ViT: 0.265 global: 0.454 spatial: 0.094 
(epoch: 55, iters: 1198, time: 0.486, data: 0.001) G_GAN_ViT: 0.487 D_real_ViT: 0.212 D_fake_ViT: 0.128 global: 0.299 spatial: 0.070 
(epoch: 55, iters: 1298, time: 0.486, data: 0.001) G_GAN_ViT: 0.424 D_real_ViT: 0.215 D_fake_ViT: 0.178 global: 0.317 spatial: 0.077 
(epoch: 55, iters: 1398, time: 0.486, data: 0.001) G_GAN_ViT: 0.532 D_real_ViT: 0.313 D_fake_ViT: 0.127 global: 0.332 spatial: 0.083 
(epoch: 55, iters: 1498, time: 0.486, data: 0.001) G_GAN_ViT: 0.409 D_real_ViT: 0.247 D_fake_ViT: 0.177 global: 0.406 spatial: 0.073 
(epoch: 55, iters: 1598, time: 0.486, data: 0.001) G_GAN_ViT: 0.395 D_real_ViT: 0.184 D_fake_ViT: 0.211 global: 0.449 spatial: 0.097 
(epoch: 55, iters: 1698, time: 0.486, data: 0.001) G_GAN_ViT: 0.595 D_real_ViT: 0.139 D_fake_ViT: 0.094 global: 0.489 spatial: 0.097 
(epoch: 55, iters: 1798, time: 0.486, data: 0.001) G_GAN_ViT: 0.415 D_real_ViT: 0.243 D_fake_ViT: 0.192 global: 0.345 spatial: 0.077 
(epoch: 55, iters: 1898, time: 0.486, data: 0.001) G_GAN_ViT: 0.368 D_real_ViT: 0.245 D_fake_ViT: 0.204 global: 0.423 spatial: 0.080 
(epoch: 55, iters: 1998, time: 0.486, data: 0.001) G_GAN_ViT: 0.467 D_real_ViT: 0.178 D_fake_ViT: 0.162 global: 0.417 spatial: 0.104 
(epoch: 55, iters: 2098, time: 0.486, data: 0.001) G_GAN_ViT: 0.190 D_real_ViT: 0.277 D_fake_ViT: 0.397 global: 0.345 spatial: 0.078 
(epoch: 55, iters: 2198, time: 0.486, data: 0.001) G_GAN_ViT: 0.368 D_real_ViT: 0.332 D_fake_ViT: 0.203 global: 0.440 spatial: 0.086 
(epoch: 55, iters: 2298, time: 0.485, data: 0.002) G_GAN_ViT: 0.360 D_real_ViT: 0.171 D_fake_ViT: 0.210 global: 0.444 spatial: 0.102 
(epoch: 55, iters: 2398, time: 0.486, data: 0.001) G_GAN_ViT: 0.417 D_real_ViT: 0.360 D_fake_ViT: 0.161 global: 0.341 spatial: 0.078 
(epoch: 55, iters: 2498, time: 0.486, data: 0.002) G_GAN_ViT: 0.428 D_real_ViT: 0.226 D_fake_ViT: 0.173 global: 0.323 spatial: 0.074 
(epoch: 55, iters: 2598, time: 0.486, data: 0.002) G_GAN_ViT: 0.307 D_real_ViT: 0.167 D_fake_ViT: 0.253 global: 0.461 spatial: 0.087 
(epoch: 55, iters: 2698, time: 0.486, data: 0.001) G_GAN_ViT: 0.428 D_real_ViT: 0.316 D_fake_ViT: 0.169 global: 0.475 spatial: 0.102 
(epoch: 55, iters: 2798, time: 0.487, data: 0.001) G_GAN_ViT: 0.277 D_real_ViT: 0.079 D_fake_ViT: 0.279 global: 0.481 spatial: 0.088 
(epoch: 55, iters: 2898, time: 0.487, data: 0.001) G_GAN_ViT: 0.419 D_real_ViT: 0.221 D_fake_ViT: 0.168 global: 0.387 spatial: 0.080 
(epoch: 55, iters: 2998, time: 0.487, data: 0.002) G_GAN_ViT: 0.295 D_real_ViT: 0.189 D_fake_ViT: 0.257 global: 0.429 spatial: 0.090 
(epoch: 55, iters: 3098, time: 0.487, data: 0.002) G_GAN_ViT: 0.506 D_real_ViT: 0.222 D_fake_ViT: 0.126 global: 0.362 spatial: 0.071 
(epoch: 55, iters: 3198, time: 0.487, data: 0.001) G_GAN_ViT: 0.378 D_real_ViT: 0.276 D_fake_ViT: 0.191 global: 0.396 spatial: 0.085 
(epoch: 55, iters: 3298, time: 0.487, data: 0.001) G_GAN_ViT: 0.327 D_real_ViT: 0.308 D_fake_ViT: 0.229 global: 0.410 spatial: 0.077 
(epoch: 55, iters: 3398, time: 0.487, data: 0.001) G_GAN_ViT: 0.345 D_real_ViT: 0.255 D_fake_ViT: 0.210 global: 0.414 spatial: 0.085 
(epoch: 55, iters: 3498, time: 0.487, data: 0.001) G_GAN_ViT: 0.359 D_real_ViT: 0.242 D_fake_ViT: 0.194 global: 0.388 spatial: 0.089 
(epoch: 55, iters: 3598, time: 0.487, data: 0.001) G_GAN_ViT: 0.427 D_real_ViT: 0.130 D_fake_ViT: 0.172 global: 0.495 spatial: 0.100 
(epoch: 55, iters: 3698, time: 0.487, data: 0.001) G_GAN_ViT: 0.284 D_real_ViT: 0.270 D_fake_ViT: 0.281 global: 0.458 spatial: 0.073 
(epoch: 55, iters: 3798, time: 0.487, data: 0.002) G_GAN_ViT: 0.489 D_real_ViT: 0.069 D_fake_ViT: 0.129 global: 0.415 spatial: 0.090 
(epoch: 55, iters: 3898, time: 0.487, data: 0.001) G_GAN_ViT: 0.364 D_real_ViT: 0.292 D_fake_ViT: 0.221 global: 0.376 spatial: 0.085 
(epoch: 55, iters: 3998, time: 0.487, data: 0.001) G_GAN_ViT: 0.353 D_real_ViT: 0.166 D_fake_ViT: 0.212 global: 0.443 spatial: 0.086 
(epoch: 55, iters: 4098, time: 0.487, data: 0.001) G_GAN_ViT: 0.456 D_real_ViT: 0.160 D_fake_ViT: 0.162 global: 0.395 spatial: 0.095 
(epoch: 55, iters: 4198, time: 0.487, data: 0.001) G_GAN_ViT: 0.370 D_real_ViT: 0.126 D_fake_ViT: 0.202 global: 0.533 spatial: 0.098 
(epoch: 55, iters: 4298, time: 0.487, data: 0.001) G_GAN_ViT: 0.624 D_real_ViT: 0.290 D_fake_ViT: 0.085 global: 0.422 spatial: 0.084 
(epoch: 55, iters: 4398, time: 0.487, data: 0.002) G_GAN_ViT: 0.411 D_real_ViT: 0.248 D_fake_ViT: 0.172 global: 0.481 spatial: 0.082 
(epoch: 55, iters: 4498, time: 0.487, data: 0.001) G_GAN_ViT: 0.421 D_real_ViT: 0.193 D_fake_ViT: 0.160 global: 0.356 spatial: 0.082 
(epoch: 55, iters: 4598, time: 0.487, data: 0.001) G_GAN_ViT: 0.451 D_real_ViT: 0.096 D_fake_ViT: 0.149 global: 0.324 spatial: 0.079 
(epoch: 55, iters: 4698, time: 0.487, data: 0.001) G_GAN_ViT: 0.268 D_real_ViT: 0.206 D_fake_ViT: 0.298 global: 0.318 spatial: 0.078 
(epoch: 55, iters: 4798, time: 0.487, data: 0.001) G_GAN_ViT: 0.276 D_real_ViT: 0.099 D_fake_ViT: 0.292 global: 0.519 spatial: 0.096 
(epoch: 55, iters: 4898, time: 0.487, data: 0.001) G_GAN_ViT: 0.444 D_real_ViT: 0.260 D_fake_ViT: 0.157 global: 0.468 spatial: 0.091 
(epoch: 55, iters: 4998, time: 0.487, data: 0.001) G_GAN_ViT: 0.321 D_real_ViT: 0.322 D_fake_ViT: 0.233 global: 0.513 spatial: 0.090 
(epoch: 55, iters: 5098, time: 0.487, data: 0.001) G_GAN_ViT: 0.364 D_real_ViT: 0.153 D_fake_ViT: 0.201 global: 0.337 spatial: 0.080 
(epoch: 55, iters: 5198, time: 0.487, data: 0.001) G_GAN_ViT: 0.489 D_real_ViT: 0.267 D_fake_ViT: 0.127 global: 0.448 spatial: 0.088 
(epoch: 55, iters: 5298, time: 0.487, data: 0.001) G_GAN_ViT: 0.387 D_real_ViT: 0.200 D_fake_ViT: 0.193 global: 0.353 spatial: 0.077 
(epoch: 55, iters: 5398, time: 0.487, data: 0.001) G_GAN_ViT: 0.284 D_real_ViT: 0.259 D_fake_ViT: 0.266 global: 0.426 spatial: 0.079 
(epoch: 55, iters: 5498, time: 0.487, data: 0.001) G_GAN_ViT: 0.330 D_real_ViT: 0.315 D_fake_ViT: 0.219 global: 0.393 spatial: 0.068 
(epoch: 55, iters: 5598, time: 0.487, data: 0.001) G_GAN_ViT: 0.358 D_real_ViT: 0.102 D_fake_ViT: 0.228 global: 0.344 spatial: 0.082 
(epoch: 55, iters: 5698, time: 0.487, data: 0.001) G_GAN_ViT: 0.323 D_real_ViT: 0.127 D_fake_ViT: 0.255 global: 0.376 spatial: 0.079 
(epoch: 55, iters: 5798, time: 0.486, data: 0.001) G_GAN_ViT: 0.356 D_real_ViT: 0.433 D_fake_ViT: 0.240 global: 0.449 spatial: 0.088 
(epoch: 55, iters: 5898, time: 0.486, data: 0.001) G_GAN_ViT: 0.463 D_real_ViT: 0.224 D_fake_ViT: 0.140 global: 0.251 spatial: 0.064 
(epoch: 55, iters: 5998, time: 0.487, data: 0.001) G_GAN_ViT: 0.538 D_real_ViT: 0.290 D_fake_ViT: 0.125 global: 0.427 spatial: 0.084 
saving the latest model (epoch 55, total_iters 355000)
ICL_single_traffic_hwy
(epoch: 55, iters: 6098, time: 0.487, data: 0.002) G_GAN_ViT: 0.361 D_real_ViT: 0.297 D_fake_ViT: 0.195 global: 0.407 spatial: 0.083 
(epoch: 55, iters: 6198, time: 0.487, data: 0.001) G_GAN_ViT: 0.379 D_real_ViT: 0.216 D_fake_ViT: 0.181 global: 0.475 spatial: 0.089 
(epoch: 55, iters: 6298, time: 0.488, data: 0.001) G_GAN_ViT: 0.320 D_real_ViT: 0.032 D_fake_ViT: 0.255 global: 0.430 spatial: 0.072 
(epoch: 55, iters: 6398, time: 0.488, data: 0.001) G_GAN_ViT: 0.433 D_real_ViT: 0.271 D_fake_ViT: 0.170 global: 0.274 spatial: 0.077 
saving the model at the end of epoch 55, iters 355465
End of epoch 55 / 100 	 Time Taken: 3157 sec
learning rate = 0.0000088
(epoch: 56, iters: 35, time: 0.487, data: 0.001) G_GAN_ViT: 0.325 D_real_ViT: 0.161 D_fake_ViT: 0.240 global: 0.391 spatial: 0.084 
(epoch: 56, iters: 135, time: 0.487, data: 0.001) G_GAN_ViT: 0.250 D_real_ViT: 0.238 D_fake_ViT: 0.301 global: 0.360 spatial: 0.071 
(epoch: 56, iters: 235, time: 0.487, data: 0.001) G_GAN_ViT: 0.263 D_real_ViT: 0.225 D_fake_ViT: 0.280 global: 0.371 spatial: 0.074 
(epoch: 56, iters: 335, time: 0.487, data: 0.001) G_GAN_ViT: 0.379 D_real_ViT: 0.109 D_fake_ViT: 0.202 global: 0.326 spatial: 0.082 
(epoch: 56, iters: 435, time: 0.487, data: 0.001) G_GAN_ViT: 0.378 D_real_ViT: 0.298 D_fake_ViT: 0.181 global: 0.314 spatial: 0.079 
(epoch: 56, iters: 535, time: 0.487, data: 0.001) G_GAN_ViT: 0.418 D_real_ViT: 0.072 D_fake_ViT: 0.165 global: 0.372 spatial: 0.084 
(epoch: 56, iters: 635, time: 0.487, data: 0.001) G_GAN_ViT: 0.282 D_real_ViT: 0.262 D_fake_ViT: 0.301 global: 0.439 spatial: 0.097 
(epoch: 56, iters: 735, time: 0.487, data: 0.001) G_GAN_ViT: 0.251 D_real_ViT: 0.187 D_fake_ViT: 0.293 global: 0.396 spatial: 0.067 
(epoch: 56, iters: 835, time: 0.487, data: 0.001) G_GAN_ViT: 0.502 D_real_ViT: 0.217 D_fake_ViT: 0.127 global: 0.319 spatial: 0.083 
(epoch: 56, iters: 935, time: 0.487, data: 0.001) G_GAN_ViT: 0.403 D_real_ViT: 0.168 D_fake_ViT: 0.224 global: 0.512 spatial: 0.115 
(epoch: 56, iters: 1035, time: 0.487, data: 0.001) G_GAN_ViT: 0.455 D_real_ViT: 0.172 D_fake_ViT: 0.147 global: 0.279 spatial: 0.055 
(epoch: 56, iters: 1135, time: 0.487, data: 0.001) G_GAN_ViT: 0.431 D_real_ViT: 0.168 D_fake_ViT: 0.171 global: 0.386 spatial: 0.093 
(epoch: 56, iters: 1235, time: 0.487, data: 0.001) G_GAN_ViT: 0.389 D_real_ViT: 0.152 D_fake_ViT: 0.181 global: 0.357 spatial: 0.086 
(epoch: 56, iters: 1335, time: 0.486, data: 0.001) G_GAN_ViT: 0.342 D_real_ViT: 0.313 D_fake_ViT: 0.222 global: 0.337 spatial: 0.075 
(epoch: 56, iters: 1435, time: 0.487, data: 0.001) G_GAN_ViT: 0.438 D_real_ViT: 0.264 D_fake_ViT: 0.172 global: 0.353 spatial: 0.078 
(epoch: 56, iters: 1535, time: 0.487, data: 0.001) G_GAN_ViT: 0.407 D_real_ViT: 0.259 D_fake_ViT: 0.190 global: 0.408 spatial: 0.092 
(epoch: 56, iters: 1635, time: 0.487, data: 0.001) G_GAN_ViT: 0.416 D_real_ViT: 0.260 D_fake_ViT: 0.171 global: 0.438 spatial: 0.101 
(epoch: 56, iters: 1735, time: 0.488, data: 0.001) G_GAN_ViT: 0.416 D_real_ViT: 0.249 D_fake_ViT: 0.164 global: 0.358 spatial: 0.088 
(epoch: 56, iters: 1835, time: 0.488, data: 0.002) G_GAN_ViT: 0.521 D_real_ViT: 0.183 D_fake_ViT: 0.115 global: 0.403 spatial: 0.085 
(epoch: 56, iters: 1935, time: 0.488, data: 0.001) G_GAN_ViT: 0.298 D_real_ViT: 0.248 D_fake_ViT: 0.254 global: 0.434 spatial: 0.083 
(epoch: 56, iters: 2035, time: 0.488, data: 0.001) G_GAN_ViT: 0.315 D_real_ViT: 0.235 D_fake_ViT: 0.229 global: 0.338 spatial: 0.067 
(epoch: 56, iters: 2135, time: 0.488, data: 0.001) G_GAN_ViT: 0.484 D_real_ViT: 0.103 D_fake_ViT: 0.131 global: 0.370 spatial: 0.070 
(epoch: 56, iters: 2235, time: 0.488, data: 0.001) G_GAN_ViT: 0.415 D_real_ViT: 0.247 D_fake_ViT: 0.167 global: 0.373 spatial: 0.074 
(epoch: 56, iters: 2335, time: 0.488, data: 0.002) G_GAN_ViT: 0.425 D_real_ViT: 0.176 D_fake_ViT: 0.178 global: 0.423 spatial: 0.097 
(epoch: 56, iters: 2435, time: 0.488, data: 0.001) G_GAN_ViT: 0.291 D_real_ViT: 0.103 D_fake_ViT: 0.254 global: 0.424 spatial: 0.087 
(epoch: 56, iters: 2535, time: 0.488, data: 0.001) G_GAN_ViT: 0.395 D_real_ViT: 0.265 D_fake_ViT: 0.179 global: 0.406 spatial: 0.082 
(epoch: 56, iters: 2635, time: 0.488, data: 0.001) G_GAN_ViT: 0.408 D_real_ViT: 0.125 D_fake_ViT: 0.180 global: 0.463 spatial: 0.085 
(epoch: 56, iters: 2735, time: 0.488, data: 0.001) G_GAN_ViT: 0.196 D_real_ViT: 0.227 D_fake_ViT: 0.378 global: 0.331 spatial: 0.067 
(epoch: 56, iters: 2835, time: 0.488, data: 0.001) G_GAN_ViT: 0.416 D_real_ViT: 0.185 D_fake_ViT: 0.173 global: 0.397 spatial: 0.080 
(epoch: 56, iters: 2935, time: 0.488, data: 0.001) G_GAN_ViT: 0.445 D_real_ViT: 0.248 D_fake_ViT: 0.143 global: 0.353 spatial: 0.084 
(epoch: 56, iters: 3035, time: 0.488, data: 0.001) G_GAN_ViT: 0.327 D_real_ViT: 0.247 D_fake_ViT: 0.231 global: 0.414 spatial: 0.091 
(epoch: 56, iters: 3135, time: 0.488, data: 0.001) G_GAN_ViT: 0.440 D_real_ViT: 0.246 D_fake_ViT: 0.157 global: 0.407 spatial: 0.091 
(epoch: 56, iters: 3235, time: 0.488, data: 0.001) G_GAN_ViT: 0.328 D_real_ViT: 0.302 D_fake_ViT: 0.277 global: 0.357 spatial: 0.077 
(epoch: 56, iters: 3335, time: 0.488, data: 0.001) G_GAN_ViT: 0.492 D_real_ViT: 0.294 D_fake_ViT: 0.127 global: 0.469 spatial: 0.080 
(epoch: 56, iters: 3435, time: 0.488, data: 0.001) G_GAN_ViT: 0.333 D_real_ViT: 0.365 D_fake_ViT: 0.235 global: 0.498 spatial: 0.093 
(epoch: 56, iters: 3535, time: 0.489, data: 0.001) G_GAN_ViT: 0.440 D_real_ViT: 0.178 D_fake_ViT: 0.145 global: 0.316 spatial: 0.071 
(epoch: 56, iters: 3635, time: 0.488, data: 0.002) G_GAN_ViT: 0.303 D_real_ViT: 0.258 D_fake_ViT: 0.254 global: 0.408 spatial: 0.089 
(epoch: 56, iters: 3735, time: 0.488, data: 0.001) G_GAN_ViT: 0.348 D_real_ViT: 0.128 D_fake_ViT: 0.209 global: 0.486 spatial: 0.098 
(epoch: 56, iters: 3835, time: 0.487, data: 0.001) G_GAN_ViT: 0.419 D_real_ViT: 0.135 D_fake_ViT: 0.174 global: 0.423 spatial: 0.080 
(epoch: 56, iters: 3935, time: 0.488, data: 0.002) G_GAN_ViT: 0.467 D_real_ViT: 0.308 D_fake_ViT: 0.132 global: 0.313 spatial: 0.074 
(epoch: 56, iters: 4035, time: 0.488, data: 0.001) G_GAN_ViT: 0.351 D_real_ViT: 0.266 D_fake_ViT: 0.206 global: 0.517 spatial: 0.103 
(epoch: 56, iters: 4135, time: 0.488, data: 0.001) G_GAN_ViT: 0.382 D_real_ViT: 0.316 D_fake_ViT: 0.203 global: 0.309 spatial: 0.071 
(epoch: 56, iters: 4235, time: 0.488, data: 0.001) G_GAN_ViT: 0.317 D_real_ViT: 0.219 D_fake_ViT: 0.264 global: 0.385 spatial: 0.086 
(epoch: 56, iters: 4335, time: 0.488, data: 0.001) G_GAN_ViT: 0.292 D_real_ViT: 0.304 D_fake_ViT: 0.275 global: 0.409 spatial: 0.096 
(epoch: 56, iters: 4435, time: 0.488, data: 0.001) G_GAN_ViT: 0.354 D_real_ViT: 0.245 D_fake_ViT: 0.199 global: 0.301 spatial: 0.068 
(epoch: 56, iters: 4535, time: 0.488, data: 0.001) G_GAN_ViT: 0.354 D_real_ViT: 0.217 D_fake_ViT: 0.220 global: 0.563 spatial: 0.110 
saving the latest model (epoch 56, total_iters 360000)
ICL_single_traffic_hwy
(epoch: 56, iters: 4635, time: 0.488, data: 0.001) G_GAN_ViT: 0.381 D_real_ViT: 0.419 D_fake_ViT: 0.187 global: 0.322 spatial: 0.062 
(epoch: 56, iters: 4735, time: 0.488, data: 0.002) G_GAN_ViT: 0.320 D_real_ViT: 0.180 D_fake_ViT: 0.236 global: 0.424 spatial: 0.084 
(epoch: 56, iters: 4835, time: 0.488, data: 0.001) G_GAN_ViT: 0.225 D_real_ViT: 0.205 D_fake_ViT: 0.341 global: 0.343 spatial: 0.066 
(epoch: 56, iters: 4935, time: 0.488, data: 0.001) G_GAN_ViT: 0.283 D_real_ViT: 0.350 D_fake_ViT: 0.245 global: 0.433 spatial: 0.086 
(epoch: 56, iters: 5035, time: 0.488, data: 0.001) G_GAN_ViT: 0.379 D_real_ViT: 0.188 D_fake_ViT: 0.235 global: 0.340 spatial: 0.069 
(epoch: 56, iters: 5135, time: 0.488, data: 0.001) G_GAN_ViT: 0.364 D_real_ViT: 0.271 D_fake_ViT: 0.206 global: 0.433 spatial: 0.087 
(epoch: 56, iters: 5235, time: 0.488, data: 0.001) G_GAN_ViT: 0.387 D_real_ViT: 0.256 D_fake_ViT: 0.195 global: 0.517 spatial: 0.113 
(epoch: 56, iters: 5335, time: 0.488, data: 0.001) G_GAN_ViT: 0.340 D_real_ViT: 0.118 D_fake_ViT: 0.209 global: 0.404 spatial: 0.078 
(epoch: 56, iters: 5435, time: 0.488, data: 0.001) G_GAN_ViT: 0.354 D_real_ViT: 0.120 D_fake_ViT: 0.206 global: 0.512 spatial: 0.089 
(epoch: 56, iters: 5535, time: 0.488, data: 0.002) G_GAN_ViT: 0.481 D_real_ViT: 0.068 D_fake_ViT: 0.125 global: 0.321 spatial: 0.068 
(epoch: 56, iters: 5635, time: 0.488, data: 0.001) G_GAN_ViT: 0.432 D_real_ViT: 0.091 D_fake_ViT: 0.201 global: 0.349 spatial: 0.073 
(epoch: 56, iters: 5735, time: 0.486, data: 0.001) G_GAN_ViT: 0.335 D_real_ViT: 0.161 D_fake_ViT: 0.229 global: 0.536 spatial: 0.091 
(epoch: 56, iters: 5835, time: 0.486, data: 0.001) G_GAN_ViT: 0.432 D_real_ViT: 0.166 D_fake_ViT: 0.178 global: 0.490 spatial: 0.094 
(epoch: 56, iters: 5935, time: 0.487, data: 0.002) G_GAN_ViT: 0.358 D_real_ViT: 0.141 D_fake_ViT: 0.211 global: 0.534 spatial: 0.116 
(epoch: 56, iters: 6035, time: 0.487, data: 0.001) G_GAN_ViT: 0.391 D_real_ViT: 0.219 D_fake_ViT: 0.195 global: 0.401 spatial: 0.071 
(epoch: 56, iters: 6135, time: 0.487, data: 0.001) G_GAN_ViT: 0.296 D_real_ViT: 0.197 D_fake_ViT: 0.252 global: 0.473 spatial: 0.084 
(epoch: 56, iters: 6235, time: 0.488, data: 0.001) G_GAN_ViT: 0.303 D_real_ViT: 0.159 D_fake_ViT: 0.255 global: 0.425 spatial: 0.078 
(epoch: 56, iters: 6335, time: 0.488, data: 0.001) G_GAN_ViT: 0.560 D_real_ViT: 0.125 D_fake_ViT: 0.107 global: 0.287 spatial: 0.066 
(epoch: 56, iters: 6435, time: 0.488, data: 0.001) G_GAN_ViT: 0.323 D_real_ViT: 0.155 D_fake_ViT: 0.234 global: 0.403 spatial: 0.080 
End of epoch 56 / 100 	 Time Taken: 3161 sec
learning rate = 0.0000086
(epoch: 57, iters: 72, time: 0.488, data: 0.002) G_GAN_ViT: 0.486 D_real_ViT: 0.312 D_fake_ViT: 0.153 global: 0.431 spatial: 0.085 
(epoch: 57, iters: 172, time: 0.488, data: 0.001) G_GAN_ViT: 0.442 D_real_ViT: 0.100 D_fake_ViT: 0.162 global: 0.334 spatial: 0.076 
(epoch: 57, iters: 272, time: 0.488, data: 0.001) G_GAN_ViT: 0.380 D_real_ViT: 0.104 D_fake_ViT: 0.196 global: 0.284 spatial: 0.065 
(epoch: 57, iters: 372, time: 0.488, data: 0.001) G_GAN_ViT: 0.357 D_real_ViT: 0.239 D_fake_ViT: 0.219 global: 0.486 spatial: 0.097 
(epoch: 57, iters: 472, time: 0.488, data: 0.001) G_GAN_ViT: 0.402 D_real_ViT: 0.223 D_fake_ViT: 0.183 global: 0.512 spatial: 0.086 
(epoch: 57, iters: 572, time: 0.488, data: 0.001) G_GAN_ViT: 0.347 D_real_ViT: 0.248 D_fake_ViT: 0.207 global: 0.412 spatial: 0.076 
(epoch: 57, iters: 672, time: 0.489, data: 0.001) G_GAN_ViT: 0.399 D_real_ViT: 0.208 D_fake_ViT: 0.213 global: 0.500 spatial: 0.093 
(epoch: 57, iters: 772, time: 0.489, data: 0.001) G_GAN_ViT: 0.411 D_real_ViT: 0.187 D_fake_ViT: 0.194 global: 0.450 spatial: 0.098 
(epoch: 57, iters: 872, time: 0.489, data: 0.001) G_GAN_ViT: 0.367 D_real_ViT: 0.102 D_fake_ViT: 0.204 global: 0.366 spatial: 0.080 
(epoch: 57, iters: 972, time: 0.489, data: 0.001) G_GAN_ViT: 0.329 D_real_ViT: 0.190 D_fake_ViT: 0.225 global: 0.388 spatial: 0.076 
(epoch: 57, iters: 1072, time: 0.489, data: 0.001) G_GAN_ViT: 0.326 D_real_ViT: 0.234 D_fake_ViT: 0.232 global: 0.405 spatial: 0.094 
(epoch: 57, iters: 1172, time: 0.489, data: 0.001) G_GAN_ViT: 0.363 D_real_ViT: 0.182 D_fake_ViT: 0.198 global: 0.382 spatial: 0.093 
(epoch: 57, iters: 1272, time: 0.489, data: 0.001) G_GAN_ViT: 0.549 D_real_ViT: 0.214 D_fake_ViT: 0.119 global: 0.473 spatial: 0.092 
(epoch: 57, iters: 1372, time: 0.489, data: 0.001) G_GAN_ViT: 0.345 D_real_ViT: 0.195 D_fake_ViT: 0.246 global: 0.549 spatial: 0.104 
(epoch: 57, iters: 1472, time: 0.489, data: 0.001) G_GAN_ViT: 0.458 D_real_ViT: 0.351 D_fake_ViT: 0.170 global: 0.491 spatial: 0.100 
(epoch: 57, iters: 1572, time: 0.489, data: 0.001) G_GAN_ViT: 0.475 D_real_ViT: 0.230 D_fake_ViT: 0.164 global: 0.304 spatial: 0.071 
(epoch: 57, iters: 1672, time: 0.490, data: 0.002) G_GAN_ViT: 0.401 D_real_ViT: 0.262 D_fake_ViT: 0.171 global: 0.331 spatial: 0.086 
(epoch: 57, iters: 1772, time: 0.490, data: 0.001) G_GAN_ViT: 0.450 D_real_ViT: 0.100 D_fake_ViT: 0.164 global: 0.432 spatial: 0.104 
(epoch: 57, iters: 1872, time: 0.490, data: 0.001) G_GAN_ViT: 0.403 D_real_ViT: 0.283 D_fake_ViT: 0.186 global: 0.414 spatial: 0.094 
(epoch: 57, iters: 1972, time: 0.490, data: 0.001) G_GAN_ViT: 0.459 D_real_ViT: 0.140 D_fake_ViT: 0.135 global: 0.334 spatial: 0.070 
(epoch: 57, iters: 2072, time: 0.490, data: 0.001) G_GAN_ViT: 0.237 D_real_ViT: 0.215 D_fake_ViT: 0.316 global: 0.407 spatial: 0.062 
(epoch: 57, iters: 2172, time: 0.490, data: 0.002) G_GAN_ViT: 0.381 D_real_ViT: 0.241 D_fake_ViT: 0.187 global: 0.425 spatial: 0.076 
(epoch: 57, iters: 2272, time: 0.490, data: 0.001) G_GAN_ViT: 0.305 D_real_ViT: 0.270 D_fake_ViT: 0.247 global: 0.408 spatial: 0.077 
(epoch: 57, iters: 2372, time: 0.489, data: 0.001) G_GAN_ViT: 0.296 D_real_ViT: 0.212 D_fake_ViT: 0.256 global: 0.429 spatial: 0.084 
(epoch: 57, iters: 2472, time: 0.490, data: 0.001) G_GAN_ViT: 0.371 D_real_ViT: 0.232 D_fake_ViT: 0.196 global: 0.528 spatial: 0.108 
(epoch: 57, iters: 2572, time: 0.489, data: 0.001) G_GAN_ViT: 0.345 D_real_ViT: 0.081 D_fake_ViT: 0.219 global: 0.522 spatial: 0.098 
(epoch: 57, iters: 2672, time: 0.489, data: 0.001) G_GAN_ViT: 0.466 D_real_ViT: 0.301 D_fake_ViT: 0.158 global: 0.314 spatial: 0.073 
(epoch: 57, iters: 2772, time: 0.489, data: 0.001) G_GAN_ViT: 0.368 D_real_ViT: 0.135 D_fake_ViT: 0.267 global: 0.345 spatial: 0.091 
(epoch: 57, iters: 2872, time: 0.489, data: 0.001) G_GAN_ViT: 0.397 D_real_ViT: 0.037 D_fake_ViT: 0.183 global: 0.323 spatial: 0.068 
(epoch: 57, iters: 2972, time: 0.490, data: 0.001) G_GAN_ViT: 0.211 D_real_ViT: 0.249 D_fake_ViT: 0.368 global: 0.337 spatial: 0.072 
(epoch: 57, iters: 3072, time: 0.489, data: 0.001) G_GAN_ViT: 0.372 D_real_ViT: 0.320 D_fake_ViT: 0.187 global: 0.374 spatial: 0.075 
saving the latest model (epoch 57, total_iters 365000)
ICL_single_traffic_hwy
(epoch: 57, iters: 3172, time: 0.490, data: 0.001) G_GAN_ViT: 0.237 D_real_ViT: 0.177 D_fake_ViT: 0.304 global: 0.443 spatial: 0.079 
(epoch: 57, iters: 3272, time: 0.489, data: 0.001) G_GAN_ViT: 0.464 D_real_ViT: 0.221 D_fake_ViT: 0.151 global: 0.299 spatial: 0.064 
(epoch: 57, iters: 3372, time: 0.490, data: 0.001) G_GAN_ViT: 0.365 D_real_ViT: 0.171 D_fake_ViT: 0.209 global: 0.449 spatial: 0.084 
(epoch: 57, iters: 3472, time: 0.489, data: 0.001) G_GAN_ViT: 0.398 D_real_ViT: 0.276 D_fake_ViT: 0.183 global: 0.446 spatial: 0.077 
(epoch: 57, iters: 3572, time: 0.489, data: 0.001) G_GAN_ViT: 0.253 D_real_ViT: 0.134 D_fake_ViT: 0.301 global: 0.505 spatial: 0.094 
(epoch: 57, iters: 3672, time: 0.489, data: 0.001) G_GAN_ViT: 0.385 D_real_ViT: 0.149 D_fake_ViT: 0.194 global: 0.411 spatial: 0.085 
(epoch: 57, iters: 3772, time: 0.488, data: 0.001) G_GAN_ViT: 0.354 D_real_ViT: 0.142 D_fake_ViT: 0.217 global: 0.458 spatial: 0.084 
(epoch: 57, iters: 3872, time: 0.488, data: 0.001) G_GAN_ViT: 0.373 D_real_ViT: 0.347 D_fake_ViT: 0.188 global: 0.458 spatial: 0.092 
(epoch: 57, iters: 3972, time: 0.489, data: 0.001) G_GAN_ViT: 0.328 D_real_ViT: 0.167 D_fake_ViT: 0.224 global: 0.409 spatial: 0.076 
(epoch: 57, iters: 4072, time: 0.489, data: 0.001) G_GAN_ViT: 0.247 D_real_ViT: 0.301 D_fake_ViT: 0.329 global: 0.552 spatial: 0.109 
(epoch: 57, iters: 4172, time: 0.490, data: 0.001) G_GAN_ViT: 0.290 D_real_ViT: 0.226 D_fake_ViT: 0.252 global: 0.385 spatial: 0.070 
(epoch: 57, iters: 4272, time: 0.489, data: 0.001) G_GAN_ViT: 0.508 D_real_ViT: 0.158 D_fake_ViT: 0.127 global: 0.442 spatial: 0.099 
(epoch: 57, iters: 4372, time: 0.488, data: 0.001) G_GAN_ViT: 0.405 D_real_ViT: 0.169 D_fake_ViT: 0.170 global: 0.346 spatial: 0.071 
(epoch: 57, iters: 4472, time: 0.489, data: 0.001) G_GAN_ViT: 0.368 D_real_ViT: 0.187 D_fake_ViT: 0.215 global: 0.445 spatial: 0.086 
(epoch: 57, iters: 4572, time: 0.489, data: 0.001) G_GAN_ViT: 0.357 D_real_ViT: 0.235 D_fake_ViT: 0.200 global: 0.453 spatial: 0.096 
(epoch: 57, iters: 4672, time: 0.490, data: 0.001) G_GAN_ViT: 0.392 D_real_ViT: 0.111 D_fake_ViT: 0.186 global: 0.363 spatial: 0.065 
(epoch: 57, iters: 4772, time: 0.490, data: 0.001) G_GAN_ViT: 0.460 D_real_ViT: 0.222 D_fake_ViT: 0.143 global: 0.368 spatial: 0.078 
(epoch: 57, iters: 4872, time: 0.489, data: 0.001) G_GAN_ViT: 0.332 D_real_ViT: 0.316 D_fake_ViT: 0.213 global: 0.396 spatial: 0.065 
(epoch: 57, iters: 4972, time: 0.489, data: 0.002) G_GAN_ViT: 0.463 D_real_ViT: 0.171 D_fake_ViT: 0.160 global: 0.345 spatial: 0.078 
(epoch: 57, iters: 5072, time: 0.489, data: 0.002) G_GAN_ViT: 0.389 D_real_ViT: 0.204 D_fake_ViT: 0.181 global: 0.482 spatial: 0.098 
(epoch: 57, iters: 5172, time: 0.489, data: 0.001) G_GAN_ViT: 0.460 D_real_ViT: 0.245 D_fake_ViT: 0.146 global: 0.386 spatial: 0.078 
(epoch: 57, iters: 5272, time: 0.490, data: 0.002) G_GAN_ViT: 0.364 D_real_ViT: 0.257 D_fake_ViT: 0.200 global: 0.442 spatial: 0.083 
(epoch: 57, iters: 5372, time: 0.490, data: 0.001) G_GAN_ViT: 0.395 D_real_ViT: 0.182 D_fake_ViT: 0.182 global: 0.375 spatial: 0.079 
(epoch: 57, iters: 5472, time: 0.490, data: 0.001) G_GAN_ViT: 0.380 D_real_ViT: 0.266 D_fake_ViT: 0.178 global: 0.474 spatial: 0.090 
(epoch: 57, iters: 5572, time: 0.490, data: 0.001) G_GAN_ViT: 0.467 D_real_ViT: 0.088 D_fake_ViT: 0.141 global: 0.363 spatial: 0.077 
(epoch: 57, iters: 5672, time: 0.490, data: 0.001) G_GAN_ViT: 0.337 D_real_ViT: 0.187 D_fake_ViT: 0.211 global: 0.432 spatial: 0.072 
(epoch: 57, iters: 5772, time: 0.489, data: 0.001) G_GAN_ViT: 0.375 D_real_ViT: 0.250 D_fake_ViT: 0.198 global: 0.389 spatial: 0.083 
(epoch: 57, iters: 5872, time: 0.489, data: 0.001) G_GAN_ViT: 0.482 D_real_ViT: 0.313 D_fake_ViT: 0.132 global: 0.443 spatial: 0.097 
(epoch: 57, iters: 5972, time: 0.489, data: 0.001) G_GAN_ViT: 0.372 D_real_ViT: 0.146 D_fake_ViT: 0.200 global: 0.445 spatial: 0.084 
(epoch: 57, iters: 6072, time: 0.489, data: 0.001) G_GAN_ViT: 0.450 D_real_ViT: 0.202 D_fake_ViT: 0.141 global: 0.338 spatial: 0.073 
(epoch: 57, iters: 6172, time: 0.489, data: 0.002) G_GAN_ViT: 0.306 D_real_ViT: 0.165 D_fake_ViT: 0.254 global: 0.490 spatial: 0.100 
(epoch: 57, iters: 6272, time: 0.489, data: 0.001) G_GAN_ViT: 0.387 D_real_ViT: 0.138 D_fake_ViT: 0.190 global: 0.424 spatial: 0.083 
(epoch: 57, iters: 6372, time: 0.490, data: 0.001) G_GAN_ViT: 0.376 D_real_ViT: 0.193 D_fake_ViT: 0.204 global: 0.455 spatial: 0.109 
End of epoch 57 / 100 	 Time Taken: 3172 sec
learning rate = 0.0000084
(epoch: 58, iters: 9, time: 0.489, data: 0.002) G_GAN_ViT: 0.465 D_real_ViT: 0.027 D_fake_ViT: 0.142 global: 0.409 spatial: 0.080 
(epoch: 58, iters: 109, time: 0.490, data: 0.001) G_GAN_ViT: 0.489 D_real_ViT: 0.345 D_fake_ViT: 0.123 global: 0.355 spatial: 0.064 
(epoch: 58, iters: 209, time: 0.490, data: 0.001) G_GAN_ViT: 0.469 D_real_ViT: 0.134 D_fake_ViT: 0.137 global: 0.440 spatial: 0.094 
(epoch: 58, iters: 309, time: 0.490, data: 0.001) G_GAN_ViT: 0.345 D_real_ViT: 0.282 D_fake_ViT: 0.234 global: 0.438 spatial: 0.105 
(epoch: 58, iters: 409, time: 0.490, data: 0.001) G_GAN_ViT: 0.439 D_real_ViT: 0.276 D_fake_ViT: 0.142 global: 0.395 spatial: 0.089 
(epoch: 58, iters: 509, time: 0.490, data: 0.001) G_GAN_ViT: 0.348 D_real_ViT: 0.166 D_fake_ViT: 0.245 global: 0.504 spatial: 0.110 
(epoch: 58, iters: 609, time: 0.490, data: 0.001) G_GAN_ViT: 0.459 D_real_ViT: 0.191 D_fake_ViT: 0.145 global: 0.357 spatial: 0.070 
(epoch: 58, iters: 709, time: 0.490, data: 0.001) G_GAN_ViT: 0.448 D_real_ViT: 0.112 D_fake_ViT: 0.183 global: 0.465 spatial: 0.093 
(epoch: 58, iters: 809, time: 0.489, data: 0.001) G_GAN_ViT: 0.356 D_real_ViT: 0.284 D_fake_ViT: 0.205 global: 0.404 spatial: 0.077 
(epoch: 58, iters: 909, time: 0.490, data: 0.001) G_GAN_ViT: 0.399 D_real_ViT: 0.209 D_fake_ViT: 0.181 global: 0.433 spatial: 0.078 
(epoch: 58, iters: 1009, time: 0.490, data: 0.001) G_GAN_ViT: 0.314 D_real_ViT: 0.285 D_fake_ViT: 0.255 global: 0.351 spatial: 0.095 
(epoch: 58, iters: 1109, time: 0.490, data: 0.001) G_GAN_ViT: 0.392 D_real_ViT: 0.316 D_fake_ViT: 0.172 global: 0.413 spatial: 0.079 
(epoch: 58, iters: 1209, time: 0.489, data: 0.001) G_GAN_ViT: 0.311 D_real_ViT: 0.308 D_fake_ViT: 0.302 global: 0.365 spatial: 0.090 
(epoch: 58, iters: 1309, time: 0.490, data: 0.001) G_GAN_ViT: 0.256 D_real_ViT: 0.266 D_fake_ViT: 0.282 global: 0.406 spatial: 0.076 
(epoch: 58, iters: 1409, time: 0.489, data: 0.001) G_GAN_ViT: 0.409 D_real_ViT: 0.297 D_fake_ViT: 0.168 global: 0.336 spatial: 0.081 
(epoch: 58, iters: 1509, time: 0.489, data: 0.001) G_GAN_ViT: 0.332 D_real_ViT: 0.112 D_fake_ViT: 0.217 global: 0.408 spatial: 0.078 
(epoch: 58, iters: 1609, time: 0.490, data: 0.001) G_GAN_ViT: 0.561 D_real_ViT: 0.160 D_fake_ViT: 0.096 global: 0.409 spatial: 0.078 
saving the latest model (epoch 58, total_iters 370000)
ICL_single_traffic_hwy
(epoch: 58, iters: 1709, time: 0.490, data: 0.001) G_GAN_ViT: 0.380 D_real_ViT: 0.222 D_fake_ViT: 0.221 global: 0.373 spatial: 0.082 
(epoch: 58, iters: 1809, time: 0.490, data: 0.001) G_GAN_ViT: 0.297 D_real_ViT: 0.195 D_fake_ViT: 0.244 global: 0.481 spatial: 0.089 
(epoch: 58, iters: 1909, time: 0.490, data: 0.001) G_GAN_ViT: 0.480 D_real_ViT: 0.217 D_fake_ViT: 0.134 global: 0.296 spatial: 0.066 
(epoch: 58, iters: 2009, time: 0.490, data: 0.001) G_GAN_ViT: 0.279 D_real_ViT: 0.186 D_fake_ViT: 0.317 global: 0.445 spatial: 0.102 
(epoch: 58, iters: 2109, time: 0.490, data: 0.001) G_GAN_ViT: 0.342 D_real_ViT: 0.367 D_fake_ViT: 0.245 global: 0.405 spatial: 0.091 
(epoch: 58, iters: 2209, time: 0.490, data: 0.001) G_GAN_ViT: 0.310 D_real_ViT: 0.270 D_fake_ViT: 0.237 global: 0.418 spatial: 0.091 
(epoch: 58, iters: 2309, time: 0.490, data: 0.001) G_GAN_ViT: 0.408 D_real_ViT: 0.231 D_fake_ViT: 0.163 global: 0.323 spatial: 0.080 
(epoch: 58, iters: 2409, time: 0.489, data: 0.002) G_GAN_ViT: 0.311 D_real_ViT: 0.254 D_fake_ViT: 0.250 global: 0.259 spatial: 0.072 
(epoch: 58, iters: 2509, time: 0.490, data: 0.001) G_GAN_ViT: 0.300 D_real_ViT: 0.203 D_fake_ViT: 0.271 global: 0.400 spatial: 0.078 
(epoch: 58, iters: 2609, time: 0.490, data: 0.001) G_GAN_ViT: 0.432 D_real_ViT: 0.145 D_fake_ViT: 0.176 global: 0.469 spatial: 0.106 
(epoch: 58, iters: 2709, time: 0.489, data: 0.001) G_GAN_ViT: 0.413 D_real_ViT: 0.201 D_fake_ViT: 0.179 global: 0.415 spatial: 0.092 
(epoch: 58, iters: 2809, time: 0.489, data: 0.002) G_GAN_ViT: 0.419 D_real_ViT: 0.172 D_fake_ViT: 0.164 global: 0.448 spatial: 0.087 
(epoch: 58, iters: 2909, time: 0.489, data: 0.002) G_GAN_ViT: 0.354 D_real_ViT: 0.249 D_fake_ViT: 0.204 global: 0.405 spatial: 0.097 
(epoch: 58, iters: 3009, time: 0.488, data: 0.001) G_GAN_ViT: 0.408 D_real_ViT: 0.292 D_fake_ViT: 0.187 global: 0.497 spatial: 0.098 
(epoch: 58, iters: 3109, time: 0.489, data: 0.001) G_GAN_ViT: 0.413 D_real_ViT: 0.137 D_fake_ViT: 0.161 global: 0.384 spatial: 0.087 
(epoch: 58, iters: 3209, time: 0.489, data: 0.001) G_GAN_ViT: 0.475 D_real_ViT: 0.189 D_fake_ViT: 0.176 global: 0.410 spatial: 0.096 
(epoch: 58, iters: 3309, time: 0.489, data: 0.001) G_GAN_ViT: 0.288 D_real_ViT: 0.118 D_fake_ViT: 0.268 global: 0.517 spatial: 0.088 
(epoch: 58, iters: 3409, time: 0.490, data: 0.001) G_GAN_ViT: 0.398 D_real_ViT: 0.103 D_fake_ViT: 0.205 global: 0.438 spatial: 0.103 
(epoch: 58, iters: 3509, time: 0.489, data: 0.001) G_GAN_ViT: 0.309 D_real_ViT: 0.245 D_fake_ViT: 0.246 global: 0.517 spatial: 0.091 
(epoch: 58, iters: 3609, time: 0.489, data: 0.001) G_GAN_ViT: 0.387 D_real_ViT: 0.232 D_fake_ViT: 0.202 global: 0.400 spatial: 0.075 
(epoch: 58, iters: 3709, time: 0.489, data: 0.001) G_GAN_ViT: 0.375 D_real_ViT: 0.122 D_fake_ViT: 0.202 global: 0.488 spatial: 0.093 
(epoch: 58, iters: 3809, time: 0.489, data: 0.002) G_GAN_ViT: 0.473 D_real_ViT: 0.057 D_fake_ViT: 0.139 global: 0.406 spatial: 0.089 
(epoch: 58, iters: 3909, time: 0.489, data: 0.002) G_GAN_ViT: 0.417 D_real_ViT: 0.218 D_fake_ViT: 0.169 global: 0.378 spatial: 0.086 
(epoch: 58, iters: 4009, time: 0.489, data: 0.002) G_GAN_ViT: 0.367 D_real_ViT: 0.225 D_fake_ViT: 0.189 global: 0.447 spatial: 0.081 
(epoch: 58, iters: 4109, time: 0.489, data: 0.001) G_GAN_ViT: 0.411 D_real_ViT: 0.217 D_fake_ViT: 0.178 global: 0.378 spatial: 0.076 
(epoch: 58, iters: 4209, time: 0.489, data: 0.002) G_GAN_ViT: 0.492 D_real_ViT: 0.169 D_fake_ViT: 0.136 global: 0.401 spatial: 0.096 
(epoch: 58, iters: 4309, time: 0.489, data: 0.002) G_GAN_ViT: 0.535 D_real_ViT: 0.200 D_fake_ViT: 0.138 global: 0.410 spatial: 0.101 
(epoch: 58, iters: 4409, time: 0.490, data: 0.001) G_GAN_ViT: 0.420 D_real_ViT: 0.170 D_fake_ViT: 0.210 global: 0.444 spatial: 0.114 
(epoch: 58, iters: 4509, time: 0.490, data: 0.004) G_GAN_ViT: 0.335 D_real_ViT: 0.190 D_fake_ViT: 0.220 global: 0.422 spatial: 0.081 
(epoch: 58, iters: 4609, time: 0.489, data: 0.002) G_GAN_ViT: 0.324 D_real_ViT: 0.244 D_fake_ViT: 0.238 global: 0.438 spatial: 0.095 
(epoch: 58, iters: 4709, time: 0.489, data: 0.001) G_GAN_ViT: 0.436 D_real_ViT: 0.153 D_fake_ViT: 0.160 global: 0.285 spatial: 0.065 
(epoch: 58, iters: 4809, time: 0.488, data: 0.001) G_GAN_ViT: 0.211 D_real_ViT: 0.189 D_fake_ViT: 0.411 global: 0.377 spatial: 0.102 
(epoch: 58, iters: 4909, time: 0.488, data: 0.001) G_GAN_ViT: 0.333 D_real_ViT: 0.330 D_fake_ViT: 0.214 global: 0.416 spatial: 0.084 
(epoch: 58, iters: 5009, time: 0.488, data: 0.001) G_GAN_ViT: 0.406 D_real_ViT: 0.346 D_fake_ViT: 0.176 global: 0.287 spatial: 0.085 
(epoch: 58, iters: 5109, time: 0.488, data: 0.001) G_GAN_ViT: 0.392 D_real_ViT: 0.200 D_fake_ViT: 0.187 global: 0.393 spatial: 0.066 
(epoch: 58, iters: 5209, time: 0.488, data: 0.002) G_GAN_ViT: 0.434 D_real_ViT: 0.136 D_fake_ViT: 0.177 global: 0.443 spatial: 0.101 
(epoch: 58, iters: 5309, time: 0.488, data: 0.001) G_GAN_ViT: 0.306 D_real_ViT: 0.221 D_fake_ViT: 0.246 global: 0.378 spatial: 0.085 
(epoch: 58, iters: 5409, time: 0.488, data: 0.002) G_GAN_ViT: 0.271 D_real_ViT: 0.174 D_fake_ViT: 0.292 global: 0.456 spatial: 0.094 
(epoch: 58, iters: 5509, time: 0.488, data: 0.001) G_GAN_ViT: 0.276 D_real_ViT: 0.254 D_fake_ViT: 0.259 global: 0.498 spatial: 0.089 
(epoch: 58, iters: 5609, time: 0.488, data: 0.002) G_GAN_ViT: 0.334 D_real_ViT: 0.225 D_fake_ViT: 0.228 global: 0.374 spatial: 0.075 
(epoch: 58, iters: 5709, time: 0.488, data: 0.001) G_GAN_ViT: 0.352 D_real_ViT: 0.229 D_fake_ViT: 0.250 global: 0.406 spatial: 0.101 
(epoch: 58, iters: 5809, time: 0.487, data: 0.001) G_GAN_ViT: 0.429 D_real_ViT: 0.160 D_fake_ViT: 0.170 global: 0.415 spatial: 0.092 
(epoch: 58, iters: 5909, time: 0.488, data: 0.001) G_GAN_ViT: 0.253 D_real_ViT: 0.241 D_fake_ViT: 0.285 global: 0.490 spatial: 0.101 
(epoch: 58, iters: 6009, time: 0.488, data: 0.001) G_GAN_ViT: 0.457 D_real_ViT: 0.250 D_fake_ViT: 0.164 global: 0.475 spatial: 0.094 
(epoch: 58, iters: 6109, time: 0.488, data: 0.001) G_GAN_ViT: 0.468 D_real_ViT: 0.299 D_fake_ViT: 0.147 global: 0.527 spatial: 0.101 
(epoch: 58, iters: 6209, time: 0.488, data: 0.002) G_GAN_ViT: 0.324 D_real_ViT: 0.197 D_fake_ViT: 0.241 global: 0.440 spatial: 0.093 
(epoch: 58, iters: 6309, time: 0.488, data: 0.001) G_GAN_ViT: 0.364 D_real_ViT: 0.227 D_fake_ViT: 0.204 global: 0.365 spatial: 0.084 
(epoch: 58, iters: 6409, time: 0.488, data: 0.001) G_GAN_ViT: 0.216 D_real_ViT: 0.197 D_fake_ViT: 0.349 global: 0.315 spatial: 0.065 
End of epoch 58 / 100 	 Time Taken: 3171 sec
learning rate = 0.0000082
(epoch: 59, iters: 46, time: 0.489, data: 0.001) G_GAN_ViT: 0.279 D_real_ViT: 0.151 D_fake_ViT: 0.285 global: 0.387 spatial: 0.075 
(epoch: 59, iters: 146, time: 0.488, data: 0.001) G_GAN_ViT: 0.371 D_real_ViT: 0.253 D_fake_ViT: 0.192 global: 0.452 spatial: 0.077 
saving the latest model (epoch 59, total_iters 375000)
ICL_single_traffic_hwy
(epoch: 59, iters: 246, time: 0.489, data: 0.002) G_GAN_ViT: 0.360 D_real_ViT: 0.190 D_fake_ViT: 0.208 global: 0.473 spatial: 0.084 
(epoch: 59, iters: 346, time: 0.489, data: 0.001) G_GAN_ViT: 0.451 D_real_ViT: 0.333 D_fake_ViT: 0.137 global: 0.308 spatial: 0.078 
(epoch: 59, iters: 446, time: 0.489, data: 0.001) G_GAN_ViT: 0.306 D_real_ViT: 0.264 D_fake_ViT: 0.230 global: 0.408 spatial: 0.079 
(epoch: 59, iters: 546, time: 0.489, data: 0.001) G_GAN_ViT: 0.409 D_real_ViT: 0.211 D_fake_ViT: 0.171 global: 0.412 spatial: 0.079 
(epoch: 59, iters: 646, time: 0.489, data: 0.001) G_GAN_ViT: 0.288 D_real_ViT: 0.203 D_fake_ViT: 0.249 global: 0.387 spatial: 0.071 
(epoch: 59, iters: 746, time: 0.489, data: 0.001) G_GAN_ViT: 0.384 D_real_ViT: 0.174 D_fake_ViT: 0.183 global: 0.394 spatial: 0.079 
(epoch: 59, iters: 846, time: 0.488, data: 0.001) G_GAN_ViT: 0.334 D_real_ViT: 0.288 D_fake_ViT: 0.227 global: 0.381 spatial: 0.068 
(epoch: 59, iters: 946, time: 0.488, data: 0.001) G_GAN_ViT: 0.319 D_real_ViT: 0.291 D_fake_ViT: 0.240 global: 0.446 spatial: 0.098 
(epoch: 59, iters: 1046, time: 0.488, data: 0.001) G_GAN_ViT: 0.326 D_real_ViT: 0.225 D_fake_ViT: 0.241 global: 0.404 spatial: 0.089 
(epoch: 59, iters: 1146, time: 0.488, data: 0.001) G_GAN_ViT: 0.268 D_real_ViT: 0.385 D_fake_ViT: 0.272 global: 0.375 spatial: 0.082 
(epoch: 59, iters: 1246, time: 0.488, data: 0.001) G_GAN_ViT: 0.453 D_real_ViT: 0.246 D_fake_ViT: 0.152 global: 0.407 spatial: 0.093 
(epoch: 59, iters: 1346, time: 0.487, data: 0.001) G_GAN_ViT: 0.389 D_real_ViT: 0.187 D_fake_ViT: 0.183 global: 0.313 spatial: 0.090 
(epoch: 59, iters: 1446, time: 0.487, data: 0.001) G_GAN_ViT: 0.373 D_real_ViT: 0.174 D_fake_ViT: 0.194 global: 0.446 spatial: 0.084 
(epoch: 59, iters: 1546, time: 0.488, data: 0.001) G_GAN_ViT: 0.432 D_real_ViT: 0.293 D_fake_ViT: 0.152 global: 0.436 spatial: 0.081 
(epoch: 59, iters: 1646, time: 0.488, data: 0.001) G_GAN_ViT: 0.376 D_real_ViT: 0.272 D_fake_ViT: 0.186 global: 0.456 spatial: 0.083 
(epoch: 59, iters: 1746, time: 0.488, data: 0.001) G_GAN_ViT: 0.283 D_real_ViT: 0.221 D_fake_ViT: 0.271 global: 0.408 spatial: 0.077 
(epoch: 59, iters: 1846, time: 0.488, data: 0.002) G_GAN_ViT: 0.450 D_real_ViT: 0.288 D_fake_ViT: 0.157 global: 0.371 spatial: 0.079 
(epoch: 59, iters: 1946, time: 0.488, data: 0.001) G_GAN_ViT: 0.423 D_real_ViT: 0.300 D_fake_ViT: 0.184 global: 0.417 spatial: 0.097 
(epoch: 59, iters: 2046, time: 0.488, data: 0.001) G_GAN_ViT: 0.391 D_real_ViT: 0.140 D_fake_ViT: 0.184 global: 0.363 spatial: 0.095 
(epoch: 59, iters: 2146, time: 0.488, data: 0.001) G_GAN_ViT: 0.502 D_real_ViT: 0.217 D_fake_ViT: 0.136 global: 0.247 spatial: 0.071 
(epoch: 59, iters: 2246, time: 0.488, data: 0.001) G_GAN_ViT: 0.411 D_real_ViT: 0.196 D_fake_ViT: 0.173 global: 0.406 spatial: 0.105 
(epoch: 59, iters: 2346, time: 0.488, data: 0.001) G_GAN_ViT: 0.537 D_real_ViT: 0.250 D_fake_ViT: 0.146 global: 0.378 spatial: 0.108 
(epoch: 59, iters: 2446, time: 0.488, data: 0.001) G_GAN_ViT: 0.310 D_real_ViT: 0.254 D_fake_ViT: 0.242 global: 0.533 spatial: 0.105 
(epoch: 59, iters: 2546, time: 0.488, data: 0.002) G_GAN_ViT: 0.348 D_real_ViT: 0.291 D_fake_ViT: 0.253 global: 0.467 spatial: 0.117 
(epoch: 59, iters: 2646, time: 0.488, data: 0.001) G_GAN_ViT: 0.350 D_real_ViT: 0.243 D_fake_ViT: 0.228 global: 0.445 spatial: 0.075 
(epoch: 59, iters: 2746, time: 0.488, data: 0.001) G_GAN_ViT: 0.410 D_real_ViT: 0.110 D_fake_ViT: 0.171 global: 0.272 spatial: 0.066 
(epoch: 59, iters: 2846, time: 0.488, data: 0.001) G_GAN_ViT: 0.371 D_real_ViT: 0.091 D_fake_ViT: 0.197 global: 0.476 spatial: 0.082 
(epoch: 59, iters: 2946, time: 0.488, data: 0.002) G_GAN_ViT: 0.340 D_real_ViT: 0.255 D_fake_ViT: 0.210 global: 0.405 spatial: 0.085 
(epoch: 59, iters: 3046, time: 0.488, data: 0.001) G_GAN_ViT: 0.221 D_real_ViT: 0.173 D_fake_ViT: 0.348 global: 0.319 spatial: 0.083 
(epoch: 59, iters: 3146, time: 0.488, data: 0.001) G_GAN_ViT: 0.428 D_real_ViT: 0.205 D_fake_ViT: 0.154 global: 0.410 spatial: 0.073 
(epoch: 59, iters: 3246, time: 0.488, data: 0.001) G_GAN_ViT: 0.283 D_real_ViT: 0.357 D_fake_ViT: 0.261 global: 0.426 spatial: 0.083 
(epoch: 59, iters: 3346, time: 0.488, data: 0.001) G_GAN_ViT: 0.637 D_real_ViT: 0.189 D_fake_ViT: 0.089 global: 0.404 spatial: 0.089 
(epoch: 59, iters: 3446, time: 0.488, data: 0.001) G_GAN_ViT: 0.362 D_real_ViT: 0.158 D_fake_ViT: 0.224 global: 0.374 spatial: 0.081 
(epoch: 59, iters: 3546, time: 0.488, data: 0.001) G_GAN_ViT: 0.442 D_real_ViT: 0.335 D_fake_ViT: 0.150 global: 0.363 spatial: 0.071 
(epoch: 59, iters: 3646, time: 0.488, data: 0.001) G_GAN_ViT: 0.409 D_real_ViT: 0.275 D_fake_ViT: 0.182 global: 0.549 spatial: 0.100 
(epoch: 59, iters: 3746, time: 0.488, data: 0.001) G_GAN_ViT: 0.335 D_real_ViT: 0.262 D_fake_ViT: 0.255 global: 0.363 spatial: 0.086 
(epoch: 59, iters: 3846, time: 0.488, data: 0.001) G_GAN_ViT: 0.338 D_real_ViT: 0.071 D_fake_ViT: 0.248 global: 0.533 spatial: 0.090 
(epoch: 59, iters: 3946, time: 0.488, data: 0.001) G_GAN_ViT: 0.436 D_real_ViT: 0.309 D_fake_ViT: 0.168 global: 0.497 spatial: 0.094 
(epoch: 59, iters: 4046, time: 0.488, data: 0.001) G_GAN_ViT: 0.326 D_real_ViT: 0.299 D_fake_ViT: 0.211 global: 0.400 spatial: 0.070 
(epoch: 59, iters: 4146, time: 0.488, data: 0.001) G_GAN_ViT: 0.465 D_real_ViT: 0.119 D_fake_ViT: 0.162 global: 0.337 spatial: 0.094 
(epoch: 59, iters: 4246, time: 0.487, data: 0.001) G_GAN_ViT: 0.278 D_real_ViT: 0.229 D_fake_ViT: 0.255 global: 0.434 spatial: 0.072 
(epoch: 59, iters: 4346, time: 0.488, data: 0.001) G_GAN_ViT: 0.437 D_real_ViT: 0.197 D_fake_ViT: 0.165 global: 0.371 spatial: 0.081 
(epoch: 59, iters: 4446, time: 0.488, data: 0.001) G_GAN_ViT: 0.471 D_real_ViT: 0.150 D_fake_ViT: 0.149 global: 0.296 spatial: 0.073 
(epoch: 59, iters: 4546, time: 0.488, data: 0.001) G_GAN_ViT: 0.522 D_real_ViT: 0.215 D_fake_ViT: 0.109 global: 0.429 spatial: 0.088 
(epoch: 59, iters: 4646, time: 0.488, data: 0.001) G_GAN_ViT: 0.401 D_real_ViT: 0.171 D_fake_ViT: 0.173 global: 0.436 spatial: 0.084 
(epoch: 59, iters: 4746, time: 0.488, data: 0.002) G_GAN_ViT: 0.314 D_real_ViT: 0.394 D_fake_ViT: 0.219 global: 0.401 spatial: 0.079 
(epoch: 59, iters: 4846, time: 0.488, data: 0.001) G_GAN_ViT: 0.295 D_real_ViT: 0.296 D_fake_ViT: 0.243 global: 0.426 spatial: 0.075 
(epoch: 59, iters: 4946, time: 0.488, data: 0.001) G_GAN_ViT: 0.338 D_real_ViT: 0.081 D_fake_ViT: 0.272 global: 0.511 spatial: 0.104 
(epoch: 59, iters: 5046, time: 0.488, data: 0.001) G_GAN_ViT: 0.358 D_real_ViT: 0.067 D_fake_ViT: 0.221 global: 0.460 spatial: 0.104 
(epoch: 59, iters: 5146, time: 0.488, data: 0.001) G_GAN_ViT: 0.400 D_real_ViT: 0.090 D_fake_ViT: 0.177 global: 0.373 spatial: 0.070 
saving the latest model (epoch 59, total_iters 380000)
ICL_single_traffic_hwy
(epoch: 59, iters: 5246, time: 0.488, data: 0.001) G_GAN_ViT: 0.397 D_real_ViT: 0.203 D_fake_ViT: 0.201 global: 0.486 spatial: 0.095 
(epoch: 59, iters: 5346, time: 0.488, data: 0.001) G_GAN_ViT: 0.345 D_real_ViT: 0.337 D_fake_ViT: 0.216 global: 0.443 spatial: 0.083 
(epoch: 59, iters: 5446, time: 0.488, data: 0.001) G_GAN_ViT: 0.330 D_real_ViT: 0.328 D_fake_ViT: 0.214 global: 0.303 spatial: 0.070 
(epoch: 59, iters: 5546, time: 0.488, data: 0.001) G_GAN_ViT: 0.462 D_real_ViT: 0.237 D_fake_ViT: 0.154 global: 0.457 spatial: 0.093 
(epoch: 59, iters: 5646, time: 0.488, data: 0.001) G_GAN_ViT: 0.354 D_real_ViT: 0.255 D_fake_ViT: 0.251 global: 0.418 spatial: 0.090 
(epoch: 59, iters: 5746, time: 0.488, data: 0.001) G_GAN_ViT: 0.453 D_real_ViT: 0.320 D_fake_ViT: 0.142 global: 0.281 spatial: 0.062 
(epoch: 59, iters: 5846, time: 0.488, data: 0.002) G_GAN_ViT: 0.339 D_real_ViT: 0.203 D_fake_ViT: 0.212 global: 0.450 spatial: 0.077 
(epoch: 59, iters: 5946, time: 0.488, data: 0.001) G_GAN_ViT: 0.260 D_real_ViT: 0.201 D_fake_ViT: 0.301 global: 0.392 spatial: 0.084 
(epoch: 59, iters: 6046, time: 0.488, data: 0.001) G_GAN_ViT: 0.402 D_real_ViT: 0.142 D_fake_ViT: 0.166 global: 0.380 spatial: 0.080 
(epoch: 59, iters: 6146, time: 0.488, data: 0.001) G_GAN_ViT: 0.301 D_real_ViT: 0.382 D_fake_ViT: 0.254 global: 0.391 spatial: 0.075 
(epoch: 59, iters: 6246, time: 0.488, data: 0.001) G_GAN_ViT: 0.504 D_real_ViT: 0.257 D_fake_ViT: 0.113 global: 0.326 spatial: 0.077 
(epoch: 59, iters: 6346, time: 0.487, data: 0.002) G_GAN_ViT: 0.390 D_real_ViT: 0.267 D_fake_ViT: 0.201 global: 0.524 spatial: 0.093 
(epoch: 59, iters: 6446, time: 0.487, data: 0.002) G_GAN_ViT: 0.375 D_real_ViT: 0.296 D_fake_ViT: 0.178 global: 0.303 spatial: 0.062 
End of epoch 59 / 100 	 Time Taken: 3164 sec
learning rate = 0.0000080
(epoch: 60, iters: 83, time: 0.487, data: 0.001) G_GAN_ViT: 0.480 D_real_ViT: 0.103 D_fake_ViT: 0.144 global: 0.380 spatial: 0.090 
(epoch: 60, iters: 183, time: 0.487, data: 0.001) G_GAN_ViT: 0.233 D_real_ViT: 0.117 D_fake_ViT: 0.360 global: 0.412 spatial: 0.103 
(epoch: 60, iters: 283, time: 0.488, data: 0.002) G_GAN_ViT: 0.306 D_real_ViT: 0.260 D_fake_ViT: 0.268 global: 0.379 spatial: 0.085 
(epoch: 60, iters: 383, time: 0.488, data: 0.001) G_GAN_ViT: 0.404 D_real_ViT: 0.306 D_fake_ViT: 0.162 global: 0.325 spatial: 0.071 
(epoch: 60, iters: 483, time: 0.488, data: 0.001) G_GAN_ViT: 0.428 D_real_ViT: 0.274 D_fake_ViT: 0.164 global: 0.425 spatial: 0.079 
(epoch: 60, iters: 583, time: 0.488, data: 0.001) G_GAN_ViT: 0.378 D_real_ViT: 0.155 D_fake_ViT: 0.206 global: 0.434 spatial: 0.086 
(epoch: 60, iters: 683, time: 0.488, data: 0.001) G_GAN_ViT: 0.419 D_real_ViT: 0.141 D_fake_ViT: 0.166 global: 0.326 spatial: 0.072 
(epoch: 60, iters: 783, time: 0.488, data: 0.001) G_GAN_ViT: 0.447 D_real_ViT: 0.269 D_fake_ViT: 0.156 global: 0.359 spatial: 0.088 
(epoch: 60, iters: 883, time: 0.486, data: 0.001) G_GAN_ViT: 0.485 D_real_ViT: 0.214 D_fake_ViT: 0.135 global: 0.450 spatial: 0.087 
(epoch: 60, iters: 983, time: 0.487, data: 0.001) G_GAN_ViT: 0.388 D_real_ViT: 0.173 D_fake_ViT: 0.212 global: 0.446 spatial: 0.105 
(epoch: 60, iters: 1083, time: 0.487, data: 0.001) G_GAN_ViT: 0.405 D_real_ViT: 0.329 D_fake_ViT: 0.178 global: 0.331 spatial: 0.086 
(epoch: 60, iters: 1183, time: 0.487, data: 0.001) G_GAN_ViT: 0.423 D_real_ViT: 0.220 D_fake_ViT: 0.179 global: 0.489 spatial: 0.096 
(epoch: 60, iters: 1283, time: 0.488, data: 0.001) G_GAN_ViT: 0.339 D_real_ViT: 0.312 D_fake_ViT: 0.226 global: 0.468 spatial: 0.090 
(epoch: 60, iters: 1383, time: 0.487, data: 0.001) G_GAN_ViT: 0.264 D_real_ViT: 0.126 D_fake_ViT: 0.277 global: 0.405 spatial: 0.079 
(epoch: 60, iters: 1483, time: 0.488, data: 0.001) G_GAN_ViT: 0.414 D_real_ViT: 0.246 D_fake_ViT: 0.179 global: 0.441 spatial: 0.096 
(epoch: 60, iters: 1583, time: 0.488, data: 0.001) G_GAN_ViT: 0.392 D_real_ViT: 0.133 D_fake_ViT: 0.175 global: 0.349 spatial: 0.064 
(epoch: 60, iters: 1683, time: 0.488, data: 0.001) G_GAN_ViT: 0.363 D_real_ViT: 0.211 D_fake_ViT: 0.203 global: 0.316 spatial: 0.069 
(epoch: 60, iters: 1783, time: 0.488, data: 0.001) G_GAN_ViT: 0.368 D_real_ViT: 0.238 D_fake_ViT: 0.195 global: 0.518 spatial: 0.097 
(epoch: 60, iters: 1883, time: 0.488, data: 0.001) G_GAN_ViT: 0.199 D_real_ViT: 0.174 D_fake_ViT: 0.370 global: 0.424 spatial: 0.076 
(epoch: 60, iters: 1983, time: 0.488, data: 0.002) G_GAN_ViT: 0.329 D_real_ViT: 0.317 D_fake_ViT: 0.214 global: 0.386 spatial: 0.070 
(epoch: 60, iters: 2083, time: 0.488, data: 0.001) G_GAN_ViT: 0.437 D_real_ViT: 0.303 D_fake_ViT: 0.150 global: 0.263 spatial: 0.069 
(epoch: 60, iters: 2183, time: 0.489, data: 0.001) G_GAN_ViT: 0.256 D_real_ViT: 0.205 D_fake_ViT: 0.298 global: 0.429 spatial: 0.084 
(epoch: 60, iters: 2283, time: 0.488, data: 0.001) G_GAN_ViT: 0.342 D_real_ViT: 0.291 D_fake_ViT: 0.209 global: 0.414 spatial: 0.072 
(epoch: 60, iters: 2383, time: 0.488, data: 0.001) G_GAN_ViT: 0.408 D_real_ViT: 0.219 D_fake_ViT: 0.206 global: 0.379 spatial: 0.093 
(epoch: 60, iters: 2483, time: 0.488, data: 0.001) G_GAN_ViT: 0.493 D_real_ViT: 0.186 D_fake_ViT: 0.127 global: 0.368 spatial: 0.080 
(epoch: 60, iters: 2583, time: 0.488, data: 0.001) G_GAN_ViT: 0.363 D_real_ViT: 0.137 D_fake_ViT: 0.204 global: 0.367 spatial: 0.081 
(epoch: 60, iters: 2683, time: 0.488, data: 0.002) G_GAN_ViT: 0.320 D_real_ViT: 0.181 D_fake_ViT: 0.235 global: 0.506 spatial: 0.084 
(epoch: 60, iters: 2783, time: 0.487, data: 0.001) G_GAN_ViT: 0.450 D_real_ViT: 0.246 D_fake_ViT: 0.140 global: 0.414 spatial: 0.080 
(epoch: 60, iters: 2883, time: 0.487, data: 0.001) G_GAN_ViT: 0.344 D_real_ViT: 0.145 D_fake_ViT: 0.230 global: 0.346 spatial: 0.063 
(epoch: 60, iters: 2983, time: 0.487, data: 0.001) G_GAN_ViT: 0.381 D_real_ViT: 0.251 D_fake_ViT: 0.215 global: 0.309 spatial: 0.090 
(epoch: 60, iters: 3083, time: 0.488, data: 0.001) G_GAN_ViT: 0.395 D_real_ViT: 0.160 D_fake_ViT: 0.192 global: 0.408 spatial: 0.090 
(epoch: 60, iters: 3183, time: 0.488, data: 0.001) G_GAN_ViT: 0.224 D_real_ViT: 0.112 D_fake_ViT: 0.327 global: 0.491 spatial: 0.078 
(epoch: 60, iters: 3283, time: 0.488, data: 0.001) G_GAN_ViT: 0.481 D_real_ViT: 0.268 D_fake_ViT: 0.147 global: 0.490 spatial: 0.087 
(epoch: 60, iters: 3383, time: 0.488, data: 0.001) G_GAN_ViT: 0.247 D_real_ViT: 0.319 D_fake_ViT: 0.285 global: 0.389 spatial: 0.071 
(epoch: 60, iters: 3483, time: 0.488, data: 0.001) G_GAN_ViT: 0.315 D_real_ViT: 0.210 D_fake_ViT: 0.235 global: 0.446 spatial: 0.069 
(epoch: 60, iters: 3583, time: 0.488, data: 0.001) G_GAN_ViT: 0.410 D_real_ViT: 0.193 D_fake_ViT: 0.174 global: 0.492 spatial: 0.096 
(epoch: 60, iters: 3683, time: 0.488, data: 0.002) G_GAN_ViT: 0.268 D_real_ViT: 0.102 D_fake_ViT: 0.270 global: 0.449 spatial: 0.086 
saving the latest model (epoch 60, total_iters 385000)
ICL_single_traffic_hwy
(epoch: 60, iters: 3783, time: 0.488, data: 0.001) G_GAN_ViT: 0.392 D_real_ViT: 0.205 D_fake_ViT: 0.191 global: 0.479 spatial: 0.102 
(epoch: 60, iters: 3883, time: 0.488, data: 0.001) G_GAN_ViT: 0.378 D_real_ViT: 0.306 D_fake_ViT: 0.202 global: 0.362 spatial: 0.079 
(epoch: 60, iters: 3983, time: 0.488, data: 0.001) G_GAN_ViT: 0.356 D_real_ViT: 0.240 D_fake_ViT: 0.190 global: 0.362 spatial: 0.078 
(epoch: 60, iters: 4083, time: 0.488, data: 0.001) G_GAN_ViT: 0.420 D_real_ViT: 0.386 D_fake_ViT: 0.172 global: 0.307 spatial: 0.072 
(epoch: 60, iters: 4183, time: 0.488, data: 0.001) G_GAN_ViT: 0.511 D_real_ViT: 0.108 D_fake_ViT: 0.114 global: 0.351 spatial: 0.055 
(epoch: 60, iters: 4283, time: 0.488, data: 0.002) G_GAN_ViT: 0.333 D_real_ViT: 0.239 D_fake_ViT: 0.205 global: 0.463 spatial: 0.087 
(epoch: 60, iters: 4383, time: 0.488, data: 0.001) G_GAN_ViT: 0.313 D_real_ViT: 0.273 D_fake_ViT: 0.247 global: 0.503 spatial: 0.103 
(epoch: 60, iters: 4483, time: 0.488, data: 0.001) G_GAN_ViT: 0.315 D_real_ViT: 0.264 D_fake_ViT: 0.242 global: 0.493 spatial: 0.093 
(epoch: 60, iters: 4583, time: 0.488, data: 0.001) G_GAN_ViT: 0.316 D_real_ViT: 0.230 D_fake_ViT: 0.227 global: 0.404 spatial: 0.079 
(epoch: 60, iters: 4683, time: 0.488, data: 0.001) G_GAN_ViT: 0.287 D_real_ViT: 0.227 D_fake_ViT: 0.276 global: 0.450 spatial: 0.098 
(epoch: 60, iters: 4783, time: 0.488, data: 0.001) G_GAN_ViT: 0.293 D_real_ViT: 0.128 D_fake_ViT: 0.244 global: 0.452 spatial: 0.088 
(epoch: 60, iters: 4883, time: 0.487, data: 0.001) G_GAN_ViT: 0.360 D_real_ViT: 0.209 D_fake_ViT: 0.193 global: 0.361 spatial: 0.079 
(epoch: 60, iters: 4983, time: 0.487, data: 0.001) G_GAN_ViT: 0.477 D_real_ViT: 0.159 D_fake_ViT: 0.138 global: 0.372 spatial: 0.093 
(epoch: 60, iters: 5083, time: 0.487, data: 0.002) G_GAN_ViT: 0.351 D_real_ViT: 0.229 D_fake_ViT: 0.228 global: 0.558 spatial: 0.107 
(epoch: 60, iters: 5183, time: 0.486, data: 0.001) G_GAN_ViT: 0.372 D_real_ViT: 0.274 D_fake_ViT: 0.189 global: 0.435 spatial: 0.083 
(epoch: 60, iters: 5283, time: 0.486, data: 0.001) G_GAN_ViT: 0.352 D_real_ViT: 0.302 D_fake_ViT: 0.207 global: 0.496 spatial: 0.100 
(epoch: 60, iters: 5383, time: 0.487, data: 0.002) G_GAN_ViT: 0.417 D_real_ViT: 0.275 D_fake_ViT: 0.166 global: 0.389 spatial: 0.077 
(epoch: 60, iters: 5483, time: 0.487, data: 0.001) G_GAN_ViT: 0.429 D_real_ViT: 0.128 D_fake_ViT: 0.155 global: 0.443 spatial: 0.080 
(epoch: 60, iters: 5583, time: 0.487, data: 0.001) G_GAN_ViT: 0.386 D_real_ViT: 0.172 D_fake_ViT: 0.199 global: 0.498 spatial: 0.094 
(epoch: 60, iters: 5683, time: 0.488, data: 0.001) G_GAN_ViT: 0.408 D_real_ViT: 0.207 D_fake_ViT: 0.161 global: 0.385 spatial: 0.080 
(epoch: 60, iters: 5783, time: 0.488, data: 0.002) G_GAN_ViT: 0.446 D_real_ViT: 0.307 D_fake_ViT: 0.155 global: 0.375 spatial: 0.083 
(epoch: 60, iters: 5883, time: 0.488, data: 0.001) G_GAN_ViT: 0.247 D_real_ViT: 0.093 D_fake_ViT: 0.343 global: 0.386 spatial: 0.104 
(epoch: 60, iters: 5983, time: 0.487, data: 0.001) G_GAN_ViT: 0.253 D_real_ViT: 0.165 D_fake_ViT: 0.331 global: 0.321 spatial: 0.083 
(epoch: 60, iters: 6083, time: 0.487, data: 0.001) G_GAN_ViT: 0.340 D_real_ViT: 0.210 D_fake_ViT: 0.218 global: 0.507 spatial: 0.098 
(epoch: 60, iters: 6183, time: 0.487, data: 0.001) G_GAN_ViT: 0.466 D_real_ViT: 0.222 D_fake_ViT: 0.134 global: 0.432 spatial: 0.089 
(epoch: 60, iters: 6283, time: 0.487, data: 0.001) G_GAN_ViT: 0.371 D_real_ViT: 0.301 D_fake_ViT: 0.227 global: 0.324 spatial: 0.085 
(epoch: 60, iters: 6383, time: 0.487, data: 0.002) G_GAN_ViT: 0.358 D_real_ViT: 0.229 D_fake_ViT: 0.214 global: 0.430 spatial: 0.087 
saving the model at the end of epoch 60, iters 387780
End of epoch 60 / 100 	 Time Taken: 3163 sec
learning rate = 0.0000078
(epoch: 61, iters: 20, time: 0.487, data: 0.001) G_GAN_ViT: 0.267 D_real_ViT: 0.258 D_fake_ViT: 0.292 global: 0.530 spatial: 0.101 
(epoch: 61, iters: 120, time: 0.487, data: 0.001) G_GAN_ViT: 0.318 D_real_ViT: 0.063 D_fake_ViT: 0.245 global: 0.445 spatial: 0.080 
(epoch: 61, iters: 220, time: 0.487, data: 0.001) G_GAN_ViT: 0.423 D_real_ViT: 0.219 D_fake_ViT: 0.169 global: 0.336 spatial: 0.074 
(epoch: 61, iters: 320, time: 0.487, data: 0.001) G_GAN_ViT: 0.245 D_real_ViT: 0.376 D_fake_ViT: 0.308 global: 0.409 spatial: 0.071 
(epoch: 61, iters: 420, time: 0.486, data: 0.001) G_GAN_ViT: 0.407 D_real_ViT: 0.243 D_fake_ViT: 0.155 global: 0.442 spatial: 0.073 
(epoch: 61, iters: 520, time: 0.486, data: 0.001) G_GAN_ViT: 0.297 D_real_ViT: 0.296 D_fake_ViT: 0.235 global: 0.384 spatial: 0.069 
(epoch: 61, iters: 620, time: 0.487, data: 0.001) G_GAN_ViT: 0.376 D_real_ViT: 0.230 D_fake_ViT: 0.185 global: 0.335 spatial: 0.090 
(epoch: 61, iters: 720, time: 0.487, data: 0.002) G_GAN_ViT: 0.279 D_real_ViT: 0.208 D_fake_ViT: 0.261 global: 0.442 spatial: 0.067 
(epoch: 61, iters: 820, time: 0.487, data: 0.001) G_GAN_ViT: 0.285 D_real_ViT: 0.236 D_fake_ViT: 0.279 global: 0.436 spatial: 0.086 
(epoch: 61, iters: 920, time: 0.487, data: 0.001) G_GAN_ViT: 0.469 D_real_ViT: 0.102 D_fake_ViT: 0.138 global: 0.431 spatial: 0.092 
(epoch: 61, iters: 1020, time: 0.487, data: 0.001) G_GAN_ViT: 0.443 D_real_ViT: 0.242 D_fake_ViT: 0.147 global: 0.375 spatial: 0.080 
(epoch: 61, iters: 1120, time: 0.485, data: 0.002) G_GAN_ViT: 0.362 D_real_ViT: 0.367 D_fake_ViT: 0.183 global: 0.282 spatial: 0.064 
(epoch: 61, iters: 1220, time: 0.485, data: 0.001) G_GAN_ViT: 0.290 D_real_ViT: 0.079 D_fake_ViT: 0.265 global: 0.382 spatial: 0.073 
(epoch: 61, iters: 1320, time: 0.486, data: 0.001) G_GAN_ViT: 0.338 D_real_ViT: 0.184 D_fake_ViT: 0.227 global: 0.458 spatial: 0.085 
(epoch: 61, iters: 1420, time: 0.486, data: 0.001) G_GAN_ViT: 0.452 D_real_ViT: 0.102 D_fake_ViT: 0.159 global: 0.339 spatial: 0.070 
(epoch: 61, iters: 1520, time: 0.487, data: 0.001) G_GAN_ViT: 0.443 D_real_ViT: 0.231 D_fake_ViT: 0.159 global: 0.439 spatial: 0.094 
(epoch: 61, iters: 1620, time: 0.487, data: 0.001) G_GAN_ViT: 0.370 D_real_ViT: 0.316 D_fake_ViT: 0.206 global: 0.252 spatial: 0.076 
(epoch: 61, iters: 1720, time: 0.486, data: 0.002) G_GAN_ViT: 0.461 D_real_ViT: 0.089 D_fake_ViT: 0.138 global: 0.317 spatial: 0.068 
(epoch: 61, iters: 1820, time: 0.486, data: 0.001) G_GAN_ViT: 0.391 D_real_ViT: 0.185 D_fake_ViT: 0.213 global: 0.408 spatial: 0.109 
(epoch: 61, iters: 1920, time: 0.487, data: 0.002) G_GAN_ViT: 0.284 D_real_ViT: 0.135 D_fake_ViT: 0.264 global: 0.481 spatial: 0.080 
(epoch: 61, iters: 2020, time: 0.487, data: 0.001) G_GAN_ViT: 0.254 D_real_ViT: 0.208 D_fake_ViT: 0.340 global: 0.365 spatial: 0.102 
(epoch: 61, iters: 2120, time: 0.486, data: 0.001) G_GAN_ViT: 0.242 D_real_ViT: 0.209 D_fake_ViT: 0.304 global: 0.326 spatial: 0.064 
(epoch: 61, iters: 2220, time: 0.486, data: 0.002) G_GAN_ViT: 0.492 D_real_ViT: 0.291 D_fake_ViT: 0.121 global: 0.439 spatial: 0.082 
saving the latest model (epoch 61, total_iters 390000)
ICL_single_traffic_hwy
(epoch: 61, iters: 2320, time: 0.486, data: 0.002) G_GAN_ViT: 0.411 D_real_ViT: 0.177 D_fake_ViT: 0.178 global: 0.344 spatial: 0.071 
(epoch: 61, iters: 2420, time: 0.487, data: 0.001) G_GAN_ViT: 0.409 D_real_ViT: 0.210 D_fake_ViT: 0.171 global: 0.349 spatial: 0.079 
(epoch: 61, iters: 2520, time: 0.487, data: 0.002) G_GAN_ViT: 0.414 D_real_ViT: 0.203 D_fake_ViT: 0.182 global: 0.473 spatial: 0.092 
(epoch: 61, iters: 2620, time: 0.487, data: 0.001) G_GAN_ViT: 0.421 D_real_ViT: 0.220 D_fake_ViT: 0.164 global: 0.406 spatial: 0.084 
(epoch: 61, iters: 2720, time: 0.487, data: 0.002) G_GAN_ViT: 0.451 D_real_ViT: 0.197 D_fake_ViT: 0.140 global: 0.415 spatial: 0.084 
(epoch: 61, iters: 2820, time: 0.487, data: 0.001) G_GAN_ViT: 0.425 D_real_ViT: 0.278 D_fake_ViT: 0.153 global: 0.332 spatial: 0.071 
(epoch: 61, iters: 2920, time: 0.487, data: 0.001) G_GAN_ViT: 0.433 D_real_ViT: 0.199 D_fake_ViT: 0.164 global: 0.392 spatial: 0.076 
(epoch: 61, iters: 3020, time: 0.487, data: 0.001) G_GAN_ViT: 0.361 D_real_ViT: 0.250 D_fake_ViT: 0.192 global: 0.289 spatial: 0.063 
(epoch: 61, iters: 3120, time: 0.487, data: 0.002) G_GAN_ViT: 0.345 D_real_ViT: 0.322 D_fake_ViT: 0.249 global: 0.426 spatial: 0.104 
(epoch: 61, iters: 3220, time: 0.487, data: 0.002) G_GAN_ViT: 0.270 D_real_ViT: 0.161 D_fake_ViT: 0.276 global: 0.397 spatial: 0.079 
(epoch: 61, iters: 3320, time: 0.487, data: 0.001) G_GAN_ViT: 0.406 D_real_ViT: 0.070 D_fake_ViT: 0.173 global: 0.393 spatial: 0.081 
(epoch: 61, iters: 3420, time: 0.487, data: 0.002) G_GAN_ViT: 0.284 D_real_ViT: 0.238 D_fake_ViT: 0.275 global: 0.459 spatial: 0.086 
(epoch: 61, iters: 3520, time: 0.486, data: 0.002) G_GAN_ViT: 0.397 D_real_ViT: 0.148 D_fake_ViT: 0.171 global: 0.332 spatial: 0.073 
(epoch: 61, iters: 3620, time: 0.487, data: 0.002) G_GAN_ViT: 0.421 D_real_ViT: 0.145 D_fake_ViT: 0.160 global: 0.446 spatial: 0.081 
(epoch: 61, iters: 3720, time: 0.487, data: 0.002) G_GAN_ViT: 0.342 D_real_ViT: 0.209 D_fake_ViT: 0.214 global: 0.439 spatial: 0.090 
(epoch: 61, iters: 3820, time: 0.487, data: 0.001) G_GAN_ViT: 0.404 D_real_ViT: 0.175 D_fake_ViT: 0.166 global: 0.442 spatial: 0.084 
(epoch: 61, iters: 3920, time: 0.487, data: 0.001) G_GAN_ViT: 0.447 D_real_ViT: 0.197 D_fake_ViT: 0.148 global: 0.450 spatial: 0.087 
(epoch: 61, iters: 4020, time: 0.487, data: 0.002) G_GAN_ViT: 0.247 D_real_ViT: 0.351 D_fake_ViT: 0.296 global: 0.340 spatial: 0.071 
(epoch: 61, iters: 4120, time: 0.487, data: 0.001) G_GAN_ViT: 0.477 D_real_ViT: 0.234 D_fake_ViT: 0.122 global: 0.327 spatial: 0.076 
(epoch: 61, iters: 4220, time: 0.487, data: 0.001) G_GAN_ViT: 0.419 D_real_ViT: 0.164 D_fake_ViT: 0.168 global: 0.401 spatial: 0.081 
(epoch: 61, iters: 4320, time: 0.487, data: 0.001) G_GAN_ViT: 0.412 D_real_ViT: 0.223 D_fake_ViT: 0.189 global: 0.412 spatial: 0.103 
(epoch: 61, iters: 4420, time: 0.486, data: 0.001) G_GAN_ViT: 0.426 D_real_ViT: 0.252 D_fake_ViT: 0.166 global: 0.341 spatial: 0.078 
(epoch: 61, iters: 4520, time: 0.487, data: 0.002) G_GAN_ViT: 0.502 D_real_ViT: 0.170 D_fake_ViT: 0.161 global: 0.419 spatial: 0.111 
(epoch: 61, iters: 4620, time: 0.486, data: 0.002) G_GAN_ViT: 0.430 D_real_ViT: 0.311 D_fake_ViT: 0.152 global: 0.394 spatial: 0.091 
(epoch: 61, iters: 4720, time: 0.486, data: 0.001) G_GAN_ViT: 0.310 D_real_ViT: 0.122 D_fake_ViT: 0.251 global: 0.489 spatial: 0.085 
(epoch: 61, iters: 4820, time: 0.486, data: 0.001) G_GAN_ViT: 0.408 D_real_ViT: 0.100 D_fake_ViT: 0.167 global: 0.348 spatial: 0.060 
(epoch: 61, iters: 4920, time: 0.487, data: 0.002) G_GAN_ViT: 0.379 D_real_ViT: 0.081 D_fake_ViT: 0.180 global: 0.344 spatial: 0.067 
(epoch: 61, iters: 5020, time: 0.487, data: 0.001) G_GAN_ViT: 0.389 D_real_ViT: 0.193 D_fake_ViT: 0.201 global: 0.458 spatial: 0.099 
(epoch: 61, iters: 5120, time: 0.487, data: 0.001) G_GAN_ViT: 0.303 D_real_ViT: 0.198 D_fake_ViT: 0.244 global: 0.457 spatial: 0.089 
(epoch: 61, iters: 5220, time: 0.487, data: 0.002) G_GAN_ViT: 0.243 D_real_ViT: 0.156 D_fake_ViT: 0.331 global: 0.407 spatial: 0.103 
(epoch: 61, iters: 5320, time: 0.487, data: 0.002) G_GAN_ViT: 0.304 D_real_ViT: 0.185 D_fake_ViT: 0.264 global: 0.409 spatial: 0.105 
(epoch: 61, iters: 5420, time: 0.487, data: 0.001) G_GAN_ViT: 0.211 D_real_ViT: 0.219 D_fake_ViT: 0.344 global: 0.403 spatial: 0.082 
(epoch: 61, iters: 5520, time: 0.487, data: 0.001) G_GAN_ViT: 0.375 D_real_ViT: 0.306 D_fake_ViT: 0.175 global: 0.365 spatial: 0.066 
(epoch: 61, iters: 5620, time: 0.487, data: 0.001) G_GAN_ViT: 0.470 D_real_ViT: 0.328 D_fake_ViT: 0.149 global: 0.406 spatial: 0.090 
(epoch: 61, iters: 5720, time: 0.487, data: 0.001) G_GAN_ViT: 0.204 D_real_ViT: 0.326 D_fake_ViT: 0.386 global: 0.390 spatial: 0.089 
(epoch: 61, iters: 5820, time: 0.486, data: 0.002) G_GAN_ViT: 0.265 D_real_ViT: 0.155 D_fake_ViT: 0.283 global: 0.382 spatial: 0.078 
(epoch: 61, iters: 5920, time: 0.487, data: 0.001) G_GAN_ViT: 0.442 D_real_ViT: 0.180 D_fake_ViT: 0.140 global: 0.301 spatial: 0.064 
(epoch: 61, iters: 6020, time: 0.487, data: 0.001) G_GAN_ViT: 0.380 D_real_ViT: 0.161 D_fake_ViT: 0.184 global: 0.317 spatial: 0.057 
(epoch: 61, iters: 6120, time: 0.487, data: 0.001) G_GAN_ViT: 0.268 D_real_ViT: 0.098 D_fake_ViT: 0.284 global: 0.451 spatial: 0.077 
(epoch: 61, iters: 6220, time: 0.487, data: 0.001) G_GAN_ViT: 0.418 D_real_ViT: 0.285 D_fake_ViT: 0.157 global: 0.344 spatial: 0.075 
(epoch: 61, iters: 6320, time: 0.487, data: 0.001) G_GAN_ViT: 0.451 D_real_ViT: 0.288 D_fake_ViT: 0.147 global: 0.273 spatial: 0.055 
(epoch: 61, iters: 6420, time: 0.487, data: 0.002) G_GAN_ViT: 0.393 D_real_ViT: 0.125 D_fake_ViT: 0.174 global: 0.396 spatial: 0.078 
End of epoch 61 / 100 	 Time Taken: 3156 sec
learning rate = 0.0000076
(epoch: 62, iters: 57, time: 0.487, data: 0.002) G_GAN_ViT: 0.324 D_real_ViT: 0.112 D_fake_ViT: 0.244 global: 0.464 spatial: 0.092 
(epoch: 62, iters: 157, time: 0.487, data: 0.001) G_GAN_ViT: 0.297 D_real_ViT: 0.251 D_fake_ViT: 0.261 global: 0.444 spatial: 0.093 
(epoch: 62, iters: 257, time: 0.487, data: 0.001) G_GAN_ViT: 0.365 D_real_ViT: 0.173 D_fake_ViT: 0.184 global: 0.443 spatial: 0.103 
(epoch: 62, iters: 357, time: 0.487, data: 0.002) G_GAN_ViT: 0.405 D_real_ViT: 0.331 D_fake_ViT: 0.167 global: 0.373 spatial: 0.078 
(epoch: 62, iters: 457, time: 0.487, data: 0.001) G_GAN_ViT: 0.379 D_real_ViT: 0.233 D_fake_ViT: 0.177 global: 0.376 spatial: 0.071 
(epoch: 62, iters: 557, time: 0.488, data: 0.002) G_GAN_ViT: 0.305 D_real_ViT: 0.154 D_fake_ViT: 0.281 global: 0.430 spatial: 0.096 
(epoch: 62, iters: 657, time: 0.487, data: 0.001) G_GAN_ViT: 0.263 D_real_ViT: 0.189 D_fake_ViT: 0.272 global: 0.381 spatial: 0.073 
(epoch: 62, iters: 757, time: 0.487, data: 0.002) G_GAN_ViT: 0.277 D_real_ViT: 0.261 D_fake_ViT: 0.267 global: 0.510 spatial: 0.095 
saving the latest model (epoch 62, total_iters 395000)
ICL_single_traffic_hwy
(epoch: 62, iters: 857, time: 0.487, data: 0.002) G_GAN_ViT: 0.502 D_real_ViT: 0.364 D_fake_ViT: 0.116 global: 0.407 spatial: 0.093 
(epoch: 62, iters: 957, time: 0.487, data: 0.002) G_GAN_ViT: 0.490 D_real_ViT: 0.141 D_fake_ViT: 0.138 global: 0.308 spatial: 0.071 
(epoch: 62, iters: 1057, time: 0.487, data: 0.002) G_GAN_ViT: 0.329 D_real_ViT: 0.151 D_fake_ViT: 0.224 global: 0.450 spatial: 0.088 
(epoch: 62, iters: 1157, time: 0.487, data: 0.001) G_GAN_ViT: 0.321 D_real_ViT: 0.112 D_fake_ViT: 0.259 global: 0.501 spatial: 0.111 
(epoch: 62, iters: 1257, time: 0.486, data: 0.002) G_GAN_ViT: 0.374 D_real_ViT: 0.221 D_fake_ViT: 0.199 global: 0.436 spatial: 0.082 
(epoch: 62, iters: 1357, time: 0.487, data: 0.001) G_GAN_ViT: 0.388 D_real_ViT: 0.181 D_fake_ViT: 0.196 global: 0.379 spatial: 0.093 
(epoch: 62, iters: 1457, time: 0.486, data: 0.001) G_GAN_ViT: 0.425 D_real_ViT: 0.156 D_fake_ViT: 0.158 global: 0.328 spatial: 0.066 
(epoch: 62, iters: 1557, time: 0.487, data: 0.001) G_GAN_ViT: 0.335 D_real_ViT: 0.262 D_fake_ViT: 0.209 global: 0.366 spatial: 0.089 
(epoch: 62, iters: 1657, time: 0.487, data: 0.002) G_GAN_ViT: 0.358 D_real_ViT: 0.296 D_fake_ViT: 0.202 global: 0.440 spatial: 0.081 
(epoch: 62, iters: 1757, time: 0.487, data: 0.001) G_GAN_ViT: 0.465 D_real_ViT: 0.261 D_fake_ViT: 0.132 global: 0.357 spatial: 0.083 
(epoch: 62, iters: 1857, time: 0.487, data: 0.001) G_GAN_ViT: 0.382 D_real_ViT: 0.320 D_fake_ViT: 0.181 global: 0.418 spatial: 0.091 
(epoch: 62, iters: 1957, time: 0.486, data: 0.001) G_GAN_ViT: 0.383 D_real_ViT: 0.258 D_fake_ViT: 0.181 global: 0.359 spatial: 0.077 
(epoch: 62, iters: 2057, time: 0.486, data: 0.001) G_GAN_ViT: 0.386 D_real_ViT: 0.178 D_fake_ViT: 0.200 global: 0.390 spatial: 0.069 
(epoch: 62, iters: 2157, time: 0.486, data: 0.001) G_GAN_ViT: 0.373 D_real_ViT: 0.235 D_fake_ViT: 0.188 global: 0.434 spatial: 0.089 
(epoch: 62, iters: 2257, time: 0.486, data: 0.001) G_GAN_ViT: 0.277 D_real_ViT: 0.127 D_fake_ViT: 0.275 global: 0.320 spatial: 0.072 
(epoch: 62, iters: 2357, time: 0.486, data: 0.002) G_GAN_ViT: 0.486 D_real_ViT: 0.262 D_fake_ViT: 0.127 global: 0.268 spatial: 0.054 
(epoch: 62, iters: 2457, time: 0.487, data: 0.001) G_GAN_ViT: 0.458 D_real_ViT: 0.048 D_fake_ViT: 0.155 global: 0.333 spatial: 0.083 
(epoch: 62, iters: 2557, time: 0.487, data: 0.002) G_GAN_ViT: 0.419 D_real_ViT: 0.204 D_fake_ViT: 0.160 global: 0.366 spatial: 0.068 
(epoch: 62, iters: 2657, time: 0.487, data: 0.001) G_GAN_ViT: 0.365 D_real_ViT: 0.335 D_fake_ViT: 0.239 global: 0.378 spatial: 0.098 
(epoch: 62, iters: 2757, time: 0.487, data: 0.001) G_GAN_ViT: 0.367 D_real_ViT: 0.207 D_fake_ViT: 0.250 global: 0.447 spatial: 0.098 
(epoch: 62, iters: 2857, time: 0.487, data: 0.001) G_GAN_ViT: 0.399 D_real_ViT: 0.283 D_fake_ViT: 0.177 global: 0.289 spatial: 0.067 
(epoch: 62, iters: 2957, time: 0.487, data: 0.002) G_GAN_ViT: 0.277 D_real_ViT: 0.150 D_fake_ViT: 0.291 global: 0.409 spatial: 0.080 
(epoch: 62, iters: 3057, time: 0.487, data: 0.001) G_GAN_ViT: 0.354 D_real_ViT: 0.115 D_fake_ViT: 0.204 global: 0.397 spatial: 0.079 
(epoch: 62, iters: 3157, time: 0.486, data: 0.001) G_GAN_ViT: 0.389 D_real_ViT: 0.247 D_fake_ViT: 0.171 global: 0.350 spatial: 0.082 
(epoch: 62, iters: 3257, time: 0.486, data: 0.001) G_GAN_ViT: 0.427 D_real_ViT: 0.371 D_fake_ViT: 0.155 global: 0.431 spatial: 0.085 
(epoch: 62, iters: 3357, time: 0.485, data: 0.001) G_GAN_ViT: 0.437 D_real_ViT: 0.075 D_fake_ViT: 0.145 global: 0.362 spatial: 0.085 
(epoch: 62, iters: 3457, time: 0.485, data: 0.003) G_GAN_ViT: 0.376 D_real_ViT: 0.212 D_fake_ViT: 0.180 global: 0.421 spatial: 0.078 
(epoch: 62, iters: 3557, time: 0.485, data: 0.001) G_GAN_ViT: 0.355 D_real_ViT: 0.257 D_fake_ViT: 0.210 global: 0.328 spatial: 0.070 
(epoch: 62, iters: 3657, time: 0.485, data: 0.002) G_GAN_ViT: 0.392 D_real_ViT: 0.158 D_fake_ViT: 0.212 global: 0.433 spatial: 0.098 
(epoch: 62, iters: 3757, time: 0.485, data: 0.002) G_GAN_ViT: 0.390 D_real_ViT: 0.317 D_fake_ViT: 0.169 global: 0.438 spatial: 0.087 
(epoch: 62, iters: 3857, time: 0.486, data: 0.002) G_GAN_ViT: 0.302 D_real_ViT: 0.308 D_fake_ViT: 0.253 global: 0.489 spatial: 0.074 
(epoch: 62, iters: 3957, time: 0.486, data: 0.002) G_GAN_ViT: 0.429 D_real_ViT: 0.300 D_fake_ViT: 0.152 global: 0.393 spatial: 0.076 
(epoch: 62, iters: 4057, time: 0.486, data: 0.002) G_GAN_ViT: 0.373 D_real_ViT: 0.245 D_fake_ViT: 0.184 global: 0.375 spatial: 0.078 
(epoch: 62, iters: 4157, time: 0.486, data: 0.002) G_GAN_ViT: 0.410 D_real_ViT: 0.166 D_fake_ViT: 0.161 global: 0.353 spatial: 0.088 
(epoch: 62, iters: 4257, time: 0.486, data: 0.001) G_GAN_ViT: 0.315 D_real_ViT: 0.187 D_fake_ViT: 0.226 global: 0.435 spatial: 0.081 
(epoch: 62, iters: 4357, time: 0.486, data: 0.002) G_GAN_ViT: 0.370 D_real_ViT: 0.079 D_fake_ViT: 0.229 global: 0.352 spatial: 0.086 
(epoch: 62, iters: 4457, time: 0.487, data: 0.002) G_GAN_ViT: 0.381 D_real_ViT: 0.298 D_fake_ViT: 0.193 global: 0.441 spatial: 0.091 
(epoch: 62, iters: 4557, time: 0.487, data: 0.001) G_GAN_ViT: 0.357 D_real_ViT: 0.160 D_fake_ViT: 0.223 global: 0.487 spatial: 0.095 
(epoch: 62, iters: 4657, time: 0.487, data: 0.001) G_GAN_ViT: 0.411 D_real_ViT: 0.275 D_fake_ViT: 0.165 global: 0.338 spatial: 0.081 
(epoch: 62, iters: 4757, time: 0.486, data: 0.002) G_GAN_ViT: 0.335 D_real_ViT: 0.023 D_fake_ViT: 0.240 global: 0.407 spatial: 0.070 
(epoch: 62, iters: 4857, time: 0.486, data: 0.001) G_GAN_ViT: 0.344 D_real_ViT: 0.211 D_fake_ViT: 0.216 global: 0.271 spatial: 0.060 
(epoch: 62, iters: 4957, time: 0.487, data: 0.001) G_GAN_ViT: 0.494 D_real_ViT: 0.301 D_fake_ViT: 0.126 global: 0.444 spatial: 0.084 
(epoch: 62, iters: 5057, time: 0.487, data: 0.001) G_GAN_ViT: 0.391 D_real_ViT: 0.362 D_fake_ViT: 0.180 global: 0.444 spatial: 0.077 
(epoch: 62, iters: 5157, time: 0.487, data: 0.001) G_GAN_ViT: 0.503 D_real_ViT: 0.090 D_fake_ViT: 0.114 global: 0.443 spatial: 0.077 
(epoch: 62, iters: 5257, time: 0.487, data: 0.002) G_GAN_ViT: 0.405 D_real_ViT: 0.233 D_fake_ViT: 0.199 global: 0.394 spatial: 0.095 
(epoch: 62, iters: 5357, time: 0.487, data: 0.001) G_GAN_ViT: 0.296 D_real_ViT: 0.103 D_fake_ViT: 0.270 global: 0.423 spatial: 0.091 
(epoch: 62, iters: 5457, time: 0.487, data: 0.001) G_GAN_ViT: 0.342 D_real_ViT: 0.293 D_fake_ViT: 0.218 global: 0.486 spatial: 0.093 
(epoch: 62, iters: 5557, time: 0.487, data: 0.001) G_GAN_ViT: 0.363 D_real_ViT: 0.326 D_fake_ViT: 0.197 global: 0.313 spatial: 0.078 
(epoch: 62, iters: 5657, time: 0.487, data: 0.001) G_GAN_ViT: 0.403 D_real_ViT: 0.189 D_fake_ViT: 0.171 global: 0.435 spatial: 0.083 
(epoch: 62, iters: 5757, time: 0.487, data: 0.001) G_GAN_ViT: 0.395 D_real_ViT: 0.254 D_fake_ViT: 0.175 global: 0.335 spatial: 0.077 
saving the latest model (epoch 62, total_iters 400000)
ICL_single_traffic_hwy
(epoch: 62, iters: 5857, time: 0.487, data: 0.001) G_GAN_ViT: 0.327 D_real_ViT: 0.118 D_fake_ViT: 0.227 global: 0.397 spatial: 0.078 
(epoch: 62, iters: 5957, time: 0.487, data: 0.001) G_GAN_ViT: 0.362 D_real_ViT: 0.062 D_fake_ViT: 0.199 global: 0.335 spatial: 0.079 
(epoch: 62, iters: 6057, time: 0.487, data: 0.005) G_GAN_ViT: 0.317 D_real_ViT: 0.228 D_fake_ViT: 0.242 global: 0.463 spatial: 0.088 
(epoch: 62, iters: 6157, time: 0.487, data: 0.001) G_GAN_ViT: 0.335 D_real_ViT: 0.277 D_fake_ViT: 0.227 global: 0.450 spatial: 0.098 
(epoch: 62, iters: 6257, time: 0.487, data: 0.001) G_GAN_ViT: 0.348 D_real_ViT: 0.221 D_fake_ViT: 0.218 global: 0.339 spatial: 0.086 
(epoch: 62, iters: 6357, time: 0.487, data: 0.001) G_GAN_ViT: 0.226 D_real_ViT: 0.204 D_fake_ViT: 0.333 global: 0.305 spatial: 0.074 
(epoch: 62, iters: 6457, time: 0.487, data: 0.002) G_GAN_ViT: 0.406 D_real_ViT: 0.236 D_fake_ViT: 0.165 global: 0.329 spatial: 0.071 
End of epoch 62 / 100 	 Time Taken: 3157 sec
learning rate = 0.0000075
(epoch: 63, iters: 94, time: 0.487, data: 0.001) G_GAN_ViT: 0.318 D_real_ViT: 0.270 D_fake_ViT: 0.248 global: 0.365 spatial: 0.067 
(epoch: 63, iters: 194, time: 0.487, data: 0.001) G_GAN_ViT: 0.262 D_real_ViT: 0.141 D_fake_ViT: 0.332 global: 0.448 spatial: 0.104 
(epoch: 63, iters: 294, time: 0.487, data: 0.001) G_GAN_ViT: 0.408 D_real_ViT: 0.225 D_fake_ViT: 0.181 global: 0.343 spatial: 0.068 
(epoch: 63, iters: 394, time: 0.487, data: 0.001) G_GAN_ViT: 0.314 D_real_ViT: 0.145 D_fake_ViT: 0.241 global: 0.425 spatial: 0.078 
(epoch: 63, iters: 494, time: 0.487, data: 0.002) G_GAN_ViT: 0.437 D_real_ViT: 0.250 D_fake_ViT: 0.164 global: 0.517 spatial: 0.086 
(epoch: 63, iters: 594, time: 0.486, data: 0.001) G_GAN_ViT: 0.321 D_real_ViT: 0.370 D_fake_ViT: 0.220 global: 0.489 spatial: 0.081 
(epoch: 63, iters: 694, time: 0.487, data: 0.001) G_GAN_ViT: 0.458 D_real_ViT: 0.274 D_fake_ViT: 0.138 global: 0.351 spatial: 0.080 
(epoch: 63, iters: 794, time: 0.487, data: 0.002) G_GAN_ViT: 0.353 D_real_ViT: 0.272 D_fake_ViT: 0.207 global: 0.474 spatial: 0.092 
(epoch: 63, iters: 894, time: 0.487, data: 0.001) G_GAN_ViT: 0.409 D_real_ViT: 0.093 D_fake_ViT: 0.176 global: 0.307 spatial: 0.070 
(epoch: 63, iters: 994, time: 0.487, data: 0.001) G_GAN_ViT: 0.428 D_real_ViT: 0.174 D_fake_ViT: 0.159 global: 0.380 spatial: 0.077 
(epoch: 63, iters: 1094, time: 0.488, data: 0.001) G_GAN_ViT: 0.258 D_real_ViT: 0.200 D_fake_ViT: 0.276 global: 0.443 spatial: 0.079 
(epoch: 63, iters: 1194, time: 0.488, data: 0.001) G_GAN_ViT: 0.250 D_real_ViT: 0.312 D_fake_ViT: 0.286 global: 0.411 spatial: 0.088 
(epoch: 63, iters: 1294, time: 0.489, data: 0.002) G_GAN_ViT: 0.425 D_real_ViT: 0.283 D_fake_ViT: 0.146 global: 0.386 spatial: 0.087 
(epoch: 63, iters: 1394, time: 0.489, data: 0.002) G_GAN_ViT: 0.377 D_real_ViT: 0.351 D_fake_ViT: 0.176 global: 0.375 spatial: 0.084 
(epoch: 63, iters: 1494, time: 0.489, data: 0.001) G_GAN_ViT: 0.351 D_real_ViT: 0.279 D_fake_ViT: 0.222 global: 0.416 spatial: 0.094 
(epoch: 63, iters: 1594, time: 0.489, data: 0.002) G_GAN_ViT: 0.285 D_real_ViT: 0.248 D_fake_ViT: 0.259 global: 0.370 spatial: 0.072 
(epoch: 63, iters: 1694, time: 0.489, data: 0.001) G_GAN_ViT: 0.450 D_real_ViT: 0.239 D_fake_ViT: 0.138 global: 0.289 spatial: 0.071 
(epoch: 63, iters: 1794, time: 0.488, data: 0.001) G_GAN_ViT: 0.376 D_real_ViT: 0.173 D_fake_ViT: 0.190 global: 0.435 spatial: 0.100 
(epoch: 63, iters: 1894, time: 0.488, data: 0.001) G_GAN_ViT: 0.391 D_real_ViT: 0.232 D_fake_ViT: 0.192 global: 0.373 spatial: 0.088 
(epoch: 63, iters: 1994, time: 0.488, data: 0.002) G_GAN_ViT: 0.318 D_real_ViT: 0.243 D_fake_ViT: 0.226 global: 0.481 spatial: 0.089 
(epoch: 63, iters: 2094, time: 0.489, data: 0.001) G_GAN_ViT: 0.484 D_real_ViT: 0.156 D_fake_ViT: 0.130 global: 0.393 spatial: 0.062 
(epoch: 63, iters: 2194, time: 0.489, data: 0.001) G_GAN_ViT: 0.438 D_real_ViT: 0.253 D_fake_ViT: 0.194 global: 0.357 spatial: 0.105 
(epoch: 63, iters: 2294, time: 0.488, data: 0.001) G_GAN_ViT: 0.392 D_real_ViT: 0.298 D_fake_ViT: 0.174 global: 0.373 spatial: 0.086 
(epoch: 63, iters: 2394, time: 0.488, data: 0.001) G_GAN_ViT: 0.272 D_real_ViT: 0.325 D_fake_ViT: 0.262 global: 0.517 spatial: 0.096 
(epoch: 63, iters: 2494, time: 0.488, data: 0.002) G_GAN_ViT: 0.405 D_real_ViT: 0.189 D_fake_ViT: 0.165 global: 0.335 spatial: 0.085 
(epoch: 63, iters: 2594, time: 0.488, data: 0.001) G_GAN_ViT: 0.443 D_real_ViT: 0.302 D_fake_ViT: 0.166 global: 0.269 spatial: 0.072 
(epoch: 63, iters: 2694, time: 0.488, data: 0.002) G_GAN_ViT: 0.396 D_real_ViT: 0.166 D_fake_ViT: 0.178 global: 0.338 spatial: 0.069 
(epoch: 63, iters: 2794, time: 0.489, data: 0.001) G_GAN_ViT: 0.283 D_real_ViT: 0.203 D_fake_ViT: 0.264 global: 0.425 spatial: 0.086 
(epoch: 63, iters: 2894, time: 0.489, data: 0.001) G_GAN_ViT: 0.274 D_real_ViT: 0.225 D_fake_ViT: 0.271 global: 0.403 spatial: 0.086 
(epoch: 63, iters: 2994, time: 0.489, data: 0.001) G_GAN_ViT: 0.438 D_real_ViT: 0.071 D_fake_ViT: 0.147 global: 0.339 spatial: 0.072 
(epoch: 63, iters: 3094, time: 0.489, data: 0.002) G_GAN_ViT: 0.428 D_real_ViT: 0.170 D_fake_ViT: 0.158 global: 0.347 spatial: 0.069 
(epoch: 63, iters: 3194, time: 0.489, data: 0.002) G_GAN_ViT: 0.350 D_real_ViT: 0.240 D_fake_ViT: 0.200 global: 0.365 spatial: 0.079 
(epoch: 63, iters: 3294, time: 0.488, data: 0.001) G_GAN_ViT: 0.368 D_real_ViT: 0.106 D_fake_ViT: 0.209 global: 0.243 spatial: 0.069 
(epoch: 63, iters: 3394, time: 0.488, data: 0.001) G_GAN_ViT: 0.358 D_real_ViT: 0.239 D_fake_ViT: 0.199 global: 0.311 spatial: 0.068 
(epoch: 63, iters: 3494, time: 0.488, data: 0.002) G_GAN_ViT: 0.353 D_real_ViT: 0.122 D_fake_ViT: 0.226 global: 0.489 spatial: 0.093 
(epoch: 63, iters: 3594, time: 0.488, data: 0.001) G_GAN_ViT: 0.319 D_real_ViT: 0.246 D_fake_ViT: 0.245 global: 0.370 spatial: 0.085 
(epoch: 63, iters: 3694, time: 0.488, data: 0.001) G_GAN_ViT: 0.297 D_real_ViT: 0.242 D_fake_ViT: 0.262 global: 0.337 spatial: 0.070 
(epoch: 63, iters: 3794, time: 0.488, data: 0.001) G_GAN_ViT: 0.277 D_real_ViT: 0.165 D_fake_ViT: 0.273 global: 0.403 spatial: 0.081 
(epoch: 63, iters: 3894, time: 0.489, data: 0.001) G_GAN_ViT: 0.444 D_real_ViT: 0.165 D_fake_ViT: 0.143 global: 0.431 spatial: 0.083 
(epoch: 63, iters: 3994, time: 0.489, data: 0.001) G_GAN_ViT: 0.377 D_real_ViT: 0.165 D_fake_ViT: 0.204 global: 0.463 spatial: 0.084 
(epoch: 63, iters: 4094, time: 0.488, data: 0.002) G_GAN_ViT: 0.419 D_real_ViT: 0.243 D_fake_ViT: 0.156 global: 0.391 spatial: 0.070 
(epoch: 63, iters: 4194, time: 0.488, data: 0.001) G_GAN_ViT: 0.352 D_real_ViT: 0.272 D_fake_ViT: 0.208 global: 0.371 spatial: 0.073 
(epoch: 63, iters: 4294, time: 0.488, data: 0.002) G_GAN_ViT: 0.299 D_real_ViT: 0.286 D_fake_ViT: 0.243 global: 0.406 spatial: 0.089 
saving the latest model (epoch 63, total_iters 405000)
ICL_single_traffic_hwy
(epoch: 63, iters: 4394, time: 0.488, data: 0.001) G_GAN_ViT: 0.385 D_real_ViT: 0.254 D_fake_ViT: 0.180 global: 0.367 spatial: 0.073 
(epoch: 63, iters: 4494, time: 0.488, data: 0.001) G_GAN_ViT: 0.376 D_real_ViT: 0.177 D_fake_ViT: 0.187 global: 0.414 spatial: 0.093 
(epoch: 63, iters: 4594, time: 0.488, data: 0.002) G_GAN_ViT: 0.381 D_real_ViT: 0.304 D_fake_ViT: 0.180 global: 0.472 spatial: 0.090 
(epoch: 63, iters: 4694, time: 0.489, data: 0.001) G_GAN_ViT: 0.371 D_real_ViT: 0.196 D_fake_ViT: 0.189 global: 0.452 spatial: 0.089 
(epoch: 63, iters: 4794, time: 0.489, data: 0.001) G_GAN_ViT: 0.505 D_real_ViT: 0.118 D_fake_ViT: 0.137 global: 0.465 spatial: 0.091 
(epoch: 63, iters: 4894, time: 0.488, data: 0.001) G_GAN_ViT: 0.375 D_real_ViT: 0.242 D_fake_ViT: 0.189 global: 0.410 spatial: 0.084 
(epoch: 63, iters: 4994, time: 0.488, data: 0.001) G_GAN_ViT: 0.359 D_real_ViT: 0.220 D_fake_ViT: 0.220 global: 0.421 spatial: 0.089 
(epoch: 63, iters: 5094, time: 0.488, data: 0.002) G_GAN_ViT: 0.288 D_real_ViT: 0.354 D_fake_ViT: 0.266 global: 0.458 spatial: 0.091 
(epoch: 63, iters: 5194, time: 0.488, data: 0.001) G_GAN_ViT: 0.406 D_real_ViT: 0.270 D_fake_ViT: 0.206 global: 0.352 spatial: 0.083 
(epoch: 63, iters: 5294, time: 0.488, data: 0.001) G_GAN_ViT: 0.283 D_real_ViT: 0.178 D_fake_ViT: 0.251 global: 0.376 spatial: 0.075 
(epoch: 63, iters: 5394, time: 0.489, data: 0.002) G_GAN_ViT: 0.272 D_real_ViT: 0.222 D_fake_ViT: 0.271 global: 0.490 spatial: 0.088 
(epoch: 63, iters: 5494, time: 0.488, data: 0.002) G_GAN_ViT: 0.378 D_real_ViT: 0.232 D_fake_ViT: 0.179 global: 0.309 spatial: 0.073 
(epoch: 63, iters: 5594, time: 0.487, data: 0.001) G_GAN_ViT: 0.291 D_real_ViT: 0.238 D_fake_ViT: 0.299 global: 0.295 spatial: 0.084 
(epoch: 63, iters: 5694, time: 0.488, data: 0.002) G_GAN_ViT: 0.435 D_real_ViT: 0.197 D_fake_ViT: 0.163 global: 0.464 spatial: 0.088 
(epoch: 63, iters: 5794, time: 0.488, data: 0.001) G_GAN_ViT: 0.322 D_real_ViT: 0.197 D_fake_ViT: 0.229 global: 0.499 spatial: 0.090 
(epoch: 63, iters: 5894, time: 0.489, data: 0.002) G_GAN_ViT: 0.460 D_real_ViT: 0.131 D_fake_ViT: 0.152 global: 0.321 spatial: 0.074 
(epoch: 63, iters: 5994, time: 0.489, data: 0.002) G_GAN_ViT: 0.415 D_real_ViT: 0.250 D_fake_ViT: 0.172 global: 0.278 spatial: 0.064 
(epoch: 63, iters: 6094, time: 0.489, data: 0.001) G_GAN_ViT: 0.476 D_real_ViT: 0.195 D_fake_ViT: 0.134 global: 0.388 spatial: 0.085 
(epoch: 63, iters: 6194, time: 0.488, data: 0.001) G_GAN_ViT: 0.283 D_real_ViT: 0.267 D_fake_ViT: 0.261 global: 0.461 spatial: 0.090 
(epoch: 63, iters: 6294, time: 0.488, data: 0.001) G_GAN_ViT: 0.256 D_real_ViT: 0.172 D_fake_ViT: 0.286 global: 0.420 spatial: 0.081 
(epoch: 63, iters: 6394, time: 0.488, data: 0.002) G_GAN_ViT: 0.399 D_real_ViT: 0.228 D_fake_ViT: 0.170 global: 0.376 spatial: 0.076 
End of epoch 63 / 100 	 Time Taken: 3166 sec
learning rate = 0.0000073
(epoch: 64, iters: 31, time: 0.488, data: 0.001) G_GAN_ViT: 0.299 D_real_ViT: 0.160 D_fake_ViT: 0.241 global: 0.387 spatial: 0.063 
(epoch: 64, iters: 131, time: 0.489, data: 0.001) G_GAN_ViT: 0.425 D_real_ViT: 0.242 D_fake_ViT: 0.148 global: 0.376 spatial: 0.071 
(epoch: 64, iters: 231, time: 0.489, data: 0.001) G_GAN_ViT: 0.262 D_real_ViT: 0.226 D_fake_ViT: 0.282 global: 0.390 spatial: 0.079 
(epoch: 64, iters: 331, time: 0.489, data: 0.001) G_GAN_ViT: 0.294 D_real_ViT: 0.227 D_fake_ViT: 0.274 global: 0.355 spatial: 0.076 
(epoch: 64, iters: 431, time: 0.488, data: 0.001) G_GAN_ViT: 0.361 D_real_ViT: 0.206 D_fake_ViT: 0.195 global: 0.371 spatial: 0.083 
(epoch: 64, iters: 531, time: 0.487, data: 0.001) G_GAN_ViT: 0.283 D_real_ViT: 0.248 D_fake_ViT: 0.256 global: 0.410 spatial: 0.073 
(epoch: 64, iters: 631, time: 0.488, data: 0.002) G_GAN_ViT: 0.419 D_real_ViT: 0.123 D_fake_ViT: 0.164 global: 0.261 spatial: 0.074 
(epoch: 64, iters: 731, time: 0.488, data: 0.001) G_GAN_ViT: 0.360 D_real_ViT: 0.175 D_fake_ViT: 0.194 global: 0.286 spatial: 0.074 
(epoch: 64, iters: 831, time: 0.488, data: 0.002) G_GAN_ViT: 0.417 D_real_ViT: 0.152 D_fake_ViT: 0.153 global: 0.388 spatial: 0.089 
(epoch: 64, iters: 931, time: 0.488, data: 0.002) G_GAN_ViT: 0.298 D_real_ViT: 0.154 D_fake_ViT: 0.238 global: 0.403 spatial: 0.075 
(epoch: 64, iters: 1031, time: 0.488, data: 0.002) G_GAN_ViT: 0.443 D_real_ViT: 0.271 D_fake_ViT: 0.188 global: 0.386 spatial: 0.102 
(epoch: 64, iters: 1131, time: 0.488, data: 0.002) G_GAN_ViT: 0.494 D_real_ViT: 0.148 D_fake_ViT: 0.119 global: 0.303 spatial: 0.064 
(epoch: 64, iters: 1231, time: 0.489, data: 0.001) G_GAN_ViT: 0.431 D_real_ViT: 0.317 D_fake_ViT: 0.150 global: 0.425 spatial: 0.082 
(epoch: 64, iters: 1331, time: 0.488, data: 0.002) G_GAN_ViT: 0.319 D_real_ViT: 0.288 D_fake_ViT: 0.250 global: 0.402 spatial: 0.089 
(epoch: 64, iters: 1431, time: 0.488, data: 0.002) G_GAN_ViT: 0.379 D_real_ViT: 0.217 D_fake_ViT: 0.196 global: 0.267 spatial: 0.073 
(epoch: 64, iters: 1531, time: 0.488, data: 0.001) G_GAN_ViT: 0.421 D_real_ViT: 0.154 D_fake_ViT: 0.155 global: 0.381 spatial: 0.071 
(epoch: 64, iters: 1631, time: 0.488, data: 0.001) G_GAN_ViT: 0.354 D_real_ViT: 0.112 D_fake_ViT: 0.200 global: 0.493 spatial: 0.093 
(epoch: 64, iters: 1731, time: 0.488, data: 0.001) G_GAN_ViT: 0.309 D_real_ViT: 0.227 D_fake_ViT: 0.238 global: 0.394 spatial: 0.082 
(epoch: 64, iters: 1831, time: 0.488, data: 0.001) G_GAN_ViT: 0.356 D_real_ViT: 0.243 D_fake_ViT: 0.220 global: 0.446 spatial: 0.087 
(epoch: 64, iters: 1931, time: 0.488, data: 0.005) G_GAN_ViT: 0.279 D_real_ViT: 0.193 D_fake_ViT: 0.271 global: 0.381 spatial: 0.084 
(epoch: 64, iters: 2031, time: 0.488, data: 0.002) G_GAN_ViT: 0.340 D_real_ViT: 0.322 D_fake_ViT: 0.210 global: 0.428 spatial: 0.096 
(epoch: 64, iters: 2131, time: 0.488, data: 0.001) G_GAN_ViT: 0.358 D_real_ViT: 0.281 D_fake_ViT: 0.198 global: 0.379 spatial: 0.090 
(epoch: 64, iters: 2231, time: 0.488, data: 0.001) G_GAN_ViT: 0.371 D_real_ViT: 0.239 D_fake_ViT: 0.196 global: 0.370 spatial: 0.079 
(epoch: 64, iters: 2331, time: 0.488, data: 0.002) G_GAN_ViT: 0.332 D_real_ViT: 0.244 D_fake_ViT: 0.230 global: 0.431 spatial: 0.081 
(epoch: 64, iters: 2431, time: 0.488, data: 0.002) G_GAN_ViT: 0.393 D_real_ViT: 0.187 D_fake_ViT: 0.202 global: 0.420 spatial: 0.100 
(epoch: 64, iters: 2531, time: 0.488, data: 0.002) G_GAN_ViT: 0.305 D_real_ViT: 0.160 D_fake_ViT: 0.248 global: 0.301 spatial: 0.064 
(epoch: 64, iters: 2631, time: 0.488, data: 0.001) G_GAN_ViT: 0.374 D_real_ViT: 0.174 D_fake_ViT: 0.184 global: 0.458 spatial: 0.084 
(epoch: 64, iters: 2731, time: 0.488, data: 0.001) G_GAN_ViT: 0.296 D_real_ViT: 0.363 D_fake_ViT: 0.243 global: 0.473 spatial: 0.099 
(epoch: 64, iters: 2831, time: 0.488, data: 0.002) G_GAN_ViT: 0.432 D_real_ViT: 0.248 D_fake_ViT: 0.141 global: 0.402 spatial: 0.082 
saving the latest model (epoch 64, total_iters 410000)
ICL_single_traffic_hwy
(epoch: 64, iters: 2931, time: 0.489, data: 0.002) G_GAN_ViT: 0.358 D_real_ViT: 0.326 D_fake_ViT: 0.193 global: 0.489 spatial: 0.094 
(epoch: 64, iters: 3031, time: 0.489, data: 0.002) G_GAN_ViT: 0.344 D_real_ViT: 0.150 D_fake_ViT: 0.207 global: 0.411 spatial: 0.090 
(epoch: 64, iters: 3131, time: 0.489, data: 0.002) G_GAN_ViT: 0.306 D_real_ViT: 0.313 D_fake_ViT: 0.238 global: 0.441 spatial: 0.080 
(epoch: 64, iters: 3231, time: 0.488, data: 0.001) G_GAN_ViT: 0.166 D_real_ViT: 0.273 D_fake_ViT: 0.415 global: 0.322 spatial: 0.077 
(epoch: 64, iters: 3331, time: 0.489, data: 0.002) G_GAN_ViT: 0.354 D_real_ViT: 0.253 D_fake_ViT: 0.227 global: 0.431 spatial: 0.099 
(epoch: 64, iters: 3431, time: 0.488, data: 0.001) G_GAN_ViT: 0.401 D_real_ViT: 0.226 D_fake_ViT: 0.167 global: 0.315 spatial: 0.065 
(epoch: 64, iters: 3531, time: 0.488, data: 0.002) G_GAN_ViT: 0.296 D_real_ViT: 0.153 D_fake_ViT: 0.257 global: 0.448 spatial: 0.097 
(epoch: 64, iters: 3631, time: 0.488, data: 0.002) G_GAN_ViT: 0.260 D_real_ViT: 0.423 D_fake_ViT: 0.286 global: 0.435 spatial: 0.074 
(epoch: 64, iters: 3731, time: 0.488, data: 0.001) G_GAN_ViT: 0.318 D_real_ViT: 0.281 D_fake_ViT: 0.243 global: 0.491 spatial: 0.106 
(epoch: 64, iters: 3831, time: 0.488, data: 0.002) G_GAN_ViT: 0.387 D_real_ViT: 0.206 D_fake_ViT: 0.179 global: 0.358 spatial: 0.088 
(epoch: 64, iters: 3931, time: 0.487, data: 0.001) G_GAN_ViT: 0.384 D_real_ViT: 0.129 D_fake_ViT: 0.195 global: 0.376 spatial: 0.076 
(epoch: 64, iters: 4031, time: 0.488, data: 0.003) G_GAN_ViT: 0.453 D_real_ViT: 0.297 D_fake_ViT: 0.154 global: 0.436 spatial: 0.086 
(epoch: 64, iters: 4131, time: 0.487, data: 0.002) G_GAN_ViT: 0.357 D_real_ViT: 0.101 D_fake_ViT: 0.196 global: 0.508 spatial: 0.086 
(epoch: 64, iters: 4231, time: 0.487, data: 0.002) G_GAN_ViT: 0.290 D_real_ViT: 0.239 D_fake_ViT: 0.247 global: 0.311 spatial: 0.059 
(epoch: 64, iters: 4331, time: 0.487, data: 0.001) G_GAN_ViT: 0.347 D_real_ViT: 0.295 D_fake_ViT: 0.206 global: 0.510 spatial: 0.091 
(epoch: 64, iters: 4431, time: 0.488, data: 0.002) G_GAN_ViT: 0.263 D_real_ViT: 0.175 D_fake_ViT: 0.302 global: 0.385 spatial: 0.070 
(epoch: 64, iters: 4531, time: 0.488, data: 0.001) G_GAN_ViT: 0.385 D_real_ViT: 0.257 D_fake_ViT: 0.172 global: 0.285 spatial: 0.072 
(epoch: 64, iters: 4631, time: 0.488, data: 0.001) G_GAN_ViT: 0.380 D_real_ViT: 0.287 D_fake_ViT: 0.182 global: 0.329 spatial: 0.079 
(epoch: 64, iters: 4731, time: 0.488, data: 0.001) G_GAN_ViT: 0.276 D_real_ViT: 0.208 D_fake_ViT: 0.261 global: 0.410 spatial: 0.073 
(epoch: 64, iters: 4831, time: 0.488, data: 0.002) G_GAN_ViT: 0.443 D_real_ViT: 0.249 D_fake_ViT: 0.153 global: 0.315 spatial: 0.082 
(epoch: 64, iters: 4931, time: 0.488, data: 0.001) G_GAN_ViT: 0.407 D_real_ViT: 0.272 D_fake_ViT: 0.162 global: 0.329 spatial: 0.075 
(epoch: 64, iters: 5031, time: 0.488, data: 0.002) G_GAN_ViT: 0.405 D_real_ViT: 0.195 D_fake_ViT: 0.165 global: 0.333 spatial: 0.075 
(epoch: 64, iters: 5131, time: 0.488, data: 0.002) G_GAN_ViT: 0.266 D_real_ViT: 0.238 D_fake_ViT: 0.282 global: 0.330 spatial: 0.066 
(epoch: 64, iters: 5231, time: 0.488, data: 0.001) G_GAN_ViT: 0.247 D_real_ViT: 0.215 D_fake_ViT: 0.293 global: 0.409 spatial: 0.074 
(epoch: 64, iters: 5331, time: 0.488, data: 0.001) G_GAN_ViT: 0.295 D_real_ViT: 0.335 D_fake_ViT: 0.237 global: 0.448 spatial: 0.095 
(epoch: 64, iters: 5431, time: 0.488, data: 0.001) G_GAN_ViT: 0.331 D_real_ViT: 0.175 D_fake_ViT: 0.250 global: 0.432 spatial: 0.096 
(epoch: 64, iters: 5531, time: 0.488, data: 0.002) G_GAN_ViT: 0.469 D_real_ViT: 0.225 D_fake_ViT: 0.120 global: 0.402 spatial: 0.080 
(epoch: 64, iters: 5631, time: 0.488, data: 0.002) G_GAN_ViT: 0.199 D_real_ViT: 0.263 D_fake_ViT: 0.389 global: 0.379 spatial: 0.086 
(epoch: 64, iters: 5731, time: 0.488, data: 0.001) G_GAN_ViT: 0.358 D_real_ViT: 0.231 D_fake_ViT: 0.267 global: 0.364 spatial: 0.080 
(epoch: 64, iters: 5831, time: 0.489, data: 0.002) G_GAN_ViT: 0.473 D_real_ViT: 0.217 D_fake_ViT: 0.134 global: 0.305 spatial: 0.066 
(epoch: 64, iters: 5931, time: 0.489, data: 0.001) G_GAN_ViT: 0.326 D_real_ViT: 0.230 D_fake_ViT: 0.224 global: 0.438 spatial: 0.084 
(epoch: 64, iters: 6031, time: 0.489, data: 0.001) G_GAN_ViT: 0.289 D_real_ViT: 0.203 D_fake_ViT: 0.257 global: 0.485 spatial: 0.081 
(epoch: 64, iters: 6131, time: 0.488, data: 0.001) G_GAN_ViT: 0.253 D_real_ViT: 0.077 D_fake_ViT: 0.297 global: 0.435 spatial: 0.072 
(epoch: 64, iters: 6231, time: 0.489, data: 0.001) G_GAN_ViT: 0.443 D_real_ViT: 0.259 D_fake_ViT: 0.164 global: 0.400 spatial: 0.100 
(epoch: 64, iters: 6331, time: 0.489, data: 0.002) G_GAN_ViT: 0.398 D_real_ViT: 0.162 D_fake_ViT: 0.193 global: 0.478 spatial: 0.098 
(epoch: 64, iters: 6431, time: 0.488, data: 0.001) G_GAN_ViT: 0.357 D_real_ViT: 0.186 D_fake_ViT: 0.195 global: 0.460 spatial: 0.087 
End of epoch 64 / 100 	 Time Taken: 3165 sec
learning rate = 0.0000071
(epoch: 65, iters: 68, time: 0.488, data: 0.001) G_GAN_ViT: 0.401 D_real_ViT: 0.331 D_fake_ViT: 0.164 global: 0.430 spatial: 0.079 
(epoch: 65, iters: 168, time: 0.489, data: 0.001) G_GAN_ViT: 0.417 D_real_ViT: 0.360 D_fake_ViT: 0.168 global: 0.316 spatial: 0.070 
(epoch: 65, iters: 268, time: 0.488, data: 0.001) G_GAN_ViT: 0.393 D_real_ViT: 0.294 D_fake_ViT: 0.180 global: 0.365 spatial: 0.094 
(epoch: 65, iters: 368, time: 0.487, data: 0.002) G_GAN_ViT: 0.357 D_real_ViT: 0.200 D_fake_ViT: 0.189 global: 0.455 spatial: 0.078 
(epoch: 65, iters: 468, time: 0.488, data: 0.002) G_GAN_ViT: 0.292 D_real_ViT: 0.183 D_fake_ViT: 0.249 global: 0.437 spatial: 0.081 
(epoch: 65, iters: 568, time: 0.488, data: 0.002) G_GAN_ViT: 0.407 D_real_ViT: 0.284 D_fake_ViT: 0.162 global: 0.336 spatial: 0.074 
(epoch: 65, iters: 668, time: 0.488, data: 0.001) G_GAN_ViT: 0.387 D_real_ViT: 0.074 D_fake_ViT: 0.180 global: 0.348 spatial: 0.093 
(epoch: 65, iters: 768, time: 0.487, data: 0.001) G_GAN_ViT: 0.346 D_real_ViT: 0.197 D_fake_ViT: 0.222 global: 0.295 spatial: 0.071 
(epoch: 65, iters: 868, time: 0.487, data: 0.001) G_GAN_ViT: 0.431 D_real_ViT: 0.197 D_fake_ViT: 0.173 global: 0.365 spatial: 0.081 
(epoch: 65, iters: 968, time: 0.487, data: 0.001) G_GAN_ViT: 0.441 D_real_ViT: 0.254 D_fake_ViT: 0.138 global: 0.353 spatial: 0.077 
(epoch: 65, iters: 1068, time: 0.487, data: 0.001) G_GAN_ViT: 0.398 D_real_ViT: 0.170 D_fake_ViT: 0.179 global: 0.394 spatial: 0.094 
(epoch: 65, iters: 1168, time: 0.488, data: 0.001) G_GAN_ViT: 0.372 D_real_ViT: 0.139 D_fake_ViT: 0.185 global: 0.280 spatial: 0.059 
(epoch: 65, iters: 1268, time: 0.488, data: 0.002) G_GAN_ViT: 0.494 D_real_ViT: 0.165 D_fake_ViT: 0.122 global: 0.334 spatial: 0.062 
(epoch: 65, iters: 1368, time: 0.487, data: 0.001) G_GAN_ViT: 0.422 D_real_ViT: 0.119 D_fake_ViT: 0.161 global: 0.375 spatial: 0.081 
saving the latest model (epoch 65, total_iters 415000)
ICL_single_traffic_hwy
(epoch: 65, iters: 1468, time: 0.488, data: 0.002) G_GAN_ViT: 0.285 D_real_ViT: 0.254 D_fake_ViT: 0.245 global: 0.376 spatial: 0.076 
(epoch: 65, iters: 1568, time: 0.488, data: 0.001) G_GAN_ViT: 0.391 D_real_ViT: 0.251 D_fake_ViT: 0.168 global: 0.312 spatial: 0.076 
(epoch: 65, iters: 1668, time: 0.488, data: 0.001) G_GAN_ViT: 0.414 D_real_ViT: 0.236 D_fake_ViT: 0.163 global: 0.434 spatial: 0.079 
(epoch: 65, iters: 1768, time: 0.488, data: 0.001) G_GAN_ViT: 0.419 D_real_ViT: 0.241 D_fake_ViT: 0.181 global: 0.417 spatial: 0.094 
(epoch: 65, iters: 1868, time: 0.487, data: 0.001) G_GAN_ViT: 0.334 D_real_ViT: 0.277 D_fake_ViT: 0.213 global: 0.406 spatial: 0.078 
(epoch: 65, iters: 1968, time: 0.487, data: 0.002) G_GAN_ViT: 0.357 D_real_ViT: 0.164 D_fake_ViT: 0.203 global: 0.472 spatial: 0.084 
(epoch: 65, iters: 2068, time: 0.487, data: 0.001) G_GAN_ViT: 0.375 D_real_ViT: 0.071 D_fake_ViT: 0.211 global: 0.408 spatial: 0.079 
(epoch: 65, iters: 2168, time: 0.487, data: 0.001) G_GAN_ViT: 0.301 D_real_ViT: 0.240 D_fake_ViT: 0.268 global: 0.444 spatial: 0.093 
(epoch: 65, iters: 2268, time: 0.487, data: 0.001) G_GAN_ViT: 0.319 D_real_ViT: 0.179 D_fake_ViT: 0.232 global: 0.393 spatial: 0.068 
(epoch: 65, iters: 2368, time: 0.488, data: 0.001) G_GAN_ViT: 0.445 D_real_ViT: 0.168 D_fake_ViT: 0.145 global: 0.375 spatial: 0.078 
(epoch: 65, iters: 2468, time: 0.487, data: 0.002) G_GAN_ViT: 0.388 D_real_ViT: 0.186 D_fake_ViT: 0.181 global: 0.368 spatial: 0.076 
(epoch: 65, iters: 2568, time: 0.488, data: 0.002) G_GAN_ViT: 0.314 D_real_ViT: 0.255 D_fake_ViT: 0.284 global: 0.336 spatial: 0.107 
(epoch: 65, iters: 2668, time: 0.488, data: 0.001) G_GAN_ViT: 0.327 D_real_ViT: 0.150 D_fake_ViT: 0.234 global: 0.374 spatial: 0.075 
(epoch: 65, iters: 2768, time: 0.489, data: 0.001) G_GAN_ViT: 0.385 D_real_ViT: 0.154 D_fake_ViT: 0.182 global: 0.320 spatial: 0.078 
(epoch: 65, iters: 2868, time: 0.489, data: 0.001) G_GAN_ViT: 0.340 D_real_ViT: 0.205 D_fake_ViT: 0.217 global: 0.433 spatial: 0.083 
(epoch: 65, iters: 2968, time: 0.490, data: 0.001) G_GAN_ViT: 0.379 D_real_ViT: 0.234 D_fake_ViT: 0.188 global: 0.336 spatial: 0.094 
(epoch: 65, iters: 3068, time: 0.489, data: 0.001) G_GAN_ViT: 0.417 D_real_ViT: 0.242 D_fake_ViT: 0.156 global: 0.338 spatial: 0.059 
(epoch: 65, iters: 3168, time: 0.489, data: 0.001) G_GAN_ViT: 0.308 D_real_ViT: 0.208 D_fake_ViT: 0.224 global: 0.419 spatial: 0.081 
(epoch: 65, iters: 3268, time: 0.490, data: 0.001) G_GAN_ViT: 0.473 D_real_ViT: 0.170 D_fake_ViT: 0.132 global: 0.445 spatial: 0.091 
(epoch: 65, iters: 3368, time: 0.490, data: 0.002) G_GAN_ViT: 0.257 D_real_ViT: 0.094 D_fake_ViT: 0.304 global: 0.302 spatial: 0.073 
(epoch: 65, iters: 3468, time: 0.490, data: 0.001) G_GAN_ViT: 0.389 D_real_ViT: 0.224 D_fake_ViT: 0.176 global: 0.364 spatial: 0.070 
(epoch: 65, iters: 3568, time: 0.490, data: 0.001) G_GAN_ViT: 0.395 D_real_ViT: 0.250 D_fake_ViT: 0.188 global: 0.291 spatial: 0.072 
(epoch: 65, iters: 3668, time: 0.490, data: 0.001) G_GAN_ViT: 0.348 D_real_ViT: 0.267 D_fake_ViT: 0.198 global: 0.389 spatial: 0.086 
(epoch: 65, iters: 3768, time: 0.490, data: 0.001) G_GAN_ViT: 0.402 D_real_ViT: 0.028 D_fake_ViT: 0.180 global: 0.432 spatial: 0.090 
(epoch: 65, iters: 3868, time: 0.490, data: 0.001) G_GAN_ViT: 0.288 D_real_ViT: 0.287 D_fake_ViT: 0.258 global: 0.460 spatial: 0.072 
(epoch: 65, iters: 3968, time: 0.490, data: 0.001) G_GAN_ViT: 0.427 D_real_ViT: 0.149 D_fake_ViT: 0.160 global: 0.321 spatial: 0.070 
(epoch: 65, iters: 4068, time: 0.490, data: 0.001) G_GAN_ViT: 0.274 D_real_ViT: 0.300 D_fake_ViT: 0.276 global: 0.449 spatial: 0.091 
(epoch: 65, iters: 4168, time: 0.490, data: 0.001) G_GAN_ViT: 0.488 D_real_ViT: 0.220 D_fake_ViT: 0.123 global: 0.472 spatial: 0.077 
(epoch: 65, iters: 4268, time: 0.490, data: 0.002) G_GAN_ViT: 0.284 D_real_ViT: 0.288 D_fake_ViT: 0.269 global: 0.364 spatial: 0.070 
(epoch: 65, iters: 4368, time: 0.490, data: 0.001) G_GAN_ViT: 0.458 D_real_ViT: 0.120 D_fake_ViT: 0.137 global: 0.397 spatial: 0.084 
(epoch: 65, iters: 4468, time: 0.490, data: 0.001) G_GAN_ViT: 0.275 D_real_ViT: 0.245 D_fake_ViT: 0.261 global: 0.428 spatial: 0.072 
(epoch: 65, iters: 4568, time: 0.490, data: 0.002) G_GAN_ViT: 0.369 D_real_ViT: 0.217 D_fake_ViT: 0.197 global: 0.310 spatial: 0.071 
(epoch: 65, iters: 4668, time: 0.489, data: 0.001) G_GAN_ViT: 0.378 D_real_ViT: 0.207 D_fake_ViT: 0.182 global: 0.334 spatial: 0.070 
(epoch: 65, iters: 4768, time: 0.489, data: 0.001) G_GAN_ViT: 0.456 D_real_ViT: 0.252 D_fake_ViT: 0.152 global: 0.379 spatial: 0.086 
(epoch: 65, iters: 4868, time: 0.490, data: 0.001) G_GAN_ViT: 0.394 D_real_ViT: 0.244 D_fake_ViT: 0.173 global: 0.353 spatial: 0.084 
(epoch: 65, iters: 4968, time: 0.489, data: 0.001) G_GAN_ViT: 0.387 D_real_ViT: 0.152 D_fake_ViT: 0.182 global: 0.470 spatial: 0.094 
(epoch: 65, iters: 5068, time: 0.489, data: 0.001) G_GAN_ViT: 0.430 D_real_ViT: 0.279 D_fake_ViT: 0.147 global: 0.368 spatial: 0.070 
(epoch: 65, iters: 5168, time: 0.488, data: 0.001) G_GAN_ViT: 0.394 D_real_ViT: 0.185 D_fake_ViT: 0.172 global: 0.361 spatial: 0.067 
(epoch: 65, iters: 5268, time: 0.488, data: 0.001) G_GAN_ViT: 0.270 D_real_ViT: 0.189 D_fake_ViT: 0.270 global: 0.434 spatial: 0.086 
(epoch: 65, iters: 5368, time: 0.488, data: 0.002) G_GAN_ViT: 0.263 D_real_ViT: 0.250 D_fake_ViT: 0.278 global: 0.333 spatial: 0.067 
(epoch: 65, iters: 5468, time: 0.488, data: 0.001) G_GAN_ViT: 0.360 D_real_ViT: 0.167 D_fake_ViT: 0.198 global: 0.432 spatial: 0.089 
(epoch: 65, iters: 5568, time: 0.489, data: 0.001) G_GAN_ViT: 0.246 D_real_ViT: 0.146 D_fake_ViT: 0.304 global: 0.433 spatial: 0.079 
(epoch: 65, iters: 5668, time: 0.489, data: 0.001) G_GAN_ViT: 0.397 D_real_ViT: 0.138 D_fake_ViT: 0.190 global: 0.409 spatial: 0.075 
(epoch: 65, iters: 5768, time: 0.489, data: 0.004) G_GAN_ViT: 0.370 D_real_ViT: 0.183 D_fake_ViT: 0.188 global: 0.495 spatial: 0.095 
(epoch: 65, iters: 5868, time: 0.489, data: 0.001) G_GAN_ViT: 0.234 D_real_ViT: 0.277 D_fake_ViT: 0.312 global: 0.435 spatial: 0.082 
(epoch: 65, iters: 5968, time: 0.490, data: 0.001) G_GAN_ViT: 0.394 D_real_ViT: 0.352 D_fake_ViT: 0.189 global: 0.352 spatial: 0.089 
(epoch: 65, iters: 6068, time: 0.490, data: 0.001) G_GAN_ViT: 0.348 D_real_ViT: 0.090 D_fake_ViT: 0.217 global: 0.395 spatial: 0.082 
(epoch: 65, iters: 6168, time: 0.490, data: 0.001) G_GAN_ViT: 0.389 D_real_ViT: 0.219 D_fake_ViT: 0.170 global: 0.407 spatial: 0.081 
(epoch: 65, iters: 6268, time: 0.489, data: 0.001) G_GAN_ViT: 0.376 D_real_ViT: 0.137 D_fake_ViT: 0.191 global: 0.475 spatial: 0.093 
(epoch: 65, iters: 6368, time: 0.489, data: 0.001) G_GAN_ViT: 0.313 D_real_ViT: 0.177 D_fake_ViT: 0.238 global: 0.513 spatial: 0.092 
saving the latest model (epoch 65, total_iters 420000)
ICL_single_traffic_hwy
saving the model at the end of epoch 65, iters 420095
End of epoch 65 / 100 	 Time Taken: 3171 sec
learning rate = 0.0000069
(epoch: 66, iters: 5, time: 0.489, data: 0.001) G_GAN_ViT: 0.310 D_real_ViT: 0.271 D_fake_ViT: 0.245 global: 0.442 spatial: 0.084 
(epoch: 66, iters: 105, time: 0.489, data: 0.000) G_GAN_ViT: 0.288 D_real_ViT: 0.273 D_fake_ViT: 0.283 global: 0.391 spatial: 0.093 
(epoch: 66, iters: 205, time: 0.490, data: 0.001) G_GAN_ViT: 0.261 D_real_ViT: 0.063 D_fake_ViT: 0.305 global: 0.469 spatial: 0.089 
(epoch: 66, iters: 305, time: 0.489, data: 0.001) G_GAN_ViT: 0.415 D_real_ViT: 0.256 D_fake_ViT: 0.157 global: 0.424 spatial: 0.084 
(epoch: 66, iters: 405, time: 0.489, data: 0.001) G_GAN_ViT: 0.306 D_real_ViT: 0.267 D_fake_ViT: 0.237 global: 0.518 spatial: 0.095 
(epoch: 66, iters: 505, time: 0.490, data: 0.001) G_GAN_ViT: 0.356 D_real_ViT: 0.191 D_fake_ViT: 0.201 global: 0.465 spatial: 0.100 
(epoch: 66, iters: 605, time: 0.489, data: 0.001) G_GAN_ViT: 0.330 D_real_ViT: 0.169 D_fake_ViT: 0.233 global: 0.305 spatial: 0.073 
(epoch: 66, iters: 705, time: 0.489, data: 0.002) G_GAN_ViT: 0.335 D_real_ViT: 0.204 D_fake_ViT: 0.234 global: 0.474 spatial: 0.103 
(epoch: 66, iters: 805, time: 0.489, data: 0.001) G_GAN_ViT: 0.399 D_real_ViT: 0.261 D_fake_ViT: 0.172 global: 0.313 spatial: 0.081 
(epoch: 66, iters: 905, time: 0.490, data: 0.001) G_GAN_ViT: 0.312 D_real_ViT: 0.091 D_fake_ViT: 0.263 global: 0.520 spatial: 0.090 
(epoch: 66, iters: 1005, time: 0.490, data: 0.001) G_GAN_ViT: 0.357 D_real_ViT: 0.140 D_fake_ViT: 0.199 global: 0.404 spatial: 0.079 
(epoch: 66, iters: 1105, time: 0.490, data: 0.001) G_GAN_ViT: 0.486 D_real_ViT: 0.163 D_fake_ViT: 0.122 global: 0.426 spatial: 0.090 
(epoch: 66, iters: 1205, time: 0.489, data: 0.001) G_GAN_ViT: 0.395 D_real_ViT: 0.270 D_fake_ViT: 0.174 global: 0.318 spatial: 0.070 
(epoch: 66, iters: 1305, time: 0.488, data: 0.001) G_GAN_ViT: 0.333 D_real_ViT: 0.259 D_fake_ViT: 0.223 global: 0.347 spatial: 0.095 
(epoch: 66, iters: 1405, time: 0.489, data: 0.001) G_GAN_ViT: 0.153 D_real_ViT: 0.246 D_fake_ViT: 0.433 global: 0.292 spatial: 0.077 
(epoch: 66, iters: 1505, time: 0.489, data: 0.001) G_GAN_ViT: 0.468 D_real_ViT: 0.205 D_fake_ViT: 0.146 global: 0.305 spatial: 0.077 
(epoch: 66, iters: 1605, time: 0.490, data: 0.001) G_GAN_ViT: 0.398 D_real_ViT: 0.192 D_fake_ViT: 0.183 global: 0.380 spatial: 0.084 
(epoch: 66, iters: 1705, time: 0.489, data: 0.001) G_GAN_ViT: 0.436 D_real_ViT: 0.272 D_fake_ViT: 0.147 global: 0.332 spatial: 0.067 
(epoch: 66, iters: 1805, time: 0.489, data: 0.001) G_GAN_ViT: 0.390 D_real_ViT: 0.399 D_fake_ViT: 0.174 global: 0.331 spatial: 0.070 
(epoch: 66, iters: 1905, time: 0.490, data: 0.001) G_GAN_ViT: 0.225 D_real_ViT: 0.244 D_fake_ViT: 0.322 global: 0.401 spatial: 0.080 
(epoch: 66, iters: 2005, time: 0.490, data: 0.001) G_GAN_ViT: 0.347 D_real_ViT: 0.312 D_fake_ViT: 0.196 global: 0.362 spatial: 0.066 
(epoch: 66, iters: 2105, time: 0.489, data: 0.001) G_GAN_ViT: 0.411 D_real_ViT: 0.237 D_fake_ViT: 0.156 global: 0.302 spatial: 0.072 
(epoch: 66, iters: 2205, time: 0.490, data: 0.001) G_GAN_ViT: 0.390 D_real_ViT: 0.109 D_fake_ViT: 0.173 global: 0.300 spatial: 0.081 
(epoch: 66, iters: 2305, time: 0.490, data: 0.001) G_GAN_ViT: 0.204 D_real_ViT: 0.192 D_fake_ViT: 0.356 global: 0.302 spatial: 0.074 
(epoch: 66, iters: 2405, time: 0.490, data: 0.002) G_GAN_ViT: 0.275 D_real_ViT: 0.154 D_fake_ViT: 0.267 global: 0.444 spatial: 0.080 
(epoch: 66, iters: 2505, time: 0.490, data: 0.001) G_GAN_ViT: 0.257 D_real_ViT: 0.247 D_fake_ViT: 0.309 global: 0.491 spatial: 0.092 
(epoch: 66, iters: 2605, time: 0.490, data: 0.001) G_GAN_ViT: 0.396 D_real_ViT: 0.295 D_fake_ViT: 0.165 global: 0.334 spatial: 0.072 
(epoch: 66, iters: 2705, time: 0.490, data: 0.001) G_GAN_ViT: 0.393 D_real_ViT: 0.187 D_fake_ViT: 0.167 global: 0.379 spatial: 0.079 
(epoch: 66, iters: 2805, time: 0.490, data: 0.001) G_GAN_ViT: 0.484 D_real_ViT: 0.236 D_fake_ViT: 0.137 global: 0.263 spatial: 0.069 
(epoch: 66, iters: 2905, time: 0.490, data: 0.001) G_GAN_ViT: 0.256 D_real_ViT: 0.149 D_fake_ViT: 0.283 global: 0.448 spatial: 0.083 
(epoch: 66, iters: 3005, time: 0.490, data: 0.001) G_GAN_ViT: 0.305 D_real_ViT: 0.070 D_fake_ViT: 0.270 global: 0.449 spatial: 0.091 
(epoch: 66, iters: 3105, time: 0.490, data: 0.001) G_GAN_ViT: 0.306 D_real_ViT: 0.288 D_fake_ViT: 0.240 global: 0.461 spatial: 0.090 
(epoch: 66, iters: 3205, time: 0.490, data: 0.002) G_GAN_ViT: 0.502 D_real_ViT: 0.413 D_fake_ViT: 0.113 global: 0.417 spatial: 0.100 
(epoch: 66, iters: 3305, time: 0.489, data: 0.001) G_GAN_ViT: 0.369 D_real_ViT: 0.286 D_fake_ViT: 0.183 global: 0.382 spatial: 0.095 
(epoch: 66, iters: 3405, time: 0.489, data: 0.001) G_GAN_ViT: 0.392 D_real_ViT: 0.103 D_fake_ViT: 0.174 global: 0.376 spatial: 0.082 
(epoch: 66, iters: 3505, time: 0.489, data: 0.001) G_GAN_ViT: 0.437 D_real_ViT: 0.164 D_fake_ViT: 0.150 global: 0.333 spatial: 0.087 
(epoch: 66, iters: 3605, time: 0.489, data: 0.001) G_GAN_ViT: 0.494 D_real_ViT: 0.205 D_fake_ViT: 0.147 global: 0.385 spatial: 0.097 
(epoch: 66, iters: 3705, time: 0.490, data: 0.001) G_GAN_ViT: 0.452 D_real_ViT: 0.095 D_fake_ViT: 0.142 global: 0.387 spatial: 0.075 
(epoch: 66, iters: 3805, time: 0.488, data: 0.001) G_GAN_ViT: 0.482 D_real_ViT: 0.178 D_fake_ViT: 0.124 global: 0.333 spatial: 0.083 
(epoch: 66, iters: 3905, time: 0.489, data: 0.001) G_GAN_ViT: 0.376 D_real_ViT: 0.236 D_fake_ViT: 0.187 global: 0.453 spatial: 0.092 
(epoch: 66, iters: 4005, time: 0.489, data: 0.001) G_GAN_ViT: 0.313 D_real_ViT: 0.233 D_fake_ViT: 0.229 global: 0.417 spatial: 0.079 
(epoch: 66, iters: 4105, time: 0.490, data: 0.002) G_GAN_ViT: 0.362 D_real_ViT: 0.122 D_fake_ViT: 0.202 global: 0.422 spatial: 0.097 
(epoch: 66, iters: 4205, time: 0.491, data: 0.001) G_GAN_ViT: 0.334 D_real_ViT: 0.190 D_fake_ViT: 0.237 global: 0.494 spatial: 0.088 
(epoch: 66, iters: 4305, time: 0.490, data: 0.001) G_GAN_ViT: 0.353 D_real_ViT: 0.179 D_fake_ViT: 0.231 global: 0.399 spatial: 0.078 
(epoch: 66, iters: 4405, time: 0.489, data: 0.001) G_GAN_ViT: 0.339 D_real_ViT: 0.185 D_fake_ViT: 0.207 global: 0.395 spatial: 0.084 
(epoch: 66, iters: 4505, time: 0.489, data: 0.001) G_GAN_ViT: 0.395 D_real_ViT: 0.394 D_fake_ViT: 0.174 global: 0.371 spatial: 0.079 
(epoch: 66, iters: 4605, time: 0.489, data: 0.001) G_GAN_ViT: 0.262 D_real_ViT: 0.202 D_fake_ViT: 0.307 global: 0.358 spatial: 0.075 
(epoch: 66, iters: 4705, time: 0.489, data: 0.001) G_GAN_ViT: 0.251 D_real_ViT: 0.287 D_fake_ViT: 0.300 global: 0.434 spatial: 0.084 
(epoch: 66, iters: 4805, time: 0.489, data: 0.001) G_GAN_ViT: 0.253 D_real_ViT: 0.172 D_fake_ViT: 0.316 global: 0.441 spatial: 0.084 
(epoch: 66, iters: 4905, time: 0.489, data: 0.001) G_GAN_ViT: 0.297 D_real_ViT: 0.193 D_fake_ViT: 0.264 global: 0.333 spatial: 0.073 
saving the latest model (epoch 66, total_iters 425000)
ICL_single_traffic_hwy
(epoch: 66, iters: 5005, time: 0.489, data: 0.002) G_GAN_ViT: 0.201 D_real_ViT: 0.256 D_fake_ViT: 0.351 global: 0.307 spatial: 0.062 
(epoch: 66, iters: 5105, time: 0.489, data: 0.001) G_GAN_ViT: 0.431 D_real_ViT: 0.207 D_fake_ViT: 0.176 global: 0.402 spatial: 0.107 
(epoch: 66, iters: 5205, time: 0.490, data: 0.001) G_GAN_ViT: 0.288 D_real_ViT: 0.338 D_fake_ViT: 0.272 global: 0.443 spatial: 0.099 
(epoch: 66, iters: 5305, time: 0.489, data: 0.001) G_GAN_ViT: 0.364 D_real_ViT: 0.218 D_fake_ViT: 0.225 global: 0.302 spatial: 0.082 
(epoch: 66, iters: 5405, time: 0.488, data: 0.001) G_GAN_ViT: 0.424 D_real_ViT: 0.336 D_fake_ViT: 0.146 global: 0.307 spatial: 0.064 
(epoch: 66, iters: 5505, time: 0.489, data: 0.001) G_GAN_ViT: 0.344 D_real_ViT: 0.297 D_fake_ViT: 0.222 global: 0.401 spatial: 0.088 
(epoch: 66, iters: 5605, time: 0.489, data: 0.001) G_GAN_ViT: 0.279 D_real_ViT: 0.089 D_fake_ViT: 0.272 global: 0.442 spatial: 0.085 
(epoch: 66, iters: 5705, time: 0.488, data: 0.001) G_GAN_ViT: 0.360 D_real_ViT: 0.321 D_fake_ViT: 0.189 global: 0.473 spatial: 0.092 
(epoch: 66, iters: 5805, time: 0.489, data: 0.001) G_GAN_ViT: 0.406 D_real_ViT: 0.242 D_fake_ViT: 0.158 global: 0.310 spatial: 0.077 
(epoch: 66, iters: 5905, time: 0.489, data: 0.001) G_GAN_ViT: 0.377 D_real_ViT: 0.322 D_fake_ViT: 0.192 global: 0.445 spatial: 0.096 
(epoch: 66, iters: 6005, time: 0.489, data: 0.001) G_GAN_ViT: 0.293 D_real_ViT: 0.083 D_fake_ViT: 0.280 global: 0.410 spatial: 0.087 
(epoch: 66, iters: 6105, time: 0.490, data: 0.001) G_GAN_ViT: 0.343 D_real_ViT: 0.164 D_fake_ViT: 0.207 global: 0.399 spatial: 0.069 
(epoch: 66, iters: 6205, time: 0.489, data: 0.001) G_GAN_ViT: 0.397 D_real_ViT: 0.306 D_fake_ViT: 0.181 global: 0.273 spatial: 0.067 
(epoch: 66, iters: 6305, time: 0.489, data: 0.001) G_GAN_ViT: 0.361 D_real_ViT: 0.130 D_fake_ViT: 0.211 global: 0.461 spatial: 0.091 
(epoch: 66, iters: 6405, time: 0.489, data: 0.001) G_GAN_ViT: 0.384 D_real_ViT: 0.116 D_fake_ViT: 0.179 global: 0.317 spatial: 0.068 
End of epoch 66 / 100 	 Time Taken: 3172 sec
learning rate = 0.0000067
(epoch: 67, iters: 42, time: 0.489, data: 0.001) G_GAN_ViT: 0.400 D_real_ViT: 0.259 D_fake_ViT: 0.163 global: 0.346 spatial: 0.079 
(epoch: 67, iters: 142, time: 0.490, data: 0.001) G_GAN_ViT: 0.300 D_real_ViT: 0.211 D_fake_ViT: 0.262 global: 0.308 spatial: 0.069 
(epoch: 67, iters: 242, time: 0.489, data: 0.001) G_GAN_ViT: 0.419 D_real_ViT: 0.184 D_fake_ViT: 0.154 global: 0.335 spatial: 0.070 
(epoch: 67, iters: 342, time: 0.489, data: 0.001) G_GAN_ViT: 0.325 D_real_ViT: 0.325 D_fake_ViT: 0.217 global: 0.343 spatial: 0.069 
(epoch: 67, iters: 442, time: 0.490, data: 0.001) G_GAN_ViT: 0.369 D_real_ViT: 0.163 D_fake_ViT: 0.206 global: 0.369 spatial: 0.092 
(epoch: 67, iters: 542, time: 0.489, data: 0.001) G_GAN_ViT: 0.385 D_real_ViT: 0.254 D_fake_ViT: 0.176 global: 0.412 spatial: 0.080 
(epoch: 67, iters: 642, time: 0.489, data: 0.001) G_GAN_ViT: 0.351 D_real_ViT: 0.350 D_fake_ViT: 0.199 global: 0.405 spatial: 0.086 
(epoch: 67, iters: 742, time: 0.488, data: 0.001) G_GAN_ViT: 0.408 D_real_ViT: 0.223 D_fake_ViT: 0.163 global: 0.333 spatial: 0.084 
(epoch: 67, iters: 842, time: 0.488, data: 0.001) G_GAN_ViT: 0.288 D_real_ViT: 0.209 D_fake_ViT: 0.243 global: 0.517 spatial: 0.095 
(epoch: 67, iters: 942, time: 0.489, data: 0.001) G_GAN_ViT: 0.456 D_real_ViT: 0.117 D_fake_ViT: 0.178 global: 0.389 spatial: 0.096 
(epoch: 67, iters: 1042, time: 0.488, data: 0.001) G_GAN_ViT: 0.365 D_real_ViT: 0.142 D_fake_ViT: 0.195 global: 0.309 spatial: 0.083 
(epoch: 67, iters: 1142, time: 0.487, data: 0.001) G_GAN_ViT: 0.384 D_real_ViT: 0.213 D_fake_ViT: 0.182 global: 0.296 spatial: 0.071 
(epoch: 67, iters: 1242, time: 0.488, data: 0.001) G_GAN_ViT: 0.410 D_real_ViT: 0.189 D_fake_ViT: 0.175 global: 0.386 spatial: 0.087 
(epoch: 67, iters: 1342, time: 0.487, data: 0.002) G_GAN_ViT: 0.435 D_real_ViT: 0.390 D_fake_ViT: 0.147 global: 0.379 spatial: 0.073 
(epoch: 67, iters: 1442, time: 0.488, data: 0.001) G_GAN_ViT: 0.389 D_real_ViT: 0.219 D_fake_ViT: 0.177 global: 0.323 spatial: 0.076 
(epoch: 67, iters: 1542, time: 0.488, data: 0.001) G_GAN_ViT: 0.404 D_real_ViT: 0.179 D_fake_ViT: 0.182 global: 0.468 spatial: 0.091 
(epoch: 67, iters: 1642, time: 0.488, data: 0.001) G_GAN_ViT: 0.348 D_real_ViT: 0.224 D_fake_ViT: 0.215 global: 0.427 spatial: 0.090 
(epoch: 67, iters: 1742, time: 0.489, data: 0.001) G_GAN_ViT: 0.377 D_real_ViT: 0.338 D_fake_ViT: 0.178 global: 0.297 spatial: 0.069 
(epoch: 67, iters: 1842, time: 0.489, data: 0.002) G_GAN_ViT: 0.284 D_real_ViT: 0.173 D_fake_ViT: 0.274 global: 0.450 spatial: 0.091 
(epoch: 67, iters: 1942, time: 0.489, data: 0.001) G_GAN_ViT: 0.470 D_real_ViT: 0.219 D_fake_ViT: 0.130 global: 0.266 spatial: 0.063 
(epoch: 67, iters: 2042, time: 0.488, data: 0.001) G_GAN_ViT: 0.403 D_real_ViT: 0.107 D_fake_ViT: 0.165 global: 0.366 spatial: 0.090 
(epoch: 67, iters: 2142, time: 0.488, data: 0.001) G_GAN_ViT: 0.271 D_real_ViT: 0.195 D_fake_ViT: 0.277 global: 0.423 spatial: 0.077 
(epoch: 67, iters: 2242, time: 0.488, data: 0.001) G_GAN_ViT: 0.400 D_real_ViT: 0.240 D_fake_ViT: 0.165 global: 0.405 spatial: 0.085 
(epoch: 67, iters: 2342, time: 0.488, data: 0.001) G_GAN_ViT: 0.450 D_real_ViT: 0.228 D_fake_ViT: 0.143 global: 0.326 spatial: 0.084 
(epoch: 67, iters: 2442, time: 0.489, data: 0.001) G_GAN_ViT: 0.297 D_real_ViT: 0.081 D_fake_ViT: 0.240 global: 0.433 spatial: 0.083 
(epoch: 67, iters: 2542, time: 0.489, data: 0.001) G_GAN_ViT: 0.369 D_real_ViT: 0.130 D_fake_ViT: 0.192 global: 0.285 spatial: 0.066 
(epoch: 67, iters: 2642, time: 0.489, data: 0.001) G_GAN_ViT: 0.277 D_real_ViT: 0.264 D_fake_ViT: 0.254 global: 0.409 spatial: 0.081 
(epoch: 67, iters: 2742, time: 0.490, data: 0.001) G_GAN_ViT: 0.342 D_real_ViT: 0.327 D_fake_ViT: 0.203 global: 0.511 spatial: 0.083 
(epoch: 67, iters: 2842, time: 0.489, data: 0.002) G_GAN_ViT: 0.376 D_real_ViT: 0.359 D_fake_ViT: 0.189 global: 0.460 spatial: 0.086 
(epoch: 67, iters: 2942, time: 0.489, data: 0.001) G_GAN_ViT: 0.377 D_real_ViT: 0.237 D_fake_ViT: 0.189 global: 0.390 spatial: 0.103 
(epoch: 67, iters: 3042, time: 0.489, data: 0.001) G_GAN_ViT: 0.334 D_real_ViT: 0.124 D_fake_ViT: 0.230 global: 0.413 spatial: 0.096 
(epoch: 67, iters: 3142, time: 0.489, data: 0.001) G_GAN_ViT: 0.526 D_real_ViT: 0.240 D_fake_ViT: 0.109 global: 0.322 spatial: 0.072 
(epoch: 67, iters: 3242, time: 0.489, data: 0.001) G_GAN_ViT: 0.257 D_real_ViT: 0.302 D_fake_ViT: 0.288 global: 0.402 spatial: 0.075 
(epoch: 67, iters: 3342, time: 0.489, data: 0.001) G_GAN_ViT: 0.351 D_real_ViT: 0.294 D_fake_ViT: 0.192 global: 0.298 spatial: 0.071 
(epoch: 67, iters: 3442, time: 0.489, data: 0.002) G_GAN_ViT: 0.333 D_real_ViT: 0.265 D_fake_ViT: 0.224 global: 0.466 spatial: 0.091 
saving the latest model (epoch 67, total_iters 430000)
ICL_single_traffic_hwy
(epoch: 67, iters: 3542, time: 0.489, data: 0.001) G_GAN_ViT: 0.478 D_real_ViT: 0.113 D_fake_ViT: 0.126 global: 0.405 spatial: 0.075 
(epoch: 67, iters: 3642, time: 0.489, data: 0.001) G_GAN_ViT: 0.374 D_real_ViT: 0.345 D_fake_ViT: 0.207 global: 0.418 spatial: 0.081 
(epoch: 67, iters: 3742, time: 0.489, data: 0.001) G_GAN_ViT: 0.384 D_real_ViT: 0.211 D_fake_ViT: 0.178 global: 0.293 spatial: 0.074 
(epoch: 67, iters: 3842, time: 0.489, data: 0.001) G_GAN_ViT: 0.375 D_real_ViT: 0.273 D_fake_ViT: 0.183 global: 0.321 spatial: 0.072 
(epoch: 67, iters: 3942, time: 0.489, data: 0.002) G_GAN_ViT: 0.370 D_real_ViT: 0.254 D_fake_ViT: 0.203 global: 0.260 spatial: 0.067 
(epoch: 67, iters: 4042, time: 0.489, data: 0.001) G_GAN_ViT: 0.223 D_real_ViT: 0.122 D_fake_ViT: 0.333 global: 0.300 spatial: 0.078 
(epoch: 67, iters: 4142, time: 0.489, data: 0.001) G_GAN_ViT: 0.414 D_real_ViT: 0.138 D_fake_ViT: 0.168 global: 0.452 spatial: 0.090 
(epoch: 67, iters: 4242, time: 0.489, data: 0.001) G_GAN_ViT: 0.297 D_real_ViT: 0.224 D_fake_ViT: 0.250 global: 0.488 spatial: 0.088 
(epoch: 67, iters: 4342, time: 0.489, data: 0.001) G_GAN_ViT: 0.302 D_real_ViT: 0.260 D_fake_ViT: 0.229 global: 0.405 spatial: 0.078 
(epoch: 67, iters: 4442, time: 0.488, data: 0.001) G_GAN_ViT: 0.423 D_real_ViT: 0.205 D_fake_ViT: 0.161 global: 0.368 spatial: 0.077 
(epoch: 67, iters: 4542, time: 0.488, data: 0.001) G_GAN_ViT: 0.401 D_real_ViT: 0.180 D_fake_ViT: 0.176 global: 0.465 spatial: 0.090 
(epoch: 67, iters: 4642, time: 0.488, data: 0.001) G_GAN_ViT: 0.284 D_real_ViT: 0.272 D_fake_ViT: 0.261 global: 0.387 spatial: 0.073 
(epoch: 67, iters: 4742, time: 0.488, data: 0.001) G_GAN_ViT: 0.277 D_real_ViT: 0.246 D_fake_ViT: 0.279 global: 0.312 spatial: 0.061 
(epoch: 67, iters: 4842, time: 0.488, data: 0.001) G_GAN_ViT: 0.323 D_real_ViT: 0.209 D_fake_ViT: 0.214 global: 0.372 spatial: 0.084 
(epoch: 67, iters: 4942, time: 0.488, data: 0.001) G_GAN_ViT: 0.298 D_real_ViT: 0.339 D_fake_ViT: 0.254 global: 0.502 spatial: 0.100 
(epoch: 67, iters: 5042, time: 0.489, data: 0.001) G_GAN_ViT: 0.410 D_real_ViT: 0.105 D_fake_ViT: 0.173 global: 0.270 spatial: 0.064 
(epoch: 67, iters: 5142, time: 0.489, data: 0.001) G_GAN_ViT: 0.283 D_real_ViT: 0.113 D_fake_ViT: 0.266 global: 0.415 spatial: 0.072 
(epoch: 67, iters: 5242, time: 0.489, data: 0.001) G_GAN_ViT: 0.409 D_real_ViT: 0.160 D_fake_ViT: 0.158 global: 0.335 spatial: 0.090 
(epoch: 67, iters: 5342, time: 0.489, data: 0.001) G_GAN_ViT: 0.442 D_real_ViT: 0.139 D_fake_ViT: 0.163 global: 0.460 spatial: 0.101 
(epoch: 67, iters: 5442, time: 0.489, data: 0.001) G_GAN_ViT: 0.382 D_real_ViT: 0.253 D_fake_ViT: 0.180 global: 0.468 spatial: 0.101 
(epoch: 67, iters: 5542, time: 0.489, data: 0.001) G_GAN_ViT: 0.405 D_real_ViT: 0.257 D_fake_ViT: 0.162 global: 0.348 spatial: 0.072 
(epoch: 67, iters: 5642, time: 0.489, data: 0.001) G_GAN_ViT: 0.354 D_real_ViT: 0.226 D_fake_ViT: 0.196 global: 0.407 spatial: 0.088 
(epoch: 67, iters: 5742, time: 0.489, data: 0.001) G_GAN_ViT: 0.485 D_real_ViT: 0.189 D_fake_ViT: 0.146 global: 0.426 spatial: 0.108 
(epoch: 67, iters: 5842, time: 0.488, data: 0.001) G_GAN_ViT: 0.219 D_real_ViT: 0.154 D_fake_ViT: 0.336 global: 0.401 spatial: 0.087 
(epoch: 67, iters: 5942, time: 0.489, data: 0.001) G_GAN_ViT: 0.364 D_real_ViT: 0.229 D_fake_ViT: 0.189 global: 0.428 spatial: 0.074 
(epoch: 67, iters: 6042, time: 0.489, data: 0.001) G_GAN_ViT: 0.409 D_real_ViT: 0.088 D_fake_ViT: 0.165 global: 0.313 spatial: 0.081 
(epoch: 67, iters: 6142, time: 0.489, data: 0.001) G_GAN_ViT: 0.409 D_real_ViT: 0.105 D_fake_ViT: 0.163 global: 0.294 spatial: 0.075 
(epoch: 67, iters: 6242, time: 0.488, data: 0.002) G_GAN_ViT: 0.347 D_real_ViT: 0.312 D_fake_ViT: 0.231 global: 0.421 spatial: 0.095 
(epoch: 67, iters: 6342, time: 0.488, data: 0.001) G_GAN_ViT: 0.305 D_real_ViT: 0.189 D_fake_ViT: 0.254 global: 0.355 spatial: 0.079 
(epoch: 67, iters: 6442, time: 0.489, data: 0.001) G_GAN_ViT: 0.551 D_real_ViT: 0.321 D_fake_ViT: 0.104 global: 0.393 spatial: 0.075 
End of epoch 67 / 100 	 Time Taken: 3167 sec
learning rate = 0.0000065
(epoch: 68, iters: 79, time: 0.488, data: 0.001) G_GAN_ViT: 0.367 D_real_ViT: 0.199 D_fake_ViT: 0.191 global: 0.364 spatial: 0.083 
(epoch: 68, iters: 179, time: 0.488, data: 0.001) G_GAN_ViT: 0.395 D_real_ViT: 0.268 D_fake_ViT: 0.164 global: 0.267 spatial: 0.059 
(epoch: 68, iters: 279, time: 0.488, data: 0.001) G_GAN_ViT: 0.301 D_real_ViT: 0.191 D_fake_ViT: 0.264 global: 0.355 spatial: 0.086 
(epoch: 68, iters: 379, time: 0.488, data: 0.001) G_GAN_ViT: 0.312 D_real_ViT: 0.315 D_fake_ViT: 0.247 global: 0.511 spatial: 0.101 
(epoch: 68, iters: 479, time: 0.489, data: 0.001) G_GAN_ViT: 0.413 D_real_ViT: 0.290 D_fake_ViT: 0.174 global: 0.468 spatial: 0.098 
(epoch: 68, iters: 579, time: 0.488, data: 0.001) G_GAN_ViT: 0.413 D_real_ViT: 0.237 D_fake_ViT: 0.164 global: 0.455 spatial: 0.089 
(epoch: 68, iters: 679, time: 0.488, data: 0.001) G_GAN_ViT: 0.390 D_real_ViT: 0.345 D_fake_ViT: 0.172 global: 0.492 spatial: 0.088 
(epoch: 68, iters: 779, time: 0.488, data: 0.001) G_GAN_ViT: 0.314 D_real_ViT: 0.081 D_fake_ViT: 0.244 global: 0.486 spatial: 0.090 
(epoch: 68, iters: 879, time: 0.488, data: 0.001) G_GAN_ViT: 0.307 D_real_ViT: 0.304 D_fake_ViT: 0.239 global: 0.459 spatial: 0.087 
(epoch: 68, iters: 979, time: 0.488, data: 0.001) G_GAN_ViT: 0.380 D_real_ViT: 0.173 D_fake_ViT: 0.187 global: 0.386 spatial: 0.084 
(epoch: 68, iters: 1079, time: 0.488, data: 0.001) G_GAN_ViT: 0.366 D_real_ViT: 0.158 D_fake_ViT: 0.200 global: 0.351 spatial: 0.086 
(epoch: 68, iters: 1179, time: 0.489, data: 0.001) G_GAN_ViT: 0.298 D_real_ViT: 0.201 D_fake_ViT: 0.256 global: 0.330 spatial: 0.070 
(epoch: 68, iters: 1279, time: 0.488, data: 0.001) G_GAN_ViT: 0.507 D_real_ViT: 0.093 D_fake_ViT: 0.122 global: 0.366 spatial: 0.069 
(epoch: 68, iters: 1379, time: 0.488, data: 0.001) G_GAN_ViT: 0.494 D_real_ViT: 0.219 D_fake_ViT: 0.128 global: 0.272 spatial: 0.057 
(epoch: 68, iters: 1479, time: 0.489, data: 0.001) G_GAN_ViT: 0.433 D_real_ViT: 0.282 D_fake_ViT: 0.152 global: 0.313 spatial: 0.077 
(epoch: 68, iters: 1579, time: 0.489, data: 0.001) G_GAN_ViT: 0.301 D_real_ViT: 0.262 D_fake_ViT: 0.233 global: 0.489 spatial: 0.093 
(epoch: 68, iters: 1679, time: 0.489, data: 0.001) G_GAN_ViT: 0.341 D_real_ViT: 0.278 D_fake_ViT: 0.215 global: 0.431 spatial: 0.100 
(epoch: 68, iters: 1779, time: 0.489, data: 0.001) G_GAN_ViT: 0.309 D_real_ViT: 0.316 D_fake_ViT: 0.255 global: 0.407 spatial: 0.095 
(epoch: 68, iters: 1879, time: 0.489, data: 0.001) G_GAN_ViT: 0.208 D_real_ViT: 0.282 D_fake_ViT: 0.347 global: 0.313 spatial: 0.063 
(epoch: 68, iters: 1979, time: 0.489, data: 0.001) G_GAN_ViT: 0.439 D_real_ViT: 0.212 D_fake_ViT: 0.147 global: 0.290 spatial: 0.071 
saving the latest model (epoch 68, total_iters 435000)
ICL_single_traffic_hwy
(epoch: 68, iters: 2079, time: 0.488, data: 0.002) G_GAN_ViT: 0.455 D_real_ViT: 0.126 D_fake_ViT: 0.136 global: 0.444 spatial: 0.082 
(epoch: 68, iters: 2179, time: 0.488, data: 0.001) G_GAN_ViT: 0.355 D_real_ViT: 0.189 D_fake_ViT: 0.219 global: 0.338 spatial: 0.082 
(epoch: 68, iters: 2279, time: 0.489, data: 0.001) G_GAN_ViT: 0.263 D_real_ViT: 0.261 D_fake_ViT: 0.274 global: 0.420 spatial: 0.083 
(epoch: 68, iters: 2379, time: 0.489, data: 0.001) G_GAN_ViT: 0.345 D_real_ViT: 0.150 D_fake_ViT: 0.209 global: 0.427 spatial: 0.097 
(epoch: 68, iters: 2479, time: 0.489, data: 0.001) G_GAN_ViT: 0.273 D_real_ViT: 0.211 D_fake_ViT: 0.262 global: 0.405 spatial: 0.082 
(epoch: 68, iters: 2579, time: 0.489, data: 0.001) G_GAN_ViT: 0.402 D_real_ViT: 0.198 D_fake_ViT: 0.158 global: 0.410 spatial: 0.084 
(epoch: 68, iters: 2679, time: 0.489, data: 0.001) G_GAN_ViT: 0.329 D_real_ViT: 0.214 D_fake_ViT: 0.213 global: 0.402 spatial: 0.079 
(epoch: 68, iters: 2779, time: 0.489, data: 0.001) G_GAN_ViT: 0.420 D_real_ViT: 0.219 D_fake_ViT: 0.150 global: 0.402 spatial: 0.072 
(epoch: 68, iters: 2879, time: 0.489, data: 0.001) G_GAN_ViT: 0.377 D_real_ViT: 0.251 D_fake_ViT: 0.184 global: 0.459 spatial: 0.093 
(epoch: 68, iters: 2979, time: 0.488, data: 0.001) G_GAN_ViT: 0.363 D_real_ViT: 0.234 D_fake_ViT: 0.201 global: 0.421 spatial: 0.088 
(epoch: 68, iters: 3079, time: 0.488, data: 0.002) G_GAN_ViT: 0.411 D_real_ViT: 0.262 D_fake_ViT: 0.173 global: 0.463 spatial: 0.083 
(epoch: 68, iters: 3179, time: 0.489, data: 0.001) G_GAN_ViT: 0.356 D_real_ViT: 0.158 D_fake_ViT: 0.211 global: 0.461 spatial: 0.089 
(epoch: 68, iters: 3279, time: 0.488, data: 0.001) G_GAN_ViT: 0.318 D_real_ViT: 0.206 D_fake_ViT: 0.231 global: 0.403 spatial: 0.076 
(epoch: 68, iters: 3379, time: 0.488, data: 0.002) G_GAN_ViT: 0.311 D_real_ViT: 0.222 D_fake_ViT: 0.229 global: 0.442 spatial: 0.087 
(epoch: 68, iters: 3479, time: 0.488, data: 0.001) G_GAN_ViT: 0.318 D_real_ViT: 0.179 D_fake_ViT: 0.249 global: 0.458 spatial: 0.083 
(epoch: 68, iters: 3579, time: 0.489, data: 0.001) G_GAN_ViT: 0.296 D_real_ViT: 0.199 D_fake_ViT: 0.234 global: 0.397 spatial: 0.078 
(epoch: 68, iters: 3679, time: 0.489, data: 0.001) G_GAN_ViT: 0.366 D_real_ViT: 0.401 D_fake_ViT: 0.180 global: 0.373 spatial: 0.065 
(epoch: 68, iters: 3779, time: 0.489, data: 0.002) G_GAN_ViT: 0.292 D_real_ViT: 0.099 D_fake_ViT: 0.248 global: 0.389 spatial: 0.072 
(epoch: 68, iters: 3879, time: 0.489, data: 0.001) G_GAN_ViT: 0.471 D_real_ViT: 0.080 D_fake_ViT: 0.138 global: 0.374 spatial: 0.089 
(epoch: 68, iters: 3979, time: 0.489, data: 0.001) G_GAN_ViT: 0.314 D_real_ViT: 0.168 D_fake_ViT: 0.223 global: 0.476 spatial: 0.080 
(epoch: 68, iters: 4079, time: 0.489, data: 0.002) G_GAN_ViT: 0.351 D_real_ViT: 0.237 D_fake_ViT: 0.191 global: 0.350 spatial: 0.073 
(epoch: 68, iters: 4179, time: 0.489, data: 0.001) G_GAN_ViT: 0.280 D_real_ViT: 0.240 D_fake_ViT: 0.254 global: 0.401 spatial: 0.076 
(epoch: 68, iters: 4279, time: 0.489, data: 0.002) G_GAN_ViT: 0.291 D_real_ViT: 0.330 D_fake_ViT: 0.251 global: 0.389 spatial: 0.106 
(epoch: 68, iters: 4379, time: 0.488, data: 0.001) G_GAN_ViT: 0.444 D_real_ViT: 0.267 D_fake_ViT: 0.158 global: 0.263 spatial: 0.082 
(epoch: 68, iters: 4479, time: 0.489, data: 0.001) G_GAN_ViT: 0.309 D_real_ViT: 0.178 D_fake_ViT: 0.237 global: 0.326 spatial: 0.073 
(epoch: 68, iters: 4579, time: 0.489, data: 0.001) G_GAN_ViT: 0.346 D_real_ViT: 0.300 D_fake_ViT: 0.203 global: 0.350 spatial: 0.085 
(epoch: 68, iters: 4679, time: 0.489, data: 0.001) G_GAN_ViT: 0.433 D_real_ViT: 0.175 D_fake_ViT: 0.146 global: 0.337 spatial: 0.070 
(epoch: 68, iters: 4779, time: 0.489, data: 0.002) G_GAN_ViT: 0.428 D_real_ViT: 0.223 D_fake_ViT: 0.157 global: 0.317 spatial: 0.086 
(epoch: 68, iters: 4879, time: 0.489, data: 0.001) G_GAN_ViT: 0.374 D_real_ViT: 0.237 D_fake_ViT: 0.175 global: 0.463 spatial: 0.083 
(epoch: 68, iters: 4979, time: 0.489, data: 0.002) G_GAN_ViT: 0.426 D_real_ViT: 0.223 D_fake_ViT: 0.160 global: 0.300 spatial: 0.076 
(epoch: 68, iters: 5079, time: 0.489, data: 0.001) G_GAN_ViT: 0.401 D_real_ViT: 0.122 D_fake_ViT: 0.171 global: 0.331 spatial: 0.082 
(epoch: 68, iters: 5179, time: 0.488, data: 0.001) G_GAN_ViT: 0.369 D_real_ViT: 0.212 D_fake_ViT: 0.183 global: 0.345 spatial: 0.075 
(epoch: 68, iters: 5279, time: 0.489, data: 0.001) G_GAN_ViT: 0.415 D_real_ViT: 0.210 D_fake_ViT: 0.169 global: 0.298 spatial: 0.074 
(epoch: 68, iters: 5379, time: 0.489, data: 0.001) G_GAN_ViT: 0.505 D_real_ViT: 0.283 D_fake_ViT: 0.149 global: 0.425 spatial: 0.105 
(epoch: 68, iters: 5479, time: 0.489, data: 0.001) G_GAN_ViT: 0.276 D_real_ViT: 0.085 D_fake_ViT: 0.264 global: 0.396 spatial: 0.068 
(epoch: 68, iters: 5579, time: 0.489, data: 0.002) G_GAN_ViT: 0.312 D_real_ViT: 0.273 D_fake_ViT: 0.225 global: 0.317 spatial: 0.073 
(epoch: 68, iters: 5679, time: 0.489, data: 0.001) G_GAN_ViT: 0.338 D_real_ViT: 0.268 D_fake_ViT: 0.214 global: 0.335 spatial: 0.071 
(epoch: 68, iters: 5779, time: 0.488, data: 0.001) G_GAN_ViT: 0.397 D_real_ViT: 0.218 D_fake_ViT: 0.176 global: 0.347 spatial: 0.081 
(epoch: 68, iters: 5879, time: 0.488, data: 0.001) G_GAN_ViT: 0.396 D_real_ViT: 0.267 D_fake_ViT: 0.170 global: 0.333 spatial: 0.065 
(epoch: 68, iters: 5979, time: 0.487, data: 0.001) G_GAN_ViT: 0.432 D_real_ViT: 0.168 D_fake_ViT: 0.150 global: 0.430 spatial: 0.091 
(epoch: 68, iters: 6079, time: 0.488, data: 0.002) G_GAN_ViT: 0.405 D_real_ViT: 0.167 D_fake_ViT: 0.171 global: 0.337 spatial: 0.072 
(epoch: 68, iters: 6179, time: 0.488, data: 0.001) G_GAN_ViT: 0.278 D_real_ViT: 0.338 D_fake_ViT: 0.266 global: 0.438 spatial: 0.091 
(epoch: 68, iters: 6279, time: 0.488, data: 0.001) G_GAN_ViT: 0.446 D_real_ViT: 0.307 D_fake_ViT: 0.142 global: 0.318 spatial: 0.078 
(epoch: 68, iters: 6379, time: 0.488, data: 0.001) G_GAN_ViT: 0.277 D_real_ViT: 0.278 D_fake_ViT: 0.262 global: 0.370 spatial: 0.079 
End of epoch 68 / 100 	 Time Taken: 3167 sec
learning rate = 0.0000063
(epoch: 69, iters: 16, time: 0.488, data: 0.001) G_GAN_ViT: 0.360 D_real_ViT: 0.172 D_fake_ViT: 0.195 global: 0.389 spatial: 0.090 
(epoch: 69, iters: 116, time: 0.488, data: 0.001) G_GAN_ViT: 0.442 D_real_ViT: 0.317 D_fake_ViT: 0.146 global: 0.341 spatial: 0.086 
(epoch: 69, iters: 216, time: 0.489, data: 0.001) G_GAN_ViT: 0.338 D_real_ViT: 0.253 D_fake_ViT: 0.212 global: 0.374 spatial: 0.084 
(epoch: 69, iters: 316, time: 0.489, data: 0.001) G_GAN_ViT: 0.386 D_real_ViT: 0.196 D_fake_ViT: 0.191 global: 0.394 spatial: 0.083 
(epoch: 69, iters: 416, time: 0.489, data: 0.001) G_GAN_ViT: 0.386 D_real_ViT: 0.237 D_fake_ViT: 0.183 global: 0.347 spatial: 0.069 
(epoch: 69, iters: 516, time: 0.489, data: 0.002) G_GAN_ViT: 0.398 D_real_ViT: 0.127 D_fake_ViT: 0.166 global: 0.338 spatial: 0.069 
saving the latest model (epoch 69, total_iters 440000)
ICL_single_traffic_hwy
(epoch: 69, iters: 616, time: 0.489, data: 0.001) G_GAN_ViT: 0.274 D_real_ViT: 0.140 D_fake_ViT: 0.302 global: 0.432 spatial: 0.081 
(epoch: 69, iters: 716, time: 0.489, data: 0.001) G_GAN_ViT: 0.316 D_real_ViT: 0.151 D_fake_ViT: 0.248 global: 0.390 spatial: 0.087 
(epoch: 69, iters: 816, time: 0.488, data: 0.001) G_GAN_ViT: 0.398 D_real_ViT: 0.378 D_fake_ViT: 0.182 global: 0.462 spatial: 0.105 
(epoch: 69, iters: 916, time: 0.489, data: 0.001) G_GAN_ViT: 0.409 D_real_ViT: 0.219 D_fake_ViT: 0.160 global: 0.354 spatial: 0.077 
(epoch: 69, iters: 1016, time: 0.489, data: 0.001) G_GAN_ViT: 0.268 D_real_ViT: 0.226 D_fake_ViT: 0.278 global: 0.487 spatial: 0.085 
(epoch: 69, iters: 1116, time: 0.490, data: 0.001) G_GAN_ViT: 0.347 D_real_ViT: 0.187 D_fake_ViT: 0.223 global: 0.478 spatial: 0.086 
(epoch: 69, iters: 1216, time: 0.490, data: 0.001) G_GAN_ViT: 0.257 D_real_ViT: 0.150 D_fake_ViT: 0.280 global: 0.428 spatial: 0.074 
(epoch: 69, iters: 1316, time: 0.490, data: 0.001) G_GAN_ViT: 0.293 D_real_ViT: 0.299 D_fake_ViT: 0.248 global: 0.381 spatial: 0.084 
(epoch: 69, iters: 1416, time: 0.490, data: 0.002) G_GAN_ViT: 0.324 D_real_ViT: 0.293 D_fake_ViT: 0.216 global: 0.425 spatial: 0.084 
(epoch: 69, iters: 1516, time: 0.489, data: 0.001) G_GAN_ViT: 0.441 D_real_ViT: 0.268 D_fake_ViT: 0.147 global: 0.391 spatial: 0.079 
(epoch: 69, iters: 1616, time: 0.489, data: 0.001) G_GAN_ViT: 0.404 D_real_ViT: 0.275 D_fake_ViT: 0.185 global: 0.306 spatial: 0.093 
(epoch: 69, iters: 1716, time: 0.488, data: 0.001) G_GAN_ViT: 0.298 D_real_ViT: 0.214 D_fake_ViT: 0.248 global: 0.419 spatial: 0.091 
(epoch: 69, iters: 1816, time: 0.488, data: 0.001) G_GAN_ViT: 0.255 D_real_ViT: 0.215 D_fake_ViT: 0.277 global: 0.402 spatial: 0.079 
(epoch: 69, iters: 1916, time: 0.488, data: 0.001) G_GAN_ViT: 0.382 D_real_ViT: 0.207 D_fake_ViT: 0.208 global: 0.474 spatial: 0.097 
(epoch: 69, iters: 2016, time: 0.488, data: 0.001) G_GAN_ViT: 0.285 D_real_ViT: 0.339 D_fake_ViT: 0.268 global: 0.299 spatial: 0.077 
(epoch: 69, iters: 2116, time: 0.488, data: 0.001) G_GAN_ViT: 0.378 D_real_ViT: 0.270 D_fake_ViT: 0.174 global: 0.338 spatial: 0.067 
(epoch: 69, iters: 2216, time: 0.489, data: 0.002) G_GAN_ViT: 0.250 D_real_ViT: 0.238 D_fake_ViT: 0.294 global: 0.303 spatial: 0.076 
(epoch: 69, iters: 2316, time: 0.489, data: 0.001) G_GAN_ViT: 0.380 D_real_ViT: 0.168 D_fake_ViT: 0.196 global: 0.234 spatial: 0.067 
(epoch: 69, iters: 2416, time: 0.490, data: 0.001) G_GAN_ViT: 0.360 D_real_ViT: 0.180 D_fake_ViT: 0.226 global: 0.383 spatial: 0.097 
(epoch: 69, iters: 2516, time: 0.490, data: 0.001) G_GAN_ViT: 0.316 D_real_ViT: 0.109 D_fake_ViT: 0.247 global: 0.384 spatial: 0.074 
(epoch: 69, iters: 2616, time: 0.490, data: 0.002) G_GAN_ViT: 0.383 D_real_ViT: 0.241 D_fake_ViT: 0.183 global: 0.321 spatial: 0.072 
(epoch: 69, iters: 2716, time: 0.490, data: 0.004) G_GAN_ViT: 0.279 D_real_ViT: 0.146 D_fake_ViT: 0.272 global: 0.323 spatial: 0.071 
(epoch: 69, iters: 2816, time: 0.490, data: 0.001) G_GAN_ViT: 0.322 D_real_ViT: 0.195 D_fake_ViT: 0.239 global: 0.352 spatial: 0.082 
(epoch: 69, iters: 2916, time: 0.490, data: 0.001) G_GAN_ViT: 0.438 D_real_ViT: 0.366 D_fake_ViT: 0.148 global: 0.346 spatial: 0.087 
(epoch: 69, iters: 3016, time: 0.490, data: 0.001) G_GAN_ViT: 0.308 D_real_ViT: 0.241 D_fake_ViT: 0.235 global: 0.412 spatial: 0.086 
(epoch: 69, iters: 3116, time: 0.489, data: 0.001) G_GAN_ViT: 0.405 D_real_ViT: 0.281 D_fake_ViT: 0.168 global: 0.318 spatial: 0.090 
(epoch: 69, iters: 3216, time: 0.490, data: 0.001) G_GAN_ViT: 0.420 D_real_ViT: 0.242 D_fake_ViT: 0.157 global: 0.258 spatial: 0.067 
(epoch: 69, iters: 3316, time: 0.489, data: 0.001) G_GAN_ViT: 0.438 D_real_ViT: 0.247 D_fake_ViT: 0.153 global: 0.412 spatial: 0.092 
(epoch: 69, iters: 3416, time: 0.489, data: 0.002) G_GAN_ViT: 0.246 D_real_ViT: 0.318 D_fake_ViT: 0.292 global: 0.421 spatial: 0.082 
(epoch: 69, iters: 3516, time: 0.489, data: 0.001) G_GAN_ViT: 0.248 D_real_ViT: 0.245 D_fake_ViT: 0.294 global: 0.424 spatial: 0.088 
(epoch: 69, iters: 3616, time: 0.488, data: 0.001) G_GAN_ViT: 0.365 D_real_ViT: 0.326 D_fake_ViT: 0.192 global: 0.379 spatial: 0.085 
(epoch: 69, iters: 3716, time: 0.488, data: 0.001) G_GAN_ViT: 0.366 D_real_ViT: 0.203 D_fake_ViT: 0.195 global: 0.433 spatial: 0.089 
(epoch: 69, iters: 3816, time: 0.488, data: 0.002) G_GAN_ViT: 0.357 D_real_ViT: 0.245 D_fake_ViT: 0.207 global: 0.470 spatial: 0.090 
(epoch: 69, iters: 3916, time: 0.489, data: 0.001) G_GAN_ViT: 0.292 D_real_ViT: 0.156 D_fake_ViT: 0.251 global: 0.412 spatial: 0.074 
(epoch: 69, iters: 4016, time: 0.488, data: 0.001) G_GAN_ViT: 0.448 D_real_ViT: 0.286 D_fake_ViT: 0.137 global: 0.267 spatial: 0.061 
(epoch: 69, iters: 4116, time: 0.488, data: 0.001) G_GAN_ViT: 0.290 D_real_ViT: 0.305 D_fake_ViT: 0.279 global: 0.406 spatial: 0.077 
(epoch: 69, iters: 4216, time: 0.487, data: 0.001) G_GAN_ViT: 0.283 D_real_ViT: 0.083 D_fake_ViT: 0.275 global: 0.501 spatial: 0.098 
(epoch: 69, iters: 4316, time: 0.488, data: 0.001) G_GAN_ViT: 0.360 D_real_ViT: 0.133 D_fake_ViT: 0.193 global: 0.308 spatial: 0.066 
(epoch: 69, iters: 4416, time: 0.489, data: 0.001) G_GAN_ViT: 0.349 D_real_ViT: 0.199 D_fake_ViT: 0.207 global: 0.410 spatial: 0.093 
(epoch: 69, iters: 4516, time: 0.489, data: 0.001) G_GAN_ViT: 0.461 D_real_ViT: 0.322 D_fake_ViT: 0.142 global: 0.411 spatial: 0.091 
(epoch: 69, iters: 4616, time: 0.489, data: 0.002) G_GAN_ViT: 0.412 D_real_ViT: 0.154 D_fake_ViT: 0.163 global: 0.334 spatial: 0.075 
(epoch: 69, iters: 4716, time: 0.490, data: 0.001) G_GAN_ViT: 0.335 D_real_ViT: 0.197 D_fake_ViT: 0.216 global: 0.418 spatial: 0.083 
(epoch: 69, iters: 4816, time: 0.490, data: 0.001) G_GAN_ViT: 0.158 D_real_ViT: 0.150 D_fake_ViT: 0.422 global: 0.307 spatial: 0.069 
(epoch: 69, iters: 4916, time: 0.488, data: 0.001) G_GAN_ViT: 0.425 D_real_ViT: 0.250 D_fake_ViT: 0.153 global: 0.333 spatial: 0.069 
(epoch: 69, iters: 5016, time: 0.489, data: 0.001) G_GAN_ViT: 0.360 D_real_ViT: 0.209 D_fake_ViT: 0.189 global: 0.450 spatial: 0.084 
(epoch: 69, iters: 5116, time: 0.489, data: 0.001) G_GAN_ViT: 0.394 D_real_ViT: 0.286 D_fake_ViT: 0.181 global: 0.449 spatial: 0.082 
(epoch: 69, iters: 5216, time: 0.489, data: 0.001) G_GAN_ViT: 0.325 D_real_ViT: 0.254 D_fake_ViT: 0.215 global: 0.485 spatial: 0.085 
(epoch: 69, iters: 5316, time: 0.489, data: 0.001) G_GAN_ViT: 0.234 D_real_ViT: 0.102 D_fake_ViT: 0.317 global: 0.292 spatial: 0.077 
(epoch: 69, iters: 5416, time: 0.488, data: 0.002) G_GAN_ViT: 0.332 D_real_ViT: 0.262 D_fake_ViT: 0.204 global: 0.402 spatial: 0.085 
(epoch: 69, iters: 5516, time: 0.489, data: 0.004) G_GAN_ViT: 0.364 D_real_ViT: 0.259 D_fake_ViT: 0.196 global: 0.484 spatial: 0.090 
saving the latest model (epoch 69, total_iters 445000)
ICL_single_traffic_hwy
(epoch: 69, iters: 5616, time: 0.489, data: 0.001) G_GAN_ViT: 0.277 D_real_ViT: 0.228 D_fake_ViT: 0.277 global: 0.432 spatial: 0.075 
(epoch: 69, iters: 5716, time: 0.488, data: 0.001) G_GAN_ViT: 0.351 D_real_ViT: 0.225 D_fake_ViT: 0.197 global: 0.448 spatial: 0.086 
(epoch: 69, iters: 5816, time: 0.488, data: 0.001) G_GAN_ViT: 0.428 D_real_ViT: 0.165 D_fake_ViT: 0.159 global: 0.407 spatial: 0.077 
(epoch: 69, iters: 5916, time: 0.488, data: 0.001) G_GAN_ViT: 0.335 D_real_ViT: 0.232 D_fake_ViT: 0.221 global: 0.399 spatial: 0.082 
(epoch: 69, iters: 6016, time: 0.488, data: 0.001) G_GAN_ViT: 0.273 D_real_ViT: 0.287 D_fake_ViT: 0.262 global: 0.498 spatial: 0.096 
(epoch: 69, iters: 6116, time: 0.489, data: 0.001) G_GAN_ViT: 0.296 D_real_ViT: 0.129 D_fake_ViT: 0.251 global: 0.388 spatial: 0.088 
(epoch: 69, iters: 6216, time: 0.489, data: 0.001) G_GAN_ViT: 0.356 D_real_ViT: 0.304 D_fake_ViT: 0.203 global: 0.413 spatial: 0.073 
(epoch: 69, iters: 6316, time: 0.489, data: 0.001) G_GAN_ViT: 0.311 D_real_ViT: 0.278 D_fake_ViT: 0.252 global: 0.379 spatial: 0.087 
(epoch: 69, iters: 6416, time: 0.489, data: 0.001) G_GAN_ViT: 0.412 D_real_ViT: 0.314 D_fake_ViT: 0.161 global: 0.340 spatial: 0.064 
End of epoch 69 / 100 	 Time Taken: 3170 sec
learning rate = 0.0000061
(epoch: 70, iters: 53, time: 0.488, data: 0.001) G_GAN_ViT: 0.256 D_real_ViT: 0.324 D_fake_ViT: 0.285 global: 0.510 spatial: 0.084 
(epoch: 70, iters: 153, time: 0.489, data: 0.001) G_GAN_ViT: 0.224 D_real_ViT: 0.309 D_fake_ViT: 0.339 global: 0.376 spatial: 0.099 
(epoch: 70, iters: 253, time: 0.489, data: 0.001) G_GAN_ViT: 0.485 D_real_ViT: 0.302 D_fake_ViT: 0.129 global: 0.266 spatial: 0.060 
(epoch: 70, iters: 353, time: 0.489, data: 0.001) G_GAN_ViT: 0.341 D_real_ViT: 0.240 D_fake_ViT: 0.210 global: 0.371 spatial: 0.074 
(epoch: 70, iters: 453, time: 0.488, data: 0.001) G_GAN_ViT: 0.230 D_real_ViT: 0.193 D_fake_ViT: 0.301 global: 0.429 spatial: 0.090 
(epoch: 70, iters: 553, time: 0.489, data: 0.003) G_GAN_ViT: 0.267 D_real_ViT: 0.371 D_fake_ViT: 0.263 global: 0.413 spatial: 0.079 
(epoch: 70, iters: 653, time: 0.489, data: 0.001) G_GAN_ViT: 0.369 D_real_ViT: 0.264 D_fake_ViT: 0.190 global: 0.295 spatial: 0.079 
(epoch: 70, iters: 753, time: 0.489, data: 0.001) G_GAN_ViT: 0.450 D_real_ViT: 0.274 D_fake_ViT: 0.146 global: 0.432 spatial: 0.082 
(epoch: 70, iters: 853, time: 0.489, data: 0.001) G_GAN_ViT: 0.335 D_real_ViT: 0.183 D_fake_ViT: 0.216 global: 0.230 spatial: 0.063 
(epoch: 70, iters: 953, time: 0.489, data: 0.001) G_GAN_ViT: 0.397 D_real_ViT: 0.230 D_fake_ViT: 0.209 global: 0.350 spatial: 0.107 
(epoch: 70, iters: 1053, time: 0.489, data: 0.001) G_GAN_ViT: 0.333 D_real_ViT: 0.230 D_fake_ViT: 0.214 global: 0.332 spatial: 0.068 
(epoch: 70, iters: 1153, time: 0.489, data: 0.001) G_GAN_ViT: 0.374 D_real_ViT: 0.236 D_fake_ViT: 0.189 global: 0.283 spatial: 0.058 
(epoch: 70, iters: 1253, time: 0.489, data: 0.001) G_GAN_ViT: 0.268 D_real_ViT: 0.139 D_fake_ViT: 0.262 global: 0.421 spatial: 0.081 
(epoch: 70, iters: 1353, time: 0.489, data: 0.001) G_GAN_ViT: 0.398 D_real_ViT: 0.131 D_fake_ViT: 0.170 global: 0.380 spatial: 0.091 
(epoch: 70, iters: 1453, time: 0.489, data: 0.001) G_GAN_ViT: 0.317 D_real_ViT: 0.153 D_fake_ViT: 0.233 global: 0.428 spatial: 0.086 
(epoch: 70, iters: 1553, time: 0.490, data: 0.001) G_GAN_ViT: 0.248 D_real_ViT: 0.177 D_fake_ViT: 0.289 global: 0.393 spatial: 0.074 
(epoch: 70, iters: 1653, time: 0.490, data: 0.001) G_GAN_ViT: 0.414 D_real_ViT: 0.169 D_fake_ViT: 0.175 global: 0.417 spatial: 0.092 
(epoch: 70, iters: 1753, time: 0.490, data: 0.001) G_GAN_ViT: 0.429 D_real_ViT: 0.187 D_fake_ViT: 0.151 global: 0.334 spatial: 0.076 
(epoch: 70, iters: 1853, time: 0.490, data: 0.001) G_GAN_ViT: 0.228 D_real_ViT: 0.331 D_fake_ViT: 0.327 global: 0.444 spatial: 0.095 
(epoch: 70, iters: 1953, time: 0.490, data: 0.001) G_GAN_ViT: 0.329 D_real_ViT: 0.364 D_fake_ViT: 0.224 global: 0.400 spatial: 0.098 
(epoch: 70, iters: 2053, time: 0.489, data: 0.001) G_GAN_ViT: 0.321 D_real_ViT: 0.234 D_fake_ViT: 0.217 global: 0.494 spatial: 0.091 
(epoch: 70, iters: 2153, time: 0.489, data: 0.001) G_GAN_ViT: 0.317 D_real_ViT: 0.210 D_fake_ViT: 0.233 global: 0.399 spatial: 0.093 
(epoch: 70, iters: 2253, time: 0.488, data: 0.001) G_GAN_ViT: 0.380 D_real_ViT: 0.092 D_fake_ViT: 0.176 global: 0.418 spatial: 0.076 
(epoch: 70, iters: 2353, time: 0.488, data: 0.001) G_GAN_ViT: 0.504 D_real_ViT: 0.192 D_fake_ViT: 0.120 global: 0.265 spatial: 0.068 
(epoch: 70, iters: 2453, time: 0.489, data: 0.001) G_GAN_ViT: 0.373 D_real_ViT: 0.293 D_fake_ViT: 0.190 global: 0.354 spatial: 0.074 
(epoch: 70, iters: 2553, time: 0.489, data: 0.001) G_GAN_ViT: 0.331 D_real_ViT: 0.122 D_fake_ViT: 0.213 global: 0.370 spatial: 0.096 
(epoch: 70, iters: 2653, time: 0.488, data: 0.001) G_GAN_ViT: 0.280 D_real_ViT: 0.314 D_fake_ViT: 0.259 global: 0.371 spatial: 0.085 
(epoch: 70, iters: 2753, time: 0.488, data: 0.001) G_GAN_ViT: 0.254 D_real_ViT: 0.225 D_fake_ViT: 0.295 global: 0.374 spatial: 0.077 
(epoch: 70, iters: 2853, time: 0.488, data: 0.001) G_GAN_ViT: 0.446 D_real_ViT: 0.115 D_fake_ViT: 0.145 global: 0.291 spatial: 0.076 
(epoch: 70, iters: 2953, time: 0.488, data: 0.001) G_GAN_ViT: 0.382 D_real_ViT: 0.259 D_fake_ViT: 0.178 global: 0.311 spatial: 0.070 
(epoch: 70, iters: 3053, time: 0.488, data: 0.001) G_GAN_ViT: 0.414 D_real_ViT: 0.271 D_fake_ViT: 0.155 global: 0.384 spatial: 0.086 
(epoch: 70, iters: 3153, time: 0.488, data: 0.001) G_GAN_ViT: 0.292 D_real_ViT: 0.282 D_fake_ViT: 0.241 global: 0.367 spatial: 0.061 
(epoch: 70, iters: 3253, time: 0.487, data: 0.001) G_GAN_ViT: 0.416 D_real_ViT: 0.295 D_fake_ViT: 0.174 global: 0.461 spatial: 0.099 
(epoch: 70, iters: 3353, time: 0.488, data: 0.001) G_GAN_ViT: 0.484 D_real_ViT: 0.253 D_fake_ViT: 0.130 global: 0.451 spatial: 0.088 
(epoch: 70, iters: 3453, time: 0.488, data: 0.001) G_GAN_ViT: 0.350 D_real_ViT: 0.067 D_fake_ViT: 0.198 global: 0.399 spatial: 0.085 
(epoch: 70, iters: 3553, time: 0.488, data: 0.002) G_GAN_ViT: 0.465 D_real_ViT: 0.264 D_fake_ViT: 0.130 global: 0.274 spatial: 0.063 
(epoch: 70, iters: 3653, time: 0.489, data: 0.001) G_GAN_ViT: 0.418 D_real_ViT: 0.075 D_fake_ViT: 0.154 global: 0.341 spatial: 0.080 
(epoch: 70, iters: 3753, time: 0.489, data: 0.004) G_GAN_ViT: 0.372 D_real_ViT: 0.075 D_fake_ViT: 0.195 global: 0.328 spatial: 0.084 
(epoch: 70, iters: 3853, time: 0.489, data: 0.001) G_GAN_ViT: 0.241 D_real_ViT: 0.210 D_fake_ViT: 0.304 global: 0.417 spatial: 0.065 
(epoch: 70, iters: 3953, time: 0.489, data: 0.002) G_GAN_ViT: 0.441 D_real_ViT: 0.245 D_fake_ViT: 0.147 global: 0.353 spatial: 0.087 
(epoch: 70, iters: 4053, time: 0.489, data: 0.001) G_GAN_ViT: 0.274 D_real_ViT: 0.154 D_fake_ViT: 0.271 global: 0.425 spatial: 0.091 
saving the latest model (epoch 70, total_iters 450000)
ICL_single_traffic_hwy
(epoch: 70, iters: 4153, time: 0.488, data: 0.002) G_GAN_ViT: 0.381 D_real_ViT: 0.284 D_fake_ViT: 0.173 global: 0.331 spatial: 0.076 
(epoch: 70, iters: 4253, time: 0.488, data: 0.001) G_GAN_ViT: 0.446 D_real_ViT: 0.178 D_fake_ViT: 0.147 global: 0.279 spatial: 0.059 
(epoch: 70, iters: 4353, time: 0.488, data: 0.001) G_GAN_ViT: 0.385 D_real_ViT: 0.246 D_fake_ViT: 0.176 global: 0.412 spatial: 0.081 
(epoch: 70, iters: 4453, time: 0.488, data: 0.001) G_GAN_ViT: 0.420 D_real_ViT: 0.220 D_fake_ViT: 0.157 global: 0.331 spatial: 0.086 
(epoch: 70, iters: 4553, time: 0.488, data: 0.001) G_GAN_ViT: 0.381 D_real_ViT: 0.192 D_fake_ViT: 0.176 global: 0.341 spatial: 0.070 
(epoch: 70, iters: 4653, time: 0.489, data: 0.001) G_GAN_ViT: 0.399 D_real_ViT: 0.283 D_fake_ViT: 0.162 global: 0.320 spatial: 0.069 
(epoch: 70, iters: 4753, time: 0.489, data: 0.001) G_GAN_ViT: 0.482 D_real_ViT: 0.316 D_fake_ViT: 0.137 global: 0.342 spatial: 0.086 
(epoch: 70, iters: 4853, time: 0.488, data: 0.001) G_GAN_ViT: 0.349 D_real_ViT: 0.326 D_fake_ViT: 0.218 global: 0.425 spatial: 0.088 
(epoch: 70, iters: 4953, time: 0.489, data: 0.001) G_GAN_ViT: 0.321 D_real_ViT: 0.150 D_fake_ViT: 0.235 global: 0.468 spatial: 0.098 
(epoch: 70, iters: 5053, time: 0.488, data: 0.001) G_GAN_ViT: 0.355 D_real_ViT: 0.226 D_fake_ViT: 0.213 global: 0.486 spatial: 0.099 
(epoch: 70, iters: 5153, time: 0.488, data: 0.002) G_GAN_ViT: 0.198 D_real_ViT: 0.330 D_fake_ViT: 0.355 global: 0.296 spatial: 0.075 
(epoch: 70, iters: 5253, time: 0.489, data: 0.002) G_GAN_ViT: 0.439 D_real_ViT: 0.238 D_fake_ViT: 0.139 global: 0.417 spatial: 0.086 
(epoch: 70, iters: 5353, time: 0.488, data: 0.001) G_GAN_ViT: 0.431 D_real_ViT: 0.234 D_fake_ViT: 0.147 global: 0.427 spatial: 0.087 
(epoch: 70, iters: 5453, time: 0.488, data: 0.001) G_GAN_ViT: 0.387 D_real_ViT: 0.172 D_fake_ViT: 0.171 global: 0.329 spatial: 0.077 
(epoch: 70, iters: 5553, time: 0.488, data: 0.001) G_GAN_ViT: 0.367 D_real_ViT: 0.024 D_fake_ViT: 0.226 global: 0.395 spatial: 0.095 
(epoch: 70, iters: 5653, time: 0.488, data: 0.001) G_GAN_ViT: 0.372 D_real_ViT: 0.150 D_fake_ViT: 0.184 global: 0.328 spatial: 0.065 
(epoch: 70, iters: 5753, time: 0.488, data: 0.001) G_GAN_ViT: 0.313 D_real_ViT: 0.326 D_fake_ViT: 0.226 global: 0.482 spatial: 0.089 
(epoch: 70, iters: 5853, time: 0.489, data: 0.001) G_GAN_ViT: 0.367 D_real_ViT: 0.246 D_fake_ViT: 0.196 global: 0.374 spatial: 0.086 
(epoch: 70, iters: 5953, time: 0.489, data: 0.001) G_GAN_ViT: 0.491 D_real_ViT: 0.426 D_fake_ViT: 0.109 global: 0.358 spatial: 0.081 
(epoch: 70, iters: 6053, time: 0.488, data: 0.001) G_GAN_ViT: 0.272 D_real_ViT: 0.065 D_fake_ViT: 0.279 global: 0.461 spatial: 0.095 
(epoch: 70, iters: 6153, time: 0.488, data: 0.001) G_GAN_ViT: 0.315 D_real_ViT: 0.287 D_fake_ViT: 0.235 global: 0.395 spatial: 0.074 
(epoch: 70, iters: 6253, time: 0.488, data: 0.001) G_GAN_ViT: 0.373 D_real_ViT: 0.252 D_fake_ViT: 0.181 global: 0.339 spatial: 0.078 
(epoch: 70, iters: 6353, time: 0.488, data: 0.002) G_GAN_ViT: 0.326 D_real_ViT: 0.252 D_fake_ViT: 0.228 global: 0.422 spatial: 0.084 
(epoch: 70, iters: 6453, time: 0.489, data: 0.001) G_GAN_ViT: 0.275 D_real_ViT: 0.275 D_fake_ViT: 0.262 global: 0.419 spatial: 0.085 
saving the model at the end of epoch 70, iters 452410
End of epoch 70 / 100 	 Time Taken: 3169 sec
learning rate = 0.0000059
(epoch: 71, iters: 90, time: 0.489, data: 0.001) G_GAN_ViT: 0.349 D_real_ViT: 0.250 D_fake_ViT: 0.196 global: 0.310 spatial: 0.075 
(epoch: 71, iters: 190, time: 0.489, data: 0.001) G_GAN_ViT: 0.234 D_real_ViT: 0.340 D_fake_ViT: 0.320 global: 0.318 spatial: 0.071 
(epoch: 71, iters: 290, time: 0.489, data: 0.001) G_GAN_ViT: 0.324 D_real_ViT: 0.194 D_fake_ViT: 0.219 global: 0.528 spatial: 0.089 
(epoch: 71, iters: 390, time: 0.489, data: 0.001) G_GAN_ViT: 0.369 D_real_ViT: 0.096 D_fake_ViT: 0.186 global: 0.384 spatial: 0.076 
(epoch: 71, iters: 490, time: 0.489, data: 0.001) G_GAN_ViT: 0.467 D_real_ViT: 0.273 D_fake_ViT: 0.127 global: 0.252 spatial: 0.055 
(epoch: 71, iters: 590, time: 0.489, data: 0.001) G_GAN_ViT: 0.344 D_real_ViT: 0.117 D_fake_ViT: 0.219 global: 0.377 spatial: 0.093 
(epoch: 71, iters: 690, time: 0.490, data: 0.001) G_GAN_ViT: 0.335 D_real_ViT: 0.278 D_fake_ViT: 0.201 global: 0.366 spatial: 0.079 
(epoch: 71, iters: 790, time: 0.489, data: 0.001) G_GAN_ViT: 0.455 D_real_ViT: 0.287 D_fake_ViT: 0.141 global: 0.309 spatial: 0.079 
(epoch: 71, iters: 890, time: 0.488, data: 0.002) G_GAN_ViT: 0.310 D_real_ViT: 0.072 D_fake_ViT: 0.228 global: 0.419 spatial: 0.080 
(epoch: 71, iters: 990, time: 0.488, data: 0.001) G_GAN_ViT: 0.264 D_real_ViT: 0.193 D_fake_ViT: 0.268 global: 0.391 spatial: 0.078 
(epoch: 71, iters: 1090, time: 0.488, data: 0.001) G_GAN_ViT: 0.459 D_real_ViT: 0.226 D_fake_ViT: 0.130 global: 0.326 spatial: 0.075 
(epoch: 71, iters: 1190, time: 0.488, data: 0.001) G_GAN_ViT: 0.265 D_real_ViT: 0.209 D_fake_ViT: 0.272 global: 0.521 spatial: 0.085 
(epoch: 71, iters: 1290, time: 0.488, data: 0.001) G_GAN_ViT: 0.341 D_real_ViT: 0.263 D_fake_ViT: 0.206 global: 0.382 spatial: 0.084 
(epoch: 71, iters: 1390, time: 0.488, data: 0.001) G_GAN_ViT: 0.384 D_real_ViT: 0.274 D_fake_ViT: 0.174 global: 0.343 spatial: 0.067 
(epoch: 71, iters: 1490, time: 0.489, data: 0.001) G_GAN_ViT: 0.403 D_real_ViT: 0.291 D_fake_ViT: 0.164 global: 0.395 spatial: 0.090 
(epoch: 71, iters: 1590, time: 0.489, data: 0.001) G_GAN_ViT: 0.272 D_real_ViT: 0.319 D_fake_ViT: 0.257 global: 0.420 spatial: 0.090 
(epoch: 71, iters: 1690, time: 0.489, data: 0.002) G_GAN_ViT: 0.315 D_real_ViT: 0.238 D_fake_ViT: 0.234 global: 0.316 spatial: 0.064 
(epoch: 71, iters: 1790, time: 0.489, data: 0.001) G_GAN_ViT: 0.425 D_real_ViT: 0.156 D_fake_ViT: 0.153 global: 0.341 spatial: 0.085 
(epoch: 71, iters: 1890, time: 0.489, data: 0.001) G_GAN_ViT: 0.466 D_real_ViT: 0.065 D_fake_ViT: 0.148 global: 0.369 spatial: 0.087 
(epoch: 71, iters: 1990, time: 0.489, data: 0.001) G_GAN_ViT: 0.252 D_real_ViT: 0.277 D_fake_ViT: 0.301 global: 0.409 spatial: 0.076 
(epoch: 71, iters: 2090, time: 0.488, data: 0.001) G_GAN_ViT: 0.455 D_real_ViT: 0.173 D_fake_ViT: 0.136 global: 0.419 spatial: 0.075 
(epoch: 71, iters: 2190, time: 0.488, data: 0.002) G_GAN_ViT: 0.372 D_real_ViT: 0.246 D_fake_ViT: 0.185 global: 0.439 spatial: 0.083 
(epoch: 71, iters: 2290, time: 0.489, data: 0.001) G_GAN_ViT: 0.414 D_real_ViT: 0.232 D_fake_ViT: 0.171 global: 0.430 spatial: 0.105 
(epoch: 71, iters: 2390, time: 0.489, data: 0.001) G_GAN_ViT: 0.284 D_real_ViT: 0.249 D_fake_ViT: 0.261 global: 0.492 spatial: 0.086 
(epoch: 71, iters: 2490, time: 0.489, data: 0.001) G_GAN_ViT: 0.313 D_real_ViT: 0.197 D_fake_ViT: 0.240 global: 0.515 spatial: 0.102 
(epoch: 71, iters: 2590, time: 0.489, data: 0.001) G_GAN_ViT: 0.340 D_real_ViT: 0.301 D_fake_ViT: 0.208 global: 0.493 spatial: 0.090 
saving the latest model (epoch 71, total_iters 455000)
ICL_single_traffic_hwy
(epoch: 71, iters: 2690, time: 0.489, data: 0.001) G_GAN_ViT: 0.404 D_real_ViT: 0.277 D_fake_ViT: 0.206 global: 0.408 spatial: 0.108 
(epoch: 71, iters: 2790, time: 0.488, data: 0.001) G_GAN_ViT: 0.382 D_real_ViT: 0.366 D_fake_ViT: 0.177 global: 0.323 spatial: 0.075 
(epoch: 71, iters: 2890, time: 0.489, data: 0.001) G_GAN_ViT: 0.351 D_real_ViT: 0.215 D_fake_ViT: 0.202 global: 0.351 spatial: 0.085 
(epoch: 71, iters: 2990, time: 0.488, data: 0.002) G_GAN_ViT: 0.377 D_real_ViT: 0.246 D_fake_ViT: 0.181 global: 0.403 spatial: 0.089 
(epoch: 71, iters: 3090, time: 0.489, data: 0.001) G_GAN_ViT: 0.429 D_real_ViT: 0.281 D_fake_ViT: 0.155 global: 0.268 spatial: 0.070 
(epoch: 71, iters: 3190, time: 0.488, data: 0.002) G_GAN_ViT: 0.343 D_real_ViT: 0.344 D_fake_ViT: 0.225 global: 0.287 spatial: 0.067 
(epoch: 71, iters: 3290, time: 0.489, data: 0.002) G_GAN_ViT: 0.390 D_real_ViT: 0.337 D_fake_ViT: 0.179 global: 0.272 spatial: 0.064 
(epoch: 71, iters: 3390, time: 0.489, data: 0.001) G_GAN_ViT: 0.294 D_real_ViT: 0.237 D_fake_ViT: 0.244 global: 0.425 spatial: 0.073 
(epoch: 71, iters: 3490, time: 0.488, data: 0.001) G_GAN_ViT: 0.364 D_real_ViT: 0.248 D_fake_ViT: 0.191 global: 0.456 spatial: 0.085 
(epoch: 71, iters: 3590, time: 0.488, data: 0.001) G_GAN_ViT: 0.293 D_real_ViT: 0.217 D_fake_ViT: 0.242 global: 0.447 spatial: 0.089 
(epoch: 71, iters: 3690, time: 0.488, data: 0.001) G_GAN_ViT: 0.328 D_real_ViT: 0.216 D_fake_ViT: 0.236 global: 0.387 spatial: 0.103 
(epoch: 71, iters: 3790, time: 0.488, data: 0.001) G_GAN_ViT: 0.258 D_real_ViT: 0.310 D_fake_ViT: 0.278 global: 0.438 spatial: 0.087 
(epoch: 71, iters: 3890, time: 0.489, data: 0.001) G_GAN_ViT: 0.426 D_real_ViT: 0.074 D_fake_ViT: 0.162 global: 0.398 spatial: 0.089 
(epoch: 71, iters: 3990, time: 0.488, data: 0.002) G_GAN_ViT: 0.334 D_real_ViT: 0.394 D_fake_ViT: 0.213 global: 0.392 spatial: 0.072 
(epoch: 71, iters: 4090, time: 0.488, data: 0.001) G_GAN_ViT: 0.449 D_real_ViT: 0.200 D_fake_ViT: 0.167 global: 0.336 spatial: 0.091 
(epoch: 71, iters: 4190, time: 0.488, data: 0.002) G_GAN_ViT: 0.363 D_real_ViT: 0.317 D_fake_ViT: 0.199 global: 0.320 spatial: 0.082 
(epoch: 71, iters: 4290, time: 0.488, data: 0.001) G_GAN_ViT: 0.433 D_real_ViT: 0.289 D_fake_ViT: 0.149 global: 0.423 spatial: 0.094 
(epoch: 71, iters: 4390, time: 0.489, data: 0.002) G_GAN_ViT: 0.417 D_real_ViT: 0.133 D_fake_ViT: 0.158 global: 0.431 spatial: 0.083 
(epoch: 71, iters: 4490, time: 0.489, data: 0.001) G_GAN_ViT: 0.377 D_real_ViT: 0.254 D_fake_ViT: 0.186 global: 0.335 spatial: 0.078 
(epoch: 71, iters: 4590, time: 0.489, data: 0.002) G_GAN_ViT: 0.269 D_real_ViT: 0.215 D_fake_ViT: 0.277 global: 0.401 spatial: 0.080 
(epoch: 71, iters: 4690, time: 0.489, data: 0.001) G_GAN_ViT: 0.321 D_real_ViT: 0.184 D_fake_ViT: 0.218 global: 0.477 spatial: 0.082 
(epoch: 71, iters: 4790, time: 0.489, data: 0.001) G_GAN_ViT: 0.216 D_real_ViT: 0.310 D_fake_ViT: 0.337 global: 0.318 spatial: 0.059 
(epoch: 71, iters: 4890, time: 0.489, data: 0.001) G_GAN_ViT: 0.301 D_real_ViT: 0.210 D_fake_ViT: 0.234 global: 0.375 spatial: 0.081 
(epoch: 71, iters: 4990, time: 0.489, data: 0.001) G_GAN_ViT: 0.387 D_real_ViT: 0.350 D_fake_ViT: 0.175 global: 0.414 spatial: 0.085 
(epoch: 71, iters: 5090, time: 0.488, data: 0.002) G_GAN_ViT: 0.399 D_real_ViT: 0.130 D_fake_ViT: 0.167 global: 0.332 spatial: 0.077 
(epoch: 71, iters: 5190, time: 0.489, data: 0.001) G_GAN_ViT: 0.294 D_real_ViT: 0.120 D_fake_ViT: 0.267 global: 0.414 spatial: 0.085 
(epoch: 71, iters: 5290, time: 0.489, data: 0.001) G_GAN_ViT: 0.397 D_real_ViT: 0.244 D_fake_ViT: 0.173 global: 0.334 spatial: 0.078 
(epoch: 71, iters: 5390, time: 0.488, data: 0.001) G_GAN_ViT: 0.275 D_real_ViT: 0.207 D_fake_ViT: 0.269 global: 0.359 spatial: 0.073 
(epoch: 71, iters: 5490, time: 0.488, data: 0.001) G_GAN_ViT: 0.363 D_real_ViT: 0.267 D_fake_ViT: 0.190 global: 0.358 spatial: 0.072 
(epoch: 71, iters: 5590, time: 0.489, data: 0.001) G_GAN_ViT: 0.391 D_real_ViT: 0.237 D_fake_ViT: 0.183 global: 0.426 spatial: 0.087 
(epoch: 71, iters: 5690, time: 0.489, data: 0.001) G_GAN_ViT: 0.364 D_real_ViT: 0.277 D_fake_ViT: 0.190 global: 0.319 spatial: 0.063 
(epoch: 71, iters: 5790, time: 0.487, data: 0.001) G_GAN_ViT: 0.499 D_real_ViT: 0.322 D_fake_ViT: 0.113 global: 0.374 spatial: 0.078 
(epoch: 71, iters: 5890, time: 0.487, data: 0.004) G_GAN_ViT: 0.348 D_real_ViT: 0.096 D_fake_ViT: 0.202 global: 0.347 spatial: 0.070 
(epoch: 71, iters: 5990, time: 0.488, data: 0.001) G_GAN_ViT: 0.506 D_real_ViT: 0.125 D_fake_ViT: 0.110 global: 0.400 spatial: 0.074 
(epoch: 71, iters: 6090, time: 0.488, data: 0.002) G_GAN_ViT: 0.492 D_real_ViT: 0.147 D_fake_ViT: 0.142 global: 0.408 spatial: 0.107 
(epoch: 71, iters: 6190, time: 0.488, data: 0.002) G_GAN_ViT: 0.423 D_real_ViT: 0.186 D_fake_ViT: 0.163 global: 0.350 spatial: 0.092 
(epoch: 71, iters: 6290, time: 0.488, data: 0.001) G_GAN_ViT: 0.402 D_real_ViT: 0.179 D_fake_ViT: 0.182 global: 0.290 spatial: 0.090 
(epoch: 71, iters: 6390, time: 0.489, data: 0.002) G_GAN_ViT: 0.323 D_real_ViT: 0.176 D_fake_ViT: 0.248 global: 0.428 spatial: 0.097 
End of epoch 71 / 100 	 Time Taken: 3167 sec
learning rate = 0.0000057
(epoch: 72, iters: 27, time: 0.489, data: 0.002) G_GAN_ViT: 0.366 D_real_ViT: 0.266 D_fake_ViT: 0.183 global: 0.403 spatial: 0.090 
(epoch: 72, iters: 127, time: 0.489, data: 0.001) G_GAN_ViT: 0.390 D_real_ViT: 0.269 D_fake_ViT: 0.174 global: 0.351 spatial: 0.075 
(epoch: 72, iters: 227, time: 0.489, data: 0.001) G_GAN_ViT: 0.405 D_real_ViT: 0.267 D_fake_ViT: 0.174 global: 0.305 spatial: 0.083 
(epoch: 72, iters: 327, time: 0.489, data: 0.001) G_GAN_ViT: 0.344 D_real_ViT: 0.206 D_fake_ViT: 0.203 global: 0.325 spatial: 0.075 
(epoch: 72, iters: 427, time: 0.488, data: 0.001) G_GAN_ViT: 0.372 D_real_ViT: 0.220 D_fake_ViT: 0.178 global: 0.328 spatial: 0.072 
(epoch: 72, iters: 527, time: 0.489, data: 0.001) G_GAN_ViT: 0.364 D_real_ViT: 0.203 D_fake_ViT: 0.207 global: 0.447 spatial: 0.103 
(epoch: 72, iters: 627, time: 0.489, data: 0.001) G_GAN_ViT: 0.368 D_real_ViT: 0.297 D_fake_ViT: 0.179 global: 0.394 spatial: 0.084 
(epoch: 72, iters: 727, time: 0.490, data: 0.001) G_GAN_ViT: 0.409 D_real_ViT: 0.245 D_fake_ViT: 0.162 global: 0.368 spatial: 0.092 
(epoch: 72, iters: 827, time: 0.490, data: 0.001) G_GAN_ViT: 0.274 D_real_ViT: 0.298 D_fake_ViT: 0.276 global: 0.396 spatial: 0.086 
(epoch: 72, iters: 927, time: 0.490, data: 0.001) G_GAN_ViT: 0.372 D_real_ViT: 0.256 D_fake_ViT: 0.176 global: 0.327 spatial: 0.061 
(epoch: 72, iters: 1027, time: 0.490, data: 0.001) G_GAN_ViT: 0.401 D_real_ViT: 0.309 D_fake_ViT: 0.165 global: 0.355 spatial: 0.073 
(epoch: 72, iters: 1127, time: 0.490, data: 0.001) G_GAN_ViT: 0.215 D_real_ViT: 0.197 D_fake_ViT: 0.335 global: 0.320 spatial: 0.059 
saving the latest model (epoch 72, total_iters 460000)
ICL_single_traffic_hwy
(epoch: 72, iters: 1227, time: 0.489, data: 0.001) G_GAN_ViT: 0.295 D_real_ViT: 0.205 D_fake_ViT: 0.267 global: 0.479 spatial: 0.098 
(epoch: 72, iters: 1327, time: 0.488, data: 0.001) G_GAN_ViT: 0.305 D_real_ViT: 0.191 D_fake_ViT: 0.239 global: 0.377 spatial: 0.077 
(epoch: 72, iters: 1427, time: 0.488, data: 0.001) G_GAN_ViT: 0.385 D_real_ViT: 0.305 D_fake_ViT: 0.175 global: 0.366 spatial: 0.068 
(epoch: 72, iters: 1527, time: 0.489, data: 0.001) G_GAN_ViT: 0.308 D_real_ViT: 0.083 D_fake_ViT: 0.238 global: 0.472 spatial: 0.092 
(epoch: 72, iters: 1627, time: 0.489, data: 0.001) G_GAN_ViT: 0.263 D_real_ViT: 0.355 D_fake_ViT: 0.271 global: 0.422 spatial: 0.071 
(epoch: 72, iters: 1727, time: 0.490, data: 0.001) G_GAN_ViT: 0.459 D_real_ViT: 0.293 D_fake_ViT: 0.132 global: 0.298 spatial: 0.060 
(epoch: 72, iters: 1827, time: 0.490, data: 0.001) G_GAN_ViT: 0.253 D_real_ViT: 0.159 D_fake_ViT: 0.292 global: 0.295 spatial: 0.066 
(epoch: 72, iters: 1927, time: 0.491, data: 0.001) G_GAN_ViT: 0.381 D_real_ViT: 0.356 D_fake_ViT: 0.170 global: 0.372 spatial: 0.075 
(epoch: 72, iters: 2027, time: 0.490, data: 0.001) G_GAN_ViT: 0.370 D_real_ViT: 0.171 D_fake_ViT: 0.199 global: 0.473 spatial: 0.098 
(epoch: 72, iters: 2127, time: 0.489, data: 0.001) G_GAN_ViT: 0.410 D_real_ViT: 0.103 D_fake_ViT: 0.162 global: 0.422 spatial: 0.088 
(epoch: 72, iters: 2227, time: 0.489, data: 0.001) G_GAN_ViT: 0.380 D_real_ViT: 0.243 D_fake_ViT: 0.176 global: 0.321 spatial: 0.069 
(epoch: 72, iters: 2327, time: 0.489, data: 0.001) G_GAN_ViT: 0.310 D_real_ViT: 0.256 D_fake_ViT: 0.248 global: 0.410 spatial: 0.095 
(epoch: 72, iters: 2427, time: 0.489, data: 0.001) G_GAN_ViT: 0.400 D_real_ViT: 0.236 D_fake_ViT: 0.162 global: 0.316 spatial: 0.065 
(epoch: 72, iters: 2527, time: 0.489, data: 0.001) G_GAN_ViT: 0.377 D_real_ViT: 0.264 D_fake_ViT: 0.191 global: 0.356 spatial: 0.081 
(epoch: 72, iters: 2627, time: 0.489, data: 0.001) G_GAN_ViT: 0.340 D_real_ViT: 0.226 D_fake_ViT: 0.213 global: 0.418 spatial: 0.087 
(epoch: 72, iters: 2727, time: 0.489, data: 0.001) G_GAN_ViT: 0.249 D_real_ViT: 0.287 D_fake_ViT: 0.294 global: 0.312 spatial: 0.066 
(epoch: 72, iters: 2827, time: 0.489, data: 0.001) G_GAN_ViT: 0.242 D_real_ViT: 0.216 D_fake_ViT: 0.304 global: 0.412 spatial: 0.074 
(epoch: 72, iters: 2927, time: 0.489, data: 0.001) G_GAN_ViT: 0.277 D_real_ViT: 0.219 D_fake_ViT: 0.303 global: 0.336 spatial: 0.088 
(epoch: 72, iters: 3027, time: 0.489, data: 0.001) G_GAN_ViT: 0.331 D_real_ViT: 0.105 D_fake_ViT: 0.207 global: 0.493 spatial: 0.083 
(epoch: 72, iters: 3127, time: 0.490, data: 0.001) G_GAN_ViT: 0.273 D_real_ViT: 0.029 D_fake_ViT: 0.270 global: 0.391 spatial: 0.076 
(epoch: 72, iters: 3227, time: 0.490, data: 0.001) G_GAN_ViT: 0.298 D_real_ViT: 0.241 D_fake_ViT: 0.233 global: 0.313 spatial: 0.069 
(epoch: 72, iters: 3327, time: 0.489, data: 0.001) G_GAN_ViT: 0.386 D_real_ViT: 0.140 D_fake_ViT: 0.173 global: 0.418 spatial: 0.083 
(epoch: 72, iters: 3427, time: 0.490, data: 0.001) G_GAN_ViT: 0.406 D_real_ViT: 0.202 D_fake_ViT: 0.166 global: 0.398 spatial: 0.084 
(epoch: 72, iters: 3527, time: 0.490, data: 0.001) G_GAN_ViT: 0.357 D_real_ViT: 0.134 D_fake_ViT: 0.217 global: 0.482 spatial: 0.089 
(epoch: 72, iters: 3627, time: 0.489, data: 0.001) G_GAN_ViT: 0.320 D_real_ViT: 0.178 D_fake_ViT: 0.231 global: 0.530 spatial: 0.088 
(epoch: 72, iters: 3727, time: 0.489, data: 0.001) G_GAN_ViT: 0.270 D_real_ViT: 0.269 D_fake_ViT: 0.285 global: 0.373 spatial: 0.091 
(epoch: 72, iters: 3827, time: 0.489, data: 0.001) G_GAN_ViT: 0.365 D_real_ViT: 0.263 D_fake_ViT: 0.207 global: 0.384 spatial: 0.091 
(epoch: 72, iters: 3927, time: 0.488, data: 0.001) G_GAN_ViT: 0.373 D_real_ViT: 0.224 D_fake_ViT: 0.188 global: 0.435 spatial: 0.085 
(epoch: 72, iters: 4027, time: 0.489, data: 0.001) G_GAN_ViT: 0.241 D_real_ViT: 0.229 D_fake_ViT: 0.312 global: 0.292 spatial: 0.062 
(epoch: 72, iters: 4127, time: 0.489, data: 0.001) G_GAN_ViT: 0.449 D_real_ViT: 0.246 D_fake_ViT: 0.138 global: 0.478 spatial: 0.092 
(epoch: 72, iters: 4227, time: 0.490, data: 0.001) G_GAN_ViT: 0.356 D_real_ViT: 0.352 D_fake_ViT: 0.195 global: 0.440 spatial: 0.097 
(epoch: 72, iters: 4327, time: 0.489, data: 0.001) G_GAN_ViT: 0.470 D_real_ViT: 0.274 D_fake_ViT: 0.132 global: 0.441 spatial: 0.085 
(epoch: 72, iters: 4427, time: 0.489, data: 0.001) G_GAN_ViT: 0.417 D_real_ViT: 0.220 D_fake_ViT: 0.149 global: 0.366 spatial: 0.087 
(epoch: 72, iters: 4527, time: 0.489, data: 0.001) G_GAN_ViT: 0.360 D_real_ViT: 0.138 D_fake_ViT: 0.191 global: 0.372 spatial: 0.083 
(epoch: 72, iters: 4627, time: 0.488, data: 0.001) G_GAN_ViT: 0.428 D_real_ViT: 0.315 D_fake_ViT: 0.162 global: 0.365 spatial: 0.073 
(epoch: 72, iters: 4727, time: 0.488, data: 0.001) G_GAN_ViT: 0.314 D_real_ViT: 0.201 D_fake_ViT: 0.228 global: 0.497 spatial: 0.093 
(epoch: 72, iters: 4827, time: 0.488, data: 0.001) G_GAN_ViT: 0.356 D_real_ViT: 0.183 D_fake_ViT: 0.202 global: 0.429 spatial: 0.092 
(epoch: 72, iters: 4927, time: 0.488, data: 0.001) G_GAN_ViT: 0.269 D_real_ViT: 0.246 D_fake_ViT: 0.263 global: 0.441 spatial: 0.081 
(epoch: 72, iters: 5027, time: 0.489, data: 0.001) G_GAN_ViT: 0.354 D_real_ViT: 0.218 D_fake_ViT: 0.200 global: 0.462 spatial: 0.102 
(epoch: 72, iters: 5127, time: 0.489, data: 0.001) G_GAN_ViT: 0.419 D_real_ViT: 0.191 D_fake_ViT: 0.167 global: 0.482 spatial: 0.088 
(epoch: 72, iters: 5227, time: 0.489, data: 0.001) G_GAN_ViT: 0.349 D_real_ViT: 0.234 D_fake_ViT: 0.197 global: 0.400 spatial: 0.090 
(epoch: 72, iters: 5327, time: 0.490, data: 0.001) G_GAN_ViT: 0.279 D_real_ViT: 0.111 D_fake_ViT: 0.262 global: 0.341 spatial: 0.075 
(epoch: 72, iters: 5427, time: 0.489, data: 0.001) G_GAN_ViT: 0.353 D_real_ViT: 0.172 D_fake_ViT: 0.198 global: 0.432 spatial: 0.090 
(epoch: 72, iters: 5527, time: 0.490, data: 0.001) G_GAN_ViT: 0.414 D_real_ViT: 0.319 D_fake_ViT: 0.153 global: 0.325 spatial: 0.066 
(epoch: 72, iters: 5627, time: 0.490, data: 0.001) G_GAN_ViT: 0.365 D_real_ViT: 0.280 D_fake_ViT: 0.212 global: 0.457 spatial: 0.099 
(epoch: 72, iters: 5727, time: 0.490, data: 0.001) G_GAN_ViT: 0.361 D_real_ViT: 0.312 D_fake_ViT: 0.198 global: 0.244 spatial: 0.060 
(epoch: 72, iters: 5827, time: 0.490, data: 0.001) G_GAN_ViT: 0.276 D_real_ViT: 0.201 D_fake_ViT: 0.261 global: 0.491 spatial: 0.093 
(epoch: 72, iters: 5927, time: 0.490, data: 0.001) G_GAN_ViT: 0.402 D_real_ViT: 0.266 D_fake_ViT: 0.166 global: 0.298 spatial: 0.076 
(epoch: 72, iters: 6027, time: 0.489, data: 0.001) G_GAN_ViT: 0.257 D_real_ViT: 0.129 D_fake_ViT: 0.286 global: 0.442 spatial: 0.089 
(epoch: 72, iters: 6127, time: 0.489, data: 0.001) G_GAN_ViT: 0.293 D_real_ViT: 0.237 D_fake_ViT: 0.267 global: 0.400 spatial: 0.100 
saving the latest model (epoch 72, total_iters 465000)
ICL_single_traffic_hwy
(epoch: 72, iters: 6227, time: 0.488, data: 0.001) G_GAN_ViT: 0.339 D_real_ViT: 0.142 D_fake_ViT: 0.203 global: 0.416 spatial: 0.084 
(epoch: 72, iters: 6327, time: 0.489, data: 0.001) G_GAN_ViT: 0.342 D_real_ViT: 0.331 D_fake_ViT: 0.202 global: 0.400 spatial: 0.082 
(epoch: 72, iters: 6427, time: 0.489, data: 0.001) G_GAN_ViT: 0.371 D_real_ViT: 0.244 D_fake_ViT: 0.188 global: 0.436 spatial: 0.079 
End of epoch 72 / 100 	 Time Taken: 3172 sec
learning rate = 0.0000055
(epoch: 73, iters: 64, time: 0.489, data: 0.002) G_GAN_ViT: 0.246 D_real_ViT: 0.163 D_fake_ViT: 0.297 global: 0.433 spatial: 0.087 
(epoch: 73, iters: 164, time: 0.489, data: 0.001) G_GAN_ViT: 0.410 D_real_ViT: 0.170 D_fake_ViT: 0.157 global: 0.400 spatial: 0.079 
(epoch: 73, iters: 264, time: 0.489, data: 0.001) G_GAN_ViT: 0.380 D_real_ViT: 0.268 D_fake_ViT: 0.174 global: 0.349 spatial: 0.085 
(epoch: 73, iters: 364, time: 0.488, data: 0.001) G_GAN_ViT: 0.339 D_real_ViT: 0.273 D_fake_ViT: 0.209 global: 0.366 spatial: 0.081 
(epoch: 73, iters: 464, time: 0.489, data: 0.001) G_GAN_ViT: 0.358 D_real_ViT: 0.158 D_fake_ViT: 0.188 global: 0.302 spatial: 0.073 
(epoch: 73, iters: 564, time: 0.489, data: 0.001) G_GAN_ViT: 0.306 D_real_ViT: 0.164 D_fake_ViT: 0.253 global: 0.437 spatial: 0.080 
(epoch: 73, iters: 664, time: 0.488, data: 0.001) G_GAN_ViT: 0.368 D_real_ViT: 0.237 D_fake_ViT: 0.189 global: 0.335 spatial: 0.082 
(epoch: 73, iters: 764, time: 0.489, data: 0.001) G_GAN_ViT: 0.239 D_real_ViT: 0.172 D_fake_ViT: 0.307 global: 0.457 spatial: 0.077 
(epoch: 73, iters: 864, time: 0.489, data: 0.001) G_GAN_ViT: 0.273 D_real_ViT: 0.201 D_fake_ViT: 0.267 global: 0.471 spatial: 0.095 
(epoch: 73, iters: 964, time: 0.489, data: 0.002) G_GAN_ViT: 0.431 D_real_ViT: 0.225 D_fake_ViT: 0.153 global: 0.295 spatial: 0.082 
(epoch: 73, iters: 1064, time: 0.488, data: 0.001) G_GAN_ViT: 0.438 D_real_ViT: 0.244 D_fake_ViT: 0.142 global: 0.428 spatial: 0.084 
(epoch: 73, iters: 1164, time: 0.489, data: 0.001) G_GAN_ViT: 0.274 D_real_ViT: 0.105 D_fake_ViT: 0.276 global: 0.390 spatial: 0.092 
(epoch: 73, iters: 1264, time: 0.488, data: 0.001) G_GAN_ViT: 0.334 D_real_ViT: 0.390 D_fake_ViT: 0.220 global: 0.450 spatial: 0.088 
(epoch: 73, iters: 1364, time: 0.489, data: 0.001) G_GAN_ViT: 0.203 D_real_ViT: 0.222 D_fake_ViT: 0.360 global: 0.361 spatial: 0.090 
(epoch: 73, iters: 1464, time: 0.489, data: 0.002) G_GAN_ViT: 0.304 D_real_ViT: 0.215 D_fake_ViT: 0.231 global: 0.387 spatial: 0.071 
(epoch: 73, iters: 1564, time: 0.489, data: 0.001) G_GAN_ViT: 0.255 D_real_ViT: 0.310 D_fake_ViT: 0.313 global: 0.470 spatial: 0.105 
(epoch: 73, iters: 1664, time: 0.489, data: 0.001) G_GAN_ViT: 0.521 D_real_ViT: 0.172 D_fake_ViT: 0.109 global: 0.280 spatial: 0.066 
(epoch: 73, iters: 1764, time: 0.489, data: 0.001) G_GAN_ViT: 0.346 D_real_ViT: 0.268 D_fake_ViT: 0.207 global: 0.395 spatial: 0.074 
(epoch: 73, iters: 1864, time: 0.489, data: 0.001) G_GAN_ViT: 0.297 D_real_ViT: 0.269 D_fake_ViT: 0.261 global: 0.450 spatial: 0.086 
(epoch: 73, iters: 1964, time: 0.489, data: 0.001) G_GAN_ViT: 0.425 D_real_ViT: 0.236 D_fake_ViT: 0.153 global: 0.405 spatial: 0.089 
(epoch: 73, iters: 2064, time: 0.489, data: 0.001) G_GAN_ViT: 0.372 D_real_ViT: 0.155 D_fake_ViT: 0.200 global: 0.435 spatial: 0.089 
(epoch: 73, iters: 2164, time: 0.489, data: 0.001) G_GAN_ViT: 0.464 D_real_ViT: 0.275 D_fake_ViT: 0.131 global: 0.394 spatial: 0.067 
(epoch: 73, iters: 2264, time: 0.489, data: 0.001) G_GAN_ViT: 0.404 D_real_ViT: 0.265 D_fake_ViT: 0.161 global: 0.292 spatial: 0.075 
(epoch: 73, iters: 2364, time: 0.489, data: 0.001) G_GAN_ViT: 0.313 D_real_ViT: 0.319 D_fake_ViT: 0.241 global: 0.308 spatial: 0.071 
(epoch: 73, iters: 2464, time: 0.488, data: 0.001) G_GAN_ViT: 0.272 D_real_ViT: 0.316 D_fake_ViT: 0.274 global: 0.481 spatial: 0.094 
(epoch: 73, iters: 2564, time: 0.488, data: 0.001) G_GAN_ViT: 0.395 D_real_ViT: 0.346 D_fake_ViT: 0.163 global: 0.300 spatial: 0.075 
(epoch: 73, iters: 2664, time: 0.488, data: 0.001) G_GAN_ViT: 0.262 D_real_ViT: 0.156 D_fake_ViT: 0.285 global: 0.405 spatial: 0.080 
(epoch: 73, iters: 2764, time: 0.489, data: 0.001) G_GAN_ViT: 0.402 D_real_ViT: 0.223 D_fake_ViT: 0.163 global: 0.270 spatial: 0.055 
(epoch: 73, iters: 2864, time: 0.489, data: 0.001) G_GAN_ViT: 0.277 D_real_ViT: 0.211 D_fake_ViT: 0.288 global: 0.410 spatial: 0.099 
(epoch: 73, iters: 2964, time: 0.489, data: 0.001) G_GAN_ViT: 0.277 D_real_ViT: 0.128 D_fake_ViT: 0.268 global: 0.488 spatial: 0.100 
(epoch: 73, iters: 3064, time: 0.488, data: 0.001) G_GAN_ViT: 0.324 D_real_ViT: 0.141 D_fake_ViT: 0.238 global: 0.450 spatial: 0.101 
(epoch: 73, iters: 3164, time: 0.489, data: 0.001) G_GAN_ViT: 0.347 D_real_ViT: 0.254 D_fake_ViT: 0.206 global: 0.456 spatial: 0.089 
(epoch: 73, iters: 3264, time: 0.488, data: 0.001) G_GAN_ViT: 0.353 D_real_ViT: 0.239 D_fake_ViT: 0.204 global: 0.396 spatial: 0.079 
(epoch: 73, iters: 3364, time: 0.489, data: 0.001) G_GAN_ViT: 0.397 D_real_ViT: 0.294 D_fake_ViT: 0.173 global: 0.457 spatial: 0.088 
(epoch: 73, iters: 3464, time: 0.489, data: 0.001) G_GAN_ViT: 0.362 D_real_ViT: 0.351 D_fake_ViT: 0.187 global: 0.417 spatial: 0.077 
(epoch: 73, iters: 3564, time: 0.488, data: 0.001) G_GAN_ViT: 0.371 D_real_ViT: 0.291 D_fake_ViT: 0.197 global: 0.310 spatial: 0.078 
(epoch: 73, iters: 3664, time: 0.488, data: 0.001) G_GAN_ViT: 0.312 D_real_ViT: 0.144 D_fake_ViT: 0.235 global: 0.514 spatial: 0.091 
(epoch: 73, iters: 3764, time: 0.489, data: 0.001) G_GAN_ViT: 0.354 D_real_ViT: 0.237 D_fake_ViT: 0.195 global: 0.407 spatial: 0.086 
(epoch: 73, iters: 3864, time: 0.489, data: 0.001) G_GAN_ViT: 0.430 D_real_ViT: 0.123 D_fake_ViT: 0.151 global: 0.310 spatial: 0.080 
(epoch: 73, iters: 3964, time: 0.488, data: 0.001) G_GAN_ViT: 0.380 D_real_ViT: 0.216 D_fake_ViT: 0.179 global: 0.416 spatial: 0.086 
(epoch: 73, iters: 4064, time: 0.489, data: 0.001) G_GAN_ViT: 0.376 D_real_ViT: 0.170 D_fake_ViT: 0.185 global: 0.364 spatial: 0.080 
(epoch: 73, iters: 4164, time: 0.490, data: 0.001) G_GAN_ViT: 0.174 D_real_ViT: 0.230 D_fake_ViT: 0.388 global: 0.305 spatial: 0.061 
(epoch: 73, iters: 4264, time: 0.490, data: 0.001) G_GAN_ViT: 0.377 D_real_ViT: 0.263 D_fake_ViT: 0.191 global: 0.507 spatial: 0.096 
(epoch: 73, iters: 4364, time: 0.490, data: 0.001) G_GAN_ViT: 0.198 D_real_ViT: 0.117 D_fake_ViT: 0.362 global: 0.311 spatial: 0.059 
(epoch: 73, iters: 4464, time: 0.490, data: 0.001) G_GAN_ViT: 0.358 D_real_ViT: 0.263 D_fake_ViT: 0.197 global: 0.405 spatial: 0.092 
(epoch: 73, iters: 4564, time: 0.490, data: 0.001) G_GAN_ViT: 0.301 D_real_ViT: 0.147 D_fake_ViT: 0.250 global: 0.415 spatial: 0.075 
(epoch: 73, iters: 4664, time: 0.490, data: 0.001) G_GAN_ViT: 0.357 D_real_ViT: 0.296 D_fake_ViT: 0.190 global: 0.496 spatial: 0.092 
saving the latest model (epoch 73, total_iters 470000)
ICL_single_traffic_hwy
(epoch: 73, iters: 4764, time: 0.489, data: 0.001) G_GAN_ViT: 0.459 D_real_ViT: 0.246 D_fake_ViT: 0.137 global: 0.299 spatial: 0.085 
(epoch: 73, iters: 4864, time: 0.489, data: 0.001) G_GAN_ViT: 0.405 D_real_ViT: 0.275 D_fake_ViT: 0.160 global: 0.396 spatial: 0.087 
(epoch: 73, iters: 4964, time: 0.489, data: 0.001) G_GAN_ViT: 0.360 D_real_ViT: 0.154 D_fake_ViT: 0.198 global: 0.331 spatial: 0.073 
(epoch: 73, iters: 5064, time: 0.488, data: 0.001) G_GAN_ViT: 0.305 D_real_ViT: 0.240 D_fake_ViT: 0.247 global: 0.479 spatial: 0.097 
(epoch: 73, iters: 5164, time: 0.488, data: 0.001) G_GAN_ViT: 0.403 D_real_ViT: 0.225 D_fake_ViT: 0.191 global: 0.344 spatial: 0.088 
(epoch: 73, iters: 5264, time: 0.489, data: 0.001) G_GAN_ViT: 0.354 D_real_ViT: 0.241 D_fake_ViT: 0.200 global: 0.320 spatial: 0.071 
(epoch: 73, iters: 5364, time: 0.488, data: 0.001) G_GAN_ViT: 0.418 D_real_ViT: 0.361 D_fake_ViT: 0.158 global: 0.271 spatial: 0.063 
(epoch: 73, iters: 5464, time: 0.488, data: 0.002) G_GAN_ViT: 0.270 D_real_ViT: 0.152 D_fake_ViT: 0.284 global: 0.408 spatial: 0.104 
(epoch: 73, iters: 5564, time: 0.488, data: 0.002) G_GAN_ViT: 0.363 D_real_ViT: 0.348 D_fake_ViT: 0.220 global: 0.382 spatial: 0.100 
(epoch: 73, iters: 5664, time: 0.487, data: 0.001) G_GAN_ViT: 0.366 D_real_ViT: 0.193 D_fake_ViT: 0.194 global: 0.359 spatial: 0.084 
(epoch: 73, iters: 5764, time: 0.488, data: 0.001) G_GAN_ViT: 0.347 D_real_ViT: 0.161 D_fake_ViT: 0.211 global: 0.383 spatial: 0.089 
(epoch: 73, iters: 5864, time: 0.488, data: 0.002) G_GAN_ViT: 0.311 D_real_ViT: 0.099 D_fake_ViT: 0.242 global: 0.496 spatial: 0.093 
(epoch: 73, iters: 5964, time: 0.489, data: 0.001) G_GAN_ViT: 0.423 D_real_ViT: 0.336 D_fake_ViT: 0.162 global: 0.286 spatial: 0.075 
(epoch: 73, iters: 6064, time: 0.488, data: 0.003) G_GAN_ViT: 0.406 D_real_ViT: 0.194 D_fake_ViT: 0.171 global: 0.396 spatial: 0.110 
(epoch: 73, iters: 6164, time: 0.488, data: 0.001) G_GAN_ViT: 0.422 D_real_ViT: 0.230 D_fake_ViT: 0.148 global: 0.259 spatial: 0.064 
(epoch: 73, iters: 6264, time: 0.489, data: 0.001) G_GAN_ViT: 0.355 D_real_ViT: 0.084 D_fake_ViT: 0.206 global: 0.399 spatial: 0.093 
(epoch: 73, iters: 6364, time: 0.489, data: 0.001) G_GAN_ViT: 0.352 D_real_ViT: 0.282 D_fake_ViT: 0.214 global: 0.337 spatial: 0.069 
End of epoch 73 / 100 	 Time Taken: 3168 sec
learning rate = 0.0000053
(epoch: 74, iters: 1, time: 0.489, data: 0.001) G_GAN_ViT: 0.195 D_real_ViT: 0.230 D_fake_ViT: 0.366 global: 0.306 spatial: 0.063 
(epoch: 74, iters: 101, time: 0.490, data: 0.002) G_GAN_ViT: 0.382 D_real_ViT: 0.209 D_fake_ViT: 0.202 global: 0.492 spatial: 0.097 
(epoch: 74, iters: 201, time: 0.490, data: 0.001) G_GAN_ViT: 0.317 D_real_ViT: 0.299 D_fake_ViT: 0.269 global: 0.377 spatial: 0.093 
(epoch: 74, iters: 301, time: 0.489, data: 0.001) G_GAN_ViT: 0.382 D_real_ViT: 0.152 D_fake_ViT: 0.180 global: 0.361 spatial: 0.066 
(epoch: 74, iters: 401, time: 0.489, data: 0.001) G_GAN_ViT: 0.442 D_real_ViT: 0.128 D_fake_ViT: 0.152 global: 0.275 spatial: 0.074 
(epoch: 74, iters: 501, time: 0.490, data: 0.001) G_GAN_ViT: 0.269 D_real_ViT: 0.272 D_fake_ViT: 0.265 global: 0.470 spatial: 0.085 
(epoch: 74, iters: 601, time: 0.490, data: 0.001) G_GAN_ViT: 0.257 D_real_ViT: 0.339 D_fake_ViT: 0.281 global: 0.439 spatial: 0.092 
(epoch: 74, iters: 701, time: 0.489, data: 0.001) G_GAN_ViT: 0.385 D_real_ViT: 0.346 D_fake_ViT: 0.195 global: 0.482 spatial: 0.095 
(epoch: 74, iters: 801, time: 0.489, data: 0.001) G_GAN_ViT: 0.390 D_real_ViT: 0.219 D_fake_ViT: 0.170 global: 0.302 spatial: 0.063 
(epoch: 74, iters: 901, time: 0.490, data: 0.001) G_GAN_ViT: 0.289 D_real_ViT: 0.207 D_fake_ViT: 0.261 global: 0.352 spatial: 0.074 
(epoch: 74, iters: 1001, time: 0.490, data: 0.001) G_GAN_ViT: 0.357 D_real_ViT: 0.176 D_fake_ViT: 0.206 global: 0.344 spatial: 0.071 
(epoch: 74, iters: 1101, time: 0.490, data: 0.001) G_GAN_ViT: 0.285 D_real_ViT: 0.287 D_fake_ViT: 0.254 global: 0.440 spatial: 0.085 
(epoch: 74, iters: 1201, time: 0.489, data: 0.001) G_GAN_ViT: 0.228 D_real_ViT: 0.250 D_fake_ViT: 0.333 global: 0.371 spatial: 0.082 
(epoch: 74, iters: 1301, time: 0.489, data: 0.001) G_GAN_ViT: 0.402 D_real_ViT: 0.196 D_fake_ViT: 0.167 global: 0.335 spatial: 0.067 
(epoch: 74, iters: 1401, time: 0.489, data: 0.002) G_GAN_ViT: 0.372 D_real_ViT: 0.265 D_fake_ViT: 0.199 global: 0.457 spatial: 0.090 
(epoch: 74, iters: 1501, time: 0.489, data: 0.001) G_GAN_ViT: 0.355 D_real_ViT: 0.315 D_fake_ViT: 0.198 global: 0.377 spatial: 0.084 
(epoch: 74, iters: 1601, time: 0.489, data: 0.001) G_GAN_ViT: 0.286 D_real_ViT: 0.264 D_fake_ViT: 0.247 global: 0.442 spatial: 0.082 
(epoch: 74, iters: 1701, time: 0.489, data: 0.001) G_GAN_ViT: 0.468 D_real_ViT: 0.058 D_fake_ViT: 0.146 global: 0.347 spatial: 0.089 
(epoch: 74, iters: 1801, time: 0.489, data: 0.002) G_GAN_ViT: 0.264 D_real_ViT: 0.122 D_fake_ViT: 0.285 global: 0.432 spatial: 0.085 
(epoch: 74, iters: 1901, time: 0.489, data: 0.001) G_GAN_ViT: 0.245 D_real_ViT: 0.106 D_fake_ViT: 0.302 global: 0.307 spatial: 0.068 
(epoch: 74, iters: 2001, time: 0.489, data: 0.001) G_GAN_ViT: 0.339 D_real_ViT: 0.229 D_fake_ViT: 0.206 global: 0.478 spatial: 0.087 
(epoch: 74, iters: 2101, time: 0.489, data: 0.001) G_GAN_ViT: 0.336 D_real_ViT: 0.290 D_fake_ViT: 0.221 global: 0.436 spatial: 0.105 
(epoch: 74, iters: 2201, time: 0.489, data: 0.001) G_GAN_ViT: 0.381 D_real_ViT: 0.195 D_fake_ViT: 0.178 global: 0.320 spatial: 0.074 
(epoch: 74, iters: 2301, time: 0.489, data: 0.001) G_GAN_ViT: 0.376 D_real_ViT: 0.231 D_fake_ViT: 0.182 global: 0.341 spatial: 0.070 
(epoch: 74, iters: 2401, time: 0.488, data: 0.001) G_GAN_ViT: 0.421 D_real_ViT: 0.191 D_fake_ViT: 0.155 global: 0.303 spatial: 0.079 
(epoch: 74, iters: 2501, time: 0.488, data: 0.001) G_GAN_ViT: 0.357 D_real_ViT: 0.072 D_fake_ViT: 0.213 global: 0.413 spatial: 0.093 
(epoch: 74, iters: 2601, time: 0.488, data: 0.001) G_GAN_ViT: 0.269 D_real_ViT: 0.295 D_fake_ViT: 0.262 global: 0.443 spatial: 0.083 
(epoch: 74, iters: 2701, time: 0.488, data: 0.001) G_GAN_ViT: 0.377 D_real_ViT: 0.207 D_fake_ViT: 0.188 global: 0.418 spatial: 0.084 
(epoch: 74, iters: 2801, time: 0.488, data: 0.002) G_GAN_ViT: 0.310 D_real_ViT: 0.270 D_fake_ViT: 0.228 global: 0.404 spatial: 0.074 
(epoch: 74, iters: 2901, time: 0.488, data: 0.001) G_GAN_ViT: 0.351 D_real_ViT: 0.115 D_fake_ViT: 0.217 global: 0.463 spatial: 0.101 
(epoch: 74, iters: 3001, time: 0.488, data: 0.001) G_GAN_ViT: 0.354 D_real_ViT: 0.284 D_fake_ViT: 0.204 global: 0.403 spatial: 0.088 
(epoch: 74, iters: 3101, time: 0.489, data: 0.001) G_GAN_ViT: 0.305 D_real_ViT: 0.096 D_fake_ViT: 0.237 global: 0.425 spatial: 0.083 
(epoch: 74, iters: 3201, time: 0.488, data: 0.001) G_GAN_ViT: 0.271 D_real_ViT: 0.174 D_fake_ViT: 0.302 global: 0.414 spatial: 0.079 
saving the latest model (epoch 74, total_iters 475000)
ICL_single_traffic_hwy
(epoch: 74, iters: 3301, time: 0.488, data: 0.002) G_GAN_ViT: 0.357 D_real_ViT: 0.251 D_fake_ViT: 0.199 global: 0.464 spatial: 0.086 
(epoch: 74, iters: 3401, time: 0.488, data: 0.001) G_GAN_ViT: 0.357 D_real_ViT: 0.213 D_fake_ViT: 0.198 global: 0.365 spatial: 0.085 
(epoch: 74, iters: 3501, time: 0.488, data: 0.001) G_GAN_ViT: 0.421 D_real_ViT: 0.081 D_fake_ViT: 0.152 global: 0.403 spatial: 0.095 
(epoch: 74, iters: 3601, time: 0.488, data: 0.001) G_GAN_ViT: 0.281 D_real_ViT: 0.216 D_fake_ViT: 0.256 global: 0.483 spatial: 0.093 
(epoch: 74, iters: 3701, time: 0.489, data: 0.001) G_GAN_ViT: 0.311 D_real_ViT: 0.145 D_fake_ViT: 0.231 global: 0.449 spatial: 0.090 
(epoch: 74, iters: 3801, time: 0.489, data: 0.001) G_GAN_ViT: 0.325 D_real_ViT: 0.175 D_fake_ViT: 0.227 global: 0.295 spatial: 0.089 
(epoch: 74, iters: 3901, time: 0.489, data: 0.001) G_GAN_ViT: 0.275 D_real_ViT: 0.195 D_fake_ViT: 0.259 global: 0.481 spatial: 0.105 
(epoch: 74, iters: 4001, time: 0.489, data: 0.001) G_GAN_ViT: 0.319 D_real_ViT: 0.344 D_fake_ViT: 0.240 global: 0.327 spatial: 0.077 
(epoch: 74, iters: 4101, time: 0.489, data: 0.001) G_GAN_ViT: 0.356 D_real_ViT: 0.122 D_fake_ViT: 0.204 global: 0.354 spatial: 0.079 
(epoch: 74, iters: 4201, time: 0.488, data: 0.001) G_GAN_ViT: 0.381 D_real_ViT: 0.163 D_fake_ViT: 0.195 global: 0.327 spatial: 0.080 
(epoch: 74, iters: 4301, time: 0.488, data: 0.001) G_GAN_ViT: 0.430 D_real_ViT: 0.309 D_fake_ViT: 0.153 global: 0.396 spatial: 0.093 
(epoch: 74, iters: 4401, time: 0.489, data: 0.001) G_GAN_ViT: 0.285 D_real_ViT: 0.201 D_fake_ViT: 0.258 global: 0.362 spatial: 0.075 
(epoch: 74, iters: 4501, time: 0.489, data: 0.001) G_GAN_ViT: 0.369 D_real_ViT: 0.308 D_fake_ViT: 0.179 global: 0.378 spatial: 0.077 
(epoch: 74, iters: 4601, time: 0.489, data: 0.001) G_GAN_ViT: 0.288 D_real_ViT: 0.106 D_fake_ViT: 0.246 global: 0.363 spatial: 0.071 
(epoch: 74, iters: 4701, time: 0.488, data: 0.001) G_GAN_ViT: 0.271 D_real_ViT: 0.179 D_fake_ViT: 0.267 global: 0.404 spatial: 0.067 
(epoch: 74, iters: 4801, time: 0.488, data: 0.001) G_GAN_ViT: 0.372 D_real_ViT: 0.292 D_fake_ViT: 0.179 global: 0.359 spatial: 0.077 
(epoch: 74, iters: 4901, time: 0.488, data: 0.001) G_GAN_ViT: 0.399 D_real_ViT: 0.250 D_fake_ViT: 0.166 global: 0.390 spatial: 0.081 
(epoch: 74, iters: 5001, time: 0.489, data: 0.001) G_GAN_ViT: 0.379 D_real_ViT: 0.096 D_fake_ViT: 0.178 global: 0.437 spatial: 0.093 
(epoch: 74, iters: 5101, time: 0.489, data: 0.001) G_GAN_ViT: 0.384 D_real_ViT: 0.250 D_fake_ViT: 0.183 global: 0.334 spatial: 0.078 
(epoch: 74, iters: 5201, time: 0.488, data: 0.002) G_GAN_ViT: 0.374 D_real_ViT: 0.167 D_fake_ViT: 0.179 global: 0.370 spatial: 0.083 
(epoch: 74, iters: 5301, time: 0.487, data: 0.001) G_GAN_ViT: 0.402 D_real_ViT: 0.253 D_fake_ViT: 0.164 global: 0.434 spatial: 0.087 
(epoch: 74, iters: 5401, time: 0.488, data: 0.001) G_GAN_ViT: 0.449 D_real_ViT: 0.269 D_fake_ViT: 0.137 global: 0.231 spatial: 0.059 
(epoch: 74, iters: 5501, time: 0.488, data: 0.001) G_GAN_ViT: 0.364 D_real_ViT: 0.140 D_fake_ViT: 0.203 global: 0.387 spatial: 0.094 
(epoch: 74, iters: 5601, time: 0.489, data: 0.001) G_GAN_ViT: 0.330 D_real_ViT: 0.218 D_fake_ViT: 0.218 global: 0.384 spatial: 0.077 
(epoch: 74, iters: 5701, time: 0.489, data: 0.002) G_GAN_ViT: 0.432 D_real_ViT: 0.275 D_fake_ViT: 0.153 global: 0.240 spatial: 0.059 
(epoch: 74, iters: 5801, time: 0.489, data: 0.001) G_GAN_ViT: 0.386 D_real_ViT: 0.072 D_fake_ViT: 0.179 global: 0.397 spatial: 0.087 
(epoch: 74, iters: 5901, time: 0.489, data: 0.001) G_GAN_ViT: 0.349 D_real_ViT: 0.172 D_fake_ViT: 0.202 global: 0.430 spatial: 0.080 
(epoch: 74, iters: 6001, time: 0.490, data: 0.001) G_GAN_ViT: 0.284 D_real_ViT: 0.268 D_fake_ViT: 0.252 global: 0.417 spatial: 0.072 
(epoch: 74, iters: 6101, time: 0.490, data: 0.001) G_GAN_ViT: 0.371 D_real_ViT: 0.254 D_fake_ViT: 0.181 global: 0.311 spatial: 0.077 
(epoch: 74, iters: 6201, time: 0.489, data: 0.001) G_GAN_ViT: 0.277 D_real_ViT: 0.260 D_fake_ViT: 0.262 global: 0.358 spatial: 0.063 
(epoch: 74, iters: 6301, time: 0.489, data: 0.001) G_GAN_ViT: 0.315 D_real_ViT: 0.158 D_fake_ViT: 0.226 global: 0.449 spatial: 0.080 
(epoch: 74, iters: 6401, time: 0.489, data: 0.002) G_GAN_ViT: 0.417 D_real_ViT: 0.174 D_fake_ViT: 0.153 global: 0.337 spatial: 0.064 
End of epoch 74 / 100 	 Time Taken: 3169 sec
learning rate = 0.0000051
(epoch: 75, iters: 38, time: 0.489, data: 0.001) G_GAN_ViT: 0.445 D_real_ViT: 0.154 D_fake_ViT: 0.150 global: 0.299 spatial: 0.068 
(epoch: 75, iters: 138, time: 0.489, data: 0.001) G_GAN_ViT: 0.459 D_real_ViT: 0.238 D_fake_ViT: 0.130 global: 0.366 spatial: 0.077 
(epoch: 75, iters: 238, time: 0.490, data: 0.001) G_GAN_ViT: 0.378 D_real_ViT: 0.364 D_fake_ViT: 0.189 global: 0.436 spatial: 0.090 
(epoch: 75, iters: 338, time: 0.489, data: 0.001) G_GAN_ViT: 0.267 D_real_ViT: 0.192 D_fake_ViT: 0.274 global: 0.434 spatial: 0.090 
(epoch: 75, iters: 438, time: 0.489, data: 0.002) G_GAN_ViT: 0.313 D_real_ViT: 0.288 D_fake_ViT: 0.237 global: 0.295 spatial: 0.081 
(epoch: 75, iters: 538, time: 0.489, data: 0.001) G_GAN_ViT: 0.306 D_real_ViT: 0.229 D_fake_ViT: 0.227 global: 0.437 spatial: 0.087 
(epoch: 75, iters: 638, time: 0.489, data: 0.001) G_GAN_ViT: 0.347 D_real_ViT: 0.221 D_fake_ViT: 0.204 global: 0.342 spatial: 0.081 
(epoch: 75, iters: 738, time: 0.489, data: 0.002) G_GAN_ViT: 0.408 D_real_ViT: 0.136 D_fake_ViT: 0.186 global: 0.374 spatial: 0.095 
(epoch: 75, iters: 838, time: 0.489, data: 0.001) G_GAN_ViT: 0.289 D_real_ViT: 0.226 D_fake_ViT: 0.243 global: 0.357 spatial: 0.068 
(epoch: 75, iters: 938, time: 0.489, data: 0.001) G_GAN_ViT: 0.355 D_real_ViT: 0.290 D_fake_ViT: 0.204 global: 0.319 spatial: 0.072 
(epoch: 75, iters: 1038, time: 0.488, data: 0.001) G_GAN_ViT: 0.335 D_real_ViT: 0.218 D_fake_ViT: 0.223 global: 0.275 spatial: 0.077 
(epoch: 75, iters: 1138, time: 0.489, data: 0.001) G_GAN_ViT: 0.371 D_real_ViT: 0.252 D_fake_ViT: 0.194 global: 0.378 spatial: 0.081 
(epoch: 75, iters: 1238, time: 0.489, data: 0.001) G_GAN_ViT: 0.311 D_real_ViT: 0.355 D_fake_ViT: 0.230 global: 0.451 spatial: 0.085 
(epoch: 75, iters: 1338, time: 0.489, data: 0.001) G_GAN_ViT: 0.338 D_real_ViT: 0.203 D_fake_ViT: 0.242 global: 0.320 spatial: 0.086 
(epoch: 75, iters: 1438, time: 0.488, data: 0.001) G_GAN_ViT: 0.364 D_real_ViT: 0.342 D_fake_ViT: 0.182 global: 0.431 spatial: 0.078 
(epoch: 75, iters: 1538, time: 0.488, data: 0.001) G_GAN_ViT: 0.280 D_real_ViT: 0.175 D_fake_ViT: 0.253 global: 0.488 spatial: 0.098 
(epoch: 75, iters: 1638, time: 0.489, data: 0.002) G_GAN_ViT: 0.325 D_real_ViT: 0.278 D_fake_ViT: 0.213 global: 0.325 spatial: 0.078 
(epoch: 75, iters: 1738, time: 0.488, data: 0.001) G_GAN_ViT: 0.392 D_real_ViT: 0.160 D_fake_ViT: 0.184 global: 0.440 spatial: 0.089 
saving the latest model (epoch 75, total_iters 480000)
ICL_single_traffic_hwy
(epoch: 75, iters: 1838, time: 0.488, data: 0.001) G_GAN_ViT: 0.301 D_real_ViT: 0.345 D_fake_ViT: 0.231 global: 0.456 spatial: 0.088 
(epoch: 75, iters: 1938, time: 0.488, data: 0.001) G_GAN_ViT: 0.338 D_real_ViT: 0.259 D_fake_ViT: 0.209 global: 0.448 spatial: 0.091 
(epoch: 75, iters: 2038, time: 0.489, data: 0.001) G_GAN_ViT: 0.426 D_real_ViT: 0.209 D_fake_ViT: 0.156 global: 0.304 spatial: 0.076 
(epoch: 75, iters: 2138, time: 0.489, data: 0.001) G_GAN_ViT: 0.306 D_real_ViT: 0.250 D_fake_ViT: 0.227 global: 0.386 spatial: 0.082 
(epoch: 75, iters: 2238, time: 0.489, data: 0.003) G_GAN_ViT: 0.255 D_real_ViT: 0.279 D_fake_ViT: 0.304 global: 0.367 spatial: 0.093 
(epoch: 75, iters: 2338, time: 0.489, data: 0.001) G_GAN_ViT: 0.477 D_real_ViT: 0.386 D_fake_ViT: 0.122 global: 0.275 spatial: 0.067 
(epoch: 75, iters: 2438, time: 0.489, data: 0.001) G_GAN_ViT: 0.381 D_real_ViT: 0.250 D_fake_ViT: 0.171 global: 0.297 spatial: 0.072 
(epoch: 75, iters: 2538, time: 0.489, data: 0.001) G_GAN_ViT: 0.422 D_real_ViT: 0.302 D_fake_ViT: 0.153 global: 0.302 spatial: 0.067 
(epoch: 75, iters: 2638, time: 0.489, data: 0.001) G_GAN_ViT: 0.346 D_real_ViT: 0.369 D_fake_ViT: 0.200 global: 0.338 spatial: 0.078 
(epoch: 75, iters: 2738, time: 0.488, data: 0.001) G_GAN_ViT: 0.313 D_real_ViT: 0.229 D_fake_ViT: 0.223 global: 0.482 spatial: 0.081 
(epoch: 75, iters: 2838, time: 0.488, data: 0.001) G_GAN_ViT: 0.313 D_real_ViT: 0.246 D_fake_ViT: 0.254 global: 0.409 spatial: 0.102 
(epoch: 75, iters: 2938, time: 0.488, data: 0.001) G_GAN_ViT: 0.400 D_real_ViT: 0.211 D_fake_ViT: 0.176 global: 0.349 spatial: 0.082 
(epoch: 75, iters: 3038, time: 0.489, data: 0.001) G_GAN_ViT: 0.376 D_real_ViT: 0.351 D_fake_ViT: 0.187 global: 0.354 spatial: 0.090 
(epoch: 75, iters: 3138, time: 0.488, data: 0.001) G_GAN_ViT: 0.282 D_real_ViT: 0.210 D_fake_ViT: 0.267 global: 0.338 spatial: 0.084 
(epoch: 75, iters: 3238, time: 0.488, data: 0.001) G_GAN_ViT: 0.404 D_real_ViT: 0.174 D_fake_ViT: 0.162 global: 0.398 spatial: 0.087 
(epoch: 75, iters: 3338, time: 0.488, data: 0.001) G_GAN_ViT: 0.279 D_real_ViT: 0.224 D_fake_ViT: 0.248 global: 0.432 spatial: 0.075 
(epoch: 75, iters: 3438, time: 0.489, data: 0.001) G_GAN_ViT: 0.357 D_real_ViT: 0.085 D_fake_ViT: 0.198 global: 0.428 spatial: 0.093 
(epoch: 75, iters: 3538, time: 0.489, data: 0.001) G_GAN_ViT: 0.332 D_real_ViT: 0.262 D_fake_ViT: 0.219 global: 0.456 spatial: 0.084 
(epoch: 75, iters: 3638, time: 0.489, data: 0.001) G_GAN_ViT: 0.432 D_real_ViT: 0.259 D_fake_ViT: 0.143 global: 0.423 spatial: 0.076 
(epoch: 75, iters: 3738, time: 0.489, data: 0.003) G_GAN_ViT: 0.355 D_real_ViT: 0.294 D_fake_ViT: 0.212 global: 0.388 spatial: 0.100 
(epoch: 75, iters: 3838, time: 0.489, data: 0.001) G_GAN_ViT: 0.271 D_real_ViT: 0.195 D_fake_ViT: 0.290 global: 0.416 spatial: 0.096 
(epoch: 75, iters: 3938, time: 0.489, data: 0.001) G_GAN_ViT: 0.350 D_real_ViT: 0.177 D_fake_ViT: 0.255 global: 0.370 spatial: 0.088 
(epoch: 75, iters: 4038, time: 0.489, data: 0.001) G_GAN_ViT: 0.388 D_real_ViT: 0.306 D_fake_ViT: 0.187 global: 0.413 spatial: 0.095 
(epoch: 75, iters: 4138, time: 0.490, data: 0.001) G_GAN_ViT: 0.290 D_real_ViT: 0.218 D_fake_ViT: 0.259 global: 0.231 spatial: 0.061 
(epoch: 75, iters: 4238, time: 0.490, data: 0.001) G_GAN_ViT: 0.256 D_real_ViT: 0.261 D_fake_ViT: 0.343 global: 0.319 spatial: 0.096 
(epoch: 75, iters: 4338, time: 0.490, data: 0.001) G_GAN_ViT: 0.377 D_real_ViT: 0.371 D_fake_ViT: 0.177 global: 0.449 spatial: 0.093 
(epoch: 75, iters: 4438, time: 0.490, data: 0.001) G_GAN_ViT: 0.288 D_real_ViT: 0.213 D_fake_ViT: 0.253 global: 0.503 spatial: 0.092 
(epoch: 75, iters: 4538, time: 0.490, data: 0.001) G_GAN_ViT: 0.350 D_real_ViT: 0.293 D_fake_ViT: 0.191 global: 0.335 spatial: 0.074 
(epoch: 75, iters: 4638, time: 0.490, data: 0.001) G_GAN_ViT: 0.298 D_real_ViT: 0.268 D_fake_ViT: 0.246 global: 0.413 spatial: 0.070 
(epoch: 75, iters: 4738, time: 0.491, data: 0.001) G_GAN_ViT: 0.282 D_real_ViT: 0.241 D_fake_ViT: 0.254 global: 0.401 spatial: 0.079 
(epoch: 75, iters: 4838, time: 0.490, data: 0.001) G_GAN_ViT: 0.424 D_real_ViT: 0.150 D_fake_ViT: 0.149 global: 0.346 spatial: 0.073 
(epoch: 75, iters: 4938, time: 0.489, data: 0.001) G_GAN_ViT: 0.302 D_real_ViT: 0.164 D_fake_ViT: 0.235 global: 0.432 spatial: 0.080 
(epoch: 75, iters: 5038, time: 0.489, data: 0.001) G_GAN_ViT: 0.364 D_real_ViT: 0.338 D_fake_ViT: 0.183 global: 0.308 spatial: 0.069 
(epoch: 75, iters: 5138, time: 0.489, data: 0.001) G_GAN_ViT: 0.273 D_real_ViT: 0.205 D_fake_ViT: 0.261 global: 0.429 spatial: 0.084 
(epoch: 75, iters: 5238, time: 0.489, data: 0.001) G_GAN_ViT: 0.276 D_real_ViT: 0.192 D_fake_ViT: 0.262 global: 0.434 spatial: 0.070 
(epoch: 75, iters: 5338, time: 0.489, data: 0.001) G_GAN_ViT: 0.247 D_real_ViT: 0.242 D_fake_ViT: 0.288 global: 0.432 spatial: 0.089 
(epoch: 75, iters: 5438, time: 0.488, data: 0.001) G_GAN_ViT: 0.322 D_real_ViT: 0.102 D_fake_ViT: 0.232 global: 0.399 spatial: 0.079 
(epoch: 75, iters: 5538, time: 0.488, data: 0.001) G_GAN_ViT: 0.368 D_real_ViT: 0.225 D_fake_ViT: 0.181 global: 0.332 spatial: 0.077 
(epoch: 75, iters: 5638, time: 0.489, data: 0.001) G_GAN_ViT: 0.334 D_real_ViT: 0.309 D_fake_ViT: 0.229 global: 0.418 spatial: 0.099 
(epoch: 75, iters: 5738, time: 0.489, data: 0.001) G_GAN_ViT: 0.355 D_real_ViT: 0.133 D_fake_ViT: 0.207 global: 0.401 spatial: 0.091 
(epoch: 75, iters: 5838, time: 0.489, data: 0.001) G_GAN_ViT: 0.371 D_real_ViT: 0.153 D_fake_ViT: 0.194 global: 0.366 spatial: 0.082 
(epoch: 75, iters: 5938, time: 0.488, data: 0.001) G_GAN_ViT: 0.350 D_real_ViT: 0.124 D_fake_ViT: 0.193 global: 0.484 spatial: 0.081 
(epoch: 75, iters: 6038, time: 0.488, data: 0.001) G_GAN_ViT: 0.370 D_real_ViT: 0.256 D_fake_ViT: 0.189 global: 0.305 spatial: 0.076 
(epoch: 75, iters: 6138, time: 0.488, data: 0.001) G_GAN_ViT: 0.291 D_real_ViT: 0.160 D_fake_ViT: 0.262 global: 0.414 spatial: 0.081 
(epoch: 75, iters: 6238, time: 0.489, data: 0.001) G_GAN_ViT: 0.417 D_real_ViT: 0.353 D_fake_ViT: 0.161 global: 0.420 spatial: 0.087 
(epoch: 75, iters: 6338, time: 0.489, data: 0.002) G_GAN_ViT: 0.403 D_real_ViT: 0.191 D_fake_ViT: 0.158 global: 0.284 spatial: 0.078 
(epoch: 75, iters: 6438, time: 0.489, data: 0.001) G_GAN_ViT: 0.348 D_real_ViT: 0.325 D_fake_ViT: 0.198 global: 0.365 spatial: 0.073 
saving the model at the end of epoch 75, iters 484725
End of epoch 75 / 100 	 Time Taken: 3170 sec
learning rate = 0.0000049
(epoch: 76, iters: 75, time: 0.489, data: 0.001) G_GAN_ViT: 0.394 D_real_ViT: 0.300 D_fake_ViT: 0.171 global: 0.318 spatial: 0.068 
(epoch: 76, iters: 175, time: 0.489, data: 0.001) G_GAN_ViT: 0.410 D_real_ViT: 0.326 D_fake_ViT: 0.157 global: 0.320 spatial: 0.069 
(epoch: 76, iters: 275, time: 0.489, data: 0.001) G_GAN_ViT: 0.416 D_real_ViT: 0.057 D_fake_ViT: 0.166 global: 0.379 spatial: 0.088 
saving the latest model (epoch 76, total_iters 485000)
ICL_single_traffic_hwy
(epoch: 76, iters: 375, time: 0.489, data: 0.001) G_GAN_ViT: 0.315 D_real_ViT: 0.199 D_fake_ViT: 0.224 global: 0.350 spatial: 0.078 
(epoch: 76, iters: 475, time: 0.489, data: 0.001) G_GAN_ViT: 0.193 D_real_ViT: 0.274 D_fake_ViT: 0.395 global: 0.338 spatial: 0.084 
(epoch: 76, iters: 575, time: 0.489, data: 0.001) G_GAN_ViT: 0.279 D_real_ViT: 0.191 D_fake_ViT: 0.250 global: 0.397 spatial: 0.068 
(epoch: 76, iters: 675, time: 0.489, data: 0.001) G_GAN_ViT: 0.376 D_real_ViT: 0.251 D_fake_ViT: 0.179 global: 0.410 spatial: 0.083 
(epoch: 76, iters: 775, time: 0.489, data: 0.001) G_GAN_ViT: 0.297 D_real_ViT: 0.393 D_fake_ViT: 0.252 global: 0.413 spatial: 0.082 
(epoch: 76, iters: 875, time: 0.490, data: 0.001) G_GAN_ViT: 0.330 D_real_ViT: 0.209 D_fake_ViT: 0.209 global: 0.330 spatial: 0.075 
(epoch: 76, iters: 975, time: 0.489, data: 0.001) G_GAN_ViT: 0.365 D_real_ViT: 0.122 D_fake_ViT: 0.188 global: 0.276 spatial: 0.064 
(epoch: 76, iters: 1075, time: 0.490, data: 0.001) G_GAN_ViT: 0.343 D_real_ViT: 0.239 D_fake_ViT: 0.216 global: 0.296 spatial: 0.078 
(epoch: 76, iters: 1175, time: 0.490, data: 0.001) G_GAN_ViT: 0.266 D_real_ViT: 0.253 D_fake_ViT: 0.269 global: 0.432 spatial: 0.095 
(epoch: 76, iters: 1275, time: 0.489, data: 0.001) G_GAN_ViT: 0.218 D_real_ViT: 0.221 D_fake_ViT: 0.324 global: 0.372 spatial: 0.086 
(epoch: 76, iters: 1375, time: 0.488, data: 0.001) G_GAN_ViT: 0.412 D_real_ViT: 0.088 D_fake_ViT: 0.156 global: 0.396 spatial: 0.083 
(epoch: 76, iters: 1475, time: 0.488, data: 0.001) G_GAN_ViT: 0.272 D_real_ViT: 0.259 D_fake_ViT: 0.273 global: 0.335 spatial: 0.089 
(epoch: 76, iters: 1575, time: 0.489, data: 0.001) G_GAN_ViT: 0.200 D_real_ViT: 0.411 D_fake_ViT: 0.344 global: 0.309 spatial: 0.058 
(epoch: 76, iters: 1675, time: 0.488, data: 0.001) G_GAN_ViT: 0.377 D_real_ViT: 0.212 D_fake_ViT: 0.181 global: 0.313 spatial: 0.081 
(epoch: 76, iters: 1775, time: 0.488, data: 0.001) G_GAN_ViT: 0.349 D_real_ViT: 0.275 D_fake_ViT: 0.197 global: 0.342 spatial: 0.072 
(epoch: 76, iters: 1875, time: 0.489, data: 0.001) G_GAN_ViT: 0.364 D_real_ViT: 0.238 D_fake_ViT: 0.192 global: 0.404 spatial: 0.076 
(epoch: 76, iters: 1975, time: 0.489, data: 0.001) G_GAN_ViT: 0.278 D_real_ViT: 0.211 D_fake_ViT: 0.258 global: 0.398 spatial: 0.069 
(epoch: 76, iters: 2075, time: 0.489, data: 0.001) G_GAN_ViT: 0.316 D_real_ViT: 0.150 D_fake_ViT: 0.245 global: 0.438 spatial: 0.087 
(epoch: 76, iters: 2175, time: 0.489, data: 0.001) G_GAN_ViT: 0.390 D_real_ViT: 0.099 D_fake_ViT: 0.175 global: 0.420 spatial: 0.080 
(epoch: 76, iters: 2275, time: 0.488, data: 0.001) G_GAN_ViT: 0.272 D_real_ViT: 0.232 D_fake_ViT: 0.266 global: 0.440 spatial: 0.080 
(epoch: 76, iters: 2375, time: 0.489, data: 0.001) G_GAN_ViT: 0.339 D_real_ViT: 0.145 D_fake_ViT: 0.203 global: 0.328 spatial: 0.063 
(epoch: 76, iters: 2475, time: 0.489, data: 0.002) G_GAN_ViT: 0.380 D_real_ViT: 0.275 D_fake_ViT: 0.180 global: 0.325 spatial: 0.072 
(epoch: 76, iters: 2575, time: 0.489, data: 0.001) G_GAN_ViT: 0.461 D_real_ViT: 0.172 D_fake_ViT: 0.134 global: 0.405 spatial: 0.074 
(epoch: 76, iters: 2675, time: 0.489, data: 0.001) G_GAN_ViT: 0.359 D_real_ViT: 0.168 D_fake_ViT: 0.214 global: 0.335 spatial: 0.084 
(epoch: 76, iters: 2775, time: 0.488, data: 0.001) G_GAN_ViT: 0.224 D_real_ViT: 0.142 D_fake_ViT: 0.318 global: 0.314 spatial: 0.066 
(epoch: 76, iters: 2875, time: 0.489, data: 0.001) G_GAN_ViT: 0.493 D_real_ViT: 0.239 D_fake_ViT: 0.110 global: 0.323 spatial: 0.082 
(epoch: 76, iters: 2975, time: 0.489, data: 0.001) G_GAN_ViT: 0.347 D_real_ViT: 0.224 D_fake_ViT: 0.219 global: 0.448 spatial: 0.100 
(epoch: 76, iters: 3075, time: 0.488, data: 0.001) G_GAN_ViT: 0.286 D_real_ViT: 0.112 D_fake_ViT: 0.257 global: 0.391 spatial: 0.089 
(epoch: 76, iters: 3175, time: 0.489, data: 0.001) G_GAN_ViT: 0.419 D_real_ViT: 0.230 D_fake_ViT: 0.157 global: 0.396 spatial: 0.078 
(epoch: 76, iters: 3275, time: 0.489, data: 0.001) G_GAN_ViT: 0.352 D_real_ViT: 0.198 D_fake_ViT: 0.210 global: 0.380 spatial: 0.103 
(epoch: 76, iters: 3375, time: 0.489, data: 0.001) G_GAN_ViT: 0.340 D_real_ViT: 0.464 D_fake_ViT: 0.208 global: 0.435 spatial: 0.093 
(epoch: 76, iters: 3475, time: 0.488, data: 0.001) G_GAN_ViT: 0.308 D_real_ViT: 0.154 D_fake_ViT: 0.258 global: 0.388 spatial: 0.101 
(epoch: 76, iters: 3575, time: 0.489, data: 0.001) G_GAN_ViT: 0.384 D_real_ViT: 0.110 D_fake_ViT: 0.176 global: 0.311 spatial: 0.071 
(epoch: 76, iters: 3675, time: 0.489, data: 0.001) G_GAN_ViT: 0.460 D_real_ViT: 0.265 D_fake_ViT: 0.134 global: 0.299 spatial: 0.069 
(epoch: 76, iters: 3775, time: 0.490, data: 0.001) G_GAN_ViT: 0.388 D_real_ViT: 0.269 D_fake_ViT: 0.174 global: 0.381 spatial: 0.074 
(epoch: 76, iters: 3875, time: 0.489, data: 0.001) G_GAN_ViT: 0.467 D_real_ViT: 0.313 D_fake_ViT: 0.128 global: 0.241 spatial: 0.048 
(epoch: 76, iters: 3975, time: 0.489, data: 0.001) G_GAN_ViT: 0.327 D_real_ViT: 0.273 D_fake_ViT: 0.224 global: 0.308 spatial: 0.088 
(epoch: 76, iters: 4075, time: 0.489, data: 0.001) G_GAN_ViT: 0.360 D_real_ViT: 0.233 D_fake_ViT: 0.207 global: 0.400 spatial: 0.086 
(epoch: 76, iters: 4175, time: 0.490, data: 0.001) G_GAN_ViT: 0.500 D_real_ViT: 0.255 D_fake_ViT: 0.115 global: 0.286 spatial: 0.078 
(epoch: 76, iters: 4275, time: 0.490, data: 0.001) G_GAN_ViT: 0.239 D_real_ViT: 0.155 D_fake_ViT: 0.311 global: 0.415 spatial: 0.070 
(epoch: 76, iters: 4375, time: 0.490, data: 0.001) G_GAN_ViT: 0.253 D_real_ViT: 0.093 D_fake_ViT: 0.305 global: 0.359 spatial: 0.076 
(epoch: 76, iters: 4475, time: 0.490, data: 0.001) G_GAN_ViT: 0.329 D_real_ViT: 0.133 D_fake_ViT: 0.230 global: 0.295 spatial: 0.074 
(epoch: 76, iters: 4575, time: 0.489, data: 0.001) G_GAN_ViT: 0.347 D_real_ViT: 0.194 D_fake_ViT: 0.199 global: 0.423 spatial: 0.086 
(epoch: 76, iters: 4675, time: 0.489, data: 0.001) G_GAN_ViT: 0.363 D_real_ViT: 0.231 D_fake_ViT: 0.187 global: 0.330 spatial: 0.061 
(epoch: 76, iters: 4775, time: 0.489, data: 0.001) G_GAN_ViT: 0.353 D_real_ViT: 0.275 D_fake_ViT: 0.191 global: 0.400 spatial: 0.095 
(epoch: 76, iters: 4875, time: 0.489, data: 0.001) G_GAN_ViT: 0.211 D_real_ViT: 0.180 D_fake_ViT: 0.344 global: 0.442 spatial: 0.078 
(epoch: 76, iters: 4975, time: 0.488, data: 0.001) G_GAN_ViT: 0.424 D_real_ViT: 0.280 D_fake_ViT: 0.147 global: 0.284 spatial: 0.066 
(epoch: 76, iters: 5075, time: 0.489, data: 0.002) G_GAN_ViT: 0.373 D_real_ViT: 0.192 D_fake_ViT: 0.176 global: 0.311 spatial: 0.081 
(epoch: 76, iters: 5175, time: 0.488, data: 0.001) G_GAN_ViT: 0.343 D_real_ViT: 0.243 D_fake_ViT: 0.249 global: 0.377 spatial: 0.088 
(epoch: 76, iters: 5275, time: 0.488, data: 0.001) G_GAN_ViT: 0.410 D_real_ViT: 0.123 D_fake_ViT: 0.161 global: 0.339 spatial: 0.066 
saving the latest model (epoch 76, total_iters 490000)
ICL_single_traffic_hwy
(epoch: 76, iters: 5375, time: 0.488, data: 0.001) G_GAN_ViT: 0.338 D_real_ViT: 0.146 D_fake_ViT: 0.212 global: 0.245 spatial: 0.061 
(epoch: 76, iters: 5475, time: 0.488, data: 0.001) G_GAN_ViT: 0.369 D_real_ViT: 0.306 D_fake_ViT: 0.178 global: 0.336 spatial: 0.074 
(epoch: 76, iters: 5575, time: 0.488, data: 0.001) G_GAN_ViT: 0.452 D_real_ViT: 0.223 D_fake_ViT: 0.158 global: 0.350 spatial: 0.093 
(epoch: 76, iters: 5675, time: 0.489, data: 0.002) G_GAN_ViT: 0.321 D_real_ViT: 0.174 D_fake_ViT: 0.232 global: 0.329 spatial: 0.071 
(epoch: 76, iters: 5775, time: 0.489, data: 0.001) G_GAN_ViT: 0.299 D_real_ViT: 0.242 D_fake_ViT: 0.245 global: 0.461 spatial: 0.096 
(epoch: 76, iters: 5875, time: 0.488, data: 0.001) G_GAN_ViT: 0.317 D_real_ViT: 0.190 D_fake_ViT: 0.219 global: 0.356 spatial: 0.076 
(epoch: 76, iters: 5975, time: 0.489, data: 0.001) G_GAN_ViT: 0.299 D_real_ViT: 0.316 D_fake_ViT: 0.244 global: 0.380 spatial: 0.071 
(epoch: 76, iters: 6075, time: 0.489, data: 0.001) G_GAN_ViT: 0.234 D_real_ViT: 0.201 D_fake_ViT: 0.303 global: 0.354 spatial: 0.089 
(epoch: 76, iters: 6175, time: 0.489, data: 0.001) G_GAN_ViT: 0.408 D_real_ViT: 0.127 D_fake_ViT: 0.155 global: 0.300 spatial: 0.074 
(epoch: 76, iters: 6275, time: 0.489, data: 0.001) G_GAN_ViT: 0.277 D_real_ViT: 0.310 D_fake_ViT: 0.256 global: 0.488 spatial: 0.093 
(epoch: 76, iters: 6375, time: 0.488, data: 0.001) G_GAN_ViT: 0.443 D_real_ViT: 0.221 D_fake_ViT: 0.144 global: 0.261 spatial: 0.054 
End of epoch 76 / 100 	 Time Taken: 3169 sec
learning rate = 0.0000047
(epoch: 77, iters: 12, time: 0.488, data: 0.001) G_GAN_ViT: 0.260 D_real_ViT: 0.258 D_fake_ViT: 0.269 global: 0.409 spatial: 0.077 
(epoch: 77, iters: 112, time: 0.489, data: 0.001) G_GAN_ViT: 0.435 D_real_ViT: 0.167 D_fake_ViT: 0.149 global: 0.263 spatial: 0.064 
(epoch: 77, iters: 212, time: 0.489, data: 0.001) G_GAN_ViT: 0.316 D_real_ViT: 0.216 D_fake_ViT: 0.222 global: 0.351 spatial: 0.094 
(epoch: 77, iters: 312, time: 0.488, data: 0.001) G_GAN_ViT: 0.408 D_real_ViT: 0.187 D_fake_ViT: 0.158 global: 0.338 spatial: 0.075 
(epoch: 77, iters: 412, time: 0.488, data: 0.001) G_GAN_ViT: 0.326 D_real_ViT: 0.138 D_fake_ViT: 0.235 global: 0.440 spatial: 0.083 
(epoch: 77, iters: 512, time: 0.488, data: 0.001) G_GAN_ViT: 0.367 D_real_ViT: 0.229 D_fake_ViT: 0.187 global: 0.379 spatial: 0.070 
(epoch: 77, iters: 612, time: 0.489, data: 0.001) G_GAN_ViT: 0.361 D_real_ViT: 0.155 D_fake_ViT: 0.193 global: 0.392 spatial: 0.071 
(epoch: 77, iters: 712, time: 0.489, data: 0.001) G_GAN_ViT: 0.209 D_real_ViT: 0.156 D_fake_ViT: 0.343 global: 0.412 spatial: 0.080 
(epoch: 77, iters: 812, time: 0.489, data: 0.001) G_GAN_ViT: 0.379 D_real_ViT: 0.243 D_fake_ViT: 0.176 global: 0.274 spatial: 0.053 
(epoch: 77, iters: 912, time: 0.489, data: 0.001) G_GAN_ViT: 0.239 D_real_ViT: 0.031 D_fake_ViT: 0.300 global: 0.474 spatial: 0.088 
(epoch: 77, iters: 1012, time: 0.490, data: 0.001) G_GAN_ViT: 0.343 D_real_ViT: 0.165 D_fake_ViT: 0.201 global: 0.394 spatial: 0.072 
(epoch: 77, iters: 1112, time: 0.490, data: 0.001) G_GAN_ViT: 0.253 D_real_ViT: 0.156 D_fake_ViT: 0.292 global: 0.376 spatial: 0.079 
(epoch: 77, iters: 1212, time: 0.491, data: 0.001) G_GAN_ViT: 0.313 D_real_ViT: 0.326 D_fake_ViT: 0.254 global: 0.373 spatial: 0.100 
(epoch: 77, iters: 1312, time: 0.490, data: 0.001) G_GAN_ViT: 0.431 D_real_ViT: 0.237 D_fake_ViT: 0.142 global: 0.333 spatial: 0.066 
(epoch: 77, iters: 1412, time: 0.490, data: 0.001) G_GAN_ViT: 0.329 D_real_ViT: 0.270 D_fake_ViT: 0.227 global: 0.228 spatial: 0.067 
(epoch: 77, iters: 1512, time: 0.490, data: 0.001) G_GAN_ViT: 0.344 D_real_ViT: 0.257 D_fake_ViT: 0.204 global: 0.441 spatial: 0.083 
(epoch: 77, iters: 1612, time: 0.490, data: 0.001) G_GAN_ViT: 0.301 D_real_ViT: 0.306 D_fake_ViT: 0.246 global: 0.465 spatial: 0.092 
(epoch: 77, iters: 1712, time: 0.490, data: 0.001) G_GAN_ViT: 0.269 D_real_ViT: 0.198 D_fake_ViT: 0.269 global: 0.366 spatial: 0.076 
(epoch: 77, iters: 1812, time: 0.490, data: 0.001) G_GAN_ViT: 0.317 D_real_ViT: 0.120 D_fake_ViT: 0.224 global: 0.410 spatial: 0.068 
(epoch: 77, iters: 1912, time: 0.490, data: 0.001) G_GAN_ViT: 0.287 D_real_ViT: 0.225 D_fake_ViT: 0.247 global: 0.465 spatial: 0.093 
(epoch: 77, iters: 2012, time: 0.490, data: 0.001) G_GAN_ViT: 0.335 D_real_ViT: 0.182 D_fake_ViT: 0.218 global: 0.439 spatial: 0.091 
(epoch: 77, iters: 2112, time: 0.489, data: 0.001) G_GAN_ViT: 0.378 D_real_ViT: 0.223 D_fake_ViT: 0.177 global: 0.360 spatial: 0.080 
(epoch: 77, iters: 2212, time: 0.489, data: 0.001) G_GAN_ViT: 0.281 D_real_ViT: 0.245 D_fake_ViT: 0.252 global: 0.449 spatial: 0.090 
(epoch: 77, iters: 2312, time: 0.489, data: 0.005) G_GAN_ViT: 0.335 D_real_ViT: 0.157 D_fake_ViT: 0.206 global: 0.405 spatial: 0.084 
(epoch: 77, iters: 2412, time: 0.490, data: 0.001) G_GAN_ViT: 0.455 D_real_ViT: 0.185 D_fake_ViT: 0.138 global: 0.264 spatial: 0.056 
(epoch: 77, iters: 2512, time: 0.490, data: 0.001) G_GAN_ViT: 0.417 D_real_ViT: 0.290 D_fake_ViT: 0.152 global: 0.271 spatial: 0.063 
(epoch: 77, iters: 2612, time: 0.489, data: 0.001) G_GAN_ViT: 0.283 D_real_ViT: 0.273 D_fake_ViT: 0.250 global: 0.373 spatial: 0.074 
(epoch: 77, iters: 2712, time: 0.489, data: 0.001) G_GAN_ViT: 0.311 D_real_ViT: 0.195 D_fake_ViT: 0.238 global: 0.365 spatial: 0.080 
(epoch: 77, iters: 2812, time: 0.489, data: 0.001) G_GAN_ViT: 0.336 D_real_ViT: 0.237 D_fake_ViT: 0.220 global: 0.329 spatial: 0.076 
(epoch: 77, iters: 2912, time: 0.489, data: 0.001) G_GAN_ViT: 0.305 D_real_ViT: 0.139 D_fake_ViT: 0.228 global: 0.478 spatial: 0.088 
(epoch: 77, iters: 3012, time: 0.490, data: 0.001) G_GAN_ViT: 0.277 D_real_ViT: 0.309 D_fake_ViT: 0.296 global: 0.309 spatial: 0.088 
(epoch: 77, iters: 3112, time: 0.489, data: 0.001) G_GAN_ViT: 0.346 D_real_ViT: 0.109 D_fake_ViT: 0.208 global: 0.435 spatial: 0.087 
(epoch: 77, iters: 3212, time: 0.489, data: 0.002) G_GAN_ViT: 0.376 D_real_ViT: 0.264 D_fake_ViT: 0.188 global: 0.268 spatial: 0.070 
(epoch: 77, iters: 3312, time: 0.488, data: 0.001) G_GAN_ViT: 0.430 D_real_ViT: 0.266 D_fake_ViT: 0.154 global: 0.242 spatial: 0.062 
(epoch: 77, iters: 3412, time: 0.488, data: 0.001) G_GAN_ViT: 0.317 D_real_ViT: 0.365 D_fake_ViT: 0.230 global: 0.360 spatial: 0.079 
(epoch: 77, iters: 3512, time: 0.488, data: 0.001) G_GAN_ViT: 0.207 D_real_ViT: 0.235 D_fake_ViT: 0.367 global: 0.372 spatial: 0.097 
(epoch: 77, iters: 3612, time: 0.488, data: 0.001) G_GAN_ViT: 0.268 D_real_ViT: 0.271 D_fake_ViT: 0.301 global: 0.340 spatial: 0.086 
(epoch: 77, iters: 3712, time: 0.488, data: 0.001) G_GAN_ViT: 0.293 D_real_ViT: 0.289 D_fake_ViT: 0.242 global: 0.480 spatial: 0.086 
(epoch: 77, iters: 3812, time: 0.488, data: 0.001) G_GAN_ViT: 0.288 D_real_ViT: 0.269 D_fake_ViT: 0.275 global: 0.400 spatial: 0.094 
saving the latest model (epoch 77, total_iters 495000)
ICL_single_traffic_hwy
(epoch: 77, iters: 3912, time: 0.488, data: 0.001) G_GAN_ViT: 0.347 D_real_ViT: 0.112 D_fake_ViT: 0.216 global: 0.380 spatial: 0.108 
(epoch: 77, iters: 4012, time: 0.489, data: 0.001) G_GAN_ViT: 0.265 D_real_ViT: 0.286 D_fake_ViT: 0.274 global: 0.404 spatial: 0.070 
(epoch: 77, iters: 4112, time: 0.489, data: 0.001) G_GAN_ViT: 0.209 D_real_ViT: 0.238 D_fake_ViT: 0.356 global: 0.370 spatial: 0.094 
(epoch: 77, iters: 4212, time: 0.489, data: 0.001) G_GAN_ViT: 0.510 D_real_ViT: 0.240 D_fake_ViT: 0.122 global: 0.316 spatial: 0.075 
(epoch: 77, iters: 4312, time: 0.489, data: 0.001) G_GAN_ViT: 0.402 D_real_ViT: 0.165 D_fake_ViT: 0.162 global: 0.407 spatial: 0.086 
(epoch: 77, iters: 4412, time: 0.489, data: 0.001) G_GAN_ViT: 0.402 D_real_ViT: 0.293 D_fake_ViT: 0.177 global: 0.445 spatial: 0.084 
(epoch: 77, iters: 4512, time: 0.489, data: 0.001) G_GAN_ViT: 0.314 D_real_ViT: 0.181 D_fake_ViT: 0.242 global: 0.427 spatial: 0.103 
(epoch: 77, iters: 4612, time: 0.489, data: 0.001) G_GAN_ViT: 0.435 D_real_ViT: 0.136 D_fake_ViT: 0.150 global: 0.367 spatial: 0.085 
(epoch: 77, iters: 4712, time: 0.489, data: 0.001) G_GAN_ViT: 0.359 D_real_ViT: 0.225 D_fake_ViT: 0.206 global: 0.455 spatial: 0.085 
(epoch: 77, iters: 4812, time: 0.489, data: 0.001) G_GAN_ViT: 0.275 D_real_ViT: 0.205 D_fake_ViT: 0.268 global: 0.432 spatial: 0.081 
(epoch: 77, iters: 4912, time: 0.488, data: 0.001) G_GAN_ViT: 0.336 D_real_ViT: 0.284 D_fake_ViT: 0.205 global: 0.384 spatial: 0.078 
(epoch: 77, iters: 5012, time: 0.488, data: 0.001) G_GAN_ViT: 0.336 D_real_ViT: 0.269 D_fake_ViT: 0.207 global: 0.469 spatial: 0.090 
(epoch: 77, iters: 5112, time: 0.488, data: 0.001) G_GAN_ViT: 0.318 D_real_ViT: 0.176 D_fake_ViT: 0.233 global: 0.460 spatial: 0.097 
(epoch: 77, iters: 5212, time: 0.488, data: 0.001) G_GAN_ViT: 0.340 D_real_ViT: 0.141 D_fake_ViT: 0.200 global: 0.329 spatial: 0.075 
(epoch: 77, iters: 5312, time: 0.489, data: 0.001) G_GAN_ViT: 0.333 D_real_ViT: 0.089 D_fake_ViT: 0.210 global: 0.404 spatial: 0.078 
(epoch: 77, iters: 5412, time: 0.489, data: 0.001) G_GAN_ViT: 0.409 D_real_ViT: 0.263 D_fake_ViT: 0.155 global: 0.293 spatial: 0.068 
(epoch: 77, iters: 5512, time: 0.490, data: 0.001) G_GAN_ViT: 0.497 D_real_ViT: 0.224 D_fake_ViT: 0.109 global: 0.372 spatial: 0.081 
(epoch: 77, iters: 5612, time: 0.489, data: 0.001) G_GAN_ViT: 0.307 D_real_ViT: 0.450 D_fake_ViT: 0.224 global: 0.411 spatial: 0.080 
(epoch: 77, iters: 5712, time: 0.489, data: 0.001) G_GAN_ViT: 0.273 D_real_ViT: 0.058 D_fake_ViT: 0.279 global: 0.487 spatial: 0.092 
(epoch: 77, iters: 5812, time: 0.489, data: 0.001) G_GAN_ViT: 0.361 D_real_ViT: 0.179 D_fake_ViT: 0.187 global: 0.330 spatial: 0.075 
(epoch: 77, iters: 5912, time: 0.489, data: 0.002) G_GAN_ViT: 0.395 D_real_ViT: 0.156 D_fake_ViT: 0.185 global: 0.383 spatial: 0.091 
(epoch: 77, iters: 6012, time: 0.489, data: 0.001) G_GAN_ViT: 0.470 D_real_ViT: 0.242 D_fake_ViT: 0.130 global: 0.291 spatial: 0.082 
(epoch: 77, iters: 6112, time: 0.489, data: 0.002) G_GAN_ViT: 0.423 D_real_ViT: 0.211 D_fake_ViT: 0.159 global: 0.416 spatial: 0.098 
(epoch: 77, iters: 6212, time: 0.489, data: 0.001) G_GAN_ViT: 0.350 D_real_ViT: 0.198 D_fake_ViT: 0.200 global: 0.254 spatial: 0.059 
(epoch: 77, iters: 6312, time: 0.489, data: 0.002) G_GAN_ViT: 0.282 D_real_ViT: 0.221 D_fake_ViT: 0.256 global: 0.398 spatial: 0.087 
(epoch: 77, iters: 6412, time: 0.489, data: 0.001) G_GAN_ViT: 0.200 D_real_ViT: 0.069 D_fake_ViT: 0.350 global: 0.312 spatial: 0.062 
End of epoch 77 / 100 	 Time Taken: 3170 sec
learning rate = 0.0000045
(epoch: 78, iters: 49, time: 0.488, data: 0.001) G_GAN_ViT: 0.282 D_real_ViT: 0.071 D_fake_ViT: 0.257 global: 0.409 spatial: 0.083 
(epoch: 78, iters: 149, time: 0.489, data: 0.001) G_GAN_ViT: 0.216 D_real_ViT: 0.201 D_fake_ViT: 0.320 global: 0.381 spatial: 0.069 
(epoch: 78, iters: 249, time: 0.489, data: 0.001) G_GAN_ViT: 0.175 D_real_ViT: 0.275 D_fake_ViT: 0.390 global: 0.292 spatial: 0.068 
(epoch: 78, iters: 349, time: 0.489, data: 0.001) G_GAN_ViT: 0.342 D_real_ViT: 0.132 D_fake_ViT: 0.197 global: 0.415 spatial: 0.089 
(epoch: 78, iters: 449, time: 0.488, data: 0.001) G_GAN_ViT: 0.399 D_real_ViT: 0.218 D_fake_ViT: 0.171 global: 0.440 spatial: 0.089 
(epoch: 78, iters: 549, time: 0.489, data: 0.001) G_GAN_ViT: 0.408 D_real_ViT: 0.264 D_fake_ViT: 0.161 global: 0.346 spatial: 0.071 
(epoch: 78, iters: 649, time: 0.488, data: 0.001) G_GAN_ViT: 0.300 D_real_ViT: 0.189 D_fake_ViT: 0.236 global: 0.504 spatial: 0.088 
(epoch: 78, iters: 749, time: 0.488, data: 0.001) G_GAN_ViT: 0.286 D_real_ViT: 0.289 D_fake_ViT: 0.240 global: 0.375 spatial: 0.071 
(epoch: 78, iters: 849, time: 0.488, data: 0.001) G_GAN_ViT: 0.323 D_real_ViT: 0.215 D_fake_ViT: 0.231 global: 0.419 spatial: 0.090 
(epoch: 78, iters: 949, time: 0.489, data: 0.002) G_GAN_ViT: 0.409 D_real_ViT: 0.226 D_fake_ViT: 0.170 global: 0.336 spatial: 0.084 
(epoch: 78, iters: 1049, time: 0.489, data: 0.001) G_GAN_ViT: 0.370 D_real_ViT: 0.157 D_fake_ViT: 0.195 global: 0.416 spatial: 0.093 
(epoch: 78, iters: 1149, time: 0.489, data: 0.002) G_GAN_ViT: 0.336 D_real_ViT: 0.253 D_fake_ViT: 0.198 global: 0.456 spatial: 0.090 
(epoch: 78, iters: 1249, time: 0.488, data: 0.001) G_GAN_ViT: 0.439 D_real_ViT: 0.150 D_fake_ViT: 0.143 global: 0.457 spatial: 0.093 
(epoch: 78, iters: 1349, time: 0.489, data: 0.001) G_GAN_ViT: 0.345 D_real_ViT: 0.273 D_fake_ViT: 0.200 global: 0.458 spatial: 0.088 
(epoch: 78, iters: 1449, time: 0.488, data: 0.001) G_GAN_ViT: 0.379 D_real_ViT: 0.273 D_fake_ViT: 0.174 global: 0.325 spatial: 0.075 
(epoch: 78, iters: 1549, time: 0.489, data: 0.001) G_GAN_ViT: 0.345 D_real_ViT: 0.258 D_fake_ViT: 0.202 global: 0.294 spatial: 0.068 
(epoch: 78, iters: 1649, time: 0.489, data: 0.002) G_GAN_ViT: 0.408 D_real_ViT: 0.306 D_fake_ViT: 0.159 global: 0.300 spatial: 0.081 
(epoch: 78, iters: 1749, time: 0.488, data: 0.001) G_GAN_ViT: 0.385 D_real_ViT: 0.232 D_fake_ViT: 0.172 global: 0.270 spatial: 0.073 
(epoch: 78, iters: 1849, time: 0.489, data: 0.001) G_GAN_ViT: 0.358 D_real_ViT: 0.155 D_fake_ViT: 0.201 global: 0.322 spatial: 0.080 
(epoch: 78, iters: 1949, time: 0.489, data: 0.001) G_GAN_ViT: 0.315 D_real_ViT: 0.169 D_fake_ViT: 0.220 global: 0.427 spatial: 0.084 
(epoch: 78, iters: 2049, time: 0.489, data: 0.001) G_GAN_ViT: 0.386 D_real_ViT: 0.349 D_fake_ViT: 0.178 global: 0.412 spatial: 0.090 
(epoch: 78, iters: 2149, time: 0.488, data: 0.002) G_GAN_ViT: 0.296 D_real_ViT: 0.301 D_fake_ViT: 0.245 global: 0.249 spatial: 0.070 
(epoch: 78, iters: 2249, time: 0.488, data: 0.001) G_GAN_ViT: 0.236 D_real_ViT: 0.193 D_fake_ViT: 0.330 global: 0.384 spatial: 0.096 
(epoch: 78, iters: 2349, time: 0.488, data: 0.002) G_GAN_ViT: 0.321 D_real_ViT: 0.177 D_fake_ViT: 0.222 global: 0.484 spatial: 0.097 
saving the latest model (epoch 78, total_iters 500000)
ICL_single_traffic_hwy
(epoch: 78, iters: 2449, time: 0.488, data: 0.001) G_GAN_ViT: 0.403 D_real_ViT: 0.244 D_fake_ViT: 0.158 global: 0.394 spatial: 0.088 
(epoch: 78, iters: 2549, time: 0.489, data: 0.001) G_GAN_ViT: 0.347 D_real_ViT: 0.152 D_fake_ViT: 0.192 global: 0.423 spatial: 0.084 
(epoch: 78, iters: 2649, time: 0.489, data: 0.001) G_GAN_ViT: 0.292 D_real_ViT: 0.100 D_fake_ViT: 0.253 global: 0.399 spatial: 0.068 
(epoch: 78, iters: 2749, time: 0.489, data: 0.001) G_GAN_ViT: 0.276 D_real_ViT: 0.293 D_fake_ViT: 0.270 global: 0.362 spatial: 0.076 
(epoch: 78, iters: 2849, time: 0.489, data: 0.001) G_GAN_ViT: 0.373 D_real_ViT: 0.158 D_fake_ViT: 0.196 global: 0.347 spatial: 0.097 
(epoch: 78, iters: 2949, time: 0.489, data: 0.001) G_GAN_ViT: 0.393 D_real_ViT: 0.373 D_fake_ViT: 0.174 global: 0.319 spatial: 0.078 
(epoch: 78, iters: 3049, time: 0.490, data: 0.001) G_GAN_ViT: 0.427 D_real_ViT: 0.155 D_fake_ViT: 0.145 global: 0.312 spatial: 0.066 
(epoch: 78, iters: 3149, time: 0.490, data: 0.001) G_GAN_ViT: 0.291 D_real_ViT: 0.219 D_fake_ViT: 0.249 global: 0.430 spatial: 0.080 
(epoch: 78, iters: 3249, time: 0.489, data: 0.001) G_GAN_ViT: 0.327 D_real_ViT: 0.258 D_fake_ViT: 0.232 global: 0.448 spatial: 0.094 
(epoch: 78, iters: 3349, time: 0.489, data: 0.001) G_GAN_ViT: 0.339 D_real_ViT: 0.225 D_fake_ViT: 0.208 global: 0.452 spatial: 0.082 
(epoch: 78, iters: 3449, time: 0.488, data: 0.001) G_GAN_ViT: 0.295 D_real_ViT: 0.221 D_fake_ViT: 0.256 global: 0.481 spatial: 0.093 
(epoch: 78, iters: 3549, time: 0.489, data: 0.001) G_GAN_ViT: 0.414 D_real_ViT: 0.339 D_fake_ViT: 0.155 global: 0.371 spatial: 0.092 
(epoch: 78, iters: 3649, time: 0.489, data: 0.001) G_GAN_ViT: 0.396 D_real_ViT: 0.221 D_fake_ViT: 0.168 global: 0.262 spatial: 0.054 
(epoch: 78, iters: 3749, time: 0.488, data: 0.001) G_GAN_ViT: 0.443 D_real_ViT: 0.380 D_fake_ViT: 0.142 global: 0.350 spatial: 0.091 
(epoch: 78, iters: 3849, time: 0.488, data: 0.001) G_GAN_ViT: 0.328 D_real_ViT: 0.178 D_fake_ViT: 0.220 global: 0.388 spatial: 0.079 
(epoch: 78, iters: 3949, time: 0.488, data: 0.001) G_GAN_ViT: 0.350 D_real_ViT: 0.282 D_fake_ViT: 0.196 global: 0.424 spatial: 0.080 
(epoch: 78, iters: 4049, time: 0.488, data: 0.001) G_GAN_ViT: 0.288 D_real_ViT: 0.125 D_fake_ViT: 0.264 global: 0.380 spatial: 0.100 
(epoch: 78, iters: 4149, time: 0.489, data: 0.002) G_GAN_ViT: 0.282 D_real_ViT: 0.221 D_fake_ViT: 0.242 global: 0.390 spatial: 0.078 
(epoch: 78, iters: 4249, time: 0.490, data: 0.001) G_GAN_ViT: 0.400 D_real_ViT: 0.303 D_fake_ViT: 0.166 global: 0.343 spatial: 0.075 
(epoch: 78, iters: 4349, time: 0.489, data: 0.001) G_GAN_ViT: 0.338 D_real_ViT: 0.215 D_fake_ViT: 0.204 global: 0.318 spatial: 0.068 
(epoch: 78, iters: 4449, time: 0.489, data: 0.001) G_GAN_ViT: 0.387 D_real_ViT: 0.220 D_fake_ViT: 0.169 global: 0.412 spatial: 0.078 
(epoch: 78, iters: 4549, time: 0.489, data: 0.001) G_GAN_ViT: 0.367 D_real_ViT: 0.273 D_fake_ViT: 0.182 global: 0.379 spatial: 0.078 
(epoch: 78, iters: 4649, time: 0.489, data: 0.001) G_GAN_ViT: 0.380 D_real_ViT: 0.255 D_fake_ViT: 0.177 global: 0.327 spatial: 0.064 
(epoch: 78, iters: 4749, time: 0.489, data: 0.001) G_GAN_ViT: 0.363 D_real_ViT: 0.381 D_fake_ViT: 0.194 global: 0.443 spatial: 0.086 
(epoch: 78, iters: 4849, time: 0.489, data: 0.002) G_GAN_ViT: 0.315 D_real_ViT: 0.210 D_fake_ViT: 0.232 global: 0.355 spatial: 0.074 
(epoch: 78, iters: 4949, time: 0.489, data: 0.001) G_GAN_ViT: 0.345 D_real_ViT: 0.168 D_fake_ViT: 0.209 global: 0.433 spatial: 0.102 
(epoch: 78, iters: 5049, time: 0.489, data: 0.001) G_GAN_ViT: 0.405 D_real_ViT: 0.198 D_fake_ViT: 0.156 global: 0.398 spatial: 0.083 
(epoch: 78, iters: 5149, time: 0.489, data: 0.001) G_GAN_ViT: 0.365 D_real_ViT: 0.268 D_fake_ViT: 0.196 global: 0.334 spatial: 0.066 
(epoch: 78, iters: 5249, time: 0.489, data: 0.001) G_GAN_ViT: 0.362 D_real_ViT: 0.075 D_fake_ViT: 0.188 global: 0.326 spatial: 0.086 
(epoch: 78, iters: 5349, time: 0.489, data: 0.001) G_GAN_ViT: 0.374 D_real_ViT: 0.156 D_fake_ViT: 0.203 global: 0.305 spatial: 0.082 
(epoch: 78, iters: 5449, time: 0.489, data: 0.002) G_GAN_ViT: 0.346 D_real_ViT: 0.258 D_fake_ViT: 0.202 global: 0.430 spatial: 0.086 
(epoch: 78, iters: 5549, time: 0.489, data: 0.001) G_GAN_ViT: 0.191 D_real_ViT: 0.272 D_fake_ViT: 0.358 global: 0.286 spatial: 0.072 
(epoch: 78, iters: 5649, time: 0.489, data: 0.002) G_GAN_ViT: 0.373 D_real_ViT: 0.176 D_fake_ViT: 0.188 global: 0.413 spatial: 0.093 
(epoch: 78, iters: 5749, time: 0.489, data: 0.001) G_GAN_ViT: 0.344 D_real_ViT: 0.238 D_fake_ViT: 0.210 global: 0.432 spatial: 0.096 
(epoch: 78, iters: 5849, time: 0.489, data: 0.002) G_GAN_ViT: 0.238 D_real_ViT: 0.207 D_fake_ViT: 0.304 global: 0.303 spatial: 0.065 
(epoch: 78, iters: 5949, time: 0.489, data: 0.001) G_GAN_ViT: 0.338 D_real_ViT: 0.238 D_fake_ViT: 0.218 global: 0.238 spatial: 0.068 
(epoch: 78, iters: 6049, time: 0.489, data: 0.002) G_GAN_ViT: 0.392 D_real_ViT: 0.292 D_fake_ViT: 0.169 global: 0.306 spatial: 0.067 
(epoch: 78, iters: 6149, time: 0.489, data: 0.001) G_GAN_ViT: 0.241 D_real_ViT: 0.274 D_fake_ViT: 0.293 global: 0.403 spatial: 0.081 
(epoch: 78, iters: 6249, time: 0.489, data: 0.001) G_GAN_ViT: 0.311 D_real_ViT: 0.195 D_fake_ViT: 0.221 global: 0.387 spatial: 0.087 
(epoch: 78, iters: 6349, time: 0.489, data: 0.001) G_GAN_ViT: 0.449 D_real_ViT: 0.228 D_fake_ViT: 0.141 global: 0.300 spatial: 0.070 
(epoch: 78, iters: 6449, time: 0.489, data: 0.001) G_GAN_ViT: 0.272 D_real_ViT: 0.200 D_fake_ViT: 0.267 global: 0.427 spatial: 0.081 
End of epoch 78 / 100 	 Time Taken: 3169 sec
learning rate = 0.0000043
(epoch: 79, iters: 86, time: 0.489, data: 0.001) G_GAN_ViT: 0.431 D_real_ViT: 0.209 D_fake_ViT: 0.148 global: 0.431 spatial: 0.084 
(epoch: 79, iters: 186, time: 0.489, data: 0.001) G_GAN_ViT: 0.312 D_real_ViT: 0.110 D_fake_ViT: 0.228 global: 0.345 spatial: 0.081 
(epoch: 79, iters: 286, time: 0.488, data: 0.001) G_GAN_ViT: 0.315 D_real_ViT: 0.174 D_fake_ViT: 0.221 global: 0.359 spatial: 0.080 
(epoch: 79, iters: 386, time: 0.488, data: 0.001) G_GAN_ViT: 0.358 D_real_ViT: 0.263 D_fake_ViT: 0.189 global: 0.381 spatial: 0.077 
(epoch: 79, iters: 486, time: 0.488, data: 0.002) G_GAN_ViT: 0.317 D_real_ViT: 0.139 D_fake_ViT: 0.219 global: 0.468 spatial: 0.090 
(epoch: 79, iters: 586, time: 0.489, data: 0.001) G_GAN_ViT: 0.343 D_real_ViT: 0.271 D_fake_ViT: 0.212 global: 0.343 spatial: 0.088 
(epoch: 79, iters: 686, time: 0.488, data: 0.001) G_GAN_ViT: 0.301 D_real_ViT: 0.242 D_fake_ViT: 0.230 global: 0.407 spatial: 0.073 
(epoch: 79, iters: 786, time: 0.487, data: 0.002) G_GAN_ViT: 0.259 D_real_ViT: 0.227 D_fake_ViT: 0.273 global: 0.401 spatial: 0.068 
(epoch: 79, iters: 886, time: 0.487, data: 0.001) G_GAN_ViT: 0.364 D_real_ViT: 0.247 D_fake_ViT: 0.185 global: 0.295 spatial: 0.068 
saving the latest model (epoch 79, total_iters 505000)
ICL_single_traffic_hwy
(epoch: 79, iters: 986, time: 0.488, data: 0.001) G_GAN_ViT: 0.345 D_real_ViT: 0.301 D_fake_ViT: 0.202 global: 0.417 spatial: 0.085 
(epoch: 79, iters: 1086, time: 0.488, data: 0.001) G_GAN_ViT: 0.329 D_real_ViT: 0.328 D_fake_ViT: 0.215 global: 0.447 spatial: 0.087 
(epoch: 79, iters: 1186, time: 0.489, data: 0.001) G_GAN_ViT: 0.311 D_real_ViT: 0.317 D_fake_ViT: 0.233 global: 0.417 spatial: 0.088 
(epoch: 79, iters: 1286, time: 0.489, data: 0.001) G_GAN_ViT: 0.312 D_real_ViT: 0.276 D_fake_ViT: 0.246 global: 0.374 spatial: 0.094 
(epoch: 79, iters: 1386, time: 0.488, data: 0.002) G_GAN_ViT: 0.287 D_real_ViT: 0.305 D_fake_ViT: 0.254 global: 0.448 spatial: 0.080 
(epoch: 79, iters: 1486, time: 0.489, data: 0.001) G_GAN_ViT: 0.426 D_real_ViT: 0.351 D_fake_ViT: 0.146 global: 0.329 spatial: 0.061 
(epoch: 79, iters: 1586, time: 0.488, data: 0.001) G_GAN_ViT: 0.314 D_real_ViT: 0.155 D_fake_ViT: 0.230 global: 0.405 spatial: 0.090 
(epoch: 79, iters: 1686, time: 0.488, data: 0.001) G_GAN_ViT: 0.266 D_real_ViT: 0.314 D_fake_ViT: 0.282 global: 0.461 spatial: 0.094 
(epoch: 79, iters: 1786, time: 0.489, data: 0.002) G_GAN_ViT: 0.328 D_real_ViT: 0.189 D_fake_ViT: 0.226 global: 0.478 spatial: 0.082 
(epoch: 79, iters: 1886, time: 0.488, data: 0.001) G_GAN_ViT: 0.343 D_real_ViT: 0.171 D_fake_ViT: 0.219 global: 0.334 spatial: 0.089 
(epoch: 79, iters: 1986, time: 0.488, data: 0.002) G_GAN_ViT: 0.324 D_real_ViT: 0.236 D_fake_ViT: 0.223 global: 0.421 spatial: 0.086 
(epoch: 79, iters: 2086, time: 0.488, data: 0.001) G_GAN_ViT: 0.466 D_real_ViT: 0.302 D_fake_ViT: 0.127 global: 0.297 spatial: 0.074 
(epoch: 79, iters: 2186, time: 0.489, data: 0.001) G_GAN_ViT: 0.387 D_real_ViT: 0.249 D_fake_ViT: 0.172 global: 0.358 spatial: 0.067 
(epoch: 79, iters: 2286, time: 0.488, data: 0.001) G_GAN_ViT: 0.252 D_real_ViT: 0.272 D_fake_ViT: 0.292 global: 0.334 spatial: 0.085 
(epoch: 79, iters: 2386, time: 0.488, data: 0.001) G_GAN_ViT: 0.430 D_real_ViT: 0.370 D_fake_ViT: 0.142 global: 0.334 spatial: 0.073 
(epoch: 79, iters: 2486, time: 0.488, data: 0.001) G_GAN_ViT: 0.343 D_real_ViT: 0.247 D_fake_ViT: 0.196 global: 0.356 spatial: 0.066 
(epoch: 79, iters: 2586, time: 0.488, data: 0.001) G_GAN_ViT: 0.353 D_real_ViT: 0.101 D_fake_ViT: 0.194 global: 0.322 spatial: 0.079 
(epoch: 79, iters: 2686, time: 0.489, data: 0.001) G_GAN_ViT: 0.311 D_real_ViT: 0.210 D_fake_ViT: 0.221 global: 0.467 spatial: 0.089 
(epoch: 79, iters: 2786, time: 0.489, data: 0.001) G_GAN_ViT: 0.342 D_real_ViT: 0.182 D_fake_ViT: 0.209 global: 0.275 spatial: 0.057 
(epoch: 79, iters: 2886, time: 0.489, data: 0.001) G_GAN_ViT: 0.383 D_real_ViT: 0.276 D_fake_ViT: 0.187 global: 0.436 spatial: 0.082 
(epoch: 79, iters: 2986, time: 0.489, data: 0.001) G_GAN_ViT: 0.351 D_real_ViT: 0.412 D_fake_ViT: 0.195 global: 0.351 spatial: 0.072 
(epoch: 79, iters: 3086, time: 0.488, data: 0.001) G_GAN_ViT: 0.360 D_real_ViT: 0.342 D_fake_ViT: 0.187 global: 0.412 spatial: 0.081 
(epoch: 79, iters: 3186, time: 0.489, data: 0.001) G_GAN_ViT: 0.309 D_real_ViT: 0.206 D_fake_ViT: 0.225 global: 0.463 spatial: 0.094 
(epoch: 79, iters: 3286, time: 0.488, data: 0.001) G_GAN_ViT: 0.396 D_real_ViT: 0.203 D_fake_ViT: 0.218 global: 0.398 spatial: 0.107 
(epoch: 79, iters: 3386, time: 0.489, data: 0.001) G_GAN_ViT: 0.273 D_real_ViT: 0.125 D_fake_ViT: 0.256 global: 0.441 spatial: 0.080 
(epoch: 79, iters: 3486, time: 0.489, data: 0.002) G_GAN_ViT: 0.229 D_real_ViT: 0.248 D_fake_ViT: 0.340 global: 0.337 spatial: 0.090 
(epoch: 79, iters: 3586, time: 0.488, data: 0.001) G_GAN_ViT: 0.326 D_real_ViT: 0.205 D_fake_ViT: 0.216 global: 0.414 spatial: 0.075 
(epoch: 79, iters: 3686, time: 0.488, data: 0.001) G_GAN_ViT: 0.419 D_real_ViT: 0.185 D_fake_ViT: 0.151 global: 0.419 spatial: 0.087 
(epoch: 79, iters: 3786, time: 0.489, data: 0.001) G_GAN_ViT: 0.463 D_real_ViT: 0.188 D_fake_ViT: 0.154 global: 0.371 spatial: 0.088 
(epoch: 79, iters: 3886, time: 0.487, data: 0.001) G_GAN_ViT: 0.342 D_real_ViT: 0.245 D_fake_ViT: 0.201 global: 0.448 spatial: 0.094 
(epoch: 79, iters: 3986, time: 0.488, data: 0.001) G_GAN_ViT: 0.404 D_real_ViT: 0.335 D_fake_ViT: 0.157 global: 0.383 spatial: 0.082 
(epoch: 79, iters: 4086, time: 0.489, data: 0.001) G_GAN_ViT: 0.454 D_real_ViT: 0.257 D_fake_ViT: 0.135 global: 0.434 spatial: 0.083 
(epoch: 79, iters: 4186, time: 0.489, data: 0.001) G_GAN_ViT: 0.426 D_real_ViT: 0.298 D_fake_ViT: 0.156 global: 0.270 spatial: 0.065 
(epoch: 79, iters: 4286, time: 0.489, data: 0.001) G_GAN_ViT: 0.235 D_real_ViT: 0.253 D_fake_ViT: 0.300 global: 0.305 spatial: 0.062 
(epoch: 79, iters: 4386, time: 0.489, data: 0.001) G_GAN_ViT: 0.350 D_real_ViT: 0.148 D_fake_ViT: 0.215 global: 0.420 spatial: 0.085 
(epoch: 79, iters: 4486, time: 0.489, data: 0.001) G_GAN_ViT: 0.181 D_real_ViT: 0.237 D_fake_ViT: 0.369 global: 0.278 spatial: 0.064 
(epoch: 79, iters: 4586, time: 0.489, data: 0.001) G_GAN_ViT: 0.317 D_real_ViT: 0.200 D_fake_ViT: 0.223 global: 0.372 spatial: 0.076 
(epoch: 79, iters: 4686, time: 0.489, data: 0.001) G_GAN_ViT: 0.379 D_real_ViT: 0.305 D_fake_ViT: 0.176 global: 0.371 spatial: 0.089 
(epoch: 79, iters: 4786, time: 0.489, data: 0.001) G_GAN_ViT: 0.282 D_real_ViT: 0.186 D_fake_ViT: 0.268 global: 0.410 spatial: 0.093 
(epoch: 79, iters: 4886, time: 0.488, data: 0.001) G_GAN_ViT: 0.284 D_real_ViT: 0.356 D_fake_ViT: 0.263 global: 0.341 spatial: 0.080 
(epoch: 79, iters: 4986, time: 0.453, data: 0.001) G_GAN_ViT: 0.344 D_real_ViT: 0.203 D_fake_ViT: 0.196 global: 0.393 spatial: 0.074 
(epoch: 79, iters: 5086, time: 0.428, data: 0.002) G_GAN_ViT: 0.398 D_real_ViT: 0.256 D_fake_ViT: 0.159 global: 0.306 spatial: 0.066 
(epoch: 79, iters: 5186, time: 0.413, data: 0.001) G_GAN_ViT: 0.265 D_real_ViT: 0.228 D_fake_ViT: 0.269 global: 0.463 spatial: 0.101 
(epoch: 79, iters: 5286, time: 0.403, data: 0.002) G_GAN_ViT: 0.329 D_real_ViT: 0.271 D_fake_ViT: 0.224 global: 0.465 spatial: 0.082 
(epoch: 79, iters: 5386, time: 0.398, data: 0.002) G_GAN_ViT: 0.211 D_real_ViT: 0.264 D_fake_ViT: 0.334 global: 0.306 spatial: 0.069 
(epoch: 79, iters: 5486, time: 0.395, data: 0.002) G_GAN_ViT: 0.339 D_real_ViT: 0.166 D_fake_ViT: 0.201 global: 0.340 spatial: 0.067 
(epoch: 79, iters: 5586, time: 0.393, data: 0.002) G_GAN_ViT: 0.319 D_real_ViT: 0.094 D_fake_ViT: 0.213 global: 0.461 spatial: 0.080 
(epoch: 79, iters: 5686, time: 0.391, data: 0.002) G_GAN_ViT: 0.436 D_real_ViT: 0.209 D_fake_ViT: 0.144 global: 0.397 spatial: 0.084 
(epoch: 79, iters: 5786, time: 0.390, data: 0.002) G_GAN_ViT: 0.286 D_real_ViT: 0.316 D_fake_ViT: 0.242 global: 0.451 spatial: 0.083 
(epoch: 79, iters: 5886, time: 0.390, data: 0.001) G_GAN_ViT: 0.393 D_real_ViT: 0.091 D_fake_ViT: 0.167 global: 0.303 spatial: 0.066 
saving the latest model (epoch 79, total_iters 510000)
ICL_single_traffic_hwy
(epoch: 79, iters: 5986, time: 0.390, data: 0.002) G_GAN_ViT: 0.405 D_real_ViT: 0.226 D_fake_ViT: 0.162 global: 0.377 spatial: 0.078 
(epoch: 79, iters: 6086, time: 0.390, data: 0.002) G_GAN_ViT: 0.366 D_real_ViT: 0.353 D_fake_ViT: 0.181 global: 0.328 spatial: 0.090 
(epoch: 79, iters: 6186, time: 0.390, data: 0.002) G_GAN_ViT: 0.260 D_real_ViT: 0.165 D_fake_ViT: 0.323 global: 0.302 spatial: 0.073 
(epoch: 79, iters: 6286, time: 0.389, data: 0.002) G_GAN_ViT: 0.303 D_real_ViT: 0.253 D_fake_ViT: 0.247 global: 0.394 spatial: 0.076 
(epoch: 79, iters: 6386, time: 0.389, data: 0.002) G_GAN_ViT: 0.286 D_real_ViT: 0.275 D_fake_ViT: 0.243 global: 0.400 spatial: 0.081 
End of epoch 79 / 100 	 Time Taken: 3013 sec
learning rate = 0.0000041
(epoch: 80, iters: 23, time: 0.390, data: 0.002) G_GAN_ViT: 0.328 D_real_ViT: 0.103 D_fake_ViT: 0.212 global: 0.376 spatial: 0.092 
(epoch: 80, iters: 123, time: 0.390, data: 0.001) G_GAN_ViT: 0.339 D_real_ViT: 0.165 D_fake_ViT: 0.202 global: 0.402 spatial: 0.077 
(epoch: 80, iters: 223, time: 0.390, data: 0.001) G_GAN_ViT: 0.396 D_real_ViT: 0.200 D_fake_ViT: 0.164 global: 0.411 spatial: 0.072 
(epoch: 80, iters: 323, time: 0.390, data: 0.001) G_GAN_ViT: 0.338 D_real_ViT: 0.224 D_fake_ViT: 0.198 global: 0.357 spatial: 0.075 
(epoch: 80, iters: 423, time: 0.390, data: 0.002) G_GAN_ViT: 0.305 D_real_ViT: 0.328 D_fake_ViT: 0.243 global: 0.318 spatial: 0.075 
(epoch: 80, iters: 523, time: 0.390, data: 0.001) G_GAN_ViT: 0.369 D_real_ViT: 0.233 D_fake_ViT: 0.205 global: 0.296 spatial: 0.072 
(epoch: 80, iters: 623, time: 0.390, data: 0.002) G_GAN_ViT: 0.253 D_real_ViT: 0.141 D_fake_ViT: 0.279 global: 0.412 spatial: 0.091 
(epoch: 80, iters: 723, time: 0.390, data: 0.002) G_GAN_ViT: 0.316 D_real_ViT: 0.186 D_fake_ViT: 0.216 global: 0.470 spatial: 0.094 
(epoch: 80, iters: 823, time: 0.390, data: 0.002) G_GAN_ViT: 0.280 D_real_ViT: 0.367 D_fake_ViT: 0.255 global: 0.432 spatial: 0.078 
(epoch: 80, iters: 923, time: 0.390, data: 0.002) G_GAN_ViT: 0.331 D_real_ViT: 0.210 D_fake_ViT: 0.216 global: 0.417 spatial: 0.077 
(epoch: 80, iters: 1023, time: 0.390, data: 0.002) G_GAN_ViT: 0.360 D_real_ViT: 0.290 D_fake_ViT: 0.190 global: 0.304 spatial: 0.068 
(epoch: 80, iters: 1123, time: 0.390, data: 0.002) G_GAN_ViT: 0.318 D_real_ViT: 0.303 D_fake_ViT: 0.222 global: 0.310 spatial: 0.067 
(epoch: 80, iters: 1223, time: 0.390, data: 0.002) G_GAN_ViT: 0.439 D_real_ViT: 0.224 D_fake_ViT: 0.142 global: 0.365 spatial: 0.075 
(epoch: 80, iters: 1323, time: 0.390, data: 0.002) G_GAN_ViT: 0.311 D_real_ViT: 0.240 D_fake_ViT: 0.216 global: 0.387 spatial: 0.079 
(epoch: 80, iters: 1423, time: 0.390, data: 0.002) G_GAN_ViT: 0.427 D_real_ViT: 0.142 D_fake_ViT: 0.150 global: 0.299 spatial: 0.056 
(epoch: 80, iters: 1523, time: 0.390, data: 0.002) G_GAN_ViT: 0.358 D_real_ViT: 0.266 D_fake_ViT: 0.187 global: 0.309 spatial: 0.058 
(epoch: 80, iters: 1623, time: 0.390, data: 0.002) G_GAN_ViT: 0.167 D_real_ViT: 0.171 D_fake_ViT: 0.397 global: 0.276 spatial: 0.072 
(epoch: 80, iters: 1723, time: 0.390, data: 0.001) G_GAN_ViT: 0.228 D_real_ViT: 0.293 D_fake_ViT: 0.311 global: 0.285 spatial: 0.078 
(epoch: 80, iters: 1823, time: 0.390, data: 0.002) G_GAN_ViT: 0.378 D_real_ViT: 0.166 D_fake_ViT: 0.193 global: 0.358 spatial: 0.088 
(epoch: 80, iters: 1923, time: 0.390, data: 0.002) G_GAN_ViT: 0.303 D_real_ViT: 0.144 D_fake_ViT: 0.228 global: 0.399 spatial: 0.075 
(epoch: 80, iters: 2023, time: 0.390, data: 0.002) G_GAN_ViT: 0.348 D_real_ViT: 0.176 D_fake_ViT: 0.209 global: 0.458 spatial: 0.105 
(epoch: 80, iters: 2123, time: 0.390, data: 0.001) G_GAN_ViT: 0.280 D_real_ViT: 0.266 D_fake_ViT: 0.250 global: 0.414 spatial: 0.085 
(epoch: 80, iters: 2223, time: 0.390, data: 0.002) G_GAN_ViT: 0.444 D_real_ViT: 0.384 D_fake_ViT: 0.164 global: 0.348 spatial: 0.083 
(epoch: 80, iters: 2323, time: 0.390, data: 0.001) G_GAN_ViT: 0.383 D_real_ViT: 0.324 D_fake_ViT: 0.182 global: 0.363 spatial: 0.097 
(epoch: 80, iters: 2423, time: 0.390, data: 0.002) G_GAN_ViT: 0.411 D_real_ViT: 0.239 D_fake_ViT: 0.163 global: 0.276 spatial: 0.080 
(epoch: 80, iters: 2523, time: 0.390, data: 0.002) G_GAN_ViT: 0.254 D_real_ViT: 0.231 D_fake_ViT: 0.268 global: 0.417 spatial: 0.080 
(epoch: 80, iters: 2623, time: 0.390, data: 0.001) G_GAN_ViT: 0.387 D_real_ViT: 0.120 D_fake_ViT: 0.166 global: 0.386 spatial: 0.077 
(epoch: 80, iters: 2723, time: 0.390, data: 0.001) G_GAN_ViT: 0.377 D_real_ViT: 0.280 D_fake_ViT: 0.188 global: 0.428 spatial: 0.091 
(epoch: 80, iters: 2823, time: 0.390, data: 0.002) G_GAN_ViT: 0.362 D_real_ViT: 0.393 D_fake_ViT: 0.178 global: 0.305 spatial: 0.076 
(epoch: 80, iters: 2923, time: 0.390, data: 0.001) G_GAN_ViT: 0.324 D_real_ViT: 0.304 D_fake_ViT: 0.211 global: 0.342 spatial: 0.087 
(epoch: 80, iters: 3023, time: 0.390, data: 0.001) G_GAN_ViT: 0.361 D_real_ViT: 0.207 D_fake_ViT: 0.202 global: 0.403 spatial: 0.094 
(epoch: 80, iters: 3123, time: 0.390, data: 0.001) G_GAN_ViT: 0.363 D_real_ViT: 0.253 D_fake_ViT: 0.183 global: 0.341 spatial: 0.073 
(epoch: 80, iters: 3223, time: 0.390, data: 0.002) G_GAN_ViT: 0.315 D_real_ViT: 0.194 D_fake_ViT: 0.250 global: 0.381 spatial: 0.093 
(epoch: 80, iters: 3323, time: 0.390, data: 0.001) G_GAN_ViT: 0.276 D_real_ViT: 0.310 D_fake_ViT: 0.274 global: 0.438 spatial: 0.105 
(epoch: 80, iters: 3423, time: 0.390, data: 0.002) G_GAN_ViT: 0.338 D_real_ViT: 0.267 D_fake_ViT: 0.205 global: 0.396 spatial: 0.079 
(epoch: 80, iters: 3523, time: 0.390, data: 0.001) G_GAN_ViT: 0.361 D_real_ViT: 0.203 D_fake_ViT: 0.189 global: 0.276 spatial: 0.065 
(epoch: 80, iters: 3623, time: 0.390, data: 0.001) G_GAN_ViT: 0.365 D_real_ViT: 0.196 D_fake_ViT: 0.186 global: 0.434 spatial: 0.090 
(epoch: 80, iters: 3723, time: 0.390, data: 0.001) G_GAN_ViT: 0.382 D_real_ViT: 0.321 D_fake_ViT: 0.168 global: 0.351 spatial: 0.070 
(epoch: 80, iters: 3823, time: 0.390, data: 0.002) G_GAN_ViT: 0.250 D_real_ViT: 0.240 D_fake_ViT: 0.290 global: 0.438 spatial: 0.079 
(epoch: 80, iters: 3923, time: 0.389, data: 0.001) G_GAN_ViT: 0.382 D_real_ViT: 0.180 D_fake_ViT: 0.169 global: 0.440 spatial: 0.077 
(epoch: 80, iters: 4023, time: 0.389, data: 0.002) G_GAN_ViT: 0.279 D_real_ViT: 0.300 D_fake_ViT: 0.249 global: 0.416 spatial: 0.068 
(epoch: 80, iters: 4123, time: 0.390, data: 0.002) G_GAN_ViT: 0.285 D_real_ViT: 0.321 D_fake_ViT: 0.267 global: 0.254 spatial: 0.066 
(epoch: 80, iters: 4223, time: 0.389, data: 0.002) G_GAN_ViT: 0.358 D_real_ViT: 0.249 D_fake_ViT: 0.202 global: 0.474 spatial: 0.088 
(epoch: 80, iters: 4323, time: 0.389, data: 0.002) G_GAN_ViT: 0.301 D_real_ViT: 0.106 D_fake_ViT: 0.241 global: 0.390 spatial: 0.082 
(epoch: 80, iters: 4423, time: 0.389, data: 0.002) G_GAN_ViT: 0.400 D_real_ViT: 0.337 D_fake_ViT: 0.158 global: 0.296 spatial: 0.066 
saving the latest model (epoch 80, total_iters 515000)
ICL_single_traffic_hwy
(epoch: 80, iters: 4523, time: 0.390, data: 0.002) G_GAN_ViT: 0.401 D_real_ViT: 0.262 D_fake_ViT: 0.178 global: 0.308 spatial: 0.081 
(epoch: 80, iters: 4623, time: 0.390, data: 0.002) G_GAN_ViT: 0.465 D_real_ViT: 0.208 D_fake_ViT: 0.128 global: 0.400 spatial: 0.082 
(epoch: 80, iters: 4723, time: 0.390, data: 0.002) G_GAN_ViT: 0.353 D_real_ViT: 0.333 D_fake_ViT: 0.187 global: 0.317 spatial: 0.067 
(epoch: 80, iters: 4823, time: 0.390, data: 0.002) G_GAN_ViT: 0.408 D_real_ViT: 0.283 D_fake_ViT: 0.192 global: 0.379 spatial: 0.091 
(epoch: 80, iters: 4923, time: 0.390, data: 0.002) G_GAN_ViT: 0.351 D_real_ViT: 0.142 D_fake_ViT: 0.204 global: 0.423 spatial: 0.082 
(epoch: 80, iters: 5023, time: 0.390, data: 0.002) G_GAN_ViT: 0.376 D_real_ViT: 0.327 D_fake_ViT: 0.186 global: 0.376 spatial: 0.094 
(epoch: 80, iters: 5123, time: 0.390, data: 0.001) G_GAN_ViT: 0.313 D_real_ViT: 0.127 D_fake_ViT: 0.242 global: 0.411 spatial: 0.088 
(epoch: 80, iters: 5223, time: 0.389, data: 0.002) G_GAN_ViT: 0.328 D_real_ViT: 0.219 D_fake_ViT: 0.238 global: 0.400 spatial: 0.089 
(epoch: 80, iters: 5323, time: 0.390, data: 0.002) G_GAN_ViT: 0.313 D_real_ViT: 0.132 D_fake_ViT: 0.221 global: 0.447 spatial: 0.100 
(epoch: 80, iters: 5423, time: 0.390, data: 0.001) G_GAN_ViT: 0.406 D_real_ViT: 0.150 D_fake_ViT: 0.158 global: 0.427 spatial: 0.084 
(epoch: 80, iters: 5523, time: 0.389, data: 0.002) G_GAN_ViT: 0.360 D_real_ViT: 0.225 D_fake_ViT: 0.198 global: 0.386 spatial: 0.086 
(epoch: 80, iters: 5623, time: 0.390, data: 0.002) G_GAN_ViT: 0.342 D_real_ViT: 0.292 D_fake_ViT: 0.211 global: 0.445 spatial: 0.085 
(epoch: 80, iters: 5723, time: 0.390, data: 0.002) G_GAN_ViT: 0.338 D_real_ViT: 0.229 D_fake_ViT: 0.209 global: 0.390 spatial: 0.081 
(epoch: 80, iters: 5823, time: 0.389, data: 0.001) G_GAN_ViT: 0.267 D_real_ViT: 0.184 D_fake_ViT: 0.280 global: 0.362 spatial: 0.067 
(epoch: 80, iters: 5923, time: 0.389, data: 0.002) G_GAN_ViT: 0.386 D_real_ViT: 0.168 D_fake_ViT: 0.164 global: 0.312 spatial: 0.069 
(epoch: 80, iters: 6023, time: 0.389, data: 0.002) G_GAN_ViT: 0.358 D_real_ViT: 0.256 D_fake_ViT: 0.224 global: 0.314 spatial: 0.095 
(epoch: 80, iters: 6123, time: 0.389, data: 0.001) G_GAN_ViT: 0.404 D_real_ViT: 0.089 D_fake_ViT: 0.171 global: 0.311 spatial: 0.082 
(epoch: 80, iters: 6223, time: 0.389, data: 0.002) G_GAN_ViT: 0.307 D_real_ViT: 0.284 D_fake_ViT: 0.245 global: 0.439 spatial: 0.082 
(epoch: 80, iters: 6323, time: 0.389, data: 0.002) G_GAN_ViT: 0.252 D_real_ViT: 0.240 D_fake_ViT: 0.278 global: 0.396 spatial: 0.072 
(epoch: 80, iters: 6423, time: 0.390, data: 0.002) G_GAN_ViT: 0.179 D_real_ViT: 0.348 D_fake_ViT: 0.405 global: 0.351 spatial: 0.098 
saving the model at the end of epoch 80, iters 517040
End of epoch 80 / 100 	 Time Taken: 2531 sec
learning rate = 0.0000039
(epoch: 81, iters: 60, time: 0.390, data: 0.002) G_GAN_ViT: 0.338 D_real_ViT: 0.276 D_fake_ViT: 0.214 global: 0.412 spatial: 0.085 
(epoch: 81, iters: 160, time: 0.390, data: 0.002) G_GAN_ViT: 0.388 D_real_ViT: 0.192 D_fake_ViT: 0.177 global: 0.401 spatial: 0.088 
(epoch: 81, iters: 260, time: 0.389, data: 0.002) G_GAN_ViT: 0.267 D_real_ViT: 0.292 D_fake_ViT: 0.266 global: 0.411 spatial: 0.080 
(epoch: 81, iters: 360, time: 0.389, data: 0.002) G_GAN_ViT: 0.285 D_real_ViT: 0.207 D_fake_ViT: 0.244 global: 0.470 spatial: 0.088 
(epoch: 81, iters: 460, time: 0.389, data: 0.001) G_GAN_ViT: 0.234 D_real_ViT: 0.210 D_fake_ViT: 0.301 global: 0.456 spatial: 0.081 
(epoch: 81, iters: 560, time: 0.390, data: 0.001) G_GAN_ViT: 0.402 D_real_ViT: 0.189 D_fake_ViT: 0.173 global: 0.467 spatial: 0.088 
(epoch: 81, iters: 660, time: 0.390, data: 0.002) G_GAN_ViT: 0.374 D_real_ViT: 0.294 D_fake_ViT: 0.199 global: 0.376 spatial: 0.091 
(epoch: 81, iters: 760, time: 0.390, data: 0.002) G_GAN_ViT: 0.338 D_real_ViT: 0.179 D_fake_ViT: 0.239 global: 0.309 spatial: 0.093 
(epoch: 81, iters: 860, time: 0.390, data: 0.002) G_GAN_ViT: 0.238 D_real_ViT: 0.226 D_fake_ViT: 0.306 global: 0.393 spatial: 0.080 
(epoch: 81, iters: 960, time: 0.389, data: 0.002) G_GAN_ViT: 0.361 D_real_ViT: 0.331 D_fake_ViT: 0.188 global: 0.347 spatial: 0.074 
(epoch: 81, iters: 1060, time: 0.389, data: 0.001) G_GAN_ViT: 0.326 D_real_ViT: 0.206 D_fake_ViT: 0.206 global: 0.362 spatial: 0.077 
(epoch: 81, iters: 1160, time: 0.390, data: 0.001) G_GAN_ViT: 0.325 D_real_ViT: 0.142 D_fake_ViT: 0.221 global: 0.441 spatial: 0.096 
(epoch: 81, iters: 1260, time: 0.391, data: 0.002) G_GAN_ViT: 0.306 D_real_ViT: 0.206 D_fake_ViT: 0.227 global: 0.397 spatial: 0.079 
(epoch: 81, iters: 1360, time: 0.391, data: 0.002) G_GAN_ViT: 0.331 D_real_ViT: 0.218 D_fake_ViT: 0.205 global: 0.427 spatial: 0.083 
(epoch: 81, iters: 1460, time: 0.391, data: 0.001) G_GAN_ViT: 0.333 D_real_ViT: 0.157 D_fake_ViT: 0.221 global: 0.404 spatial: 0.093 
(epoch: 81, iters: 1560, time: 0.390, data: 0.002) G_GAN_ViT: 0.271 D_real_ViT: 0.396 D_fake_ViT: 0.256 global: 0.405 spatial: 0.080 
(epoch: 81, iters: 1660, time: 0.390, data: 0.002) G_GAN_ViT: 0.292 D_real_ViT: 0.232 D_fake_ViT: 0.232 global: 0.437 spatial: 0.095 
(epoch: 81, iters: 1760, time: 0.390, data: 0.002) G_GAN_ViT: 0.431 D_real_ViT: 0.224 D_fake_ViT: 0.151 global: 0.354 spatial: 0.085 
(epoch: 81, iters: 1860, time: 0.390, data: 0.002) G_GAN_ViT: 0.312 D_real_ViT: 0.219 D_fake_ViT: 0.220 global: 0.361 spatial: 0.069 
(epoch: 81, iters: 1960, time: 0.391, data: 0.002) G_GAN_ViT: 0.381 D_real_ViT: 0.247 D_fake_ViT: 0.180 global: 0.363 spatial: 0.077 
(epoch: 81, iters: 2060, time: 0.390, data: 0.002) G_GAN_ViT: 0.342 D_real_ViT: 0.223 D_fake_ViT: 0.227 global: 0.446 spatial: 0.093 
(epoch: 81, iters: 2160, time: 0.390, data: 0.002) G_GAN_ViT: 0.345 D_real_ViT: 0.207 D_fake_ViT: 0.210 global: 0.409 spatial: 0.099 
(epoch: 81, iters: 2260, time: 0.391, data: 0.002) G_GAN_ViT: 0.304 D_real_ViT: 0.211 D_fake_ViT: 0.229 global: 0.413 spatial: 0.095 
(epoch: 81, iters: 2360, time: 0.391, data: 0.002) G_GAN_ViT: 0.379 D_real_ViT: 0.252 D_fake_ViT: 0.190 global: 0.309 spatial: 0.076 
(epoch: 81, iters: 2460, time: 0.390, data: 0.002) G_GAN_ViT: 0.351 D_real_ViT: 0.255 D_fake_ViT: 0.207 global: 0.297 spatial: 0.080 
(epoch: 81, iters: 2560, time: 0.390, data: 0.002) G_GAN_ViT: 0.295 D_real_ViT: 0.175 D_fake_ViT: 0.239 global: 0.454 spatial: 0.098 
(epoch: 81, iters: 2660, time: 0.389, data: 0.002) G_GAN_ViT: 0.272 D_real_ViT: 0.225 D_fake_ViT: 0.259 global: 0.482 spatial: 0.093 
(epoch: 81, iters: 2760, time: 0.390, data: 0.002) G_GAN_ViT: 0.360 D_real_ViT: 0.221 D_fake_ViT: 0.187 global: 0.335 spatial: 0.076 
(epoch: 81, iters: 2860, time: 0.390, data: 0.002) G_GAN_ViT: 0.289 D_real_ViT: 0.334 D_fake_ViT: 0.239 global: 0.417 spatial: 0.080 
(epoch: 81, iters: 2960, time: 0.390, data: 0.002) G_GAN_ViT: 0.219 D_real_ViT: 0.245 D_fake_ViT: 0.330 global: 0.366 spatial: 0.090 
saving the latest model (epoch 81, total_iters 520000)
ICL_single_traffic_hwy
(epoch: 81, iters: 3060, time: 0.391, data: 0.001) G_GAN_ViT: 0.363 D_real_ViT: 0.197 D_fake_ViT: 0.187 global: 0.288 spatial: 0.083 
(epoch: 81, iters: 3160, time: 0.390, data: 0.002) G_GAN_ViT: 0.338 D_real_ViT: 0.029 D_fake_ViT: 0.205 global: 0.405 spatial: 0.085 
(epoch: 81, iters: 3260, time: 0.390, data: 0.002) G_GAN_ViT: 0.327 D_real_ViT: 0.236 D_fake_ViT: 0.217 global: 0.423 spatial: 0.086 
(epoch: 81, iters: 3360, time: 0.390, data: 0.001) G_GAN_ViT: 0.371 D_real_ViT: 0.316 D_fake_ViT: 0.188 global: 0.431 spatial: 0.087 
(epoch: 81, iters: 3460, time: 0.390, data: 0.001) G_GAN_ViT: 0.372 D_real_ViT: 0.165 D_fake_ViT: 0.187 global: 0.337 spatial: 0.077 
(epoch: 81, iters: 3560, time: 0.390, data: 0.001) G_GAN_ViT: 0.263 D_real_ViT: 0.254 D_fake_ViT: 0.263 global: 0.382 spatial: 0.072 
(epoch: 81, iters: 3660, time: 0.390, data: 0.002) G_GAN_ViT: 0.260 D_real_ViT: 0.284 D_fake_ViT: 0.282 global: 0.419 spatial: 0.086 
(epoch: 81, iters: 3760, time: 0.390, data: 0.002) G_GAN_ViT: 0.378 D_real_ViT: 0.255 D_fake_ViT: 0.177 global: 0.431 spatial: 0.089 
(epoch: 81, iters: 3860, time: 0.390, data: 0.002) G_GAN_ViT: 0.319 D_real_ViT: 0.191 D_fake_ViT: 0.245 global: 0.313 spatial: 0.077 
(epoch: 81, iters: 3960, time: 0.390, data: 0.001) G_GAN_ViT: 0.275 D_real_ViT: 0.269 D_fake_ViT: 0.258 global: 0.395 spatial: 0.080 
(epoch: 81, iters: 4060, time: 0.390, data: 0.002) G_GAN_ViT: 0.229 D_real_ViT: 0.324 D_fake_ViT: 0.311 global: 0.292 spatial: 0.073 
(epoch: 81, iters: 4160, time: 0.390, data: 0.002) G_GAN_ViT: 0.360 D_real_ViT: 0.168 D_fake_ViT: 0.198 global: 0.338 spatial: 0.089 
(epoch: 81, iters: 4260, time: 0.390, data: 0.001) G_GAN_ViT: 0.232 D_real_ViT: 0.304 D_fake_ViT: 0.331 global: 0.406 spatial: 0.074 
(epoch: 81, iters: 4360, time: 0.389, data: 0.002) G_GAN_ViT: 0.339 D_real_ViT: 0.052 D_fake_ViT: 0.218 global: 0.323 spatial: 0.073 
(epoch: 81, iters: 4460, time: 0.390, data: 0.002) G_GAN_ViT: 0.357 D_real_ViT: 0.168 D_fake_ViT: 0.207 global: 0.293 spatial: 0.070 
(epoch: 81, iters: 4560, time: 0.390, data: 0.002) G_GAN_ViT: 0.400 D_real_ViT: 0.135 D_fake_ViT: 0.173 global: 0.280 spatial: 0.073 
(epoch: 81, iters: 4660, time: 0.390, data: 0.002) G_GAN_ViT: 0.404 D_real_ViT: 0.250 D_fake_ViT: 0.155 global: 0.372 spatial: 0.070 
(epoch: 81, iters: 4760, time: 0.390, data: 0.002) G_GAN_ViT: 0.390 D_real_ViT: 0.153 D_fake_ViT: 0.163 global: 0.289 spatial: 0.063 
(epoch: 81, iters: 4860, time: 0.390, data: 0.002) G_GAN_ViT: 0.269 D_real_ViT: 0.165 D_fake_ViT: 0.275 global: 0.412 spatial: 0.083 
(epoch: 81, iters: 4960, time: 0.390, data: 0.001) G_GAN_ViT: 0.409 D_real_ViT: 0.182 D_fake_ViT: 0.154 global: 0.327 spatial: 0.075 
(epoch: 81, iters: 5060, time: 0.391, data: 0.002) G_GAN_ViT: 0.348 D_real_ViT: 0.221 D_fake_ViT: 0.199 global: 0.460 spatial: 0.092 
(epoch: 81, iters: 5160, time: 0.390, data: 0.002) G_GAN_ViT: 0.353 D_real_ViT: 0.231 D_fake_ViT: 0.210 global: 0.436 spatial: 0.089 
(epoch: 81, iters: 5260, time: 0.390, data: 0.002) G_GAN_ViT: 0.319 D_real_ViT: 0.128 D_fake_ViT: 0.227 global: 0.412 spatial: 0.084 
(epoch: 81, iters: 5360, time: 0.390, data: 0.002) G_GAN_ViT: 0.400 D_real_ViT: 0.288 D_fake_ViT: 0.169 global: 0.347 spatial: 0.086 
(epoch: 81, iters: 5460, time: 0.390, data: 0.002) G_GAN_ViT: 0.221 D_real_ViT: 0.324 D_fake_ViT: 0.329 global: 0.373 spatial: 0.092 
(epoch: 81, iters: 5560, time: 0.390, data: 0.002) G_GAN_ViT: 0.436 D_real_ViT: 0.228 D_fake_ViT: 0.153 global: 0.373 spatial: 0.080 
(epoch: 81, iters: 5660, time: 0.390, data: 0.002) G_GAN_ViT: 0.395 D_real_ViT: 0.073 D_fake_ViT: 0.172 global: 0.362 spatial: 0.078 
(epoch: 81, iters: 5760, time: 0.390, data: 0.002) G_GAN_ViT: 0.390 D_real_ViT: 0.206 D_fake_ViT: 0.169 global: 0.353 spatial: 0.097 
(epoch: 81, iters: 5860, time: 0.389, data: 0.002) G_GAN_ViT: 0.379 D_real_ViT: 0.149 D_fake_ViT: 0.180 global: 0.449 spatial: 0.092 
(epoch: 81, iters: 5960, time: 0.389, data: 0.002) G_GAN_ViT: 0.334 D_real_ViT: 0.133 D_fake_ViT: 0.212 global: 0.422 spatial: 0.086 
(epoch: 81, iters: 6060, time: 0.389, data: 0.002) G_GAN_ViT: 0.294 D_real_ViT: 0.152 D_fake_ViT: 0.238 global: 0.483 spatial: 0.086 
(epoch: 81, iters: 6160, time: 0.390, data: 0.002) G_GAN_ViT: 0.245 D_real_ViT: 0.316 D_fake_ViT: 0.303 global: 0.383 spatial: 0.088 
(epoch: 81, iters: 6260, time: 0.390, data: 0.002) G_GAN_ViT: 0.492 D_real_ViT: 0.159 D_fake_ViT: 0.114 global: 0.247 spatial: 0.049 
(epoch: 81, iters: 6360, time: 0.390, data: 0.002) G_GAN_ViT: 0.313 D_real_ViT: 0.248 D_fake_ViT: 0.246 global: 0.400 spatial: 0.076 
(epoch: 81, iters: 6460, time: 0.390, data: 0.002) G_GAN_ViT: 0.297 D_real_ViT: 0.143 D_fake_ViT: 0.255 global: 0.449 spatial: 0.102 
End of epoch 81 / 100 	 Time Taken: 2532 sec
learning rate = 0.0000037
(epoch: 82, iters: 97, time: 0.390, data: 0.002) G_GAN_ViT: 0.304 D_real_ViT: 0.228 D_fake_ViT: 0.229 global: 0.422 spatial: 0.084 
(epoch: 82, iters: 197, time: 0.390, data: 0.002) G_GAN_ViT: 0.292 D_real_ViT: 0.258 D_fake_ViT: 0.230 global: 0.351 spatial: 0.069 
(epoch: 82, iters: 297, time: 0.390, data: 0.002) G_GAN_ViT: 0.260 D_real_ViT: 0.287 D_fake_ViT: 0.285 global: 0.502 spatial: 0.092 
(epoch: 82, iters: 397, time: 0.390, data: 0.002) G_GAN_ViT: 0.293 D_real_ViT: 0.444 D_fake_ViT: 0.231 global: 0.467 spatial: 0.077 
(epoch: 82, iters: 497, time: 0.390, data: 0.002) G_GAN_ViT: 0.395 D_real_ViT: 0.209 D_fake_ViT: 0.167 global: 0.374 spatial: 0.083 
(epoch: 82, iters: 597, time: 0.390, data: 0.002) G_GAN_ViT: 0.359 D_real_ViT: 0.149 D_fake_ViT: 0.208 global: 0.325 spatial: 0.082 
(epoch: 82, iters: 697, time: 0.390, data: 0.002) G_GAN_ViT: 0.345 D_real_ViT: 0.259 D_fake_ViT: 0.206 global: 0.415 spatial: 0.078 
(epoch: 82, iters: 797, time: 0.390, data: 0.002) G_GAN_ViT: 0.276 D_real_ViT: 0.291 D_fake_ViT: 0.253 global: 0.495 spatial: 0.092 
(epoch: 82, iters: 897, time: 0.390, data: 0.002) G_GAN_ViT: 0.353 D_real_ViT: 0.114 D_fake_ViT: 0.206 global: 0.292 spatial: 0.066 
(epoch: 82, iters: 997, time: 0.390, data: 0.001) G_GAN_ViT: 0.281 D_real_ViT: 0.242 D_fake_ViT: 0.246 global: 0.450 spatial: 0.089 
(epoch: 82, iters: 1097, time: 0.390, data: 0.002) G_GAN_ViT: 0.322 D_real_ViT: 0.210 D_fake_ViT: 0.229 global: 0.398 spatial: 0.090 
(epoch: 82, iters: 1197, time: 0.390, data: 0.002) G_GAN_ViT: 0.295 D_real_ViT: 0.314 D_fake_ViT: 0.240 global: 0.225 spatial: 0.069 
(epoch: 82, iters: 1297, time: 0.389, data: 0.002) G_GAN_ViT: 0.276 D_real_ViT: 0.089 D_fake_ViT: 0.258 global: 0.435 spatial: 0.096 
(epoch: 82, iters: 1397, time: 0.389, data: 0.002) G_GAN_ViT: 0.335 D_real_ViT: 0.233 D_fake_ViT: 0.203 global: 0.301 spatial: 0.063 
(epoch: 82, iters: 1497, time: 0.389, data: 0.002) G_GAN_ViT: 0.302 D_real_ViT: 0.280 D_fake_ViT: 0.247 global: 0.396 spatial: 0.081 
saving the latest model (epoch 82, total_iters 525000)
ICL_single_traffic_hwy
(epoch: 82, iters: 1597, time: 0.389, data: 0.001) G_GAN_ViT: 0.271 D_real_ViT: 0.138 D_fake_ViT: 0.257 global: 0.396 spatial: 0.079 
(epoch: 82, iters: 1697, time: 0.389, data: 0.002) G_GAN_ViT: 0.271 D_real_ViT: 0.319 D_fake_ViT: 0.264 global: 0.389 spatial: 0.063 
(epoch: 82, iters: 1797, time: 0.389, data: 0.002) G_GAN_ViT: 0.345 D_real_ViT: 0.214 D_fake_ViT: 0.204 global: 0.233 spatial: 0.062 
(epoch: 82, iters: 1897, time: 0.390, data: 0.001) G_GAN_ViT: 0.270 D_real_ViT: 0.352 D_fake_ViT: 0.269 global: 0.378 spatial: 0.069 
(epoch: 82, iters: 1997, time: 0.389, data: 0.002) G_GAN_ViT: 0.295 D_real_ViT: 0.224 D_fake_ViT: 0.245 global: 0.476 spatial: 0.091 
(epoch: 82, iters: 2097, time: 0.389, data: 0.002) G_GAN_ViT: 0.356 D_real_ViT: 0.289 D_fake_ViT: 0.197 global: 0.288 spatial: 0.077 
(epoch: 82, iters: 2197, time: 0.390, data: 0.002) G_GAN_ViT: 0.394 D_real_ViT: 0.186 D_fake_ViT: 0.165 global: 0.390 spatial: 0.083 
(epoch: 82, iters: 2297, time: 0.389, data: 0.002) G_GAN_ViT: 0.451 D_real_ViT: 0.188 D_fake_ViT: 0.135 global: 0.258 spatial: 0.060 
(epoch: 82, iters: 2397, time: 0.389, data: 0.001) G_GAN_ViT: 0.296 D_real_ViT: 0.352 D_fake_ViT: 0.257 global: 0.479 spatial: 0.090 
(epoch: 82, iters: 2497, time: 0.390, data: 0.001) G_GAN_ViT: 0.273 D_real_ViT: 0.190 D_fake_ViT: 0.274 global: 0.424 spatial: 0.085 
(epoch: 82, iters: 2597, time: 0.390, data: 0.002) G_GAN_ViT: 0.301 D_real_ViT: 0.154 D_fake_ViT: 0.240 global: 0.403 spatial: 0.072 
(epoch: 82, iters: 2697, time: 0.390, data: 0.002) G_GAN_ViT: 0.416 D_real_ViT: 0.075 D_fake_ViT: 0.153 global: 0.348 spatial: 0.066 
(epoch: 82, iters: 2797, time: 0.390, data: 0.002) G_GAN_ViT: 0.405 D_real_ViT: 0.338 D_fake_ViT: 0.155 global: 0.306 spatial: 0.075 
(epoch: 82, iters: 2897, time: 0.389, data: 0.001) G_GAN_ViT: 0.303 D_real_ViT: 0.148 D_fake_ViT: 0.257 global: 0.388 spatial: 0.094 
(epoch: 82, iters: 2997, time: 0.390, data: 0.002) G_GAN_ViT: 0.374 D_real_ViT: 0.155 D_fake_ViT: 0.188 global: 0.293 spatial: 0.069 
(epoch: 82, iters: 3097, time: 0.390, data: 0.001) G_GAN_ViT: 0.232 D_real_ViT: 0.257 D_fake_ViT: 0.300 global: 0.341 spatial: 0.072 
(epoch: 82, iters: 3197, time: 0.390, data: 0.001) G_GAN_ViT: 0.445 D_real_ViT: 0.139 D_fake_ViT: 0.141 global: 0.280 spatial: 0.062 
(epoch: 82, iters: 3297, time: 0.390, data: 0.002) G_GAN_ViT: 0.396 D_real_ViT: 0.262 D_fake_ViT: 0.166 global: 0.287 spatial: 0.075 
(epoch: 82, iters: 3397, time: 0.390, data: 0.002) G_GAN_ViT: 0.228 D_real_ViT: 0.257 D_fake_ViT: 0.316 global: 0.308 spatial: 0.059 
(epoch: 82, iters: 3497, time: 0.390, data: 0.002) G_GAN_ViT: 0.387 D_real_ViT: 0.245 D_fake_ViT: 0.175 global: 0.257 spatial: 0.056 
(epoch: 82, iters: 3597, time: 0.390, data: 0.002) G_GAN_ViT: 0.315 D_real_ViT: 0.336 D_fake_ViT: 0.221 global: 0.362 spatial: 0.080 
(epoch: 82, iters: 3697, time: 0.390, data: 0.002) G_GAN_ViT: 0.333 D_real_ViT: 0.156 D_fake_ViT: 0.203 global: 0.361 spatial: 0.080 
(epoch: 82, iters: 3797, time: 0.390, data: 0.001) G_GAN_ViT: 0.341 D_real_ViT: 0.194 D_fake_ViT: 0.199 global: 0.444 spatial: 0.092 
(epoch: 82, iters: 3897, time: 0.390, data: 0.002) G_GAN_ViT: 0.432 D_real_ViT: 0.248 D_fake_ViT: 0.141 global: 0.323 spatial: 0.084 
(epoch: 82, iters: 3997, time: 0.389, data: 0.002) G_GAN_ViT: 0.297 D_real_ViT: 0.337 D_fake_ViT: 0.235 global: 0.342 spatial: 0.069 
(epoch: 82, iters: 4097, time: 0.390, data: 0.002) G_GAN_ViT: 0.309 D_real_ViT: 0.131 D_fake_ViT: 0.237 global: 0.342 spatial: 0.085 
(epoch: 82, iters: 4197, time: 0.390, data: 0.002) G_GAN_ViT: 0.428 D_real_ViT: 0.238 D_fake_ViT: 0.143 global: 0.347 spatial: 0.073 
(epoch: 82, iters: 4297, time: 0.390, data: 0.002) G_GAN_ViT: 0.424 D_real_ViT: 0.368 D_fake_ViT: 0.139 global: 0.391 spatial: 0.079 
(epoch: 82, iters: 4397, time: 0.390, data: 0.002) G_GAN_ViT: 0.393 D_real_ViT: 0.334 D_fake_ViT: 0.161 global: 0.379 spatial: 0.078 
(epoch: 82, iters: 4497, time: 0.390, data: 0.002) G_GAN_ViT: 0.318 D_real_ViT: 0.155 D_fake_ViT: 0.220 global: 0.463 spatial: 0.076 
(epoch: 82, iters: 4597, time: 0.390, data: 0.002) G_GAN_ViT: 0.322 D_real_ViT: 0.206 D_fake_ViT: 0.250 global: 0.366 spatial: 0.090 
(epoch: 82, iters: 4697, time: 0.390, data: 0.002) G_GAN_ViT: 0.250 D_real_ViT: 0.288 D_fake_ViT: 0.298 global: 0.455 spatial: 0.083 
(epoch: 82, iters: 4797, time: 0.390, data: 0.002) G_GAN_ViT: 0.239 D_real_ViT: 0.256 D_fake_ViT: 0.291 global: 0.401 spatial: 0.075 
(epoch: 82, iters: 4897, time: 0.389, data: 0.002) G_GAN_ViT: 0.296 D_real_ViT: 0.226 D_fake_ViT: 0.234 global: 0.425 spatial: 0.081 
(epoch: 82, iters: 4997, time: 0.390, data: 0.002) G_GAN_ViT: 0.266 D_real_ViT: 0.276 D_fake_ViT: 0.280 global: 0.503 spatial: 0.100 
(epoch: 82, iters: 5097, time: 0.390, data: 0.002) G_GAN_ViT: 0.449 D_real_ViT: 0.217 D_fake_ViT: 0.140 global: 0.263 spatial: 0.065 
(epoch: 82, iters: 5197, time: 0.390, data: 0.002) G_GAN_ViT: 0.216 D_real_ViT: 0.284 D_fake_ViT: 0.337 global: 0.410 spatial: 0.081 
(epoch: 82, iters: 5297, time: 0.390, data: 0.002) G_GAN_ViT: 0.364 D_real_ViT: 0.030 D_fake_ViT: 0.196 global: 0.310 spatial: 0.065 
(epoch: 82, iters: 5397, time: 0.390, data: 0.001) G_GAN_ViT: 0.277 D_real_ViT: 0.259 D_fake_ViT: 0.252 global: 0.433 spatial: 0.076 
(epoch: 82, iters: 5497, time: 0.390, data: 0.002) G_GAN_ViT: 0.412 D_real_ViT: 0.203 D_fake_ViT: 0.169 global: 0.452 spatial: 0.091 
(epoch: 82, iters: 5597, time: 0.390, data: 0.002) G_GAN_ViT: 0.336 D_real_ViT: 0.209 D_fake_ViT: 0.203 global: 0.361 spatial: 0.074 
(epoch: 82, iters: 5697, time: 0.390, data: 0.001) G_GAN_ViT: 0.434 D_real_ViT: 0.158 D_fake_ViT: 0.145 global: 0.399 spatial: 0.086 
(epoch: 82, iters: 5797, time: 0.390, data: 0.002) G_GAN_ViT: 0.308 D_real_ViT: 0.305 D_fake_ViT: 0.222 global: 0.359 spatial: 0.080 
(epoch: 82, iters: 5897, time: 0.390, data: 0.001) G_GAN_ViT: 0.381 D_real_ViT: 0.198 D_fake_ViT: 0.178 global: 0.394 spatial: 0.082 
(epoch: 82, iters: 5997, time: 0.390, data: 0.002) G_GAN_ViT: 0.291 D_real_ViT: 0.280 D_fake_ViT: 0.234 global: 0.386 spatial: 0.084 
(epoch: 82, iters: 6097, time: 0.390, data: 0.002) G_GAN_ViT: 0.348 D_real_ViT: 0.282 D_fake_ViT: 0.193 global: 0.274 spatial: 0.073 
(epoch: 82, iters: 6197, time: 0.390, data: 0.001) G_GAN_ViT: 0.356 D_real_ViT: 0.379 D_fake_ViT: 0.187 global: 0.434 spatial: 0.087 
(epoch: 82, iters: 6297, time: 0.389, data: 0.002) G_GAN_ViT: 0.361 D_real_ViT: 0.297 D_fake_ViT: 0.186 global: 0.399 spatial: 0.088 
(epoch: 82, iters: 6397, time: 0.390, data: 0.002) G_GAN_ViT: 0.265 D_real_ViT: 0.274 D_fake_ViT: 0.264 global: 0.399 spatial: 0.090 
End of epoch 82 / 100 	 Time Taken: 2531 sec
learning rate = 0.0000035
(epoch: 83, iters: 34, time: 0.390, data: 0.002) G_GAN_ViT: 0.276 D_real_ViT: 0.201 D_fake_ViT: 0.245 global: 0.400 spatial: 0.067 
saving the latest model (epoch 83, total_iters 530000)
ICL_single_traffic_hwy
(epoch: 83, iters: 134, time: 0.390, data: 0.001) G_GAN_ViT: 0.352 D_real_ViT: 0.357 D_fake_ViT: 0.190 global: 0.372 spatial: 0.083 
(epoch: 83, iters: 234, time: 0.390, data: 0.002) G_GAN_ViT: 0.454 D_real_ViT: 0.245 D_fake_ViT: 0.132 global: 0.445 spatial: 0.083 
(epoch: 83, iters: 334, time: 0.390, data: 0.006) G_GAN_ViT: 0.346 D_real_ViT: 0.271 D_fake_ViT: 0.192 global: 0.339 spatial: 0.069 
(epoch: 83, iters: 434, time: 0.390, data: 0.001) G_GAN_ViT: 0.286 D_real_ViT: 0.374 D_fake_ViT: 0.238 global: 0.369 spatial: 0.065 
(epoch: 83, iters: 534, time: 0.390, data: 0.002) G_GAN_ViT: 0.360 D_real_ViT: 0.142 D_fake_ViT: 0.202 global: 0.383 spatial: 0.085 
(epoch: 83, iters: 634, time: 0.390, data: 0.002) G_GAN_ViT: 0.365 D_real_ViT: 0.070 D_fake_ViT: 0.184 global: 0.342 spatial: 0.074 
(epoch: 83, iters: 734, time: 0.391, data: 0.002) G_GAN_ViT: 0.367 D_real_ViT: 0.170 D_fake_ViT: 0.187 global: 0.348 spatial: 0.073 
(epoch: 83, iters: 834, time: 0.390, data: 0.002) G_GAN_ViT: 0.400 D_real_ViT: 0.180 D_fake_ViT: 0.167 global: 0.262 spatial: 0.060 
(epoch: 83, iters: 934, time: 0.390, data: 0.002) G_GAN_ViT: 0.353 D_real_ViT: 0.187 D_fake_ViT: 0.197 global: 0.344 spatial: 0.079 
(epoch: 83, iters: 1034, time: 0.390, data: 0.002) G_GAN_ViT: 0.278 D_real_ViT: 0.237 D_fake_ViT: 0.257 global: 0.478 spatial: 0.086 
(epoch: 83, iters: 1134, time: 0.390, data: 0.002) G_GAN_ViT: 0.298 D_real_ViT: 0.198 D_fake_ViT: 0.236 global: 0.459 spatial: 0.092 
(epoch: 83, iters: 1234, time: 0.390, data: 0.002) G_GAN_ViT: 0.404 D_real_ViT: 0.229 D_fake_ViT: 0.165 global: 0.258 spatial: 0.056 
(epoch: 83, iters: 1334, time: 0.390, data: 0.002) G_GAN_ViT: 0.443 D_real_ViT: 0.236 D_fake_ViT: 0.138 global: 0.438 spatial: 0.086 
(epoch: 83, iters: 1434, time: 0.390, data: 0.002) G_GAN_ViT: 0.268 D_real_ViT: 0.180 D_fake_ViT: 0.270 global: 0.442 spatial: 0.085 
(epoch: 83, iters: 1534, time: 0.390, data: 0.002) G_GAN_ViT: 0.276 D_real_ViT: 0.117 D_fake_ViT: 0.250 global: 0.400 spatial: 0.074 
(epoch: 83, iters: 1634, time: 0.390, data: 0.002) G_GAN_ViT: 0.324 D_real_ViT: 0.191 D_fake_ViT: 0.214 global: 0.302 spatial: 0.067 
(epoch: 83, iters: 1734, time: 0.390, data: 0.001) G_GAN_ViT: 0.307 D_real_ViT: 0.260 D_fake_ViT: 0.251 global: 0.368 spatial: 0.090 
(epoch: 83, iters: 1834, time: 0.390, data: 0.002) G_GAN_ViT: 0.277 D_real_ViT: 0.164 D_fake_ViT: 0.269 global: 0.410 spatial: 0.087 
(epoch: 83, iters: 1934, time: 0.390, data: 0.001) G_GAN_ViT: 0.240 D_real_ViT: 0.295 D_fake_ViT: 0.294 global: 0.380 spatial: 0.071 
(epoch: 83, iters: 2034, time: 0.390, data: 0.001) G_GAN_ViT: 0.371 D_real_ViT: 0.118 D_fake_ViT: 0.183 global: 0.443 spatial: 0.093 
(epoch: 83, iters: 2134, time: 0.390, data: 0.002) G_GAN_ViT: 0.325 D_real_ViT: 0.298 D_fake_ViT: 0.219 global: 0.293 spatial: 0.071 
(epoch: 83, iters: 2234, time: 0.390, data: 0.002) G_GAN_ViT: 0.263 D_real_ViT: 0.272 D_fake_ViT: 0.276 global: 0.367 spatial: 0.070 
(epoch: 83, iters: 2334, time: 0.390, data: 0.004) G_GAN_ViT: 0.381 D_real_ViT: 0.224 D_fake_ViT: 0.175 global: 0.326 spatial: 0.063 
(epoch: 83, iters: 2434, time: 0.390, data: 0.002) G_GAN_ViT: 0.352 D_real_ViT: 0.299 D_fake_ViT: 0.196 global: 0.228 spatial: 0.072 
(epoch: 83, iters: 2534, time: 0.390, data: 0.002) G_GAN_ViT: 0.446 D_real_ViT: 0.298 D_fake_ViT: 0.138 global: 0.298 spatial: 0.057 
(epoch: 83, iters: 2634, time: 0.390, data: 0.002) G_GAN_ViT: 0.403 D_real_ViT: 0.337 D_fake_ViT: 0.166 global: 0.377 spatial: 0.097 
(epoch: 83, iters: 2734, time: 0.390, data: 0.002) G_GAN_ViT: 0.220 D_real_ViT: 0.187 D_fake_ViT: 0.325 global: 0.311 spatial: 0.058 
(epoch: 83, iters: 2834, time: 0.390, data: 0.002) G_GAN_ViT: 0.384 D_real_ViT: 0.232 D_fake_ViT: 0.164 global: 0.355 spatial: 0.079 
(epoch: 83, iters: 2934, time: 0.388, data: 0.002) G_GAN_ViT: 0.378 D_real_ViT: 0.252 D_fake_ViT: 0.172 global: 0.363 spatial: 0.078 
(epoch: 83, iters: 3034, time: 0.389, data: 0.001) G_GAN_ViT: 0.193 D_real_ViT: 0.106 D_fake_ViT: 0.353 global: 0.348 spatial: 0.076 
(epoch: 83, iters: 3134, time: 0.389, data: 0.002) G_GAN_ViT: 0.398 D_real_ViT: 0.096 D_fake_ViT: 0.167 global: 0.403 spatial: 0.084 
(epoch: 83, iters: 3234, time: 0.389, data: 0.001) G_GAN_ViT: 0.305 D_real_ViT: 0.289 D_fake_ViT: 0.247 global: 0.307 spatial: 0.090 
(epoch: 83, iters: 3334, time: 0.390, data: 0.001) G_GAN_ViT: 0.304 D_real_ViT: 0.229 D_fake_ViT: 0.229 global: 0.331 spatial: 0.084 
(epoch: 83, iters: 3434, time: 0.390, data: 0.001) G_GAN_ViT: 0.288 D_real_ViT: 0.114 D_fake_ViT: 0.246 global: 0.412 spatial: 0.081 
(epoch: 83, iters: 3534, time: 0.390, data: 0.001) G_GAN_ViT: 0.415 D_real_ViT: 0.396 D_fake_ViT: 0.147 global: 0.285 spatial: 0.071 
(epoch: 83, iters: 3634, time: 0.390, data: 0.002) G_GAN_ViT: 0.413 D_real_ViT: 0.174 D_fake_ViT: 0.153 global: 0.362 spatial: 0.082 
(epoch: 83, iters: 3734, time: 0.390, data: 0.002) G_GAN_ViT: 0.219 D_real_ViT: 0.106 D_fake_ViT: 0.324 global: 0.308 spatial: 0.061 
(epoch: 83, iters: 3834, time: 0.390, data: 0.002) G_GAN_ViT: 0.331 D_real_ViT: 0.191 D_fake_ViT: 0.204 global: 0.378 spatial: 0.078 
(epoch: 83, iters: 3934, time: 0.390, data: 0.001) G_GAN_ViT: 0.276 D_real_ViT: 0.263 D_fake_ViT: 0.256 global: 0.434 spatial: 0.079 
(epoch: 83, iters: 4034, time: 0.390, data: 0.001) G_GAN_ViT: 0.414 D_real_ViT: 0.288 D_fake_ViT: 0.152 global: 0.371 spatial: 0.078 
(epoch: 83, iters: 4134, time: 0.391, data: 0.002) G_GAN_ViT: 0.209 D_real_ViT: 0.298 D_fake_ViT: 0.333 global: 0.283 spatial: 0.060 
(epoch: 83, iters: 4234, time: 0.390, data: 0.001) G_GAN_ViT: 0.296 D_real_ViT: 0.280 D_fake_ViT: 0.230 global: 0.395 spatial: 0.076 
(epoch: 83, iters: 4334, time: 0.390, data: 0.002) G_GAN_ViT: 0.348 D_real_ViT: 0.236 D_fake_ViT: 0.201 global: 0.368 spatial: 0.068 
(epoch: 83, iters: 4434, time: 0.390, data: 0.001) G_GAN_ViT: 0.328 D_real_ViT: 0.236 D_fake_ViT: 0.212 global: 0.348 spatial: 0.084 
(epoch: 83, iters: 4534, time: 0.390, data: 0.002) G_GAN_ViT: 0.348 D_real_ViT: 0.111 D_fake_ViT: 0.195 global: 0.299 spatial: 0.064 
(epoch: 83, iters: 4634, time: 0.391, data: 0.002) G_GAN_ViT: 0.480 D_real_ViT: 0.177 D_fake_ViT: 0.129 global: 0.349 spatial: 0.090 
(epoch: 83, iters: 4734, time: 0.391, data: 0.001) G_GAN_ViT: 0.279 D_real_ViT: 0.211 D_fake_ViT: 0.257 global: 0.396 spatial: 0.088 
(epoch: 83, iters: 4834, time: 0.390, data: 0.002) G_GAN_ViT: 0.327 D_real_ViT: 0.185 D_fake_ViT: 0.214 global: 0.399 spatial: 0.081 
(epoch: 83, iters: 4934, time: 0.390, data: 0.001) G_GAN_ViT: 0.295 D_real_ViT: 0.314 D_fake_ViT: 0.249 global: 0.270 spatial: 0.064 
(epoch: 83, iters: 5034, time: 0.390, data: 0.001) G_GAN_ViT: 0.281 D_real_ViT: 0.171 D_fake_ViT: 0.248 global: 0.381 spatial: 0.065 
saving the latest model (epoch 83, total_iters 535000)
ICL_single_traffic_hwy
(epoch: 83, iters: 5134, time: 0.390, data: 0.002) G_GAN_ViT: 0.284 D_real_ViT: 0.224 D_fake_ViT: 0.253 global: 0.421 spatial: 0.094 
(epoch: 83, iters: 5234, time: 0.390, data: 0.002) G_GAN_ViT: 0.340 D_real_ViT: 0.310 D_fake_ViT: 0.205 global: 0.384 spatial: 0.081 
(epoch: 83, iters: 5334, time: 0.390, data: 0.002) G_GAN_ViT: 0.394 D_real_ViT: 0.222 D_fake_ViT: 0.160 global: 0.341 spatial: 0.080 
(epoch: 83, iters: 5434, time: 0.390, data: 0.001) G_GAN_ViT: 0.298 D_real_ViT: 0.245 D_fake_ViT: 0.236 global: 0.322 spatial: 0.091 
(epoch: 83, iters: 5534, time: 0.390, data: 0.001) G_GAN_ViT: 0.378 D_real_ViT: 0.286 D_fake_ViT: 0.172 global: 0.257 spatial: 0.064 
(epoch: 83, iters: 5634, time: 0.390, data: 0.002) G_GAN_ViT: 0.414 D_real_ViT: 0.250 D_fake_ViT: 0.162 global: 0.270 spatial: 0.069 
(epoch: 83, iters: 5734, time: 0.391, data: 0.002) G_GAN_ViT: 0.384 D_real_ViT: 0.152 D_fake_ViT: 0.176 global: 0.259 spatial: 0.057 
(epoch: 83, iters: 5834, time: 0.390, data: 0.001) G_GAN_ViT: 0.359 D_real_ViT: 0.305 D_fake_ViT: 0.189 global: 0.380 spatial: 0.072 
(epoch: 83, iters: 5934, time: 0.390, data: 0.002) G_GAN_ViT: 0.343 D_real_ViT: 0.368 D_fake_ViT: 0.196 global: 0.299 spatial: 0.080 
(epoch: 83, iters: 6034, time: 0.390, data: 0.002) G_GAN_ViT: 0.220 D_real_ViT: 0.234 D_fake_ViT: 0.324 global: 0.426 spatial: 0.084 
(epoch: 83, iters: 6134, time: 0.390, data: 0.002) G_GAN_ViT: 0.338 D_real_ViT: 0.293 D_fake_ViT: 0.217 global: 0.449 spatial: 0.071 
(epoch: 83, iters: 6234, time: 0.390, data: 0.002) G_GAN_ViT: 0.365 D_real_ViT: 0.218 D_fake_ViT: 0.190 global: 0.335 spatial: 0.075 
(epoch: 83, iters: 6334, time: 0.390, data: 0.002) G_GAN_ViT: 0.337 D_real_ViT: 0.075 D_fake_ViT: 0.217 global: 0.444 spatial: 0.091 
(epoch: 83, iters: 6434, time: 0.389, data: 0.002) G_GAN_ViT: 0.349 D_real_ViT: 0.275 D_fake_ViT: 0.203 global: 0.282 spatial: 0.081 
End of epoch 83 / 100 	 Time Taken: 2533 sec
learning rate = 0.0000033
(epoch: 84, iters: 71, time: 0.390, data: 0.002) G_GAN_ViT: 0.324 D_real_ViT: 0.131 D_fake_ViT: 0.220 global: 0.496 spatial: 0.099 
(epoch: 84, iters: 171, time: 0.390, data: 0.002) G_GAN_ViT: 0.255 D_real_ViT: 0.285 D_fake_ViT: 0.270 global: 0.397 spatial: 0.071 
(epoch: 84, iters: 271, time: 0.389, data: 0.002) G_GAN_ViT: 0.335 D_real_ViT: 0.174 D_fake_ViT: 0.214 global: 0.270 spatial: 0.064 
(epoch: 84, iters: 371, time: 0.389, data: 0.002) G_GAN_ViT: 0.443 D_real_ViT: 0.228 D_fake_ViT: 0.136 global: 0.317 spatial: 0.085 
(epoch: 84, iters: 471, time: 0.389, data: 0.002) G_GAN_ViT: 0.380 D_real_ViT: 0.066 D_fake_ViT: 0.178 global: 0.315 spatial: 0.068 
(epoch: 84, iters: 571, time: 0.390, data: 0.002) G_GAN_ViT: 0.297 D_real_ViT: 0.212 D_fake_ViT: 0.247 global: 0.229 spatial: 0.061 
(epoch: 84, iters: 671, time: 0.390, data: 0.002) G_GAN_ViT: 0.287 D_real_ViT: 0.093 D_fake_ViT: 0.246 global: 0.427 spatial: 0.079 
(epoch: 84, iters: 771, time: 0.390, data: 0.002) G_GAN_ViT: 0.222 D_real_ViT: 0.359 D_fake_ViT: 0.332 global: 0.388 spatial: 0.068 
(epoch: 84, iters: 871, time: 0.390, data: 0.002) G_GAN_ViT: 0.413 D_real_ViT: 0.269 D_fake_ViT: 0.151 global: 0.301 spatial: 0.078 
(epoch: 84, iters: 971, time: 0.390, data: 0.002) G_GAN_ViT: 0.369 D_real_ViT: 0.215 D_fake_ViT: 0.176 global: 0.419 spatial: 0.076 
(epoch: 84, iters: 1071, time: 0.389, data: 0.002) G_GAN_ViT: 0.295 D_real_ViT: 0.287 D_fake_ViT: 0.241 global: 0.410 spatial: 0.080 
(epoch: 84, iters: 1171, time: 0.390, data: 0.002) G_GAN_ViT: 0.439 D_real_ViT: 0.266 D_fake_ViT: 0.142 global: 0.313 spatial: 0.074 
(epoch: 84, iters: 1271, time: 0.390, data: 0.002) G_GAN_ViT: 0.375 D_real_ViT: 0.140 D_fake_ViT: 0.174 global: 0.397 spatial: 0.080 
(epoch: 84, iters: 1371, time: 0.389, data: 0.002) G_GAN_ViT: 0.351 D_real_ViT: 0.272 D_fake_ViT: 0.199 global: 0.406 spatial: 0.088 
(epoch: 84, iters: 1471, time: 0.389, data: 0.002) G_GAN_ViT: 0.329 D_real_ViT: 0.181 D_fake_ViT: 0.208 global: 0.464 spatial: 0.094 
(epoch: 84, iters: 1571, time: 0.389, data: 0.002) G_GAN_ViT: 0.260 D_real_ViT: 0.161 D_fake_ViT: 0.266 global: 0.475 spatial: 0.074 
(epoch: 84, iters: 1671, time: 0.389, data: 0.002) G_GAN_ViT: 0.360 D_real_ViT: 0.346 D_fake_ViT: 0.186 global: 0.333 spatial: 0.074 
(epoch: 84, iters: 1771, time: 0.389, data: 0.002) G_GAN_ViT: 0.409 D_real_ViT: 0.248 D_fake_ViT: 0.156 global: 0.314 spatial: 0.086 
(epoch: 84, iters: 1871, time: 0.389, data: 0.002) G_GAN_ViT: 0.299 D_real_ViT: 0.272 D_fake_ViT: 0.233 global: 0.461 spatial: 0.077 
(epoch: 84, iters: 1971, time: 0.389, data: 0.002) G_GAN_ViT: 0.437 D_real_ViT: 0.178 D_fake_ViT: 0.147 global: 0.321 spatial: 0.080 
(epoch: 84, iters: 2071, time: 0.389, data: 0.002) G_GAN_ViT: 0.447 D_real_ViT: 0.227 D_fake_ViT: 0.147 global: 0.287 spatial: 0.074 
(epoch: 84, iters: 2171, time: 0.389, data: 0.002) G_GAN_ViT: 0.327 D_real_ViT: 0.163 D_fake_ViT: 0.210 global: 0.470 spatial: 0.086 
(epoch: 84, iters: 2271, time: 0.389, data: 0.002) G_GAN_ViT: 0.380 D_real_ViT: 0.278 D_fake_ViT: 0.180 global: 0.362 spatial: 0.086 
(epoch: 84, iters: 2371, time: 0.389, data: 0.002) G_GAN_ViT: 0.292 D_real_ViT: 0.203 D_fake_ViT: 0.257 global: 0.423 spatial: 0.094 
(epoch: 84, iters: 2471, time: 0.389, data: 0.002) G_GAN_ViT: 0.386 D_real_ViT: 0.245 D_fake_ViT: 0.180 global: 0.346 spatial: 0.091 
(epoch: 84, iters: 2571, time: 0.390, data: 0.002) G_GAN_ViT: 0.412 D_real_ViT: 0.335 D_fake_ViT: 0.152 global: 0.376 spatial: 0.084 
(epoch: 84, iters: 2671, time: 0.390, data: 0.002) G_GAN_ViT: 0.422 D_real_ViT: 0.354 D_fake_ViT: 0.159 global: 0.376 spatial: 0.091 
(epoch: 84, iters: 2771, time: 0.390, data: 0.002) G_GAN_ViT: 0.330 D_real_ViT: 0.156 D_fake_ViT: 0.220 global: 0.425 spatial: 0.093 
(epoch: 84, iters: 2871, time: 0.390, data: 0.001) G_GAN_ViT: 0.244 D_real_ViT: 0.150 D_fake_ViT: 0.286 global: 0.444 spatial: 0.076 
(epoch: 84, iters: 2971, time: 0.390, data: 0.002) G_GAN_ViT: 0.276 D_real_ViT: 0.219 D_fake_ViT: 0.254 global: 0.423 spatial: 0.088 
(epoch: 84, iters: 3071, time: 0.390, data: 0.002) G_GAN_ViT: 0.307 D_real_ViT: 0.243 D_fake_ViT: 0.226 global: 0.477 spatial: 0.086 
(epoch: 84, iters: 3171, time: 0.390, data: 0.002) G_GAN_ViT: 0.364 D_real_ViT: 0.256 D_fake_ViT: 0.181 global: 0.300 spatial: 0.069 
(epoch: 84, iters: 3271, time: 0.390, data: 0.002) G_GAN_ViT: 0.210 D_real_ViT: 0.205 D_fake_ViT: 0.336 global: 0.305 spatial: 0.067 
(epoch: 84, iters: 3371, time: 0.389, data: 0.001) G_GAN_ViT: 0.311 D_real_ViT: 0.222 D_fake_ViT: 0.225 global: 0.366 spatial: 0.076 
(epoch: 84, iters: 3471, time: 0.390, data: 0.002) G_GAN_ViT: 0.388 D_real_ViT: 0.316 D_fake_ViT: 0.174 global: 0.400 spatial: 0.105 
(epoch: 84, iters: 3571, time: 0.390, data: 0.001) G_GAN_ViT: 0.357 D_real_ViT: 0.227 D_fake_ViT: 0.185 global: 0.426 spatial: 0.073 
saving the latest model (epoch 84, total_iters 540000)
ICL_single_traffic_hwy
(epoch: 84, iters: 3671, time: 0.390, data: 0.001) G_GAN_ViT: 0.378 D_real_ViT: 0.319 D_fake_ViT: 0.174 global: 0.404 spatial: 0.074 
(epoch: 84, iters: 3771, time: 0.390, data: 0.002) G_GAN_ViT: 0.243 D_real_ViT: 0.335 D_fake_ViT: 0.292 global: 0.391 spatial: 0.075 
(epoch: 84, iters: 3871, time: 0.390, data: 0.001) G_GAN_ViT: 0.322 D_real_ViT: 0.197 D_fake_ViT: 0.211 global: 0.309 spatial: 0.063 
(epoch: 84, iters: 3971, time: 0.390, data: 0.002) G_GAN_ViT: 0.388 D_real_ViT: 0.314 D_fake_ViT: 0.176 global: 0.407 spatial: 0.085 
(epoch: 84, iters: 4071, time: 0.390, data: 0.001) G_GAN_ViT: 0.347 D_real_ViT: 0.198 D_fake_ViT: 0.203 global: 0.329 spatial: 0.088 
(epoch: 84, iters: 4171, time: 0.390, data: 0.002) G_GAN_ViT: 0.380 D_real_ViT: 0.231 D_fake_ViT: 0.182 global: 0.270 spatial: 0.061 
(epoch: 84, iters: 4271, time: 0.390, data: 0.002) G_GAN_ViT: 0.384 D_real_ViT: 0.190 D_fake_ViT: 0.184 global: 0.365 spatial: 0.088 
(epoch: 84, iters: 4371, time: 0.390, data: 0.001) G_GAN_ViT: 0.258 D_real_ViT: 0.237 D_fake_ViT: 0.270 global: 0.427 spatial: 0.080 
(epoch: 84, iters: 4471, time: 0.390, data: 0.001) G_GAN_ViT: 0.298 D_real_ViT: 0.157 D_fake_ViT: 0.228 global: 0.374 spatial: 0.061 
(epoch: 84, iters: 4571, time: 0.390, data: 0.002) G_GAN_ViT: 0.339 D_real_ViT: 0.142 D_fake_ViT: 0.203 global: 0.418 spatial: 0.079 
(epoch: 84, iters: 4671, time: 0.390, data: 0.002) G_GAN_ViT: 0.373 D_real_ViT: 0.206 D_fake_ViT: 0.181 global: 0.281 spatial: 0.078 
(epoch: 84, iters: 4771, time: 0.390, data: 0.002) G_GAN_ViT: 0.352 D_real_ViT: 0.330 D_fake_ViT: 0.192 global: 0.320 spatial: 0.069 
(epoch: 84, iters: 4871, time: 0.390, data: 0.002) G_GAN_ViT: 0.355 D_real_ViT: 0.283 D_fake_ViT: 0.185 global: 0.307 spatial: 0.074 
(epoch: 84, iters: 4971, time: 0.389, data: 0.002) G_GAN_ViT: 0.442 D_real_ViT: 0.236 D_fake_ViT: 0.138 global: 0.267 spatial: 0.061 
(epoch: 84, iters: 5071, time: 0.389, data: 0.002) G_GAN_ViT: 0.345 D_real_ViT: 0.256 D_fake_ViT: 0.204 global: 0.322 spatial: 0.082 
(epoch: 84, iters: 5171, time: 0.390, data: 0.002) G_GAN_ViT: 0.296 D_real_ViT: 0.335 D_fake_ViT: 0.245 global: 0.449 spatial: 0.096 
(epoch: 84, iters: 5271, time: 0.390, data: 0.003) G_GAN_ViT: 0.222 D_real_ViT: 0.211 D_fake_ViT: 0.322 global: 0.277 spatial: 0.072 
(epoch: 84, iters: 5371, time: 0.390, data: 0.002) G_GAN_ViT: 0.332 D_real_ViT: 0.194 D_fake_ViT: 0.219 global: 0.423 spatial: 0.089 
(epoch: 84, iters: 5471, time: 0.389, data: 0.002) G_GAN_ViT: 0.339 D_real_ViT: 0.282 D_fake_ViT: 0.202 global: 0.403 spatial: 0.080 
(epoch: 84, iters: 5571, time: 0.389, data: 0.002) G_GAN_ViT: 0.232 D_real_ViT: 0.262 D_fake_ViT: 0.303 global: 0.275 spatial: 0.072 
(epoch: 84, iters: 5671, time: 0.390, data: 0.002) G_GAN_ViT: 0.365 D_real_ViT: 0.175 D_fake_ViT: 0.187 global: 0.346 spatial: 0.071 
(epoch: 84, iters: 5771, time: 0.390, data: 0.002) G_GAN_ViT: 0.354 D_real_ViT: 0.171 D_fake_ViT: 0.201 global: 0.343 spatial: 0.072 
(epoch: 84, iters: 5871, time: 0.390, data: 0.002) G_GAN_ViT: 0.374 D_real_ViT: 0.191 D_fake_ViT: 0.181 global: 0.311 spatial: 0.084 
(epoch: 84, iters: 5971, time: 0.390, data: 0.002) G_GAN_ViT: 0.363 D_real_ViT: 0.315 D_fake_ViT: 0.190 global: 0.390 spatial: 0.061 
(epoch: 84, iters: 6071, time: 0.389, data: 0.002) G_GAN_ViT: 0.352 D_real_ViT: 0.228 D_fake_ViT: 0.189 global: 0.265 spatial: 0.063 
(epoch: 84, iters: 6171, time: 0.389, data: 0.002) G_GAN_ViT: 0.340 D_real_ViT: 0.223 D_fake_ViT: 0.193 global: 0.445 spatial: 0.087 
(epoch: 84, iters: 6271, time: 0.389, data: 0.002) G_GAN_ViT: 0.272 D_real_ViT: 0.317 D_fake_ViT: 0.269 global: 0.374 spatial: 0.086 
(epoch: 84, iters: 6371, time: 0.389, data: 0.002) G_GAN_ViT: 0.278 D_real_ViT: 0.116 D_fake_ViT: 0.267 global: 0.372 spatial: 0.092 
End of epoch 84 / 100 	 Time Taken: 2530 sec
learning rate = 0.0000031
(epoch: 85, iters: 8, time: 0.389, data: 0.002) G_GAN_ViT: 0.332 D_real_ViT: 0.191 D_fake_ViT: 0.210 global: 0.226 spatial: 0.055 
(epoch: 85, iters: 108, time: 0.390, data: 0.002) G_GAN_ViT: 0.354 D_real_ViT: 0.348 D_fake_ViT: 0.191 global: 0.374 spatial: 0.081 
(epoch: 85, iters: 208, time: 0.390, data: 0.002) G_GAN_ViT: 0.276 D_real_ViT: 0.405 D_fake_ViT: 0.264 global: 0.501 spatial: 0.094 
(epoch: 85, iters: 308, time: 0.390, data: 0.002) G_GAN_ViT: 0.401 D_real_ViT: 0.059 D_fake_ViT: 0.174 global: 0.319 spatial: 0.078 
(epoch: 85, iters: 408, time: 0.390, data: 0.002) G_GAN_ViT: 0.325 D_real_ViT: 0.216 D_fake_ViT: 0.228 global: 0.403 spatial: 0.093 
(epoch: 85, iters: 508, time: 0.391, data: 0.002) G_GAN_ViT: 0.280 D_real_ViT: 0.180 D_fake_ViT: 0.245 global: 0.391 spatial: 0.070 
(epoch: 85, iters: 608, time: 0.390, data: 0.002) G_GAN_ViT: 0.357 D_real_ViT: 0.241 D_fake_ViT: 0.189 global: 0.309 spatial: 0.081 
(epoch: 85, iters: 708, time: 0.390, data: 0.002) G_GAN_ViT: 0.280 D_real_ViT: 0.271 D_fake_ViT: 0.254 global: 0.407 spatial: 0.085 
(epoch: 85, iters: 808, time: 0.390, data: 0.002) G_GAN_ViT: 0.288 D_real_ViT: 0.263 D_fake_ViT: 0.242 global: 0.412 spatial: 0.086 
(epoch: 85, iters: 908, time: 0.390, data: 0.002) G_GAN_ViT: 0.270 D_real_ViT: 0.246 D_fake_ViT: 0.253 global: 0.387 spatial: 0.072 
(epoch: 85, iters: 1008, time: 0.390, data: 0.002) G_GAN_ViT: 0.277 D_real_ViT: 0.219 D_fake_ViT: 0.256 global: 0.435 spatial: 0.082 
(epoch: 85, iters: 1108, time: 0.390, data: 0.002) G_GAN_ViT: 0.332 D_real_ViT: 0.189 D_fake_ViT: 0.204 global: 0.298 spatial: 0.064 
(epoch: 85, iters: 1208, time: 0.389, data: 0.002) G_GAN_ViT: 0.397 D_real_ViT: 0.212 D_fake_ViT: 0.162 global: 0.363 spatial: 0.075 
(epoch: 85, iters: 1308, time: 0.389, data: 0.002) G_GAN_ViT: 0.271 D_real_ViT: 0.195 D_fake_ViT: 0.263 global: 0.480 spatial: 0.095 
(epoch: 85, iters: 1408, time: 0.389, data: 0.002) G_GAN_ViT: 0.258 D_real_ViT: 0.152 D_fake_ViT: 0.284 global: 0.456 spatial: 0.084 
(epoch: 85, iters: 1508, time: 0.390, data: 0.002) G_GAN_ViT: 0.253 D_real_ViT: 0.189 D_fake_ViT: 0.294 global: 0.362 spatial: 0.081 
(epoch: 85, iters: 1608, time: 0.390, data: 0.001) G_GAN_ViT: 0.318 D_real_ViT: 0.337 D_fake_ViT: 0.231 global: 0.430 spatial: 0.093 
(epoch: 85, iters: 1708, time: 0.390, data: 0.002) G_GAN_ViT: 0.345 D_real_ViT: 0.307 D_fake_ViT: 0.208 global: 0.375 spatial: 0.086 
(epoch: 85, iters: 1808, time: 0.390, data: 0.002) G_GAN_ViT: 0.248 D_real_ViT: 0.284 D_fake_ViT: 0.288 global: 0.392 spatial: 0.081 
(epoch: 85, iters: 1908, time: 0.389, data: 0.001) G_GAN_ViT: 0.349 D_real_ViT: 0.341 D_fake_ViT: 0.199 global: 0.404 spatial: 0.098 
(epoch: 85, iters: 2008, time: 0.390, data: 0.002) G_GAN_ViT: 0.218 D_real_ViT: 0.350 D_fake_ViT: 0.322 global: 0.286 spatial: 0.069 
(epoch: 85, iters: 2108, time: 0.390, data: 0.002) G_GAN_ViT: 0.374 D_real_ViT: 0.199 D_fake_ViT: 0.176 global: 0.305 spatial: 0.074 
saving the latest model (epoch 85, total_iters 545000)
ICL_single_traffic_hwy
(epoch: 85, iters: 2208, time: 0.390, data: 0.002) G_GAN_ViT: 0.337 D_real_ViT: 0.229 D_fake_ViT: 0.205 global: 0.345 spatial: 0.085 
(epoch: 85, iters: 2308, time: 0.390, data: 0.002) G_GAN_ViT: 0.270 D_real_ViT: 0.210 D_fake_ViT: 0.269 global: 0.357 spatial: 0.083 
(epoch: 85, iters: 2408, time: 0.390, data: 0.002) G_GAN_ViT: 0.333 D_real_ViT: 0.294 D_fake_ViT: 0.203 global: 0.373 spatial: 0.069 
(epoch: 85, iters: 2508, time: 0.390, data: 0.002) G_GAN_ViT: 0.202 D_real_ViT: 0.329 D_fake_ViT: 0.341 global: 0.335 spatial: 0.083 
(epoch: 85, iters: 2608, time: 0.390, data: 0.002) G_GAN_ViT: 0.432 D_real_ViT: 0.313 D_fake_ViT: 0.145 global: 0.347 spatial: 0.078 
(epoch: 85, iters: 2708, time: 0.390, data: 0.002) G_GAN_ViT: 0.386 D_real_ViT: 0.195 D_fake_ViT: 0.172 global: 0.342 spatial: 0.084 
(epoch: 85, iters: 2808, time: 0.390, data: 0.002) G_GAN_ViT: 0.260 D_real_ViT: 0.318 D_fake_ViT: 0.278 global: 0.369 spatial: 0.088 
(epoch: 85, iters: 2908, time: 0.390, data: 0.002) G_GAN_ViT: 0.275 D_real_ViT: 0.290 D_fake_ViT: 0.264 global: 0.353 spatial: 0.075 
(epoch: 85, iters: 3008, time: 0.390, data: 0.002) G_GAN_ViT: 0.298 D_real_ViT: 0.207 D_fake_ViT: 0.235 global: 0.405 spatial: 0.072 
(epoch: 85, iters: 3108, time: 0.390, data: 0.002) G_GAN_ViT: 0.336 D_real_ViT: 0.132 D_fake_ViT: 0.201 global: 0.426 spatial: 0.093 
(epoch: 85, iters: 3208, time: 0.390, data: 0.001) G_GAN_ViT: 0.360 D_real_ViT: 0.283 D_fake_ViT: 0.190 global: 0.319 spatial: 0.080 
(epoch: 85, iters: 3308, time: 0.390, data: 0.002) G_GAN_ViT: 0.364 D_real_ViT: 0.219 D_fake_ViT: 0.182 global: 0.280 spatial: 0.072 
(epoch: 85, iters: 3408, time: 0.390, data: 0.002) G_GAN_ViT: 0.290 D_real_ViT: 0.214 D_fake_ViT: 0.239 global: 0.426 spatial: 0.083 
(epoch: 85, iters: 3508, time: 0.389, data: 0.002) G_GAN_ViT: 0.221 D_real_ViT: 0.025 D_fake_ViT: 0.322 global: 0.307 spatial: 0.059 
(epoch: 85, iters: 3608, time: 0.389, data: 0.001) G_GAN_ViT: 0.354 D_real_ViT: 0.210 D_fake_ViT: 0.195 global: 0.337 spatial: 0.084 
(epoch: 85, iters: 3708, time: 0.390, data: 0.002) G_GAN_ViT: 0.329 D_real_ViT: 0.271 D_fake_ViT: 0.210 global: 0.429 spatial: 0.096 
(epoch: 85, iters: 3808, time: 0.390, data: 0.002) G_GAN_ViT: 0.383 D_real_ViT: 0.193 D_fake_ViT: 0.171 global: 0.371 spatial: 0.085 
(epoch: 85, iters: 3908, time: 0.390, data: 0.002) G_GAN_ViT: 0.315 D_real_ViT: 0.167 D_fake_ViT: 0.236 global: 0.398 spatial: 0.096 
(epoch: 85, iters: 4008, time: 0.389, data: 0.002) G_GAN_ViT: 0.371 D_real_ViT: 0.235 D_fake_ViT: 0.180 global: 0.326 spatial: 0.077 
(epoch: 85, iters: 4108, time: 0.389, data: 0.002) G_GAN_ViT: 0.369 D_real_ViT: 0.090 D_fake_ViT: 0.183 global: 0.342 spatial: 0.082 
(epoch: 85, iters: 4208, time: 0.390, data: 0.002) G_GAN_ViT: 0.274 D_real_ViT: 0.209 D_fake_ViT: 0.261 global: 0.417 spatial: 0.085 
(epoch: 85, iters: 4308, time: 0.390, data: 0.002) G_GAN_ViT: 0.293 D_real_ViT: 0.209 D_fake_ViT: 0.246 global: 0.366 spatial: 0.081 
(epoch: 85, iters: 4408, time: 0.390, data: 0.002) G_GAN_ViT: 0.313 D_real_ViT: 0.166 D_fake_ViT: 0.220 global: 0.305 spatial: 0.081 
(epoch: 85, iters: 4508, time: 0.390, data: 0.002) G_GAN_ViT: 0.474 D_real_ViT: 0.178 D_fake_ViT: 0.152 global: 0.392 spatial: 0.100 
(epoch: 85, iters: 4608, time: 0.390, data: 0.002) G_GAN_ViT: 0.376 D_real_ViT: 0.218 D_fake_ViT: 0.175 global: 0.409 spatial: 0.081 
(epoch: 85, iters: 4708, time: 0.390, data: 0.002) G_GAN_ViT: 0.273 D_real_ViT: 0.098 D_fake_ViT: 0.262 global: 0.458 spatial: 0.090 
(epoch: 85, iters: 4808, time: 0.390, data: 0.002) G_GAN_ViT: 0.310 D_real_ViT: 0.299 D_fake_ViT: 0.228 global: 0.405 spatial: 0.080 
(epoch: 85, iters: 4908, time: 0.390, data: 0.001) G_GAN_ViT: 0.294 D_real_ViT: 0.266 D_fake_ViT: 0.251 global: 0.361 spatial: 0.086 
(epoch: 85, iters: 5008, time: 0.389, data: 0.002) G_GAN_ViT: 0.259 D_real_ViT: 0.209 D_fake_ViT: 0.279 global: 0.495 spatial: 0.090 
(epoch: 85, iters: 5108, time: 0.389, data: 0.002) G_GAN_ViT: 0.284 D_real_ViT: 0.328 D_fake_ViT: 0.251 global: 0.314 spatial: 0.061 
(epoch: 85, iters: 5208, time: 0.389, data: 0.001) G_GAN_ViT: 0.316 D_real_ViT: 0.271 D_fake_ViT: 0.229 global: 0.348 spatial: 0.082 
(epoch: 85, iters: 5308, time: 0.390, data: 0.002) G_GAN_ViT: 0.369 D_real_ViT: 0.158 D_fake_ViT: 0.179 global: 0.388 spatial: 0.075 
(epoch: 85, iters: 5408, time: 0.390, data: 0.002) G_GAN_ViT: 0.316 D_real_ViT: 0.153 D_fake_ViT: 0.219 global: 0.337 spatial: 0.070 
(epoch: 85, iters: 5508, time: 0.390, data: 0.002) G_GAN_ViT: 0.370 D_real_ViT: 0.273 D_fake_ViT: 0.189 global: 0.349 spatial: 0.091 
(epoch: 85, iters: 5608, time: 0.390, data: 0.001) G_GAN_ViT: 0.354 D_real_ViT: 0.146 D_fake_ViT: 0.185 global: 0.287 spatial: 0.063 
(epoch: 85, iters: 5708, time: 0.390, data: 0.002) G_GAN_ViT: 0.357 D_real_ViT: 0.278 D_fake_ViT: 0.181 global: 0.317 spatial: 0.064 
(epoch: 85, iters: 5808, time: 0.390, data: 0.002) G_GAN_ViT: 0.172 D_real_ViT: 0.193 D_fake_ViT: 0.386 global: 0.274 spatial: 0.067 
(epoch: 85, iters: 5908, time: 0.390, data: 0.002) G_GAN_ViT: 0.242 D_real_ViT: 0.180 D_fake_ViT: 0.299 global: 0.417 spatial: 0.085 
(epoch: 85, iters: 6008, time: 0.390, data: 0.001) G_GAN_ViT: 0.232 D_real_ViT: 0.397 D_fake_ViT: 0.309 global: 0.306 spatial: 0.068 
(epoch: 85, iters: 6108, time: 0.390, data: 0.002) G_GAN_ViT: 0.354 D_real_ViT: 0.383 D_fake_ViT: 0.197 global: 0.458 spatial: 0.086 
(epoch: 85, iters: 6208, time: 0.390, data: 0.002) G_GAN_ViT: 0.296 D_real_ViT: 0.266 D_fake_ViT: 0.225 global: 0.424 spatial: 0.068 
(epoch: 85, iters: 6308, time: 0.390, data: 0.002) G_GAN_ViT: 0.352 D_real_ViT: 0.188 D_fake_ViT: 0.192 global: 0.385 spatial: 0.076 
(epoch: 85, iters: 6408, time: 0.390, data: 0.002) G_GAN_ViT: 0.368 D_real_ViT: 0.247 D_fake_ViT: 0.181 global: 0.326 spatial: 0.070 
saving the model at the end of epoch 85, iters 549355
End of epoch 85 / 100 	 Time Taken: 2532 sec
learning rate = 0.0000029
(epoch: 86, iters: 45, time: 0.390, data: 0.002) G_GAN_ViT: 0.310 D_real_ViT: 0.179 D_fake_ViT: 0.219 global: 0.481 spatial: 0.097 
(epoch: 86, iters: 145, time: 0.390, data: 0.001) G_GAN_ViT: 0.318 D_real_ViT: 0.262 D_fake_ViT: 0.225 global: 0.378 spatial: 0.087 
(epoch: 86, iters: 245, time: 0.389, data: 0.002) G_GAN_ViT: 0.337 D_real_ViT: 0.317 D_fake_ViT: 0.201 global: 0.371 spatial: 0.100 
(epoch: 86, iters: 345, time: 0.389, data: 0.002) G_GAN_ViT: 0.324 D_real_ViT: 0.267 D_fake_ViT: 0.212 global: 0.446 spatial: 0.095 
(epoch: 86, iters: 445, time: 0.389, data: 0.001) G_GAN_ViT: 0.400 D_real_ViT: 0.253 D_fake_ViT: 0.156 global: 0.252 spatial: 0.062 
(epoch: 86, iters: 545, time: 0.389, data: 0.002) G_GAN_ViT: 0.363 D_real_ViT: 0.266 D_fake_ViT: 0.194 global: 0.315 spatial: 0.087 
(epoch: 86, iters: 645, time: 0.390, data: 0.002) G_GAN_ViT: 0.353 D_real_ViT: 0.232 D_fake_ViT: 0.199 global: 0.306 spatial: 0.069 
saving the latest model (epoch 86, total_iters 550000)
ICL_single_traffic_hwy
(epoch: 86, iters: 745, time: 0.390, data: 0.001) G_GAN_ViT: 0.423 D_real_ViT: 0.260 D_fake_ViT: 0.146 global: 0.387 spatial: 0.082 
(epoch: 86, iters: 845, time: 0.390, data: 0.002) G_GAN_ViT: 0.365 D_real_ViT: 0.162 D_fake_ViT: 0.189 global: 0.383 spatial: 0.082 
(epoch: 86, iters: 945, time: 0.390, data: 0.001) G_GAN_ViT: 0.398 D_real_ViT: 0.374 D_fake_ViT: 0.164 global: 0.286 spatial: 0.061 
(epoch: 86, iters: 1045, time: 0.390, data: 0.002) G_GAN_ViT: 0.403 D_real_ViT: 0.188 D_fake_ViT: 0.160 global: 0.372 spatial: 0.079 
(epoch: 86, iters: 1145, time: 0.390, data: 0.002) G_GAN_ViT: 0.300 D_real_ViT: 0.270 D_fake_ViT: 0.233 global: 0.414 spatial: 0.088 
(epoch: 86, iters: 1245, time: 0.390, data: 0.001) G_GAN_ViT: 0.364 D_real_ViT: 0.285 D_fake_ViT: 0.180 global: 0.265 spatial: 0.062 
(epoch: 86, iters: 1345, time: 0.390, data: 0.001) G_GAN_ViT: 0.341 D_real_ViT: 0.187 D_fake_ViT: 0.203 global: 0.424 spatial: 0.080 
(epoch: 86, iters: 1445, time: 0.390, data: 0.001) G_GAN_ViT: 0.267 D_real_ViT: 0.191 D_fake_ViT: 0.270 global: 0.390 spatial: 0.081 
(epoch: 86, iters: 1545, time: 0.390, data: 0.001) G_GAN_ViT: 0.320 D_real_ViT: 0.221 D_fake_ViT: 0.212 global: 0.433 spatial: 0.086 
(epoch: 86, iters: 1645, time: 0.390, data: 0.001) G_GAN_ViT: 0.415 D_real_ViT: 0.329 D_fake_ViT: 0.149 global: 0.319 spatial: 0.087 
(epoch: 86, iters: 1745, time: 0.390, data: 0.002) G_GAN_ViT: 0.212 D_real_ViT: 0.246 D_fake_ViT: 0.328 global: 0.309 spatial: 0.065 
(epoch: 86, iters: 1845, time: 0.390, data: 0.002) G_GAN_ViT: 0.239 D_real_ViT: 0.267 D_fake_ViT: 0.306 global: 0.363 spatial: 0.086 
(epoch: 86, iters: 1945, time: 0.390, data: 0.002) G_GAN_ViT: 0.295 D_real_ViT: 0.232 D_fake_ViT: 0.236 global: 0.365 spatial: 0.072 
(epoch: 86, iters: 2045, time: 0.389, data: 0.002) G_GAN_ViT: 0.360 D_real_ViT: 0.332 D_fake_ViT: 0.222 global: 0.376 spatial: 0.095 
(epoch: 86, iters: 2145, time: 0.389, data: 0.002) G_GAN_ViT: 0.401 D_real_ViT: 0.379 D_fake_ViT: 0.154 global: 0.346 spatial: 0.072 
(epoch: 86, iters: 2245, time: 0.389, data: 0.002) G_GAN_ViT: 0.424 D_real_ViT: 0.204 D_fake_ViT: 0.144 global: 0.301 spatial: 0.072 
(epoch: 86, iters: 2345, time: 0.389, data: 0.002) G_GAN_ViT: 0.380 D_real_ViT: 0.299 D_fake_ViT: 0.207 global: 0.315 spatial: 0.089 
(epoch: 86, iters: 2445, time: 0.389, data: 0.002) G_GAN_ViT: 0.373 D_real_ViT: 0.146 D_fake_ViT: 0.176 global: 0.306 spatial: 0.066 
(epoch: 86, iters: 2545, time: 0.389, data: 0.002) G_GAN_ViT: 0.228 D_real_ViT: 0.334 D_fake_ViT: 0.317 global: 0.373 spatial: 0.087 
(epoch: 86, iters: 2645, time: 0.390, data: 0.001) G_GAN_ViT: 0.309 D_real_ViT: 0.176 D_fake_ViT: 0.239 global: 0.350 spatial: 0.092 
(epoch: 86, iters: 2745, time: 0.390, data: 0.002) G_GAN_ViT: 0.321 D_real_ViT: 0.184 D_fake_ViT: 0.235 global: 0.348 spatial: 0.087 
(epoch: 86, iters: 2845, time: 0.390, data: 0.002) G_GAN_ViT: 0.371 D_real_ViT: 0.232 D_fake_ViT: 0.180 global: 0.369 spatial: 0.089 
(epoch: 86, iters: 2945, time: 0.389, data: 0.002) G_GAN_ViT: 0.385 D_real_ViT: 0.226 D_fake_ViT: 0.179 global: 0.241 spatial: 0.059 
(epoch: 86, iters: 3045, time: 0.389, data: 0.002) G_GAN_ViT: 0.385 D_real_ViT: 0.165 D_fake_ViT: 0.175 global: 0.449 spatial: 0.088 
(epoch: 86, iters: 3145, time: 0.390, data: 0.002) G_GAN_ViT: 0.320 D_real_ViT: 0.222 D_fake_ViT: 0.218 global: 0.414 spatial: 0.091 
(epoch: 86, iters: 3245, time: 0.390, data: 0.002) G_GAN_ViT: 0.378 D_real_ViT: 0.298 D_fake_ViT: 0.176 global: 0.262 spatial: 0.063 
(epoch: 86, iters: 3345, time: 0.390, data: 0.002) G_GAN_ViT: 0.287 D_real_ViT: 0.162 D_fake_ViT: 0.240 global: 0.392 spatial: 0.076 
(epoch: 86, iters: 3445, time: 0.390, data: 0.001) G_GAN_ViT: 0.337 D_real_ViT: 0.214 D_fake_ViT: 0.199 global: 0.374 spatial: 0.095 
(epoch: 86, iters: 3545, time: 0.389, data: 0.002) G_GAN_ViT: 0.393 D_real_ViT: 0.131 D_fake_ViT: 0.168 global: 0.372 spatial: 0.077 
(epoch: 86, iters: 3645, time: 0.390, data: 0.002) G_GAN_ViT: 0.345 D_real_ViT: 0.080 D_fake_ViT: 0.200 global: 0.428 spatial: 0.085 
(epoch: 86, iters: 3745, time: 0.390, data: 0.001) G_GAN_ViT: 0.410 D_real_ViT: 0.346 D_fake_ViT: 0.153 global: 0.288 spatial: 0.066 
(epoch: 86, iters: 3845, time: 0.390, data: 0.002) G_GAN_ViT: 0.436 D_real_ViT: 0.151 D_fake_ViT: 0.140 global: 0.233 spatial: 0.064 
(epoch: 86, iters: 3945, time: 0.390, data: 0.001) G_GAN_ViT: 0.297 D_real_ViT: 0.266 D_fake_ViT: 0.231 global: 0.407 spatial: 0.079 
(epoch: 86, iters: 4045, time: 0.390, data: 0.002) G_GAN_ViT: 0.251 D_real_ViT: 0.307 D_fake_ViT: 0.283 global: 0.458 spatial: 0.081 
(epoch: 86, iters: 4145, time: 0.390, data: 0.002) G_GAN_ViT: 0.309 D_real_ViT: 0.221 D_fake_ViT: 0.229 global: 0.236 spatial: 0.065 
(epoch: 86, iters: 4245, time: 0.390, data: 0.004) G_GAN_ViT: 0.317 D_real_ViT: 0.175 D_fake_ViT: 0.228 global: 0.412 spatial: 0.083 
(epoch: 86, iters: 4345, time: 0.391, data: 0.002) G_GAN_ViT: 0.384 D_real_ViT: 0.196 D_fake_ViT: 0.176 global: 0.401 spatial: 0.092 
(epoch: 86, iters: 4445, time: 0.390, data: 0.002) G_GAN_ViT: 0.381 D_real_ViT: 0.241 D_fake_ViT: 0.171 global: 0.300 spatial: 0.066 
(epoch: 86, iters: 4545, time: 0.390, data: 0.002) G_GAN_ViT: 0.355 D_real_ViT: 0.241 D_fake_ViT: 0.189 global: 0.422 spatial: 0.080 
(epoch: 86, iters: 4645, time: 0.390, data: 0.002) G_GAN_ViT: 0.322 D_real_ViT: 0.283 D_fake_ViT: 0.225 global: 0.410 spatial: 0.096 
(epoch: 86, iters: 4745, time: 0.390, data: 0.002) G_GAN_ViT: 0.253 D_real_ViT: 0.175 D_fake_ViT: 0.289 global: 0.388 spatial: 0.092 
(epoch: 86, iters: 4845, time: 0.390, data: 0.001) G_GAN_ViT: 0.317 D_real_ViT: 0.110 D_fake_ViT: 0.220 global: 0.442 spatial: 0.084 
(epoch: 86, iters: 4945, time: 0.390, data: 0.001) G_GAN_ViT: 0.311 D_real_ViT: 0.228 D_fake_ViT: 0.229 global: 0.382 spatial: 0.069 
(epoch: 86, iters: 5045, time: 0.390, data: 0.001) G_GAN_ViT: 0.337 D_real_ViT: 0.187 D_fake_ViT: 0.201 global: 0.383 spatial: 0.097 
(epoch: 86, iters: 5145, time: 0.390, data: 0.002) G_GAN_ViT: 0.396 D_real_ViT: 0.083 D_fake_ViT: 0.168 global: 0.395 spatial: 0.092 
(epoch: 86, iters: 5245, time: 0.390, data: 0.002) G_GAN_ViT: 0.411 D_real_ViT: 0.195 D_fake_ViT: 0.157 global: 0.246 spatial: 0.068 
(epoch: 86, iters: 5345, time: 0.389, data: 0.002) G_GAN_ViT: 0.258 D_real_ViT: 0.355 D_fake_ViT: 0.287 global: 0.253 spatial: 0.063 
(epoch: 86, iters: 5445, time: 0.389, data: 0.007) G_GAN_ViT: 0.327 D_real_ViT: 0.194 D_fake_ViT: 0.207 global: 0.480 spatial: 0.101 
(epoch: 86, iters: 5545, time: 0.389, data: 0.002) G_GAN_ViT: 0.235 D_real_ViT: 0.223 D_fake_ViT: 0.292 global: 0.427 spatial: 0.076 
(epoch: 86, iters: 5645, time: 0.390, data: 0.002) G_GAN_ViT: 0.240 D_real_ViT: 0.218 D_fake_ViT: 0.285 global: 0.380 spatial: 0.060 
saving the latest model (epoch 86, total_iters 555000)
ICL_single_traffic_hwy
(epoch: 86, iters: 5745, time: 0.389, data: 0.002) G_GAN_ViT: 0.373 D_real_ViT: 0.190 D_fake_ViT: 0.178 global: 0.334 spatial: 0.080 
(epoch: 86, iters: 5845, time: 0.355, data: 0.002) G_GAN_ViT: 0.382 D_real_ViT: 0.385 D_fake_ViT: 0.184 global: 0.319 spatial: 0.079 
(epoch: 86, iters: 5945, time: 0.329, data: 0.002) G_GAN_ViT: 0.371 D_real_ViT: 0.264 D_fake_ViT: 0.199 global: 0.456 spatial: 0.100 
(epoch: 86, iters: 6045, time: 0.315, data: 0.002) G_GAN_ViT: 0.227 D_real_ViT: 0.308 D_fake_ViT: 0.314 global: 0.439 spatial: 0.081 
(epoch: 86, iters: 6145, time: 0.306, data: 0.001) G_GAN_ViT: 0.392 D_real_ViT: 0.207 D_fake_ViT: 0.162 global: 0.306 spatial: 0.066 
(epoch: 86, iters: 6245, time: 0.302, data: 0.001) G_GAN_ViT: 0.343 D_real_ViT: 0.309 D_fake_ViT: 0.209 global: 0.436 spatial: 0.087 
(epoch: 86, iters: 6345, time: 0.301, data: 0.002) G_GAN_ViT: 0.352 D_real_ViT: 0.163 D_fake_ViT: 0.188 global: 0.389 spatial: 0.090 
(epoch: 86, iters: 6445, time: 0.299, data: 0.002) G_GAN_ViT: 0.335 D_real_ViT: 0.176 D_fake_ViT: 0.212 global: 0.414 spatial: 0.087 
End of epoch 86 / 100 	 Time Taken: 2463 sec
learning rate = 0.0000027
(epoch: 87, iters: 82, time: 0.300, data: 0.002) G_GAN_ViT: 0.338 D_real_ViT: 0.138 D_fake_ViT: 0.208 global: 0.287 spatial: 0.072 
(epoch: 87, iters: 182, time: 0.299, data: 0.002) G_GAN_ViT: 0.363 D_real_ViT: 0.162 D_fake_ViT: 0.179 global: 0.396 spatial: 0.081 
(epoch: 87, iters: 282, time: 0.300, data: 0.002) G_GAN_ViT: 0.310 D_real_ViT: 0.295 D_fake_ViT: 0.217 global: 0.356 spatial: 0.073 
(epoch: 87, iters: 382, time: 0.300, data: 0.002) G_GAN_ViT: 0.315 D_real_ViT: 0.207 D_fake_ViT: 0.229 global: 0.324 spatial: 0.081 
(epoch: 87, iters: 482, time: 0.299, data: 0.002) G_GAN_ViT: 0.321 D_real_ViT: 0.249 D_fake_ViT: 0.210 global: 0.415 spatial: 0.074 
(epoch: 87, iters: 582, time: 0.298, data: 0.002) G_GAN_ViT: 0.292 D_real_ViT: 0.313 D_fake_ViT: 0.260 global: 0.404 spatial: 0.083 
(epoch: 87, iters: 682, time: 0.299, data: 0.002) G_GAN_ViT: 0.379 D_real_ViT: 0.164 D_fake_ViT: 0.192 global: 0.311 spatial: 0.093 
(epoch: 87, iters: 782, time: 0.300, data: 0.002) G_GAN_ViT: 0.320 D_real_ViT: 0.324 D_fake_ViT: 0.209 global: 0.297 spatial: 0.063 
(epoch: 87, iters: 882, time: 0.300, data: 0.002) G_GAN_ViT: 0.283 D_real_ViT: 0.203 D_fake_ViT: 0.248 global: 0.430 spatial: 0.091 
(epoch: 87, iters: 982, time: 0.297, data: 0.002) G_GAN_ViT: 0.371 D_real_ViT: 0.234 D_fake_ViT: 0.184 global: 0.244 spatial: 0.068 
(epoch: 87, iters: 1082, time: 0.296, data: 0.002) G_GAN_ViT: 0.247 D_real_ViT: 0.384 D_fake_ViT: 0.301 global: 0.346 spatial: 0.074 
(epoch: 87, iters: 1182, time: 0.295, data: 0.002) G_GAN_ViT: 0.393 D_real_ViT: 0.267 D_fake_ViT: 0.167 global: 0.451 spatial: 0.079 
(epoch: 87, iters: 1282, time: 0.298, data: 0.002) G_GAN_ViT: 0.413 D_real_ViT: 0.277 D_fake_ViT: 0.163 global: 0.258 spatial: 0.061 
(epoch: 87, iters: 1382, time: 0.299, data: 0.002) G_GAN_ViT: 0.414 D_real_ViT: 0.194 D_fake_ViT: 0.155 global: 0.280 spatial: 0.068 
(epoch: 87, iters: 1482, time: 0.298, data: 0.002) G_GAN_ViT: 0.365 D_real_ViT: 0.144 D_fake_ViT: 0.188 global: 0.390 spatial: 0.075 
(epoch: 87, iters: 1582, time: 0.295, data: 0.002) G_GAN_ViT: 0.399 D_real_ViT: 0.342 D_fake_ViT: 0.162 global: 0.406 spatial: 0.079 
(epoch: 87, iters: 1682, time: 0.294, data: 0.002) G_GAN_ViT: 0.375 D_real_ViT: 0.170 D_fake_ViT: 0.171 global: 0.296 spatial: 0.067 
(epoch: 87, iters: 1782, time: 0.296, data: 0.002) G_GAN_ViT: 0.289 D_real_ViT: 0.265 D_fake_ViT: 0.236 global: 0.399 spatial: 0.075 
(epoch: 87, iters: 1882, time: 0.296, data: 0.002) G_GAN_ViT: 0.353 D_real_ViT: 0.275 D_fake_ViT: 0.197 global: 0.437 spatial: 0.093 
(epoch: 87, iters: 1982, time: 0.297, data: 0.002) G_GAN_ViT: 0.311 D_real_ViT: 0.211 D_fake_ViT: 0.237 global: 0.280 spatial: 0.067 
(epoch: 87, iters: 2082, time: 0.297, data: 0.002) G_GAN_ViT: 0.427 D_real_ViT: 0.311 D_fake_ViT: 0.143 global: 0.352 spatial: 0.082 
(epoch: 87, iters: 2182, time: 0.296, data: 0.002) G_GAN_ViT: 0.384 D_real_ViT: 0.313 D_fake_ViT: 0.191 global: 0.449 spatial: 0.089 
(epoch: 87, iters: 2282, time: 0.297, data: 0.002) G_GAN_ViT: 0.253 D_real_ViT: 0.336 D_fake_ViT: 0.281 global: 0.354 spatial: 0.074 
(epoch: 87, iters: 2382, time: 0.296, data: 0.002) G_GAN_ViT: 0.270 D_real_ViT: 0.257 D_fake_ViT: 0.277 global: 0.415 spatial: 0.093 
(epoch: 87, iters: 2482, time: 0.294, data: 0.001) G_GAN_ViT: 0.248 D_real_ViT: 0.158 D_fake_ViT: 0.284 global: 0.363 spatial: 0.072 
(epoch: 87, iters: 2582, time: 0.293, data: 0.002) G_GAN_ViT: 0.373 D_real_ViT: 0.320 D_fake_ViT: 0.172 global: 0.296 spatial: 0.068 
(epoch: 87, iters: 2682, time: 0.292, data: 0.001) G_GAN_ViT: 0.366 D_real_ViT: 0.238 D_fake_ViT: 0.176 global: 0.339 spatial: 0.083 
(epoch: 87, iters: 2782, time: 0.294, data: 0.001) G_GAN_ViT: 0.401 D_real_ViT: 0.178 D_fake_ViT: 0.158 global: 0.304 spatial: 0.075 
(epoch: 87, iters: 2882, time: 0.294, data: 0.002) G_GAN_ViT: 0.367 D_real_ViT: 0.250 D_fake_ViT: 0.180 global: 0.289 spatial: 0.048 
(epoch: 87, iters: 2982, time: 0.297, data: 0.002) G_GAN_ViT: 0.344 D_real_ViT: 0.225 D_fake_ViT: 0.200 global: 0.395 spatial: 0.074 
(epoch: 87, iters: 3082, time: 0.297, data: 0.002) G_GAN_ViT: 0.364 D_real_ViT: 0.421 D_fake_ViT: 0.181 global: 0.300 spatial: 0.070 
(epoch: 87, iters: 3182, time: 0.300, data: 0.002) G_GAN_ViT: 0.420 D_real_ViT: 0.208 D_fake_ViT: 0.152 global: 0.388 spatial: 0.080 
(epoch: 87, iters: 3282, time: 0.297, data: 0.002) G_GAN_ViT: 0.302 D_real_ViT: 0.298 D_fake_ViT: 0.243 global: 0.422 spatial: 0.101 
(epoch: 87, iters: 3382, time: 0.295, data: 0.002) G_GAN_ViT: 0.280 D_real_ViT: 0.256 D_fake_ViT: 0.255 global: 0.402 spatial: 0.070 
(epoch: 87, iters: 3482, time: 0.294, data: 0.002) G_GAN_ViT: 0.287 D_real_ViT: 0.283 D_fake_ViT: 0.244 global: 0.380 spatial: 0.074 
(epoch: 87, iters: 3582, time: 0.293, data: 0.001) G_GAN_ViT: 0.362 D_real_ViT: 0.153 D_fake_ViT: 0.210 global: 0.323 spatial: 0.090 
(epoch: 87, iters: 3682, time: 0.292, data: 0.001) G_GAN_ViT: 0.345 D_real_ViT: 0.192 D_fake_ViT: 0.197 global: 0.337 spatial: 0.077 
(epoch: 87, iters: 3782, time: 0.293, data: 0.001) G_GAN_ViT: 0.382 D_real_ViT: 0.193 D_fake_ViT: 0.178 global: 0.319 spatial: 0.082 
(epoch: 87, iters: 3882, time: 0.294, data: 0.001) G_GAN_ViT: 0.287 D_real_ViT: 0.184 D_fake_ViT: 0.257 global: 0.358 spatial: 0.081 
(epoch: 87, iters: 3982, time: 0.298, data: 0.001) G_GAN_ViT: 0.260 D_real_ViT: 0.153 D_fake_ViT: 0.273 global: 0.407 spatial: 0.071 
(epoch: 87, iters: 4082, time: 0.300, data: 0.002) G_GAN_ViT: 0.288 D_real_ViT: 0.234 D_fake_ViT: 0.265 global: 0.328 spatial: 0.084 
(epoch: 87, iters: 4182, time: 0.301, data: 0.002) G_GAN_ViT: 0.317 D_real_ViT: 0.138 D_fake_ViT: 0.223 global: 0.422 spatial: 0.088 
saving the latest model (epoch 87, total_iters 560000)
ICL_single_traffic_hwy
(epoch: 87, iters: 4282, time: 0.300, data: 0.001) G_GAN_ViT: 0.366 D_real_ViT: 0.325 D_fake_ViT: 0.190 global: 0.288 spatial: 0.065 
(epoch: 87, iters: 4382, time: 0.297, data: 0.002) G_GAN_ViT: 0.373 D_real_ViT: 0.224 D_fake_ViT: 0.175 global: 0.314 spatial: 0.065 
(epoch: 87, iters: 4482, time: 0.295, data: 0.001) G_GAN_ViT: 0.247 D_real_ViT: 0.200 D_fake_ViT: 0.301 global: 0.379 spatial: 0.105 
(epoch: 87, iters: 4582, time: 0.294, data: 0.001) G_GAN_ViT: 0.345 D_real_ViT: 0.392 D_fake_ViT: 0.197 global: 0.393 spatial: 0.082 
(epoch: 87, iters: 4682, time: 0.293, data: 0.001) G_GAN_ViT: 0.251 D_real_ViT: 0.261 D_fake_ViT: 0.274 global: 0.350 spatial: 0.069 
(epoch: 87, iters: 4782, time: 0.292, data: 0.001) G_GAN_ViT: 0.263 D_real_ViT: 0.207 D_fake_ViT: 0.265 global: 0.382 spatial: 0.076 
(epoch: 87, iters: 4882, time: 0.292, data: 0.001) G_GAN_ViT: 0.287 D_real_ViT: 0.346 D_fake_ViT: 0.236 global: 0.366 spatial: 0.078 
(epoch: 87, iters: 4982, time: 0.291, data: 0.002) G_GAN_ViT: 0.387 D_real_ViT: 0.134 D_fake_ViT: 0.167 global: 0.395 spatial: 0.077 
(epoch: 87, iters: 5082, time: 0.255, data: 0.001) G_GAN_ViT: 0.338 D_real_ViT: 0.217 D_fake_ViT: 0.203 global: 0.413 spatial: 0.085 
(epoch: 87, iters: 5182, time: 0.232, data: 0.001) G_GAN_ViT: 0.342 D_real_ViT: 0.293 D_fake_ViT: 0.196 global: 0.368 spatial: 0.083 
(epoch: 87, iters: 5282, time: 0.219, data: 0.001) G_GAN_ViT: 0.227 D_real_ViT: 0.217 D_fake_ViT: 0.333 global: 0.351 spatial: 0.095 
(epoch: 87, iters: 5382, time: 0.211, data: 0.001) G_GAN_ViT: 0.329 D_real_ViT: 0.286 D_fake_ViT: 0.204 global: 0.382 spatial: 0.090 
(epoch: 87, iters: 5482, time: 0.206, data: 0.001) G_GAN_ViT: 0.312 D_real_ViT: 0.301 D_fake_ViT: 0.222 global: 0.412 spatial: 0.082 
(epoch: 87, iters: 5582, time: 0.203, data: 0.001) G_GAN_ViT: 0.355 D_real_ViT: 0.189 D_fake_ViT: 0.200 global: 0.410 spatial: 0.082 
(epoch: 87, iters: 5682, time: 0.204, data: 0.001) G_GAN_ViT: 0.184 D_real_ViT: 0.215 D_fake_ViT: 0.365 global: 0.341 spatial: 0.087 
(epoch: 87, iters: 5782, time: 0.207, data: 0.002) G_GAN_ViT: 0.375 D_real_ViT: 0.093 D_fake_ViT: 0.177 global: 0.304 spatial: 0.066 
(epoch: 87, iters: 5882, time: 0.209, data: 0.002) G_GAN_ViT: 0.198 D_real_ViT: 0.208 D_fake_ViT: 0.343 global: 0.443 spatial: 0.079 
(epoch: 87, iters: 5982, time: 0.210, data: 0.002) G_GAN_ViT: 0.443 D_real_ViT: 0.160 D_fake_ViT: 0.146 global: 0.375 spatial: 0.098 
(epoch: 87, iters: 6082, time: 0.210, data: 0.002) G_GAN_ViT: 0.265 D_real_ViT: 0.102 D_fake_ViT: 0.282 global: 0.386 spatial: 0.075 
(epoch: 87, iters: 6182, time: 0.211, data: 0.002) G_GAN_ViT: 0.263 D_real_ViT: 0.277 D_fake_ViT: 0.269 global: 0.442 spatial: 0.091 
(epoch: 87, iters: 6282, time: 0.210, data: 0.002) G_GAN_ViT: 0.322 D_real_ViT: 0.090 D_fake_ViT: 0.211 global: 0.300 spatial: 0.074 
(epoch: 87, iters: 6382, time: 0.211, data: 0.002) G_GAN_ViT: 0.316 D_real_ViT: 0.193 D_fake_ViT: 0.244 global: 0.415 spatial: 0.091 
End of epoch 87 / 100 	 Time Taken: 1790 sec
learning rate = 0.0000025
(epoch: 88, iters: 19, time: 0.211, data: 0.002) G_GAN_ViT: 0.282 D_real_ViT: 0.138 D_fake_ViT: 0.255 global: 0.415 spatial: 0.083 
(epoch: 88, iters: 119, time: 0.211, data: 0.002) G_GAN_ViT: 0.304 D_real_ViT: 0.250 D_fake_ViT: 0.229 global: 0.461 spatial: 0.085 
(epoch: 88, iters: 219, time: 0.211, data: 0.002) G_GAN_ViT: 0.448 D_real_ViT: 0.295 D_fake_ViT: 0.143 global: 0.323 spatial: 0.083 
(epoch: 88, iters: 319, time: 0.211, data: 0.002) G_GAN_ViT: 0.302 D_real_ViT: 0.260 D_fake_ViT: 0.238 global: 0.415 spatial: 0.090 
(epoch: 88, iters: 419, time: 0.211, data: 0.002) G_GAN_ViT: 0.285 D_real_ViT: 0.157 D_fake_ViT: 0.284 global: 0.365 spatial: 0.077 
(epoch: 88, iters: 519, time: 0.211, data: 0.002) G_GAN_ViT: 0.272 D_real_ViT: 0.098 D_fake_ViT: 0.266 global: 0.463 spatial: 0.094 
(epoch: 88, iters: 619, time: 0.211, data: 0.002) G_GAN_ViT: 0.263 D_real_ViT: 0.249 D_fake_ViT: 0.277 global: 0.410 spatial: 0.086 
(epoch: 88, iters: 719, time: 0.211, data: 0.002) G_GAN_ViT: 0.351 D_real_ViT: 0.216 D_fake_ViT: 0.197 global: 0.415 spatial: 0.085 
(epoch: 88, iters: 819, time: 0.211, data: 0.002) G_GAN_ViT: 0.343 D_real_ViT: 0.316 D_fake_ViT: 0.200 global: 0.439 spatial: 0.084 
(epoch: 88, iters: 919, time: 0.211, data: 0.002) G_GAN_ViT: 0.274 D_real_ViT: 0.234 D_fake_ViT: 0.256 global: 0.466 spatial: 0.086 
(epoch: 88, iters: 1019, time: 0.211, data: 0.002) G_GAN_ViT: 0.247 D_real_ViT: 0.201 D_fake_ViT: 0.292 global: 0.367 spatial: 0.088 
(epoch: 88, iters: 1119, time: 0.211, data: 0.002) G_GAN_ViT: 0.315 D_real_ViT: 0.174 D_fake_ViT: 0.244 global: 0.430 spatial: 0.095 
(epoch: 88, iters: 1219, time: 0.211, data: 0.002) G_GAN_ViT: 0.315 D_real_ViT: 0.179 D_fake_ViT: 0.216 global: 0.284 spatial: 0.074 
(epoch: 88, iters: 1319, time: 0.211, data: 0.002) G_GAN_ViT: 0.294 D_real_ViT: 0.210 D_fake_ViT: 0.243 global: 0.347 spatial: 0.067 
(epoch: 88, iters: 1419, time: 0.211, data: 0.002) G_GAN_ViT: 0.337 D_real_ViT: 0.245 D_fake_ViT: 0.207 global: 0.423 spatial: 0.085 
(epoch: 88, iters: 1519, time: 0.211, data: 0.002) G_GAN_ViT: 0.264 D_real_ViT: 0.139 D_fake_ViT: 0.268 global: 0.322 spatial: 0.059 
(epoch: 88, iters: 1619, time: 0.211, data: 0.002) G_GAN_ViT: 0.468 D_real_ViT: 0.278 D_fake_ViT: 0.124 global: 0.276 spatial: 0.066 
(epoch: 88, iters: 1719, time: 0.211, data: 0.002) G_GAN_ViT: 0.237 D_real_ViT: 0.240 D_fake_ViT: 0.304 global: 0.351 spatial: 0.090 
(epoch: 88, iters: 1819, time: 0.211, data: 0.002) G_GAN_ViT: 0.333 D_real_ViT: 0.231 D_fake_ViT: 0.201 global: 0.335 spatial: 0.079 
(epoch: 88, iters: 1919, time: 0.211, data: 0.002) G_GAN_ViT: 0.372 D_real_ViT: 0.115 D_fake_ViT: 0.179 global: 0.318 spatial: 0.080 
(epoch: 88, iters: 2019, time: 0.211, data: 0.002) G_GAN_ViT: 0.335 D_real_ViT: 0.174 D_fake_ViT: 0.232 global: 0.390 spatial: 0.114 
(epoch: 88, iters: 2119, time: 0.212, data: 0.002) G_GAN_ViT: 0.280 D_real_ViT: 0.157 D_fake_ViT: 0.249 global: 0.389 spatial: 0.068 
(epoch: 88, iters: 2219, time: 0.211, data: 0.002) G_GAN_ViT: 0.430 D_real_ViT: 0.351 D_fake_ViT: 0.143 global: 0.309 spatial: 0.075 
(epoch: 88, iters: 2319, time: 0.211, data: 0.002) G_GAN_ViT: 0.426 D_real_ViT: 0.182 D_fake_ViT: 0.143 global: 0.221 spatial: 0.058 
(epoch: 88, iters: 2419, time: 0.211, data: 0.002) G_GAN_ViT: 0.339 D_real_ViT: 0.219 D_fake_ViT: 0.211 global: 0.351 spatial: 0.087 
(epoch: 88, iters: 2519, time: 0.211, data: 0.002) G_GAN_ViT: 0.352 D_real_ViT: 0.204 D_fake_ViT: 0.203 global: 0.311 spatial: 0.076 
(epoch: 88, iters: 2619, time: 0.211, data: 0.002) G_GAN_ViT: 0.250 D_real_ViT: 0.195 D_fake_ViT: 0.275 global: 0.403 spatial: 0.081 
(epoch: 88, iters: 2719, time: 0.211, data: 0.002) G_GAN_ViT: 0.412 D_real_ViT: 0.268 D_fake_ViT: 0.168 global: 0.374 spatial: 0.101 
saving the latest model (epoch 88, total_iters 565000)
ICL_single_traffic_hwy
(epoch: 88, iters: 2819, time: 0.211, data: 0.002) G_GAN_ViT: 0.414 D_real_ViT: 0.357 D_fake_ViT: 0.147 global: 0.323 spatial: 0.070 
(epoch: 88, iters: 2919, time: 0.211, data: 0.002) G_GAN_ViT: 0.364 D_real_ViT: 0.225 D_fake_ViT: 0.181 global: 0.383 spatial: 0.072 
(epoch: 88, iters: 3019, time: 0.212, data: 0.002) G_GAN_ViT: 0.353 D_real_ViT: 0.300 D_fake_ViT: 0.201 global: 0.438 spatial: 0.099 
(epoch: 88, iters: 3119, time: 0.212, data: 0.002) G_GAN_ViT: 0.341 D_real_ViT: 0.333 D_fake_ViT: 0.198 global: 0.350 spatial: 0.080 
(epoch: 88, iters: 3219, time: 0.211, data: 0.002) G_GAN_ViT: 0.325 D_real_ViT: 0.135 D_fake_ViT: 0.217 global: 0.311 spatial: 0.071 
(epoch: 88, iters: 3319, time: 0.211, data: 0.002) G_GAN_ViT: 0.270 D_real_ViT: 0.298 D_fake_ViT: 0.268 global: 0.440 spatial: 0.086 
(epoch: 88, iters: 3419, time: 0.211, data: 0.002) G_GAN_ViT: 0.395 D_real_ViT: 0.202 D_fake_ViT: 0.173 global: 0.346 spatial: 0.076 
(epoch: 88, iters: 3519, time: 0.211, data: 0.002) G_GAN_ViT: 0.391 D_real_ViT: 0.302 D_fake_ViT: 0.161 global: 0.266 spatial: 0.068 
(epoch: 88, iters: 3619, time: 0.211, data: 0.005) G_GAN_ViT: 0.394 D_real_ViT: 0.234 D_fake_ViT: 0.160 global: 0.300 spatial: 0.074 
(epoch: 88, iters: 3719, time: 0.211, data: 0.002) G_GAN_ViT: 0.351 D_real_ViT: 0.324 D_fake_ViT: 0.190 global: 0.341 spatial: 0.098 
(epoch: 88, iters: 3819, time: 0.211, data: 0.002) G_GAN_ViT: 0.296 D_real_ViT: 0.212 D_fake_ViT: 0.250 global: 0.378 spatial: 0.090 
(epoch: 88, iters: 3919, time: 0.211, data: 0.002) G_GAN_ViT: 0.345 D_real_ViT: 0.136 D_fake_ViT: 0.215 global: 0.454 spatial: 0.090 
(epoch: 88, iters: 4019, time: 0.211, data: 0.002) G_GAN_ViT: 0.334 D_real_ViT: 0.072 D_fake_ViT: 0.203 global: 0.301 spatial: 0.074 
(epoch: 88, iters: 4119, time: 0.211, data: 0.002) G_GAN_ViT: 0.274 D_real_ViT: 0.174 D_fake_ViT: 0.263 global: 0.397 spatial: 0.081 
(epoch: 88, iters: 4219, time: 0.211, data: 0.002) G_GAN_ViT: 0.295 D_real_ViT: 0.414 D_fake_ViT: 0.229 global: 0.472 spatial: 0.066 
(epoch: 88, iters: 4319, time: 0.212, data: 0.002) G_GAN_ViT: 0.363 D_real_ViT: 0.191 D_fake_ViT: 0.178 global: 0.329 spatial: 0.068 
(epoch: 88, iters: 4419, time: 0.212, data: 0.002) G_GAN_ViT: 0.395 D_real_ViT: 0.111 D_fake_ViT: 0.162 global: 0.377 spatial: 0.088 
(epoch: 88, iters: 4519, time: 0.211, data: 0.002) G_GAN_ViT: 0.322 D_real_ViT: 0.299 D_fake_ViT: 0.209 global: 0.386 spatial: 0.084 
(epoch: 88, iters: 4619, time: 0.211, data: 0.002) G_GAN_ViT: 0.336 D_real_ViT: 0.164 D_fake_ViT: 0.211 global: 0.393 spatial: 0.088 
(epoch: 88, iters: 4719, time: 0.211, data: 0.002) G_GAN_ViT: 0.352 D_real_ViT: 0.302 D_fake_ViT: 0.205 global: 0.311 spatial: 0.077 
(epoch: 88, iters: 4819, time: 0.211, data: 0.002) G_GAN_ViT: 0.260 D_real_ViT: 0.264 D_fake_ViT: 0.268 global: 0.446 spatial: 0.079 
(epoch: 88, iters: 4919, time: 0.211, data: 0.002) G_GAN_ViT: 0.358 D_real_ViT: 0.280 D_fake_ViT: 0.190 global: 0.285 spatial: 0.075 
(epoch: 88, iters: 5019, time: 0.211, data: 0.002) G_GAN_ViT: 0.248 D_real_ViT: 0.211 D_fake_ViT: 0.273 global: 0.409 spatial: 0.076 
(epoch: 88, iters: 5119, time: 0.211, data: 0.002) G_GAN_ViT: 0.306 D_real_ViT: 0.205 D_fake_ViT: 0.223 global: 0.369 spatial: 0.059 
(epoch: 88, iters: 5219, time: 0.212, data: 0.002) G_GAN_ViT: 0.331 D_real_ViT: 0.300 D_fake_ViT: 0.215 global: 0.412 spatial: 0.094 
(epoch: 88, iters: 5319, time: 0.212, data: 0.002) G_GAN_ViT: 0.284 D_real_ViT: 0.357 D_fake_ViT: 0.243 global: 0.406 spatial: 0.079 
(epoch: 88, iters: 5419, time: 0.211, data: 0.002) G_GAN_ViT: 0.383 D_real_ViT: 0.277 D_fake_ViT: 0.170 global: 0.242 spatial: 0.071 
(epoch: 88, iters: 5519, time: 0.211, data: 0.002) G_GAN_ViT: 0.363 D_real_ViT: 0.321 D_fake_ViT: 0.179 global: 0.297 spatial: 0.081 
(epoch: 88, iters: 5619, time: 0.218, data: 0.002) G_GAN_ViT: 0.433 D_real_ViT: 0.211 D_fake_ViT: 0.138 global: 0.340 spatial: 0.081 
(epoch: 88, iters: 5719, time: 0.218, data: 0.002) G_GAN_ViT: 0.326 D_real_ViT: 0.168 D_fake_ViT: 0.205 global: 0.439 spatial: 0.091 
(epoch: 88, iters: 5819, time: 0.215, data: 0.002) G_GAN_ViT: 0.333 D_real_ViT: 0.386 D_fake_ViT: 0.217 global: 0.458 spatial: 0.086 
(epoch: 88, iters: 5919, time: 0.213, data: 0.002) G_GAN_ViT: 0.256 D_real_ViT: 0.096 D_fake_ViT: 0.268 global: 0.410 spatial: 0.084 
(epoch: 88, iters: 6019, time: 0.212, data: 0.002) G_GAN_ViT: 0.393 D_real_ViT: 0.281 D_fake_ViT: 0.164 global: 0.335 spatial: 0.069 
(epoch: 88, iters: 6119, time: 0.211, data: 0.002) G_GAN_ViT: 0.402 D_real_ViT: 0.247 D_fake_ViT: 0.159 global: 0.343 spatial: 0.070 
(epoch: 88, iters: 6219, time: 0.211, data: 0.002) G_GAN_ViT: 0.336 D_real_ViT: 0.245 D_fake_ViT: 0.209 global: 0.452 spatial: 0.083 
(epoch: 88, iters: 6319, time: 0.211, data: 0.002) G_GAN_ViT: 0.337 D_real_ViT: 0.298 D_fake_ViT: 0.203 global: 0.432 spatial: 0.085 
(epoch: 88, iters: 6419, time: 0.210, data: 0.002) G_GAN_ViT: 0.245 D_real_ViT: 0.314 D_fake_ViT: 0.294 global: 0.423 spatial: 0.088 
End of epoch 88 / 100 	 Time Taken: 1380 sec
learning rate = 0.0000024
(epoch: 89, iters: 56, time: 0.210, data: 0.002) G_GAN_ViT: 0.334 D_real_ViT: 0.262 D_fake_ViT: 0.219 global: 0.337 spatial: 0.079 
(epoch: 89, iters: 156, time: 0.211, data: 0.001) G_GAN_ViT: 0.395 D_real_ViT: 0.298 D_fake_ViT: 0.164 global: 0.276 spatial: 0.065 
(epoch: 89, iters: 256, time: 0.210, data: 0.002) G_GAN_ViT: 0.301 D_real_ViT: 0.239 D_fake_ViT: 0.231 global: 0.377 spatial: 0.091 
(epoch: 89, iters: 356, time: 0.211, data: 0.002) G_GAN_ViT: 0.380 D_real_ViT: 0.475 D_fake_ViT: 0.171 global: 0.256 spatial: 0.068 
(epoch: 89, iters: 456, time: 0.215, data: 0.002) G_GAN_ViT: 0.410 D_real_ViT: 0.176 D_fake_ViT: 0.152 global: 0.355 spatial: 0.063 
(epoch: 89, iters: 556, time: 0.219, data: 0.002) G_GAN_ViT: 0.228 D_real_ViT: 0.203 D_fake_ViT: 0.304 global: 0.393 spatial: 0.083 
(epoch: 89, iters: 656, time: 0.216, data: 0.002) G_GAN_ViT: 0.355 D_real_ViT: 0.360 D_fake_ViT: 0.192 global: 0.248 spatial: 0.076 
(epoch: 89, iters: 756, time: 0.214, data: 0.002) G_GAN_ViT: 0.335 D_real_ViT: 0.225 D_fake_ViT: 0.207 global: 0.423 spatial: 0.085 
(epoch: 89, iters: 856, time: 0.212, data: 0.002) G_GAN_ViT: 0.449 D_real_ViT: 0.251 D_fake_ViT: 0.132 global: 0.405 spatial: 0.089 
(epoch: 89, iters: 956, time: 0.211, data: 0.002) G_GAN_ViT: 0.367 D_real_ViT: 0.222 D_fake_ViT: 0.184 global: 0.299 spatial: 0.077 
(epoch: 89, iters: 1056, time: 0.211, data: 0.001) G_GAN_ViT: 0.215 D_real_ViT: 0.224 D_fake_ViT: 0.325 global: 0.393 spatial: 0.087 
(epoch: 89, iters: 1156, time: 0.213, data: 0.002) G_GAN_ViT: 0.308 D_real_ViT: 0.322 D_fake_ViT: 0.242 global: 0.431 spatial: 0.091 
(epoch: 89, iters: 1256, time: 0.212, data: 0.002) G_GAN_ViT: 0.246 D_real_ViT: 0.216 D_fake_ViT: 0.299 global: 0.344 spatial: 0.087 
saving the latest model (epoch 89, total_iters 570000)
ICL_single_traffic_hwy
(epoch: 89, iters: 1356, time: 0.211, data: 0.001) G_GAN_ViT: 0.320 D_real_ViT: 0.289 D_fake_ViT: 0.219 global: 0.282 spatial: 0.062 
(epoch: 89, iters: 1456, time: 0.205, data: 0.002) G_GAN_ViT: 0.357 D_real_ViT: 0.250 D_fake_ViT: 0.186 global: 0.342 spatial: 0.075 
(epoch: 89, iters: 1556, time: 0.200, data: 0.001) G_GAN_ViT: 0.343 D_real_ViT: 0.269 D_fake_ViT: 0.214 global: 0.409 spatial: 0.093 
(epoch: 89, iters: 1656, time: 0.203, data: 0.001) G_GAN_ViT: 0.361 D_real_ViT: 0.176 D_fake_ViT: 0.184 global: 0.299 spatial: 0.060 
(epoch: 89, iters: 1756, time: 0.198, data: 0.001) G_GAN_ViT: 0.367 D_real_ViT: 0.275 D_fake_ViT: 0.180 global: 0.341 spatial: 0.080 
(epoch: 89, iters: 1856, time: 0.202, data: 0.001) G_GAN_ViT: 0.356 D_real_ViT: 0.364 D_fake_ViT: 0.185 global: 0.248 spatial: 0.064 
(epoch: 89, iters: 1956, time: 0.203, data: 0.002) G_GAN_ViT: 0.415 D_real_ViT: 0.152 D_fake_ViT: 0.151 global: 0.289 spatial: 0.073 
(epoch: 89, iters: 2056, time: 0.203, data: 0.001) G_GAN_ViT: 0.294 D_real_ViT: 0.144 D_fake_ViT: 0.233 global: 0.351 spatial: 0.077 
(epoch: 89, iters: 2156, time: 0.206, data: 0.002) G_GAN_ViT: 0.321 D_real_ViT: 0.053 D_fake_ViT: 0.213 global: 0.414 spatial: 0.077 
(epoch: 89, iters: 2256, time: 0.208, data: 0.002) G_GAN_ViT: 0.265 D_real_ViT: 0.238 D_fake_ViT: 0.274 global: 0.343 spatial: 0.087 
(epoch: 89, iters: 2356, time: 0.210, data: 0.002) G_GAN_ViT: 0.310 D_real_ViT: 0.190 D_fake_ViT: 0.223 global: 0.302 spatial: 0.074 
(epoch: 89, iters: 2456, time: 0.210, data: 0.002) G_GAN_ViT: 0.314 D_real_ViT: 0.243 D_fake_ViT: 0.218 global: 0.345 spatial: 0.073 
(epoch: 89, iters: 2556, time: 0.211, data: 0.002) G_GAN_ViT: 0.313 D_real_ViT: 0.162 D_fake_ViT: 0.256 global: 0.394 spatial: 0.092 
(epoch: 89, iters: 2656, time: 0.211, data: 0.002) G_GAN_ViT: 0.353 D_real_ViT: 0.140 D_fake_ViT: 0.198 global: 0.326 spatial: 0.085 
(epoch: 89, iters: 2756, time: 0.212, data: 0.002) G_GAN_ViT: 0.296 D_real_ViT: 0.128 D_fake_ViT: 0.228 global: 0.366 spatial: 0.063 
(epoch: 89, iters: 2856, time: 0.212, data: 0.002) G_GAN_ViT: 0.301 D_real_ViT: 0.079 D_fake_ViT: 0.241 global: 0.432 spatial: 0.087 
(epoch: 89, iters: 2956, time: 0.212, data: 0.002) G_GAN_ViT: 0.381 D_real_ViT: 0.270 D_fake_ViT: 0.166 global: 0.358 spatial: 0.072 
(epoch: 89, iters: 3056, time: 0.212, data: 0.002) G_GAN_ViT: 0.365 D_real_ViT: 0.184 D_fake_ViT: 0.185 global: 0.289 spatial: 0.078 
(epoch: 89, iters: 3156, time: 0.212, data: 0.002) G_GAN_ViT: 0.391 D_real_ViT: 0.178 D_fake_ViT: 0.163 global: 0.323 spatial: 0.081 
(epoch: 89, iters: 3256, time: 0.212, data: 0.002) G_GAN_ViT: 0.275 D_real_ViT: 0.225 D_fake_ViT: 0.253 global: 0.395 spatial: 0.073 
(epoch: 89, iters: 3356, time: 0.212, data: 0.002) G_GAN_ViT: 0.434 D_real_ViT: 0.113 D_fake_ViT: 0.143 global: 0.386 spatial: 0.082 
(epoch: 89, iters: 3456, time: 0.213, data: 0.002) G_GAN_ViT: 0.433 D_real_ViT: 0.174 D_fake_ViT: 0.138 global: 0.388 spatial: 0.085 
(epoch: 89, iters: 3556, time: 0.212, data: 0.002) G_GAN_ViT: 0.298 D_real_ViT: 0.166 D_fake_ViT: 0.235 global: 0.395 spatial: 0.098 
(epoch: 89, iters: 3656, time: 0.212, data: 0.002) G_GAN_ViT: 0.387 D_real_ViT: 0.211 D_fake_ViT: 0.172 global: 0.310 spatial: 0.077 
(epoch: 89, iters: 3756, time: 0.212, data: 0.002) G_GAN_ViT: 0.333 D_real_ViT: 0.250 D_fake_ViT: 0.215 global: 0.394 spatial: 0.089 
(epoch: 89, iters: 3856, time: 0.211, data: 0.003) G_GAN_ViT: 0.337 D_real_ViT: 0.211 D_fake_ViT: 0.212 global: 0.391 spatial: 0.085 
(epoch: 89, iters: 3956, time: 0.212, data: 0.002) G_GAN_ViT: 0.394 D_real_ViT: 0.114 D_fake_ViT: 0.168 global: 0.323 spatial: 0.068 
(epoch: 89, iters: 4056, time: 0.212, data: 0.002) G_GAN_ViT: 0.347 D_real_ViT: 0.163 D_fake_ViT: 0.196 global: 0.339 spatial: 0.063 
(epoch: 89, iters: 4156, time: 0.212, data: 0.002) G_GAN_ViT: 0.338 D_real_ViT: 0.363 D_fake_ViT: 0.206 global: 0.314 spatial: 0.070 
(epoch: 89, iters: 4256, time: 0.212, data: 0.002) G_GAN_ViT: 0.382 D_real_ViT: 0.135 D_fake_ViT: 0.168 global: 0.310 spatial: 0.076 
(epoch: 89, iters: 4356, time: 0.212, data: 0.002) G_GAN_ViT: 0.171 D_real_ViT: 0.217 D_fake_ViT: 0.381 global: 0.287 spatial: 0.056 
(epoch: 89, iters: 4456, time: 0.212, data: 0.002) G_GAN_ViT: 0.358 D_real_ViT: 0.207 D_fake_ViT: 0.185 global: 0.255 spatial: 0.063 
(epoch: 89, iters: 4556, time: 0.212, data: 0.002) G_GAN_ViT: 0.341 D_real_ViT: 0.348 D_fake_ViT: 0.204 global: 0.448 spatial: 0.082 
(epoch: 89, iters: 4656, time: 0.212, data: 0.002) G_GAN_ViT: 0.332 D_real_ViT: 0.249 D_fake_ViT: 0.213 global: 0.341 spatial: 0.080 
(epoch: 89, iters: 4756, time: 0.213, data: 0.002) G_GAN_ViT: 0.340 D_real_ViT: 0.270 D_fake_ViT: 0.209 global: 0.361 spatial: 0.104 
(epoch: 89, iters: 4856, time: 0.212, data: 0.002) G_GAN_ViT: 0.223 D_real_ViT: 0.279 D_fake_ViT: 0.303 global: 0.419 spatial: 0.067 
(epoch: 89, iters: 4956, time: 0.212, data: 0.002) G_GAN_ViT: 0.340 D_real_ViT: 0.215 D_fake_ViT: 0.209 global: 0.382 spatial: 0.098 
(epoch: 89, iters: 5056, time: 0.212, data: 0.002) G_GAN_ViT: 0.268 D_real_ViT: 0.216 D_fake_ViT: 0.280 global: 0.351 spatial: 0.082 
(epoch: 89, iters: 5156, time: 0.211, data: 0.002) G_GAN_ViT: 0.323 D_real_ViT: 0.228 D_fake_ViT: 0.216 global: 0.323 spatial: 0.075 
(epoch: 89, iters: 5256, time: 0.211, data: 0.002) G_GAN_ViT: 0.303 D_real_ViT: 0.225 D_fake_ViT: 0.228 global: 0.387 spatial: 0.070 
(epoch: 89, iters: 5356, time: 0.211, data: 0.002) G_GAN_ViT: 0.344 D_real_ViT: 0.399 D_fake_ViT: 0.208 global: 0.330 spatial: 0.076 
(epoch: 89, iters: 5456, time: 0.211, data: 0.002) G_GAN_ViT: 0.252 D_real_ViT: 0.239 D_fake_ViT: 0.283 global: 0.340 spatial: 0.081 
(epoch: 89, iters: 5556, time: 0.211, data: 0.002) G_GAN_ViT: 0.311 D_real_ViT: 0.226 D_fake_ViT: 0.220 global: 0.332 spatial: 0.072 
(epoch: 89, iters: 5656, time: 0.211, data: 0.002) G_GAN_ViT: 0.389 D_real_ViT: 0.299 D_fake_ViT: 0.174 global: 0.410 spatial: 0.093 
(epoch: 89, iters: 5756, time: 0.212, data: 0.002) G_GAN_ViT: 0.308 D_real_ViT: 0.392 D_fake_ViT: 0.227 global: 0.398 spatial: 0.097 
(epoch: 89, iters: 5856, time: 0.212, data: 0.002) G_GAN_ViT: 0.224 D_real_ViT: 0.255 D_fake_ViT: 0.307 global: 0.292 spatial: 0.063 
(epoch: 89, iters: 5956, time: 0.211, data: 0.002) G_GAN_ViT: 0.358 D_real_ViT: 0.130 D_fake_ViT: 0.192 global: 0.343 spatial: 0.076 
(epoch: 89, iters: 6056, time: 0.211, data: 0.002) G_GAN_ViT: 0.472 D_real_ViT: 0.247 D_fake_ViT: 0.121 global: 0.403 spatial: 0.089 
(epoch: 89, iters: 6156, time: 0.211, data: 0.002) G_GAN_ViT: 0.365 D_real_ViT: 0.111 D_fake_ViT: 0.180 global: 0.327 spatial: 0.083 
(epoch: 89, iters: 6256, time: 0.211, data: 0.002) G_GAN_ViT: 0.326 D_real_ViT: 0.273 D_fake_ViT: 0.228 global: 0.443 spatial: 0.095 
saving the latest model (epoch 89, total_iters 575000)
ICL_single_traffic_hwy
(epoch: 89, iters: 6356, time: 0.211, data: 0.001) G_GAN_ViT: 0.395 D_real_ViT: 0.258 D_fake_ViT: 0.163 global: 0.317 spatial: 0.079 
(epoch: 89, iters: 6456, time: 0.210, data: 0.002) G_GAN_ViT: 0.391 D_real_ViT: 0.123 D_fake_ViT: 0.199 global: 0.476 spatial: 0.115 
End of epoch 89 / 100 	 Time Taken: 1374 sec
learning rate = 0.0000022
(epoch: 90, iters: 93, time: 0.210, data: 0.002) G_GAN_ViT: 0.258 D_real_ViT: 0.249 D_fake_ViT: 0.272 global: 0.430 spatial: 0.094 
(epoch: 90, iters: 193, time: 0.210, data: 0.002) G_GAN_ViT: 0.326 D_real_ViT: 0.034 D_fake_ViT: 0.210 global: 0.289 spatial: 0.067 
(epoch: 90, iters: 293, time: 0.210, data: 0.002) G_GAN_ViT: 0.378 D_real_ViT: 0.216 D_fake_ViT: 0.170 global: 0.361 spatial: 0.066 
(epoch: 90, iters: 393, time: 0.210, data: 0.002) G_GAN_ViT: 0.311 D_real_ViT: 0.200 D_fake_ViT: 0.220 global: 0.447 spatial: 0.093 
(epoch: 90, iters: 493, time: 0.210, data: 0.002) G_GAN_ViT: 0.375 D_real_ViT: 0.245 D_fake_ViT: 0.183 global: 0.328 spatial: 0.084 
(epoch: 90, iters: 593, time: 0.210, data: 0.002) G_GAN_ViT: 0.328 D_real_ViT: 0.270 D_fake_ViT: 0.217 global: 0.390 spatial: 0.079 
(epoch: 90, iters: 693, time: 0.211, data: 0.002) G_GAN_ViT: 0.383 D_real_ViT: 0.121 D_fake_ViT: 0.169 global: 0.241 spatial: 0.059 
(epoch: 90, iters: 793, time: 0.210, data: 0.002) G_GAN_ViT: 0.261 D_real_ViT: 0.173 D_fake_ViT: 0.265 global: 0.496 spatial: 0.084 
(epoch: 90, iters: 893, time: 0.210, data: 0.002) G_GAN_ViT: 0.281 D_real_ViT: 0.234 D_fake_ViT: 0.251 global: 0.446 spatial: 0.108 
(epoch: 90, iters: 993, time: 0.210, data: 0.002) G_GAN_ViT: 0.336 D_real_ViT: 0.176 D_fake_ViT: 0.199 global: 0.457 spatial: 0.083 
(epoch: 90, iters: 1093, time: 0.211, data: 0.002) G_GAN_ViT: 0.307 D_real_ViT: 0.174 D_fake_ViT: 0.223 global: 0.462 spatial: 0.085 
(epoch: 90, iters: 1193, time: 0.211, data: 0.002) G_GAN_ViT: 0.251 D_real_ViT: 0.353 D_fake_ViT: 0.279 global: 0.392 spatial: 0.078 
(epoch: 90, iters: 1293, time: 0.211, data: 0.002) G_GAN_ViT: 0.369 D_real_ViT: 0.210 D_fake_ViT: 0.191 global: 0.446 spatial: 0.094 
(epoch: 90, iters: 1393, time: 0.210, data: 0.001) G_GAN_ViT: 0.250 D_real_ViT: 0.221 D_fake_ViT: 0.290 global: 0.343 spatial: 0.074 
(epoch: 90, iters: 1493, time: 0.210, data: 0.002) G_GAN_ViT: 0.236 D_real_ViT: 0.332 D_fake_ViT: 0.296 global: 0.401 spatial: 0.073 
(epoch: 90, iters: 1593, time: 0.210, data: 0.002) G_GAN_ViT: 0.343 D_real_ViT: 0.254 D_fake_ViT: 0.194 global: 0.363 spatial: 0.076 
(epoch: 90, iters: 1693, time: 0.210, data: 0.002) G_GAN_ViT: 0.357 D_real_ViT: 0.259 D_fake_ViT: 0.191 global: 0.367 spatial: 0.076 
(epoch: 90, iters: 1793, time: 0.210, data: 0.002) G_GAN_ViT: 0.291 D_real_ViT: 0.290 D_fake_ViT: 0.238 global: 0.466 spatial: 0.097 
(epoch: 90, iters: 1893, time: 0.210, data: 0.001) G_GAN_ViT: 0.372 D_real_ViT: 0.244 D_fake_ViT: 0.180 global: 0.310 spatial: 0.079 
(epoch: 90, iters: 1993, time: 0.211, data: 0.002) G_GAN_ViT: 0.274 D_real_ViT: 0.232 D_fake_ViT: 0.253 global: 0.468 spatial: 0.080 
(epoch: 90, iters: 2093, time: 0.211, data: 0.002) G_GAN_ViT: 0.352 D_real_ViT: 0.272 D_fake_ViT: 0.205 global: 0.295 spatial: 0.075 
(epoch: 90, iters: 2193, time: 0.211, data: 0.002) G_GAN_ViT: 0.217 D_real_ViT: 0.330 D_fake_ViT: 0.324 global: 0.386 spatial: 0.080 
(epoch: 90, iters: 2293, time: 0.213, data: 0.002) G_GAN_ViT: 0.301 D_real_ViT: 0.220 D_fake_ViT: 0.232 global: 0.358 spatial: 0.086 
(epoch: 90, iters: 2393, time: 0.212, data: 0.002) G_GAN_ViT: 0.291 D_real_ViT: 0.268 D_fake_ViT: 0.256 global: 0.414 spatial: 0.095 
(epoch: 90, iters: 2493, time: 0.212, data: 0.002) G_GAN_ViT: 0.376 D_real_ViT: 0.375 D_fake_ViT: 0.172 global: 0.364 spatial: 0.077 
(epoch: 90, iters: 2593, time: 0.212, data: 0.002) G_GAN_ViT: 0.354 D_real_ViT: 0.334 D_fake_ViT: 0.187 global: 0.402 spatial: 0.075 
(epoch: 90, iters: 2693, time: 0.211, data: 0.002) G_GAN_ViT: 0.383 D_real_ViT: 0.109 D_fake_ViT: 0.176 global: 0.234 spatial: 0.062 
(epoch: 90, iters: 2793, time: 0.211, data: 0.002) G_GAN_ViT: 0.186 D_real_ViT: 0.276 D_fake_ViT: 0.362 global: 0.338 spatial: 0.085 
(epoch: 90, iters: 2893, time: 0.211, data: 0.002) G_GAN_ViT: 0.374 D_real_ViT: 0.255 D_fake_ViT: 0.179 global: 0.328 spatial: 0.085 
(epoch: 90, iters: 2993, time: 0.212, data: 0.002) G_GAN_ViT: 0.269 D_real_ViT: 0.151 D_fake_ViT: 0.259 global: 0.363 spatial: 0.072 
(epoch: 90, iters: 3093, time: 0.211, data: 0.002) G_GAN_ViT: 0.394 D_real_ViT: 0.207 D_fake_ViT: 0.168 global: 0.454 spatial: 0.087 
(epoch: 90, iters: 3193, time: 0.211, data: 0.002) G_GAN_ViT: 0.247 D_real_ViT: 0.307 D_fake_ViT: 0.281 global: 0.427 spatial: 0.082 
(epoch: 90, iters: 3293, time: 0.211, data: 0.002) G_GAN_ViT: 0.300 D_real_ViT: 0.293 D_fake_ViT: 0.233 global: 0.433 spatial: 0.070 
(epoch: 90, iters: 3393, time: 0.211, data: 0.002) G_GAN_ViT: 0.157 D_real_ViT: 0.254 D_fake_ViT: 0.399 global: 0.273 spatial: 0.068 
(epoch: 90, iters: 3493, time: 0.211, data: 0.002) G_GAN_ViT: 0.289 D_real_ViT: 0.250 D_fake_ViT: 0.272 global: 0.381 spatial: 0.086 
(epoch: 90, iters: 3593, time: 0.211, data: 0.002) G_GAN_ViT: 0.364 D_real_ViT: 0.243 D_fake_ViT: 0.177 global: 0.337 spatial: 0.078 
(epoch: 90, iters: 3693, time: 0.211, data: 0.002) G_GAN_ViT: 0.366 D_real_ViT: 0.138 D_fake_ViT: 0.190 global: 0.325 spatial: 0.065 
(epoch: 90, iters: 3793, time: 0.211, data: 0.002) G_GAN_ViT: 0.295 D_real_ViT: 0.236 D_fake_ViT: 0.225 global: 0.400 spatial: 0.081 
(epoch: 90, iters: 3893, time: 0.212, data: 0.002) G_GAN_ViT: 0.258 D_real_ViT: 0.293 D_fake_ViT: 0.277 global: 0.352 spatial: 0.071 
(epoch: 90, iters: 3993, time: 0.212, data: 0.002) G_GAN_ViT: 0.436 D_real_ViT: 0.242 D_fake_ViT: 0.144 global: 0.253 spatial: 0.070 
(epoch: 90, iters: 4093, time: 0.212, data: 0.002) G_GAN_ViT: 0.358 D_real_ViT: 0.322 D_fake_ViT: 0.183 global: 0.364 spatial: 0.083 
(epoch: 90, iters: 4193, time: 0.212, data: 0.002) G_GAN_ViT: 0.298 D_real_ViT: 0.087 D_fake_ViT: 0.239 global: 0.337 spatial: 0.091 
(epoch: 90, iters: 4293, time: 0.212, data: 0.002) G_GAN_ViT: 0.326 D_real_ViT: 0.148 D_fake_ViT: 0.208 global: 0.376 spatial: 0.078 
(epoch: 90, iters: 4393, time: 0.212, data: 0.002) G_GAN_ViT: 0.363 D_real_ViT: 0.195 D_fake_ViT: 0.189 global: 0.402 spatial: 0.081 
(epoch: 90, iters: 4493, time: 0.213, data: 0.002) G_GAN_ViT: 0.329 D_real_ViT: 0.245 D_fake_ViT: 0.211 global: 0.428 spatial: 0.067 
(epoch: 90, iters: 4593, time: 0.212, data: 0.002) G_GAN_ViT: 0.279 D_real_ViT: 0.223 D_fake_ViT: 0.248 global: 0.363 spatial: 0.078 
(epoch: 90, iters: 4693, time: 0.212, data: 0.002) G_GAN_ViT: 0.350 D_real_ViT: 0.173 D_fake_ViT: 0.191 global: 0.378 spatial: 0.070 
(epoch: 90, iters: 4793, time: 0.212, data: 0.002) G_GAN_ViT: 0.324 D_real_ViT: 0.240 D_fake_ViT: 0.213 global: 0.419 spatial: 0.089 
saving the latest model (epoch 90, total_iters 580000)
ICL_single_traffic_hwy
(epoch: 90, iters: 4893, time: 0.213, data: 0.002) G_GAN_ViT: 0.336 D_real_ViT: 0.200 D_fake_ViT: 0.197 global: 0.400 spatial: 0.082 
(epoch: 90, iters: 4993, time: 0.220, data: 0.002) G_GAN_ViT: 0.364 D_real_ViT: 0.171 D_fake_ViT: 0.190 global: 0.335 spatial: 0.084 
(epoch: 90, iters: 5093, time: 0.222, data: 0.002) G_GAN_ViT: 0.367 D_real_ViT: 0.225 D_fake_ViT: 0.180 global: 0.390 spatial: 0.083 
(epoch: 90, iters: 5193, time: 0.227, data: 0.002) G_GAN_ViT: 0.347 D_real_ViT: 0.143 D_fake_ViT: 0.202 global: 0.306 spatial: 0.067 
(epoch: 90, iters: 5293, time: 0.223, data: 0.002) G_GAN_ViT: 0.252 D_real_ViT: 0.135 D_fake_ViT: 0.288 global: 0.351 spatial: 0.077 
(epoch: 90, iters: 5393, time: 0.224, data: 0.001) G_GAN_ViT: 0.396 D_real_ViT: 0.167 D_fake_ViT: 0.160 global: 0.291 spatial: 0.068 
(epoch: 90, iters: 5493, time: 0.226, data: 0.002) G_GAN_ViT: 0.326 D_real_ViT: 0.407 D_fake_ViT: 0.215 global: 0.389 spatial: 0.087 
(epoch: 90, iters: 5593, time: 0.232, data: 0.002) G_GAN_ViT: 0.210 D_real_ViT: 0.222 D_fake_ViT: 0.331 global: 0.307 spatial: 0.065 
(epoch: 90, iters: 5693, time: 0.231, data: 0.002) G_GAN_ViT: 0.318 D_real_ViT: 0.345 D_fake_ViT: 0.245 global: 0.345 spatial: 0.091 
(epoch: 90, iters: 5793, time: 0.223, data: 0.002) G_GAN_ViT: 0.318 D_real_ViT: 0.291 D_fake_ViT: 0.222 global: 0.387 spatial: 0.079 
(epoch: 90, iters: 5893, time: 0.218, data: 0.002) G_GAN_ViT: 0.287 D_real_ViT: 0.262 D_fake_ViT: 0.252 global: 0.497 spatial: 0.095 
(epoch: 90, iters: 5993, time: 0.215, data: 0.002) G_GAN_ViT: 0.331 D_real_ViT: 0.355 D_fake_ViT: 0.204 global: 0.377 spatial: 0.086 
(epoch: 90, iters: 6093, time: 0.213, data: 0.002) G_GAN_ViT: 0.297 D_real_ViT: 0.107 D_fake_ViT: 0.235 global: 0.406 spatial: 0.086 
(epoch: 90, iters: 6193, time: 0.213, data: 0.002) G_GAN_ViT: 0.358 D_real_ViT: 0.087 D_fake_ViT: 0.185 global: 0.345 spatial: 0.074 
(epoch: 90, iters: 6293, time: 0.212, data: 0.002) G_GAN_ViT: 0.330 D_real_ViT: 0.215 D_fake_ViT: 0.212 global: 0.341 spatial: 0.071 
(epoch: 90, iters: 6393, time: 0.212, data: 0.002) G_GAN_ViT: 0.274 D_real_ViT: 0.178 D_fake_ViT: 0.255 global: 0.473 spatial: 0.083 
saving the model at the end of epoch 90, iters 581670
End of epoch 90 / 100 	 Time Taken: 1392 sec
learning rate = 0.0000020
(epoch: 91, iters: 30, time: 0.212, data: 0.002) G_GAN_ViT: 0.258 D_real_ViT: 0.385 D_fake_ViT: 0.279 global: 0.247 spatial: 0.062 
(epoch: 91, iters: 130, time: 0.212, data: 0.002) G_GAN_ViT: 0.364 D_real_ViT: 0.247 D_fake_ViT: 0.188 global: 0.392 spatial: 0.078 
(epoch: 91, iters: 230, time: 0.213, data: 0.002) G_GAN_ViT: 0.333 D_real_ViT: 0.216 D_fake_ViT: 0.215 global: 0.458 spatial: 0.084 
(epoch: 91, iters: 330, time: 0.213, data: 0.002) G_GAN_ViT: 0.277 D_real_ViT: 0.155 D_fake_ViT: 0.260 global: 0.453 spatial: 0.096 
(epoch: 91, iters: 430, time: 0.213, data: 0.002) G_GAN_ViT: 0.327 D_real_ViT: 0.256 D_fake_ViT: 0.206 global: 0.361 spatial: 0.092 
(epoch: 91, iters: 530, time: 0.213, data: 0.002) G_GAN_ViT: 0.309 D_real_ViT: 0.322 D_fake_ViT: 0.231 global: 0.425 spatial: 0.072 
(epoch: 91, iters: 630, time: 0.212, data: 0.002) G_GAN_ViT: 0.378 D_real_ViT: 0.259 D_fake_ViT: 0.172 global: 0.357 spatial: 0.083 
(epoch: 91, iters: 730, time: 0.212, data: 0.002) G_GAN_ViT: 0.336 D_real_ViT: 0.270 D_fake_ViT: 0.205 global: 0.292 spatial: 0.061 
(epoch: 91, iters: 830, time: 0.212, data: 0.002) G_GAN_ViT: 0.289 D_real_ViT: 0.226 D_fake_ViT: 0.241 global: 0.389 spatial: 0.087 
(epoch: 91, iters: 930, time: 0.213, data: 0.002) G_GAN_ViT: 0.395 D_real_ViT: 0.337 D_fake_ViT: 0.165 global: 0.355 spatial: 0.068 
(epoch: 91, iters: 1030, time: 0.213, data: 0.002) G_GAN_ViT: 0.343 D_real_ViT: 0.270 D_fake_ViT: 0.204 global: 0.399 spatial: 0.079 
(epoch: 91, iters: 1130, time: 0.213, data: 0.004) G_GAN_ViT: 0.223 D_real_ViT: 0.154 D_fake_ViT: 0.328 global: 0.395 spatial: 0.092 
(epoch: 91, iters: 1230, time: 0.212, data: 0.002) G_GAN_ViT: 0.429 D_real_ViT: 0.242 D_fake_ViT: 0.137 global: 0.326 spatial: 0.080 
(epoch: 91, iters: 1330, time: 0.213, data: 0.002) G_GAN_ViT: 0.443 D_real_ViT: 0.289 D_fake_ViT: 0.134 global: 0.363 spatial: 0.076 
(epoch: 91, iters: 1430, time: 0.212, data: 0.002) G_GAN_ViT: 0.300 D_real_ViT: 0.297 D_fake_ViT: 0.236 global: 0.429 spatial: 0.088 
(epoch: 91, iters: 1530, time: 0.212, data: 0.002) G_GAN_ViT: 0.343 D_real_ViT: 0.234 D_fake_ViT: 0.195 global: 0.371 spatial: 0.082 
(epoch: 91, iters: 1630, time: 0.212, data: 0.002) G_GAN_ViT: 0.401 D_real_ViT: 0.172 D_fake_ViT: 0.157 global: 0.253 spatial: 0.055 
(epoch: 91, iters: 1730, time: 0.213, data: 0.002) G_GAN_ViT: 0.231 D_real_ViT: 0.313 D_fake_ViT: 0.299 global: 0.312 spatial: 0.058 
(epoch: 91, iters: 1830, time: 0.213, data: 0.001) G_GAN_ViT: 0.432 D_real_ViT: 0.261 D_fake_ViT: 0.140 global: 0.362 spatial: 0.079 
(epoch: 91, iters: 1930, time: 0.212, data: 0.001) G_GAN_ViT: 0.320 D_real_ViT: 0.278 D_fake_ViT: 0.212 global: 0.323 spatial: 0.081 
(epoch: 91, iters: 2030, time: 0.212, data: 0.002) G_GAN_ViT: 0.303 D_real_ViT: 0.253 D_fake_ViT: 0.234 global: 0.424 spatial: 0.089 
(epoch: 91, iters: 2130, time: 0.211, data: 0.001) G_GAN_ViT: 0.377 D_real_ViT: 0.159 D_fake_ViT: 0.169 global: 0.336 spatial: 0.075 
(epoch: 91, iters: 2230, time: 0.211, data: 0.002) G_GAN_ViT: 0.397 D_real_ViT: 0.281 D_fake_ViT: 0.163 global: 0.286 spatial: 0.071 
(epoch: 91, iters: 2330, time: 0.211, data: 0.002) G_GAN_ViT: 0.344 D_real_ViT: 0.337 D_fake_ViT: 0.192 global: 0.258 spatial: 0.059 
(epoch: 91, iters: 2430, time: 0.211, data: 0.002) G_GAN_ViT: 0.318 D_real_ViT: 0.250 D_fake_ViT: 0.223 global: 0.219 spatial: 0.062 
(epoch: 91, iters: 2530, time: 0.211, data: 0.002) G_GAN_ViT: 0.270 D_real_ViT: 0.190 D_fake_ViT: 0.264 global: 0.425 spatial: 0.082 
(epoch: 91, iters: 2630, time: 0.211, data: 0.001) G_GAN_ViT: 0.320 D_real_ViT: 0.155 D_fake_ViT: 0.217 global: 0.223 spatial: 0.061 
(epoch: 91, iters: 2730, time: 0.211, data: 0.002) G_GAN_ViT: 0.293 D_real_ViT: 0.234 D_fake_ViT: 0.234 global: 0.367 spatial: 0.092 
(epoch: 91, iters: 2830, time: 0.211, data: 0.002) G_GAN_ViT: 0.304 D_real_ViT: 0.193 D_fake_ViT: 0.231 global: 0.376 spatial: 0.070 
(epoch: 91, iters: 2930, time: 0.211, data: 0.002) G_GAN_ViT: 0.359 D_real_ViT: 0.316 D_fake_ViT: 0.183 global: 0.293 spatial: 0.061 
(epoch: 91, iters: 3030, time: 0.211, data: 0.002) G_GAN_ViT: 0.286 D_real_ViT: 0.237 D_fake_ViT: 0.239 global: 0.389 spatial: 0.083 
(epoch: 91, iters: 3130, time: 0.212, data: 0.002) G_GAN_ViT: 0.308 D_real_ViT: 0.281 D_fake_ViT: 0.220 global: 0.373 spatial: 0.087 
(epoch: 91, iters: 3230, time: 0.211, data: 0.002) G_GAN_ViT: 0.382 D_real_ViT: 0.165 D_fake_ViT: 0.169 global: 0.282 spatial: 0.069 
(epoch: 91, iters: 3330, time: 0.211, data: 0.002) G_GAN_ViT: 0.283 D_real_ViT: 0.242 D_fake_ViT: 0.281 global: 0.384 spatial: 0.105 
saving the latest model (epoch 91, total_iters 585000)
ICL_single_traffic_hwy
(epoch: 91, iters: 3430, time: 0.211, data: 0.001) G_GAN_ViT: 0.415 D_real_ViT: 0.216 D_fake_ViT: 0.153 global: 0.319 spatial: 0.075 
(epoch: 91, iters: 3530, time: 0.213, data: 0.002) G_GAN_ViT: 0.278 D_real_ViT: 0.284 D_fake_ViT: 0.266 global: 0.251 spatial: 0.062 
(epoch: 91, iters: 3630, time: 0.213, data: 0.002) G_GAN_ViT: 0.383 D_real_ViT: 0.182 D_fake_ViT: 0.172 global: 0.310 spatial: 0.070 
(epoch: 91, iters: 3730, time: 0.212, data: 0.002) G_GAN_ViT: 0.271 D_real_ViT: 0.137 D_fake_ViT: 0.257 global: 0.405 spatial: 0.090 
(epoch: 91, iters: 3830, time: 0.212, data: 0.002) G_GAN_ViT: 0.315 D_real_ViT: 0.097 D_fake_ViT: 0.215 global: 0.468 spatial: 0.091 
(epoch: 91, iters: 3930, time: 0.212, data: 0.002) G_GAN_ViT: 0.295 D_real_ViT: 0.212 D_fake_ViT: 0.239 global: 0.375 spatial: 0.084 
(epoch: 91, iters: 4030, time: 0.212, data: 0.002) G_GAN_ViT: 0.336 D_real_ViT: 0.228 D_fake_ViT: 0.210 global: 0.298 spatial: 0.077 
(epoch: 91, iters: 4130, time: 0.212, data: 0.002) G_GAN_ViT: 0.340 D_real_ViT: 0.162 D_fake_ViT: 0.206 global: 0.365 spatial: 0.090 
(epoch: 91, iters: 4230, time: 0.212, data: 0.002) G_GAN_ViT: 0.446 D_real_ViT: 0.099 D_fake_ViT: 0.131 global: 0.367 spatial: 0.075 
(epoch: 91, iters: 4330, time: 0.212, data: 0.002) G_GAN_ViT: 0.290 D_real_ViT: 0.144 D_fake_ViT: 0.260 global: 0.448 spatial: 0.090 
(epoch: 91, iters: 4430, time: 0.212, data: 0.001) G_GAN_ViT: 0.345 D_real_ViT: 0.277 D_fake_ViT: 0.212 global: 0.309 spatial: 0.089 
(epoch: 91, iters: 4530, time: 0.212, data: 0.002) G_GAN_ViT: 0.408 D_real_ViT: 0.335 D_fake_ViT: 0.155 global: 0.314 spatial: 0.071 
(epoch: 91, iters: 4630, time: 0.212, data: 0.002) G_GAN_ViT: 0.336 D_real_ViT: 0.188 D_fake_ViT: 0.203 global: 0.347 spatial: 0.086 
(epoch: 91, iters: 4730, time: 0.212, data: 0.002) G_GAN_ViT: 0.299 D_real_ViT: 0.368 D_fake_ViT: 0.223 global: 0.467 spatial: 0.081 
(epoch: 91, iters: 4830, time: 0.211, data: 0.002) G_GAN_ViT: 0.209 D_real_ViT: 0.277 D_fake_ViT: 0.333 global: 0.334 spatial: 0.077 
(epoch: 91, iters: 4930, time: 0.211, data: 0.002) G_GAN_ViT: 0.325 D_real_ViT: 0.366 D_fake_ViT: 0.221 global: 0.419 spatial: 0.089 
(epoch: 91, iters: 5030, time: 0.211, data: 0.002) G_GAN_ViT: 0.298 D_real_ViT: 0.302 D_fake_ViT: 0.242 global: 0.411 spatial: 0.094 
(epoch: 91, iters: 5130, time: 0.211, data: 0.002) G_GAN_ViT: 0.348 D_real_ViT: 0.205 D_fake_ViT: 0.193 global: 0.298 spatial: 0.063 
(epoch: 91, iters: 5230, time: 0.211, data: 0.001) G_GAN_ViT: 0.426 D_real_ViT: 0.124 D_fake_ViT: 0.144 global: 0.403 spatial: 0.089 
(epoch: 91, iters: 5330, time: 0.211, data: 0.002) G_GAN_ViT: 0.291 D_real_ViT: 0.326 D_fake_ViT: 0.232 global: 0.391 spatial: 0.076 
(epoch: 91, iters: 5430, time: 0.211, data: 0.002) G_GAN_ViT: 0.390 D_real_ViT: 0.177 D_fake_ViT: 0.168 global: 0.244 spatial: 0.063 
(epoch: 91, iters: 5530, time: 0.211, data: 0.001) G_GAN_ViT: 0.246 D_real_ViT: 0.219 D_fake_ViT: 0.281 global: 0.374 spatial: 0.071 
(epoch: 91, iters: 5630, time: 0.211, data: 0.002) G_GAN_ViT: 0.282 D_real_ViT: 0.166 D_fake_ViT: 0.249 global: 0.414 spatial: 0.092 
(epoch: 91, iters: 5730, time: 0.211, data: 0.002) G_GAN_ViT: 0.262 D_real_ViT: 0.247 D_fake_ViT: 0.273 global: 0.433 spatial: 0.085 
(epoch: 91, iters: 5830, time: 0.211, data: 0.002) G_GAN_ViT: 0.321 D_real_ViT: 0.215 D_fake_ViT: 0.219 global: 0.412 spatial: 0.080 
(epoch: 91, iters: 5930, time: 0.212, data: 0.002) G_GAN_ViT: 0.274 D_real_ViT: 0.170 D_fake_ViT: 0.257 global: 0.428 spatial: 0.088 
(epoch: 91, iters: 6030, time: 0.212, data: 0.002) G_GAN_ViT: 0.398 D_real_ViT: 0.087 D_fake_ViT: 0.162 global: 0.339 spatial: 0.070 
(epoch: 91, iters: 6130, time: 0.212, data: 0.002) G_GAN_ViT: 0.424 D_real_ViT: 0.247 D_fake_ViT: 0.174 global: 0.388 spatial: 0.102 
(epoch: 91, iters: 6230, time: 0.212, data: 0.002) G_GAN_ViT: 0.241 D_real_ViT: 0.304 D_fake_ViT: 0.293 global: 0.400 spatial: 0.074 
(epoch: 91, iters: 6330, time: 0.212, data: 0.002) G_GAN_ViT: 0.232 D_real_ViT: 0.354 D_fake_ViT: 0.297 global: 0.270 spatial: 0.063 
(epoch: 91, iters: 6430, time: 0.212, data: 0.002) G_GAN_ViT: 0.463 D_real_ViT: 0.106 D_fake_ViT: 0.125 global: 0.370 spatial: 0.067 
End of epoch 91 / 100 	 Time Taken: 1382 sec
learning rate = 0.0000018
(epoch: 92, iters: 67, time: 0.212, data: 0.002) G_GAN_ViT: 0.345 D_real_ViT: 0.273 D_fake_ViT: 0.201 global: 0.253 spatial: 0.067 
(epoch: 92, iters: 167, time: 0.211, data: 0.002) G_GAN_ViT: 0.373 D_real_ViT: 0.156 D_fake_ViT: 0.171 global: 0.316 spatial: 0.072 
(epoch: 92, iters: 267, time: 0.211, data: 0.004) G_GAN_ViT: 0.377 D_real_ViT: 0.262 D_fake_ViT: 0.181 global: 0.323 spatial: 0.080 
(epoch: 92, iters: 367, time: 0.211, data: 0.002) G_GAN_ViT: 0.241 D_real_ViT: 0.233 D_fake_ViT: 0.299 global: 0.336 spatial: 0.078 
(epoch: 92, iters: 467, time: 0.211, data: 0.002) G_GAN_ViT: 0.342 D_real_ViT: 0.108 D_fake_ViT: 0.212 global: 0.405 spatial: 0.099 
(epoch: 92, iters: 567, time: 0.211, data: 0.002) G_GAN_ViT: 0.273 D_real_ViT: 0.181 D_fake_ViT: 0.272 global: 0.413 spatial: 0.087 
(epoch: 92, iters: 667, time: 0.211, data: 0.002) G_GAN_ViT: 0.388 D_real_ViT: 0.175 D_fake_ViT: 0.168 global: 0.321 spatial: 0.075 
(epoch: 92, iters: 767, time: 0.211, data: 0.002) G_GAN_ViT: 0.390 D_real_ViT: 0.150 D_fake_ViT: 0.166 global: 0.308 spatial: 0.073 
(epoch: 92, iters: 867, time: 0.211, data: 0.002) G_GAN_ViT: 0.335 D_real_ViT: 0.302 D_fake_ViT: 0.208 global: 0.347 spatial: 0.086 
(epoch: 92, iters: 967, time: 0.211, data: 0.002) G_GAN_ViT: 0.299 D_real_ViT: 0.182 D_fake_ViT: 0.243 global: 0.474 spatial: 0.088 
(epoch: 92, iters: 1067, time: 0.211, data: 0.002) G_GAN_ViT: 0.364 D_real_ViT: 0.248 D_fake_ViT: 0.180 global: 0.437 spatial: 0.085 
(epoch: 92, iters: 1167, time: 0.212, data: 0.002) G_GAN_ViT: 0.324 D_real_ViT: 0.232 D_fake_ViT: 0.205 global: 0.318 spatial: 0.067 
(epoch: 92, iters: 1267, time: 0.212, data: 0.002) G_GAN_ViT: 0.339 D_real_ViT: 0.198 D_fake_ViT: 0.203 global: 0.347 spatial: 0.068 
(epoch: 92, iters: 1367, time: 0.213, data: 0.002) G_GAN_ViT: 0.359 D_real_ViT: 0.296 D_fake_ViT: 0.193 global: 0.364 spatial: 0.082 
(epoch: 92, iters: 1467, time: 0.212, data: 0.002) G_GAN_ViT: 0.251 D_real_ViT: 0.156 D_fake_ViT: 0.297 global: 0.429 spatial: 0.095 
(epoch: 92, iters: 1567, time: 0.212, data: 0.002) G_GAN_ViT: 0.327 D_real_ViT: 0.099 D_fake_ViT: 0.201 global: 0.392 spatial: 0.084 
(epoch: 92, iters: 1667, time: 0.213, data: 0.002) G_GAN_ViT: 0.297 D_real_ViT: 0.148 D_fake_ViT: 0.240 global: 0.330 spatial: 0.087 
(epoch: 92, iters: 1767, time: 0.212, data: 0.002) G_GAN_ViT: 0.209 D_real_ViT: 0.230 D_fake_ViT: 0.341 global: 0.342 spatial: 0.093 
(epoch: 92, iters: 1867, time: 0.212, data: 0.002) G_GAN_ViT: 0.285 D_real_ViT: 0.189 D_fake_ViT: 0.240 global: 0.388 spatial: 0.073 
saving the latest model (epoch 92, total_iters 590000)
ICL_single_traffic_hwy
(epoch: 92, iters: 1967, time: 0.212, data: 0.001) G_GAN_ViT: 0.340 D_real_ViT: 0.333 D_fake_ViT: 0.201 global: 0.416 spatial: 0.097 
(epoch: 92, iters: 2067, time: 0.211, data: 0.002) G_GAN_ViT: 0.274 D_real_ViT: 0.349 D_fake_ViT: 0.253 global: 0.423 spatial: 0.078 
(epoch: 92, iters: 2167, time: 0.211, data: 0.002) G_GAN_ViT: 0.403 D_real_ViT: 0.388 D_fake_ViT: 0.150 global: 0.346 spatial: 0.079 
(epoch: 92, iters: 2267, time: 0.211, data: 0.002) G_GAN_ViT: 0.345 D_real_ViT: 0.196 D_fake_ViT: 0.192 global: 0.316 spatial: 0.068 
(epoch: 92, iters: 2367, time: 0.211, data: 0.002) G_GAN_ViT: 0.367 D_real_ViT: 0.306 D_fake_ViT: 0.174 global: 0.335 spatial: 0.084 
(epoch: 92, iters: 2467, time: 0.211, data: 0.002) G_GAN_ViT: 0.330 D_real_ViT: 0.135 D_fake_ViT: 0.207 global: 0.411 spatial: 0.080 
(epoch: 92, iters: 2567, time: 0.211, data: 0.002) G_GAN_ViT: 0.319 D_real_ViT: 0.095 D_fake_ViT: 0.213 global: 0.443 spatial: 0.086 
(epoch: 92, iters: 2667, time: 0.211, data: 0.002) G_GAN_ViT: 0.353 D_real_ViT: 0.281 D_fake_ViT: 0.191 global: 0.319 spatial: 0.069 
(epoch: 92, iters: 2767, time: 0.211, data: 0.002) G_GAN_ViT: 0.354 D_real_ViT: 0.196 D_fake_ViT: 0.190 global: 0.299 spatial: 0.064 
(epoch: 92, iters: 2867, time: 0.211, data: 0.002) G_GAN_ViT: 0.258 D_real_ViT: 0.211 D_fake_ViT: 0.273 global: 0.445 spatial: 0.082 
(epoch: 92, iters: 2967, time: 0.211, data: 0.002) G_GAN_ViT: 0.330 D_real_ViT: 0.257 D_fake_ViT: 0.219 global: 0.411 spatial: 0.082 
(epoch: 92, iters: 3067, time: 0.211, data: 0.002) G_GAN_ViT: 0.306 D_real_ViT: 0.283 D_fake_ViT: 0.231 global: 0.419 spatial: 0.095 
(epoch: 92, iters: 3167, time: 0.211, data: 0.002) G_GAN_ViT: 0.365 D_real_ViT: 0.299 D_fake_ViT: 0.178 global: 0.384 spatial: 0.083 
(epoch: 92, iters: 3267, time: 0.210, data: 0.002) G_GAN_ViT: 0.260 D_real_ViT: 0.263 D_fake_ViT: 0.263 global: 0.419 spatial: 0.071 
(epoch: 92, iters: 3367, time: 0.211, data: 0.001) G_GAN_ViT: 0.439 D_real_ViT: 0.294 D_fake_ViT: 0.137 global: 0.277 spatial: 0.072 
(epoch: 92, iters: 3467, time: 0.210, data: 0.002) G_GAN_ViT: 0.375 D_real_ViT: 0.165 D_fake_ViT: 0.181 global: 0.246 spatial: 0.059 
(epoch: 92, iters: 3567, time: 0.210, data: 0.002) G_GAN_ViT: 0.314 D_real_ViT: 0.357 D_fake_ViT: 0.223 global: 0.262 spatial: 0.065 
(epoch: 92, iters: 3667, time: 0.210, data: 0.002) G_GAN_ViT: 0.348 D_real_ViT: 0.346 D_fake_ViT: 0.196 global: 0.334 spatial: 0.081 
(epoch: 92, iters: 3767, time: 0.210, data: 0.002) G_GAN_ViT: 0.248 D_real_ViT: 0.323 D_fake_ViT: 0.299 global: 0.408 spatial: 0.089 
(epoch: 92, iters: 3867, time: 0.210, data: 0.002) G_GAN_ViT: 0.337 D_real_ViT: 0.089 D_fake_ViT: 0.199 global: 0.377 spatial: 0.080 
(epoch: 92, iters: 3967, time: 0.211, data: 0.002) G_GAN_ViT: 0.280 D_real_ViT: 0.233 D_fake_ViT: 0.247 global: 0.498 spatial: 0.097 
(epoch: 92, iters: 4067, time: 0.213, data: 0.002) G_GAN_ViT: 0.342 D_real_ViT: 0.232 D_fake_ViT: 0.209 global: 0.251 spatial: 0.066 
(epoch: 92, iters: 4167, time: 0.212, data: 0.002) G_GAN_ViT: 0.405 D_real_ViT: 0.402 D_fake_ViT: 0.151 global: 0.295 spatial: 0.072 
(epoch: 92, iters: 4267, time: 0.212, data: 0.002) G_GAN_ViT: 0.354 D_real_ViT: 0.184 D_fake_ViT: 0.188 global: 0.373 spatial: 0.080 
(epoch: 92, iters: 4367, time: 0.211, data: 0.001) G_GAN_ViT: 0.308 D_real_ViT: 0.216 D_fake_ViT: 0.221 global: 0.468 spatial: 0.096 
(epoch: 92, iters: 4467, time: 0.211, data: 0.001) G_GAN_ViT: 0.238 D_real_ViT: 0.336 D_fake_ViT: 0.295 global: 0.423 spatial: 0.077 
(epoch: 92, iters: 4567, time: 0.213, data: 0.002) G_GAN_ViT: 0.368 D_real_ViT: 0.162 D_fake_ViT: 0.179 global: 0.423 spatial: 0.084 
(epoch: 92, iters: 4667, time: 0.217, data: 0.001) G_GAN_ViT: 0.345 D_real_ViT: 0.226 D_fake_ViT: 0.203 global: 0.365 spatial: 0.082 
(epoch: 92, iters: 4767, time: 0.218, data: 0.002) G_GAN_ViT: 0.348 D_real_ViT: 0.201 D_fake_ViT: 0.206 global: 0.420 spatial: 0.088 
(epoch: 92, iters: 4867, time: 0.215, data: 0.002) G_GAN_ViT: 0.261 D_real_ViT: 0.200 D_fake_ViT: 0.263 global: 0.407 spatial: 0.079 
(epoch: 92, iters: 4967, time: 0.214, data: 0.002) G_GAN_ViT: 0.359 D_real_ViT: 0.106 D_fake_ViT: 0.196 global: 0.274 spatial: 0.063 
(epoch: 92, iters: 5067, time: 0.213, data: 0.002) G_GAN_ViT: 0.327 D_real_ViT: 0.325 D_fake_ViT: 0.211 global: 0.431 spatial: 0.084 
(epoch: 92, iters: 5167, time: 0.212, data: 0.002) G_GAN_ViT: 0.335 D_real_ViT: 0.197 D_fake_ViT: 0.206 global: 0.391 spatial: 0.091 
(epoch: 92, iters: 5267, time: 0.212, data: 0.002) G_GAN_ViT: 0.252 D_real_ViT: 0.392 D_fake_ViT: 0.270 global: 0.423 spatial: 0.084 
(epoch: 92, iters: 5367, time: 0.212, data: 0.002) G_GAN_ViT: 0.277 D_real_ViT: 0.263 D_fake_ViT: 0.283 global: 0.328 spatial: 0.069 
(epoch: 92, iters: 5467, time: 0.212, data: 0.002) G_GAN_ViT: 0.376 D_real_ViT: 0.285 D_fake_ViT: 0.170 global: 0.331 spatial: 0.079 
(epoch: 92, iters: 5567, time: 0.211, data: 0.002) G_GAN_ViT: 0.305 D_real_ViT: 0.219 D_fake_ViT: 0.236 global: 0.414 spatial: 0.091 
(epoch: 92, iters: 5667, time: 0.211, data: 0.002) G_GAN_ViT: 0.396 D_real_ViT: 0.168 D_fake_ViT: 0.157 global: 0.348 spatial: 0.080 
(epoch: 92, iters: 5767, time: 0.210, data: 0.002) G_GAN_ViT: 0.316 D_real_ViT: 0.117 D_fake_ViT: 0.231 global: 0.405 spatial: 0.086 
(epoch: 92, iters: 5867, time: 0.210, data: 0.002) G_GAN_ViT: 0.266 D_real_ViT: 0.224 D_fake_ViT: 0.272 global: 0.370 spatial: 0.068 
(epoch: 92, iters: 5967, time: 0.211, data: 0.002) G_GAN_ViT: 0.359 D_real_ViT: 0.050 D_fake_ViT: 0.192 global: 0.399 spatial: 0.083 
(epoch: 92, iters: 6067, time: 0.210, data: 0.002) G_GAN_ViT: 0.351 D_real_ViT: 0.177 D_fake_ViT: 0.192 global: 0.400 spatial: 0.087 
(epoch: 92, iters: 6167, time: 0.210, data: 0.002) G_GAN_ViT: 0.391 D_real_ViT: 0.373 D_fake_ViT: 0.161 global: 0.278 spatial: 0.061 
(epoch: 92, iters: 6267, time: 0.210, data: 0.002) G_GAN_ViT: 0.362 D_real_ViT: 0.261 D_fake_ViT: 0.182 global: 0.355 spatial: 0.081 
(epoch: 92, iters: 6367, time: 0.210, data: 0.002) G_GAN_ViT: 0.342 D_real_ViT: 0.229 D_fake_ViT: 0.196 global: 0.253 spatial: 0.053 
End of epoch 92 / 100 	 Time Taken: 1380 sec
learning rate = 0.0000016
(epoch: 93, iters: 4, time: 0.212, data: 0.002) G_GAN_ViT: 0.311 D_real_ViT: 0.155 D_fake_ViT: 0.230 global: 0.295 spatial: 0.081 
(epoch: 93, iters: 104, time: 0.212, data: 0.004) G_GAN_ViT: 0.261 D_real_ViT: 0.380 D_fake_ViT: 0.291 global: 0.284 spatial: 0.082 
(epoch: 93, iters: 204, time: 0.211, data: 0.002) G_GAN_ViT: 0.425 D_real_ViT: 0.194 D_fake_ViT: 0.144 global: 0.417 spatial: 0.081 
(epoch: 93, iters: 304, time: 0.211, data: 0.002) G_GAN_ViT: 0.332 D_real_ViT: 0.275 D_fake_ViT: 0.215 global: 0.472 spatial: 0.089 
(epoch: 93, iters: 404, time: 0.211, data: 0.002) G_GAN_ViT: 0.258 D_real_ViT: 0.121 D_fake_ViT: 0.281 global: 0.509 spatial: 0.107 
saving the latest model (epoch 93, total_iters 595000)
ICL_single_traffic_hwy
(epoch: 93, iters: 504, time: 0.211, data: 0.002) G_GAN_ViT: 0.320 D_real_ViT: 0.370 D_fake_ViT: 0.212 global: 0.295 spatial: 0.070 
(epoch: 93, iters: 604, time: 0.211, data: 0.002) G_GAN_ViT: 0.355 D_real_ViT: 0.398 D_fake_ViT: 0.192 global: 0.223 spatial: 0.064 
(epoch: 93, iters: 704, time: 0.210, data: 0.002) G_GAN_ViT: 0.320 D_real_ViT: 0.243 D_fake_ViT: 0.227 global: 0.388 spatial: 0.089 
(epoch: 93, iters: 804, time: 0.211, data: 0.002) G_GAN_ViT: 0.378 D_real_ViT: 0.207 D_fake_ViT: 0.173 global: 0.419 spatial: 0.096 
(epoch: 93, iters: 904, time: 0.211, data: 0.002) G_GAN_ViT: 0.380 D_real_ViT: 0.293 D_fake_ViT: 0.169 global: 0.287 spatial: 0.072 
(epoch: 93, iters: 1004, time: 0.211, data: 0.002) G_GAN_ViT: 0.351 D_real_ViT: 0.296 D_fake_ViT: 0.191 global: 0.369 spatial: 0.081 
(epoch: 93, iters: 1104, time: 0.212, data: 0.002) G_GAN_ViT: 0.366 D_real_ViT: 0.211 D_fake_ViT: 0.189 global: 0.327 spatial: 0.079 
(epoch: 93, iters: 1204, time: 0.211, data: 0.002) G_GAN_ViT: 0.212 D_real_ViT: 0.115 D_fake_ViT: 0.320 global: 0.292 spatial: 0.060 
(epoch: 93, iters: 1304, time: 0.211, data: 0.002) G_GAN_ViT: 0.274 D_real_ViT: 0.189 D_fake_ViT: 0.255 global: 0.373 spatial: 0.076 
(epoch: 93, iters: 1404, time: 0.211, data: 0.002) G_GAN_ViT: 0.396 D_real_ViT: 0.281 D_fake_ViT: 0.157 global: 0.251 spatial: 0.054 
(epoch: 93, iters: 1504, time: 0.211, data: 0.002) G_GAN_ViT: 0.303 D_real_ViT: 0.271 D_fake_ViT: 0.236 global: 0.244 spatial: 0.072 
(epoch: 93, iters: 1604, time: 0.211, data: 0.002) G_GAN_ViT: 0.418 D_real_ViT: 0.343 D_fake_ViT: 0.153 global: 0.369 spatial: 0.078 
(epoch: 93, iters: 1704, time: 0.211, data: 0.002) G_GAN_ViT: 0.406 D_real_ViT: 0.275 D_fake_ViT: 0.158 global: 0.252 spatial: 0.054 
(epoch: 93, iters: 1804, time: 0.211, data: 0.002) G_GAN_ViT: 0.355 D_real_ViT: 0.336 D_fake_ViT: 0.194 global: 0.316 spatial: 0.086 
(epoch: 93, iters: 1904, time: 0.211, data: 0.002) G_GAN_ViT: 0.235 D_real_ViT: 0.250 D_fake_ViT: 0.289 global: 0.397 spatial: 0.064 
(epoch: 93, iters: 2004, time: 0.211, data: 0.002) G_GAN_ViT: 0.341 D_real_ViT: 0.265 D_fake_ViT: 0.202 global: 0.364 spatial: 0.091 
(epoch: 93, iters: 2104, time: 0.211, data: 0.002) G_GAN_ViT: 0.318 D_real_ViT: 0.229 D_fake_ViT: 0.216 global: 0.380 spatial: 0.078 
(epoch: 93, iters: 2204, time: 0.211, data: 0.002) G_GAN_ViT: 0.352 D_real_ViT: 0.180 D_fake_ViT: 0.188 global: 0.404 spatial: 0.072 
(epoch: 93, iters: 2304, time: 0.210, data: 0.002) G_GAN_ViT: 0.335 D_real_ViT: 0.266 D_fake_ViT: 0.209 global: 0.327 spatial: 0.082 
(epoch: 93, iters: 2404, time: 0.211, data: 0.002) G_GAN_ViT: 0.380 D_real_ViT: 0.269 D_fake_ViT: 0.176 global: 0.454 spatial: 0.090 
(epoch: 93, iters: 2504, time: 0.211, data: 0.002) G_GAN_ViT: 0.312 D_real_ViT: 0.352 D_fake_ViT: 0.226 global: 0.389 spatial: 0.086 
(epoch: 93, iters: 2604, time: 0.211, data: 0.002) G_GAN_ViT: 0.279 D_real_ViT: 0.217 D_fake_ViT: 0.253 global: 0.409 spatial: 0.097 
(epoch: 93, iters: 2704, time: 0.211, data: 0.002) G_GAN_ViT: 0.339 D_real_ViT: 0.142 D_fake_ViT: 0.199 global: 0.375 spatial: 0.085 
(epoch: 93, iters: 2804, time: 0.211, data: 0.002) G_GAN_ViT: 0.374 D_real_ViT: 0.242 D_fake_ViT: 0.174 global: 0.331 spatial: 0.077 
(epoch: 93, iters: 2904, time: 0.211, data: 0.002) G_GAN_ViT: 0.353 D_real_ViT: 0.318 D_fake_ViT: 0.197 global: 0.326 spatial: 0.090 
(epoch: 93, iters: 3004, time: 0.211, data: 0.002) G_GAN_ViT: 0.364 D_real_ViT: 0.218 D_fake_ViT: 0.178 global: 0.369 spatial: 0.098 
(epoch: 93, iters: 3104, time: 0.212, data: 0.002) G_GAN_ViT: 0.256 D_real_ViT: 0.317 D_fake_ViT: 0.274 global: 0.405 spatial: 0.092 
(epoch: 93, iters: 3204, time: 0.213, data: 0.002) G_GAN_ViT: 0.205 D_real_ViT: 0.191 D_fake_ViT: 0.331 global: 0.287 spatial: 0.066 
(epoch: 93, iters: 3304, time: 0.212, data: 0.002) G_GAN_ViT: 0.282 D_real_ViT: 0.321 D_fake_ViT: 0.244 global: 0.362 spatial: 0.072 
(epoch: 93, iters: 3404, time: 0.212, data: 0.002) G_GAN_ViT: 0.375 D_real_ViT: 0.265 D_fake_ViT: 0.182 global: 0.243 spatial: 0.060 
(epoch: 93, iters: 3504, time: 0.212, data: 0.002) G_GAN_ViT: 0.376 D_real_ViT: 0.143 D_fake_ViT: 0.170 global: 0.334 spatial: 0.076 
(epoch: 93, iters: 3604, time: 0.211, data: 0.002) G_GAN_ViT: 0.326 D_real_ViT: 0.313 D_fake_ViT: 0.211 global: 0.396 spatial: 0.081 
(epoch: 93, iters: 3704, time: 0.211, data: 0.002) G_GAN_ViT: 0.439 D_real_ViT: 0.165 D_fake_ViT: 0.132 global: 0.395 spatial: 0.077 
(epoch: 93, iters: 3804, time: 0.211, data: 0.002) G_GAN_ViT: 0.264 D_real_ViT: 0.142 D_fake_ViT: 0.255 global: 0.366 spatial: 0.073 
(epoch: 93, iters: 3904, time: 0.211, data: 0.002) G_GAN_ViT: 0.352 D_real_ViT: 0.213 D_fake_ViT: 0.183 global: 0.339 spatial: 0.063 
(epoch: 93, iters: 4004, time: 0.211, data: 0.002) G_GAN_ViT: 0.346 D_real_ViT: 0.294 D_fake_ViT: 0.195 global: 0.427 spatial: 0.091 
(epoch: 93, iters: 4104, time: 0.211, data: 0.002) G_GAN_ViT: 0.310 D_real_ViT: 0.195 D_fake_ViT: 0.229 global: 0.276 spatial: 0.069 
(epoch: 93, iters: 4204, time: 0.211, data: 0.002) G_GAN_ViT: 0.386 D_real_ViT: 0.216 D_fake_ViT: 0.161 global: 0.353 spatial: 0.065 
(epoch: 93, iters: 4304, time: 0.212, data: 0.002) G_GAN_ViT: 0.382 D_real_ViT: 0.176 D_fake_ViT: 0.164 global: 0.268 spatial: 0.069 
(epoch: 93, iters: 4404, time: 0.211, data: 0.002) G_GAN_ViT: 0.397 D_real_ViT: 0.248 D_fake_ViT: 0.164 global: 0.241 spatial: 0.064 
(epoch: 93, iters: 4504, time: 0.211, data: 0.002) G_GAN_ViT: 0.333 D_real_ViT: 0.281 D_fake_ViT: 0.204 global: 0.299 spatial: 0.075 
(epoch: 93, iters: 4604, time: 0.210, data: 0.002) G_GAN_ViT: 0.279 D_real_ViT: 0.160 D_fake_ViT: 0.248 global: 0.466 spatial: 0.083 
(epoch: 93, iters: 4704, time: 0.211, data: 0.002) G_GAN_ViT: 0.385 D_real_ViT: 0.166 D_fake_ViT: 0.167 global: 0.259 spatial: 0.075 
(epoch: 93, iters: 4804, time: 0.211, data: 0.002) G_GAN_ViT: 0.214 D_real_ViT: 0.291 D_fake_ViT: 0.327 global: 0.342 spatial: 0.077 
(epoch: 93, iters: 4904, time: 0.211, data: 0.002) G_GAN_ViT: 0.269 D_real_ViT: 0.178 D_fake_ViT: 0.267 global: 0.425 spatial: 0.081 
(epoch: 93, iters: 5004, time: 0.211, data: 0.002) G_GAN_ViT: 0.358 D_real_ViT: 0.194 D_fake_ViT: 0.186 global: 0.333 spatial: 0.076 
(epoch: 93, iters: 5104, time: 0.211, data: 0.002) G_GAN_ViT: 0.349 D_real_ViT: 0.220 D_fake_ViT: 0.205 global: 0.308 spatial: 0.086 
(epoch: 93, iters: 5204, time: 0.211, data: 0.002) G_GAN_ViT: 0.355 D_real_ViT: 0.195 D_fake_ViT: 0.193 global: 0.275 spatial: 0.063 
(epoch: 93, iters: 5304, time: 0.211, data: 0.002) G_GAN_ViT: 0.361 D_real_ViT: 0.235 D_fake_ViT: 0.188 global: 0.316 spatial: 0.080 
(epoch: 93, iters: 5404, time: 0.211, data: 0.002) G_GAN_ViT: 0.281 D_real_ViT: 0.256 D_fake_ViT: 0.254 global: 0.349 spatial: 0.073 
saving the latest model (epoch 93, total_iters 600000)
ICL_single_traffic_hwy
(epoch: 93, iters: 5504, time: 0.211, data: 0.001) G_GAN_ViT: 0.354 D_real_ViT: 0.156 D_fake_ViT: 0.206 global: 0.386 spatial: 0.098 
(epoch: 93, iters: 5604, time: 0.211, data: 0.002) G_GAN_ViT: 0.393 D_real_ViT: 0.327 D_fake_ViT: 0.168 global: 0.345 spatial: 0.079 
(epoch: 93, iters: 5704, time: 0.212, data: 0.002) G_GAN_ViT: 0.390 D_real_ViT: 0.275 D_fake_ViT: 0.164 global: 0.361 spatial: 0.080 
(epoch: 93, iters: 5804, time: 0.211, data: 0.002) G_GAN_ViT: 0.256 D_real_ViT: 0.158 D_fake_ViT: 0.275 global: 0.349 spatial: 0.079 
(epoch: 93, iters: 5904, time: 0.211, data: 0.002) G_GAN_ViT: 0.332 D_real_ViT: 0.269 D_fake_ViT: 0.219 global: 0.335 spatial: 0.095 
(epoch: 93, iters: 6004, time: 0.210, data: 0.002) G_GAN_ViT: 0.432 D_real_ViT: 0.296 D_fake_ViT: 0.137 global: 0.347 spatial: 0.073 
(epoch: 93, iters: 6104, time: 0.210, data: 0.002) G_GAN_ViT: 0.340 D_real_ViT: 0.161 D_fake_ViT: 0.193 global: 0.380 spatial: 0.074 
(epoch: 93, iters: 6204, time: 0.210, data: 0.002) G_GAN_ViT: 0.386 D_real_ViT: 0.435 D_fake_ViT: 0.162 global: 0.299 spatial: 0.058 
(epoch: 93, iters: 6304, time: 0.210, data: 0.002) G_GAN_ViT: 0.232 D_real_ViT: 0.165 D_fake_ViT: 0.298 global: 0.433 spatial: 0.079 
(epoch: 93, iters: 6404, time: 0.210, data: 0.002) G_GAN_ViT: 0.276 D_real_ViT: 0.180 D_fake_ViT: 0.250 global: 0.457 spatial: 0.088 
End of epoch 93 / 100 	 Time Taken: 1377 sec
learning rate = 0.0000014
(epoch: 94, iters: 41, time: 0.210, data: 0.002) G_GAN_ViT: 0.196 D_real_ViT: 0.316 D_fake_ViT: 0.343 global: 0.290 spatial: 0.057 
(epoch: 94, iters: 141, time: 0.210, data: 0.002) G_GAN_ViT: 0.298 D_real_ViT: 0.227 D_fake_ViT: 0.237 global: 0.418 spatial: 0.086 
(epoch: 94, iters: 241, time: 0.211, data: 0.002) G_GAN_ViT: 0.251 D_real_ViT: 0.312 D_fake_ViT: 0.280 global: 0.451 spatial: 0.088 
(epoch: 94, iters: 341, time: 0.210, data: 0.002) G_GAN_ViT: 0.251 D_real_ViT: 0.199 D_fake_ViT: 0.273 global: 0.425 spatial: 0.081 
(epoch: 94, iters: 441, time: 0.210, data: 0.002) G_GAN_ViT: 0.350 D_real_ViT: 0.227 D_fake_ViT: 0.202 global: 0.271 spatial: 0.061 
(epoch: 94, iters: 541, time: 0.211, data: 0.002) G_GAN_ViT: 0.400 D_real_ViT: 0.223 D_fake_ViT: 0.154 global: 0.334 spatial: 0.070 
(epoch: 94, iters: 641, time: 0.212, data: 0.002) G_GAN_ViT: 0.321 D_real_ViT: 0.160 D_fake_ViT: 0.224 global: 0.452 spatial: 0.078 
(epoch: 94, iters: 741, time: 0.212, data: 0.002) G_GAN_ViT: 0.362 D_real_ViT: 0.375 D_fake_ViT: 0.176 global: 0.289 spatial: 0.065 
(epoch: 94, iters: 841, time: 0.211, data: 0.002) G_GAN_ViT: 0.313 D_real_ViT: 0.170 D_fake_ViT: 0.225 global: 0.418 spatial: 0.093 
(epoch: 94, iters: 941, time: 0.211, data: 0.002) G_GAN_ViT: 0.223 D_real_ViT: 0.286 D_fake_ViT: 0.308 global: 0.296 spatial: 0.063 
(epoch: 94, iters: 1041, time: 0.213, data: 0.002) G_GAN_ViT: 0.278 D_real_ViT: 0.116 D_fake_ViT: 0.250 global: 0.393 spatial: 0.079 
(epoch: 94, iters: 1141, time: 0.212, data: 0.002) G_GAN_ViT: 0.332 D_real_ViT: 0.266 D_fake_ViT: 0.222 global: 0.356 spatial: 0.081 
(epoch: 94, iters: 1241, time: 0.211, data: 0.002) G_GAN_ViT: 0.234 D_real_ViT: 0.098 D_fake_ViT: 0.303 global: 0.235 spatial: 0.067 
(epoch: 94, iters: 1341, time: 0.211, data: 0.002) G_GAN_ViT: 0.362 D_real_ViT: 0.092 D_fake_ViT: 0.179 global: 0.396 spatial: 0.072 
(epoch: 94, iters: 1441, time: 0.211, data: 0.002) G_GAN_ViT: 0.214 D_real_ViT: 0.220 D_fake_ViT: 0.323 global: 0.412 spatial: 0.079 
(epoch: 94, iters: 1541, time: 0.210, data: 0.002) G_GAN_ViT: 0.342 D_real_ViT: 0.288 D_fake_ViT: 0.198 global: 0.370 spatial: 0.082 
(epoch: 94, iters: 1641, time: 0.211, data: 0.002) G_GAN_ViT: 0.311 D_real_ViT: 0.199 D_fake_ViT: 0.223 global: 0.423 spatial: 0.077 
(epoch: 94, iters: 1741, time: 0.211, data: 0.002) G_GAN_ViT: 0.300 D_real_ViT: 0.201 D_fake_ViT: 0.237 global: 0.361 spatial: 0.064 
(epoch: 94, iters: 1841, time: 0.211, data: 0.002) G_GAN_ViT: 0.388 D_real_ViT: 0.286 D_fake_ViT: 0.174 global: 0.288 spatial: 0.070 
(epoch: 94, iters: 1941, time: 0.211, data: 0.001) G_GAN_ViT: 0.169 D_real_ViT: 0.339 D_fake_ViT: 0.375 global: 0.267 spatial: 0.059 
(epoch: 94, iters: 2041, time: 0.211, data: 0.002) G_GAN_ViT: 0.273 D_real_ViT: 0.217 D_fake_ViT: 0.247 global: 0.448 spatial: 0.092 
(epoch: 94, iters: 2141, time: 0.211, data: 0.002) G_GAN_ViT: 0.267 D_real_ViT: 0.256 D_fake_ViT: 0.265 global: 0.387 spatial: 0.083 
(epoch: 94, iters: 2241, time: 0.211, data: 0.002) G_GAN_ViT: 0.250 D_real_ViT: 0.272 D_fake_ViT: 0.284 global: 0.280 spatial: 0.071 
(epoch: 94, iters: 2341, time: 0.211, data: 0.002) G_GAN_ViT: 0.217 D_real_ViT: 0.277 D_fake_ViT: 0.329 global: 0.346 spatial: 0.073 
(epoch: 94, iters: 2441, time: 0.211, data: 0.002) G_GAN_ViT: 0.167 D_real_ViT: 0.227 D_fake_ViT: 0.380 global: 0.259 spatial: 0.066 
(epoch: 94, iters: 2541, time: 0.211, data: 0.002) G_GAN_ViT: 0.390 D_real_ViT: 0.235 D_fake_ViT: 0.160 global: 0.266 spatial: 0.058 
(epoch: 94, iters: 2641, time: 0.211, data: 0.002) G_GAN_ViT: 0.349 D_real_ViT: 0.329 D_fake_ViT: 0.195 global: 0.362 spatial: 0.080 
(epoch: 94, iters: 2741, time: 0.211, data: 0.002) G_GAN_ViT: 0.314 D_real_ViT: 0.211 D_fake_ViT: 0.229 global: 0.323 spatial: 0.084 
(epoch: 94, iters: 2841, time: 0.211, data: 0.002) G_GAN_ViT: 0.285 D_real_ViT: 0.291 D_fake_ViT: 0.242 global: 0.459 spatial: 0.066 
(epoch: 94, iters: 2941, time: 0.211, data: 0.002) G_GAN_ViT: 0.298 D_real_ViT: 0.138 D_fake_ViT: 0.237 global: 0.332 spatial: 0.088 
(epoch: 94, iters: 3041, time: 0.211, data: 0.002) G_GAN_ViT: 0.345 D_real_ViT: 0.215 D_fake_ViT: 0.196 global: 0.302 spatial: 0.076 
(epoch: 94, iters: 3141, time: 0.211, data: 0.002) G_GAN_ViT: 0.306 D_real_ViT: 0.380 D_fake_ViT: 0.241 global: 0.381 spatial: 0.083 
(epoch: 94, iters: 3241, time: 0.211, data: 0.004) G_GAN_ViT: 0.343 D_real_ViT: 0.133 D_fake_ViT: 0.197 global: 0.434 spatial: 0.096 
(epoch: 94, iters: 3341, time: 0.210, data: 0.002) G_GAN_ViT: 0.195 D_real_ViT: 0.166 D_fake_ViT: 0.350 global: 0.351 spatial: 0.090 
(epoch: 94, iters: 3441, time: 0.210, data: 0.002) G_GAN_ViT: 0.342 D_real_ViT: 0.284 D_fake_ViT: 0.214 global: 0.346 spatial: 0.085 
(epoch: 94, iters: 3541, time: 0.211, data: 0.002) G_GAN_ViT: 0.264 D_real_ViT: 0.134 D_fake_ViT: 0.305 global: 0.309 spatial: 0.094 
(epoch: 94, iters: 3641, time: 0.211, data: 0.002) G_GAN_ViT: 0.282 D_real_ViT: 0.322 D_fake_ViT: 0.253 global: 0.437 spatial: 0.081 
(epoch: 94, iters: 3741, time: 0.211, data: 0.002) G_GAN_ViT: 0.276 D_real_ViT: 0.229 D_fake_ViT: 0.263 global: 0.326 spatial: 0.075 
(epoch: 94, iters: 3841, time: 0.211, data: 0.002) G_GAN_ViT: 0.358 D_real_ViT: 0.255 D_fake_ViT: 0.216 global: 0.356 spatial: 0.100 
(epoch: 94, iters: 3941, time: 0.213, data: 0.002) G_GAN_ViT: 0.275 D_real_ViT: 0.207 D_fake_ViT: 0.258 global: 0.416 spatial: 0.086 
saving the latest model (epoch 94, total_iters 605000)
ICL_single_traffic_hwy
(epoch: 94, iters: 4041, time: 0.213, data: 0.001) G_GAN_ViT: 0.347 D_real_ViT: 0.106 D_fake_ViT: 0.197 global: 0.454 spatial: 0.083 
(epoch: 94, iters: 4141, time: 0.212, data: 0.002) G_GAN_ViT: 0.328 D_real_ViT: 0.213 D_fake_ViT: 0.204 global: 0.383 spatial: 0.074 
(epoch: 94, iters: 4241, time: 0.211, data: 0.002) G_GAN_ViT: 0.266 D_real_ViT: 0.260 D_fake_ViT: 0.264 global: 0.423 spatial: 0.071 
(epoch: 94, iters: 4341, time: 0.211, data: 0.002) G_GAN_ViT: 0.286 D_real_ViT: 0.232 D_fake_ViT: 0.258 global: 0.364 spatial: 0.090 
(epoch: 94, iters: 4441, time: 0.212, data: 0.002) G_GAN_ViT: 0.331 D_real_ViT: 0.219 D_fake_ViT: 0.203 global: 0.406 spatial: 0.086 
(epoch: 94, iters: 4541, time: 0.212, data: 0.002) G_GAN_ViT: 0.278 D_real_ViT: 0.226 D_fake_ViT: 0.251 global: 0.372 spatial: 0.089 
(epoch: 94, iters: 4641, time: 0.211, data: 0.002) G_GAN_ViT: 0.340 D_real_ViT: 0.283 D_fake_ViT: 0.197 global: 0.285 spatial: 0.047 
(epoch: 94, iters: 4741, time: 0.210, data: 0.002) G_GAN_ViT: 0.270 D_real_ViT: 0.283 D_fake_ViT: 0.257 global: 0.379 spatial: 0.073 
(epoch: 94, iters: 4841, time: 0.210, data: 0.002) G_GAN_ViT: 0.397 D_real_ViT: 0.148 D_fake_ViT: 0.165 global: 0.390 spatial: 0.082 
(epoch: 94, iters: 4941, time: 0.210, data: 0.002) G_GAN_ViT: 0.333 D_real_ViT: 0.247 D_fake_ViT: 0.201 global: 0.371 spatial: 0.072 
(epoch: 94, iters: 5041, time: 0.210, data: 0.002) G_GAN_ViT: 0.374 D_real_ViT: 0.089 D_fake_ViT: 0.175 global: 0.326 spatial: 0.064 
(epoch: 94, iters: 5141, time: 0.210, data: 0.002) G_GAN_ViT: 0.254 D_real_ViT: 0.398 D_fake_ViT: 0.267 global: 0.429 spatial: 0.082 
(epoch: 94, iters: 5241, time: 0.210, data: 0.002) G_GAN_ViT: 0.309 D_real_ViT: 0.333 D_fake_ViT: 0.232 global: 0.273 spatial: 0.076 
(epoch: 94, iters: 5341, time: 0.210, data: 0.002) G_GAN_ViT: 0.392 D_real_ViT: 0.226 D_fake_ViT: 0.160 global: 0.268 spatial: 0.063 
(epoch: 94, iters: 5441, time: 0.210, data: 0.001) G_GAN_ViT: 0.325 D_real_ViT: 0.328 D_fake_ViT: 0.222 global: 0.310 spatial: 0.087 
(epoch: 94, iters: 5541, time: 0.210, data: 0.002) G_GAN_ViT: 0.307 D_real_ViT: 0.253 D_fake_ViT: 0.233 global: 0.243 spatial: 0.068 
(epoch: 94, iters: 5641, time: 0.210, data: 0.002) G_GAN_ViT: 0.167 D_real_ViT: 0.258 D_fake_ViT: 0.378 global: 0.265 spatial: 0.078 
(epoch: 94, iters: 5741, time: 0.210, data: 0.002) G_GAN_ViT: 0.395 D_real_ViT: 0.173 D_fake_ViT: 0.166 global: 0.319 spatial: 0.087 
(epoch: 94, iters: 5841, time: 0.211, data: 0.002) G_GAN_ViT: 0.264 D_real_ViT: 0.206 D_fake_ViT: 0.273 global: 0.426 spatial: 0.091 
(epoch: 94, iters: 5941, time: 0.210, data: 0.001) G_GAN_ViT: 0.332 D_real_ViT: 0.120 D_fake_ViT: 0.205 global: 0.292 spatial: 0.073 
(epoch: 94, iters: 6041, time: 0.210, data: 0.002) G_GAN_ViT: 0.270 D_real_ViT: 0.209 D_fake_ViT: 0.261 global: 0.413 spatial: 0.091 
(epoch: 94, iters: 6141, time: 0.210, data: 0.002) G_GAN_ViT: 0.296 D_real_ViT: 0.230 D_fake_ViT: 0.234 global: 0.363 spatial: 0.082 
(epoch: 94, iters: 6241, time: 0.211, data: 0.002) G_GAN_ViT: 0.311 D_real_ViT: 0.318 D_fake_ViT: 0.235 global: 0.461 spatial: 0.097 
(epoch: 94, iters: 6341, time: 0.211, data: 0.001) G_GAN_ViT: 0.280 D_real_ViT: 0.184 D_fake_ViT: 0.251 global: 0.430 spatial: 0.091 
(epoch: 94, iters: 6441, time: 0.211, data: 0.001) G_GAN_ViT: 0.298 D_real_ViT: 0.249 D_fake_ViT: 0.228 global: 0.398 spatial: 0.072 
End of epoch 94 / 100 	 Time Taken: 1375 sec
learning rate = 0.0000012
(epoch: 95, iters: 78, time: 0.210, data: 0.001) G_GAN_ViT: 0.342 D_real_ViT: 0.267 D_fake_ViT: 0.207 global: 0.287 spatial: 0.065 
(epoch: 95, iters: 178, time: 0.210, data: 0.002) G_GAN_ViT: 0.228 D_real_ViT: 0.331 D_fake_ViT: 0.316 global: 0.340 spatial: 0.082 
(epoch: 95, iters: 278, time: 0.211, data: 0.002) G_GAN_ViT: 0.307 D_real_ViT: 0.237 D_fake_ViT: 0.234 global: 0.245 spatial: 0.067 
(epoch: 95, iters: 378, time: 0.211, data: 0.002) G_GAN_ViT: 0.301 D_real_ViT: 0.309 D_fake_ViT: 0.225 global: 0.426 spatial: 0.079 
(epoch: 95, iters: 478, time: 0.210, data: 0.002) G_GAN_ViT: 0.370 D_real_ViT: 0.198 D_fake_ViT: 0.180 global: 0.250 spatial: 0.058 
(epoch: 95, iters: 578, time: 0.210, data: 0.002) G_GAN_ViT: 0.177 D_real_ViT: 0.287 D_fake_ViT: 0.366 global: 0.332 spatial: 0.082 
(epoch: 95, iters: 678, time: 0.210, data: 0.002) G_GAN_ViT: 0.278 D_real_ViT: 0.077 D_fake_ViT: 0.252 global: 0.227 spatial: 0.063 
(epoch: 95, iters: 778, time: 0.210, data: 0.002) G_GAN_ViT: 0.320 D_real_ViT: 0.357 D_fake_ViT: 0.210 global: 0.340 spatial: 0.075 
(epoch: 95, iters: 878, time: 0.210, data: 0.002) G_GAN_ViT: 0.243 D_real_ViT: 0.188 D_fake_ViT: 0.315 global: 0.292 spatial: 0.087 
(epoch: 95, iters: 978, time: 0.210, data: 0.002) G_GAN_ViT: 0.159 D_real_ViT: 0.100 D_fake_ViT: 0.394 global: 0.267 spatial: 0.070 
(epoch: 95, iters: 1078, time: 0.210, data: 0.002) G_GAN_ViT: 0.284 D_real_ViT: 0.280 D_fake_ViT: 0.243 global: 0.361 spatial: 0.074 
(epoch: 95, iters: 1178, time: 0.210, data: 0.002) G_GAN_ViT: 0.319 D_real_ViT: 0.327 D_fake_ViT: 0.219 global: 0.404 spatial: 0.081 
(epoch: 95, iters: 1278, time: 0.210, data: 0.002) G_GAN_ViT: 0.332 D_real_ViT: 0.098 D_fake_ViT: 0.209 global: 0.367 spatial: 0.084 
(epoch: 95, iters: 1378, time: 0.210, data: 0.002) G_GAN_ViT: 0.353 D_real_ViT: 0.107 D_fake_ViT: 0.189 global: 0.313 spatial: 0.069 
(epoch: 95, iters: 1478, time: 0.210, data: 0.002) G_GAN_ViT: 0.328 D_real_ViT: 0.195 D_fake_ViT: 0.206 global: 0.392 spatial: 0.073 
(epoch: 95, iters: 1578, time: 0.210, data: 0.002) G_GAN_ViT: 0.254 D_real_ViT: 0.349 D_fake_ViT: 0.273 global: 0.447 spatial: 0.082 
(epoch: 95, iters: 1678, time: 0.210, data: 0.002) G_GAN_ViT: 0.327 D_real_ViT: 0.210 D_fake_ViT: 0.202 global: 0.370 spatial: 0.077 
(epoch: 95, iters: 1778, time: 0.210, data: 0.002) G_GAN_ViT: 0.246 D_real_ViT: 0.212 D_fake_ViT: 0.286 global: 0.323 spatial: 0.074 
(epoch: 95, iters: 1878, time: 0.210, data: 0.002) G_GAN_ViT: 0.294 D_real_ViT: 0.310 D_fake_ViT: 0.236 global: 0.218 spatial: 0.073 
(epoch: 95, iters: 1978, time: 0.210, data: 0.002) G_GAN_ViT: 0.349 D_real_ViT: 0.213 D_fake_ViT: 0.200 global: 0.302 spatial: 0.080 
(epoch: 95, iters: 2078, time: 0.211, data: 0.002) G_GAN_ViT: 0.313 D_real_ViT: 0.131 D_fake_ViT: 0.214 global: 0.358 spatial: 0.086 
(epoch: 95, iters: 2178, time: 0.212, data: 0.002) G_GAN_ViT: 0.338 D_real_ViT: 0.299 D_fake_ViT: 0.205 global: 0.296 spatial: 0.067 
(epoch: 95, iters: 2278, time: 0.212, data: 0.002) G_GAN_ViT: 0.227 D_real_ViT: 0.197 D_fake_ViT: 0.303 global: 0.265 spatial: 0.067 
(epoch: 95, iters: 2378, time: 0.213, data: 0.001) G_GAN_ViT: 0.295 D_real_ViT: 0.245 D_fake_ViT: 0.237 global: 0.282 spatial: 0.074 
(epoch: 95, iters: 2478, time: 0.211, data: 0.002) G_GAN_ViT: 0.375 D_real_ViT: 0.291 D_fake_ViT: 0.169 global: 0.354 spatial: 0.084 
saving the latest model (epoch 95, total_iters 610000)
ICL_single_traffic_hwy
(epoch: 95, iters: 2578, time: 0.210, data: 0.001) G_GAN_ViT: 0.382 D_real_ViT: 0.113 D_fake_ViT: 0.169 global: 0.285 spatial: 0.065 
(epoch: 95, iters: 2678, time: 0.210, data: 0.002) G_GAN_ViT: 0.252 D_real_ViT: 0.201 D_fake_ViT: 0.283 global: 0.362 spatial: 0.087 
(epoch: 95, iters: 2778, time: 0.210, data: 0.002) G_GAN_ViT: 0.259 D_real_ViT: 0.206 D_fake_ViT: 0.273 global: 0.389 spatial: 0.083 
(epoch: 95, iters: 2878, time: 0.210, data: 0.002) G_GAN_ViT: 0.389 D_real_ViT: 0.369 D_fake_ViT: 0.167 global: 0.318 spatial: 0.076 
(epoch: 95, iters: 2978, time: 0.211, data: 0.002) G_GAN_ViT: 0.374 D_real_ViT: 0.354 D_fake_ViT: 0.176 global: 0.275 spatial: 0.061 
(epoch: 95, iters: 3078, time: 0.211, data: 0.002) G_GAN_ViT: 0.319 D_real_ViT: 0.159 D_fake_ViT: 0.227 global: 0.468 spatial: 0.093 
(epoch: 95, iters: 3178, time: 0.211, data: 0.002) G_GAN_ViT: 0.274 D_real_ViT: 0.200 D_fake_ViT: 0.248 global: 0.420 spatial: 0.073 
(epoch: 95, iters: 3278, time: 0.211, data: 0.002) G_GAN_ViT: 0.342 D_real_ViT: 0.198 D_fake_ViT: 0.198 global: 0.258 spatial: 0.067 
(epoch: 95, iters: 3378, time: 0.211, data: 0.002) G_GAN_ViT: 0.353 D_real_ViT: 0.158 D_fake_ViT: 0.188 global: 0.360 spatial: 0.074 
(epoch: 95, iters: 3478, time: 0.211, data: 0.002) G_GAN_ViT: 0.314 D_real_ViT: 0.246 D_fake_ViT: 0.218 global: 0.229 spatial: 0.058 
(epoch: 95, iters: 3578, time: 0.210, data: 0.002) G_GAN_ViT: 0.292 D_real_ViT: 0.287 D_fake_ViT: 0.235 global: 0.482 spatial: 0.102 
(epoch: 95, iters: 3678, time: 0.210, data: 0.002) G_GAN_ViT: 0.383 D_real_ViT: 0.421 D_fake_ViT: 0.177 global: 0.278 spatial: 0.063 
(epoch: 95, iters: 3778, time: 0.210, data: 0.002) G_GAN_ViT: 0.260 D_real_ViT: 0.303 D_fake_ViT: 0.283 global: 0.427 spatial: 0.083 
(epoch: 95, iters: 3878, time: 0.210, data: 0.002) G_GAN_ViT: 0.331 D_real_ViT: 0.301 D_fake_ViT: 0.201 global: 0.364 spatial: 0.079 
(epoch: 95, iters: 3978, time: 0.210, data: 0.002) G_GAN_ViT: 0.303 D_real_ViT: 0.155 D_fake_ViT: 0.236 global: 0.314 spatial: 0.081 
(epoch: 95, iters: 4078, time: 0.210, data: 0.002) G_GAN_ViT: 0.261 D_real_ViT: 0.284 D_fake_ViT: 0.266 global: 0.421 spatial: 0.093 
(epoch: 95, iters: 4178, time: 0.210, data: 0.002) G_GAN_ViT: 0.350 D_real_ViT: 0.304 D_fake_ViT: 0.191 global: 0.432 spatial: 0.084 
(epoch: 95, iters: 4278, time: 0.210, data: 0.002) G_GAN_ViT: 0.397 D_real_ViT: 0.107 D_fake_ViT: 0.155 global: 0.342 spatial: 0.074 
(epoch: 95, iters: 4378, time: 0.210, data: 0.001) G_GAN_ViT: 0.348 D_real_ViT: 0.182 D_fake_ViT: 0.200 global: 0.391 spatial: 0.092 
(epoch: 95, iters: 4478, time: 0.216, data: 0.001) G_GAN_ViT: 0.378 D_real_ViT: 0.199 D_fake_ViT: 0.187 global: 0.274 spatial: 0.064 
(epoch: 95, iters: 4578, time: 0.215, data: 0.002) G_GAN_ViT: 0.318 D_real_ViT: 0.286 D_fake_ViT: 0.211 global: 0.380 spatial: 0.091 
(epoch: 95, iters: 4678, time: 0.213, data: 0.002) G_GAN_ViT: 0.395 D_real_ViT: 0.273 D_fake_ViT: 0.161 global: 0.278 spatial: 0.078 
(epoch: 95, iters: 4778, time: 0.211, data: 0.002) G_GAN_ViT: 0.403 D_real_ViT: 0.317 D_fake_ViT: 0.155 global: 0.252 spatial: 0.063 
(epoch: 95, iters: 4878, time: 0.212, data: 0.002) G_GAN_ViT: 0.248 D_real_ViT: 0.273 D_fake_ViT: 0.275 global: 0.453 spatial: 0.088 
(epoch: 95, iters: 4978, time: 0.211, data: 0.002) G_GAN_ViT: 0.341 D_real_ViT: 0.284 D_fake_ViT: 0.192 global: 0.402 spatial: 0.076 
(epoch: 95, iters: 5078, time: 0.210, data: 0.002) G_GAN_ViT: 0.385 D_real_ViT: 0.258 D_fake_ViT: 0.174 global: 0.453 spatial: 0.088 
(epoch: 95, iters: 5178, time: 0.210, data: 0.002) G_GAN_ViT: 0.378 D_real_ViT: 0.221 D_fake_ViT: 0.179 global: 0.391 spatial: 0.093 
(epoch: 95, iters: 5278, time: 0.210, data: 0.002) G_GAN_ViT: 0.366 D_real_ViT: 0.310 D_fake_ViT: 0.184 global: 0.271 spatial: 0.076 
(epoch: 95, iters: 5378, time: 0.210, data: 0.002) G_GAN_ViT: 0.346 D_real_ViT: 0.362 D_fake_ViT: 0.188 global: 0.322 spatial: 0.071 
(epoch: 95, iters: 5478, time: 0.209, data: 0.002) G_GAN_ViT: 0.316 D_real_ViT: 0.227 D_fake_ViT: 0.213 global: 0.363 spatial: 0.087 
(epoch: 95, iters: 5578, time: 0.209, data: 0.002) G_GAN_ViT: 0.348 D_real_ViT: 0.185 D_fake_ViT: 0.188 global: 0.418 spatial: 0.083 
(epoch: 95, iters: 5678, time: 0.209, data: 0.002) G_GAN_ViT: 0.242 D_real_ViT: 0.221 D_fake_ViT: 0.289 global: 0.348 spatial: 0.072 
(epoch: 95, iters: 5778, time: 0.208, data: 0.002) G_GAN_ViT: 0.354 D_real_ViT: 0.357 D_fake_ViT: 0.185 global: 0.281 spatial: 0.075 
(epoch: 95, iters: 5878, time: 0.208, data: 0.002) G_GAN_ViT: 0.312 D_real_ViT: 0.187 D_fake_ViT: 0.217 global: 0.387 spatial: 0.071 
(epoch: 95, iters: 5978, time: 0.209, data: 0.002) G_GAN_ViT: 0.335 D_real_ViT: 0.280 D_fake_ViT: 0.193 global: 0.289 spatial: 0.065 
(epoch: 95, iters: 6078, time: 0.209, data: 0.002) G_GAN_ViT: 0.316 D_real_ViT: 0.332 D_fake_ViT: 0.230 global: 0.434 spatial: 0.091 
(epoch: 95, iters: 6178, time: 0.209, data: 0.002) G_GAN_ViT: 0.361 D_real_ViT: 0.187 D_fake_ViT: 0.181 global: 0.342 spatial: 0.077 
(epoch: 95, iters: 6278, time: 0.208, data: 0.002) G_GAN_ViT: 0.290 D_real_ViT: 0.171 D_fake_ViT: 0.235 global: 0.464 spatial: 0.093 
(epoch: 95, iters: 6378, time: 0.208, data: 0.001) G_GAN_ViT: 0.325 D_real_ViT: 0.251 D_fake_ViT: 0.207 global: 0.304 spatial: 0.063 
saving the model at the end of epoch 95, iters 613985
End of epoch 95 / 100 	 Time Taken: 1371 sec
learning rate = 0.0000010
(epoch: 96, iters: 15, time: 0.209, data: 0.002) G_GAN_ViT: 0.337 D_real_ViT: 0.071 D_fake_ViT: 0.203 global: 0.419 spatial: 0.087 
(epoch: 96, iters: 115, time: 0.209, data: 0.002) G_GAN_ViT: 0.339 D_real_ViT: 0.212 D_fake_ViT: 0.198 global: 0.424 spatial: 0.079 
(epoch: 96, iters: 215, time: 0.210, data: 0.002) G_GAN_ViT: 0.317 D_real_ViT: 0.240 D_fake_ViT: 0.224 global: 0.387 spatial: 0.075 
(epoch: 96, iters: 315, time: 0.210, data: 0.002) G_GAN_ViT: 0.358 D_real_ViT: 0.146 D_fake_ViT: 0.200 global: 0.310 spatial: 0.081 
(epoch: 96, iters: 415, time: 0.209, data: 0.002) G_GAN_ViT: 0.288 D_real_ViT: 0.275 D_fake_ViT: 0.249 global: 0.396 spatial: 0.083 
(epoch: 96, iters: 515, time: 0.209, data: 0.001) G_GAN_ViT: 0.364 D_real_ViT: 0.184 D_fake_ViT: 0.178 global: 0.306 spatial: 0.067 
(epoch: 96, iters: 615, time: 0.209, data: 0.001) G_GAN_ViT: 0.316 D_real_ViT: 0.203 D_fake_ViT: 0.214 global: 0.303 spatial: 0.062 
(epoch: 96, iters: 715, time: 0.208, data: 0.002) G_GAN_ViT: 0.253 D_real_ViT: 0.151 D_fake_ViT: 0.294 global: 0.426 spatial: 0.099 
(epoch: 96, iters: 815, time: 0.209, data: 0.001) G_GAN_ViT: 0.214 D_real_ViT: 0.287 D_fake_ViT: 0.340 global: 0.315 spatial: 0.068 
(epoch: 96, iters: 915, time: 0.209, data: 0.002) G_GAN_ViT: 0.272 D_real_ViT: 0.250 D_fake_ViT: 0.247 global: 0.404 spatial: 0.073 
(epoch: 96, iters: 1015, time: 0.209, data: 0.001) G_GAN_ViT: 0.318 D_real_ViT: 0.246 D_fake_ViT: 0.216 global: 0.351 spatial: 0.066 
saving the latest model (epoch 96, total_iters 615000)
ICL_single_traffic_hwy
(epoch: 96, iters: 1115, time: 0.210, data: 0.002) G_GAN_ViT: 0.363 D_real_ViT: 0.236 D_fake_ViT: 0.179 global: 0.299 spatial: 0.075 
(epoch: 96, iters: 1215, time: 0.214, data: 0.002) G_GAN_ViT: 0.419 D_real_ViT: 0.285 D_fake_ViT: 0.148 global: 0.288 spatial: 0.082 
(epoch: 96, iters: 1315, time: 0.212, data: 0.002) G_GAN_ViT: 0.249 D_real_ViT: 0.255 D_fake_ViT: 0.271 global: 0.374 spatial: 0.070 
(epoch: 96, iters: 1415, time: 0.216, data: 0.001) G_GAN_ViT: 0.393 D_real_ViT: 0.367 D_fake_ViT: 0.163 global: 0.254 spatial: 0.059 
(epoch: 96, iters: 1515, time: 0.218, data: 0.002) G_GAN_ViT: 0.353 D_real_ViT: 0.155 D_fake_ViT: 0.187 global: 0.289 spatial: 0.068 
(epoch: 96, iters: 1615, time: 0.216, data: 0.002) G_GAN_ViT: 0.198 D_real_ViT: 0.168 D_fake_ViT: 0.338 global: 0.288 spatial: 0.063 
(epoch: 96, iters: 1715, time: 0.214, data: 0.002) G_GAN_ViT: 0.207 D_real_ViT: 0.276 D_fake_ViT: 0.327 global: 0.422 spatial: 0.085 
(epoch: 96, iters: 1815, time: 0.213, data: 0.002) G_GAN_ViT: 0.258 D_real_ViT: 0.405 D_fake_ViT: 0.278 global: 0.350 spatial: 0.081 
(epoch: 96, iters: 1915, time: 0.212, data: 0.001) G_GAN_ViT: 0.295 D_real_ViT: 0.263 D_fake_ViT: 0.235 global: 0.366 spatial: 0.080 
(epoch: 96, iters: 2015, time: 0.211, data: 0.002) G_GAN_ViT: 0.331 D_real_ViT: 0.105 D_fake_ViT: 0.200 global: 0.269 spatial: 0.061 
(epoch: 96, iters: 2115, time: 0.213, data: 0.002) G_GAN_ViT: 0.263 D_real_ViT: 0.398 D_fake_ViT: 0.263 global: 0.447 spatial: 0.086 
(epoch: 96, iters: 2215, time: 0.212, data: 0.002) G_GAN_ViT: 0.384 D_real_ViT: 0.216 D_fake_ViT: 0.168 global: 0.303 spatial: 0.074 
(epoch: 96, iters: 2315, time: 0.212, data: 0.001) G_GAN_ViT: 0.260 D_real_ViT: 0.336 D_fake_ViT: 0.264 global: 0.438 spatial: 0.085 
(epoch: 96, iters: 2415, time: 0.211, data: 0.001) G_GAN_ViT: 0.219 D_real_ViT: 0.239 D_fake_ViT: 0.315 global: 0.274 spatial: 0.069 
(epoch: 96, iters: 2515, time: 0.211, data: 0.002) G_GAN_ViT: 0.317 D_real_ViT: 0.149 D_fake_ViT: 0.212 global: 0.363 spatial: 0.084 
(epoch: 96, iters: 2615, time: 0.211, data: 0.002) G_GAN_ViT: 0.381 D_real_ViT: 0.249 D_fake_ViT: 0.184 global: 0.334 spatial: 0.079 
(epoch: 96, iters: 2715, time: 0.211, data: 0.001) G_GAN_ViT: 0.260 D_real_ViT: 0.097 D_fake_ViT: 0.272 global: 0.386 spatial: 0.077 
(epoch: 96, iters: 2815, time: 0.211, data: 0.001) G_GAN_ViT: 0.315 D_real_ViT: 0.296 D_fake_ViT: 0.233 global: 0.334 spatial: 0.071 
(epoch: 96, iters: 2915, time: 0.211, data: 0.001) G_GAN_ViT: 0.306 D_real_ViT: 0.256 D_fake_ViT: 0.231 global: 0.453 spatial: 0.099 
(epoch: 96, iters: 3015, time: 0.211, data: 0.002) G_GAN_ViT: 0.310 D_real_ViT: 0.190 D_fake_ViT: 0.217 global: 0.380 spatial: 0.075 
(epoch: 96, iters: 3115, time: 0.210, data: 0.002) G_GAN_ViT: 0.188 D_real_ViT: 0.231 D_fake_ViT: 0.354 global: 0.327 spatial: 0.073 
(epoch: 96, iters: 3215, time: 0.209, data: 0.002) G_GAN_ViT: 0.373 D_real_ViT: 0.093 D_fake_ViT: 0.175 global: 0.252 spatial: 0.058 
(epoch: 96, iters: 3315, time: 0.210, data: 0.002) G_GAN_ViT: 0.229 D_real_ViT: 0.330 D_fake_ViT: 0.306 global: 0.356 spatial: 0.082 
(epoch: 96, iters: 3415, time: 0.210, data: 0.002) G_GAN_ViT: 0.349 D_real_ViT: 0.274 D_fake_ViT: 0.222 global: 0.354 spatial: 0.100 
(epoch: 96, iters: 3515, time: 0.212, data: 0.002) G_GAN_ViT: 0.386 D_real_ViT: 0.242 D_fake_ViT: 0.167 global: 0.398 spatial: 0.082 
(epoch: 96, iters: 3615, time: 0.212, data: 0.002) G_GAN_ViT: 0.322 D_real_ViT: 0.234 D_fake_ViT: 0.208 global: 0.367 spatial: 0.087 
(epoch: 96, iters: 3715, time: 0.212, data: 0.002) G_GAN_ViT: 0.354 D_real_ViT: 0.298 D_fake_ViT: 0.185 global: 0.306 spatial: 0.071 
(epoch: 96, iters: 3815, time: 0.211, data: 0.002) G_GAN_ViT: 0.361 D_real_ViT: 0.142 D_fake_ViT: 0.180 global: 0.335 spatial: 0.070 
(epoch: 96, iters: 3915, time: 0.211, data: 0.002) G_GAN_ViT: 0.327 D_real_ViT: 0.169 D_fake_ViT: 0.205 global: 0.444 spatial: 0.083 
(epoch: 96, iters: 4015, time: 0.211, data: 0.002) G_GAN_ViT: 0.408 D_real_ViT: 0.224 D_fake_ViT: 0.157 global: 0.299 spatial: 0.074 
(epoch: 96, iters: 4115, time: 0.211, data: 0.002) G_GAN_ViT: 0.276 D_real_ViT: 0.260 D_fake_ViT: 0.245 global: 0.450 spatial: 0.085 
(epoch: 96, iters: 4215, time: 0.211, data: 0.002) G_GAN_ViT: 0.444 D_real_ViT: 0.292 D_fake_ViT: 0.136 global: 0.263 spatial: 0.063 
(epoch: 96, iters: 4315, time: 0.211, data: 0.002) G_GAN_ViT: 0.237 D_real_ViT: 0.173 D_fake_ViT: 0.301 global: 0.326 spatial: 0.075 
(epoch: 96, iters: 4415, time: 0.211, data: 0.002) G_GAN_ViT: 0.359 D_real_ViT: 0.299 D_fake_ViT: 0.195 global: 0.310 spatial: 0.073 
(epoch: 96, iters: 4515, time: 0.211, data: 0.002) G_GAN_ViT: 0.298 D_real_ViT: 0.346 D_fake_ViT: 0.222 global: 0.444 spatial: 0.081 
(epoch: 96, iters: 4615, time: 0.211, data: 0.002) G_GAN_ViT: 0.349 D_real_ViT: 0.357 D_fake_ViT: 0.223 global: 0.348 spatial: 0.104 
(epoch: 96, iters: 4715, time: 0.211, data: 0.002) G_GAN_ViT: 0.361 D_real_ViT: 0.416 D_fake_ViT: 0.184 global: 0.325 spatial: 0.080 
(epoch: 96, iters: 4815, time: 0.212, data: 0.002) G_GAN_ViT: 0.271 D_real_ViT: 0.387 D_fake_ViT: 0.264 global: 0.435 spatial: 0.108 
(epoch: 96, iters: 4915, time: 0.211, data: 0.001) G_GAN_ViT: 0.360 D_real_ViT: 0.102 D_fake_ViT: 0.185 global: 0.242 spatial: 0.069 
(epoch: 96, iters: 5015, time: 0.211, data: 0.002) G_GAN_ViT: 0.343 D_real_ViT: 0.240 D_fake_ViT: 0.193 global: 0.374 spatial: 0.097 
(epoch: 96, iters: 5115, time: 0.211, data: 0.002) G_GAN_ViT: 0.360 D_real_ViT: 0.237 D_fake_ViT: 0.188 global: 0.418 spatial: 0.074 
(epoch: 96, iters: 5215, time: 0.211, data: 0.002) G_GAN_ViT: 0.377 D_real_ViT: 0.252 D_fake_ViT: 0.169 global: 0.368 spatial: 0.068 
(epoch: 96, iters: 5315, time: 0.211, data: 0.002) G_GAN_ViT: 0.418 D_real_ViT: 0.235 D_fake_ViT: 0.146 global: 0.300 spatial: 0.073 
(epoch: 96, iters: 5415, time: 0.211, data: 0.002) G_GAN_ViT: 0.281 D_real_ViT: 0.298 D_fake_ViT: 0.251 global: 0.466 spatial: 0.093 
(epoch: 96, iters: 5515, time: 0.211, data: 0.002) G_GAN_ViT: 0.288 D_real_ViT: 0.286 D_fake_ViT: 0.231 global: 0.398 spatial: 0.071 
(epoch: 96, iters: 5615, time: 0.211, data: 0.002) G_GAN_ViT: 0.354 D_real_ViT: 0.165 D_fake_ViT: 0.192 global: 0.360 spatial: 0.079 
(epoch: 96, iters: 5715, time: 0.212, data: 0.002) G_GAN_ViT: 0.325 D_real_ViT: 0.168 D_fake_ViT: 0.215 global: 0.383 spatial: 0.089 
(epoch: 96, iters: 5815, time: 0.211, data: 0.002) G_GAN_ViT: 0.348 D_real_ViT: 0.221 D_fake_ViT: 0.205 global: 0.405 spatial: 0.081 
(epoch: 96, iters: 5915, time: 0.211, data: 0.002) G_GAN_ViT: 0.345 D_real_ViT: 0.276 D_fake_ViT: 0.201 global: 0.315 spatial: 0.090 
(epoch: 96, iters: 6015, time: 0.211, data: 0.002) G_GAN_ViT: 0.271 D_real_ViT: 0.115 D_fake_ViT: 0.249 global: 0.392 spatial: 0.068 
saving the latest model (epoch 96, total_iters 620000)
ICL_single_traffic_hwy
(epoch: 96, iters: 6115, time: 0.211, data: 0.002) G_GAN_ViT: 0.361 D_real_ViT: 0.253 D_fake_ViT: 0.183 global: 0.260 spatial: 0.065 
(epoch: 96, iters: 6215, time: 0.211, data: 0.002) G_GAN_ViT: 0.263 D_real_ViT: 0.144 D_fake_ViT: 0.261 global: 0.389 spatial: 0.064 
(epoch: 96, iters: 6315, time: 0.211, data: 0.001) G_GAN_ViT: 0.321 D_real_ViT: 0.131 D_fake_ViT: 0.207 global: 0.400 spatial: 0.084 
(epoch: 96, iters: 6415, time: 0.211, data: 0.002) G_GAN_ViT: 0.352 D_real_ViT: 0.081 D_fake_ViT: 0.198 global: 0.246 spatial: 0.069 
End of epoch 96 / 100 	 Time Taken: 1377 sec
learning rate = 0.0000008
(epoch: 97, iters: 52, time: 0.211, data: 0.002) G_GAN_ViT: 0.278 D_real_ViT: 0.282 D_fake_ViT: 0.259 global: 0.366 spatial: 0.083 
(epoch: 97, iters: 152, time: 0.211, data: 0.002) G_GAN_ViT: 0.327 D_real_ViT: 0.254 D_fake_ViT: 0.212 global: 0.441 spatial: 0.085 
(epoch: 97, iters: 252, time: 0.212, data: 0.002) G_GAN_ViT: 0.329 D_real_ViT: 0.403 D_fake_ViT: 0.212 global: 0.372 spatial: 0.083 
(epoch: 97, iters: 352, time: 0.211, data: 0.002) G_GAN_ViT: 0.263 D_real_ViT: 0.193 D_fake_ViT: 0.281 global: 0.288 spatial: 0.082 
(epoch: 97, iters: 452, time: 0.210, data: 0.002) G_GAN_ViT: 0.269 D_real_ViT: 0.156 D_fake_ViT: 0.272 global: 0.418 spatial: 0.090 
(epoch: 97, iters: 552, time: 0.210, data: 0.002) G_GAN_ViT: 0.336 D_real_ViT: 0.376 D_fake_ViT: 0.211 global: 0.247 spatial: 0.067 
(epoch: 97, iters: 652, time: 0.210, data: 0.002) G_GAN_ViT: 0.287 D_real_ViT: 0.305 D_fake_ViT: 0.256 global: 0.253 spatial: 0.066 
(epoch: 97, iters: 752, time: 0.210, data: 0.002) G_GAN_ViT: 0.307 D_real_ViT: 0.294 D_fake_ViT: 0.219 global: 0.401 spatial: 0.084 
(epoch: 97, iters: 852, time: 0.210, data: 0.002) G_GAN_ViT: 0.287 D_real_ViT: 0.208 D_fake_ViT: 0.235 global: 0.477 spatial: 0.092 
(epoch: 97, iters: 952, time: 0.210, data: 0.002) G_GAN_ViT: 0.314 D_real_ViT: 0.150 D_fake_ViT: 0.217 global: 0.449 spatial: 0.094 
(epoch: 97, iters: 1052, time: 0.210, data: 0.002) G_GAN_ViT: 0.338 D_real_ViT: 0.144 D_fake_ViT: 0.203 global: 0.269 spatial: 0.075 
(epoch: 97, iters: 1152, time: 0.210, data: 0.002) G_GAN_ViT: 0.324 D_real_ViT: 0.178 D_fake_ViT: 0.213 global: 0.370 spatial: 0.074 
(epoch: 97, iters: 1252, time: 0.210, data: 0.002) G_GAN_ViT: 0.358 D_real_ViT: 0.208 D_fake_ViT: 0.189 global: 0.270 spatial: 0.071 
(epoch: 97, iters: 1352, time: 0.210, data: 0.002) G_GAN_ViT: 0.323 D_real_ViT: 0.200 D_fake_ViT: 0.213 global: 0.236 spatial: 0.065 
(epoch: 97, iters: 1452, time: 0.212, data: 0.002) G_GAN_ViT: 0.208 D_real_ViT: 0.308 D_fake_ViT: 0.331 global: 0.343 spatial: 0.083 
(epoch: 97, iters: 1552, time: 0.212, data: 0.002) G_GAN_ViT: 0.270 D_real_ViT: 0.261 D_fake_ViT: 0.270 global: 0.294 spatial: 0.085 
(epoch: 97, iters: 1652, time: 0.211, data: 0.002) G_GAN_ViT: 0.329 D_real_ViT: 0.258 D_fake_ViT: 0.215 global: 0.406 spatial: 0.090 
(epoch: 97, iters: 1752, time: 0.211, data: 0.002) G_GAN_ViT: 0.242 D_real_ViT: 0.293 D_fake_ViT: 0.302 global: 0.392 spatial: 0.080 
(epoch: 97, iters: 1852, time: 0.211, data: 0.002) G_GAN_ViT: 0.344 D_real_ViT: 0.232 D_fake_ViT: 0.209 global: 0.342 spatial: 0.090 
(epoch: 97, iters: 1952, time: 0.211, data: 0.002) G_GAN_ViT: 0.347 D_real_ViT: 0.273 D_fake_ViT: 0.189 global: 0.324 spatial: 0.078 
(epoch: 97, iters: 2052, time: 0.211, data: 0.002) G_GAN_ViT: 0.343 D_real_ViT: 0.361 D_fake_ViT: 0.215 global: 0.467 spatial: 0.095 
(epoch: 97, iters: 2152, time: 0.212, data: 0.002) G_GAN_ViT: 0.337 D_real_ViT: 0.232 D_fake_ViT: 0.200 global: 0.378 spatial: 0.077 
(epoch: 97, iters: 2252, time: 0.211, data: 0.002) G_GAN_ViT: 0.360 D_real_ViT: 0.129 D_fake_ViT: 0.178 global: 0.416 spatial: 0.078 
(epoch: 97, iters: 2352, time: 0.211, data: 0.002) G_GAN_ViT: 0.356 D_real_ViT: 0.335 D_fake_ViT: 0.185 global: 0.325 spatial: 0.078 
(epoch: 97, iters: 2452, time: 0.211, data: 0.002) G_GAN_ViT: 0.378 D_real_ViT: 0.345 D_fake_ViT: 0.171 global: 0.313 spatial: 0.080 
(epoch: 97, iters: 2552, time: 0.210, data: 0.002) G_GAN_ViT: 0.380 D_real_ViT: 0.285 D_fake_ViT: 0.175 global: 0.219 spatial: 0.063 
(epoch: 97, iters: 2652, time: 0.210, data: 0.001) G_GAN_ViT: 0.344 D_real_ViT: 0.311 D_fake_ViT: 0.192 global: 0.287 spatial: 0.068 
(epoch: 97, iters: 2752, time: 0.210, data: 0.002) G_GAN_ViT: 0.165 D_real_ViT: 0.248 D_fake_ViT: 0.402 global: 0.332 spatial: 0.091 
(epoch: 97, iters: 2852, time: 0.210, data: 0.002) G_GAN_ViT: 0.343 D_real_ViT: 0.055 D_fake_ViT: 0.227 global: 0.373 spatial: 0.087 
(epoch: 97, iters: 2952, time: 0.210, data: 0.002) G_GAN_ViT: 0.309 D_real_ViT: 0.215 D_fake_ViT: 0.225 global: 0.373 spatial: 0.089 
(epoch: 97, iters: 3052, time: 0.210, data: 0.002) G_GAN_ViT: 0.342 D_real_ViT: 0.284 D_fake_ViT: 0.190 global: 0.417 spatial: 0.082 
(epoch: 97, iters: 3152, time: 0.210, data: 0.001) G_GAN_ViT: 0.261 D_real_ViT: 0.266 D_fake_ViT: 0.260 global: 0.421 spatial: 0.085 
(epoch: 97, iters: 3252, time: 0.210, data: 0.002) G_GAN_ViT: 0.239 D_real_ViT: 0.144 D_fake_ViT: 0.283 global: 0.391 spatial: 0.076 
(epoch: 97, iters: 3352, time: 0.210, data: 0.002) G_GAN_ViT: 0.308 D_real_ViT: 0.294 D_fake_ViT: 0.237 global: 0.298 spatial: 0.083 
(epoch: 97, iters: 3452, time: 0.210, data: 0.002) G_GAN_ViT: 0.251 D_real_ViT: 0.163 D_fake_ViT: 0.283 global: 0.290 spatial: 0.070 
(epoch: 97, iters: 3552, time: 0.210, data: 0.002) G_GAN_ViT: 0.284 D_real_ViT: 0.191 D_fake_ViT: 0.240 global: 0.413 spatial: 0.076 
(epoch: 97, iters: 3652, time: 0.210, data: 0.002) G_GAN_ViT: 0.346 D_real_ViT: 0.283 D_fake_ViT: 0.191 global: 0.359 spatial: 0.072 
(epoch: 97, iters: 3752, time: 0.210, data: 0.002) G_GAN_ViT: 0.288 D_real_ViT: 0.207 D_fake_ViT: 0.237 global: 0.370 spatial: 0.083 
(epoch: 97, iters: 3852, time: 0.210, data: 0.002) G_GAN_ViT: 0.384 D_real_ViT: 0.331 D_fake_ViT: 0.164 global: 0.296 spatial: 0.073 
(epoch: 97, iters: 3952, time: 0.210, data: 0.001) G_GAN_ViT: 0.341 D_real_ViT: 0.245 D_fake_ViT: 0.199 global: 0.386 spatial: 0.079 
(epoch: 97, iters: 4052, time: 0.212, data: 0.002) G_GAN_ViT: 0.286 D_real_ViT: 0.256 D_fake_ViT: 0.242 global: 0.411 spatial: 0.090 
(epoch: 97, iters: 4152, time: 0.211, data: 0.002) G_GAN_ViT: 0.348 D_real_ViT: 0.337 D_fake_ViT: 0.193 global: 0.358 spatial: 0.085 
(epoch: 97, iters: 4252, time: 0.211, data: 0.002) G_GAN_ViT: 0.343 D_real_ViT: 0.211 D_fake_ViT: 0.197 global: 0.321 spatial: 0.078 
(epoch: 97, iters: 4352, time: 0.211, data: 0.001) G_GAN_ViT: 0.391 D_real_ViT: 0.097 D_fake_ViT: 0.173 global: 0.312 spatial: 0.073 
(epoch: 97, iters: 4452, time: 0.210, data: 0.002) G_GAN_ViT: 0.333 D_real_ViT: 0.343 D_fake_ViT: 0.205 global: 0.397 spatial: 0.078 
(epoch: 97, iters: 4552, time: 0.212, data: 0.003) G_GAN_ViT: 0.380 D_real_ViT: 0.337 D_fake_ViT: 0.167 global: 0.373 spatial: 0.081 
saving the latest model (epoch 97, total_iters 625000)
ICL_single_traffic_hwy
(epoch: 97, iters: 4652, time: 0.211, data: 0.001) G_GAN_ViT: 0.387 D_real_ViT: 0.143 D_fake_ViT: 0.166 global: 0.297 spatial: 0.075 
(epoch: 97, iters: 4752, time: 0.211, data: 0.002) G_GAN_ViT: 0.370 D_real_ViT: 0.327 D_fake_ViT: 0.187 global: 0.276 spatial: 0.077 
(epoch: 97, iters: 4852, time: 0.211, data: 0.002) G_GAN_ViT: 0.370 D_real_ViT: 0.164 D_fake_ViT: 0.174 global: 0.354 spatial: 0.078 
(epoch: 97, iters: 4952, time: 0.210, data: 0.002) G_GAN_ViT: 0.267 D_real_ViT: 0.254 D_fake_ViT: 0.265 global: 0.431 spatial: 0.084 
(epoch: 97, iters: 5052, time: 0.211, data: 0.002) G_GAN_ViT: 0.362 D_real_ViT: 0.182 D_fake_ViT: 0.188 global: 0.395 spatial: 0.088 
(epoch: 97, iters: 5152, time: 0.211, data: 0.002) G_GAN_ViT: 0.257 D_real_ViT: 0.381 D_fake_ViT: 0.272 global: 0.368 spatial: 0.077 
(epoch: 97, iters: 5252, time: 0.211, data: 0.002) G_GAN_ViT: 0.333 D_real_ViT: 0.285 D_fake_ViT: 0.205 global: 0.364 spatial: 0.074 
(epoch: 97, iters: 5352, time: 0.211, data: 0.002) G_GAN_ViT: 0.315 D_real_ViT: 0.305 D_fake_ViT: 0.225 global: 0.361 spatial: 0.074 
(epoch: 97, iters: 5452, time: 0.211, data: 0.002) G_GAN_ViT: 0.254 D_real_ViT: 0.173 D_fake_ViT: 0.271 global: 0.372 spatial: 0.081 
(epoch: 97, iters: 5552, time: 0.210, data: 0.002) G_GAN_ViT: 0.286 D_real_ViT: 0.219 D_fake_ViT: 0.247 global: 0.320 spatial: 0.079 
(epoch: 97, iters: 5652, time: 0.211, data: 0.002) G_GAN_ViT: 0.303 D_real_ViT: 0.314 D_fake_ViT: 0.235 global: 0.390 spatial: 0.090 
(epoch: 97, iters: 5752, time: 0.211, data: 0.002) G_GAN_ViT: 0.288 D_real_ViT: 0.292 D_fake_ViT: 0.253 global: 0.411 spatial: 0.095 
(epoch: 97, iters: 5852, time: 0.211, data: 0.002) G_GAN_ViT: 0.326 D_real_ViT: 0.276 D_fake_ViT: 0.204 global: 0.357 spatial: 0.082 
(epoch: 97, iters: 5952, time: 0.211, data: 0.002) G_GAN_ViT: 0.306 D_real_ViT: 0.378 D_fake_ViT: 0.230 global: 0.420 spatial: 0.087 
(epoch: 97, iters: 6052, time: 0.212, data: 0.002) G_GAN_ViT: 0.299 D_real_ViT: 0.159 D_fake_ViT: 0.226 global: 0.368 spatial: 0.066 
(epoch: 97, iters: 6152, time: 0.211, data: 0.002) G_GAN_ViT: 0.342 D_real_ViT: 0.326 D_fake_ViT: 0.197 global: 0.272 spatial: 0.076 
(epoch: 97, iters: 6252, time: 0.211, data: 0.002) G_GAN_ViT: 0.345 D_real_ViT: 0.247 D_fake_ViT: 0.197 global: 0.272 spatial: 0.062 
(epoch: 97, iters: 6352, time: 0.211, data: 0.002) G_GAN_ViT: 0.278 D_real_ViT: 0.209 D_fake_ViT: 0.260 global: 0.525 spatial: 0.088 
(epoch: 97, iters: 6452, time: 0.212, data: 0.002) G_GAN_ViT: 0.235 D_real_ViT: 0.090 D_fake_ViT: 0.300 global: 0.282 spatial: 0.065 
End of epoch 97 / 100 	 Time Taken: 1374 sec
learning rate = 0.0000006
(epoch: 98, iters: 89, time: 0.211, data: 0.002) G_GAN_ViT: 0.273 D_real_ViT: 0.168 D_fake_ViT: 0.256 global: 0.289 spatial: 0.064 
(epoch: 98, iters: 189, time: 0.210, data: 0.002) G_GAN_ViT: 0.352 D_real_ViT: 0.326 D_fake_ViT: 0.192 global: 0.339 spatial: 0.072 
(epoch: 98, iters: 289, time: 0.210, data: 0.002) G_GAN_ViT: 0.271 D_real_ViT: 0.089 D_fake_ViT: 0.261 global: 0.375 spatial: 0.080 
(epoch: 98, iters: 389, time: 0.210, data: 0.002) G_GAN_ViT: 0.379 D_real_ViT: 0.243 D_fake_ViT: 0.169 global: 0.338 spatial: 0.076 
(epoch: 98, iters: 489, time: 0.210, data: 0.002) G_GAN_ViT: 0.237 D_real_ViT: 0.170 D_fake_ViT: 0.292 global: 0.421 spatial: 0.084 
(epoch: 98, iters: 589, time: 0.210, data: 0.002) G_GAN_ViT: 0.304 D_real_ViT: 0.259 D_fake_ViT: 0.227 global: 0.392 spatial: 0.078 
(epoch: 98, iters: 689, time: 0.211, data: 0.002) G_GAN_ViT: 0.375 D_real_ViT: 0.194 D_fake_ViT: 0.174 global: 0.368 spatial: 0.074 
(epoch: 98, iters: 789, time: 0.211, data: 0.002) G_GAN_ViT: 0.437 D_real_ViT: 0.292 D_fake_ViT: 0.151 global: 0.277 spatial: 0.065 
(epoch: 98, iters: 889, time: 0.211, data: 0.002) G_GAN_ViT: 0.239 D_real_ViT: 0.222 D_fake_ViT: 0.294 global: 0.265 spatial: 0.073 
(epoch: 98, iters: 989, time: 0.210, data: 0.002) G_GAN_ViT: 0.367 D_real_ViT: 0.341 D_fake_ViT: 0.177 global: 0.291 spatial: 0.069 
(epoch: 98, iters: 1089, time: 0.210, data: 0.002) G_GAN_ViT: 0.300 D_real_ViT: 0.353 D_fake_ViT: 0.235 global: 0.418 spatial: 0.076 
(epoch: 98, iters: 1189, time: 0.210, data: 0.002) G_GAN_ViT: 0.405 D_real_ViT: 0.200 D_fake_ViT: 0.153 global: 0.379 spatial: 0.083 
(epoch: 98, iters: 1289, time: 0.211, data: 0.001) G_GAN_ViT: 0.292 D_real_ViT: 0.266 D_fake_ViT: 0.247 global: 0.398 spatial: 0.088 
(epoch: 98, iters: 1389, time: 0.211, data: 0.002) G_GAN_ViT: 0.285 D_real_ViT: 0.171 D_fake_ViT: 0.238 global: 0.388 spatial: 0.080 
(epoch: 98, iters: 1489, time: 0.211, data: 0.001) G_GAN_ViT: 0.315 D_real_ViT: 0.276 D_fake_ViT: 0.216 global: 0.357 spatial: 0.074 
(epoch: 98, iters: 1589, time: 0.211, data: 0.002) G_GAN_ViT: 0.369 D_real_ViT: 0.241 D_fake_ViT: 0.172 global: 0.299 spatial: 0.064 
(epoch: 98, iters: 1689, time: 0.211, data: 0.002) G_GAN_ViT: 0.290 D_real_ViT: 0.184 D_fake_ViT: 0.242 global: 0.213 spatial: 0.070 
(epoch: 98, iters: 1789, time: 0.211, data: 0.002) G_GAN_ViT: 0.257 D_real_ViT: 0.187 D_fake_ViT: 0.271 global: 0.437 spatial: 0.094 
(epoch: 98, iters: 1889, time: 0.211, data: 0.002) G_GAN_ViT: 0.259 D_real_ViT: 0.248 D_fake_ViT: 0.274 global: 0.427 spatial: 0.085 
(epoch: 98, iters: 1989, time: 0.211, data: 0.002) G_GAN_ViT: 0.332 D_real_ViT: 0.260 D_fake_ViT: 0.197 global: 0.421 spatial: 0.089 
(epoch: 98, iters: 2089, time: 0.211, data: 0.002) G_GAN_ViT: 0.347 D_real_ViT: 0.217 D_fake_ViT: 0.196 global: 0.243 spatial: 0.067 
(epoch: 98, iters: 2189, time: 0.211, data: 0.002) G_GAN_ViT: 0.291 D_real_ViT: 0.208 D_fake_ViT: 0.235 global: 0.480 spatial: 0.087 
(epoch: 98, iters: 2289, time: 0.211, data: 0.002) G_GAN_ViT: 0.152 D_real_ViT: 0.200 D_fake_ViT: 0.400 global: 0.261 spatial: 0.067 
(epoch: 98, iters: 2389, time: 0.218, data: 0.002) G_GAN_ViT: 0.324 D_real_ViT: 0.219 D_fake_ViT: 0.203 global: 0.339 spatial: 0.070 
(epoch: 98, iters: 2489, time: 0.224, data: 0.002) G_GAN_ViT: 0.385 D_real_ViT: 0.224 D_fake_ViT: 0.163 global: 0.343 spatial: 0.079 
(epoch: 98, iters: 2589, time: 0.230, data: 0.002) G_GAN_ViT: 0.349 D_real_ViT: 0.338 D_fake_ViT: 0.191 global: 0.427 spatial: 0.077 
(epoch: 98, iters: 2689, time: 0.233, data: 0.002) G_GAN_ViT: 0.247 D_real_ViT: 0.212 D_fake_ViT: 0.283 global: 0.308 spatial: 0.060 
(epoch: 98, iters: 2789, time: 0.234, data: 0.002) G_GAN_ViT: 0.385 D_real_ViT: 0.202 D_fake_ViT: 0.171 global: 0.305 spatial: 0.075 
(epoch: 98, iters: 2889, time: 0.234, data: 0.002) G_GAN_ViT: 0.336 D_real_ViT: 0.195 D_fake_ViT: 0.202 global: 0.399 spatial: 0.090 
(epoch: 98, iters: 2989, time: 0.224, data: 0.002) G_GAN_ViT: 0.263 D_real_ViT: 0.305 D_fake_ViT: 0.258 global: 0.404 spatial: 0.086 
(epoch: 98, iters: 3089, time: 0.219, data: 0.002) G_GAN_ViT: 0.247 D_real_ViT: 0.300 D_fake_ViT: 0.273 global: 0.404 spatial: 0.085 
saving the latest model (epoch 98, total_iters 630000)
ICL_single_traffic_hwy
(epoch: 98, iters: 3189, time: 0.215, data: 0.001) G_GAN_ViT: 0.270 D_real_ViT: 0.223 D_fake_ViT: 0.284 global: 0.331 spatial: 0.086 
(epoch: 98, iters: 3289, time: 0.214, data: 0.002) G_GAN_ViT: 0.377 D_real_ViT: 0.285 D_fake_ViT: 0.168 global: 0.358 spatial: 0.072 
(epoch: 98, iters: 3389, time: 0.212, data: 0.002) G_GAN_ViT: 0.347 D_real_ViT: 0.316 D_fake_ViT: 0.192 global: 0.278 spatial: 0.069 
(epoch: 98, iters: 3489, time: 0.211, data: 0.002) G_GAN_ViT: 0.414 D_real_ViT: 0.242 D_fake_ViT: 0.152 global: 0.409 spatial: 0.072 
(epoch: 98, iters: 3589, time: 0.211, data: 0.002) G_GAN_ViT: 0.336 D_real_ViT: 0.163 D_fake_ViT: 0.205 global: 0.395 spatial: 0.089 
(epoch: 98, iters: 3689, time: 0.211, data: 0.002) G_GAN_ViT: 0.262 D_real_ViT: 0.335 D_fake_ViT: 0.261 global: 0.348 spatial: 0.067 
(epoch: 98, iters: 3789, time: 0.211, data: 0.002) G_GAN_ViT: 0.313 D_real_ViT: 0.241 D_fake_ViT: 0.223 global: 0.400 spatial: 0.093 
(epoch: 98, iters: 3889, time: 0.211, data: 0.002) G_GAN_ViT: 0.242 D_real_ViT: 0.115 D_fake_ViT: 0.287 global: 0.400 spatial: 0.080 
(epoch: 98, iters: 3989, time: 0.210, data: 0.002) G_GAN_ViT: 0.315 D_real_ViT: 0.375 D_fake_ViT: 0.215 global: 0.222 spatial: 0.055 
(epoch: 98, iters: 4089, time: 0.210, data: 0.002) G_GAN_ViT: 0.321 D_real_ViT: 0.229 D_fake_ViT: 0.215 global: 0.332 spatial: 0.077 
(epoch: 98, iters: 4189, time: 0.211, data: 0.002) G_GAN_ViT: 0.410 D_real_ViT: 0.269 D_fake_ViT: 0.158 global: 0.384 spatial: 0.081 
(epoch: 98, iters: 4289, time: 0.210, data: 0.002) G_GAN_ViT: 0.306 D_real_ViT: 0.340 D_fake_ViT: 0.257 global: 0.324 spatial: 0.091 
(epoch: 98, iters: 4389, time: 0.210, data: 0.002) G_GAN_ViT: 0.246 D_real_ViT: 0.173 D_fake_ViT: 0.289 global: 0.449 spatial: 0.093 
(epoch: 98, iters: 4489, time: 0.210, data: 0.002) G_GAN_ViT: 0.339 D_real_ViT: 0.272 D_fake_ViT: 0.193 global: 0.389 spatial: 0.081 
(epoch: 98, iters: 4589, time: 0.211, data: 0.002) G_GAN_ViT: 0.386 D_real_ViT: 0.240 D_fake_ViT: 0.164 global: 0.246 spatial: 0.063 
(epoch: 98, iters: 4689, time: 0.211, data: 0.002) G_GAN_ViT: 0.349 D_real_ViT: 0.205 D_fake_ViT: 0.193 global: 0.371 spatial: 0.085 
(epoch: 98, iters: 4789, time: 0.210, data: 0.002) G_GAN_ViT: 0.270 D_real_ViT: 0.159 D_fake_ViT: 0.252 global: 0.415 spatial: 0.069 
(epoch: 98, iters: 4889, time: 0.210, data: 0.002) G_GAN_ViT: 0.345 D_real_ViT: 0.320 D_fake_ViT: 0.205 global: 0.327 spatial: 0.075 
(epoch: 98, iters: 4989, time: 0.210, data: 0.002) G_GAN_ViT: 0.292 D_real_ViT: 0.227 D_fake_ViT: 0.236 global: 0.358 spatial: 0.082 
(epoch: 98, iters: 5089, time: 0.213, data: 0.002) G_GAN_ViT: 0.360 D_real_ViT: 0.291 D_fake_ViT: 0.183 global: 0.290 spatial: 0.074 
(epoch: 98, iters: 5189, time: 0.223, data: 0.002) G_GAN_ViT: 0.237 D_real_ViT: 0.171 D_fake_ViT: 0.285 global: 0.394 spatial: 0.071 
(epoch: 98, iters: 5289, time: 0.229, data: 0.002) G_GAN_ViT: 0.368 D_real_ViT: 0.089 D_fake_ViT: 0.184 global: 0.361 spatial: 0.095 
(epoch: 98, iters: 5389, time: 0.226, data: 0.002) G_GAN_ViT: 0.327 D_real_ViT: 0.188 D_fake_ViT: 0.205 global: 0.348 spatial: 0.078 
(epoch: 98, iters: 5489, time: 0.220, data: 0.002) G_GAN_ViT: 0.315 D_real_ViT: 0.245 D_fake_ViT: 0.213 global: 0.358 spatial: 0.079 
(epoch: 98, iters: 5589, time: 0.216, data: 0.002) G_GAN_ViT: 0.318 D_real_ViT: 0.212 D_fake_ViT: 0.228 global: 0.342 spatial: 0.086 
(epoch: 98, iters: 5689, time: 0.214, data: 0.002) G_GAN_ViT: 0.307 D_real_ViT: 0.206 D_fake_ViT: 0.220 global: 0.472 spatial: 0.091 
(epoch: 98, iters: 5789, time: 0.212, data: 0.002) G_GAN_ViT: 0.308 D_real_ViT: 0.225 D_fake_ViT: 0.215 global: 0.343 spatial: 0.076 
(epoch: 98, iters: 5889, time: 0.211, data: 0.002) G_GAN_ViT: 0.335 D_real_ViT: 0.259 D_fake_ViT: 0.203 global: 0.399 spatial: 0.093 
(epoch: 98, iters: 5989, time: 0.211, data: 0.002) G_GAN_ViT: 0.367 D_real_ViT: 0.214 D_fake_ViT: 0.178 global: 0.424 spatial: 0.079 
(epoch: 98, iters: 6089, time: 0.211, data: 0.002) G_GAN_ViT: 0.337 D_real_ViT: 0.232 D_fake_ViT: 0.234 global: 0.329 spatial: 0.104 
(epoch: 98, iters: 6189, time: 0.211, data: 0.002) G_GAN_ViT: 0.406 D_real_ViT: 0.281 D_fake_ViT: 0.167 global: 0.255 spatial: 0.060 
(epoch: 98, iters: 6289, time: 0.211, data: 0.002) G_GAN_ViT: 0.229 D_real_ViT: 0.241 D_fake_ViT: 0.311 global: 0.342 spatial: 0.072 
(epoch: 98, iters: 6389, time: 0.210, data: 0.002) G_GAN_ViT: 0.298 D_real_ViT: 0.240 D_fake_ViT: 0.231 global: 0.203 spatial: 0.064 
End of epoch 98 / 100 	 Time Taken: 1394 sec
learning rate = 0.0000004
(epoch: 99, iters: 26, time: 0.210, data: 0.002) G_GAN_ViT: 0.315 D_real_ViT: 0.187 D_fake_ViT: 0.222 global: 0.423 spatial: 0.090 
(epoch: 99, iters: 126, time: 0.210, data: 0.002) G_GAN_ViT: 0.406 D_real_ViT: 0.337 D_fake_ViT: 0.150 global: 0.288 spatial: 0.067 
(epoch: 99, iters: 226, time: 0.210, data: 0.002) G_GAN_ViT: 0.312 D_real_ViT: 0.230 D_fake_ViT: 0.224 global: 0.305 spatial: 0.087 
(epoch: 99, iters: 326, time: 0.212, data: 0.002) G_GAN_ViT: 0.390 D_real_ViT: 0.248 D_fake_ViT: 0.164 global: 0.295 spatial: 0.067 
(epoch: 99, iters: 426, time: 0.212, data: 0.002) G_GAN_ViT: 0.288 D_real_ViT: 0.303 D_fake_ViT: 0.247 global: 0.417 spatial: 0.099 
(epoch: 99, iters: 526, time: 0.212, data: 0.002) G_GAN_ViT: 0.395 D_real_ViT: 0.065 D_fake_ViT: 0.160 global: 0.311 spatial: 0.060 
(epoch: 99, iters: 626, time: 0.212, data: 0.002) G_GAN_ViT: 0.334 D_real_ViT: 0.204 D_fake_ViT: 0.207 global: 0.314 spatial: 0.073 
(epoch: 99, iters: 726, time: 0.212, data: 0.002) G_GAN_ViT: 0.323 D_real_ViT: 0.270 D_fake_ViT: 0.205 global: 0.399 spatial: 0.079 
(epoch: 99, iters: 826, time: 0.211, data: 0.002) G_GAN_ViT: 0.366 D_real_ViT: 0.280 D_fake_ViT: 0.173 global: 0.297 spatial: 0.077 
(epoch: 99, iters: 926, time: 0.211, data: 0.002) G_GAN_ViT: 0.206 D_real_ViT: 0.202 D_fake_ViT: 0.330 global: 0.374 spatial: 0.084 
(epoch: 99, iters: 1026, time: 0.211, data: 0.002) G_GAN_ViT: 0.213 D_real_ViT: 0.231 D_fake_ViT: 0.315 global: 0.276 spatial: 0.064 
(epoch: 99, iters: 1126, time: 0.210, data: 0.002) G_GAN_ViT: 0.314 D_real_ViT: 0.323 D_fake_ViT: 0.212 global: 0.453 spatial: 0.095 
(epoch: 99, iters: 1226, time: 0.210, data: 0.002) G_GAN_ViT: 0.332 D_real_ViT: 0.222 D_fake_ViT: 0.203 global: 0.355 spatial: 0.072 
(epoch: 99, iters: 1326, time: 0.211, data: 0.002) G_GAN_ViT: 0.244 D_real_ViT: 0.206 D_fake_ViT: 0.289 global: 0.444 spatial: 0.082 
(epoch: 99, iters: 1426, time: 0.210, data: 0.002) G_GAN_ViT: 0.195 D_real_ViT: 0.225 D_fake_ViT: 0.339 global: 0.280 spatial: 0.061 
(epoch: 99, iters: 1526, time: 0.210, data: 0.002) G_GAN_ViT: 0.232 D_real_ViT: 0.314 D_fake_ViT: 0.312 global: 0.390 spatial: 0.092 
(epoch: 99, iters: 1626, time: 0.210, data: 0.001) G_GAN_ViT: 0.366 D_real_ViT: 0.261 D_fake_ViT: 0.182 global: 0.268 spatial: 0.060 
saving the latest model (epoch 99, total_iters 635000)
ICL_single_traffic_hwy
(epoch: 99, iters: 1726, time: 0.210, data: 0.001) G_GAN_ViT: 0.351 D_real_ViT: 0.343 D_fake_ViT: 0.192 global: 0.233 spatial: 0.066 
(epoch: 99, iters: 1826, time: 0.210, data: 0.001) G_GAN_ViT: 0.300 D_real_ViT: 0.122 D_fake_ViT: 0.226 global: 0.345 spatial: 0.080 
(epoch: 99, iters: 1926, time: 0.211, data: 0.004) G_GAN_ViT: 0.257 D_real_ViT: 0.146 D_fake_ViT: 0.274 global: 0.388 spatial: 0.087 
(epoch: 99, iters: 2026, time: 0.210, data: 0.002) G_GAN_ViT: 0.285 D_real_ViT: 0.236 D_fake_ViT: 0.253 global: 0.422 spatial: 0.086 
(epoch: 99, iters: 2126, time: 0.211, data: 0.002) G_GAN_ViT: 0.263 D_real_ViT: 0.093 D_fake_ViT: 0.269 global: 0.411 spatial: 0.077 
(epoch: 99, iters: 2226, time: 0.210, data: 0.001) G_GAN_ViT: 0.353 D_real_ViT: 0.181 D_fake_ViT: 0.192 global: 0.346 spatial: 0.087 
(epoch: 99, iters: 2326, time: 0.210, data: 0.002) G_GAN_ViT: 0.180 D_real_ViT: 0.332 D_fake_ViT: 0.365 global: 0.321 spatial: 0.084 
(epoch: 99, iters: 2426, time: 0.210, data: 0.002) G_GAN_ViT: 0.396 D_real_ViT: 0.358 D_fake_ViT: 0.173 global: 0.327 spatial: 0.085 
(epoch: 99, iters: 2526, time: 0.211, data: 0.002) G_GAN_ViT: 0.368 D_real_ViT: 0.164 D_fake_ViT: 0.182 global: 0.236 spatial: 0.060 
(epoch: 99, iters: 2626, time: 0.211, data: 0.002) G_GAN_ViT: 0.365 D_real_ViT: 0.289 D_fake_ViT: 0.178 global: 0.313 spatial: 0.067 
(epoch: 99, iters: 2726, time: 0.210, data: 0.001) G_GAN_ViT: 0.344 D_real_ViT: 0.241 D_fake_ViT: 0.196 global: 0.361 spatial: 0.077 
(epoch: 99, iters: 2826, time: 0.210, data: 0.001) G_GAN_ViT: 0.296 D_real_ViT: 0.293 D_fake_ViT: 0.225 global: 0.380 spatial: 0.076 
(epoch: 99, iters: 2926, time: 0.210, data: 0.002) G_GAN_ViT: 0.389 D_real_ViT: 0.202 D_fake_ViT: 0.166 global: 0.321 spatial: 0.071 
(epoch: 99, iters: 3026, time: 0.210, data: 0.002) G_GAN_ViT: 0.310 D_real_ViT: 0.117 D_fake_ViT: 0.216 global: 0.367 spatial: 0.082 
(epoch: 99, iters: 3126, time: 0.210, data: 0.002) G_GAN_ViT: 0.207 D_real_ViT: 0.336 D_fake_ViT: 0.326 global: 0.296 spatial: 0.054 
(epoch: 99, iters: 3226, time: 0.210, data: 0.002) G_GAN_ViT: 0.370 D_real_ViT: 0.317 D_fake_ViT: 0.178 global: 0.230 spatial: 0.067 
(epoch: 99, iters: 3326, time: 0.210, data: 0.002) G_GAN_ViT: 0.330 D_real_ViT: 0.282 D_fake_ViT: 0.202 global: 0.313 spatial: 0.089 
(epoch: 99, iters: 3426, time: 0.210, data: 0.002) G_GAN_ViT: 0.385 D_real_ViT: 0.331 D_fake_ViT: 0.174 global: 0.247 spatial: 0.067 
(epoch: 99, iters: 3526, time: 0.210, data: 0.002) G_GAN_ViT: 0.364 D_real_ViT: 0.256 D_fake_ViT: 0.182 global: 0.422 spatial: 0.083 
(epoch: 99, iters: 3626, time: 0.210, data: 0.002) G_GAN_ViT: 0.388 D_real_ViT: 0.284 D_fake_ViT: 0.164 global: 0.359 spatial: 0.078 
(epoch: 99, iters: 3726, time: 0.210, data: 0.002) G_GAN_ViT: 0.346 D_real_ViT: 0.249 D_fake_ViT: 0.202 global: 0.319 spatial: 0.067 
(epoch: 99, iters: 3826, time: 0.210, data: 0.002) G_GAN_ViT: 0.390 D_real_ViT: 0.258 D_fake_ViT: 0.161 global: 0.280 spatial: 0.074 
(epoch: 99, iters: 3926, time: 0.210, data: 0.002) G_GAN_ViT: 0.241 D_real_ViT: 0.194 D_fake_ViT: 0.297 global: 0.378 spatial: 0.093 
(epoch: 99, iters: 4026, time: 0.212, data: 0.002) G_GAN_ViT: 0.352 D_real_ViT: 0.280 D_fake_ViT: 0.205 global: 0.318 spatial: 0.088 
(epoch: 99, iters: 4126, time: 0.211, data: 0.002) G_GAN_ViT: 0.347 D_real_ViT: 0.116 D_fake_ViT: 0.191 global: 0.366 spatial: 0.080 
(epoch: 99, iters: 4226, time: 0.211, data: 0.002) G_GAN_ViT: 0.397 D_real_ViT: 0.213 D_fake_ViT: 0.166 global: 0.421 spatial: 0.083 
(epoch: 99, iters: 4326, time: 0.211, data: 0.002) G_GAN_ViT: 0.355 D_real_ViT: 0.146 D_fake_ViT: 0.220 global: 0.304 spatial: 0.097 
(epoch: 99, iters: 4426, time: 0.210, data: 0.002) G_GAN_ViT: 0.267 D_real_ViT: 0.108 D_fake_ViT: 0.268 global: 0.249 spatial: 0.071 
(epoch: 99, iters: 4526, time: 0.210, data: 0.002) G_GAN_ViT: 0.377 D_real_ViT: 0.196 D_fake_ViT: 0.180 global: 0.430 spatial: 0.088 
(epoch: 99, iters: 4626, time: 0.210, data: 0.002) G_GAN_ViT: 0.262 D_real_ViT: 0.244 D_fake_ViT: 0.270 global: 0.403 spatial: 0.075 
(epoch: 99, iters: 4726, time: 0.210, data: 0.002) G_GAN_ViT: 0.363 D_real_ViT: 0.088 D_fake_ViT: 0.179 global: 0.293 spatial: 0.059 
(epoch: 99, iters: 4826, time: 0.211, data: 0.002) G_GAN_ViT: 0.299 D_real_ViT: 0.260 D_fake_ViT: 0.244 global: 0.409 spatial: 0.078 
(epoch: 99, iters: 4926, time: 0.211, data: 0.002) G_GAN_ViT: 0.333 D_real_ViT: 0.283 D_fake_ViT: 0.208 global: 0.317 spatial: 0.090 
(epoch: 99, iters: 5026, time: 0.211, data: 0.002) G_GAN_ViT: 0.252 D_real_ViT: 0.185 D_fake_ViT: 0.266 global: 0.399 spatial: 0.071 
(epoch: 99, iters: 5126, time: 0.211, data: 0.001) G_GAN_ViT: 0.330 D_real_ViT: 0.267 D_fake_ViT: 0.207 global: 0.237 spatial: 0.061 
(epoch: 99, iters: 5226, time: 0.211, data: 0.002) G_GAN_ViT: 0.259 D_real_ViT: 0.170 D_fake_ViT: 0.261 global: 0.389 spatial: 0.071 
(epoch: 99, iters: 5326, time: 0.211, data: 0.002) G_GAN_ViT: 0.355 D_real_ViT: 0.307 D_fake_ViT: 0.184 global: 0.251 spatial: 0.066 
(epoch: 99, iters: 5426, time: 0.210, data: 0.002) G_GAN_ViT: 0.366 D_real_ViT: 0.298 D_fake_ViT: 0.174 global: 0.312 spatial: 0.070 
(epoch: 99, iters: 5526, time: 0.212, data: 0.002) G_GAN_ViT: 0.359 D_real_ViT: 0.279 D_fake_ViT: 0.184 global: 0.315 spatial: 0.069 
(epoch: 99, iters: 5626, time: 0.211, data: 0.002) G_GAN_ViT: 0.369 D_real_ViT: 0.275 D_fake_ViT: 0.177 global: 0.364 spatial: 0.076 
(epoch: 99, iters: 5726, time: 0.211, data: 0.002) G_GAN_ViT: 0.263 D_real_ViT: 0.220 D_fake_ViT: 0.277 global: 0.318 spatial: 0.078 
(epoch: 99, iters: 5826, time: 0.211, data: 0.002) G_GAN_ViT: 0.295 D_real_ViT: 0.360 D_fake_ViT: 0.230 global: 0.412 spatial: 0.079 
(epoch: 99, iters: 5926, time: 0.210, data: 0.002) G_GAN_ViT: 0.347 D_real_ViT: 0.278 D_fake_ViT: 0.191 global: 0.369 spatial: 0.073 
(epoch: 99, iters: 6026, time: 0.210, data: 0.002) G_GAN_ViT: 0.364 D_real_ViT: 0.154 D_fake_ViT: 0.188 global: 0.361 spatial: 0.084 
(epoch: 99, iters: 6126, time: 0.210, data: 0.002) G_GAN_ViT: 0.313 D_real_ViT: 0.141 D_fake_ViT: 0.232 global: 0.363 spatial: 0.101 
(epoch: 99, iters: 6226, time: 0.210, data: 0.002) G_GAN_ViT: 0.228 D_real_ViT: 0.313 D_fake_ViT: 0.303 global: 0.296 spatial: 0.065 
(epoch: 99, iters: 6326, time: 0.210, data: 0.002) G_GAN_ViT: 0.380 D_real_ViT: 0.259 D_fake_ViT: 0.167 global: 0.326 spatial: 0.068 
(epoch: 99, iters: 6426, time: 0.211, data: 0.002) G_GAN_ViT: 0.297 D_real_ViT: 0.265 D_fake_ViT: 0.238 global: 0.410 spatial: 0.080 
End of epoch 99 / 100 	 Time Taken: 1374 sec
learning rate = 0.0000002
(epoch: 100, iters: 63, time: 0.210, data: 0.002) G_GAN_ViT: 0.255 D_real_ViT: 0.266 D_fake_ViT: 0.270 global: 0.273 spatial: 0.059 
(epoch: 100, iters: 163, time: 0.211, data: 0.002) G_GAN_ViT: 0.411 D_real_ViT: 0.325 D_fake_ViT: 0.147 global: 0.377 spatial: 0.076 
saving the latest model (epoch 100, total_iters 640000)
ICL_single_traffic_hwy
(epoch: 100, iters: 263, time: 0.211, data: 0.001) G_GAN_ViT: 0.347 D_real_ViT: 0.246 D_fake_ViT: 0.190 global: 0.362 spatial: 0.083 
(epoch: 100, iters: 363, time: 0.211, data: 0.001) G_GAN_ViT: 0.371 D_real_ViT: 0.372 D_fake_ViT: 0.179 global: 0.268 spatial: 0.061 
(epoch: 100, iters: 463, time: 0.211, data: 0.002) G_GAN_ViT: 0.300 D_real_ViT: 0.310 D_fake_ViT: 0.230 global: 0.315 spatial: 0.070 
(epoch: 100, iters: 563, time: 0.211, data: 0.002) G_GAN_ViT: 0.371 D_real_ViT: 0.208 D_fake_ViT: 0.175 global: 0.349 spatial: 0.071 
(epoch: 100, iters: 663, time: 0.210, data: 0.001) G_GAN_ViT: 0.272 D_real_ViT: 0.315 D_fake_ViT: 0.250 global: 0.414 spatial: 0.083 
(epoch: 100, iters: 763, time: 0.211, data: 0.002) G_GAN_ViT: 0.318 D_real_ViT: 0.104 D_fake_ViT: 0.216 global: 0.303 spatial: 0.075 
(epoch: 100, iters: 863, time: 0.211, data: 0.002) G_GAN_ViT: 0.298 D_real_ViT: 0.208 D_fake_ViT: 0.238 global: 0.221 spatial: 0.062 
(epoch: 100, iters: 963, time: 0.211, data: 0.002) G_GAN_ViT: 0.239 D_real_ViT: 0.245 D_fake_ViT: 0.282 global: 0.464 spatial: 0.091 
(epoch: 100, iters: 1063, time: 0.212, data: 0.002) G_GAN_ViT: 0.385 D_real_ViT: 0.205 D_fake_ViT: 0.164 global: 0.353 spatial: 0.086 
(epoch: 100, iters: 1163, time: 0.211, data: 0.002) G_GAN_ViT: 0.264 D_real_ViT: 0.302 D_fake_ViT: 0.271 global: 0.423 spatial: 0.098 
(epoch: 100, iters: 1263, time: 0.211, data: 0.002) G_GAN_ViT: 0.261 D_real_ViT: 0.178 D_fake_ViT: 0.271 global: 0.324 spatial: 0.081 
(epoch: 100, iters: 1363, time: 0.212, data: 0.002) G_GAN_ViT: 0.387 D_real_ViT: 0.159 D_fake_ViT: 0.166 global: 0.326 spatial: 0.082 
(epoch: 100, iters: 1463, time: 0.213, data: 0.002) G_GAN_ViT: 0.330 D_real_ViT: 0.281 D_fake_ViT: 0.213 global: 0.405 spatial: 0.093 
(epoch: 100, iters: 1563, time: 0.212, data: 0.002) G_GAN_ViT: 0.224 D_real_ViT: 0.311 D_fake_ViT: 0.325 global: 0.353 spatial: 0.092 
(epoch: 100, iters: 1663, time: 0.212, data: 0.002) G_GAN_ViT: 0.372 D_real_ViT: 0.321 D_fake_ViT: 0.180 global: 0.405 spatial: 0.093 
(epoch: 100, iters: 1763, time: 0.211, data: 0.002) G_GAN_ViT: 0.358 D_real_ViT: 0.275 D_fake_ViT: 0.182 global: 0.299 spatial: 0.073 
(epoch: 100, iters: 1863, time: 0.211, data: 0.002) G_GAN_ViT: 0.333 D_real_ViT: 0.265 D_fake_ViT: 0.202 global: 0.392 spatial: 0.071 
(epoch: 100, iters: 1963, time: 0.211, data: 0.002) G_GAN_ViT: 0.360 D_real_ViT: 0.301 D_fake_ViT: 0.182 global: 0.289 spatial: 0.075 
(epoch: 100, iters: 2063, time: 0.211, data: 0.002) G_GAN_ViT: 0.264 D_real_ViT: 0.272 D_fake_ViT: 0.275 global: 0.356 spatial: 0.086 
(epoch: 100, iters: 2163, time: 0.210, data: 0.002) G_GAN_ViT: 0.319 D_real_ViT: 0.123 D_fake_ViT: 0.209 global: 0.363 spatial: 0.090 
(epoch: 100, iters: 2263, time: 0.211, data: 0.002) G_GAN_ViT: 0.347 D_real_ViT: 0.180 D_fake_ViT: 0.188 global: 0.242 spatial: 0.050 
(epoch: 100, iters: 2363, time: 0.211, data: 0.002) G_GAN_ViT: 0.342 D_real_ViT: 0.276 D_fake_ViT: 0.194 global: 0.378 spatial: 0.081 
(epoch: 100, iters: 2463, time: 0.211, data: 0.002) G_GAN_ViT: 0.313 D_real_ViT: 0.321 D_fake_ViT: 0.228 global: 0.320 spatial: 0.085 
(epoch: 100, iters: 2563, time: 0.212, data: 0.002) G_GAN_ViT: 0.256 D_real_ViT: 0.281 D_fake_ViT: 0.276 global: 0.382 spatial: 0.082 
(epoch: 100, iters: 2663, time: 0.211, data: 0.002) G_GAN_ViT: 0.427 D_real_ViT: 0.233 D_fake_ViT: 0.145 global: 0.381 spatial: 0.078 
(epoch: 100, iters: 2763, time: 0.211, data: 0.002) G_GAN_ViT: 0.308 D_real_ViT: 0.273 D_fake_ViT: 0.238 global: 0.441 spatial: 0.095 
(epoch: 100, iters: 2863, time: 0.211, data: 0.002) G_GAN_ViT: 0.271 D_real_ViT: 0.381 D_fake_ViT: 0.262 global: 0.418 spatial: 0.093 
(epoch: 100, iters: 2963, time: 0.211, data: 0.002) G_GAN_ViT: 0.323 D_real_ViT: 0.090 D_fake_ViT: 0.221 global: 0.405 spatial: 0.072 
(epoch: 100, iters: 3063, time: 0.211, data: 0.002) G_GAN_ViT: 0.228 D_real_ViT: 0.253 D_fake_ViT: 0.304 global: 0.297 spatial: 0.055 
(epoch: 100, iters: 3163, time: 0.211, data: 0.002) G_GAN_ViT: 0.313 D_real_ViT: 0.231 D_fake_ViT: 0.216 global: 0.365 spatial: 0.090 
(epoch: 100, iters: 3263, time: 0.211, data: 0.002) G_GAN_ViT: 0.413 D_real_ViT: 0.130 D_fake_ViT: 0.151 global: 0.293 spatial: 0.062 
(epoch: 100, iters: 3363, time: 0.212, data: 0.002) G_GAN_ViT: 0.366 D_real_ViT: 0.103 D_fake_ViT: 0.176 global: 0.341 spatial: 0.076 
(epoch: 100, iters: 3463, time: 0.211, data: 0.002) G_GAN_ViT: 0.448 D_real_ViT: 0.299 D_fake_ViT: 0.128 global: 0.360 spatial: 0.077 
(epoch: 100, iters: 3563, time: 0.211, data: 0.002) G_GAN_ViT: 0.285 D_real_ViT: 0.187 D_fake_ViT: 0.238 global: 0.448 spatial: 0.092 
(epoch: 100, iters: 3663, time: 0.211, data: 0.002) G_GAN_ViT: 0.324 D_real_ViT: 0.316 D_fake_ViT: 0.209 global: 0.322 spatial: 0.070 
(epoch: 100, iters: 3763, time: 0.211, data: 0.002) G_GAN_ViT: 0.339 D_real_ViT: 0.300 D_fake_ViT: 0.204 global: 0.409 spatial: 0.085 
(epoch: 100, iters: 3863, time: 0.211, data: 0.001) G_GAN_ViT: 0.333 D_real_ViT: 0.195 D_fake_ViT: 0.202 global: 0.326 spatial: 0.070 
(epoch: 100, iters: 3963, time: 0.211, data: 0.002) G_GAN_ViT: 0.335 D_real_ViT: 0.240 D_fake_ViT: 0.198 global: 0.366 spatial: 0.079 
(epoch: 100, iters: 4063, time: 0.211, data: 0.002) G_GAN_ViT: 0.320 D_real_ViT: 0.031 D_fake_ViT: 0.209 global: 0.372 spatial: 0.067 
(epoch: 100, iters: 4163, time: 0.211, data: 0.002) G_GAN_ViT: 0.228 D_real_ViT: 0.261 D_fake_ViT: 0.307 global: 0.400 spatial: 0.074 
(epoch: 100, iters: 4263, time: 0.211, data: 0.002) G_GAN_ViT: 0.302 D_real_ViT: 0.195 D_fake_ViT: 0.235 global: 0.382 spatial: 0.087 
(epoch: 100, iters: 4363, time: 0.210, data: 0.002) G_GAN_ViT: 0.320 D_real_ViT: 0.249 D_fake_ViT: 0.210 global: 0.359 spatial: 0.080 
(epoch: 100, iters: 4463, time: 0.211, data: 0.002) G_GAN_ViT: 0.308 D_real_ViT: 0.247 D_fake_ViT: 0.228 global: 0.444 spatial: 0.077 
(epoch: 100, iters: 4563, time: 0.211, data: 0.002) G_GAN_ViT: 0.308 D_real_ViT: 0.163 D_fake_ViT: 0.225 global: 0.448 spatial: 0.084 
(epoch: 100, iters: 4663, time: 0.211, data: 0.002) G_GAN_ViT: 0.273 D_real_ViT: 0.183 D_fake_ViT: 0.260 global: 0.418 spatial: 0.079 
(epoch: 100, iters: 4763, time: 0.211, data: 0.002) G_GAN_ViT: 0.341 D_real_ViT: 0.236 D_fake_ViT: 0.202 global: 0.428 spatial: 0.083 
(epoch: 100, iters: 4863, time: 0.211, data: 0.002) G_GAN_ViT: 0.367 D_real_ViT: 0.238 D_fake_ViT: 0.175 global: 0.314 spatial: 0.054 
(epoch: 100, iters: 4963, time: 0.211, data: 0.002) G_GAN_ViT: 0.254 D_real_ViT: 0.282 D_fake_ViT: 0.271 global: 0.395 spatial: 0.079 
(epoch: 100, iters: 5063, time: 0.211, data: 0.002) G_GAN_ViT: 0.280 D_real_ViT: 0.213 D_fake_ViT: 0.257 global: 0.457 spatial: 0.075 
(epoch: 100, iters: 5163, time: 0.211, data: 0.002) G_GAN_ViT: 0.343 D_real_ViT: 0.094 D_fake_ViT: 0.195 global: 0.397 spatial: 0.086 
saving the latest model (epoch 100, total_iters 645000)
ICL_single_traffic_hwy
(epoch: 100, iters: 5263, time: 0.210, data: 0.001) G_GAN_ViT: 0.283 D_real_ViT: 0.320 D_fake_ViT: 0.251 global: 0.357 spatial: 0.084 
(epoch: 100, iters: 5363, time: 0.210, data: 0.002) G_GAN_ViT: 0.309 D_real_ViT: 0.148 D_fake_ViT: 0.224 global: 0.370 spatial: 0.083 
(epoch: 100, iters: 5463, time: 0.210, data: 0.002) G_GAN_ViT: 0.332 D_real_ViT: 0.262 D_fake_ViT: 0.209 global: 0.300 spatial: 0.073 
(epoch: 100, iters: 5563, time: 0.211, data: 0.002) G_GAN_ViT: 0.260 D_real_ViT: 0.209 D_fake_ViT: 0.273 global: 0.439 spatial: 0.094 
(epoch: 100, iters: 5663, time: 0.210, data: 0.002) G_GAN_ViT: 0.221 D_real_ViT: 0.258 D_fake_ViT: 0.304 global: 0.270 spatial: 0.057 
(epoch: 100, iters: 5763, time: 0.210, data: 0.002) G_GAN_ViT: 0.336 D_real_ViT: 0.284 D_fake_ViT: 0.202 global: 0.327 spatial: 0.081 
(epoch: 100, iters: 5863, time: 0.211, data: 0.002) G_GAN_ViT: 0.377 D_real_ViT: 0.185 D_fake_ViT: 0.171 global: 0.294 spatial: 0.072 
(epoch: 100, iters: 5963, time: 0.211, data: 0.002) G_GAN_ViT: 0.368 D_real_ViT: 0.190 D_fake_ViT: 0.173 global: 0.290 spatial: 0.070 
(epoch: 100, iters: 6063, time: 0.210, data: 0.002) G_GAN_ViT: 0.335 D_real_ViT: 0.236 D_fake_ViT: 0.213 global: 0.411 spatial: 0.078 
(epoch: 100, iters: 6163, time: 0.210, data: 0.002) G_GAN_ViT: 0.374 D_real_ViT: 0.286 D_fake_ViT: 0.203 global: 0.366 spatial: 0.102 
(epoch: 100, iters: 6263, time: 0.210, data: 0.002) G_GAN_ViT: 0.424 D_real_ViT: 0.362 D_fake_ViT: 0.141 global: 0.272 spatial: 0.081 
(epoch: 100, iters: 6363, time: 0.211, data: 0.002) G_GAN_ViT: 0.307 D_real_ViT: 0.178 D_fake_ViT: 0.219 global: 0.341 spatial: 0.080 
(epoch: 100, iters: 6463, time: 0.211, data: 0.002) G_GAN_ViT: 0.353 D_real_ViT: 0.335 D_fake_ViT: 0.186 global: 0.372 spatial: 0.077 
saving the model at the end of epoch 100, iters 646300
End of epoch 100 / 100 	 Time Taken: 1376 sec
learning rate = 0.0000000
