ArgumentParser(prog='train.py', usage=None, description=None, formatter_class=<class 'argparse.ArgumentDefaultsHelpFormatter'>, conflict_handler='error', add_help=True)
----------------- Options ---------------
            adj_size_list: [2, 4, 6, 8, 12]              
             atten_layers: 1,3,5                         
               batch_size: 1                             
                    beta1: 0.5                           
                    beta2: 0.999                         
          checkpoints_dir: /root/srp-translate/roma/checkpoints/roma_single	[default: ./checkpoints]
           continue_train: False                         
                crop_size: 256                           
                 dataroot: /root/dataset_archives/IRVI/single/rooftop_total	[default: placeholder]
             dataset_mode: unaligned                     
                direction: AtoB                          
              display_env: main                          
             display_freq: 50                            
               display_id: -1                            	[default: None]
            display_ncols: 4                             
             display_port: 8097                          
           display_server: http://localhost              
          display_winsize: 256                           
               easy_label: experiment_name               
                    epoch: latest                        
              epoch_count: 1                             
          evaluation_freq: 5000                          
                 gan_mode: lsgan                         
                  gpu_ids: 0                             
                init_gain: 0.02                          
                init_type: xavier                        
                 input_nc: 3                             
                  isTrain: True                          	[default: None]
             lambda_D_ViT: 1.0                           
               lambda_GAN: 1.0                           
            lambda_global: 5.0                           	[default: 1.0]
               lambda_mlp: 1.0                           
            lambda_motion: 1.0                           
           lambda_spatial: 5.0                           	[default: 1.0]
                load_size: 286                           
               local_nums: 64                            	[default: 256]
                       lr: 1e-05                         	[default: 0.0002]
           lr_decay_iters: 50                            
                lr_policy: linear                        
         max_dataset_size: inf                           
                    model: roma_single                   	[default: cut]
                 n_epochs: 50                            	[default: 100]
           n_epochs_decay: 50                            	[default: 100]
               n_layers_D: 3                             
                     name: IRVI_single_monitor           	[default: experiment_name]
                      ndf: 64                            
                     netD: basic                         
                     netG: resnet_9blocks                
                      ngf: 64                            
             no_antialias: False                         
          no_antialias_up: False                         
               no_dropout: True                          
                  no_flip: True                          	[default: False]
                  no_html: True                          	[default: False]
                    normD: instance                      
                    normG: instance                      
              num_threads: 4                             
                output_nc: 3                             
                    phase: train                         
                pool_size: 0                             
               preprocess: resize_and_crop               
          pretrained_name: None                          
               print_freq: 100                           
         random_scale_max: 3.0                           
             save_by_iter: False                         
          save_epoch_freq: 5                             
         save_latest_freq: 5000                          
           serial_batches: False                         
              side_length: 7                             
stylegan2_G_num_downsampling: 1                             
                   suffix:                               
         update_html_freq: 1000                          
                  use_idt: False                         
                  verbose: False                         
            which_D_layer: -1                            
----------------- End -------------------
dataset [UnalignedDataset] was created
model [ROMASingleModel] was created
The number of training images = 5080
---------- Networks initialized -------------
[Network G] Total number of parameters : 11.378 M
[Network D_ViT] Total number of parameters : 1.181 M
-----------------------------------------------
(epoch: 1, iters: 100, time: 0.163, data: 0.087) G_GAN_ViT: 0.885 D_real_ViT: 0.797 D_fake_ViT: 0.232 global: 0.409 spatial: 0.079 
(epoch: 1, iters: 200, time: 0.288, data: 0.002) G_GAN_ViT: 0.662 D_real_ViT: 0.479 D_fake_ViT: 0.267 global: 0.309 spatial: 0.054 
(epoch: 1, iters: 300, time: 0.365, data: 0.001) G_GAN_ViT: 0.531 D_real_ViT: 0.350 D_fake_ViT: 0.294 global: 0.401 spatial: 0.070 
(epoch: 1, iters: 400, time: 0.412, data: 0.001) G_GAN_ViT: 0.538 D_real_ViT: 0.310 D_fake_ViT: 0.239 global: 0.391 spatial: 0.068 
(epoch: 1, iters: 500, time: 0.441, data: 0.001) G_GAN_ViT: 0.583 D_real_ViT: 0.268 D_fake_ViT: 0.202 global: 0.418 spatial: 0.057 
(epoch: 1, iters: 600, time: 0.460, data: 0.001) G_GAN_ViT: 0.506 D_real_ViT: 0.216 D_fake_ViT: 0.241 global: 0.330 spatial: 0.076 
(epoch: 1, iters: 700, time: 0.471, data: 0.001) G_GAN_ViT: 0.574 D_real_ViT: 0.202 D_fake_ViT: 0.176 global: 0.369 spatial: 0.063 
(epoch: 1, iters: 800, time: 0.478, data: 0.001) G_GAN_ViT: 0.532 D_real_ViT: 0.238 D_fake_ViT: 0.199 global: 0.436 spatial: 0.080 
(epoch: 1, iters: 900, time: 0.482, data: 0.001) G_GAN_ViT: 0.560 D_real_ViT: 0.207 D_fake_ViT: 0.179 global: 0.353 spatial: 0.080 
(epoch: 1, iters: 1000, time: 0.484, data: 0.001) G_GAN_ViT: 0.512 D_real_ViT: 0.179 D_fake_ViT: 0.205 global: 0.349 spatial: 0.070 
(epoch: 1, iters: 1100, time: 0.485, data: 0.001) G_GAN_ViT: 0.559 D_real_ViT: 0.153 D_fake_ViT: 0.164 global: 0.408 spatial: 0.077 
(epoch: 1, iters: 1200, time: 0.486, data: 0.001) G_GAN_ViT: 0.459 D_real_ViT: 0.188 D_fake_ViT: 0.218 global: 0.361 spatial: 0.082 
(epoch: 1, iters: 1300, time: 0.487, data: 0.001) G_GAN_ViT: 0.557 D_real_ViT: 0.184 D_fake_ViT: 0.179 global: 0.404 spatial: 0.102 
(epoch: 1, iters: 1400, time: 0.488, data: 0.001) G_GAN_ViT: 0.440 D_real_ViT: 0.212 D_fake_ViT: 0.213 global: 0.329 spatial: 0.060 
(epoch: 1, iters: 1500, time: 0.488, data: 0.001) G_GAN_ViT: 0.574 D_real_ViT: 0.210 D_fake_ViT: 0.166 global: 0.504 spatial: 0.102 
(epoch: 1, iters: 1600, time: 0.489, data: 0.001) G_GAN_ViT: 0.428 D_real_ViT: 0.382 D_fake_ViT: 0.217 global: 0.447 spatial: 0.073 
(epoch: 1, iters: 1700, time: 0.489, data: 0.001) G_GAN_ViT: 0.523 D_real_ViT: 0.154 D_fake_ViT: 0.161 global: 0.454 spatial: 0.075 
(epoch: 1, iters: 1800, time: 0.489, data: 0.001) G_GAN_ViT: 0.493 D_real_ViT: 0.226 D_fake_ViT: 0.173 global: 0.380 spatial: 0.073 
(epoch: 1, iters: 1900, time: 0.489, data: 0.001) G_GAN_ViT: 0.482 D_real_ViT: 0.157 D_fake_ViT: 0.200 global: 0.447 spatial: 0.101 
(epoch: 1, iters: 2000, time: 0.489, data: 0.001) G_GAN_ViT: 0.521 D_real_ViT: 0.191 D_fake_ViT: 0.150 global: 0.384 spatial: 0.063 
(epoch: 1, iters: 2100, time: 0.489, data: 0.001) G_GAN_ViT: 0.475 D_real_ViT: 0.152 D_fake_ViT: 0.190 global: 0.430 spatial: 0.086 
(epoch: 1, iters: 2200, time: 0.489, data: 0.001) G_GAN_ViT: 0.438 D_real_ViT: 0.182 D_fake_ViT: 0.210 global: 0.433 spatial: 0.085 
(epoch: 1, iters: 2300, time: 0.489, data: 0.001) G_GAN_ViT: 0.519 D_real_ViT: 0.279 D_fake_ViT: 0.163 global: 0.443 spatial: 0.095 
(epoch: 1, iters: 2400, time: 0.489, data: 0.002) G_GAN_ViT: 0.530 D_real_ViT: 0.205 D_fake_ViT: 0.150 global: 0.463 spatial: 0.088 
(epoch: 1, iters: 2500, time: 0.489, data: 0.001) G_GAN_ViT: 0.454 D_real_ViT: 0.173 D_fake_ViT: 0.200 global: 0.393 spatial: 0.106 
(epoch: 1, iters: 2600, time: 0.489, data: 0.001) G_GAN_ViT: 0.407 D_real_ViT: 0.253 D_fake_ViT: 0.211 global: 0.377 spatial: 0.084 
(epoch: 1, iters: 2700, time: 0.489, data: 0.001) G_GAN_ViT: 0.440 D_real_ViT: 0.162 D_fake_ViT: 0.198 global: 0.363 spatial: 0.074 
(epoch: 1, iters: 2800, time: 0.489, data: 0.001) G_GAN_ViT: 0.343 D_real_ViT: 0.368 D_fake_ViT: 0.259 global: 0.306 spatial: 0.073 
(epoch: 1, iters: 2900, time: 0.489, data: 0.001) G_GAN_ViT: 0.328 D_real_ViT: 0.169 D_fake_ViT: 0.268 global: 0.323 spatial: 0.070 
(epoch: 1, iters: 3000, time: 0.489, data: 0.001) G_GAN_ViT: 0.329 D_real_ViT: 0.392 D_fake_ViT: 0.272 global: 0.419 spatial: 0.082 
(epoch: 1, iters: 3100, time: 0.489, data: 0.001) G_GAN_ViT: 0.411 D_real_ViT: 0.268 D_fake_ViT: 0.207 global: 0.419 spatial: 0.073 
(epoch: 1, iters: 3200, time: 0.489, data: 0.001) G_GAN_ViT: 0.383 D_real_ViT: 0.207 D_fake_ViT: 0.225 global: 0.395 spatial: 0.075 
(epoch: 1, iters: 3300, time: 0.489, data: 0.001) G_GAN_ViT: 0.428 D_real_ViT: 0.175 D_fake_ViT: 0.194 global: 0.397 spatial: 0.077 
(epoch: 1, iters: 3400, time: 0.489, data: 0.005) G_GAN_ViT: 0.520 D_real_ViT: 0.305 D_fake_ViT: 0.154 global: 0.429 spatial: 0.098 
(epoch: 1, iters: 3500, time: 0.489, data: 0.001) G_GAN_ViT: 0.553 D_real_ViT: 0.193 D_fake_ViT: 0.141 global: 0.436 spatial: 0.111 
(epoch: 1, iters: 3600, time: 0.489, data: 0.001) G_GAN_ViT: 0.430 D_real_ViT: 0.230 D_fake_ViT: 0.193 global: 0.381 spatial: 0.085 
(epoch: 1, iters: 3700, time: 0.489, data: 0.001) G_GAN_ViT: 0.485 D_real_ViT: 0.174 D_fake_ViT: 0.167 global: 0.395 spatial: 0.105 
(epoch: 1, iters: 3800, time: 0.489, data: 0.001) G_GAN_ViT: 0.363 D_real_ViT: 0.252 D_fake_ViT: 0.227 global: 0.383 spatial: 0.077 
(epoch: 1, iters: 3900, time: 0.489, data: 0.001) G_GAN_ViT: 0.471 D_real_ViT: 0.236 D_fake_ViT: 0.183 global: 0.401 spatial: 0.099 
(epoch: 1, iters: 4000, time: 0.489, data: 0.001) G_GAN_ViT: 0.496 D_real_ViT: 0.216 D_fake_ViT: 0.171 global: 0.430 spatial: 0.102 
(epoch: 1, iters: 4100, time: 0.489, data: 0.001) G_GAN_ViT: 0.372 D_real_ViT: 0.255 D_fake_ViT: 0.225 global: 0.393 spatial: 0.069 
(epoch: 1, iters: 4200, time: 0.489, data: 0.001) G_GAN_ViT: 0.520 D_real_ViT: 0.117 D_fake_ViT: 0.148 global: 0.423 spatial: 0.092 
(epoch: 1, iters: 4300, time: 0.489, data: 0.001) G_GAN_ViT: 0.510 D_real_ViT: 0.325 D_fake_ViT: 0.141 global: 0.483 spatial: 0.103 
(epoch: 1, iters: 4400, time: 0.489, data: 0.001) G_GAN_ViT: 0.515 D_real_ViT: 0.197 D_fake_ViT: 0.138 global: 0.342 spatial: 0.083 
(epoch: 1, iters: 4500, time: 0.489, data: 0.001) G_GAN_ViT: 0.438 D_real_ViT: 0.278 D_fake_ViT: 0.182 global: 0.413 spatial: 0.101 
(epoch: 1, iters: 4600, time: 0.489, data: 0.001) G_GAN_ViT: 0.416 D_real_ViT: 0.267 D_fake_ViT: 0.192 global: 0.465 spatial: 0.094 
(epoch: 1, iters: 4700, time: 0.489, data: 0.002) G_GAN_ViT: 0.491 D_real_ViT: 0.222 D_fake_ViT: 0.163 global: 0.411 spatial: 0.111 
(epoch: 1, iters: 4800, time: 0.489, data: 0.001) G_GAN_ViT: 0.371 D_real_ViT: 0.262 D_fake_ViT: 0.228 global: 0.356 spatial: 0.082 
(epoch: 1, iters: 4900, time: 0.489, data: 0.001) G_GAN_ViT: 0.481 D_real_ViT: 0.152 D_fake_ViT: 0.158 global: 0.382 spatial: 0.095 
(epoch: 1, iters: 5000, time: 0.489, data: 0.001) G_GAN_ViT: 0.430 D_real_ViT: 0.270 D_fake_ViT: 0.199 global: 0.396 spatial: 0.100 
saving the latest model (epoch 1, total_iters 5000)
IRVI_single_monitor
End of epoch 1 / 100 	 Time Taken: 2465 sec
learning rate = 0.0000100
(epoch: 2, iters: 20, time: 0.487, data: 0.001) G_GAN_ViT: 0.416 D_real_ViT: 0.279 D_fake_ViT: 0.190 global: 0.375 spatial: 0.074 
(epoch: 2, iters: 120, time: 0.487, data: 0.001) G_GAN_ViT: 0.426 D_real_ViT: 0.265 D_fake_ViT: 0.183 global: 0.420 spatial: 0.093 
(epoch: 2, iters: 220, time: 0.488, data: 0.001) G_GAN_ViT: 0.508 D_real_ViT: 0.089 D_fake_ViT: 0.146 global: 0.427 spatial: 0.099 
(epoch: 2, iters: 320, time: 0.488, data: 0.001) G_GAN_ViT: 0.433 D_real_ViT: 0.168 D_fake_ViT: 0.192 global: 0.418 spatial: 0.110 
(epoch: 2, iters: 420, time: 0.488, data: 0.001) G_GAN_ViT: 0.359 D_real_ViT: 0.178 D_fake_ViT: 0.247 global: 0.431 spatial: 0.078 
(epoch: 2, iters: 520, time: 0.488, data: 0.002) G_GAN_ViT: 0.412 D_real_ViT: 0.235 D_fake_ViT: 0.196 global: 0.379 spatial: 0.074 
(epoch: 2, iters: 620, time: 0.488, data: 0.001) G_GAN_ViT: 0.347 D_real_ViT: 0.111 D_fake_ViT: 0.258 global: 0.309 spatial: 0.084 
(epoch: 2, iters: 720, time: 0.489, data: 0.002) G_GAN_ViT: 0.392 D_real_ViT: 0.167 D_fake_ViT: 0.204 global: 0.363 spatial: 0.078 
(epoch: 2, iters: 820, time: 0.489, data: 0.001) G_GAN_ViT: 0.358 D_real_ViT: 0.185 D_fake_ViT: 0.243 global: 0.306 spatial: 0.063 
(epoch: 2, iters: 920, time: 0.489, data: 0.001) G_GAN_ViT: 0.309 D_real_ViT: 0.256 D_fake_ViT: 0.271 global: 0.302 spatial: 0.059 
(epoch: 2, iters: 1020, time: 0.489, data: 0.001) G_GAN_ViT: 0.523 D_real_ViT: 0.160 D_fake_ViT: 0.130 global: 0.422 spatial: 0.096 
(epoch: 2, iters: 1120, time: 0.489, data: 0.002) G_GAN_ViT: 0.268 D_real_ViT: 0.236 D_fake_ViT: 0.313 global: 0.378 spatial: 0.070 
(epoch: 2, iters: 1220, time: 0.489, data: 0.002) G_GAN_ViT: 0.594 D_real_ViT: 0.135 D_fake_ViT: 0.112 global: 0.433 spatial: 0.109 
(epoch: 2, iters: 1320, time: 0.489, data: 0.001) G_GAN_ViT: 0.268 D_real_ViT: 0.286 D_fake_ViT: 0.315 global: 0.296 spatial: 0.064 
(epoch: 2, iters: 1420, time: 0.489, data: 0.002) G_GAN_ViT: 0.439 D_real_ViT: 0.222 D_fake_ViT: 0.179 global: 0.448 spatial: 0.092 
(epoch: 2, iters: 1520, time: 0.489, data: 0.002) G_GAN_ViT: 0.443 D_real_ViT: 0.166 D_fake_ViT: 0.191 global: 0.327 spatial: 0.074 
(epoch: 2, iters: 1620, time: 0.489, data: 0.001) G_GAN_ViT: 0.378 D_real_ViT: 0.166 D_fake_ViT: 0.230 global: 0.402 spatial: 0.079 
(epoch: 2, iters: 1720, time: 0.489, data: 0.001) G_GAN_ViT: 0.376 D_real_ViT: 0.270 D_fake_ViT: 0.221 global: 0.368 spatial: 0.109 
(epoch: 2, iters: 1820, time: 0.489, data: 0.001) G_GAN_ViT: 0.418 D_real_ViT: 0.225 D_fake_ViT: 0.197 global: 0.300 spatial: 0.071 
(epoch: 2, iters: 1920, time: 0.489, data: 0.001) G_GAN_ViT: 0.293 D_real_ViT: 0.237 D_fake_ViT: 0.303 global: 0.345 spatial: 0.065 
(epoch: 2, iters: 2020, time: 0.489, data: 0.001) G_GAN_ViT: 0.352 D_real_ViT: 0.249 D_fake_ViT: 0.222 global: 0.376 spatial: 0.074 
(epoch: 2, iters: 2120, time: 0.489, data: 0.001) G_GAN_ViT: 0.345 D_real_ViT: 0.239 D_fake_ViT: 0.243 global: 0.386 spatial: 0.082 
(epoch: 2, iters: 2220, time: 0.489, data: 0.001) G_GAN_ViT: 0.509 D_real_ViT: 0.209 D_fake_ViT: 0.131 global: 0.434 spatial: 0.093 
(epoch: 2, iters: 2320, time: 0.489, data: 0.001) G_GAN_ViT: 0.377 D_real_ViT: 0.228 D_fake_ViT: 0.219 global: 0.350 spatial: 0.081 
(epoch: 2, iters: 2420, time: 0.489, data: 0.001) G_GAN_ViT: 0.510 D_real_ViT: 0.234 D_fake_ViT: 0.149 global: 0.408 spatial: 0.114 
(epoch: 2, iters: 2520, time: 0.489, data: 0.001) G_GAN_ViT: 0.374 D_real_ViT: 0.207 D_fake_ViT: 0.230 global: 0.367 spatial: 0.081 
(epoch: 2, iters: 2620, time: 0.489, data: 0.002) G_GAN_ViT: 0.483 D_real_ViT: 0.231 D_fake_ViT: 0.162 global: 0.373 spatial: 0.097 
(epoch: 2, iters: 2720, time: 0.489, data: 0.001) G_GAN_ViT: 0.306 D_real_ViT: 0.212 D_fake_ViT: 0.267 global: 0.417 spatial: 0.079 
(epoch: 2, iters: 2820, time: 0.489, data: 0.001) G_GAN_ViT: 0.334 D_real_ViT: 0.104 D_fake_ViT: 0.246 global: 0.356 spatial: 0.072 
(epoch: 2, iters: 2920, time: 0.489, data: 0.002) G_GAN_ViT: 0.490 D_real_ViT: 0.124 D_fake_ViT: 0.163 global: 0.377 spatial: 0.111 
(epoch: 2, iters: 3020, time: 0.489, data: 0.001) G_GAN_ViT: 0.425 D_real_ViT: 0.277 D_fake_ViT: 0.186 global: 0.372 spatial: 0.083 
(epoch: 2, iters: 3120, time: 0.489, data: 0.001) G_GAN_ViT: 0.521 D_real_ViT: 0.221 D_fake_ViT: 0.141 global: 0.390 spatial: 0.099 
(epoch: 2, iters: 3220, time: 0.489, data: 0.002) G_GAN_ViT: 0.421 D_real_ViT: 0.239 D_fake_ViT: 0.178 global: 0.327 spatial: 0.091 
(epoch: 2, iters: 3320, time: 0.489, data: 0.001) G_GAN_ViT: 0.415 D_real_ViT: 0.212 D_fake_ViT: 0.195 global: 0.417 spatial: 0.109 
(epoch: 2, iters: 3420, time: 0.489, data: 0.001) G_GAN_ViT: 0.424 D_real_ViT: 0.159 D_fake_ViT: 0.191 global: 0.401 spatial: 0.105 
(epoch: 2, iters: 3520, time: 0.489, data: 0.001) G_GAN_ViT: 0.330 D_real_ViT: 0.120 D_fake_ViT: 0.268 global: 0.424 spatial: 0.074 
(epoch: 2, iters: 3620, time: 0.489, data: 0.001) G_GAN_ViT: 0.328 D_real_ViT: 0.241 D_fake_ViT: 0.259 global: 0.326 spatial: 0.058 
(epoch: 2, iters: 3720, time: 0.489, data: 0.001) G_GAN_ViT: 0.333 D_real_ViT: 0.235 D_fake_ViT: 0.233 global: 0.304 spatial: 0.064 
(epoch: 2, iters: 3820, time: 0.489, data: 0.001) G_GAN_ViT: 0.372 D_real_ViT: 0.169 D_fake_ViT: 0.208 global: 0.365 spatial: 0.090 
(epoch: 2, iters: 3920, time: 0.489, data: 0.001) G_GAN_ViT: 0.309 D_real_ViT: 0.129 D_fake_ViT: 0.261 global: 0.307 spatial: 0.062 
(epoch: 2, iters: 4020, time: 0.489, data: 0.005) G_GAN_ViT: 0.515 D_real_ViT: 0.167 D_fake_ViT: 0.138 global: 0.326 spatial: 0.080 
(epoch: 2, iters: 4120, time: 0.489, data: 0.002) G_GAN_ViT: 0.392 D_real_ViT: 0.206 D_fake_ViT: 0.185 global: 0.431 spatial: 0.087 
(epoch: 2, iters: 4220, time: 0.489, data: 0.001) G_GAN_ViT: 0.292 D_real_ViT: 0.230 D_fake_ViT: 0.286 global: 0.306 spatial: 0.057 
(epoch: 2, iters: 4320, time: 0.489, data: 0.002) G_GAN_ViT: 0.406 D_real_ViT: 0.142 D_fake_ViT: 0.185 global: 0.348 spatial: 0.072 
(epoch: 2, iters: 4420, time: 0.490, data: 0.001) G_GAN_ViT: 0.515 D_real_ViT: 0.245 D_fake_ViT: 0.139 global: 0.412 spatial: 0.096 
(epoch: 2, iters: 4520, time: 0.489, data: 0.002) G_GAN_ViT: 0.589 D_real_ViT: 0.251 D_fake_ViT: 0.113 global: 0.412 spatial: 0.114 
(epoch: 2, iters: 4620, time: 0.489, data: 0.001) G_GAN_ViT: 0.363 D_real_ViT: 0.232 D_fake_ViT: 0.225 global: 0.341 spatial: 0.079 
(epoch: 2, iters: 4720, time: 0.489, data: 0.001) G_GAN_ViT: 0.350 D_real_ViT: 0.145 D_fake_ViT: 0.249 global: 0.316 spatial: 0.078 
(epoch: 2, iters: 4820, time: 0.489, data: 0.002) G_GAN_ViT: 0.393 D_real_ViT: 0.221 D_fake_ViT: 0.201 global: 0.445 spatial: 0.080 
(epoch: 2, iters: 4920, time: 0.489, data: 0.001) G_GAN_ViT: 0.423 D_real_ViT: 0.099 D_fake_ViT: 0.179 global: 0.484 spatial: 0.097 
saving the latest model (epoch 2, total_iters 10000)
IRVI_single_monitor
(epoch: 2, iters: 5020, time: 0.487, data: 0.002) G_GAN_ViT: 0.444 D_real_ViT: 0.261 D_fake_ViT: 0.164 global: 0.457 spatial: 0.107 
End of epoch 2 / 100 	 Time Taken: 2492 sec
learning rate = 0.0000100
(epoch: 3, iters: 40, time: 0.488, data: 0.001) G_GAN_ViT: 0.501 D_real_ViT: 0.114 D_fake_ViT: 0.140 global: 0.336 spatial: 0.078 
(epoch: 3, iters: 140, time: 0.488, data: 0.001) G_GAN_ViT: 0.310 D_real_ViT: 0.235 D_fake_ViT: 0.254 global: 0.354 spatial: 0.084 
(epoch: 3, iters: 240, time: 0.488, data: 0.001) G_GAN_ViT: 0.488 D_real_ViT: 0.207 D_fake_ViT: 0.160 global: 0.422 spatial: 0.074 
(epoch: 3, iters: 340, time: 0.489, data: 0.002) G_GAN_ViT: 0.414 D_real_ViT: 0.230 D_fake_ViT: 0.183 global: 0.319 spatial: 0.084 
(epoch: 3, iters: 440, time: 0.489, data: 0.001) G_GAN_ViT: 0.466 D_real_ViT: 0.256 D_fake_ViT: 0.153 global: 0.410 spatial: 0.095 
(epoch: 3, iters: 540, time: 0.489, data: 0.002) G_GAN_ViT: 0.417 D_real_ViT: 0.170 D_fake_ViT: 0.196 global: 0.405 spatial: 0.075 
(epoch: 3, iters: 640, time: 0.489, data: 0.002) G_GAN_ViT: 0.345 D_real_ViT: 0.288 D_fake_ViT: 0.239 global: 0.359 spatial: 0.072 
(epoch: 3, iters: 740, time: 0.489, data: 0.001) G_GAN_ViT: 0.473 D_real_ViT: 0.161 D_fake_ViT: 0.152 global: 0.427 spatial: 0.102 
(epoch: 3, iters: 840, time: 0.489, data: 0.002) G_GAN_ViT: 0.409 D_real_ViT: 0.240 D_fake_ViT: 0.183 global: 0.350 spatial: 0.062 
(epoch: 3, iters: 940, time: 0.489, data: 0.001) G_GAN_ViT: 0.323 D_real_ViT: 0.252 D_fake_ViT: 0.263 global: 0.442 spatial: 0.077 
(epoch: 3, iters: 1040, time: 0.489, data: 0.001) G_GAN_ViT: 0.371 D_real_ViT: 0.133 D_fake_ViT: 0.231 global: 0.348 spatial: 0.080 
(epoch: 3, iters: 1140, time: 0.489, data: 0.001) G_GAN_ViT: 0.500 D_real_ViT: 0.244 D_fake_ViT: 0.167 global: 0.390 spatial: 0.101 
(epoch: 3, iters: 1240, time: 0.489, data: 0.001) G_GAN_ViT: 0.642 D_real_ViT: 0.094 D_fake_ViT: 0.105 global: 0.399 spatial: 0.114 
(epoch: 3, iters: 1340, time: 0.489, data: 0.001) G_GAN_ViT: 0.378 D_real_ViT: 0.304 D_fake_ViT: 0.188 global: 0.406 spatial: 0.077 
(epoch: 3, iters: 1440, time: 0.490, data: 0.002) G_GAN_ViT: 0.348 D_real_ViT: 0.163 D_fake_ViT: 0.214 global: 0.437 spatial: 0.076 
(epoch: 3, iters: 1540, time: 0.490, data: 0.001) G_GAN_ViT: 0.394 D_real_ViT: 0.257 D_fake_ViT: 0.194 global: 0.383 spatial: 0.107 
(epoch: 3, iters: 1640, time: 0.490, data: 0.001) G_GAN_ViT: 0.433 D_real_ViT: 0.151 D_fake_ViT: 0.164 global: 0.415 spatial: 0.087 
(epoch: 3, iters: 1740, time: 0.490, data: 0.001) G_GAN_ViT: 0.330 D_real_ViT: 0.200 D_fake_ViT: 0.234 global: 0.293 spatial: 0.070 
(epoch: 3, iters: 1840, time: 0.490, data: 0.001) G_GAN_ViT: 0.347 D_real_ViT: 0.123 D_fake_ViT: 0.239 global: 0.397 spatial: 0.112 
(epoch: 3, iters: 1940, time: 0.490, data: 0.001) G_GAN_ViT: 0.395 D_real_ViT: 0.224 D_fake_ViT: 0.200 global: 0.446 spatial: 0.095 
(epoch: 3, iters: 2040, time: 0.490, data: 0.002) G_GAN_ViT: 0.382 D_real_ViT: 0.110 D_fake_ViT: 0.207 global: 0.337 spatial: 0.053 
(epoch: 3, iters: 2140, time: 0.490, data: 0.001) G_GAN_ViT: 0.361 D_real_ViT: 0.079 D_fake_ViT: 0.223 global: 0.361 spatial: 0.087 
(epoch: 3, iters: 2240, time: 0.490, data: 0.001) G_GAN_ViT: 0.453 D_real_ViT: 0.238 D_fake_ViT: 0.167 global: 0.400 spatial: 0.115 
(epoch: 3, iters: 2340, time: 0.490, data: 0.001) G_GAN_ViT: 0.305 D_real_ViT: 0.159 D_fake_ViT: 0.249 global: 0.327 spatial: 0.072 
(epoch: 3, iters: 2440, time: 0.490, data: 0.001) G_GAN_ViT: 0.451 D_real_ViT: 0.111 D_fake_ViT: 0.166 global: 0.404 spatial: 0.120 
(epoch: 3, iters: 2540, time: 0.490, data: 0.001) G_GAN_ViT: 0.293 D_real_ViT: 0.100 D_fake_ViT: 0.272 global: 0.341 spatial: 0.067 
(epoch: 3, iters: 2640, time: 0.490, data: 0.001) G_GAN_ViT: 0.378 D_real_ViT: 0.113 D_fake_ViT: 0.222 global: 0.288 spatial: 0.070 
(epoch: 3, iters: 2740, time: 0.490, data: 0.002) G_GAN_ViT: 0.368 D_real_ViT: 0.102 D_fake_ViT: 0.220 global: 0.322 spatial: 0.082 
(epoch: 3, iters: 2840, time: 0.490, data: 0.001) G_GAN_ViT: 0.399 D_real_ViT: 0.254 D_fake_ViT: 0.198 global: 0.447 spatial: 0.115 
(epoch: 3, iters: 2940, time: 0.489, data: 0.001) G_GAN_ViT: 0.333 D_real_ViT: 0.217 D_fake_ViT: 0.235 global: 0.293 spatial: 0.075 
(epoch: 3, iters: 3040, time: 0.489, data: 0.001) G_GAN_ViT: 0.426 D_real_ViT: 0.248 D_fake_ViT: 0.170 global: 0.418 spatial: 0.079 
(epoch: 3, iters: 3140, time: 0.488, data: 0.001) G_GAN_ViT: 0.462 D_real_ViT: 0.139 D_fake_ViT: 0.164 global: 0.546 spatial: 0.101 
(epoch: 3, iters: 3240, time: 0.488, data: 0.001) G_GAN_ViT: 0.411 D_real_ViT: 0.238 D_fake_ViT: 0.189 global: 0.398 spatial: 0.081 
(epoch: 3, iters: 3340, time: 0.488, data: 0.001) G_GAN_ViT: 0.393 D_real_ViT: 0.206 D_fake_ViT: 0.193 global: 0.324 spatial: 0.060 
(epoch: 3, iters: 3440, time: 0.488, data: 0.001) G_GAN_ViT: 0.443 D_real_ViT: 0.128 D_fake_ViT: 0.172 global: 0.409 spatial: 0.114 
(epoch: 3, iters: 3540, time: 0.488, data: 0.002) G_GAN_ViT: 0.432 D_real_ViT: 0.182 D_fake_ViT: 0.171 global: 0.310 spatial: 0.090 
(epoch: 3, iters: 3640, time: 0.488, data: 0.002) G_GAN_ViT: 0.481 D_real_ViT: 0.246 D_fake_ViT: 0.133 global: 0.444 spatial: 0.095 
(epoch: 3, iters: 3740, time: 0.488, data: 0.001) G_GAN_ViT: 0.401 D_real_ViT: 0.295 D_fake_ViT: 0.171 global: 0.348 spatial: 0.085 
(epoch: 3, iters: 3840, time: 0.488, data: 0.001) G_GAN_ViT: 0.455 D_real_ViT: 0.173 D_fake_ViT: 0.167 global: 0.356 spatial: 0.077 
(epoch: 3, iters: 3940, time: 0.488, data: 0.001) G_GAN_ViT: 0.409 D_real_ViT: 0.158 D_fake_ViT: 0.181 global: 0.321 spatial: 0.091 
(epoch: 3, iters: 4040, time: 0.488, data: 0.001) G_GAN_ViT: 0.370 D_real_ViT: 0.223 D_fake_ViT: 0.221 global: 0.405 spatial: 0.109 
(epoch: 3, iters: 4140, time: 0.488, data: 0.001) G_GAN_ViT: 0.377 D_real_ViT: 0.142 D_fake_ViT: 0.198 global: 0.464 spatial: 0.084 
(epoch: 3, iters: 4240, time: 0.488, data: 0.001) G_GAN_ViT: 0.453 D_real_ViT: 0.212 D_fake_ViT: 0.153 global: 0.306 spatial: 0.080 
(epoch: 3, iters: 4340, time: 0.488, data: 0.001) G_GAN_ViT: 0.477 D_real_ViT: 0.308 D_fake_ViT: 0.157 global: 0.321 spatial: 0.077 
(epoch: 3, iters: 4440, time: 0.487, data: 0.001) G_GAN_ViT: 0.415 D_real_ViT: 0.188 D_fake_ViT: 0.199 global: 0.436 spatial: 0.113 
(epoch: 3, iters: 4540, time: 0.487, data: 0.001) G_GAN_ViT: 0.352 D_real_ViT: 0.173 D_fake_ViT: 0.232 global: 0.436 spatial: 0.117 
(epoch: 3, iters: 4640, time: 0.488, data: 0.001) G_GAN_ViT: 0.358 D_real_ViT: 0.277 D_fake_ViT: 0.224 global: 0.419 spatial: 0.091 
(epoch: 3, iters: 4740, time: 0.488, data: 0.001) G_GAN_ViT: 0.369 D_real_ViT: 0.170 D_fake_ViT: 0.202 global: 0.312 spatial: 0.073 
(epoch: 3, iters: 4840, time: 0.488, data: 0.001) G_GAN_ViT: 0.405 D_real_ViT: 0.111 D_fake_ViT: 0.176 global: 0.424 spatial: 0.076 
saving the latest model (epoch 3, total_iters 15000)
IRVI_single_monitor
(epoch: 3, iters: 4940, time: 0.486, data: 0.001) G_GAN_ViT: 0.451 D_real_ViT: 0.241 D_fake_ViT: 0.174 global: 0.337 spatial: 0.078 
(epoch: 3, iters: 5040, time: 0.486, data: 0.001) G_GAN_ViT: 0.448 D_real_ViT: 0.250 D_fake_ViT: 0.194 global: 0.400 spatial: 0.118 
End of epoch 3 / 100 	 Time Taken: 2490 sec
learning rate = 0.0000100
(epoch: 4, iters: 60, time: 0.487, data: 0.001) G_GAN_ViT: 0.374 D_real_ViT: 0.266 D_fake_ViT: 0.208 global: 0.390 spatial: 0.090 
(epoch: 4, iters: 160, time: 0.487, data: 0.001) G_GAN_ViT: 0.339 D_real_ViT: 0.143 D_fake_ViT: 0.231 global: 0.348 spatial: 0.085 
(epoch: 4, iters: 260, time: 0.488, data: 0.001) G_GAN_ViT: 0.369 D_real_ViT: 0.187 D_fake_ViT: 0.211 global: 0.430 spatial: 0.119 
(epoch: 4, iters: 360, time: 0.488, data: 0.001) G_GAN_ViT: 0.417 D_real_ViT: 0.147 D_fake_ViT: 0.174 global: 0.432 spatial: 0.106 
(epoch: 4, iters: 460, time: 0.488, data: 0.002) G_GAN_ViT: 0.355 D_real_ViT: 0.169 D_fake_ViT: 0.237 global: 0.492 spatial: 0.086 
(epoch: 4, iters: 560, time: 0.488, data: 0.001) G_GAN_ViT: 0.460 D_real_ViT: 0.245 D_fake_ViT: 0.162 global: 0.513 spatial: 0.121 
(epoch: 4, iters: 660, time: 0.488, data: 0.001) G_GAN_ViT: 0.488 D_real_ViT: 0.157 D_fake_ViT: 0.152 global: 0.412 spatial: 0.120 
(epoch: 4, iters: 760, time: 0.488, data: 0.001) G_GAN_ViT: 0.411 D_real_ViT: 0.119 D_fake_ViT: 0.196 global: 0.416 spatial: 0.094 
(epoch: 4, iters: 860, time: 0.488, data: 0.001) G_GAN_ViT: 0.369 D_real_ViT: 0.176 D_fake_ViT: 0.212 global: 0.325 spatial: 0.076 
(epoch: 4, iters: 960, time: 0.488, data: 0.002) G_GAN_ViT: 0.492 D_real_ViT: 0.233 D_fake_ViT: 0.136 global: 0.425 spatial: 0.078 
(epoch: 4, iters: 1060, time: 0.488, data: 0.001) G_GAN_ViT: 0.686 D_real_ViT: 0.125 D_fake_ViT: 0.100 global: 0.418 spatial: 0.115 
(epoch: 4, iters: 1160, time: 0.488, data: 0.001) G_GAN_ViT: 0.279 D_real_ViT: 0.281 D_fake_ViT: 0.280 global: 0.275 spatial: 0.061 
(epoch: 4, iters: 1260, time: 0.488, data: 0.001) G_GAN_ViT: 0.440 D_real_ViT: 0.271 D_fake_ViT: 0.157 global: 0.416 spatial: 0.081 
(epoch: 4, iters: 1360, time: 0.488, data: 0.002) G_GAN_ViT: 0.493 D_real_ViT: 0.226 D_fake_ViT: 0.136 global: 0.311 spatial: 0.071 
(epoch: 4, iters: 1460, time: 0.488, data: 0.001) G_GAN_ViT: 0.310 D_real_ViT: 0.268 D_fake_ViT: 0.279 global: 0.457 spatial: 0.087 
(epoch: 4, iters: 1560, time: 0.488, data: 0.001) G_GAN_ViT: 0.359 D_real_ViT: 0.175 D_fake_ViT: 0.223 global: 0.310 spatial: 0.060 
(epoch: 4, iters: 1660, time: 0.488, data: 0.002) G_GAN_ViT: 0.399 D_real_ViT: 0.202 D_fake_ViT: 0.188 global: 0.360 spatial: 0.086 
(epoch: 4, iters: 1760, time: 0.488, data: 0.001) G_GAN_ViT: 0.451 D_real_ViT: 0.072 D_fake_ViT: 0.157 global: 0.375 spatial: 0.086 
(epoch: 4, iters: 1860, time: 0.488, data: 0.001) G_GAN_ViT: 0.303 D_real_ViT: 0.178 D_fake_ViT: 0.256 global: 0.305 spatial: 0.074 
(epoch: 4, iters: 1960, time: 0.488, data: 0.001) G_GAN_ViT: 0.464 D_real_ViT: 0.193 D_fake_ViT: 0.170 global: 0.413 spatial: 0.085 
(epoch: 4, iters: 2060, time: 0.488, data: 0.005) G_GAN_ViT: 0.425 D_real_ViT: 0.209 D_fake_ViT: 0.177 global: 0.328 spatial: 0.073 
(epoch: 4, iters: 2160, time: 0.488, data: 0.001) G_GAN_ViT: 0.566 D_real_ViT: 0.233 D_fake_ViT: 0.126 global: 0.428 spatial: 0.106 
(epoch: 4, iters: 2260, time: 0.488, data: 0.001) G_GAN_ViT: 0.415 D_real_ViT: 0.245 D_fake_ViT: 0.187 global: 0.440 spatial: 0.088 
(epoch: 4, iters: 2360, time: 0.488, data: 0.001) G_GAN_ViT: 0.397 D_real_ViT: 0.173 D_fake_ViT: 0.181 global: 0.355 spatial: 0.084 
(epoch: 4, iters: 2460, time: 0.488, data: 0.001) G_GAN_ViT: 0.469 D_real_ViT: 0.128 D_fake_ViT: 0.146 global: 0.340 spatial: 0.085 
(epoch: 4, iters: 2560, time: 0.488, data: 0.001) G_GAN_ViT: 0.389 D_real_ViT: 0.240 D_fake_ViT: 0.184 global: 0.376 spatial: 0.088 
(epoch: 4, iters: 2660, time: 0.488, data: 0.001) G_GAN_ViT: 0.370 D_real_ViT: 0.179 D_fake_ViT: 0.218 global: 0.460 spatial: 0.120 
(epoch: 4, iters: 2760, time: 0.488, data: 0.001) G_GAN_ViT: 0.404 D_real_ViT: 0.211 D_fake_ViT: 0.190 global: 0.449 spatial: 0.120 
(epoch: 4, iters: 2860, time: 0.488, data: 0.002) G_GAN_ViT: 0.459 D_real_ViT: 0.268 D_fake_ViT: 0.149 global: 0.480 spatial: 0.095 
(epoch: 4, iters: 2960, time: 0.488, data: 0.001) G_GAN_ViT: 0.375 D_real_ViT: 0.096 D_fake_ViT: 0.203 global: 0.438 spatial: 0.082 
(epoch: 4, iters: 3060, time: 0.488, data: 0.001) G_GAN_ViT: 0.362 D_real_ViT: 0.162 D_fake_ViT: 0.204 global: 0.298 spatial: 0.069 
(epoch: 4, iters: 3160, time: 0.488, data: 0.001) G_GAN_ViT: 0.391 D_real_ViT: 0.189 D_fake_ViT: 0.199 global: 0.271 spatial: 0.078 
(epoch: 4, iters: 3260, time: 0.488, data: 0.001) G_GAN_ViT: 0.389 D_real_ViT: 0.115 D_fake_ViT: 0.206 global: 0.450 spatial: 0.115 
(epoch: 4, iters: 3360, time: 0.488, data: 0.002) G_GAN_ViT: 0.436 D_real_ViT: 0.182 D_fake_ViT: 0.167 global: 0.302 spatial: 0.077 
(epoch: 4, iters: 3460, time: 0.488, data: 0.001) G_GAN_ViT: 0.435 D_real_ViT: 0.213 D_fake_ViT: 0.171 global: 0.332 spatial: 0.072 
(epoch: 4, iters: 3560, time: 0.488, data: 0.001) G_GAN_ViT: 0.503 D_real_ViT: 0.145 D_fake_ViT: 0.155 global: 0.476 spatial: 0.081 
(epoch: 4, iters: 3660, time: 0.488, data: 0.001) G_GAN_ViT: 0.472 D_real_ViT: 0.249 D_fake_ViT: 0.152 global: 0.490 spatial: 0.125 
(epoch: 4, iters: 3760, time: 0.488, data: 0.002) G_GAN_ViT: 0.419 D_real_ViT: 0.290 D_fake_ViT: 0.179 global: 0.530 spatial: 0.101 
(epoch: 4, iters: 3860, time: 0.488, data: 0.001) G_GAN_ViT: 0.454 D_real_ViT: 0.217 D_fake_ViT: 0.161 global: 0.358 spatial: 0.086 
(epoch: 4, iters: 3960, time: 0.488, data: 0.001) G_GAN_ViT: 0.431 D_real_ViT: 0.164 D_fake_ViT: 0.168 global: 0.448 spatial: 0.090 
(epoch: 4, iters: 4060, time: 0.488, data: 0.002) G_GAN_ViT: 0.704 D_real_ViT: 0.177 D_fake_ViT: 0.070 global: 0.464 spatial: 0.118 
(epoch: 4, iters: 4160, time: 0.488, data: 0.001) G_GAN_ViT: 0.372 D_real_ViT: 0.119 D_fake_ViT: 0.210 global: 0.426 spatial: 0.120 
(epoch: 4, iters: 4260, time: 0.488, data: 0.002) G_GAN_ViT: 0.364 D_real_ViT: 0.170 D_fake_ViT: 0.209 global: 0.329 spatial: 0.073 
(epoch: 4, iters: 4360, time: 0.488, data: 0.001) G_GAN_ViT: 0.456 D_real_ViT: 0.141 D_fake_ViT: 0.168 global: 0.318 spatial: 0.072 
(epoch: 4, iters: 4460, time: 0.488, data: 0.001) G_GAN_ViT: 0.429 D_real_ViT: 0.170 D_fake_ViT: 0.162 global: 0.450 spatial: 0.096 
(epoch: 4, iters: 4560, time: 0.488, data: 0.002) G_GAN_ViT: 0.428 D_real_ViT: 0.161 D_fake_ViT: 0.175 global: 0.475 spatial: 0.126 
(epoch: 4, iters: 4660, time: 0.488, data: 0.002) G_GAN_ViT: 0.518 D_real_ViT: 0.268 D_fake_ViT: 0.140 global: 0.404 spatial: 0.082 
(epoch: 4, iters: 4760, time: 0.488, data: 0.001) G_GAN_ViT: 0.338 D_real_ViT: 0.135 D_fake_ViT: 0.233 global: 0.444 spatial: 0.089 
saving the latest model (epoch 4, total_iters 20000)
IRVI_single_monitor
(epoch: 4, iters: 4860, time: 0.486, data: 0.001) G_GAN_ViT: 0.462 D_real_ViT: 0.170 D_fake_ViT: 0.147 global: 0.393 spatial: 0.097 
(epoch: 4, iters: 4960, time: 0.487, data: 0.001) G_GAN_ViT: 0.510 D_real_ViT: 0.127 D_fake_ViT: 0.161 global: 0.398 spatial: 0.112 
(epoch: 4, iters: 5060, time: 0.488, data: 0.001) G_GAN_ViT: 0.446 D_real_ViT: 0.121 D_fake_ViT: 0.157 global: 0.399 spatial: 0.089 
End of epoch 4 / 100 	 Time Taken: 2487 sec
learning rate = 0.0000100
(epoch: 5, iters: 80, time: 0.488, data: 0.001) G_GAN_ViT: 0.383 D_real_ViT: 0.160 D_fake_ViT: 0.207 global: 0.394 spatial: 0.080 
(epoch: 5, iters: 180, time: 0.488, data: 0.001) G_GAN_ViT: 0.642 D_real_ViT: 0.252 D_fake_ViT: 0.103 global: 0.496 spatial: 0.122 
(epoch: 5, iters: 280, time: 0.488, data: 0.002) G_GAN_ViT: 0.387 D_real_ViT: 0.262 D_fake_ViT: 0.189 global: 0.460 spatial: 0.090 
(epoch: 5, iters: 380, time: 0.488, data: 0.002) G_GAN_ViT: 0.492 D_real_ViT: 0.240 D_fake_ViT: 0.149 global: 0.428 spatial: 0.092 
(epoch: 5, iters: 480, time: 0.488, data: 0.002) G_GAN_ViT: 0.444 D_real_ViT: 0.147 D_fake_ViT: 0.158 global: 0.421 spatial: 0.081 
(epoch: 5, iters: 580, time: 0.489, data: 0.001) G_GAN_ViT: 0.422 D_real_ViT: 0.180 D_fake_ViT: 0.179 global: 0.327 spatial: 0.077 
(epoch: 5, iters: 680, time: 0.489, data: 0.001) G_GAN_ViT: 0.407 D_real_ViT: 0.148 D_fake_ViT: 0.190 global: 0.387 spatial: 0.080 
(epoch: 5, iters: 780, time: 0.489, data: 0.001) G_GAN_ViT: 0.430 D_real_ViT: 0.190 D_fake_ViT: 0.168 global: 0.485 spatial: 0.110 
(epoch: 5, iters: 880, time: 0.489, data: 0.001) G_GAN_ViT: 0.303 D_real_ViT: 0.259 D_fake_ViT: 0.249 global: 0.301 spatial: 0.062 
(epoch: 5, iters: 980, time: 0.489, data: 0.002) G_GAN_ViT: 0.370 D_real_ViT: 0.144 D_fake_ViT: 0.209 global: 0.400 spatial: 0.094 
(epoch: 5, iters: 1080, time: 0.489, data: 0.002) G_GAN_ViT: 0.321 D_real_ViT: 0.262 D_fake_ViT: 0.269 global: 0.357 spatial: 0.075 
(epoch: 5, iters: 1180, time: 0.490, data: 0.001) G_GAN_ViT: 0.376 D_real_ViT: 0.158 D_fake_ViT: 0.205 global: 0.357 spatial: 0.077 
(epoch: 5, iters: 1280, time: 0.489, data: 0.001) G_GAN_ViT: 0.544 D_real_ViT: 0.202 D_fake_ViT: 0.123 global: 0.382 spatial: 0.110 
(epoch: 5, iters: 1380, time: 0.489, data: 0.002) G_GAN_ViT: 0.419 D_real_ViT: 0.112 D_fake_ViT: 0.191 global: 0.474 spatial: 0.128 
(epoch: 5, iters: 1480, time: 0.489, data: 0.002) G_GAN_ViT: 0.340 D_real_ViT: 0.127 D_fake_ViT: 0.220 global: 0.326 spatial: 0.077 
(epoch: 5, iters: 1580, time: 0.489, data: 0.002) G_GAN_ViT: 0.439 D_real_ViT: 0.237 D_fake_ViT: 0.169 global: 0.336 spatial: 0.088 
(epoch: 5, iters: 1680, time: 0.489, data: 0.002) G_GAN_ViT: 0.389 D_real_ViT: 0.198 D_fake_ViT: 0.185 global: 0.433 spatial: 0.087 
(epoch: 5, iters: 1780, time: 0.489, data: 0.002) G_GAN_ViT: 0.614 D_real_ViT: 0.287 D_fake_ViT: 0.126 global: 0.394 spatial: 0.116 
(epoch: 5, iters: 1880, time: 0.489, data: 0.002) G_GAN_ViT: 0.380 D_real_ViT: 0.160 D_fake_ViT: 0.192 global: 0.350 spatial: 0.093 
(epoch: 5, iters: 1980, time: 0.489, data: 0.002) G_GAN_ViT: 0.415 D_real_ViT: 0.237 D_fake_ViT: 0.167 global: 0.413 spatial: 0.084 
(epoch: 5, iters: 2080, time: 0.489, data: 0.002) G_GAN_ViT: 0.367 D_real_ViT: 0.190 D_fake_ViT: 0.203 global: 0.389 spatial: 0.081 
(epoch: 5, iters: 2180, time: 0.489, data: 0.001) G_GAN_ViT: 0.396 D_real_ViT: 0.179 D_fake_ViT: 0.200 global: 0.431 spatial: 0.123 
(epoch: 5, iters: 2280, time: 0.489, data: 0.002) G_GAN_ViT: 0.362 D_real_ViT: 0.140 D_fake_ViT: 0.221 global: 0.312 spatial: 0.073 
(epoch: 5, iters: 2380, time: 0.489, data: 0.002) G_GAN_ViT: 0.493 D_real_ViT: 0.250 D_fake_ViT: 0.138 global: 0.467 spatial: 0.108 
(epoch: 5, iters: 2480, time: 0.489, data: 0.002) G_GAN_ViT: 0.524 D_real_ViT: 0.253 D_fake_ViT: 0.137 global: 0.471 spatial: 0.102 
(epoch: 5, iters: 2580, time: 0.489, data: 0.002) G_GAN_ViT: 0.212 D_real_ViT: 0.193 D_fake_ViT: 0.392 global: 0.354 spatial: 0.068 
(epoch: 5, iters: 2680, time: 0.489, data: 0.001) G_GAN_ViT: 0.486 D_real_ViT: 0.155 D_fake_ViT: 0.148 global: 0.427 spatial: 0.105 
(epoch: 5, iters: 2780, time: 0.489, data: 0.001) G_GAN_ViT: 0.428 D_real_ViT: 0.199 D_fake_ViT: 0.180 global: 0.437 spatial: 0.122 
(epoch: 5, iters: 2880, time: 0.489, data: 0.001) G_GAN_ViT: 0.335 D_real_ViT: 0.216 D_fake_ViT: 0.243 global: 0.342 spatial: 0.077 
(epoch: 5, iters: 2980, time: 0.489, data: 0.001) G_GAN_ViT: 0.385 D_real_ViT: 0.129 D_fake_ViT: 0.195 global: 0.465 spatial: 0.097 
(epoch: 5, iters: 3080, time: 0.490, data: 0.001) G_GAN_ViT: 0.412 D_real_ViT: 0.105 D_fake_ViT: 0.197 global: 0.464 spatial: 0.116 
(epoch: 5, iters: 3180, time: 0.490, data: 0.002) G_GAN_ViT: 0.382 D_real_ViT: 0.150 D_fake_ViT: 0.202 global: 0.337 spatial: 0.075 
(epoch: 5, iters: 3280, time: 0.489, data: 0.001) G_GAN_ViT: 0.408 D_real_ViT: 0.151 D_fake_ViT: 0.191 global: 0.337 spatial: 0.087 
(epoch: 5, iters: 3380, time: 0.489, data: 0.001) G_GAN_ViT: 0.413 D_real_ViT: 0.260 D_fake_ViT: 0.169 global: 0.376 spatial: 0.087 
(epoch: 5, iters: 3480, time: 0.489, data: 0.002) G_GAN_ViT: 0.410 D_real_ViT: 0.256 D_fake_ViT: 0.168 global: 0.389 spatial: 0.088 
(epoch: 5, iters: 3580, time: 0.489, data: 0.001) G_GAN_ViT: 0.369 D_real_ViT: 0.243 D_fake_ViT: 0.201 global: 0.398 spatial: 0.086 
(epoch: 5, iters: 3680, time: 0.489, data: 0.001) G_GAN_ViT: 0.470 D_real_ViT: 0.327 D_fake_ViT: 0.168 global: 0.412 spatial: 0.081 
(epoch: 5, iters: 3780, time: 0.489, data: 0.001) G_GAN_ViT: 0.491 D_real_ViT: 0.139 D_fake_ViT: 0.150 global: 0.402 spatial: 0.101 
(epoch: 5, iters: 3880, time: 0.489, data: 0.001) G_GAN_ViT: 0.304 D_real_ViT: 0.101 D_fake_ViT: 0.289 global: 0.498 spatial: 0.094 
(epoch: 5, iters: 3980, time: 0.489, data: 0.001) G_GAN_ViT: 0.400 D_real_ViT: 0.125 D_fake_ViT: 0.192 global: 0.459 spatial: 0.127 
(epoch: 5, iters: 4080, time: 0.490, data: 0.001) G_GAN_ViT: 0.411 D_real_ViT: 0.233 D_fake_ViT: 0.185 global: 0.335 spatial: 0.072 
(epoch: 5, iters: 4180, time: 0.489, data: 0.001) G_GAN_ViT: 0.489 D_real_ViT: 0.181 D_fake_ViT: 0.165 global: 0.303 spatial: 0.065 
(epoch: 5, iters: 4280, time: 0.489, data: 0.001) G_GAN_ViT: 0.418 D_real_ViT: 0.143 D_fake_ViT: 0.165 global: 0.422 spatial: 0.089 
(epoch: 5, iters: 4380, time: 0.489, data: 0.001) G_GAN_ViT: 0.470 D_real_ViT: 0.067 D_fake_ViT: 0.154 global: 0.505 spatial: 0.123 
(epoch: 5, iters: 4480, time: 0.489, data: 0.002) G_GAN_ViT: 0.435 D_real_ViT: 0.207 D_fake_ViT: 0.181 global: 0.420 spatial: 0.086 
(epoch: 5, iters: 4580, time: 0.489, data: 0.001) G_GAN_ViT: 0.338 D_real_ViT: 0.245 D_fake_ViT: 0.238 global: 0.342 spatial: 0.075 
(epoch: 5, iters: 4680, time: 0.489, data: 0.001) G_GAN_ViT: 0.454 D_real_ViT: 0.091 D_fake_ViT: 0.176 global: 0.486 spatial: 0.111 
saving the latest model (epoch 5, total_iters 25000)
IRVI_single_monitor
(epoch: 5, iters: 4780, time: 0.486, data: 0.002) G_GAN_ViT: 0.399 D_real_ViT: 0.152 D_fake_ViT: 0.176 global: 0.374 spatial: 0.079 
(epoch: 5, iters: 4880, time: 0.487, data: 0.001) G_GAN_ViT: 0.479 D_real_ViT: 0.176 D_fake_ViT: 0.143 global: 0.463 spatial: 0.118 
(epoch: 5, iters: 4980, time: 0.488, data: 0.001) G_GAN_ViT: 0.415 D_real_ViT: 0.176 D_fake_ViT: 0.178 global: 0.319 spatial: 0.077 
(epoch: 5, iters: 5080, time: 0.488, data: 0.001) G_GAN_ViT: 0.362 D_real_ViT: 0.096 D_fake_ViT: 0.215 global: 0.305 spatial: 0.076 
saving the model at the end of epoch 5, iters 25400
End of epoch 5 / 100 	 Time Taken: 2493 sec
learning rate = 0.0000100
(epoch: 6, iters: 100, time: 0.488, data: 0.165) G_GAN_ViT: 0.283 D_real_ViT: 0.233 D_fake_ViT: 0.292 global: 0.301 spatial: 0.069 
(epoch: 6, iters: 200, time: 0.488, data: 0.001) G_GAN_ViT: 0.401 D_real_ViT: 0.177 D_fake_ViT: 0.183 global: 0.430 spatial: 0.096 
(epoch: 6, iters: 300, time: 0.489, data: 0.001) G_GAN_ViT: 0.631 D_real_ViT: 0.239 D_fake_ViT: 0.114 global: 0.426 spatial: 0.112 
(epoch: 6, iters: 400, time: 0.489, data: 0.002) G_GAN_ViT: 0.400 D_real_ViT: 0.255 D_fake_ViT: 0.195 global: 0.399 spatial: 0.091 
(epoch: 6, iters: 500, time: 0.489, data: 0.002) G_GAN_ViT: 0.420 D_real_ViT: 0.192 D_fake_ViT: 0.175 global: 0.335 spatial: 0.082 
(epoch: 6, iters: 600, time: 0.488, data: 0.002) G_GAN_ViT: 0.388 D_real_ViT: 0.149 D_fake_ViT: 0.186 global: 0.343 spatial: 0.085 
(epoch: 6, iters: 700, time: 0.489, data: 0.001) G_GAN_ViT: 0.334 D_real_ViT: 0.222 D_fake_ViT: 0.240 global: 0.303 spatial: 0.073 
(epoch: 6, iters: 800, time: 0.489, data: 0.001) G_GAN_ViT: 0.384 D_real_ViT: 0.088 D_fake_ViT: 0.190 global: 0.422 spatial: 0.085 
(epoch: 6, iters: 900, time: 0.488, data: 0.001) G_GAN_ViT: 0.387 D_real_ViT: 0.152 D_fake_ViT: 0.195 global: 0.306 spatial: 0.074 
(epoch: 6, iters: 1000, time: 0.487, data: 0.001) G_GAN_ViT: 0.368 D_real_ViT: 0.258 D_fake_ViT: 0.228 global: 0.532 spatial: 0.096 
(epoch: 6, iters: 1100, time: 0.487, data: 0.001) G_GAN_ViT: 0.438 D_real_ViT: 0.248 D_fake_ViT: 0.168 global: 0.485 spatial: 0.131 
(epoch: 6, iters: 1200, time: 0.487, data: 0.001) G_GAN_ViT: 0.429 D_real_ViT: 0.203 D_fake_ViT: 0.193 global: 0.515 spatial: 0.087 
(epoch: 6, iters: 1300, time: 0.486, data: 0.001) G_GAN_ViT: 0.434 D_real_ViT: 0.227 D_fake_ViT: 0.166 global: 0.498 spatial: 0.096 
(epoch: 6, iters: 1400, time: 0.486, data: 0.001) G_GAN_ViT: 0.409 D_real_ViT: 0.149 D_fake_ViT: 0.183 global: 0.322 spatial: 0.075 
(epoch: 6, iters: 1500, time: 0.486, data: 0.001) G_GAN_ViT: 0.355 D_real_ViT: 0.100 D_fake_ViT: 0.205 global: 0.431 spatial: 0.088 
(epoch: 6, iters: 1600, time: 0.486, data: 0.001) G_GAN_ViT: 0.428 D_real_ViT: 0.165 D_fake_ViT: 0.185 global: 0.500 spatial: 0.111 
(epoch: 6, iters: 1700, time: 0.486, data: 0.001) G_GAN_ViT: 0.548 D_real_ViT: 0.117 D_fake_ViT: 0.120 global: 0.513 spatial: 0.134 
(epoch: 6, iters: 1800, time: 0.486, data: 0.001) G_GAN_ViT: 0.405 D_real_ViT: 0.052 D_fake_ViT: 0.196 global: 0.326 spatial: 0.080 
(epoch: 6, iters: 1900, time: 0.486, data: 0.001) G_GAN_ViT: 0.440 D_real_ViT: 0.185 D_fake_ViT: 0.165 global: 0.481 spatial: 0.130 
(epoch: 6, iters: 2000, time: 0.486, data: 0.001) G_GAN_ViT: 0.355 D_real_ViT: 0.269 D_fake_ViT: 0.219 global: 0.374 spatial: 0.077 
(epoch: 6, iters: 2100, time: 0.486, data: 0.001) G_GAN_ViT: 0.551 D_real_ViT: 0.186 D_fake_ViT: 0.109 global: 0.441 spatial: 0.092 
(epoch: 6, iters: 2200, time: 0.486, data: 0.001) G_GAN_ViT: 0.369 D_real_ViT: 0.224 D_fake_ViT: 0.200 global: 0.443 spatial: 0.094 
(epoch: 6, iters: 2300, time: 0.486, data: 0.001) G_GAN_ViT: 0.532 D_real_ViT: 0.155 D_fake_ViT: 0.131 global: 0.390 spatial: 0.121 
(epoch: 6, iters: 2400, time: 0.484, data: 0.001) G_GAN_ViT: 0.403 D_real_ViT: 0.229 D_fake_ViT: 0.181 global: 0.425 spatial: 0.087 
(epoch: 6, iters: 2500, time: 0.485, data: 0.001) G_GAN_ViT: 0.412 D_real_ViT: 0.245 D_fake_ViT: 0.178 global: 0.291 spatial: 0.090 
(epoch: 6, iters: 2600, time: 0.485, data: 0.001) G_GAN_ViT: 0.431 D_real_ViT: 0.054 D_fake_ViT: 0.177 global: 0.481 spatial: 0.129 
(epoch: 6, iters: 2700, time: 0.485, data: 0.001) G_GAN_ViT: 0.394 D_real_ViT: 0.213 D_fake_ViT: 0.178 global: 0.485 spatial: 0.093 
(epoch: 6, iters: 2800, time: 0.485, data: 0.002) G_GAN_ViT: 0.416 D_real_ViT: 0.219 D_fake_ViT: 0.193 global: 0.450 spatial: 0.081 
(epoch: 6, iters: 2900, time: 0.485, data: 0.001) G_GAN_ViT: 0.420 D_real_ViT: 0.269 D_fake_ViT: 0.176 global: 0.498 spatial: 0.093 
(epoch: 6, iters: 3000, time: 0.485, data: 0.001) G_GAN_ViT: 0.316 D_real_ViT: 0.099 D_fake_ViT: 0.235 global: 0.435 spatial: 0.078 
(epoch: 6, iters: 3100, time: 0.486, data: 0.001) G_GAN_ViT: 0.488 D_real_ViT: 0.200 D_fake_ViT: 0.152 global: 0.558 spatial: 0.134 
(epoch: 6, iters: 3200, time: 0.486, data: 0.001) G_GAN_ViT: 0.346 D_real_ViT: 0.225 D_fake_ViT: 0.215 global: 0.296 spatial: 0.067 
(epoch: 6, iters: 3300, time: 0.486, data: 0.001) G_GAN_ViT: 0.398 D_real_ViT: 0.322 D_fake_ViT: 0.201 global: 0.448 spatial: 0.116 
(epoch: 6, iters: 3400, time: 0.486, data: 0.001) G_GAN_ViT: 0.360 D_real_ViT: 0.181 D_fake_ViT: 0.228 global: 0.522 spatial: 0.130 
(epoch: 6, iters: 3500, time: 0.486, data: 0.002) G_GAN_ViT: 0.458 D_real_ViT: 0.172 D_fake_ViT: 0.172 global: 0.482 spatial: 0.123 
(epoch: 6, iters: 3600, time: 0.486, data: 0.001) G_GAN_ViT: 0.412 D_real_ViT: 0.246 D_fake_ViT: 0.181 global: 0.403 spatial: 0.098 
(epoch: 6, iters: 3700, time: 0.486, data: 0.001) G_GAN_ViT: 0.373 D_real_ViT: 0.116 D_fake_ViT: 0.201 global: 0.333 spatial: 0.083 
(epoch: 6, iters: 3800, time: 0.486, data: 0.001) G_GAN_ViT: 0.526 D_real_ViT: 0.180 D_fake_ViT: 0.137 global: 0.374 spatial: 0.087 
(epoch: 6, iters: 3900, time: 0.486, data: 0.001) G_GAN_ViT: 0.527 D_real_ViT: 0.177 D_fake_ViT: 0.126 global: 0.411 spatial: 0.089 
(epoch: 6, iters: 4000, time: 0.486, data: 0.001) G_GAN_ViT: 0.248 D_real_ViT: 0.193 D_fake_ViT: 0.329 global: 0.419 spatial: 0.077 
(epoch: 6, iters: 4100, time: 0.486, data: 0.001) G_GAN_ViT: 0.445 D_real_ViT: 0.205 D_fake_ViT: 0.154 global: 0.476 spatial: 0.109 
(epoch: 6, iters: 4200, time: 0.486, data: 0.001) G_GAN_ViT: 0.383 D_real_ViT: 0.233 D_fake_ViT: 0.199 global: 0.388 spatial: 0.100 
(epoch: 6, iters: 4300, time: 0.486, data: 0.001) G_GAN_ViT: 0.492 D_real_ViT: 0.196 D_fake_ViT: 0.160 global: 0.339 spatial: 0.094 
(epoch: 6, iters: 4400, time: 0.486, data: 0.001) G_GAN_ViT: 0.381 D_real_ViT: 0.157 D_fake_ViT: 0.205 global: 0.508 spatial: 0.140 
(epoch: 6, iters: 4500, time: 0.486, data: 0.001) G_GAN_ViT: 0.446 D_real_ViT: 0.238 D_fake_ViT: 0.154 global: 0.500 spatial: 0.106 
(epoch: 6, iters: 4600, time: 0.486, data: 0.001) G_GAN_ViT: 0.403 D_real_ViT: 0.203 D_fake_ViT: 0.179 global: 0.540 spatial: 0.104 
saving the latest model (epoch 6, total_iters 30000)
IRVI_single_monitor
(epoch: 6, iters: 4700, time: 0.485, data: 0.001) G_GAN_ViT: 0.365 D_real_ViT: 0.152 D_fake_ViT: 0.209 global: 0.406 spatial: 0.084 
(epoch: 6, iters: 4800, time: 0.485, data: 0.001) G_GAN_ViT: 0.542 D_real_ViT: 0.076 D_fake_ViT: 0.119 global: 0.356 spatial: 0.074 
(epoch: 6, iters: 4900, time: 0.485, data: 0.001) G_GAN_ViT: 0.555 D_real_ViT: 0.113 D_fake_ViT: 0.132 global: 0.408 spatial: 0.114 
(epoch: 6, iters: 5000, time: 0.486, data: 0.001) G_GAN_ViT: 0.381 D_real_ViT: 0.177 D_fake_ViT: 0.202 global: 0.442 spatial: 0.101 
End of epoch 6 / 100 	 Time Taken: 2478 sec
learning rate = 0.0000100
(epoch: 7, iters: 20, time: 0.486, data: 0.001) G_GAN_ViT: 0.527 D_real_ViT: 0.158 D_fake_ViT: 0.126 global: 0.288 spatial: 0.061 
(epoch: 7, iters: 120, time: 0.486, data: 0.001) G_GAN_ViT: 0.390 D_real_ViT: 0.203 D_fake_ViT: 0.193 global: 0.415 spatial: 0.106 
(epoch: 7, iters: 220, time: 0.486, data: 0.002) G_GAN_ViT: 0.494 D_real_ViT: 0.172 D_fake_ViT: 0.143 global: 0.465 spatial: 0.116 
(epoch: 7, iters: 320, time: 0.486, data: 0.001) G_GAN_ViT: 0.419 D_real_ViT: 0.216 D_fake_ViT: 0.176 global: 0.537 spatial: 0.101 
(epoch: 7, iters: 420, time: 0.486, data: 0.001) G_GAN_ViT: 0.344 D_real_ViT: 0.146 D_fake_ViT: 0.226 global: 0.421 spatial: 0.089 
(epoch: 7, iters: 520, time: 0.488, data: 0.001) G_GAN_ViT: 0.440 D_real_ViT: 0.227 D_fake_ViT: 0.169 global: 0.502 spatial: 0.137 
(epoch: 7, iters: 620, time: 0.488, data: 0.002) G_GAN_ViT: 0.441 D_real_ViT: 0.240 D_fake_ViT: 0.209 global: 0.454 spatial: 0.120 
(epoch: 7, iters: 720, time: 0.489, data: 0.001) G_GAN_ViT: 0.411 D_real_ViT: 0.266 D_fake_ViT: 0.177 global: 0.418 spatial: 0.099 
(epoch: 7, iters: 820, time: 0.489, data: 0.001) G_GAN_ViT: 0.433 D_real_ViT: 0.344 D_fake_ViT: 0.160 global: 0.369 spatial: 0.087 
(epoch: 7, iters: 920, time: 0.489, data: 0.001) G_GAN_ViT: 0.315 D_real_ViT: 0.246 D_fake_ViT: 0.240 global: 0.327 spatial: 0.081 
(epoch: 7, iters: 1020, time: 0.489, data: 0.001) G_GAN_ViT: 0.378 D_real_ViT: 0.164 D_fake_ViT: 0.205 global: 0.365 spatial: 0.080 
(epoch: 7, iters: 1120, time: 0.488, data: 0.001) G_GAN_ViT: 0.435 D_real_ViT: 0.228 D_fake_ViT: 0.156 global: 0.411 spatial: 0.088 
(epoch: 7, iters: 1220, time: 0.488, data: 0.001) G_GAN_ViT: 0.408 D_real_ViT: 0.173 D_fake_ViT: 0.174 global: 0.371 spatial: 0.085 
(epoch: 7, iters: 1320, time: 0.488, data: 0.001) G_GAN_ViT: 0.396 D_real_ViT: 0.169 D_fake_ViT: 0.201 global: 0.470 spatial: 0.107 
(epoch: 7, iters: 1420, time: 0.488, data: 0.001) G_GAN_ViT: 0.433 D_real_ViT: 0.227 D_fake_ViT: 0.165 global: 0.341 spatial: 0.092 
(epoch: 7, iters: 1520, time: 0.489, data: 0.001) G_GAN_ViT: 0.382 D_real_ViT: 0.190 D_fake_ViT: 0.187 global: 0.465 spatial: 0.088 
(epoch: 7, iters: 1620, time: 0.489, data: 0.001) G_GAN_ViT: 0.413 D_real_ViT: 0.126 D_fake_ViT: 0.185 global: 0.506 spatial: 0.119 
(epoch: 7, iters: 1720, time: 0.489, data: 0.001) G_GAN_ViT: 0.448 D_real_ViT: 0.277 D_fake_ViT: 0.148 global: 0.481 spatial: 0.121 
(epoch: 7, iters: 1820, time: 0.489, data: 0.001) G_GAN_ViT: 0.421 D_real_ViT: 0.099 D_fake_ViT: 0.177 global: 0.456 spatial: 0.099 
(epoch: 7, iters: 1920, time: 0.488, data: 0.001) G_GAN_ViT: 0.289 D_real_ViT: 0.185 D_fake_ViT: 0.273 global: 0.366 spatial: 0.081 
(epoch: 7, iters: 2020, time: 0.488, data: 0.001) G_GAN_ViT: 0.375 D_real_ViT: 0.161 D_fake_ViT: 0.219 global: 0.417 spatial: 0.092 
(epoch: 7, iters: 2120, time: 0.489, data: 0.001) G_GAN_ViT: 0.380 D_real_ViT: 0.195 D_fake_ViT: 0.199 global: 0.519 spatial: 0.098 
(epoch: 7, iters: 2220, time: 0.489, data: 0.001) G_GAN_ViT: 0.379 D_real_ViT: 0.216 D_fake_ViT: 0.193 global: 0.341 spatial: 0.073 
(epoch: 7, iters: 2320, time: 0.489, data: 0.001) G_GAN_ViT: 0.318 D_real_ViT: 0.216 D_fake_ViT: 0.233 global: 0.500 spatial: 0.095 
(epoch: 7, iters: 2420, time: 0.489, data: 0.001) G_GAN_ViT: 0.343 D_real_ViT: 0.187 D_fake_ViT: 0.217 global: 0.426 spatial: 0.091 
(epoch: 7, iters: 2520, time: 0.488, data: 0.001) G_GAN_ViT: 0.421 D_real_ViT: 0.235 D_fake_ViT: 0.185 global: 0.483 spatial: 0.119 
(epoch: 7, iters: 2620, time: 0.489, data: 0.001) G_GAN_ViT: 0.340 D_real_ViT: 0.219 D_fake_ViT: 0.219 global: 0.352 spatial: 0.071 
(epoch: 7, iters: 2720, time: 0.488, data: 0.001) G_GAN_ViT: 0.777 D_real_ViT: 0.232 D_fake_ViT: 0.103 global: 0.433 spatial: 0.084 
(epoch: 7, iters: 2820, time: 0.488, data: 0.002) G_GAN_ViT: 0.468 D_real_ViT: 0.259 D_fake_ViT: 0.151 global: 0.309 spatial: 0.089 
(epoch: 7, iters: 2920, time: 0.489, data: 0.001) G_GAN_ViT: 0.379 D_real_ViT: 0.155 D_fake_ViT: 0.185 global: 0.378 spatial: 0.091 
(epoch: 7, iters: 3020, time: 0.489, data: 0.001) G_GAN_ViT: 0.372 D_real_ViT: 0.188 D_fake_ViT: 0.195 global: 0.352 spatial: 0.093 
(epoch: 7, iters: 3120, time: 0.489, data: 0.001) G_GAN_ViT: 0.546 D_real_ViT: 0.267 D_fake_ViT: 0.116 global: 0.379 spatial: 0.093 
(epoch: 7, iters: 3220, time: 0.489, data: 0.001) G_GAN_ViT: 0.328 D_real_ViT: 0.241 D_fake_ViT: 0.267 global: 0.498 spatial: 0.093 
(epoch: 7, iters: 3320, time: 0.489, data: 0.001) G_GAN_ViT: 0.459 D_real_ViT: 0.190 D_fake_ViT: 0.154 global: 0.407 spatial: 0.099 
(epoch: 7, iters: 3420, time: 0.488, data: 0.001) G_GAN_ViT: 0.484 D_real_ViT: 0.151 D_fake_ViT: 0.158 global: 0.497 spatial: 0.096 
(epoch: 7, iters: 3520, time: 0.489, data: 0.001) G_GAN_ViT: 0.373 D_real_ViT: 0.213 D_fake_ViT: 0.193 global: 0.455 spatial: 0.099 
(epoch: 7, iters: 3620, time: 0.489, data: 0.001) G_GAN_ViT: 0.381 D_real_ViT: 0.227 D_fake_ViT: 0.200 global: 0.497 spatial: 0.131 
(epoch: 7, iters: 3720, time: 0.489, data: 0.001) G_GAN_ViT: 0.577 D_real_ViT: 0.237 D_fake_ViT: 0.108 global: 0.290 spatial: 0.076 
(epoch: 7, iters: 3820, time: 0.490, data: 0.001) G_GAN_ViT: 0.384 D_real_ViT: 0.240 D_fake_ViT: 0.204 global: 0.455 spatial: 0.099 
(epoch: 7, iters: 3920, time: 0.489, data: 0.002) G_GAN_ViT: 0.395 D_real_ViT: 0.154 D_fake_ViT: 0.196 global: 0.307 spatial: 0.076 
(epoch: 7, iters: 4020, time: 0.489, data: 0.001) G_GAN_ViT: 0.545 D_real_ViT: 0.224 D_fake_ViT: 0.116 global: 0.458 spatial: 0.091 
(epoch: 7, iters: 4120, time: 0.489, data: 0.002) G_GAN_ViT: 0.384 D_real_ViT: 0.181 D_fake_ViT: 0.222 global: 0.506 spatial: 0.135 
(epoch: 7, iters: 4220, time: 0.491, data: 0.002) G_GAN_ViT: 0.414 D_real_ViT: 0.171 D_fake_ViT: 0.190 global: 0.457 spatial: 0.131 
(epoch: 7, iters: 4320, time: 0.491, data: 0.002) G_GAN_ViT: 0.351 D_real_ViT: 0.277 D_fake_ViT: 0.240 global: 0.538 spatial: 0.133 
(epoch: 7, iters: 4420, time: 0.491, data: 0.001) G_GAN_ViT: 0.579 D_real_ViT: 0.238 D_fake_ViT: 0.108 global: 0.507 spatial: 0.097 
(epoch: 7, iters: 4520, time: 0.491, data: 0.001) G_GAN_ViT: 0.373 D_real_ViT: 0.240 D_fake_ViT: 0.225 global: 0.460 spatial: 0.089 
saving the latest model (epoch 7, total_iters 35000)
IRVI_single_monitor
(epoch: 7, iters: 4620, time: 0.489, data: 0.002) G_GAN_ViT: 0.528 D_real_ViT: 0.207 D_fake_ViT: 0.120 global: 0.412 spatial: 0.105 
(epoch: 7, iters: 4720, time: 0.489, data: 0.001) G_GAN_ViT: 0.264 D_real_ViT: 0.179 D_fake_ViT: 0.305 global: 0.423 spatial: 0.073 
(epoch: 7, iters: 4820, time: 0.489, data: 0.002) G_GAN_ViT: 0.381 D_real_ViT: 0.293 D_fake_ViT: 0.200 global: 0.457 spatial: 0.115 
(epoch: 7, iters: 4920, time: 0.489, data: 0.002) G_GAN_ViT: 0.342 D_real_ViT: 0.224 D_fake_ViT: 0.233 global: 0.287 spatial: 0.075 
(epoch: 7, iters: 5020, time: 0.490, data: 0.002) G_GAN_ViT: 0.555 D_real_ViT: 0.214 D_fake_ViT: 0.119 global: 0.430 spatial: 0.079 
End of epoch 7 / 100 	 Time Taken: 2491 sec
learning rate = 0.0000100
(epoch: 8, iters: 40, time: 0.490, data: 0.002) G_GAN_ViT: 0.530 D_real_ViT: 0.160 D_fake_ViT: 0.121 global: 0.511 spatial: 0.088 
(epoch: 8, iters: 140, time: 0.490, data: 0.002) G_GAN_ViT: 0.525 D_real_ViT: 0.205 D_fake_ViT: 0.149 global: 0.414 spatial: 0.115 
(epoch: 8, iters: 240, time: 0.490, data: 0.002) G_GAN_ViT: 0.503 D_real_ViT: 0.163 D_fake_ViT: 0.148 global: 0.413 spatial: 0.112 
(epoch: 8, iters: 340, time: 0.490, data: 0.002) G_GAN_ViT: 0.364 D_real_ViT: 0.187 D_fake_ViT: 0.252 global: 0.409 spatial: 0.071 
(epoch: 8, iters: 440, time: 0.490, data: 0.002) G_GAN_ViT: 0.293 D_real_ViT: 0.093 D_fake_ViT: 0.259 global: 0.378 spatial: 0.076 
(epoch: 8, iters: 540, time: 0.491, data: 0.002) G_GAN_ViT: 0.415 D_real_ViT: 0.150 D_fake_ViT: 0.175 global: 0.350 spatial: 0.078 
(epoch: 8, iters: 640, time: 0.491, data: 0.001) G_GAN_ViT: 0.298 D_real_ViT: 0.182 D_fake_ViT: 0.278 global: 0.482 spatial: 0.117 
(epoch: 8, iters: 740, time: 0.489, data: 0.002) G_GAN_ViT: 0.454 D_real_ViT: 0.244 D_fake_ViT: 0.162 global: 0.370 spatial: 0.087 
(epoch: 8, iters: 840, time: 0.488, data: 0.002) G_GAN_ViT: 0.303 D_real_ViT: 0.171 D_fake_ViT: 0.266 global: 0.352 spatial: 0.078 
(epoch: 8, iters: 940, time: 0.487, data: 0.003) G_GAN_ViT: 0.515 D_real_ViT: 0.080 D_fake_ViT: 0.133 global: 0.315 spatial: 0.090 
(epoch: 8, iters: 1040, time: 0.486, data: 0.002) G_GAN_ViT: 0.449 D_real_ViT: 0.133 D_fake_ViT: 0.152 global: 0.354 spatial: 0.102 
(epoch: 8, iters: 1140, time: 0.486, data: 0.005) G_GAN_ViT: 0.595 D_real_ViT: 0.146 D_fake_ViT: 0.100 global: 0.454 spatial: 0.094 
(epoch: 8, iters: 1240, time: 0.487, data: 0.002) G_GAN_ViT: 0.377 D_real_ViT: 0.198 D_fake_ViT: 0.209 global: 0.344 spatial: 0.082 
(epoch: 8, iters: 1340, time: 0.487, data: 0.001) G_GAN_ViT: 0.513 D_real_ViT: 0.092 D_fake_ViT: 0.139 global: 0.340 spatial: 0.082 
(epoch: 8, iters: 1440, time: 0.486, data: 0.002) G_GAN_ViT: 0.378 D_real_ViT: 0.250 D_fake_ViT: 0.211 global: 0.480 spatial: 0.137 
(epoch: 8, iters: 1540, time: 0.486, data: 0.002) G_GAN_ViT: 0.404 D_real_ViT: 0.248 D_fake_ViT: 0.183 global: 0.468 spatial: 0.097 
(epoch: 8, iters: 1640, time: 0.486, data: 0.001) G_GAN_ViT: 0.425 D_real_ViT: 0.249 D_fake_ViT: 0.162 global: 0.426 spatial: 0.095 
(epoch: 8, iters: 1740, time: 0.488, data: 0.001) G_GAN_ViT: 0.424 D_real_ViT: 0.268 D_fake_ViT: 0.211 global: 0.459 spatial: 0.137 
(epoch: 8, iters: 1840, time: 0.489, data: 0.001) G_GAN_ViT: 0.379 D_real_ViT: 0.228 D_fake_ViT: 0.216 global: 0.516 spatial: 0.142 
(epoch: 8, iters: 1940, time: 0.489, data: 0.001) G_GAN_ViT: 0.426 D_real_ViT: 0.113 D_fake_ViT: 0.182 global: 0.520 spatial: 0.144 
(epoch: 8, iters: 2040, time: 0.489, data: 0.001) G_GAN_ViT: 0.315 D_real_ViT: 0.181 D_fake_ViT: 0.249 global: 0.496 spatial: 0.106 
(epoch: 8, iters: 2140, time: 0.490, data: 0.001) G_GAN_ViT: 0.471 D_real_ViT: 0.238 D_fake_ViT: 0.144 global: 0.316 spatial: 0.071 
(epoch: 8, iters: 2240, time: 0.490, data: 0.001) G_GAN_ViT: 0.382 D_real_ViT: 0.302 D_fake_ViT: 0.197 global: 0.326 spatial: 0.077 
(epoch: 8, iters: 2340, time: 0.489, data: 0.001) G_GAN_ViT: 0.231 D_real_ViT: 0.212 D_fake_ViT: 0.350 global: 0.407 spatial: 0.079 
(epoch: 8, iters: 2440, time: 0.489, data: 0.001) G_GAN_ViT: 0.366 D_real_ViT: 0.113 D_fake_ViT: 0.221 global: 0.518 spatial: 0.121 
(epoch: 8, iters: 2540, time: 0.490, data: 0.001) G_GAN_ViT: 0.338 D_real_ViT: 0.125 D_fake_ViT: 0.228 global: 0.399 spatial: 0.103 
(epoch: 8, iters: 2640, time: 0.489, data: 0.001) G_GAN_ViT: 0.581 D_real_ViT: 0.224 D_fake_ViT: 0.121 global: 0.384 spatial: 0.096 
(epoch: 8, iters: 2740, time: 0.489, data: 0.001) G_GAN_ViT: 0.351 D_real_ViT: 0.192 D_fake_ViT: 0.208 global: 0.362 spatial: 0.086 
(epoch: 8, iters: 2840, time: 0.489, data: 0.001) G_GAN_ViT: 0.528 D_real_ViT: 0.180 D_fake_ViT: 0.123 global: 0.441 spatial: 0.091 
(epoch: 8, iters: 2940, time: 0.489, data: 0.001) G_GAN_ViT: 0.395 D_real_ViT: 0.326 D_fake_ViT: 0.202 global: 0.520 spatial: 0.093 
(epoch: 8, iters: 3040, time: 0.489, data: 0.001) G_GAN_ViT: 0.411 D_real_ViT: 0.254 D_fake_ViT: 0.166 global: 0.415 spatial: 0.099 
(epoch: 8, iters: 3140, time: 0.490, data: 0.001) G_GAN_ViT: 0.333 D_real_ViT: 0.184 D_fake_ViT: 0.253 global: 0.478 spatial: 0.115 
(epoch: 8, iters: 3240, time: 0.489, data: 0.001) G_GAN_ViT: 0.439 D_real_ViT: 0.210 D_fake_ViT: 0.181 global: 0.590 spatial: 0.138 
(epoch: 8, iters: 3340, time: 0.489, data: 0.001) G_GAN_ViT: 0.397 D_real_ViT: 0.154 D_fake_ViT: 0.186 global: 0.399 spatial: 0.105 
(epoch: 8, iters: 3440, time: 0.489, data: 0.001) G_GAN_ViT: 0.342 D_real_ViT: 0.102 D_fake_ViT: 0.245 global: 0.303 spatial: 0.082 
(epoch: 8, iters: 3540, time: 0.489, data: 0.001) G_GAN_ViT: 0.391 D_real_ViT: 0.257 D_fake_ViT: 0.181 global: 0.404 spatial: 0.093 
(epoch: 8, iters: 3640, time: 0.489, data: 0.001) G_GAN_ViT: 0.436 D_real_ViT: 0.183 D_fake_ViT: 0.186 global: 0.484 spatial: 0.095 
(epoch: 8, iters: 3740, time: 0.489, data: 0.001) G_GAN_ViT: 0.392 D_real_ViT: 0.122 D_fake_ViT: 0.192 global: 0.462 spatial: 0.114 
(epoch: 8, iters: 3840, time: 0.489, data: 0.002) G_GAN_ViT: 0.326 D_real_ViT: 0.192 D_fake_ViT: 0.242 global: 0.364 spatial: 0.083 
(epoch: 8, iters: 3940, time: 0.490, data: 0.002) G_GAN_ViT: 0.360 D_real_ViT: 0.061 D_fake_ViT: 0.220 global: 0.310 spatial: 0.072 
(epoch: 8, iters: 4040, time: 0.490, data: 0.003) G_GAN_ViT: 0.375 D_real_ViT: 0.224 D_fake_ViT: 0.207 global: 0.408 spatial: 0.108 
(epoch: 8, iters: 4140, time: 0.490, data: 0.002) G_GAN_ViT: 0.371 D_real_ViT: 0.193 D_fake_ViT: 0.213 global: 0.508 spatial: 0.127 
(epoch: 8, iters: 4240, time: 0.490, data: 0.002) G_GAN_ViT: 0.637 D_real_ViT: 0.249 D_fake_ViT: 0.090 global: 0.404 spatial: 0.075 
(epoch: 8, iters: 4340, time: 0.490, data: 0.002) G_GAN_ViT: 0.344 D_real_ViT: 0.077 D_fake_ViT: 0.235 global: 0.515 spatial: 0.122 
(epoch: 8, iters: 4440, time: 0.488, data: 0.002) G_GAN_ViT: 0.353 D_real_ViT: 0.232 D_fake_ViT: 0.226 global: 0.572 spatial: 0.098 
saving the latest model (epoch 8, total_iters 40000)
IRVI_single_monitor
(epoch: 8, iters: 4540, time: 0.488, data: 0.001) G_GAN_ViT: 0.300 D_real_ViT: 0.191 D_fake_ViT: 0.266 global: 0.318 spatial: 0.069 
(epoch: 8, iters: 4640, time: 0.488, data: 0.001) G_GAN_ViT: 0.336 D_real_ViT: 0.104 D_fake_ViT: 0.243 global: 0.344 spatial: 0.070 
(epoch: 8, iters: 4740, time: 0.488, data: 0.001) G_GAN_ViT: 0.498 D_real_ViT: 0.148 D_fake_ViT: 0.136 global: 0.477 spatial: 0.093 
(epoch: 8, iters: 4840, time: 0.488, data: 0.001) G_GAN_ViT: 0.391 D_real_ViT: 0.290 D_fake_ViT: 0.175 global: 0.420 spatial: 0.092 
(epoch: 8, iters: 4940, time: 0.488, data: 0.001) G_GAN_ViT: 0.273 D_real_ViT: 0.162 D_fake_ViT: 0.301 global: 0.521 spatial: 0.085 
(epoch: 8, iters: 5040, time: 0.488, data: 0.001) G_GAN_ViT: 0.355 D_real_ViT: 0.200 D_fake_ViT: 0.204 global: 0.449 spatial: 0.086 
End of epoch 8 / 100 	 Time Taken: 2492 sec
learning rate = 0.0000100
(epoch: 9, iters: 60, time: 0.488, data: 0.001) G_GAN_ViT: 0.341 D_real_ViT: 0.175 D_fake_ViT: 0.232 global: 0.601 spatial: 0.114 
(epoch: 9, iters: 160, time: 0.489, data: 0.001) G_GAN_ViT: 0.386 D_real_ViT: 0.195 D_fake_ViT: 0.186 global: 0.368 spatial: 0.082 
(epoch: 9, iters: 260, time: 0.489, data: 0.001) G_GAN_ViT: 0.397 D_real_ViT: 0.123 D_fake_ViT: 0.189 global: 0.458 spatial: 0.124 
(epoch: 9, iters: 360, time: 0.491, data: 0.002) G_GAN_ViT: 0.410 D_real_ViT: 0.061 D_fake_ViT: 0.172 global: 0.412 spatial: 0.090 
(epoch: 9, iters: 460, time: 0.490, data: 0.002) G_GAN_ViT: 0.401 D_real_ViT: 0.159 D_fake_ViT: 0.176 global: 0.401 spatial: 0.088 
(epoch: 9, iters: 560, time: 0.491, data: 0.001) G_GAN_ViT: 0.345 D_real_ViT: 0.147 D_fake_ViT: 0.233 global: 0.390 spatial: 0.095 
(epoch: 9, iters: 660, time: 0.492, data: 0.001) G_GAN_ViT: 0.376 D_real_ViT: 0.260 D_fake_ViT: 0.199 global: 0.554 spatial: 0.108 
(epoch: 9, iters: 760, time: 0.492, data: 0.002) G_GAN_ViT: 0.325 D_real_ViT: 0.236 D_fake_ViT: 0.234 global: 0.387 spatial: 0.075 
(epoch: 9, iters: 860, time: 0.492, data: 0.001) G_GAN_ViT: 0.331 D_real_ViT: 0.176 D_fake_ViT: 0.225 global: 0.285 spatial: 0.070 
(epoch: 9, iters: 960, time: 0.491, data: 0.002) G_GAN_ViT: 0.391 D_real_ViT: 0.155 D_fake_ViT: 0.217 global: 0.485 spatial: 0.132 
(epoch: 9, iters: 1060, time: 0.490, data: 0.001) G_GAN_ViT: 0.418 D_real_ViT: 0.276 D_fake_ViT: 0.194 global: 0.426 spatial: 0.080 
(epoch: 9, iters: 1160, time: 0.490, data: 0.001) G_GAN_ViT: 0.589 D_real_ViT: 0.177 D_fake_ViT: 0.129 global: 0.482 spatial: 0.113 
(epoch: 9, iters: 1260, time: 0.490, data: 0.001) G_GAN_ViT: 0.454 D_real_ViT: 0.223 D_fake_ViT: 0.167 global: 0.359 spatial: 0.077 
(epoch: 9, iters: 1360, time: 0.489, data: 0.001) G_GAN_ViT: 0.509 D_real_ViT: 0.177 D_fake_ViT: 0.126 global: 0.407 spatial: 0.082 
(epoch: 9, iters: 1460, time: 0.489, data: 0.001) G_GAN_ViT: 0.344 D_real_ViT: 0.176 D_fake_ViT: 0.221 global: 0.318 spatial: 0.073 
(epoch: 9, iters: 1560, time: 0.489, data: 0.001) G_GAN_ViT: 0.417 D_real_ViT: 0.236 D_fake_ViT: 0.189 global: 0.364 spatial: 0.092 
(epoch: 9, iters: 1660, time: 0.489, data: 0.001) G_GAN_ViT: 0.365 D_real_ViT: 0.225 D_fake_ViT: 0.197 global: 0.414 spatial: 0.089 
(epoch: 9, iters: 1760, time: 0.489, data: 0.001) G_GAN_ViT: 0.574 D_real_ViT: 0.153 D_fake_ViT: 0.117 global: 0.355 spatial: 0.097 
(epoch: 9, iters: 1860, time: 0.489, data: 0.002) G_GAN_ViT: 0.392 D_real_ViT: 0.229 D_fake_ViT: 0.200 global: 0.395 spatial: 0.093 
(epoch: 9, iters: 1960, time: 0.490, data: 0.002) G_GAN_ViT: 0.375 D_real_ViT: 0.316 D_fake_ViT: 0.212 global: 0.528 spatial: 0.148 
(epoch: 9, iters: 2060, time: 0.491, data: 0.002) G_GAN_ViT: 0.441 D_real_ViT: 0.205 D_fake_ViT: 0.169 global: 0.594 spatial: 0.146 
(epoch: 9, iters: 2160, time: 0.490, data: 0.001) G_GAN_ViT: 0.377 D_real_ViT: 0.189 D_fake_ViT: 0.212 global: 0.402 spatial: 0.104 
(epoch: 9, iters: 2260, time: 0.489, data: 0.001) G_GAN_ViT: 0.378 D_real_ViT: 0.113 D_fake_ViT: 0.213 global: 0.521 spatial: 0.104 
(epoch: 9, iters: 2360, time: 0.489, data: 0.001) G_GAN_ViT: 0.550 D_real_ViT: 0.205 D_fake_ViT: 0.119 global: 0.519 spatial: 0.103 
(epoch: 9, iters: 2460, time: 0.489, data: 0.001) G_GAN_ViT: 0.451 D_real_ViT: 0.203 D_fake_ViT: 0.153 global: 0.564 spatial: 0.120 
(epoch: 9, iters: 2560, time: 0.488, data: 0.001) G_GAN_ViT: 0.356 D_real_ViT: 0.211 D_fake_ViT: 0.244 global: 0.553 spatial: 0.136 
(epoch: 9, iters: 2660, time: 0.489, data: 0.001) G_GAN_ViT: 0.394 D_real_ViT: 0.218 D_fake_ViT: 0.175 global: 0.452 spatial: 0.092 
(epoch: 9, iters: 2760, time: 0.489, data: 0.001) G_GAN_ViT: 0.396 D_real_ViT: 0.224 D_fake_ViT: 0.195 global: 0.399 spatial: 0.100 
(epoch: 9, iters: 2860, time: 0.489, data: 0.001) G_GAN_ViT: 0.558 D_real_ViT: 0.248 D_fake_ViT: 0.129 global: 0.382 spatial: 0.105 
(epoch: 9, iters: 2960, time: 0.489, data: 0.001) G_GAN_ViT: 0.349 D_real_ViT: 0.151 D_fake_ViT: 0.220 global: 0.532 spatial: 0.105 
(epoch: 9, iters: 3060, time: 0.489, data: 0.001) G_GAN_ViT: 0.353 D_real_ViT: 0.205 D_fake_ViT: 0.210 global: 0.391 spatial: 0.095 
(epoch: 9, iters: 3160, time: 0.489, data: 0.001) G_GAN_ViT: 0.389 D_real_ViT: 0.198 D_fake_ViT: 0.196 global: 0.332 spatial: 0.064 
(epoch: 9, iters: 3260, time: 0.489, data: 0.001) G_GAN_ViT: 0.285 D_real_ViT: 0.218 D_fake_ViT: 0.269 global: 0.335 spatial: 0.072 
(epoch: 9, iters: 3360, time: 0.488, data: 0.001) G_GAN_ViT: 0.454 D_real_ViT: 0.233 D_fake_ViT: 0.168 global: 0.343 spatial: 0.080 
(epoch: 9, iters: 3460, time: 0.488, data: 0.002) G_GAN_ViT: 0.406 D_real_ViT: 0.227 D_fake_ViT: 0.225 global: 0.473 spatial: 0.146 
(epoch: 9, iters: 3560, time: 0.488, data: 0.001) G_GAN_ViT: 0.346 D_real_ViT: 0.180 D_fake_ViT: 0.218 global: 0.469 spatial: 0.100 
(epoch: 9, iters: 3660, time: 0.487, data: 0.002) G_GAN_ViT: 0.395 D_real_ViT: 0.144 D_fake_ViT: 0.198 global: 0.423 spatial: 0.108 
(epoch: 9, iters: 3760, time: 0.487, data: 0.001) G_GAN_ViT: 0.431 D_real_ViT: 0.252 D_fake_ViT: 0.168 global: 0.477 spatial: 0.116 
(epoch: 9, iters: 3860, time: 0.488, data: 0.001) G_GAN_ViT: 0.550 D_real_ViT: 0.108 D_fake_ViT: 0.128 global: 0.458 spatial: 0.125 
(epoch: 9, iters: 3960, time: 0.488, data: 0.001) G_GAN_ViT: 0.385 D_real_ViT: 0.165 D_fake_ViT: 0.181 global: 0.451 spatial: 0.095 
(epoch: 9, iters: 4060, time: 0.488, data: 0.001) G_GAN_ViT: 0.432 D_real_ViT: 0.135 D_fake_ViT: 0.161 global: 0.422 spatial: 0.106 
(epoch: 9, iters: 4160, time: 0.488, data: 0.001) G_GAN_ViT: 0.367 D_real_ViT: 0.161 D_fake_ViT: 0.203 global: 0.404 spatial: 0.089 
(epoch: 9, iters: 4260, time: 0.487, data: 0.001) G_GAN_ViT: 0.479 D_real_ViT: 0.166 D_fake_ViT: 0.165 global: 0.343 spatial: 0.087 
(epoch: 9, iters: 4360, time: 0.486, data: 0.001) G_GAN_ViT: 0.393 D_real_ViT: 0.197 D_fake_ViT: 0.208 global: 0.535 spatial: 0.146 
saving the latest model (epoch 9, total_iters 45000)
IRVI_single_monitor
(epoch: 9, iters: 4460, time: 0.487, data: 0.002) G_GAN_ViT: 0.403 D_real_ViT: 0.245 D_fake_ViT: 0.198 global: 0.402 spatial: 0.088 
(epoch: 9, iters: 4560, time: 0.486, data: 0.001) G_GAN_ViT: 0.548 D_real_ViT: 0.150 D_fake_ViT: 0.118 global: 0.582 spatial: 0.140 
(epoch: 9, iters: 4660, time: 0.487, data: 0.001) G_GAN_ViT: 0.492 D_real_ViT: 0.236 D_fake_ViT: 0.147 global: 0.567 spatial: 0.152 
(epoch: 9, iters: 4760, time: 0.487, data: 0.001) G_GAN_ViT: 0.524 D_real_ViT: 0.229 D_fake_ViT: 0.127 global: 0.335 spatial: 0.071 
(epoch: 9, iters: 4860, time: 0.488, data: 0.001) G_GAN_ViT: 0.402 D_real_ViT: 0.258 D_fake_ViT: 0.182 global: 0.566 spatial: 0.114 
(epoch: 9, iters: 4960, time: 0.488, data: 0.001) G_GAN_ViT: 0.447 D_real_ViT: 0.182 D_fake_ViT: 0.185 global: 0.471 spatial: 0.097 
(epoch: 9, iters: 5060, time: 0.488, data: 0.001) G_GAN_ViT: 0.323 D_real_ViT: 0.180 D_fake_ViT: 0.276 global: 0.579 spatial: 0.098 
End of epoch 9 / 100 	 Time Taken: 2492 sec
learning rate = 0.0000100
(epoch: 10, iters: 80, time: 0.487, data: 0.001) G_GAN_ViT: 0.356 D_real_ViT: 0.190 D_fake_ViT: 0.228 global: 0.512 spatial: 0.120 
(epoch: 10, iters: 180, time: 0.488, data: 0.001) G_GAN_ViT: 0.466 D_real_ViT: 0.186 D_fake_ViT: 0.157 global: 0.548 spatial: 0.148 
(epoch: 10, iters: 280, time: 0.488, data: 0.001) G_GAN_ViT: 0.412 D_real_ViT: 0.158 D_fake_ViT: 0.191 global: 0.400 spatial: 0.101 
(epoch: 10, iters: 380, time: 0.488, data: 0.001) G_GAN_ViT: 0.568 D_real_ViT: 0.129 D_fake_ViT: 0.156 global: 0.475 spatial: 0.122 
(epoch: 10, iters: 480, time: 0.487, data: 0.001) G_GAN_ViT: 0.339 D_real_ViT: 0.202 D_fake_ViT: 0.221 global: 0.384 spatial: 0.082 
(epoch: 10, iters: 580, time: 0.487, data: 0.001) G_GAN_ViT: 0.348 D_real_ViT: 0.168 D_fake_ViT: 0.225 global: 0.314 spatial: 0.077 
(epoch: 10, iters: 680, time: 0.487, data: 0.001) G_GAN_ViT: 0.457 D_real_ViT: 0.164 D_fake_ViT: 0.156 global: 0.385 spatial: 0.082 
(epoch: 10, iters: 780, time: 0.487, data: 0.002) G_GAN_ViT: 0.343 D_real_ViT: 0.221 D_fake_ViT: 0.211 global: 0.430 spatial: 0.085 
(epoch: 10, iters: 880, time: 0.487, data: 0.001) G_GAN_ViT: 0.328 D_real_ViT: 0.170 D_fake_ViT: 0.234 global: 0.355 spatial: 0.071 
(epoch: 10, iters: 980, time: 0.487, data: 0.001) G_GAN_ViT: 0.340 D_real_ViT: 0.214 D_fake_ViT: 0.225 global: 0.547 spatial: 0.106 
(epoch: 10, iters: 1080, time: 0.487, data: 0.001) G_GAN_ViT: 0.399 D_real_ViT: 0.148 D_fake_ViT: 0.207 global: 0.580 spatial: 0.146 
(epoch: 10, iters: 1180, time: 0.487, data: 0.001) G_GAN_ViT: 0.428 D_real_ViT: 0.098 D_fake_ViT: 0.181 global: 0.605 spatial: 0.152 
(epoch: 10, iters: 1280, time: 0.487, data: 0.001) G_GAN_ViT: 0.354 D_real_ViT: 0.299 D_fake_ViT: 0.221 global: 0.420 spatial: 0.078 
(epoch: 10, iters: 1380, time: 0.487, data: 0.001) G_GAN_ViT: 0.309 D_real_ViT: 0.269 D_fake_ViT: 0.291 global: 0.308 spatial: 0.072 
(epoch: 10, iters: 1480, time: 0.487, data: 0.001) G_GAN_ViT: 0.364 D_real_ViT: 0.185 D_fake_ViT: 0.226 global: 0.574 spatial: 0.147 
(epoch: 10, iters: 1580, time: 0.487, data: 0.001) G_GAN_ViT: 0.404 D_real_ViT: 0.202 D_fake_ViT: 0.194 global: 0.405 spatial: 0.097 
(epoch: 10, iters: 1680, time: 0.487, data: 0.001) G_GAN_ViT: 0.338 D_real_ViT: 0.114 D_fake_ViT: 0.227 global: 0.351 spatial: 0.080 
(epoch: 10, iters: 1780, time: 0.487, data: 0.001) G_GAN_ViT: 0.456 D_real_ViT: 0.166 D_fake_ViT: 0.153 global: 0.314 spatial: 0.089 
(epoch: 10, iters: 1880, time: 0.487, data: 0.001) G_GAN_ViT: 0.371 D_real_ViT: 0.257 D_fake_ViT: 0.224 global: 0.521 spatial: 0.104 
(epoch: 10, iters: 1980, time: 0.487, data: 0.001) G_GAN_ViT: 0.386 D_real_ViT: 0.190 D_fake_ViT: 0.186 global: 0.457 spatial: 0.098 
(epoch: 10, iters: 2080, time: 0.487, data: 0.001) G_GAN_ViT: 0.361 D_real_ViT: 0.239 D_fake_ViT: 0.224 global: 0.472 spatial: 0.114 
(epoch: 10, iters: 2180, time: 0.487, data: 0.002) G_GAN_ViT: 0.402 D_real_ViT: 0.143 D_fake_ViT: 0.183 global: 0.418 spatial: 0.093 
(epoch: 10, iters: 2280, time: 0.487, data: 0.001) G_GAN_ViT: 0.489 D_real_ViT: 0.216 D_fake_ViT: 0.137 global: 0.569 spatial: 0.135 
(epoch: 10, iters: 2380, time: 0.487, data: 0.002) G_GAN_ViT: 0.417 D_real_ViT: 0.231 D_fake_ViT: 0.180 global: 0.417 spatial: 0.100 
(epoch: 10, iters: 2480, time: 0.487, data: 0.001) G_GAN_ViT: 0.417 D_real_ViT: 0.243 D_fake_ViT: 0.180 global: 0.317 spatial: 0.073 
(epoch: 10, iters: 2580, time: 0.487, data: 0.001) G_GAN_ViT: 0.551 D_real_ViT: 0.231 D_fake_ViT: 0.113 global: 0.470 spatial: 0.112 
(epoch: 10, iters: 2680, time: 0.487, data: 0.001) G_GAN_ViT: 0.308 D_real_ViT: 0.241 D_fake_ViT: 0.242 global: 0.462 spatial: 0.087 
(epoch: 10, iters: 2780, time: 0.487, data: 0.001) G_GAN_ViT: 0.419 D_real_ViT: 0.309 D_fake_ViT: 0.180 global: 0.538 spatial: 0.098 
(epoch: 10, iters: 2880, time: 0.487, data: 0.001) G_GAN_ViT: 0.338 D_real_ViT: 0.221 D_fake_ViT: 0.239 global: 0.449 spatial: 0.117 
(epoch: 10, iters: 2980, time: 0.487, data: 0.001) G_GAN_ViT: 0.359 D_real_ViT: 0.117 D_fake_ViT: 0.230 global: 0.584 spatial: 0.094 
(epoch: 10, iters: 3080, time: 0.487, data: 0.001) G_GAN_ViT: 0.300 D_real_ViT: 0.134 D_fake_ViT: 0.283 global: 0.299 spatial: 0.070 
(epoch: 10, iters: 3180, time: 0.487, data: 0.001) G_GAN_ViT: 0.495 D_real_ViT: 0.175 D_fake_ViT: 0.136 global: 0.480 spatial: 0.102 
(epoch: 10, iters: 3280, time: 0.487, data: 0.001) G_GAN_ViT: 0.340 D_real_ViT: 0.149 D_fake_ViT: 0.235 global: 0.329 spatial: 0.072 
(epoch: 10, iters: 3380, time: 0.487, data: 0.001) G_GAN_ViT: 0.491 D_real_ViT: 0.203 D_fake_ViT: 0.141 global: 0.550 spatial: 0.148 
(epoch: 10, iters: 3480, time: 0.486, data: 0.001) G_GAN_ViT: 0.564 D_real_ViT: 0.173 D_fake_ViT: 0.127 global: 0.521 spatial: 0.145 
(epoch: 10, iters: 3580, time: 0.487, data: 0.001) G_GAN_ViT: 0.333 D_real_ViT: 0.257 D_fake_ViT: 0.226 global: 0.408 spatial: 0.058 
(epoch: 10, iters: 3680, time: 0.486, data: 0.001) G_GAN_ViT: 0.475 D_real_ViT: 0.121 D_fake_ViT: 0.165 global: 0.293 spatial: 0.068 
(epoch: 10, iters: 3780, time: 0.486, data: 0.001) G_GAN_ViT: 0.420 D_real_ViT: 0.196 D_fake_ViT: 0.173 global: 0.467 spatial: 0.124 
(epoch: 10, iters: 3880, time: 0.487, data: 0.001) G_GAN_ViT: 0.330 D_real_ViT: 0.239 D_fake_ViT: 0.226 global: 0.461 spatial: 0.085 
(epoch: 10, iters: 3980, time: 0.487, data: 0.001) G_GAN_ViT: 0.358 D_real_ViT: 0.154 D_fake_ViT: 0.204 global: 0.352 spatial: 0.097 
(epoch: 10, iters: 4080, time: 0.486, data: 0.001) G_GAN_ViT: 0.427 D_real_ViT: 0.217 D_fake_ViT: 0.173 global: 0.348 spatial: 0.093 
(epoch: 10, iters: 4180, time: 0.487, data: 0.001) G_GAN_ViT: 0.421 D_real_ViT: 0.181 D_fake_ViT: 0.164 global: 0.481 spatial: 0.101 
(epoch: 10, iters: 4280, time: 0.485, data: 0.002) G_GAN_ViT: 0.460 D_real_ViT: 0.247 D_fake_ViT: 0.163 global: 0.495 spatial: 0.119 
saving the latest model (epoch 10, total_iters 50000)
IRVI_single_monitor
(epoch: 10, iters: 4380, time: 0.486, data: 0.002) G_GAN_ViT: 0.429 D_real_ViT: 0.179 D_fake_ViT: 0.173 global: 0.317 spatial: 0.063 
(epoch: 10, iters: 4480, time: 0.487, data: 0.001) G_GAN_ViT: 0.386 D_real_ViT: 0.129 D_fake_ViT: 0.186 global: 0.522 spatial: 0.103 
(epoch: 10, iters: 4580, time: 0.487, data: 0.002) G_GAN_ViT: 0.366 D_real_ViT: 0.320 D_fake_ViT: 0.228 global: 0.543 spatial: 0.092 
(epoch: 10, iters: 4680, time: 0.487, data: 0.001) G_GAN_ViT: 0.365 D_real_ViT: 0.167 D_fake_ViT: 0.206 global: 0.530 spatial: 0.103 
(epoch: 10, iters: 4780, time: 0.487, data: 0.001) G_GAN_ViT: 0.323 D_real_ViT: 0.192 D_fake_ViT: 0.232 global: 0.484 spatial: 0.095 
(epoch: 10, iters: 4880, time: 0.487, data: 0.001) G_GAN_ViT: 0.450 D_real_ViT: 0.088 D_fake_ViT: 0.184 global: 0.511 spatial: 0.138 
(epoch: 10, iters: 4980, time: 0.488, data: 0.001) G_GAN_ViT: 0.297 D_real_ViT: 0.150 D_fake_ViT: 0.263 global: 0.296 spatial: 0.080 
(epoch: 10, iters: 5080, time: 0.488, data: 0.001) G_GAN_ViT: 0.370 D_real_ViT: 0.200 D_fake_ViT: 0.227 global: 0.544 spatial: 0.106 
saving the model at the end of epoch 10, iters 50800
End of epoch 10 / 100 	 Time Taken: 2483 sec
learning rate = 0.0000100
(epoch: 11, iters: 100, time: 0.487, data: 0.150) G_GAN_ViT: 0.334 D_real_ViT: 0.219 D_fake_ViT: 0.226 global: 0.382 spatial: 0.082 
(epoch: 11, iters: 200, time: 0.488, data: 0.001) G_GAN_ViT: 0.411 D_real_ViT: 0.215 D_fake_ViT: 0.167 global: 0.302 spatial: 0.080 
(epoch: 11, iters: 300, time: 0.487, data: 0.001) G_GAN_ViT: 0.433 D_real_ViT: 0.235 D_fake_ViT: 0.174 global: 0.494 spatial: 0.144 
(epoch: 11, iters: 400, time: 0.487, data: 0.001) G_GAN_ViT: 0.555 D_real_ViT: 0.164 D_fake_ViT: 0.138 global: 0.388 spatial: 0.099 
(epoch: 11, iters: 500, time: 0.487, data: 0.002) G_GAN_ViT: 0.374 D_real_ViT: 0.207 D_fake_ViT: 0.212 global: 0.532 spatial: 0.115 
(epoch: 11, iters: 600, time: 0.487, data: 0.002) G_GAN_ViT: 0.586 D_real_ViT: 0.228 D_fake_ViT: 0.120 global: 0.479 spatial: 0.112 
(epoch: 11, iters: 700, time: 0.487, data: 0.001) G_GAN_ViT: 0.306 D_real_ViT: 0.156 D_fake_ViT: 0.243 global: 0.326 spatial: 0.068 
(epoch: 11, iters: 800, time: 0.488, data: 0.001) G_GAN_ViT: 0.409 D_real_ViT: 0.104 D_fake_ViT: 0.184 global: 0.334 spatial: 0.072 
(epoch: 11, iters: 900, time: 0.488, data: 0.001) G_GAN_ViT: 0.378 D_real_ViT: 0.093 D_fake_ViT: 0.208 global: 0.349 spatial: 0.086 
(epoch: 11, iters: 1000, time: 0.488, data: 0.001) G_GAN_ViT: 0.351 D_real_ViT: 0.157 D_fake_ViT: 0.218 global: 0.365 spatial: 0.074 
(epoch: 11, iters: 1100, time: 0.488, data: 0.001) G_GAN_ViT: 0.474 D_real_ViT: 0.225 D_fake_ViT: 0.152 global: 0.505 spatial: 0.155 
(epoch: 11, iters: 1200, time: 0.488, data: 0.001) G_GAN_ViT: 0.603 D_real_ViT: 0.252 D_fake_ViT: 0.110 global: 0.576 spatial: 0.146 
(epoch: 11, iters: 1300, time: 0.488, data: 0.001) G_GAN_ViT: 0.350 D_real_ViT: 0.237 D_fake_ViT: 0.208 global: 0.361 spatial: 0.069 
(epoch: 11, iters: 1400, time: 0.488, data: 0.001) G_GAN_ViT: 0.410 D_real_ViT: 0.086 D_fake_ViT: 0.181 global: 0.321 spatial: 0.083 
(epoch: 11, iters: 1500, time: 0.487, data: 0.001) G_GAN_ViT: 0.377 D_real_ViT: 0.143 D_fake_ViT: 0.208 global: 0.525 spatial: 0.113 
(epoch: 11, iters: 1600, time: 0.488, data: 0.001) G_GAN_ViT: 0.315 D_real_ViT: 0.127 D_fake_ViT: 0.243 global: 0.372 spatial: 0.086 
(epoch: 11, iters: 1700, time: 0.487, data: 0.001) G_GAN_ViT: 0.385 D_real_ViT: 0.286 D_fake_ViT: 0.175 global: 0.536 spatial: 0.112 
(epoch: 11, iters: 1800, time: 0.487, data: 0.001) G_GAN_ViT: 0.372 D_real_ViT: 0.166 D_fake_ViT: 0.219 global: 0.491 spatial: 0.140 
(epoch: 11, iters: 1900, time: 0.487, data: 0.001) G_GAN_ViT: 0.478 D_real_ViT: 0.196 D_fake_ViT: 0.147 global: 0.337 spatial: 0.075 
(epoch: 11, iters: 2000, time: 0.487, data: 0.001) G_GAN_ViT: 0.411 D_real_ViT: 0.051 D_fake_ViT: 0.178 global: 0.534 spatial: 0.103 
(epoch: 11, iters: 2100, time: 0.487, data: 0.001) G_GAN_ViT: 0.343 D_real_ViT: 0.140 D_fake_ViT: 0.223 global: 0.400 spatial: 0.097 
(epoch: 11, iters: 2200, time: 0.487, data: 0.001) G_GAN_ViT: 0.544 D_real_ViT: 0.213 D_fake_ViT: 0.134 global: 0.589 spatial: 0.150 
(epoch: 11, iters: 2300, time: 0.487, data: 0.001) G_GAN_ViT: 0.592 D_real_ViT: 0.210 D_fake_ViT: 0.116 global: 0.444 spatial: 0.090 
(epoch: 11, iters: 2400, time: 0.487, data: 0.001) G_GAN_ViT: 0.399 D_real_ViT: 0.122 D_fake_ViT: 0.193 global: 0.521 spatial: 0.115 
(epoch: 11, iters: 2500, time: 0.487, data: 0.001) G_GAN_ViT: 0.240 D_real_ViT: 0.197 D_fake_ViT: 0.317 global: 0.284 spatial: 0.080 
(epoch: 11, iters: 2600, time: 0.487, data: 0.001) G_GAN_ViT: 0.273 D_real_ViT: 0.151 D_fake_ViT: 0.314 global: 0.433 spatial: 0.076 
(epoch: 11, iters: 2700, time: 0.487, data: 0.001) G_GAN_ViT: 0.529 D_real_ViT: 0.157 D_fake_ViT: 0.120 global: 0.551 spatial: 0.148 
(epoch: 11, iters: 2800, time: 0.487, data: 0.001) G_GAN_ViT: 0.504 D_real_ViT: 0.247 D_fake_ViT: 0.137 global: 0.335 spatial: 0.082 
(epoch: 11, iters: 2900, time: 0.487, data: 0.001) G_GAN_ViT: 0.432 D_real_ViT: 0.266 D_fake_ViT: 0.179 global: 0.503 spatial: 0.089 
(epoch: 11, iters: 3000, time: 0.487, data: 0.001) G_GAN_ViT: 0.425 D_real_ViT: 0.181 D_fake_ViT: 0.166 global: 0.338 spatial: 0.078 
(epoch: 11, iters: 3100, time: 0.487, data: 0.001) G_GAN_ViT: 0.523 D_real_ViT: 0.124 D_fake_ViT: 0.159 global: 0.535 spatial: 0.147 
(epoch: 11, iters: 3200, time: 0.487, data: 0.001) G_GAN_ViT: 0.387 D_real_ViT: 0.277 D_fake_ViT: 0.209 global: 0.500 spatial: 0.138 
(epoch: 11, iters: 3300, time: 0.487, data: 0.001) G_GAN_ViT: 0.358 D_real_ViT: 0.168 D_fake_ViT: 0.214 global: 0.459 spatial: 0.118 
(epoch: 11, iters: 3400, time: 0.487, data: 0.001) G_GAN_ViT: 0.449 D_real_ViT: 0.219 D_fake_ViT: 0.152 global: 0.478 spatial: 0.102 
(epoch: 11, iters: 3500, time: 0.487, data: 0.001) G_GAN_ViT: 0.391 D_real_ViT: 0.277 D_fake_ViT: 0.180 global: 0.352 spatial: 0.078 
(epoch: 11, iters: 3600, time: 0.487, data: 0.001) G_GAN_ViT: 0.409 D_real_ViT: 0.208 D_fake_ViT: 0.196 global: 0.411 spatial: 0.106 
(epoch: 11, iters: 3700, time: 0.487, data: 0.001) G_GAN_ViT: 0.325 D_real_ViT: 0.167 D_fake_ViT: 0.242 global: 0.381 spatial: 0.077 
(epoch: 11, iters: 3800, time: 0.487, data: 0.001) G_GAN_ViT: 0.379 D_real_ViT: 0.264 D_fake_ViT: 0.187 global: 0.516 spatial: 0.099 
(epoch: 11, iters: 3900, time: 0.487, data: 0.001) G_GAN_ViT: 0.450 D_real_ViT: 0.203 D_fake_ViT: 0.166 global: 0.530 spatial: 0.145 
(epoch: 11, iters: 4000, time: 0.486, data: 0.001) G_GAN_ViT: 0.304 D_real_ViT: 0.275 D_fake_ViT: 0.249 global: 0.358 spatial: 0.072 
(epoch: 11, iters: 4100, time: 0.486, data: 0.001) G_GAN_ViT: 0.416 D_real_ViT: 0.214 D_fake_ViT: 0.189 global: 0.548 spatial: 0.100 
(epoch: 11, iters: 4200, time: 0.486, data: 0.002) G_GAN_ViT: 0.390 D_real_ViT: 0.163 D_fake_ViT: 0.188 global: 0.394 spatial: 0.097 
saving the latest model (epoch 11, total_iters 55000)
IRVI_single_monitor
(epoch: 11, iters: 4300, time: 0.487, data: 0.001) G_GAN_ViT: 0.462 D_real_ViT: 0.226 D_fake_ViT: 0.155 global: 0.389 spatial: 0.088 
(epoch: 11, iters: 4400, time: 0.486, data: 0.001) G_GAN_ViT: 0.349 D_real_ViT: 0.225 D_fake_ViT: 0.246 global: 0.303 spatial: 0.070 
(epoch: 11, iters: 4500, time: 0.486, data: 0.001) G_GAN_ViT: 0.451 D_real_ViT: 0.222 D_fake_ViT: 0.167 global: 0.331 spatial: 0.081 
(epoch: 11, iters: 4600, time: 0.487, data: 0.002) G_GAN_ViT: 0.436 D_real_ViT: 0.191 D_fake_ViT: 0.166 global: 0.313 spatial: 0.074 
(epoch: 11, iters: 4700, time: 0.485, data: 0.001) G_GAN_ViT: 0.437 D_real_ViT: 0.136 D_fake_ViT: 0.159 global: 0.316 spatial: 0.071 
(epoch: 11, iters: 4800, time: 0.486, data: 0.001) G_GAN_ViT: 0.360 D_real_ViT: 0.174 D_fake_ViT: 0.209 global: 0.376 spatial: 0.074 
(epoch: 11, iters: 4900, time: 0.486, data: 0.001) G_GAN_ViT: 0.371 D_real_ViT: 0.270 D_fake_ViT: 0.199 global: 0.520 spatial: 0.097 
(epoch: 11, iters: 5000, time: 0.487, data: 0.001) G_GAN_ViT: 0.368 D_real_ViT: 0.251 D_fake_ViT: 0.196 global: 0.506 spatial: 0.103 
End of epoch 11 / 100 	 Time Taken: 2482 sec
learning rate = 0.0000100
(epoch: 12, iters: 20, time: 0.487, data: 0.001) G_GAN_ViT: 0.572 D_real_ViT: 0.161 D_fake_ViT: 0.117 global: 0.477 spatial: 0.078 
(epoch: 12, iters: 120, time: 0.487, data: 0.001) G_GAN_ViT: 0.326 D_real_ViT: 0.108 D_fake_ViT: 0.252 global: 0.512 spatial: 0.149 
(epoch: 12, iters: 220, time: 0.486, data: 0.001) G_GAN_ViT: 0.356 D_real_ViT: 0.199 D_fake_ViT: 0.257 global: 0.551 spatial: 0.103 
(epoch: 12, iters: 320, time: 0.486, data: 0.001) G_GAN_ViT: 0.327 D_real_ViT: 0.164 D_fake_ViT: 0.269 global: 0.578 spatial: 0.150 
(epoch: 12, iters: 420, time: 0.487, data: 0.001) G_GAN_ViT: 0.456 D_real_ViT: 0.337 D_fake_ViT: 0.165 global: 0.632 spatial: 0.161 
(epoch: 12, iters: 520, time: 0.487, data: 0.001) G_GAN_ViT: 0.378 D_real_ViT: 0.193 D_fake_ViT: 0.195 global: 0.342 spatial: 0.082 
(epoch: 12, iters: 620, time: 0.487, data: 0.001) G_GAN_ViT: 0.799 D_real_ViT: 0.199 D_fake_ViT: 0.094 global: 0.502 spatial: 0.120 
(epoch: 12, iters: 720, time: 0.487, data: 0.001) G_GAN_ViT: 0.300 D_real_ViT: 0.155 D_fake_ViT: 0.273 global: 0.445 spatial: 0.110 
(epoch: 12, iters: 820, time: 0.487, data: 0.002) G_GAN_ViT: 0.338 D_real_ViT: 0.238 D_fake_ViT: 0.240 global: 0.456 spatial: 0.111 
(epoch: 12, iters: 920, time: 0.487, data: 0.001) G_GAN_ViT: 0.429 D_real_ViT: 0.128 D_fake_ViT: 0.177 global: 0.554 spatial: 0.146 
(epoch: 12, iters: 1020, time: 0.487, data: 0.001) G_GAN_ViT: 0.416 D_real_ViT: 0.216 D_fake_ViT: 0.196 global: 0.532 spatial: 0.143 
(epoch: 12, iters: 1120, time: 0.487, data: 0.001) G_GAN_ViT: 0.362 D_real_ViT: 0.100 D_fake_ViT: 0.200 global: 0.424 spatial: 0.094 
(epoch: 12, iters: 1220, time: 0.487, data: 0.001) G_GAN_ViT: 0.383 D_real_ViT: 0.211 D_fake_ViT: 0.200 global: 0.374 spatial: 0.077 
(epoch: 12, iters: 1320, time: 0.487, data: 0.001) G_GAN_ViT: 0.379 D_real_ViT: 0.137 D_fake_ViT: 0.206 global: 0.453 spatial: 0.113 
(epoch: 12, iters: 1420, time: 0.487, data: 0.001) G_GAN_ViT: 0.425 D_real_ViT: 0.186 D_fake_ViT: 0.187 global: 0.364 spatial: 0.096 
(epoch: 12, iters: 1520, time: 0.487, data: 0.001) G_GAN_ViT: 0.484 D_real_ViT: 0.196 D_fake_ViT: 0.163 global: 0.423 spatial: 0.107 
(epoch: 12, iters: 1620, time: 0.487, data: 0.001) G_GAN_ViT: 0.383 D_real_ViT: 0.211 D_fake_ViT: 0.212 global: 0.553 spatial: 0.159 
(epoch: 12, iters: 1720, time: 0.487, data: 0.001) G_GAN_ViT: 0.471 D_real_ViT: 0.210 D_fake_ViT: 0.157 global: 0.551 spatial: 0.094 
(epoch: 12, iters: 1820, time: 0.487, data: 0.002) G_GAN_ViT: 0.285 D_real_ViT: 0.174 D_fake_ViT: 0.275 global: 0.324 spatial: 0.067 
(epoch: 12, iters: 1920, time: 0.487, data: 0.001) G_GAN_ViT: 0.302 D_real_ViT: 0.194 D_fake_ViT: 0.253 global: 0.331 spatial: 0.086 
(epoch: 12, iters: 2020, time: 0.487, data: 0.001) G_GAN_ViT: 0.470 D_real_ViT: 0.200 D_fake_ViT: 0.183 global: 0.519 spatial: 0.149 
(epoch: 12, iters: 2120, time: 0.487, data: 0.001) G_GAN_ViT: 0.428 D_real_ViT: 0.222 D_fake_ViT: 0.184 global: 0.394 spatial: 0.095 
(epoch: 12, iters: 2220, time: 0.487, data: 0.001) G_GAN_ViT: 0.437 D_real_ViT: 0.275 D_fake_ViT: 0.167 global: 0.606 spatial: 0.162 
(epoch: 12, iters: 2320, time: 0.487, data: 0.001) G_GAN_ViT: 0.534 D_real_ViT: 0.180 D_fake_ViT: 0.152 global: 0.485 spatial: 0.121 
(epoch: 12, iters: 2420, time: 0.487, data: 0.001) G_GAN_ViT: 0.360 D_real_ViT: 0.154 D_fake_ViT: 0.215 global: 0.387 spatial: 0.079 
(epoch: 12, iters: 2520, time: 0.487, data: 0.001) G_GAN_ViT: 0.352 D_real_ViT: 0.141 D_fake_ViT: 0.209 global: 0.408 spatial: 0.095 
(epoch: 12, iters: 2620, time: 0.487, data: 0.001) G_GAN_ViT: 0.272 D_real_ViT: 0.244 D_fake_ViT: 0.270 global: 0.334 spatial: 0.074 
(epoch: 12, iters: 2720, time: 0.487, data: 0.001) G_GAN_ViT: 0.585 D_real_ViT: 0.229 D_fake_ViT: 0.105 global: 0.424 spatial: 0.096 
(epoch: 12, iters: 2820, time: 0.487, data: 0.001) G_GAN_ViT: 0.342 D_real_ViT: 0.254 D_fake_ViT: 0.209 global: 0.409 spatial: 0.079 
(epoch: 12, iters: 2920, time: 0.487, data: 0.001) G_GAN_ViT: 0.419 D_real_ViT: 0.237 D_fake_ViT: 0.178 global: 0.323 spatial: 0.070 
(epoch: 12, iters: 3020, time: 0.487, data: 0.001) G_GAN_ViT: 0.368 D_real_ViT: 0.130 D_fake_ViT: 0.199 global: 0.445 spatial: 0.103 
(epoch: 12, iters: 3120, time: 0.487, data: 0.001) G_GAN_ViT: 0.405 D_real_ViT: 0.224 D_fake_ViT: 0.180 global: 0.441 spatial: 0.113 
(epoch: 12, iters: 3220, time: 0.487, data: 0.001) G_GAN_ViT: 0.511 D_real_ViT: 0.241 D_fake_ViT: 0.138 global: 0.548 spatial: 0.095 
(epoch: 12, iters: 3320, time: 0.487, data: 0.001) G_GAN_ViT: 0.583 D_real_ViT: 0.194 D_fake_ViT: 0.109 global: 0.643 spatial: 0.163 
(epoch: 12, iters: 3420, time: 0.488, data: 0.001) G_GAN_ViT: 0.271 D_real_ViT: 0.227 D_fake_ViT: 0.282 global: 0.286 spatial: 0.070 
(epoch: 12, iters: 3520, time: 0.487, data: 0.001) G_GAN_ViT: 0.354 D_real_ViT: 0.278 D_fake_ViT: 0.229 global: 0.335 spatial: 0.063 
(epoch: 12, iters: 3620, time: 0.487, data: 0.001) G_GAN_ViT: 0.567 D_real_ViT: 0.218 D_fake_ViT: 0.121 global: 0.373 spatial: 0.107 
(epoch: 12, iters: 3720, time: 0.487, data: 0.001) G_GAN_ViT: 0.538 D_real_ViT: 0.143 D_fake_ViT: 0.122 global: 0.486 spatial: 0.119 
(epoch: 12, iters: 3820, time: 0.486, data: 0.001) G_GAN_ViT: 0.446 D_real_ViT: 0.193 D_fake_ViT: 0.175 global: 0.516 spatial: 0.111 
(epoch: 12, iters: 3920, time: 0.486, data: 0.001) G_GAN_ViT: 0.461 D_real_ViT: 0.194 D_fake_ViT: 0.154 global: 0.413 spatial: 0.110 
(epoch: 12, iters: 4020, time: 0.486, data: 0.001) G_GAN_ViT: 0.435 D_real_ViT: 0.179 D_fake_ViT: 0.182 global: 0.497 spatial: 0.114 
(epoch: 12, iters: 4120, time: 0.486, data: 0.001) G_GAN_ViT: 0.403 D_real_ViT: 0.151 D_fake_ViT: 0.186 global: 0.455 spatial: 0.116 
saving the latest model (epoch 12, total_iters 60000)
IRVI_single_monitor
(epoch: 12, iters: 4220, time: 0.486, data: 0.001) G_GAN_ViT: 0.476 D_real_ViT: 0.168 D_fake_ViT: 0.142 global: 0.447 spatial: 0.121 
(epoch: 12, iters: 4320, time: 0.486, data: 0.001) G_GAN_ViT: 0.402 D_real_ViT: 0.150 D_fake_ViT: 0.187 global: 0.365 spatial: 0.091 
(epoch: 12, iters: 4420, time: 0.486, data: 0.001) G_GAN_ViT: 0.326 D_real_ViT: 0.149 D_fake_ViT: 0.244 global: 0.614 spatial: 0.112 
(epoch: 12, iters: 4520, time: 0.486, data: 0.002) G_GAN_ViT: 0.408 D_real_ViT: 0.129 D_fake_ViT: 0.196 global: 0.527 spatial: 0.143 
(epoch: 12, iters: 4620, time: 0.487, data: 0.001) G_GAN_ViT: 0.500 D_real_ViT: 0.213 D_fake_ViT: 0.156 global: 0.637 spatial: 0.154 
(epoch: 12, iters: 4720, time: 0.487, data: 0.001) G_GAN_ViT: 0.466 D_real_ViT: 0.184 D_fake_ViT: 0.153 global: 0.437 spatial: 0.108 
(epoch: 12, iters: 4820, time: 0.487, data: 0.001) G_GAN_ViT: 0.607 D_real_ViT: 0.204 D_fake_ViT: 0.117 global: 0.415 spatial: 0.113 
(epoch: 12, iters: 4920, time: 0.487, data: 0.001) G_GAN_ViT: 0.325 D_real_ViT: 0.177 D_fake_ViT: 0.262 global: 0.537 spatial: 0.148 
(epoch: 12, iters: 5020, time: 0.487, data: 0.001) G_GAN_ViT: 0.447 D_real_ViT: 0.313 D_fake_ViT: 0.159 global: 0.569 spatial: 0.156 
End of epoch 12 / 100 	 Time Taken: 2481 sec
learning rate = 0.0000100
(epoch: 13, iters: 40, time: 0.487, data: 0.001) G_GAN_ViT: 0.405 D_real_ViT: 0.299 D_fake_ViT: 0.174 global: 0.314 spatial: 0.077 
(epoch: 13, iters: 140, time: 0.486, data: 0.001) G_GAN_ViT: 0.402 D_real_ViT: 0.225 D_fake_ViT: 0.189 global: 0.546 spatial: 0.120 
(epoch: 13, iters: 240, time: 0.486, data: 0.001) G_GAN_ViT: 0.279 D_real_ViT: 0.256 D_fake_ViT: 0.275 global: 0.417 spatial: 0.093 
(epoch: 13, iters: 340, time: 0.487, data: 0.001) G_GAN_ViT: 0.529 D_real_ViT: 0.143 D_fake_ViT: 0.143 global: 0.402 spatial: 0.099 
(epoch: 13, iters: 440, time: 0.486, data: 0.002) G_GAN_ViT: 0.490 D_real_ViT: 0.165 D_fake_ViT: 0.143 global: 0.489 spatial: 0.114 
(epoch: 13, iters: 540, time: 0.487, data: 0.001) G_GAN_ViT: 0.329 D_real_ViT: 0.182 D_fake_ViT: 0.226 global: 0.347 spatial: 0.079 
(epoch: 13, iters: 640, time: 0.486, data: 0.001) G_GAN_ViT: 0.336 D_real_ViT: 0.149 D_fake_ViT: 0.228 global: 0.399 spatial: 0.093 
(epoch: 13, iters: 740, time: 0.486, data: 0.001) G_GAN_ViT: 0.369 D_real_ViT: 0.218 D_fake_ViT: 0.222 global: 0.489 spatial: 0.112 
(epoch: 13, iters: 840, time: 0.486, data: 0.001) G_GAN_ViT: 0.368 D_real_ViT: 0.221 D_fake_ViT: 0.216 global: 0.529 spatial: 0.111 
(epoch: 13, iters: 940, time: 0.486, data: 0.001) G_GAN_ViT: 0.359 D_real_ViT: 0.178 D_fake_ViT: 0.200 global: 0.431 spatial: 0.081 
(epoch: 13, iters: 1040, time: 0.486, data: 0.001) G_GAN_ViT: 0.458 D_real_ViT: 0.216 D_fake_ViT: 0.147 global: 0.452 spatial: 0.093 
(epoch: 13, iters: 1140, time: 0.486, data: 0.001) G_GAN_ViT: 0.420 D_real_ViT: 0.223 D_fake_ViT: 0.176 global: 0.320 spatial: 0.100 
(epoch: 13, iters: 1240, time: 0.487, data: 0.001) G_GAN_ViT: 0.443 D_real_ViT: 0.232 D_fake_ViT: 0.162 global: 0.432 spatial: 0.113 
(epoch: 13, iters: 1340, time: 0.487, data: 0.001) G_GAN_ViT: 0.455 D_real_ViT: 0.249 D_fake_ViT: 0.166 global: 0.558 spatial: 0.092 
(epoch: 13, iters: 1440, time: 0.487, data: 0.001) G_GAN_ViT: 0.451 D_real_ViT: 0.167 D_fake_ViT: 0.163 global: 0.385 spatial: 0.101 
(epoch: 13, iters: 1540, time: 0.487, data: 0.001) G_GAN_ViT: 0.465 D_real_ViT: 0.231 D_fake_ViT: 0.153 global: 0.469 spatial: 0.114 
(epoch: 13, iters: 1640, time: 0.487, data: 0.001) G_GAN_ViT: 0.435 D_real_ViT: 0.215 D_fake_ViT: 0.170 global: 0.569 spatial: 0.147 
(epoch: 13, iters: 1740, time: 0.487, data: 0.001) G_GAN_ViT: 0.375 D_real_ViT: 0.132 D_fake_ViT: 0.206 global: 0.564 spatial: 0.110 
(epoch: 13, iters: 1840, time: 0.487, data: 0.001) G_GAN_ViT: 0.423 D_real_ViT: 0.136 D_fake_ViT: 0.181 global: 0.637 spatial: 0.145 
(epoch: 13, iters: 1940, time: 0.487, data: 0.001) G_GAN_ViT: 0.421 D_real_ViT: 0.101 D_fake_ViT: 0.171 global: 0.426 spatial: 0.086 
(epoch: 13, iters: 2040, time: 0.487, data: 0.001) G_GAN_ViT: 0.422 D_real_ViT: 0.268 D_fake_ViT: 0.172 global: 0.463 spatial: 0.116 
(epoch: 13, iters: 2140, time: 0.487, data: 0.001) G_GAN_ViT: 0.359 D_real_ViT: 0.253 D_fake_ViT: 0.215 global: 0.596 spatial: 0.107 
(epoch: 13, iters: 2240, time: 0.487, data: 0.002) G_GAN_ViT: 0.454 D_real_ViT: 0.253 D_fake_ViT: 0.160 global: 0.451 spatial: 0.087 
(epoch: 13, iters: 2340, time: 0.487, data: 0.001) G_GAN_ViT: 0.428 D_real_ViT: 0.241 D_fake_ViT: 0.192 global: 0.523 spatial: 0.094 
(epoch: 13, iters: 2440, time: 0.486, data: 0.001) G_GAN_ViT: 0.270 D_real_ViT: 0.261 D_fake_ViT: 0.278 global: 0.354 spatial: 0.073 
(epoch: 13, iters: 2540, time: 0.487, data: 0.001) G_GAN_ViT: 0.359 D_real_ViT: 0.170 D_fake_ViT: 0.207 global: 0.421 spatial: 0.086 
(epoch: 13, iters: 2640, time: 0.487, data: 0.001) G_GAN_ViT: 0.410 D_real_ViT: 0.204 D_fake_ViT: 0.179 global: 0.614 spatial: 0.120 
(epoch: 13, iters: 2740, time: 0.487, data: 0.001) G_GAN_ViT: 0.366 D_real_ViT: 0.269 D_fake_ViT: 0.211 global: 0.475 spatial: 0.116 
(epoch: 13, iters: 2840, time: 0.487, data: 0.001) G_GAN_ViT: 0.311 D_real_ViT: 0.139 D_fake_ViT: 0.255 global: 0.367 spatial: 0.075 
(epoch: 13, iters: 2940, time: 0.487, data: 0.001) G_GAN_ViT: 0.352 D_real_ViT: 0.065 D_fake_ViT: 0.217 global: 0.394 spatial: 0.084 
(epoch: 13, iters: 3040, time: 0.487, data: 0.001) G_GAN_ViT: 0.411 D_real_ViT: 0.078 D_fake_ViT: 0.179 global: 0.372 spatial: 0.081 
(epoch: 13, iters: 3140, time: 0.487, data: 0.001) G_GAN_ViT: 0.416 D_real_ViT: 0.136 D_fake_ViT: 0.177 global: 0.325 spatial: 0.068 
(epoch: 13, iters: 3240, time: 0.487, data: 0.001) G_GAN_ViT: 0.414 D_real_ViT: 0.153 D_fake_ViT: 0.167 global: 0.541 spatial: 0.105 
(epoch: 13, iters: 3340, time: 0.487, data: 0.001) G_GAN_ViT: 0.333 D_real_ViT: 0.189 D_fake_ViT: 0.276 global: 0.559 spatial: 0.102 
(epoch: 13, iters: 3440, time: 0.487, data: 0.001) G_GAN_ViT: 0.416 D_real_ViT: 0.152 D_fake_ViT: 0.188 global: 0.583 spatial: 0.159 
(epoch: 13, iters: 3540, time: 0.485, data: 0.001) G_GAN_ViT: 0.428 D_real_ViT: 0.173 D_fake_ViT: 0.178 global: 0.316 spatial: 0.086 
(epoch: 13, iters: 3640, time: 0.486, data: 0.001) G_GAN_ViT: 0.417 D_real_ViT: 0.227 D_fake_ViT: 0.174 global: 0.496 spatial: 0.124 
(epoch: 13, iters: 3740, time: 0.486, data: 0.001) G_GAN_ViT: 0.326 D_real_ViT: 0.169 D_fake_ViT: 0.231 global: 0.385 spatial: 0.098 
(epoch: 13, iters: 3840, time: 0.486, data: 0.001) G_GAN_ViT: 0.436 D_real_ViT: 0.146 D_fake_ViT: 0.189 global: 0.433 spatial: 0.085 
(epoch: 13, iters: 3940, time: 0.486, data: 0.001) G_GAN_ViT: 0.408 D_real_ViT: 0.275 D_fake_ViT: 0.176 global: 0.532 spatial: 0.102 
(epoch: 13, iters: 4040, time: 0.486, data: 0.001) G_GAN_ViT: 0.344 D_real_ViT: 0.230 D_fake_ViT: 0.237 global: 0.492 spatial: 0.093 
saving the latest model (epoch 13, total_iters 65000)
IRVI_single_monitor
(epoch: 13, iters: 4140, time: 0.487, data: 0.001) G_GAN_ViT: 0.491 D_real_ViT: 0.216 D_fake_ViT: 0.146 global: 0.504 spatial: 0.118 
(epoch: 13, iters: 4240, time: 0.486, data: 0.001) G_GAN_ViT: 0.393 D_real_ViT: 0.187 D_fake_ViT: 0.206 global: 0.577 spatial: 0.163 
(epoch: 13, iters: 4340, time: 0.487, data: 0.001) G_GAN_ViT: 0.382 D_real_ViT: 0.192 D_fake_ViT: 0.199 global: 0.310 spatial: 0.075 
(epoch: 13, iters: 4440, time: 0.487, data: 0.001) G_GAN_ViT: 0.535 D_real_ViT: 0.116 D_fake_ViT: 0.122 global: 0.398 spatial: 0.094 
(epoch: 13, iters: 4540, time: 0.487, data: 0.001) G_GAN_ViT: 0.342 D_real_ViT: 0.262 D_fake_ViT: 0.215 global: 0.300 spatial: 0.069 
(epoch: 13, iters: 4640, time: 0.487, data: 0.001) G_GAN_ViT: 0.361 D_real_ViT: 0.240 D_fake_ViT: 0.214 global: 0.360 spatial: 0.077 
(epoch: 13, iters: 4740, time: 0.487, data: 0.001) G_GAN_ViT: 0.448 D_real_ViT: 0.199 D_fake_ViT: 0.166 global: 0.497 spatial: 0.122 
(epoch: 13, iters: 4840, time: 0.487, data: 0.001) G_GAN_ViT: 0.588 D_real_ViT: 0.048 D_fake_ViT: 0.128 global: 0.509 spatial: 0.133 
(epoch: 13, iters: 4940, time: 0.487, data: 0.001) G_GAN_ViT: 0.331 D_real_ViT: 0.251 D_fake_ViT: 0.264 global: 0.549 spatial: 0.102 
(epoch: 13, iters: 5040, time: 0.487, data: 0.001) G_GAN_ViT: 0.321 D_real_ViT: 0.239 D_fake_ViT: 0.235 global: 0.441 spatial: 0.091 
End of epoch 13 / 100 	 Time Taken: 2479 sec
learning rate = 0.0000100
(epoch: 14, iters: 60, time: 0.487, data: 0.001) G_GAN_ViT: 0.668 D_real_ViT: 0.267 D_fake_ViT: 0.099 global: 0.557 spatial: 0.142 
(epoch: 14, iters: 160, time: 0.487, data: 0.001) G_GAN_ViT: 0.482 D_real_ViT: 0.147 D_fake_ViT: 0.169 global: 0.477 spatial: 0.099 
(epoch: 14, iters: 260, time: 0.487, data: 0.001) G_GAN_ViT: 0.435 D_real_ViT: 0.194 D_fake_ViT: 0.181 global: 0.324 spatial: 0.081 
(epoch: 14, iters: 360, time: 0.486, data: 0.001) G_GAN_ViT: 0.651 D_real_ViT: 0.183 D_fake_ViT: 0.086 global: 0.431 spatial: 0.088 
(epoch: 14, iters: 460, time: 0.486, data: 0.001) G_GAN_ViT: 0.322 D_real_ViT: 0.184 D_fake_ViT: 0.234 global: 0.469 spatial: 0.080 
(epoch: 14, iters: 560, time: 0.486, data: 0.001) G_GAN_ViT: 0.418 D_real_ViT: 0.147 D_fake_ViT: 0.176 global: 0.411 spatial: 0.113 
(epoch: 14, iters: 660, time: 0.486, data: 0.001) G_GAN_ViT: 0.353 D_real_ViT: 0.176 D_fake_ViT: 0.206 global: 0.395 spatial: 0.093 
(epoch: 14, iters: 760, time: 0.487, data: 0.001) G_GAN_ViT: 0.403 D_real_ViT: 0.250 D_fake_ViT: 0.176 global: 0.365 spatial: 0.075 
(epoch: 14, iters: 860, time: 0.487, data: 0.001) G_GAN_ViT: 0.437 D_real_ViT: 0.196 D_fake_ViT: 0.201 global: 0.513 spatial: 0.153 
(epoch: 14, iters: 960, time: 0.487, data: 0.001) G_GAN_ViT: 0.383 D_real_ViT: 0.243 D_fake_ViT: 0.217 global: 0.612 spatial: 0.144 
(epoch: 14, iters: 1060, time: 0.487, data: 0.001) G_GAN_ViT: 0.585 D_real_ViT: 0.109 D_fake_ViT: 0.109 global: 0.341 spatial: 0.083 
(epoch: 14, iters: 1160, time: 0.486, data: 0.001) G_GAN_ViT: 0.572 D_real_ViT: 0.268 D_fake_ViT: 0.135 global: 0.542 spatial: 0.154 
(epoch: 14, iters: 1260, time: 0.486, data: 0.001) G_GAN_ViT: 0.362 D_real_ViT: 0.153 D_fake_ViT: 0.221 global: 0.298 spatial: 0.075 
(epoch: 14, iters: 1360, time: 0.486, data: 0.001) G_GAN_ViT: 0.316 D_real_ViT: 0.155 D_fake_ViT: 0.247 global: 0.380 spatial: 0.080 
(epoch: 14, iters: 1460, time: 0.486, data: 0.001) G_GAN_ViT: 0.344 D_real_ViT: 0.141 D_fake_ViT: 0.224 global: 0.598 spatial: 0.113 
(epoch: 14, iters: 1560, time: 0.486, data: 0.001) G_GAN_ViT: 0.359 D_real_ViT: 0.112 D_fake_ViT: 0.204 global: 0.317 spatial: 0.089 
(epoch: 14, iters: 1660, time: 0.486, data: 0.001) G_GAN_ViT: 0.362 D_real_ViT: 0.156 D_fake_ViT: 0.214 global: 0.405 spatial: 0.071 
(epoch: 14, iters: 1760, time: 0.487, data: 0.001) G_GAN_ViT: 0.455 D_real_ViT: 0.210 D_fake_ViT: 0.166 global: 0.426 spatial: 0.098 
(epoch: 14, iters: 1860, time: 0.487, data: 0.001) G_GAN_ViT: 0.458 D_real_ViT: 0.258 D_fake_ViT: 0.159 global: 0.614 spatial: 0.149 
(epoch: 14, iters: 1960, time: 0.487, data: 0.003) G_GAN_ViT: 0.315 D_real_ViT: 0.175 D_fake_ViT: 0.253 global: 0.588 spatial: 0.099 
(epoch: 14, iters: 2060, time: 0.487, data: 0.001) G_GAN_ViT: 0.437 D_real_ViT: 0.184 D_fake_ViT: 0.171 global: 0.331 spatial: 0.055 
(epoch: 14, iters: 2160, time: 0.487, data: 0.002) G_GAN_ViT: 0.434 D_real_ViT: 0.238 D_fake_ViT: 0.164 global: 0.435 spatial: 0.108 
(epoch: 14, iters: 2260, time: 0.487, data: 0.001) G_GAN_ViT: 0.342 D_real_ViT: 0.221 D_fake_ViT: 0.215 global: 0.393 spatial: 0.086 
(epoch: 14, iters: 2360, time: 0.487, data: 0.001) G_GAN_ViT: 0.408 D_real_ViT: 0.202 D_fake_ViT: 0.202 global: 0.532 spatial: 0.104 
(epoch: 14, iters: 2460, time: 0.487, data: 0.001) G_GAN_ViT: 0.409 D_real_ViT: 0.173 D_fake_ViT: 0.172 global: 0.476 spatial: 0.098 
(epoch: 14, iters: 2560, time: 0.487, data: 0.001) G_GAN_ViT: 0.493 D_real_ViT: 0.127 D_fake_ViT: 0.147 global: 0.505 spatial: 0.140 
(epoch: 14, iters: 2660, time: 0.487, data: 0.001) G_GAN_ViT: 0.319 D_real_ViT: 0.207 D_fake_ViT: 0.251 global: 0.309 spatial: 0.079 
(epoch: 14, iters: 2760, time: 0.487, data: 0.001) G_GAN_ViT: 0.641 D_real_ViT: 0.235 D_fake_ViT: 0.106 global: 0.489 spatial: 0.136 
(epoch: 14, iters: 2860, time: 0.487, data: 0.001) G_GAN_ViT: 0.381 D_real_ViT: 0.165 D_fake_ViT: 0.188 global: 0.432 spatial: 0.093 
(epoch: 14, iters: 2960, time: 0.487, data: 0.001) G_GAN_ViT: 0.414 D_real_ViT: 0.242 D_fake_ViT: 0.187 global: 0.518 spatial: 0.118 
(epoch: 14, iters: 3060, time: 0.487, data: 0.001) G_GAN_ViT: 0.414 D_real_ViT: 0.219 D_fake_ViT: 0.181 global: 0.317 spatial: 0.083 
(epoch: 14, iters: 3160, time: 0.487, data: 0.001) G_GAN_ViT: 0.370 D_real_ViT: 0.217 D_fake_ViT: 0.208 global: 0.380 spatial: 0.105 
(epoch: 14, iters: 3260, time: 0.487, data: 0.001) G_GAN_ViT: 0.292 D_real_ViT: 0.056 D_fake_ViT: 0.258 global: 0.326 spatial: 0.087 
(epoch: 14, iters: 3360, time: 0.488, data: 0.001) G_GAN_ViT: 0.386 D_real_ViT: 0.203 D_fake_ViT: 0.214 global: 0.299 spatial: 0.073 
(epoch: 14, iters: 3460, time: 0.488, data: 0.001) G_GAN_ViT: 0.383 D_real_ViT: 0.243 D_fake_ViT: 0.180 global: 0.430 spatial: 0.081 
(epoch: 14, iters: 3560, time: 0.488, data: 0.001) G_GAN_ViT: 0.455 D_real_ViT: 0.245 D_fake_ViT: 0.163 global: 0.471 spatial: 0.115 
(epoch: 14, iters: 3660, time: 0.487, data: 0.001) G_GAN_ViT: 0.395 D_real_ViT: 0.212 D_fake_ViT: 0.182 global: 0.398 spatial: 0.093 
(epoch: 14, iters: 3760, time: 0.487, data: 0.001) G_GAN_ViT: 0.308 D_real_ViT: 0.127 D_fake_ViT: 0.274 global: 0.524 spatial: 0.152 
(epoch: 14, iters: 3860, time: 0.487, data: 0.001) G_GAN_ViT: 0.457 D_real_ViT: 0.159 D_fake_ViT: 0.156 global: 0.403 spatial: 0.102 
(epoch: 14, iters: 3960, time: 0.486, data: 0.001) G_GAN_ViT: 0.485 D_real_ViT: 0.361 D_fake_ViT: 0.135 global: 0.377 spatial: 0.074 
saving the latest model (epoch 14, total_iters 70000)
IRVI_single_monitor
(epoch: 14, iters: 4060, time: 0.486, data: 0.002) G_GAN_ViT: 0.337 D_real_ViT: 0.237 D_fake_ViT: 0.221 global: 0.343 spatial: 0.094 
(epoch: 14, iters: 4160, time: 0.486, data: 0.002) G_GAN_ViT: 0.424 D_real_ViT: 0.219 D_fake_ViT: 0.194 global: 0.485 spatial: 0.097 
(epoch: 14, iters: 4260, time: 0.487, data: 0.001) G_GAN_ViT: 0.440 D_real_ViT: 0.180 D_fake_ViT: 0.161 global: 0.376 spatial: 0.092 
(epoch: 14, iters: 4360, time: 0.487, data: 0.001) G_GAN_ViT: 0.416 D_real_ViT: 0.206 D_fake_ViT: 0.182 global: 0.470 spatial: 0.128 
(epoch: 14, iters: 4460, time: 0.487, data: 0.001) G_GAN_ViT: 0.276 D_real_ViT: 0.237 D_fake_ViT: 0.293 global: 0.373 spatial: 0.079 
(epoch: 14, iters: 4560, time: 0.487, data: 0.001) G_GAN_ViT: 0.394 D_real_ViT: 0.297 D_fake_ViT: 0.200 global: 0.330 spatial: 0.081 
(epoch: 14, iters: 4660, time: 0.487, data: 0.001) G_GAN_ViT: 0.318 D_real_ViT: 0.254 D_fake_ViT: 0.240 global: 0.409 spatial: 0.085 
(epoch: 14, iters: 4760, time: 0.487, data: 0.001) G_GAN_ViT: 0.469 D_real_ViT: 0.177 D_fake_ViT: 0.176 global: 0.574 spatial: 0.095 
(epoch: 14, iters: 4860, time: 0.487, data: 0.001) G_GAN_ViT: 0.331 D_real_ViT: 0.206 D_fake_ViT: 0.237 global: 0.391 spatial: 0.080 
(epoch: 14, iters: 4960, time: 0.487, data: 0.001) G_GAN_ViT: 0.325 D_real_ViT: 0.207 D_fake_ViT: 0.239 global: 0.399 spatial: 0.084 
(epoch: 14, iters: 5060, time: 0.487, data: 0.002) G_GAN_ViT: 0.442 D_real_ViT: 0.255 D_fake_ViT: 0.173 global: 0.326 spatial: 0.086 
End of epoch 14 / 100 	 Time Taken: 2481 sec
learning rate = 0.0000100
(epoch: 15, iters: 80, time: 0.487, data: 0.001) G_GAN_ViT: 0.350 D_real_ViT: 0.197 D_fake_ViT: 0.227 global: 0.378 spatial: 0.088 
(epoch: 15, iters: 180, time: 0.487, data: 0.001) G_GAN_ViT: 0.496 D_real_ViT: 0.274 D_fake_ViT: 0.173 global: 0.535 spatial: 0.148 
(epoch: 15, iters: 280, time: 0.487, data: 0.001) G_GAN_ViT: 0.439 D_real_ViT: 0.178 D_fake_ViT: 0.179 global: 0.617 spatial: 0.151 
(epoch: 15, iters: 380, time: 0.488, data: 0.001) G_GAN_ViT: 0.413 D_real_ViT: 0.187 D_fake_ViT: 0.184 global: 0.553 spatial: 0.155 
(epoch: 15, iters: 480, time: 0.488, data: 0.002) G_GAN_ViT: 0.549 D_real_ViT: 0.177 D_fake_ViT: 0.138 global: 0.545 spatial: 0.146 
(epoch: 15, iters: 580, time: 0.488, data: 0.001) G_GAN_ViT: 0.404 D_real_ViT: 0.132 D_fake_ViT: 0.191 global: 0.574 spatial: 0.156 
(epoch: 15, iters: 680, time: 0.488, data: 0.001) G_GAN_ViT: 0.449 D_real_ViT: 0.258 D_fake_ViT: 0.170 global: 0.543 spatial: 0.098 
(epoch: 15, iters: 780, time: 0.489, data: 0.001) G_GAN_ViT: 0.380 D_real_ViT: 0.308 D_fake_ViT: 0.199 global: 0.318 spatial: 0.082 
(epoch: 15, iters: 880, time: 0.488, data: 0.001) G_GAN_ViT: 0.423 D_real_ViT: 0.177 D_fake_ViT: 0.197 global: 0.482 spatial: 0.117 
(epoch: 15, iters: 980, time: 0.488, data: 0.001) G_GAN_ViT: 0.402 D_real_ViT: 0.226 D_fake_ViT: 0.234 global: 0.531 spatial: 0.154 
(epoch: 15, iters: 1080, time: 0.487, data: 0.001) G_GAN_ViT: 0.441 D_real_ViT: 0.171 D_fake_ViT: 0.163 global: 0.438 spatial: 0.113 
(epoch: 15, iters: 1180, time: 0.488, data: 0.001) G_GAN_ViT: 0.310 D_real_ViT: 0.052 D_fake_ViT: 0.261 global: 0.378 spatial: 0.077 
(epoch: 15, iters: 1280, time: 0.487, data: 0.001) G_GAN_ViT: 0.245 D_real_ViT: 0.169 D_fake_ViT: 0.304 global: 0.307 spatial: 0.073 
(epoch: 15, iters: 1380, time: 0.487, data: 0.001) G_GAN_ViT: 0.305 D_real_ViT: 0.183 D_fake_ViT: 0.247 global: 0.285 spatial: 0.073 
(epoch: 15, iters: 1480, time: 0.487, data: 0.001) G_GAN_ViT: 0.387 D_real_ViT: 0.280 D_fake_ViT: 0.192 global: 0.498 spatial: 0.119 
(epoch: 15, iters: 1580, time: 0.487, data: 0.001) G_GAN_ViT: 0.365 D_real_ViT: 0.159 D_fake_ViT: 0.212 global: 0.603 spatial: 0.162 
(epoch: 15, iters: 1680, time: 0.487, data: 0.001) G_GAN_ViT: 0.583 D_real_ViT: 0.284 D_fake_ViT: 0.131 global: 0.548 spatial: 0.142 
(epoch: 15, iters: 1780, time: 0.487, data: 0.001) G_GAN_ViT: 0.369 D_real_ViT: 0.237 D_fake_ViT: 0.197 global: 0.433 spatial: 0.098 
(epoch: 15, iters: 1880, time: 0.487, data: 0.001) G_GAN_ViT: 0.410 D_real_ViT: 0.071 D_fake_ViT: 0.187 global: 0.592 spatial: 0.118 
(epoch: 15, iters: 1980, time: 0.488, data: 0.001) G_GAN_ViT: 0.292 D_real_ViT: 0.217 D_fake_ViT: 0.275 global: 0.357 spatial: 0.075 
(epoch: 15, iters: 2080, time: 0.488, data: 0.001) G_GAN_ViT: 0.364 D_real_ViT: 0.206 D_fake_ViT: 0.230 global: 0.561 spatial: 0.094 
(epoch: 15, iters: 2180, time: 0.488, data: 0.001) G_GAN_ViT: 0.384 D_real_ViT: 0.065 D_fake_ViT: 0.206 global: 0.297 spatial: 0.081 
(epoch: 15, iters: 2280, time: 0.488, data: 0.001) G_GAN_ViT: 0.398 D_real_ViT: 0.187 D_fake_ViT: 0.185 global: 0.555 spatial: 0.112 
(epoch: 15, iters: 2380, time: 0.488, data: 0.001) G_GAN_ViT: 0.423 D_real_ViT: 0.172 D_fake_ViT: 0.160 global: 0.440 spatial: 0.092 
(epoch: 15, iters: 2480, time: 0.488, data: 0.001) G_GAN_ViT: 0.400 D_real_ViT: 0.196 D_fake_ViT: 0.193 global: 0.603 spatial: 0.156 
(epoch: 15, iters: 2580, time: 0.487, data: 0.001) G_GAN_ViT: 0.297 D_real_ViT: 0.037 D_fake_ViT: 0.285 global: 0.304 spatial: 0.067 
(epoch: 15, iters: 2680, time: 0.487, data: 0.001) G_GAN_ViT: 0.365 D_real_ViT: 0.207 D_fake_ViT: 0.226 global: 0.567 spatial: 0.096 
(epoch: 15, iters: 2780, time: 0.487, data: 0.001) G_GAN_ViT: 0.390 D_real_ViT: 0.194 D_fake_ViT: 0.177 global: 0.371 spatial: 0.094 
(epoch: 15, iters: 2880, time: 0.487, data: 0.005) G_GAN_ViT: 0.293 D_real_ViT: 0.204 D_fake_ViT: 0.270 global: 0.454 spatial: 0.127 
(epoch: 15, iters: 2980, time: 0.487, data: 0.001) G_GAN_ViT: 0.422 D_real_ViT: 0.113 D_fake_ViT: 0.184 global: 0.588 spatial: 0.158 
(epoch: 15, iters: 3080, time: 0.487, data: 0.002) G_GAN_ViT: 0.485 D_real_ViT: 0.177 D_fake_ViT: 0.148 global: 0.406 spatial: 0.093 
(epoch: 15, iters: 3180, time: 0.487, data: 0.001) G_GAN_ViT: 0.319 D_real_ViT: 0.241 D_fake_ViT: 0.259 global: 0.434 spatial: 0.113 
(epoch: 15, iters: 3280, time: 0.487, data: 0.001) G_GAN_ViT: 0.653 D_real_ViT: 0.186 D_fake_ViT: 0.117 global: 0.586 spatial: 0.146 
(epoch: 15, iters: 3380, time: 0.487, data: 0.001) G_GAN_ViT: 0.386 D_real_ViT: 0.199 D_fake_ViT: 0.203 global: 0.356 spatial: 0.102 
(epoch: 15, iters: 3480, time: 0.487, data: 0.001) G_GAN_ViT: 0.425 D_real_ViT: 0.105 D_fake_ViT: 0.175 global: 0.398 spatial: 0.101 
(epoch: 15, iters: 3580, time: 0.486, data: 0.001) G_GAN_ViT: 0.334 D_real_ViT: 0.261 D_fake_ViT: 0.217 global: 0.410 spatial: 0.083 
(epoch: 15, iters: 3680, time: 0.486, data: 0.001) G_GAN_ViT: 0.406 D_real_ViT: 0.052 D_fake_ViT: 0.188 global: 0.364 spatial: 0.073 
(epoch: 15, iters: 3780, time: 0.486, data: 0.001) G_GAN_ViT: 0.391 D_real_ViT: 0.149 D_fake_ViT: 0.190 global: 0.428 spatial: 0.089 
(epoch: 15, iters: 3880, time: 0.486, data: 0.001) G_GAN_ViT: 0.534 D_real_ViT: 0.251 D_fake_ViT: 0.131 global: 0.501 spatial: 0.119 
saving the latest model (epoch 15, total_iters 75000)
IRVI_single_monitor
(epoch: 15, iters: 3980, time: 0.486, data: 0.001) G_GAN_ViT: 0.362 D_real_ViT: 0.191 D_fake_ViT: 0.205 global: 0.474 spatial: 0.134 
(epoch: 15, iters: 4080, time: 0.486, data: 0.001) G_GAN_ViT: 0.470 D_real_ViT: 0.242 D_fake_ViT: 0.160 global: 0.623 spatial: 0.163 
(epoch: 15, iters: 4180, time: 0.486, data: 0.001) G_GAN_ViT: 0.420 D_real_ViT: 0.182 D_fake_ViT: 0.160 global: 0.416 spatial: 0.090 
(epoch: 15, iters: 4280, time: 0.487, data: 0.001) G_GAN_ViT: 0.330 D_real_ViT: 0.164 D_fake_ViT: 0.232 global: 0.433 spatial: 0.118 
(epoch: 15, iters: 4380, time: 0.487, data: 0.001) G_GAN_ViT: 0.294 D_real_ViT: 0.201 D_fake_ViT: 0.261 global: 0.325 spatial: 0.076 
(epoch: 15, iters: 4480, time: 0.487, data: 0.001) G_GAN_ViT: 0.304 D_real_ViT: 0.224 D_fake_ViT: 0.257 global: 0.354 spatial: 0.068 
(epoch: 15, iters: 4580, time: 0.487, data: 0.001) G_GAN_ViT: 0.354 D_real_ViT: 0.295 D_fake_ViT: 0.225 global: 0.312 spatial: 0.087 
(epoch: 15, iters: 4680, time: 0.487, data: 0.001) G_GAN_ViT: 0.400 D_real_ViT: 0.307 D_fake_ViT: 0.187 global: 0.380 spatial: 0.083 
(epoch: 15, iters: 4780, time: 0.487, data: 0.001) G_GAN_ViT: 0.368 D_real_ViT: 0.263 D_fake_ViT: 0.207 global: 0.465 spatial: 0.115 
(epoch: 15, iters: 4880, time: 0.487, data: 0.001) G_GAN_ViT: 0.318 D_real_ViT: 0.127 D_fake_ViT: 0.243 global: 0.333 spatial: 0.076 
(epoch: 15, iters: 4980, time: 0.487, data: 0.001) G_GAN_ViT: 0.476 D_real_ViT: 0.175 D_fake_ViT: 0.154 global: 0.614 spatial: 0.162 
(epoch: 15, iters: 5080, time: 0.487, data: 0.001) G_GAN_ViT: 0.433 D_real_ViT: 0.179 D_fake_ViT: 0.176 global: 0.555 spatial: 0.098 
saving the model at the end of epoch 15, iters 76200
End of epoch 15 / 100 	 Time Taken: 2484 sec
learning rate = 0.0000100
(epoch: 16, iters: 100, time: 0.487, data: 0.163) G_GAN_ViT: 0.422 D_real_ViT: 0.169 D_fake_ViT: 0.176 global: 0.318 spatial: 0.099 
(epoch: 16, iters: 200, time: 0.487, data: 0.001) G_GAN_ViT: 0.455 D_real_ViT: 0.161 D_fake_ViT: 0.182 global: 0.471 spatial: 0.104 
(epoch: 16, iters: 300, time: 0.487, data: 0.001) G_GAN_ViT: 0.345 D_real_ViT: 0.249 D_fake_ViT: 0.225 global: 0.451 spatial: 0.123 
(epoch: 16, iters: 400, time: 0.487, data: 0.001) G_GAN_ViT: 0.459 D_real_ViT: 0.224 D_fake_ViT: 0.165 global: 0.357 spatial: 0.090 
(epoch: 16, iters: 500, time: 0.487, data: 0.001) G_GAN_ViT: 0.410 D_real_ViT: 0.188 D_fake_ViT: 0.177 global: 0.499 spatial: 0.117 
(epoch: 16, iters: 600, time: 0.487, data: 0.001) G_GAN_ViT: 0.372 D_real_ViT: 0.143 D_fake_ViT: 0.206 global: 0.441 spatial: 0.093 
(epoch: 16, iters: 700, time: 0.486, data: 0.001) G_GAN_ViT: 0.385 D_real_ViT: 0.220 D_fake_ViT: 0.186 global: 0.409 spatial: 0.092 
(epoch: 16, iters: 800, time: 0.487, data: 0.001) G_GAN_ViT: 0.341 D_real_ViT: 0.181 D_fake_ViT: 0.247 global: 0.588 spatial: 0.165 
(epoch: 16, iters: 900, time: 0.487, data: 0.001) G_GAN_ViT: 0.263 D_real_ViT: 0.232 D_fake_ViT: 0.297 global: 0.317 spatial: 0.083 
(epoch: 16, iters: 1000, time: 0.487, data: 0.001) G_GAN_ViT: 0.407 D_real_ViT: 0.213 D_fake_ViT: 0.186 global: 0.554 spatial: 0.160 
(epoch: 16, iters: 1100, time: 0.487, data: 0.001) G_GAN_ViT: 0.370 D_real_ViT: 0.183 D_fake_ViT: 0.226 global: 0.561 spatial: 0.157 
(epoch: 16, iters: 1200, time: 0.487, data: 0.001) G_GAN_ViT: 0.295 D_real_ViT: 0.229 D_fake_ViT: 0.270 global: 0.478 spatial: 0.089 
(epoch: 16, iters: 1300, time: 0.487, data: 0.001) G_GAN_ViT: 0.596 D_real_ViT: 0.118 D_fake_ViT: 0.114 global: 0.467 spatial: 0.106 
(epoch: 16, iters: 1400, time: 0.487, data: 0.001) G_GAN_ViT: 0.418 D_real_ViT: 0.233 D_fake_ViT: 0.170 global: 0.550 spatial: 0.108 
(epoch: 16, iters: 1500, time: 0.487, data: 0.001) G_GAN_ViT: 0.457 D_real_ViT: 0.195 D_fake_ViT: 0.159 global: 0.437 spatial: 0.089 
(epoch: 16, iters: 1600, time: 0.487, data: 0.001) G_GAN_ViT: 0.329 D_real_ViT: 0.258 D_fake_ViT: 0.227 global: 0.434 spatial: 0.098 
(epoch: 16, iters: 1700, time: 0.486, data: 0.001) G_GAN_ViT: 0.474 D_real_ViT: 0.291 D_fake_ViT: 0.154 global: 0.348 spatial: 0.096 
(epoch: 16, iters: 1800, time: 0.486, data: 0.001) G_GAN_ViT: 0.399 D_real_ViT: 0.213 D_fake_ViT: 0.192 global: 0.623 spatial: 0.118 
(epoch: 16, iters: 1900, time: 0.487, data: 0.001) G_GAN_ViT: 0.344 D_real_ViT: 0.165 D_fake_ViT: 0.212 global: 0.431 spatial: 0.097 
(epoch: 16, iters: 2000, time: 0.487, data: 0.001) G_GAN_ViT: 0.434 D_real_ViT: 0.169 D_fake_ViT: 0.178 global: 0.502 spatial: 0.090 
(epoch: 16, iters: 2100, time: 0.486, data: 0.001) G_GAN_ViT: 0.435 D_real_ViT: 0.117 D_fake_ViT: 0.175 global: 0.633 spatial: 0.163 
(epoch: 16, iters: 2200, time: 0.486, data: 0.001) G_GAN_ViT: 0.319 D_real_ViT: 0.229 D_fake_ViT: 0.234 global: 0.457 spatial: 0.090 
(epoch: 16, iters: 2300, time: 0.487, data: 0.001) G_GAN_ViT: 0.458 D_real_ViT: 0.213 D_fake_ViT: 0.158 global: 0.600 spatial: 0.164 
(epoch: 16, iters: 2400, time: 0.486, data: 0.001) G_GAN_ViT: 0.338 D_real_ViT: 0.219 D_fake_ViT: 0.231 global: 0.429 spatial: 0.106 
(epoch: 16, iters: 2500, time: 0.486, data: 0.001) G_GAN_ViT: 0.394 D_real_ViT: 0.208 D_fake_ViT: 0.189 global: 0.347 spatial: 0.083 
(epoch: 16, iters: 2600, time: 0.486, data: 0.001) G_GAN_ViT: 0.548 D_real_ViT: 0.206 D_fake_ViT: 0.147 global: 0.529 spatial: 0.126 
(epoch: 16, iters: 2700, time: 0.487, data: 0.001) G_GAN_ViT: 0.366 D_real_ViT: 0.252 D_fake_ViT: 0.210 global: 0.313 spatial: 0.080 
(epoch: 16, iters: 2800, time: 0.486, data: 0.001) G_GAN_ViT: 0.489 D_real_ViT: 0.266 D_fake_ViT: 0.163 global: 0.575 spatial: 0.154 
(epoch: 16, iters: 2900, time: 0.486, data: 0.001) G_GAN_ViT: 0.402 D_real_ViT: 0.052 D_fake_ViT: 0.205 global: 0.583 spatial: 0.151 
(epoch: 16, iters: 3000, time: 0.487, data: 0.001) G_GAN_ViT: 0.372 D_real_ViT: 0.248 D_fake_ViT: 0.223 global: 0.591 spatial: 0.157 
(epoch: 16, iters: 3100, time: 0.487, data: 0.001) G_GAN_ViT: 0.336 D_real_ViT: 0.269 D_fake_ViT: 0.237 global: 0.279 spatial: 0.078 
(epoch: 16, iters: 3200, time: 0.486, data: 0.001) G_GAN_ViT: 0.447 D_real_ViT: 0.262 D_fake_ViT: 0.166 global: 0.438 spatial: 0.106 
(epoch: 16, iters: 3300, time: 0.486, data: 0.001) G_GAN_ViT: 0.415 D_real_ViT: 0.249 D_fake_ViT: 0.187 global: 0.478 spatial: 0.122 
(epoch: 16, iters: 3400, time: 0.486, data: 0.001) G_GAN_ViT: 0.362 D_real_ViT: 0.165 D_fake_ViT: 0.207 global: 0.476 spatial: 0.078 
(epoch: 16, iters: 3500, time: 0.486, data: 0.001) G_GAN_ViT: 0.459 D_real_ViT: 0.163 D_fake_ViT: 0.163 global: 0.547 spatial: 0.104 
(epoch: 16, iters: 3600, time: 0.485, data: 0.001) G_GAN_ViT: 0.357 D_real_ViT: 0.210 D_fake_ViT: 0.208 global: 0.427 spatial: 0.085 
(epoch: 16, iters: 3700, time: 0.486, data: 0.001) G_GAN_ViT: 0.297 D_real_ViT: 0.228 D_fake_ViT: 0.260 global: 0.301 spatial: 0.074 
(epoch: 16, iters: 3800, time: 0.485, data: 0.001) G_GAN_ViT: 0.357 D_real_ViT: 0.197 D_fake_ViT: 0.232 global: 0.360 spatial: 0.077 
saving the latest model (epoch 16, total_iters 80000)
IRVI_single_monitor
(epoch: 16, iters: 3900, time: 0.486, data: 0.002) G_GAN_ViT: 0.336 D_real_ViT: 0.250 D_fake_ViT: 0.223 global: 0.415 spatial: 0.104 
(epoch: 16, iters: 4000, time: 0.486, data: 0.001) G_GAN_ViT: 0.331 D_real_ViT: 0.218 D_fake_ViT: 0.232 global: 0.371 spatial: 0.110 
(epoch: 16, iters: 4100, time: 0.486, data: 0.001) G_GAN_ViT: 0.471 D_real_ViT: 0.152 D_fake_ViT: 0.157 global: 0.510 spatial: 0.119 
(epoch: 16, iters: 4200, time: 0.486, data: 0.001) G_GAN_ViT: 0.415 D_real_ViT: 0.260 D_fake_ViT: 0.186 global: 0.565 spatial: 0.155 
(epoch: 16, iters: 4300, time: 0.486, data: 0.001) G_GAN_ViT: 0.370 D_real_ViT: 0.089 D_fake_ViT: 0.212 global: 0.482 spatial: 0.121 
(epoch: 16, iters: 4400, time: 0.486, data: 0.001) G_GAN_ViT: 0.547 D_real_ViT: 0.312 D_fake_ViT: 0.112 global: 0.427 spatial: 0.086 
(epoch: 16, iters: 4500, time: 0.486, data: 0.001) G_GAN_ViT: 0.429 D_real_ViT: 0.269 D_fake_ViT: 0.182 global: 0.342 spatial: 0.082 
(epoch: 16, iters: 4600, time: 0.487, data: 0.001) G_GAN_ViT: 0.297 D_real_ViT: 0.169 D_fake_ViT: 0.252 global: 0.446 spatial: 0.091 
(epoch: 16, iters: 4700, time: 0.486, data: 0.001) G_GAN_ViT: 0.304 D_real_ViT: 0.199 D_fake_ViT: 0.277 global: 0.325 spatial: 0.104 
(epoch: 16, iters: 4800, time: 0.487, data: 0.001) G_GAN_ViT: 0.452 D_real_ViT: 0.233 D_fake_ViT: 0.163 global: 0.518 spatial: 0.089 
(epoch: 16, iters: 4900, time: 0.486, data: 0.001) G_GAN_ViT: 0.394 D_real_ViT: 0.192 D_fake_ViT: 0.201 global: 0.557 spatial: 0.162 
(epoch: 16, iters: 5000, time: 0.486, data: 0.001) G_GAN_ViT: 0.355 D_real_ViT: 0.188 D_fake_ViT: 0.211 global: 0.441 spatial: 0.095 
End of epoch 16 / 100 	 Time Taken: 2479 sec
learning rate = 0.0000100
(epoch: 17, iters: 20, time: 0.487, data: 0.001) G_GAN_ViT: 0.357 D_real_ViT: 0.252 D_fake_ViT: 0.211 global: 0.438 spatial: 0.112 
(epoch: 17, iters: 120, time: 0.486, data: 0.001) G_GAN_ViT: 0.454 D_real_ViT: 0.349 D_fake_ViT: 0.154 global: 0.491 spatial: 0.117 
(epoch: 17, iters: 220, time: 0.486, data: 0.001) G_GAN_ViT: 0.431 D_real_ViT: 0.200 D_fake_ViT: 0.163 global: 0.505 spatial: 0.090 
(epoch: 17, iters: 320, time: 0.486, data: 0.001) G_GAN_ViT: 0.359 D_real_ViT: 0.213 D_fake_ViT: 0.236 global: 0.497 spatial: 0.095 
(epoch: 17, iters: 420, time: 0.486, data: 0.001) G_GAN_ViT: 0.352 D_real_ViT: 0.261 D_fake_ViT: 0.206 global: 0.489 spatial: 0.087 
(epoch: 17, iters: 520, time: 0.486, data: 0.002) G_GAN_ViT: 0.408 D_real_ViT: 0.332 D_fake_ViT: 0.202 global: 0.338 spatial: 0.073 
(epoch: 17, iters: 620, time: 0.486, data: 0.001) G_GAN_ViT: 0.333 D_real_ViT: 0.186 D_fake_ViT: 0.243 global: 0.309 spatial: 0.077 
(epoch: 17, iters: 720, time: 0.486, data: 0.001) G_GAN_ViT: 0.316 D_real_ViT: 0.205 D_fake_ViT: 0.240 global: 0.305 spatial: 0.081 
(epoch: 17, iters: 820, time: 0.486, data: 0.001) G_GAN_ViT: 0.478 D_real_ViT: 0.284 D_fake_ViT: 0.147 global: 0.537 spatial: 0.130 
(epoch: 17, iters: 920, time: 0.487, data: 0.001) G_GAN_ViT: 0.369 D_real_ViT: 0.135 D_fake_ViT: 0.215 global: 0.417 spatial: 0.089 
(epoch: 17, iters: 1020, time: 0.487, data: 0.001) G_GAN_ViT: 0.408 D_real_ViT: 0.153 D_fake_ViT: 0.183 global: 0.499 spatial: 0.119 
(epoch: 17, iters: 1120, time: 0.486, data: 0.001) G_GAN_ViT: 0.651 D_real_ViT: 0.305 D_fake_ViT: 0.087 global: 0.605 spatial: 0.164 
(epoch: 17, iters: 1220, time: 0.486, data: 0.001) G_GAN_ViT: 0.382 D_real_ViT: 0.269 D_fake_ViT: 0.209 global: 0.582 spatial: 0.118 
(epoch: 17, iters: 1320, time: 0.487, data: 0.001) G_GAN_ViT: 0.383 D_real_ViT: 0.233 D_fake_ViT: 0.188 global: 0.362 spatial: 0.095 
(epoch: 17, iters: 1420, time: 0.487, data: 0.001) G_GAN_ViT: 0.365 D_real_ViT: 0.237 D_fake_ViT: 0.205 global: 0.482 spatial: 0.120 
(epoch: 17, iters: 1520, time: 0.486, data: 0.001) G_GAN_ViT: 0.303 D_real_ViT: 0.200 D_fake_ViT: 0.264 global: 0.281 spatial: 0.070 
(epoch: 17, iters: 1620, time: 0.486, data: 0.001) G_GAN_ViT: 0.358 D_real_ViT: 0.140 D_fake_ViT: 0.223 global: 0.361 spatial: 0.082 
(epoch: 17, iters: 1720, time: 0.487, data: 0.001) G_GAN_ViT: 0.403 D_real_ViT: 0.197 D_fake_ViT: 0.195 global: 0.460 spatial: 0.113 
(epoch: 17, iters: 1820, time: 0.487, data: 0.001) G_GAN_ViT: 0.380 D_real_ViT: 0.250 D_fake_ViT: 0.201 global: 0.480 spatial: 0.118 
(epoch: 17, iters: 1920, time: 0.485, data: 0.001) G_GAN_ViT: 0.320 D_real_ViT: 0.209 D_fake_ViT: 0.250 global: 0.308 spatial: 0.081 
(epoch: 17, iters: 2020, time: 0.486, data: 0.001) G_GAN_ViT: 0.359 D_real_ViT: 0.278 D_fake_ViT: 0.205 global: 0.407 spatial: 0.092 
(epoch: 17, iters: 2120, time: 0.486, data: 0.004) G_GAN_ViT: 0.407 D_real_ViT: 0.140 D_fake_ViT: 0.185 global: 0.399 spatial: 0.091 
(epoch: 17, iters: 2220, time: 0.486, data: 0.001) G_GAN_ViT: 0.324 D_real_ViT: 0.228 D_fake_ViT: 0.223 global: 0.323 spatial: 0.080 
(epoch: 17, iters: 2320, time: 0.486, data: 0.001) G_GAN_ViT: 0.603 D_real_ViT: 0.291 D_fake_ViT: 0.131 global: 0.502 spatial: 0.130 
(epoch: 17, iters: 2420, time: 0.486, data: 0.001) G_GAN_ViT: 0.387 D_real_ViT: 0.228 D_fake_ViT: 0.222 global: 0.580 spatial: 0.154 
(epoch: 17, iters: 2520, time: 0.486, data: 0.001) G_GAN_ViT: 0.362 D_real_ViT: 0.156 D_fake_ViT: 0.214 global: 0.349 spatial: 0.082 
(epoch: 17, iters: 2620, time: 0.486, data: 0.001) G_GAN_ViT: 0.387 D_real_ViT: 0.145 D_fake_ViT: 0.221 global: 0.509 spatial: 0.083 
(epoch: 17, iters: 2720, time: 0.486, data: 0.001) G_GAN_ViT: 0.305 D_real_ViT: 0.197 D_fake_ViT: 0.265 global: 0.424 spatial: 0.125 
(epoch: 17, iters: 2820, time: 0.486, data: 0.001) G_GAN_ViT: 0.453 D_real_ViT: 0.135 D_fake_ViT: 0.159 global: 0.625 spatial: 0.145 
(epoch: 17, iters: 2920, time: 0.485, data: 0.002) G_GAN_ViT: 0.320 D_real_ViT: 0.243 D_fake_ViT: 0.247 global: 0.299 spatial: 0.078 
(epoch: 17, iters: 3020, time: 0.486, data: 0.001) G_GAN_ViT: 0.679 D_real_ViT: 0.180 D_fake_ViT: 0.108 global: 0.550 spatial: 0.127 
(epoch: 17, iters: 3120, time: 0.486, data: 0.001) G_GAN_ViT: 0.389 D_real_ViT: 0.215 D_fake_ViT: 0.189 global: 0.608 spatial: 0.111 
(epoch: 17, iters: 3220, time: 0.486, data: 0.001) G_GAN_ViT: 0.475 D_real_ViT: 0.179 D_fake_ViT: 0.163 global: 0.634 spatial: 0.150 
(epoch: 17, iters: 3320, time: 0.484, data: 0.001) G_GAN_ViT: 0.364 D_real_ViT: 0.152 D_fake_ViT: 0.221 global: 0.450 spatial: 0.118 
(epoch: 17, iters: 3420, time: 0.485, data: 0.001) G_GAN_ViT: 0.340 D_real_ViT: 0.236 D_fake_ViT: 0.211 global: 0.428 spatial: 0.081 
(epoch: 17, iters: 3520, time: 0.485, data: 0.001) G_GAN_ViT: 0.295 D_real_ViT: 0.208 D_fake_ViT: 0.248 global: 0.458 spatial: 0.087 
(epoch: 17, iters: 3620, time: 0.486, data: 0.001) G_GAN_ViT: 0.388 D_real_ViT: 0.240 D_fake_ViT: 0.198 global: 0.482 spatial: 0.126 
(epoch: 17, iters: 3720, time: 0.485, data: 0.001) G_GAN_ViT: 0.346 D_real_ViT: 0.190 D_fake_ViT: 0.219 global: 0.374 spatial: 0.071 
saving the latest model (epoch 17, total_iters 85000)
IRVI_single_monitor
(epoch: 17, iters: 3820, time: 0.486, data: 0.002) G_GAN_ViT: 0.373 D_real_ViT: 0.317 D_fake_ViT: 0.203 global: 0.613 spatial: 0.109 
(epoch: 17, iters: 3920, time: 0.485, data: 0.001) G_GAN_ViT: 0.411 D_real_ViT: 0.144 D_fake_ViT: 0.164 global: 0.373 spatial: 0.098 
(epoch: 17, iters: 4020, time: 0.486, data: 0.001) G_GAN_ViT: 0.375 D_real_ViT: 0.160 D_fake_ViT: 0.205 global: 0.347 spatial: 0.077 
(epoch: 17, iters: 4120, time: 0.487, data: 0.001) G_GAN_ViT: 0.411 D_real_ViT: 0.105 D_fake_ViT: 0.193 global: 0.578 spatial: 0.162 
(epoch: 17, iters: 4220, time: 0.487, data: 0.001) G_GAN_ViT: 0.423 D_real_ViT: 0.303 D_fake_ViT: 0.179 global: 0.630 spatial: 0.130 
(epoch: 17, iters: 4320, time: 0.489, data: 0.001) G_GAN_ViT: 0.428 D_real_ViT: 0.201 D_fake_ViT: 0.177 global: 0.370 spatial: 0.075 
(epoch: 17, iters: 4420, time: 0.489, data: 0.001) G_GAN_ViT: 0.385 D_real_ViT: 0.222 D_fake_ViT: 0.203 global: 0.495 spatial: 0.094 
(epoch: 17, iters: 4520, time: 0.490, data: 0.001) G_GAN_ViT: 0.437 D_real_ViT: 0.202 D_fake_ViT: 0.175 global: 0.329 spatial: 0.075 
(epoch: 17, iters: 4620, time: 0.490, data: 0.001) G_GAN_ViT: 0.413 D_real_ViT: 0.179 D_fake_ViT: 0.185 global: 0.502 spatial: 0.123 
(epoch: 17, iters: 4720, time: 0.490, data: 0.001) G_GAN_ViT: 0.386 D_real_ViT: 0.109 D_fake_ViT: 0.203 global: 0.570 spatial: 0.167 
(epoch: 17, iters: 4820, time: 0.490, data: 0.001) G_GAN_ViT: 0.384 D_real_ViT: 0.303 D_fake_ViT: 0.210 global: 0.511 spatial: 0.089 
(epoch: 17, iters: 4920, time: 0.490, data: 0.001) G_GAN_ViT: 0.341 D_real_ViT: 0.287 D_fake_ViT: 0.239 global: 0.417 spatial: 0.097 
(epoch: 17, iters: 5020, time: 0.489, data: 0.001) G_GAN_ViT: 0.351 D_real_ViT: 0.213 D_fake_ViT: 0.203 global: 0.472 spatial: 0.090 
End of epoch 17 / 100 	 Time Taken: 2480 sec
learning rate = 0.0000100
(epoch: 18, iters: 40, time: 0.488, data: 0.001) G_GAN_ViT: 0.581 D_real_ViT: 0.112 D_fake_ViT: 0.133 global: 0.366 spatial: 0.075 
(epoch: 18, iters: 140, time: 0.488, data: 0.002) G_GAN_ViT: 0.394 D_real_ViT: 0.289 D_fake_ViT: 0.185 global: 0.505 spatial: 0.099 
(epoch: 18, iters: 240, time: 0.487, data: 0.001) G_GAN_ViT: 0.418 D_real_ViT: 0.241 D_fake_ViT: 0.177 global: 0.477 spatial: 0.112 
(epoch: 18, iters: 340, time: 0.488, data: 0.001) G_GAN_ViT: 0.402 D_real_ViT: 0.235 D_fake_ViT: 0.193 global: 0.570 spatial: 0.156 
(epoch: 18, iters: 440, time: 0.488, data: 0.001) G_GAN_ViT: 0.370 D_real_ViT: 0.191 D_fake_ViT: 0.209 global: 0.400 spatial: 0.086 
(epoch: 18, iters: 540, time: 0.488, data: 0.001) G_GAN_ViT: 0.415 D_real_ViT: 0.252 D_fake_ViT: 0.176 global: 0.551 spatial: 0.113 
(epoch: 18, iters: 640, time: 0.488, data: 0.001) G_GAN_ViT: 0.362 D_real_ViT: 0.182 D_fake_ViT: 0.196 global: 0.455 spatial: 0.090 
(epoch: 18, iters: 740, time: 0.488, data: 0.001) G_GAN_ViT: 0.388 D_real_ViT: 0.240 D_fake_ViT: 0.203 global: 0.477 spatial: 0.113 
(epoch: 18, iters: 840, time: 0.488, data: 0.001) G_GAN_ViT: 0.517 D_real_ViT: 0.153 D_fake_ViT: 0.139 global: 0.527 spatial: 0.123 
(epoch: 18, iters: 940, time: 0.488, data: 0.001) G_GAN_ViT: 0.289 D_real_ViT: 0.154 D_fake_ViT: 0.276 global: 0.370 spatial: 0.082 
(epoch: 18, iters: 1040, time: 0.488, data: 0.001) G_GAN_ViT: 0.296 D_real_ViT: 0.308 D_fake_ViT: 0.269 global: 0.461 spatial: 0.124 
(epoch: 18, iters: 1140, time: 0.488, data: 0.001) G_GAN_ViT: 0.499 D_real_ViT: 0.202 D_fake_ViT: 0.134 global: 0.580 spatial: 0.160 
(epoch: 18, iters: 1240, time: 0.487, data: 0.001) G_GAN_ViT: 0.410 D_real_ViT: 0.233 D_fake_ViT: 0.180 global: 0.333 spatial: 0.088 
(epoch: 18, iters: 1340, time: 0.488, data: 0.001) G_GAN_ViT: 0.408 D_real_ViT: 0.252 D_fake_ViT: 0.165 global: 0.444 spatial: 0.099 
(epoch: 18, iters: 1440, time: 0.488, data: 0.001) G_GAN_ViT: 0.453 D_real_ViT: 0.251 D_fake_ViT: 0.171 global: 0.343 spatial: 0.088 
(epoch: 18, iters: 1540, time: 0.488, data: 0.001) G_GAN_ViT: 0.249 D_real_ViT: 0.218 D_fake_ViT: 0.325 global: 0.321 spatial: 0.061 
(epoch: 18, iters: 1640, time: 0.487, data: 0.001) G_GAN_ViT: 0.427 D_real_ViT: 0.182 D_fake_ViT: 0.156 global: 0.454 spatial: 0.103 
(epoch: 18, iters: 1740, time: 0.487, data: 0.001) G_GAN_ViT: 0.346 D_real_ViT: 0.153 D_fake_ViT: 0.232 global: 0.573 spatial: 0.093 
(epoch: 18, iters: 1840, time: 0.487, data: 0.001) G_GAN_ViT: 0.374 D_real_ViT: 0.237 D_fake_ViT: 0.208 global: 0.546 spatial: 0.162 
(epoch: 18, iters: 1940, time: 0.487, data: 0.001) G_GAN_ViT: 0.402 D_real_ViT: 0.208 D_fake_ViT: 0.189 global: 0.437 spatial: 0.089 
(epoch: 18, iters: 2040, time: 0.487, data: 0.001) G_GAN_ViT: 0.346 D_real_ViT: 0.197 D_fake_ViT: 0.247 global: 0.580 spatial: 0.157 
(epoch: 18, iters: 2140, time: 0.487, data: 0.001) G_GAN_ViT: 0.469 D_real_ViT: 0.051 D_fake_ViT: 0.170 global: 0.606 spatial: 0.165 
(epoch: 18, iters: 2240, time: 0.488, data: 0.001) G_GAN_ViT: 0.503 D_real_ViT: 0.314 D_fake_ViT: 0.136 global: 0.458 spatial: 0.106 
(epoch: 18, iters: 2340, time: 0.487, data: 0.001) G_GAN_ViT: 0.421 D_real_ViT: 0.259 D_fake_ViT: 0.179 global: 0.321 spatial: 0.073 
(epoch: 18, iters: 2440, time: 0.487, data: 0.001) G_GAN_ViT: 0.440 D_real_ViT: 0.240 D_fake_ViT: 0.159 global: 0.462 spatial: 0.117 
(epoch: 18, iters: 2540, time: 0.487, data: 0.001) G_GAN_ViT: 0.347 D_real_ViT: 0.209 D_fake_ViT: 0.206 global: 0.451 spatial: 0.084 
(epoch: 18, iters: 2640, time: 0.487, data: 0.001) G_GAN_ViT: 0.316 D_real_ViT: 0.147 D_fake_ViT: 0.237 global: 0.338 spatial: 0.078 
(epoch: 18, iters: 2740, time: 0.488, data: 0.001) G_GAN_ViT: 0.299 D_real_ViT: 0.259 D_fake_ViT: 0.263 global: 0.375 spatial: 0.095 
(epoch: 18, iters: 2840, time: 0.487, data: 0.001) G_GAN_ViT: 0.433 D_real_ViT: 0.142 D_fake_ViT: 0.200 global: 0.452 spatial: 0.105 
(epoch: 18, iters: 2940, time: 0.488, data: 0.001) G_GAN_ViT: 0.357 D_real_ViT: 0.168 D_fake_ViT: 0.208 global: 0.449 spatial: 0.101 
(epoch: 18, iters: 3040, time: 0.488, data: 0.001) G_GAN_ViT: 0.449 D_real_ViT: 0.178 D_fake_ViT: 0.165 global: 0.628 spatial: 0.167 
(epoch: 18, iters: 3140, time: 0.488, data: 0.001) G_GAN_ViT: 0.394 D_real_ViT: 0.223 D_fake_ViT: 0.196 global: 0.590 spatial: 0.170 
(epoch: 18, iters: 3240, time: 0.487, data: 0.001) G_GAN_ViT: 0.365 D_real_ViT: 0.122 D_fake_ViT: 0.194 global: 0.372 spatial: 0.093 
(epoch: 18, iters: 3340, time: 0.487, data: 0.001) G_GAN_ViT: 0.336 D_real_ViT: 0.205 D_fake_ViT: 0.233 global: 0.467 spatial: 0.119 
(epoch: 18, iters: 3440, time: 0.487, data: 0.001) G_GAN_ViT: 0.404 D_real_ViT: 0.186 D_fake_ViT: 0.169 global: 0.417 spatial: 0.092 
(epoch: 18, iters: 3540, time: 0.487, data: 0.001) G_GAN_ViT: 0.326 D_real_ViT: 0.296 D_fake_ViT: 0.240 global: 0.474 spatial: 0.121 
(epoch: 18, iters: 3640, time: 0.487, data: 0.001) G_GAN_ViT: 0.405 D_real_ViT: 0.280 D_fake_ViT: 0.188 global: 0.611 spatial: 0.164 
saving the latest model (epoch 18, total_iters 90000)
IRVI_single_monitor
(epoch: 18, iters: 3740, time: 0.487, data: 0.001) G_GAN_ViT: 0.348 D_real_ViT: 0.149 D_fake_ViT: 0.234 global: 0.486 spatial: 0.111 
(epoch: 18, iters: 3840, time: 0.487, data: 0.001) G_GAN_ViT: 0.345 D_real_ViT: 0.036 D_fake_ViT: 0.225 global: 0.360 spatial: 0.104 
(epoch: 18, iters: 3940, time: 0.487, data: 0.001) G_GAN_ViT: 0.306 D_real_ViT: 0.327 D_fake_ViT: 0.262 global: 0.292 spatial: 0.050 
(epoch: 18, iters: 4040, time: 0.487, data: 0.001) G_GAN_ViT: 0.260 D_real_ViT: 0.272 D_fake_ViT: 0.313 global: 0.521 spatial: 0.090 
(epoch: 18, iters: 4140, time: 0.487, data: 0.001) G_GAN_ViT: 0.351 D_real_ViT: 0.196 D_fake_ViT: 0.219 global: 0.298 spatial: 0.055 
(epoch: 18, iters: 4240, time: 0.487, data: 0.001) G_GAN_ViT: 0.388 D_real_ViT: 0.185 D_fake_ViT: 0.199 global: 0.346 spatial: 0.098 
(epoch: 18, iters: 4340, time: 0.488, data: 0.002) G_GAN_ViT: 0.401 D_real_ViT: 0.310 D_fake_ViT: 0.173 global: 0.425 spatial: 0.087 
(epoch: 18, iters: 4440, time: 0.488, data: 0.001) G_GAN_ViT: 0.422 D_real_ViT: 0.228 D_fake_ViT: 0.186 global: 0.501 spatial: 0.111 
(epoch: 18, iters: 4540, time: 0.487, data: 0.001) G_GAN_ViT: 0.406 D_real_ViT: 0.248 D_fake_ViT: 0.184 global: 0.489 spatial: 0.118 
(epoch: 18, iters: 4640, time: 0.487, data: 0.001) G_GAN_ViT: 0.316 D_real_ViT: 0.243 D_fake_ViT: 0.231 global: 0.323 spatial: 0.074 
(epoch: 18, iters: 4740, time: 0.488, data: 0.001) G_GAN_ViT: 0.356 D_real_ViT: 0.224 D_fake_ViT: 0.230 global: 0.552 spatial: 0.162 
(epoch: 18, iters: 4840, time: 0.488, data: 0.001) G_GAN_ViT: 0.344 D_real_ViT: 0.144 D_fake_ViT: 0.214 global: 0.344 spatial: 0.085 
(epoch: 18, iters: 4940, time: 0.488, data: 0.001) G_GAN_ViT: 0.520 D_real_ViT: 0.169 D_fake_ViT: 0.129 global: 0.374 spatial: 0.087 
(epoch: 18, iters: 5040, time: 0.488, data: 0.001) G_GAN_ViT: 0.339 D_real_ViT: 0.149 D_fake_ViT: 0.217 global: 0.434 spatial: 0.087 
End of epoch 18 / 100 	 Time Taken: 2484 sec
learning rate = 0.0000100
(epoch: 19, iters: 60, time: 0.487, data: 0.001) G_GAN_ViT: 0.347 D_real_ViT: 0.236 D_fake_ViT: 0.229 global: 0.481 spatial: 0.110 
(epoch: 19, iters: 160, time: 0.487, data: 0.001) G_GAN_ViT: 0.412 D_real_ViT: 0.152 D_fake_ViT: 0.193 global: 0.454 spatial: 0.114 
(epoch: 19, iters: 260, time: 0.487, data: 0.001) G_GAN_ViT: 0.484 D_real_ViT: 0.233 D_fake_ViT: 0.143 global: 0.486 spatial: 0.115 
(epoch: 19, iters: 360, time: 0.487, data: 0.001) G_GAN_ViT: 0.334 D_real_ViT: 0.236 D_fake_ViT: 0.245 global: 0.285 spatial: 0.075 
(epoch: 19, iters: 460, time: 0.487, data: 0.001) G_GAN_ViT: 0.363 D_real_ViT: 0.276 D_fake_ViT: 0.205 global: 0.373 spatial: 0.079 
(epoch: 19, iters: 560, time: 0.487, data: 0.001) G_GAN_ViT: 0.451 D_real_ViT: 0.220 D_fake_ViT: 0.168 global: 0.566 spatial: 0.154 
(epoch: 19, iters: 660, time: 0.487, data: 0.001) G_GAN_ViT: 0.643 D_real_ViT: 0.134 D_fake_ViT: 0.098 global: 0.410 spatial: 0.107 
(epoch: 19, iters: 760, time: 0.487, data: 0.001) G_GAN_ViT: 0.410 D_real_ViT: 0.158 D_fake_ViT: 0.176 global: 0.448 spatial: 0.097 
(epoch: 19, iters: 860, time: 0.487, data: 0.001) G_GAN_ViT: 0.438 D_real_ViT: 0.173 D_fake_ViT: 0.148 global: 0.427 spatial: 0.095 
(epoch: 19, iters: 960, time: 0.487, data: 0.001) G_GAN_ViT: 0.383 D_real_ViT: 0.155 D_fake_ViT: 0.200 global: 0.398 spatial: 0.077 
(epoch: 19, iters: 1060, time: 0.487, data: 0.001) G_GAN_ViT: 0.368 D_real_ViT: 0.187 D_fake_ViT: 0.217 global: 0.316 spatial: 0.085 
(epoch: 19, iters: 1160, time: 0.487, data: 0.001) G_GAN_ViT: 0.420 D_real_ViT: 0.299 D_fake_ViT: 0.166 global: 0.427 spatial: 0.111 
(epoch: 19, iters: 1260, time: 0.487, data: 0.001) G_GAN_ViT: 0.384 D_real_ViT: 0.233 D_fake_ViT: 0.216 global: 0.473 spatial: 0.120 
(epoch: 19, iters: 1360, time: 0.487, data: 0.001) G_GAN_ViT: 0.356 D_real_ViT: 0.264 D_fake_ViT: 0.210 global: 0.356 spatial: 0.079 
(epoch: 19, iters: 1460, time: 0.487, data: 0.001) G_GAN_ViT: 0.314 D_real_ViT: 0.269 D_fake_ViT: 0.231 global: 0.429 spatial: 0.085 
(epoch: 19, iters: 1560, time: 0.487, data: 0.001) G_GAN_ViT: 0.411 D_real_ViT: 0.161 D_fake_ViT: 0.181 global: 0.382 spatial: 0.079 
(epoch: 19, iters: 1660, time: 0.488, data: 0.001) G_GAN_ViT: 0.281 D_real_ViT: 0.205 D_fake_ViT: 0.305 global: 0.359 spatial: 0.082 
(epoch: 19, iters: 1760, time: 0.487, data: 0.001) G_GAN_ViT: 0.334 D_real_ViT: 0.191 D_fake_ViT: 0.226 global: 0.403 spatial: 0.072 
(epoch: 19, iters: 1860, time: 0.488, data: 0.001) G_GAN_ViT: 0.362 D_real_ViT: 0.238 D_fake_ViT: 0.206 global: 0.404 spatial: 0.059 
(epoch: 19, iters: 1960, time: 0.488, data: 0.001) G_GAN_ViT: 0.276 D_real_ViT: 0.325 D_fake_ViT: 0.286 global: 0.313 spatial: 0.077 
(epoch: 19, iters: 2060, time: 0.487, data: 0.001) G_GAN_ViT: 0.301 D_real_ViT: 0.228 D_fake_ViT: 0.260 global: 0.360 spatial: 0.099 
(epoch: 19, iters: 2160, time: 0.488, data: 0.001) G_GAN_ViT: 0.373 D_real_ViT: 0.231 D_fake_ViT: 0.204 global: 0.357 spatial: 0.083 
(epoch: 19, iters: 2260, time: 0.487, data: 0.001) G_GAN_ViT: 0.340 D_real_ViT: 0.155 D_fake_ViT: 0.239 global: 0.480 spatial: 0.120 
(epoch: 19, iters: 2360, time: 0.487, data: 0.001) G_GAN_ViT: 0.319 D_real_ViT: 0.175 D_fake_ViT: 0.236 global: 0.433 spatial: 0.092 
(epoch: 19, iters: 2460, time: 0.487, data: 0.001) G_GAN_ViT: 0.392 D_real_ViT: 0.217 D_fake_ViT: 0.185 global: 0.572 spatial: 0.111 
(epoch: 19, iters: 2560, time: 0.487, data: 0.002) G_GAN_ViT: 0.299 D_real_ViT: 0.171 D_fake_ViT: 0.266 global: 0.509 spatial: 0.119 
(epoch: 19, iters: 2660, time: 0.487, data: 0.001) G_GAN_ViT: 0.349 D_real_ViT: 0.216 D_fake_ViT: 0.216 global: 0.423 spatial: 0.108 
(epoch: 19, iters: 2760, time: 0.488, data: 0.001) G_GAN_ViT: 0.467 D_real_ViT: 0.257 D_fake_ViT: 0.161 global: 0.536 spatial: 0.132 
(epoch: 19, iters: 2860, time: 0.487, data: 0.002) G_GAN_ViT: 0.660 D_real_ViT: 0.198 D_fake_ViT: 0.092 global: 0.532 spatial: 0.148 
(epoch: 19, iters: 2960, time: 0.487, data: 0.001) G_GAN_ViT: 0.508 D_real_ViT: 0.169 D_fake_ViT: 0.136 global: 0.605 spatial: 0.168 
(epoch: 19, iters: 3060, time: 0.487, data: 0.001) G_GAN_ViT: 0.433 D_real_ViT: 0.224 D_fake_ViT: 0.159 global: 0.540 spatial: 0.107 
(epoch: 19, iters: 3160, time: 0.487, data: 0.001) G_GAN_ViT: 0.459 D_real_ViT: 0.153 D_fake_ViT: 0.160 global: 0.535 spatial: 0.122 
(epoch: 19, iters: 3260, time: 0.487, data: 0.002) G_GAN_ViT: 0.333 D_real_ViT: 0.238 D_fake_ViT: 0.252 global: 0.313 spatial: 0.078 
(epoch: 19, iters: 3360, time: 0.487, data: 0.001) G_GAN_ViT: 0.445 D_real_ViT: 0.261 D_fake_ViT: 0.164 global: 0.493 spatial: 0.126 
(epoch: 19, iters: 3460, time: 0.487, data: 0.001) G_GAN_ViT: 0.300 D_real_ViT: 0.199 D_fake_ViT: 0.249 global: 0.362 spatial: 0.088 
(epoch: 19, iters: 3560, time: 0.487, data: 0.001) G_GAN_ViT: 0.372 D_real_ViT: 0.282 D_fake_ViT: 0.212 global: 0.347 spatial: 0.080 
saving the latest model (epoch 19, total_iters 95000)
IRVI_single_monitor
(epoch: 19, iters: 3660, time: 0.487, data: 0.001) G_GAN_ViT: 0.949 D_real_ViT: 0.170 D_fake_ViT: 0.085 global: 0.422 spatial: 0.078 
(epoch: 19, iters: 3760, time: 0.487, data: 0.001) G_GAN_ViT: 0.531 D_real_ViT: 0.182 D_fake_ViT: 0.149 global: 0.598 spatial: 0.162 
(epoch: 19, iters: 3860, time: 0.487, data: 0.001) G_GAN_ViT: 0.355 D_real_ViT: 0.185 D_fake_ViT: 0.229 global: 0.485 spatial: 0.094 
(epoch: 19, iters: 3960, time: 0.487, data: 0.001) G_GAN_ViT: 0.405 D_real_ViT: 0.204 D_fake_ViT: 0.188 global: 0.451 spatial: 0.123 
(epoch: 19, iters: 4060, time: 0.487, data: 0.001) G_GAN_ViT: 0.388 D_real_ViT: 0.254 D_fake_ViT: 0.192 global: 0.431 spatial: 0.120 
(epoch: 19, iters: 4160, time: 0.487, data: 0.001) G_GAN_ViT: 0.295 D_real_ViT: 0.269 D_fake_ViT: 0.258 global: 0.332 spatial: 0.065 
(epoch: 19, iters: 4260, time: 0.487, data: 0.001) G_GAN_ViT: 0.388 D_real_ViT: 0.223 D_fake_ViT: 0.207 global: 0.367 spatial: 0.098 
(epoch: 19, iters: 4360, time: 0.487, data: 0.001) G_GAN_ViT: 0.490 D_real_ViT: 0.321 D_fake_ViT: 0.136 global: 0.347 spatial: 0.078 
(epoch: 19, iters: 4460, time: 0.487, data: 0.001) G_GAN_ViT: 0.392 D_real_ViT: 0.266 D_fake_ViT: 0.182 global: 0.486 spatial: 0.123 
(epoch: 19, iters: 4560, time: 0.487, data: 0.002) G_GAN_ViT: 0.260 D_real_ViT: 0.248 D_fake_ViT: 0.283 global: 0.284 spatial: 0.065 
(epoch: 19, iters: 4660, time: 0.487, data: 0.001) G_GAN_ViT: 0.441 D_real_ViT: 0.198 D_fake_ViT: 0.159 global: 0.489 spatial: 0.092 
(epoch: 19, iters: 4760, time: 0.487, data: 0.001) G_GAN_ViT: 0.293 D_real_ViT: 0.195 D_fake_ViT: 0.257 global: 0.348 spatial: 0.075 
(epoch: 19, iters: 4860, time: 0.487, data: 0.001) G_GAN_ViT: 0.349 D_real_ViT: 0.151 D_fake_ViT: 0.215 global: 0.408 spatial: 0.093 
(epoch: 19, iters: 4960, time: 0.487, data: 0.001) G_GAN_ViT: 0.358 D_real_ViT: 0.207 D_fake_ViT: 0.205 global: 0.390 spatial: 0.100 
(epoch: 19, iters: 5060, time: 0.487, data: 0.001) G_GAN_ViT: 0.408 D_real_ViT: 0.096 D_fake_ViT: 0.229 global: 0.541 spatial: 0.146 
End of epoch 19 / 100 	 Time Taken: 2482 sec
learning rate = 0.0000100
(epoch: 20, iters: 80, time: 0.487, data: 0.001) G_GAN_ViT: 0.376 D_real_ViT: 0.257 D_fake_ViT: 0.204 global: 0.319 spatial: 0.078 
(epoch: 20, iters: 180, time: 0.486, data: 0.001) G_GAN_ViT: 0.413 D_real_ViT: 0.222 D_fake_ViT: 0.173 global: 0.436 spatial: 0.088 
(epoch: 20, iters: 280, time: 0.486, data: 0.002) G_GAN_ViT: 0.562 D_real_ViT: 0.187 D_fake_ViT: 0.116 global: 0.514 spatial: 0.118 
(epoch: 20, iters: 380, time: 0.487, data: 0.001) G_GAN_ViT: 0.384 D_real_ViT: 0.202 D_fake_ViT: 0.184 global: 0.391 spatial: 0.099 
(epoch: 20, iters: 480, time: 0.487, data: 0.001) G_GAN_ViT: 0.325 D_real_ViT: 0.218 D_fake_ViT: 0.232 global: 0.316 spatial: 0.073 
(epoch: 20, iters: 580, time: 0.487, data: 0.001) G_GAN_ViT: 0.380 D_real_ViT: 0.199 D_fake_ViT: 0.207 global: 0.372 spatial: 0.100 
(epoch: 20, iters: 680, time: 0.487, data: 0.001) G_GAN_ViT: 0.441 D_real_ViT: 0.136 D_fake_ViT: 0.154 global: 0.387 spatial: 0.094 
(epoch: 20, iters: 780, time: 0.487, data: 0.001) G_GAN_ViT: 0.543 D_real_ViT: 0.220 D_fake_ViT: 0.136 global: 0.490 spatial: 0.130 
(epoch: 20, iters: 880, time: 0.487, data: 0.001) G_GAN_ViT: 0.339 D_real_ViT: 0.185 D_fake_ViT: 0.256 global: 0.635 spatial: 0.150 
(epoch: 20, iters: 980, time: 0.487, data: 0.002) G_GAN_ViT: 0.439 D_real_ViT: 0.292 D_fake_ViT: 0.163 global: 0.431 spatial: 0.118 
(epoch: 20, iters: 1080, time: 0.487, data: 0.001) G_GAN_ViT: 0.385 D_real_ViT: 0.214 D_fake_ViT: 0.212 global: 0.449 spatial: 0.106 
(epoch: 20, iters: 1180, time: 0.487, data: 0.001) G_GAN_ViT: 0.318 D_real_ViT: 0.182 D_fake_ViT: 0.232 global: 0.450 spatial: 0.095 
(epoch: 20, iters: 1280, time: 0.487, data: 0.001) G_GAN_ViT: 0.413 D_real_ViT: 0.149 D_fake_ViT: 0.177 global: 0.494 spatial: 0.113 
(epoch: 20, iters: 1380, time: 0.487, data: 0.001) G_GAN_ViT: 0.552 D_real_ViT: 0.099 D_fake_ViT: 0.120 global: 0.380 spatial: 0.076 
(epoch: 20, iters: 1480, time: 0.487, data: 0.001) G_GAN_ViT: 0.530 D_real_ViT: 0.194 D_fake_ViT: 0.124 global: 0.620 spatial: 0.174 
(epoch: 20, iters: 1580, time: 0.487, data: 0.005) G_GAN_ViT: 0.440 D_real_ViT: 0.197 D_fake_ViT: 0.164 global: 0.518 spatial: 0.120 
(epoch: 20, iters: 1680, time: 0.487, data: 0.001) G_GAN_ViT: 0.359 D_real_ViT: 0.230 D_fake_ViT: 0.199 global: 0.364 spatial: 0.084 
(epoch: 20, iters: 1780, time: 0.487, data: 0.001) G_GAN_ViT: 0.410 D_real_ViT: 0.283 D_fake_ViT: 0.184 global: 0.443 spatial: 0.107 
(epoch: 20, iters: 1880, time: 0.487, data: 0.001) G_GAN_ViT: 0.382 D_real_ViT: 0.162 D_fake_ViT: 0.203 global: 0.588 spatial: 0.166 
(epoch: 20, iters: 1980, time: 0.487, data: 0.001) G_GAN_ViT: 0.368 D_real_ViT: 0.224 D_fake_ViT: 0.219 global: 0.604 spatial: 0.151 
(epoch: 20, iters: 2080, time: 0.487, data: 0.001) G_GAN_ViT: 0.415 D_real_ViT: 0.257 D_fake_ViT: 0.160 global: 0.528 spatial: 0.109 
(epoch: 20, iters: 2180, time: 0.487, data: 0.001) G_GAN_ViT: 0.391 D_real_ViT: 0.206 D_fake_ViT: 0.197 global: 0.380 spatial: 0.109 
(epoch: 20, iters: 2280, time: 0.487, data: 0.001) G_GAN_ViT: 0.349 D_real_ViT: 0.109 D_fake_ViT: 0.212 global: 0.386 spatial: 0.086 
(epoch: 20, iters: 2380, time: 0.487, data: 0.001) G_GAN_ViT: 0.331 D_real_ViT: 0.192 D_fake_ViT: 0.229 global: 0.620 spatial: 0.106 
(epoch: 20, iters: 2480, time: 0.487, data: 0.001) G_GAN_ViT: 0.491 D_real_ViT: 0.151 D_fake_ViT: 0.149 global: 0.530 spatial: 0.122 
(epoch: 20, iters: 2580, time: 0.488, data: 0.001) G_GAN_ViT: 0.350 D_real_ViT: 0.210 D_fake_ViT: 0.202 global: 0.419 spatial: 0.077 
(epoch: 20, iters: 2680, time: 0.488, data: 0.001) G_GAN_ViT: 0.451 D_real_ViT: 0.243 D_fake_ViT: 0.164 global: 0.304 spatial: 0.080 
(epoch: 20, iters: 2780, time: 0.489, data: 0.001) G_GAN_ViT: 0.386 D_real_ViT: 0.110 D_fake_ViT: 0.186 global: 0.408 spatial: 0.088 
(epoch: 20, iters: 2880, time: 0.489, data: 0.001) G_GAN_ViT: 0.371 D_real_ViT: 0.264 D_fake_ViT: 0.210 global: 0.565 spatial: 0.098 
(epoch: 20, iters: 2980, time: 0.488, data: 0.001) G_GAN_ViT: 0.295 D_real_ViT: 0.185 D_fake_ViT: 0.280 global: 0.584 spatial: 0.146 
(epoch: 20, iters: 3080, time: 0.489, data: 0.001) G_GAN_ViT: 0.378 D_real_ViT: 0.130 D_fake_ViT: 0.190 global: 0.383 spatial: 0.081 
(epoch: 20, iters: 3180, time: 0.488, data: 0.001) G_GAN_ViT: 0.338 D_real_ViT: 0.203 D_fake_ViT: 0.234 global: 0.450 spatial: 0.117 
(epoch: 20, iters: 3280, time: 0.489, data: 0.001) G_GAN_ViT: 0.486 D_real_ViT: 0.188 D_fake_ViT: 0.143 global: 0.513 spatial: 0.126 
(epoch: 20, iters: 3380, time: 0.488, data: 0.001) G_GAN_ViT: 0.487 D_real_ViT: 0.231 D_fake_ViT: 0.139 global: 0.608 spatial: 0.169 
(epoch: 20, iters: 3480, time: 0.488, data: 0.001) G_GAN_ViT: 0.464 D_real_ViT: 0.212 D_fake_ViT: 0.165 global: 0.420 spatial: 0.111 
saving the latest model (epoch 20, total_iters 100000)
IRVI_single_monitor
(epoch: 20, iters: 3580, time: 0.488, data: 0.001) G_GAN_ViT: 0.452 D_real_ViT: 0.126 D_fake_ViT: 0.157 global: 0.484 spatial: 0.123 
(epoch: 20, iters: 3680, time: 0.488, data: 0.001) G_GAN_ViT: 0.451 D_real_ViT: 0.248 D_fake_ViT: 0.154 global: 0.493 spatial: 0.112 
(epoch: 20, iters: 3780, time: 0.488, data: 0.001) G_GAN_ViT: 0.316 D_real_ViT: 0.153 D_fake_ViT: 0.237 global: 0.359 spatial: 0.085 
(epoch: 20, iters: 3880, time: 0.488, data: 0.001) G_GAN_ViT: 0.399 D_real_ViT: 0.143 D_fake_ViT: 0.198 global: 0.491 spatial: 0.107 
(epoch: 20, iters: 3980, time: 0.489, data: 0.001) G_GAN_ViT: 0.505 D_real_ViT: 0.195 D_fake_ViT: 0.128 global: 0.335 spatial: 0.089 
(epoch: 20, iters: 4080, time: 0.489, data: 0.001) G_GAN_ViT: 0.496 D_real_ViT: 0.165 D_fake_ViT: 0.138 global: 0.490 spatial: 0.115 
(epoch: 20, iters: 4180, time: 0.488, data: 0.002) G_GAN_ViT: 0.349 D_real_ViT: 0.158 D_fake_ViT: 0.227 global: 0.449 spatial: 0.114 
(epoch: 20, iters: 4280, time: 0.488, data: 0.001) G_GAN_ViT: 0.346 D_real_ViT: 0.144 D_fake_ViT: 0.219 global: 0.600 spatial: 0.109 
(epoch: 20, iters: 4380, time: 0.488, data: 0.001) G_GAN_ViT: 0.330 D_real_ViT: 0.281 D_fake_ViT: 0.236 global: 0.354 spatial: 0.086 
(epoch: 20, iters: 4480, time: 0.488, data: 0.001) G_GAN_ViT: 0.400 D_real_ViT: 0.229 D_fake_ViT: 0.176 global: 0.466 spatial: 0.099 
(epoch: 20, iters: 4580, time: 0.488, data: 0.001) G_GAN_ViT: 0.463 D_real_ViT: 0.317 D_fake_ViT: 0.151 global: 0.635 spatial: 0.151 
(epoch: 20, iters: 4680, time: 0.488, data: 0.001) G_GAN_ViT: 0.284 D_real_ViT: 0.148 D_fake_ViT: 0.269 global: 0.307 spatial: 0.077 
(epoch: 20, iters: 4780, time: 0.489, data: 0.001) G_GAN_ViT: 0.292 D_real_ViT: 0.160 D_fake_ViT: 0.256 global: 0.273 spatial: 0.085 
(epoch: 20, iters: 4880, time: 0.488, data: 0.001) G_GAN_ViT: 0.376 D_real_ViT: 0.129 D_fake_ViT: 0.211 global: 0.409 spatial: 0.097 
(epoch: 20, iters: 4980, time: 0.488, data: 0.001) G_GAN_ViT: 0.432 D_real_ViT: 0.196 D_fake_ViT: 0.155 global: 0.446 spatial: 0.098 
(epoch: 20, iters: 5080, time: 0.488, data: 0.001) G_GAN_ViT: 0.511 D_real_ViT: 0.264 D_fake_ViT: 0.137 global: 0.416 spatial: 0.099 
saving the model at the end of epoch 20, iters 101600
End of epoch 20 / 100 	 Time Taken: 2486 sec
learning rate = 0.0000100
(epoch: 21, iters: 100, time: 0.487, data: 0.155) G_GAN_ViT: 0.490 D_real_ViT: 0.209 D_fake_ViT: 0.142 global: 0.370 spatial: 0.097 
(epoch: 21, iters: 200, time: 0.488, data: 0.001) G_GAN_ViT: 0.339 D_real_ViT: 0.298 D_fake_ViT: 0.211 global: 0.453 spatial: 0.085 
(epoch: 21, iters: 300, time: 0.488, data: 0.001) G_GAN_ViT: 0.353 D_real_ViT: 0.257 D_fake_ViT: 0.240 global: 0.357 spatial: 0.083 
(epoch: 21, iters: 400, time: 0.488, data: 0.001) G_GAN_ViT: 0.372 D_real_ViT: 0.234 D_fake_ViT: 0.203 global: 0.444 spatial: 0.117 
(epoch: 21, iters: 500, time: 0.489, data: 0.001) G_GAN_ViT: 0.388 D_real_ViT: 0.200 D_fake_ViT: 0.177 global: 0.353 spatial: 0.095 
(epoch: 21, iters: 600, time: 0.489, data: 0.001) G_GAN_ViT: 0.362 D_real_ViT: 0.146 D_fake_ViT: 0.219 global: 0.322 spatial: 0.084 
(epoch: 21, iters: 700, time: 0.489, data: 0.001) G_GAN_ViT: 0.443 D_real_ViT: 0.109 D_fake_ViT: 0.160 global: 0.455 spatial: 0.108 
(epoch: 21, iters: 800, time: 0.489, data: 0.001) G_GAN_ViT: 0.343 D_real_ViT: 0.119 D_fake_ViT: 0.225 global: 0.416 spatial: 0.116 
(epoch: 21, iters: 900, time: 0.488, data: 0.001) G_GAN_ViT: 0.420 D_real_ViT: 0.191 D_fake_ViT: 0.175 global: 0.352 spatial: 0.096 
(epoch: 21, iters: 1000, time: 0.488, data: 0.001) G_GAN_ViT: 0.371 D_real_ViT: 0.240 D_fake_ViT: 0.234 global: 0.596 spatial: 0.162 
(epoch: 21, iters: 1100, time: 0.489, data: 0.001) G_GAN_ViT: 0.478 D_real_ViT: 0.363 D_fake_ViT: 0.149 global: 0.404 spatial: 0.091 
(epoch: 21, iters: 1200, time: 0.489, data: 0.001) G_GAN_ViT: 0.387 D_real_ViT: 0.216 D_fake_ViT: 0.206 global: 0.383 spatial: 0.092 
(epoch: 21, iters: 1300, time: 0.488, data: 0.001) G_GAN_ViT: 0.374 D_real_ViT: 0.219 D_fake_ViT: 0.192 global: 0.294 spatial: 0.087 
(epoch: 21, iters: 1400, time: 0.488, data: 0.001) G_GAN_ViT: 0.417 D_real_ViT: 0.187 D_fake_ViT: 0.190 global: 0.526 spatial: 0.153 
(epoch: 21, iters: 1500, time: 0.489, data: 0.001) G_GAN_ViT: 0.464 D_real_ViT: 0.245 D_fake_ViT: 0.153 global: 0.517 spatial: 0.123 
(epoch: 21, iters: 1600, time: 0.489, data: 0.001) G_GAN_ViT: 0.354 D_real_ViT: 0.182 D_fake_ViT: 0.200 global: 0.364 spatial: 0.087 
(epoch: 21, iters: 1700, time: 0.489, data: 0.001) G_GAN_ViT: 0.530 D_real_ViT: 0.101 D_fake_ViT: 0.152 global: 0.585 spatial: 0.158 
(epoch: 21, iters: 1800, time: 0.489, data: 0.001) G_GAN_ViT: 0.306 D_real_ViT: 0.364 D_fake_ViT: 0.245 global: 0.429 spatial: 0.088 
(epoch: 21, iters: 1900, time: 0.488, data: 0.001) G_GAN_ViT: 0.586 D_real_ViT: 0.176 D_fake_ViT: 0.110 global: 0.497 spatial: 0.107 
(epoch: 21, iters: 2000, time: 0.488, data: 0.001) G_GAN_ViT: 0.280 D_real_ViT: 0.229 D_fake_ViT: 0.274 global: 0.309 spatial: 0.080 
(epoch: 21, iters: 2100, time: 0.488, data: 0.001) G_GAN_ViT: 0.394 D_real_ViT: 0.252 D_fake_ViT: 0.197 global: 0.297 spatial: 0.076 
(epoch: 21, iters: 2200, time: 0.488, data: 0.001) G_GAN_ViT: 0.315 D_real_ViT: 0.162 D_fake_ViT: 0.260 global: 0.395 spatial: 0.086 
(epoch: 21, iters: 2300, time: 0.488, data: 0.001) G_GAN_ViT: 0.316 D_real_ViT: 0.246 D_fake_ViT: 0.233 global: 0.434 spatial: 0.081 
(epoch: 21, iters: 2400, time: 0.488, data: 0.001) G_GAN_ViT: 0.305 D_real_ViT: 0.105 D_fake_ViT: 0.277 global: 0.589 spatial: 0.163 
(epoch: 21, iters: 2500, time: 0.489, data: 0.001) G_GAN_ViT: 0.449 D_real_ViT: 0.183 D_fake_ViT: 0.167 global: 0.452 spatial: 0.100 
(epoch: 21, iters: 2600, time: 0.488, data: 0.001) G_GAN_ViT: 0.513 D_real_ViT: 0.186 D_fake_ViT: 0.145 global: 0.475 spatial: 0.131 
(epoch: 21, iters: 2700, time: 0.488, data: 0.001) G_GAN_ViT: 0.380 D_real_ViT: 0.262 D_fake_ViT: 0.192 global: 0.492 spatial: 0.109 
(epoch: 21, iters: 2800, time: 0.488, data: 0.001) G_GAN_ViT: 0.374 D_real_ViT: 0.166 D_fake_ViT: 0.215 global: 0.386 spatial: 0.084 
(epoch: 21, iters: 2900, time: 0.488, data: 0.001) G_GAN_ViT: 0.370 D_real_ViT: 0.173 D_fake_ViT: 0.204 global: 0.466 spatial: 0.120 
(epoch: 21, iters: 3000, time: 0.488, data: 0.002) G_GAN_ViT: 0.456 D_real_ViT: 0.212 D_fake_ViT: 0.164 global: 0.399 spatial: 0.073 
(epoch: 21, iters: 3100, time: 0.487, data: 0.001) G_GAN_ViT: 0.404 D_real_ViT: 0.212 D_fake_ViT: 0.182 global: 0.421 spatial: 0.086 
(epoch: 21, iters: 3200, time: 0.488, data: 0.001) G_GAN_ViT: 0.370 D_real_ViT: 0.190 D_fake_ViT: 0.198 global: 0.447 spatial: 0.116 
(epoch: 21, iters: 3300, time: 0.488, data: 0.001) G_GAN_ViT: 0.311 D_real_ViT: 0.215 D_fake_ViT: 0.235 global: 0.343 spatial: 0.088 
(epoch: 21, iters: 3400, time: 0.488, data: 0.001) G_GAN_ViT: 0.360 D_real_ViT: 0.260 D_fake_ViT: 0.221 global: 0.473 spatial: 0.096 
saving the latest model (epoch 21, total_iters 105000)
IRVI_single_monitor
(epoch: 21, iters: 3500, time: 0.488, data: 0.001) G_GAN_ViT: 0.362 D_real_ViT: 0.278 D_fake_ViT: 0.197 global: 0.348 spatial: 0.082 
(epoch: 21, iters: 3600, time: 0.488, data: 0.001) G_GAN_ViT: 0.313 D_real_ViT: 0.168 D_fake_ViT: 0.232 global: 0.344 spatial: 0.072 
(epoch: 21, iters: 3700, time: 0.488, data: 0.001) G_GAN_ViT: 0.381 D_real_ViT: 0.237 D_fake_ViT: 0.198 global: 0.511 spatial: 0.094 
(epoch: 21, iters: 3800, time: 0.487, data: 0.002) G_GAN_ViT: 0.382 D_real_ViT: 0.155 D_fake_ViT: 0.202 global: 0.455 spatial: 0.124 
(epoch: 21, iters: 3900, time: 0.488, data: 0.001) G_GAN_ViT: 0.432 D_real_ViT: 0.201 D_fake_ViT: 0.177 global: 0.349 spatial: 0.083 
(epoch: 21, iters: 4000, time: 0.488, data: 0.001) G_GAN_ViT: 0.340 D_real_ViT: 0.039 D_fake_ViT: 0.236 global: 0.341 spatial: 0.089 
(epoch: 21, iters: 4100, time: 0.489, data: 0.001) G_GAN_ViT: 0.360 D_real_ViT: 0.130 D_fake_ViT: 0.202 global: 0.332 spatial: 0.084 
(epoch: 21, iters: 4200, time: 0.489, data: 0.001) G_GAN_ViT: 0.348 D_real_ViT: 0.242 D_fake_ViT: 0.232 global: 0.433 spatial: 0.115 
(epoch: 21, iters: 4300, time: 0.489, data: 0.001) G_GAN_ViT: 0.350 D_real_ViT: 0.215 D_fake_ViT: 0.205 global: 0.442 spatial: 0.092 
(epoch: 21, iters: 4400, time: 0.488, data: 0.001) G_GAN_ViT: 0.599 D_real_ViT: 0.214 D_fake_ViT: 0.122 global: 0.481 spatial: 0.126 
(epoch: 21, iters: 4500, time: 0.488, data: 0.001) G_GAN_ViT: 0.347 D_real_ViT: 0.135 D_fake_ViT: 0.240 global: 0.615 spatial: 0.168 
(epoch: 21, iters: 4600, time: 0.488, data: 0.001) G_GAN_ViT: 0.279 D_real_ViT: 0.165 D_fake_ViT: 0.289 global: 0.369 spatial: 0.064 
(epoch: 21, iters: 4700, time: 0.488, data: 0.001) G_GAN_ViT: 0.262 D_real_ViT: 0.205 D_fake_ViT: 0.292 global: 0.319 spatial: 0.078 
(epoch: 21, iters: 4800, time: 0.488, data: 0.001) G_GAN_ViT: 0.378 D_real_ViT: 0.180 D_fake_ViT: 0.203 global: 0.501 spatial: 0.095 
(epoch: 21, iters: 4900, time: 0.488, data: 0.001) G_GAN_ViT: 0.371 D_real_ViT: 0.152 D_fake_ViT: 0.200 global: 0.409 spatial: 0.098 
(epoch: 21, iters: 5000, time: 0.488, data: 0.001) G_GAN_ViT: 0.596 D_real_ViT: 0.238 D_fake_ViT: 0.120 global: 0.607 spatial: 0.145 
End of epoch 21 / 100 	 Time Taken: 2488 sec
learning rate = 0.0000100
(epoch: 22, iters: 20, time: 0.488, data: 0.001) G_GAN_ViT: 0.382 D_real_ViT: 0.244 D_fake_ViT: 0.197 global: 0.471 spatial: 0.123 
(epoch: 22, iters: 120, time: 0.488, data: 0.001) G_GAN_ViT: 0.343 D_real_ViT: 0.242 D_fake_ViT: 0.213 global: 0.440 spatial: 0.086 
(epoch: 22, iters: 220, time: 0.487, data: 0.001) G_GAN_ViT: 0.458 D_real_ViT: 0.069 D_fake_ViT: 0.174 global: 0.414 spatial: 0.077 
(epoch: 22, iters: 320, time: 0.488, data: 0.001) G_GAN_ViT: 0.297 D_real_ViT: 0.301 D_fake_ViT: 0.274 global: 0.445 spatial: 0.115 
(epoch: 22, iters: 420, time: 0.488, data: 0.001) G_GAN_ViT: 0.408 D_real_ViT: 0.209 D_fake_ViT: 0.185 global: 0.448 spatial: 0.115 
(epoch: 22, iters: 520, time: 0.488, data: 0.001) G_GAN_ViT: 0.305 D_real_ViT: 0.219 D_fake_ViT: 0.236 global: 0.343 spatial: 0.089 
(epoch: 22, iters: 620, time: 0.488, data: 0.001) G_GAN_ViT: 0.369 D_real_ViT: 0.212 D_fake_ViT: 0.221 global: 0.644 spatial: 0.143 
(epoch: 22, iters: 720, time: 0.488, data: 0.001) G_GAN_ViT: 0.322 D_real_ViT: 0.224 D_fake_ViT: 0.267 global: 0.367 spatial: 0.076 
(epoch: 22, iters: 820, time: 0.488, data: 0.001) G_GAN_ViT: 0.384 D_real_ViT: 0.185 D_fake_ViT: 0.205 global: 0.384 spatial: 0.072 
(epoch: 22, iters: 920, time: 0.488, data: 0.001) G_GAN_ViT: 0.355 D_real_ViT: 0.171 D_fake_ViT: 0.210 global: 0.404 spatial: 0.068 
(epoch: 22, iters: 1020, time: 0.489, data: 0.001) G_GAN_ViT: 0.435 D_real_ViT: 0.171 D_fake_ViT: 0.170 global: 0.608 spatial: 0.171 
(epoch: 22, iters: 1120, time: 0.489, data: 0.001) G_GAN_ViT: 0.380 D_real_ViT: 0.175 D_fake_ViT: 0.199 global: 0.428 spatial: 0.110 
(epoch: 22, iters: 1220, time: 0.489, data: 0.001) G_GAN_ViT: 0.341 D_real_ViT: 0.195 D_fake_ViT: 0.235 global: 0.602 spatial: 0.117 
(epoch: 22, iters: 1320, time: 0.488, data: 0.001) G_GAN_ViT: 0.343 D_real_ViT: 0.171 D_fake_ViT: 0.213 global: 0.461 spatial: 0.091 
(epoch: 22, iters: 1420, time: 0.488, data: 0.001) G_GAN_ViT: 0.483 D_real_ViT: 0.144 D_fake_ViT: 0.154 global: 0.357 spatial: 0.082 
(epoch: 22, iters: 1520, time: 0.488, data: 0.001) G_GAN_ViT: 0.327 D_real_ViT: 0.200 D_fake_ViT: 0.233 global: 0.534 spatial: 0.084 
(epoch: 22, iters: 1620, time: 0.488, data: 0.001) G_GAN_ViT: 0.351 D_real_ViT: 0.119 D_fake_ViT: 0.225 global: 0.458 spatial: 0.118 
(epoch: 22, iters: 1720, time: 0.489, data: 0.001) G_GAN_ViT: 0.365 D_real_ViT: 0.295 D_fake_ViT: 0.206 global: 0.361 spatial: 0.100 
(epoch: 22, iters: 1820, time: 0.489, data: 0.001) G_GAN_ViT: 0.395 D_real_ViT: 0.167 D_fake_ViT: 0.204 global: 0.618 spatial: 0.168 
(epoch: 22, iters: 1920, time: 0.488, data: 0.001) G_GAN_ViT: 0.374 D_real_ViT: 0.100 D_fake_ViT: 0.213 global: 0.344 spatial: 0.102 
(epoch: 22, iters: 2020, time: 0.488, data: 0.001) G_GAN_ViT: 0.441 D_real_ViT: 0.227 D_fake_ViT: 0.166 global: 0.474 spatial: 0.111 
(epoch: 22, iters: 2120, time: 0.488, data: 0.001) G_GAN_ViT: 0.397 D_real_ViT: 0.134 D_fake_ViT: 0.192 global: 0.486 spatial: 0.118 
(epoch: 22, iters: 2220, time: 0.488, data: 0.001) G_GAN_ViT: 0.363 D_real_ViT: 0.273 D_fake_ViT: 0.202 global: 0.588 spatial: 0.103 
(epoch: 22, iters: 2320, time: 0.489, data: 0.001) G_GAN_ViT: 0.335 D_real_ViT: 0.234 D_fake_ViT: 0.222 global: 0.547 spatial: 0.097 
(epoch: 22, iters: 2420, time: 0.489, data: 0.001) G_GAN_ViT: 0.482 D_real_ViT: 0.149 D_fake_ViT: 0.143 global: 0.364 spatial: 0.084 
(epoch: 22, iters: 2520, time: 0.489, data: 0.001) G_GAN_ViT: 0.367 D_real_ViT: 0.284 D_fake_ViT: 0.186 global: 0.413 spatial: 0.081 
(epoch: 22, iters: 2620, time: 0.489, data: 0.001) G_GAN_ViT: 0.347 D_real_ViT: 0.215 D_fake_ViT: 0.212 global: 0.415 spatial: 0.097 
(epoch: 22, iters: 2720, time: 0.488, data: 0.001) G_GAN_ViT: 0.299 D_real_ViT: 0.171 D_fake_ViT: 0.245 global: 0.336 spatial: 0.085 
(epoch: 22, iters: 2820, time: 0.488, data: 0.002) G_GAN_ViT: 0.300 D_real_ViT: 0.233 D_fake_ViT: 0.244 global: 0.334 spatial: 0.089 
(epoch: 22, iters: 2920, time: 0.487, data: 0.001) G_GAN_ViT: 0.415 D_real_ViT: 0.218 D_fake_ViT: 0.175 global: 0.420 spatial: 0.112 
(epoch: 22, iters: 3020, time: 0.488, data: 0.001) G_GAN_ViT: 0.382 D_real_ViT: 0.289 D_fake_ViT: 0.194 global: 0.374 spatial: 0.076 
(epoch: 22, iters: 3120, time: 0.488, data: 0.001) G_GAN_ViT: 0.357 D_real_ViT: 0.259 D_fake_ViT: 0.213 global: 0.442 spatial: 0.107 
(epoch: 22, iters: 3220, time: 0.489, data: 0.001) G_GAN_ViT: 0.345 D_real_ViT: 0.168 D_fake_ViT: 0.209 global: 0.452 spatial: 0.088 
(epoch: 22, iters: 3320, time: 0.488, data: 0.001) G_GAN_ViT: 0.419 D_real_ViT: 0.150 D_fake_ViT: 0.173 global: 0.370 spatial: 0.087 
saving the latest model (epoch 22, total_iters 110000)
IRVI_single_monitor
(epoch: 22, iters: 3420, time: 0.488, data: 0.001) G_GAN_ViT: 0.513 D_real_ViT: 0.164 D_fake_ViT: 0.168 global: 0.540 spatial: 0.136 
(epoch: 22, iters: 3520, time: 0.488, data: 0.002) G_GAN_ViT: 0.361 D_real_ViT: 0.259 D_fake_ViT: 0.210 global: 0.396 spatial: 0.078 
(epoch: 22, iters: 3620, time: 0.488, data: 0.001) G_GAN_ViT: 0.337 D_real_ViT: 0.257 D_fake_ViT: 0.212 global: 0.340 spatial: 0.083 
(epoch: 22, iters: 3720, time: 0.489, data: 0.001) G_GAN_ViT: 0.422 D_real_ViT: 0.214 D_fake_ViT: 0.179 global: 0.486 spatial: 0.108 
(epoch: 22, iters: 3820, time: 0.488, data: 0.001) G_GAN_ViT: 0.361 D_real_ViT: 0.155 D_fake_ViT: 0.218 global: 0.412 spatial: 0.113 
(epoch: 22, iters: 3920, time: 0.488, data: 0.001) G_GAN_ViT: 0.479 D_real_ViT: 0.228 D_fake_ViT: 0.145 global: 0.311 spatial: 0.077 
(epoch: 22, iters: 4020, time: 0.488, data: 0.001) G_GAN_ViT: 0.388 D_real_ViT: 0.200 D_fake_ViT: 0.197 global: 0.395 spatial: 0.089 
(epoch: 22, iters: 4120, time: 0.489, data: 0.001) G_GAN_ViT: 0.386 D_real_ViT: 0.225 D_fake_ViT: 0.216 global: 0.618 spatial: 0.147 
(epoch: 22, iters: 4220, time: 0.487, data: 0.001) G_GAN_ViT: 0.486 D_real_ViT: 0.255 D_fake_ViT: 0.154 global: 0.361 spatial: 0.092 
(epoch: 22, iters: 4320, time: 0.488, data: 0.001) G_GAN_ViT: 0.325 D_real_ViT: 0.161 D_fake_ViT: 0.234 global: 0.461 spatial: 0.082 
(epoch: 22, iters: 4420, time: 0.489, data: 0.001) G_GAN_ViT: 0.404 D_real_ViT: 0.205 D_fake_ViT: 0.172 global: 0.366 spatial: 0.087 
(epoch: 22, iters: 4520, time: 0.489, data: 0.001) G_GAN_ViT: 0.511 D_real_ViT: 0.227 D_fake_ViT: 0.127 global: 0.381 spatial: 0.082 
(epoch: 22, iters: 4620, time: 0.489, data: 0.001) G_GAN_ViT: 0.476 D_real_ViT: 0.242 D_fake_ViT: 0.167 global: 0.475 spatial: 0.133 
(epoch: 22, iters: 4720, time: 0.489, data: 0.001) G_GAN_ViT: 0.424 D_real_ViT: 0.161 D_fake_ViT: 0.181 global: 0.357 spatial: 0.089 
(epoch: 22, iters: 4820, time: 0.489, data: 0.001) G_GAN_ViT: 0.387 D_real_ViT: 0.224 D_fake_ViT: 0.196 global: 0.618 spatial: 0.121 
(epoch: 22, iters: 4920, time: 0.489, data: 0.001) G_GAN_ViT: 0.447 D_real_ViT: 0.217 D_fake_ViT: 0.172 global: 0.627 spatial: 0.153 
(epoch: 22, iters: 5020, time: 0.490, data: 0.001) G_GAN_ViT: 0.437 D_real_ViT: 0.111 D_fake_ViT: 0.166 global: 0.616 spatial: 0.174 
End of epoch 22 / 100 	 Time Taken: 2489 sec
learning rate = 0.0000100
(epoch: 23, iters: 40, time: 0.489, data: 0.001) G_GAN_ViT: 0.395 D_real_ViT: 0.217 D_fake_ViT: 0.187 global: 0.476 spatial: 0.103 
(epoch: 23, iters: 140, time: 0.489, data: 0.001) G_GAN_ViT: 0.344 D_real_ViT: 0.251 D_fake_ViT: 0.234 global: 0.494 spatial: 0.113 
(epoch: 23, iters: 240, time: 0.489, data: 0.001) G_GAN_ViT: 0.266 D_real_ViT: 0.194 D_fake_ViT: 0.294 global: 0.409 spatial: 0.078 
(epoch: 23, iters: 340, time: 0.488, data: 0.001) G_GAN_ViT: 0.410 D_real_ViT: 0.248 D_fake_ViT: 0.176 global: 0.358 spatial: 0.076 
(epoch: 23, iters: 440, time: 0.488, data: 0.001) G_GAN_ViT: 0.394 D_real_ViT: 0.143 D_fake_ViT: 0.193 global: 0.573 spatial: 0.164 
(epoch: 23, iters: 540, time: 0.487, data: 0.002) G_GAN_ViT: 0.561 D_real_ViT: 0.251 D_fake_ViT: 0.142 global: 0.557 spatial: 0.143 
(epoch: 23, iters: 640, time: 0.488, data: 0.001) G_GAN_ViT: 0.261 D_real_ViT: 0.189 D_fake_ViT: 0.287 global: 0.314 spatial: 0.069 
(epoch: 23, iters: 740, time: 0.489, data: 0.001) G_GAN_ViT: 0.540 D_real_ViT: 0.265 D_fake_ViT: 0.127 global: 0.467 spatial: 0.127 
(epoch: 23, iters: 840, time: 0.489, data: 0.001) G_GAN_ViT: 0.301 D_real_ViT: 0.192 D_fake_ViT: 0.272 global: 0.362 spatial: 0.105 
(epoch: 23, iters: 940, time: 0.489, data: 0.001) G_GAN_ViT: 0.436 D_real_ViT: 0.172 D_fake_ViT: 0.160 global: 0.476 spatial: 0.097 
(epoch: 23, iters: 1040, time: 0.489, data: 0.001) G_GAN_ViT: 0.372 D_real_ViT: 0.181 D_fake_ViT: 0.188 global: 0.450 spatial: 0.097 
(epoch: 23, iters: 1140, time: 0.489, data: 0.001) G_GAN_ViT: 0.355 D_real_ViT: 0.166 D_fake_ViT: 0.219 global: 0.411 spatial: 0.087 
(epoch: 23, iters: 1240, time: 0.489, data: 0.001) G_GAN_ViT: 0.374 D_real_ViT: 0.218 D_fake_ViT: 0.187 global: 0.531 spatial: 0.098 
(epoch: 23, iters: 1340, time: 0.489, data: 0.001) G_GAN_ViT: 0.366 D_real_ViT: 0.297 D_fake_ViT: 0.204 global: 0.408 spatial: 0.111 
(epoch: 23, iters: 1440, time: 0.489, data: 0.001) G_GAN_ViT: 0.508 D_real_ViT: 0.156 D_fake_ViT: 0.166 global: 0.564 spatial: 0.155 
(epoch: 23, iters: 1540, time: 0.489, data: 0.001) G_GAN_ViT: 0.400 D_real_ViT: 0.271 D_fake_ViT: 0.196 global: 0.650 spatial: 0.160 
(epoch: 23, iters: 1640, time: 0.490, data: 0.001) G_GAN_ViT: 0.309 D_real_ViT: 0.190 D_fake_ViT: 0.288 global: 0.389 spatial: 0.082 
(epoch: 23, iters: 1740, time: 0.490, data: 0.001) G_GAN_ViT: 0.533 D_real_ViT: 0.251 D_fake_ViT: 0.141 global: 0.602 spatial: 0.163 
(epoch: 23, iters: 1840, time: 0.490, data: 0.001) G_GAN_ViT: 0.403 D_real_ViT: 0.238 D_fake_ViT: 0.205 global: 0.387 spatial: 0.092 
(epoch: 23, iters: 1940, time: 0.490, data: 0.001) G_GAN_ViT: 0.348 D_real_ViT: 0.220 D_fake_ViT: 0.205 global: 0.474 spatial: 0.081 
(epoch: 23, iters: 2040, time: 0.489, data: 0.001) G_GAN_ViT: 0.504 D_real_ViT: 0.132 D_fake_ViT: 0.143 global: 0.456 spatial: 0.116 
(epoch: 23, iters: 2140, time: 0.489, data: 0.001) G_GAN_ViT: 0.323 D_real_ViT: 0.174 D_fake_ViT: 0.240 global: 0.444 spatial: 0.086 
(epoch: 23, iters: 2240, time: 0.489, data: 0.001) G_GAN_ViT: 0.342 D_real_ViT: 0.229 D_fake_ViT: 0.210 global: 0.425 spatial: 0.079 
(epoch: 23, iters: 2340, time: 0.489, data: 0.001) G_GAN_ViT: 0.285 D_real_ViT: 0.204 D_fake_ViT: 0.259 global: 0.416 spatial: 0.086 
(epoch: 23, iters: 2440, time: 0.489, data: 0.001) G_GAN_ViT: 0.332 D_real_ViT: 0.331 D_fake_ViT: 0.217 global: 0.340 spatial: 0.088 
(epoch: 23, iters: 2540, time: 0.489, data: 0.001) G_GAN_ViT: 0.720 D_real_ViT: 0.141 D_fake_ViT: 0.102 global: 0.447 spatial: 0.077 
(epoch: 23, iters: 2640, time: 0.488, data: 0.001) G_GAN_ViT: 0.300 D_real_ViT: 0.235 D_fake_ViT: 0.249 global: 0.463 spatial: 0.088 
(epoch: 23, iters: 2740, time: 0.489, data: 0.001) G_GAN_ViT: 0.344 D_real_ViT: 0.192 D_fake_ViT: 0.210 global: 0.342 spatial: 0.081 
(epoch: 23, iters: 2840, time: 0.488, data: 0.001) G_GAN_ViT: 0.548 D_real_ViT: 0.167 D_fake_ViT: 0.147 global: 0.568 spatial: 0.153 
(epoch: 23, iters: 2940, time: 0.488, data: 0.001) G_GAN_ViT: 0.358 D_real_ViT: 0.110 D_fake_ViT: 0.208 global: 0.434 spatial: 0.113 
(epoch: 23, iters: 3040, time: 0.489, data: 0.001) G_GAN_ViT: 0.254 D_real_ViT: 0.133 D_fake_ViT: 0.317 global: 0.429 spatial: 0.069 
(epoch: 23, iters: 3140, time: 0.489, data: 0.001) G_GAN_ViT: 0.403 D_real_ViT: 0.220 D_fake_ViT: 0.175 global: 0.428 spatial: 0.111 
(epoch: 23, iters: 3240, time: 0.488, data: 0.001) G_GAN_ViT: 0.578 D_real_ViT: 0.198 D_fake_ViT: 0.138 global: 0.515 spatial: 0.136 
saving the latest model (epoch 23, total_iters 115000)
IRVI_single_monitor
(epoch: 23, iters: 3340, time: 0.489, data: 0.001) G_GAN_ViT: 0.576 D_real_ViT: 0.232 D_fake_ViT: 0.115 global: 0.476 spatial: 0.104 
(epoch: 23, iters: 3440, time: 0.488, data: 0.001) G_GAN_ViT: 0.409 D_real_ViT: 0.225 D_fake_ViT: 0.181 global: 0.466 spatial: 0.098 
(epoch: 23, iters: 3540, time: 0.489, data: 0.001) G_GAN_ViT: 0.344 D_real_ViT: 0.251 D_fake_ViT: 0.211 global: 0.412 spatial: 0.095 
(epoch: 23, iters: 3640, time: 0.488, data: 0.001) G_GAN_ViT: 0.283 D_real_ViT: 0.187 D_fake_ViT: 0.262 global: 0.337 spatial: 0.075 
(epoch: 23, iters: 3740, time: 0.488, data: 0.001) G_GAN_ViT: 0.498 D_real_ViT: 0.260 D_fake_ViT: 0.144 global: 0.682 spatial: 0.147 
(epoch: 23, iters: 3840, time: 0.489, data: 0.001) G_GAN_ViT: 0.589 D_real_ViT: 0.138 D_fake_ViT: 0.137 global: 0.584 spatial: 0.150 
(epoch: 23, iters: 3940, time: 0.489, data: 0.002) G_GAN_ViT: 0.393 D_real_ViT: 0.218 D_fake_ViT: 0.187 global: 0.451 spatial: 0.118 
(epoch: 23, iters: 4040, time: 0.489, data: 0.001) G_GAN_ViT: 0.525 D_real_ViT: 0.208 D_fake_ViT: 0.121 global: 0.629 spatial: 0.171 
(epoch: 23, iters: 4140, time: 0.489, data: 0.001) G_GAN_ViT: 0.503 D_real_ViT: 0.186 D_fake_ViT: 0.129 global: 0.470 spatial: 0.118 
(epoch: 23, iters: 4240, time: 0.489, data: 0.001) G_GAN_ViT: 0.470 D_real_ViT: 0.048 D_fake_ViT: 0.149 global: 0.469 spatial: 0.120 
(epoch: 23, iters: 4340, time: 0.489, data: 0.001) G_GAN_ViT: 0.527 D_real_ViT: 0.295 D_fake_ViT: 0.126 global: 0.532 spatial: 0.128 
(epoch: 23, iters: 4440, time: 0.489, data: 0.001) G_GAN_ViT: 0.403 D_real_ViT: 0.265 D_fake_ViT: 0.182 global: 0.469 spatial: 0.126 
(epoch: 23, iters: 4540, time: 0.489, data: 0.001) G_GAN_ViT: 0.375 D_real_ViT: 0.219 D_fake_ViT: 0.186 global: 0.421 spatial: 0.096 
(epoch: 23, iters: 4640, time: 0.489, data: 0.001) G_GAN_ViT: 0.445 D_real_ViT: 0.142 D_fake_ViT: 0.163 global: 0.438 spatial: 0.079 
(epoch: 23, iters: 4740, time: 0.489, data: 0.001) G_GAN_ViT: 0.417 D_real_ViT: 0.207 D_fake_ViT: 0.175 global: 0.349 spatial: 0.096 
(epoch: 23, iters: 4840, time: 0.489, data: 0.001) G_GAN_ViT: 0.514 D_real_ViT: 0.196 D_fake_ViT: 0.130 global: 0.455 spatial: 0.112 
(epoch: 23, iters: 4940, time: 0.490, data: 0.001) G_GAN_ViT: 0.436 D_real_ViT: 0.166 D_fake_ViT: 0.155 global: 0.513 spatial: 0.112 
(epoch: 23, iters: 5040, time: 0.490, data: 0.001) G_GAN_ViT: 0.399 D_real_ViT: 0.345 D_fake_ViT: 0.186 global: 0.354 spatial: 0.088 
End of epoch 23 / 100 	 Time Taken: 2492 sec
learning rate = 0.0000100
(epoch: 24, iters: 60, time: 0.490, data: 0.001) G_GAN_ViT: 0.392 D_real_ViT: 0.212 D_fake_ViT: 0.211 global: 0.459 spatial: 0.120 
(epoch: 24, iters: 160, time: 0.489, data: 0.001) G_GAN_ViT: 0.567 D_real_ViT: 0.087 D_fake_ViT: 0.146 global: 0.582 spatial: 0.144 
(epoch: 24, iters: 260, time: 0.489, data: 0.001) G_GAN_ViT: 0.421 D_real_ViT: 0.283 D_fake_ViT: 0.168 global: 0.476 spatial: 0.114 
(epoch: 24, iters: 360, time: 0.489, data: 0.001) G_GAN_ViT: 0.325 D_real_ViT: 0.227 D_fake_ViT: 0.234 global: 0.396 spatial: 0.084 
(epoch: 24, iters: 460, time: 0.489, data: 0.001) G_GAN_ViT: 0.458 D_real_ViT: 0.165 D_fake_ViT: 0.193 global: 0.597 spatial: 0.165 
(epoch: 24, iters: 560, time: 0.489, data: 0.001) G_GAN_ViT: 0.385 D_real_ViT: 0.039 D_fake_ViT: 0.211 global: 0.480 spatial: 0.111 
(epoch: 24, iters: 660, time: 0.489, data: 0.001) G_GAN_ViT: 0.277 D_real_ViT: 0.187 D_fake_ViT: 0.280 global: 0.350 spatial: 0.078 
(epoch: 24, iters: 760, time: 0.489, data: 0.001) G_GAN_ViT: 0.368 D_real_ViT: 0.148 D_fake_ViT: 0.219 global: 0.633 spatial: 0.172 
(epoch: 24, iters: 860, time: 0.489, data: 0.001) G_GAN_ViT: 0.332 D_real_ViT: 0.123 D_fake_ViT: 0.237 global: 0.408 spatial: 0.109 
(epoch: 24, iters: 960, time: 0.489, data: 0.001) G_GAN_ViT: 0.370 D_real_ViT: 0.162 D_fake_ViT: 0.213 global: 0.400 spatial: 0.090 
(epoch: 24, iters: 1060, time: 0.488, data: 0.001) G_GAN_ViT: 0.316 D_real_ViT: 0.127 D_fake_ViT: 0.247 global: 0.420 spatial: 0.114 
(epoch: 24, iters: 1160, time: 0.489, data: 0.001) G_GAN_ViT: 0.549 D_real_ViT: 0.258 D_fake_ViT: 0.111 global: 0.576 spatial: 0.098 
(epoch: 24, iters: 1260, time: 0.489, data: 0.001) G_GAN_ViT: 0.388 D_real_ViT: 0.286 D_fake_ViT: 0.191 global: 0.439 spatial: 0.118 
(epoch: 24, iters: 1360, time: 0.489, data: 0.001) G_GAN_ViT: 0.377 D_real_ViT: 0.215 D_fake_ViT: 0.201 global: 0.596 spatial: 0.118 
(epoch: 24, iters: 1460, time: 0.489, data: 0.001) G_GAN_ViT: 0.362 D_real_ViT: 0.240 D_fake_ViT: 0.205 global: 0.496 spatial: 0.119 
(epoch: 24, iters: 1560, time: 0.489, data: 0.001) G_GAN_ViT: 0.420 D_real_ViT: 0.197 D_fake_ViT: 0.167 global: 0.384 spatial: 0.106 
(epoch: 24, iters: 1660, time: 0.488, data: 0.001) G_GAN_ViT: 0.331 D_real_ViT: 0.151 D_fake_ViT: 0.218 global: 0.423 spatial: 0.088 
(epoch: 24, iters: 1760, time: 0.488, data: 0.001) G_GAN_ViT: 0.375 D_real_ViT: 0.231 D_fake_ViT: 0.186 global: 0.306 spatial: 0.071 
(epoch: 24, iters: 1860, time: 0.488, data: 0.001) G_GAN_ViT: 0.490 D_real_ViT: 0.255 D_fake_ViT: 0.144 global: 0.507 spatial: 0.113 
(epoch: 24, iters: 1960, time: 0.488, data: 0.001) G_GAN_ViT: 0.427 D_real_ViT: 0.145 D_fake_ViT: 0.180 global: 0.611 spatial: 0.168 
(epoch: 24, iters: 2060, time: 0.488, data: 0.001) G_GAN_ViT: 0.363 D_real_ViT: 0.211 D_fake_ViT: 0.190 global: 0.442 spatial: 0.094 
(epoch: 24, iters: 2160, time: 0.489, data: 0.001) G_GAN_ViT: 0.301 D_real_ViT: 0.222 D_fake_ViT: 0.248 global: 0.338 spatial: 0.097 
(epoch: 24, iters: 2260, time: 0.489, data: 0.001) G_GAN_ViT: 0.388 D_real_ViT: 0.156 D_fake_ViT: 0.181 global: 0.460 spatial: 0.098 
(epoch: 24, iters: 2360, time: 0.489, data: 0.001) G_GAN_ViT: 0.391 D_real_ViT: 0.228 D_fake_ViT: 0.180 global: 0.491 spatial: 0.106 
(epoch: 24, iters: 2460, time: 0.488, data: 0.001) G_GAN_ViT: 0.475 D_real_ViT: 0.120 D_fake_ViT: 0.143 global: 0.471 spatial: 0.127 
(epoch: 24, iters: 2560, time: 0.489, data: 0.001) G_GAN_ViT: 0.337 D_real_ViT: 0.257 D_fake_ViT: 0.220 global: 0.444 spatial: 0.098 
(epoch: 24, iters: 2660, time: 0.488, data: 0.001) G_GAN_ViT: 0.386 D_real_ViT: 0.200 D_fake_ViT: 0.200 global: 0.531 spatial: 0.105 
(epoch: 24, iters: 2760, time: 0.488, data: 0.001) G_GAN_ViT: 0.336 D_real_ViT: 0.205 D_fake_ViT: 0.233 global: 0.375 spatial: 0.099 
(epoch: 24, iters: 2860, time: 0.488, data: 0.001) G_GAN_ViT: 0.292 D_real_ViT: 0.241 D_fake_ViT: 0.277 global: 0.529 spatial: 0.091 
(epoch: 24, iters: 2960, time: 0.488, data: 0.001) G_GAN_ViT: 0.427 D_real_ViT: 0.251 D_fake_ViT: 0.161 global: 0.391 spatial: 0.092 
(epoch: 24, iters: 3060, time: 0.488, data: 0.001) G_GAN_ViT: 0.387 D_real_ViT: 0.308 D_fake_ViT: 0.196 global: 0.624 spatial: 0.168 
(epoch: 24, iters: 3160, time: 0.487, data: 0.001) G_GAN_ViT: 0.649 D_real_ViT: 0.258 D_fake_ViT: 0.108 global: 0.571 spatial: 0.151 
saving the latest model (epoch 24, total_iters 120000)
IRVI_single_monitor
(epoch: 24, iters: 3260, time: 0.488, data: 0.002) G_GAN_ViT: 0.364 D_real_ViT: 0.227 D_fake_ViT: 0.198 global: 0.557 spatial: 0.095 
(epoch: 24, iters: 3360, time: 0.488, data: 0.001) G_GAN_ViT: 0.407 D_real_ViT: 0.211 D_fake_ViT: 0.166 global: 0.396 spatial: 0.098 
(epoch: 24, iters: 3460, time: 0.488, data: 0.001) G_GAN_ViT: 0.349 D_real_ViT: 0.112 D_fake_ViT: 0.222 global: 0.459 spatial: 0.105 
(epoch: 24, iters: 3560, time: 0.488, data: 0.001) G_GAN_ViT: 0.366 D_real_ViT: 0.204 D_fake_ViT: 0.198 global: 0.457 spatial: 0.097 
(epoch: 24, iters: 3660, time: 0.489, data: 0.001) G_GAN_ViT: 0.398 D_real_ViT: 0.204 D_fake_ViT: 0.192 global: 0.316 spatial: 0.086 
(epoch: 24, iters: 3760, time: 0.488, data: 0.001) G_GAN_ViT: 0.286 D_real_ViT: 0.235 D_fake_ViT: 0.282 global: 0.439 spatial: 0.104 
(epoch: 24, iters: 3860, time: 0.489, data: 0.001) G_GAN_ViT: 0.338 D_real_ViT: 0.243 D_fake_ViT: 0.216 global: 0.482 spatial: 0.100 
(epoch: 24, iters: 3960, time: 0.489, data: 0.001) G_GAN_ViT: 0.371 D_real_ViT: 0.040 D_fake_ViT: 0.203 global: 0.418 spatial: 0.086 
(epoch: 24, iters: 4060, time: 0.489, data: 0.003) G_GAN_ViT: 0.523 D_real_ViT: 0.270 D_fake_ViT: 0.123 global: 0.378 spatial: 0.095 
(epoch: 24, iters: 4160, time: 0.489, data: 0.001) G_GAN_ViT: 0.407 D_real_ViT: 0.226 D_fake_ViT: 0.172 global: 0.493 spatial: 0.105 
(epoch: 24, iters: 4260, time: 0.489, data: 0.001) G_GAN_ViT: 0.378 D_real_ViT: 0.215 D_fake_ViT: 0.208 global: 0.485 spatial: 0.117 
(epoch: 24, iters: 4360, time: 0.489, data: 0.001) G_GAN_ViT: 0.373 D_real_ViT: 0.200 D_fake_ViT: 0.201 global: 0.362 spatial: 0.096 
(epoch: 24, iters: 4460, time: 0.489, data: 0.001) G_GAN_ViT: 0.431 D_real_ViT: 0.138 D_fake_ViT: 0.179 global: 0.620 spatial: 0.178 
(epoch: 24, iters: 4560, time: 0.489, data: 0.001) G_GAN_ViT: 0.393 D_real_ViT: 0.188 D_fake_ViT: 0.187 global: 0.367 spatial: 0.107 
(epoch: 24, iters: 4660, time: 0.489, data: 0.001) G_GAN_ViT: 0.455 D_real_ViT: 0.272 D_fake_ViT: 0.175 global: 0.651 spatial: 0.151 
(epoch: 24, iters: 4760, time: 0.488, data: 0.001) G_GAN_ViT: 0.431 D_real_ViT: 0.265 D_fake_ViT: 0.161 global: 0.338 spatial: 0.075 
(epoch: 24, iters: 4860, time: 0.489, data: 0.005) G_GAN_ViT: 0.364 D_real_ViT: 0.119 D_fake_ViT: 0.207 global: 0.504 spatial: 0.099 
(epoch: 24, iters: 4960, time: 0.489, data: 0.001) G_GAN_ViT: 0.281 D_real_ViT: 0.214 D_fake_ViT: 0.292 global: 0.331 spatial: 0.065 
(epoch: 24, iters: 5060, time: 0.489, data: 0.001) G_GAN_ViT: 0.343 D_real_ViT: 0.205 D_fake_ViT: 0.244 global: 0.304 spatial: 0.092 
End of epoch 24 / 100 	 Time Taken: 2490 sec
learning rate = 0.0000100
(epoch: 25, iters: 80, time: 0.489, data: 0.002) G_GAN_ViT: 0.417 D_real_ViT: 0.257 D_fake_ViT: 0.179 global: 0.494 spatial: 0.122 
(epoch: 25, iters: 180, time: 0.489, data: 0.001) G_GAN_ViT: 0.373 D_real_ViT: 0.257 D_fake_ViT: 0.204 global: 0.482 spatial: 0.115 
(epoch: 25, iters: 280, time: 0.489, data: 0.001) G_GAN_ViT: 0.282 D_real_ViT: 0.141 D_fake_ViT: 0.264 global: 0.304 spatial: 0.083 
(epoch: 25, iters: 380, time: 0.489, data: 0.001) G_GAN_ViT: 0.595 D_real_ViT: 0.277 D_fake_ViT: 0.126 global: 0.398 spatial: 0.070 
(epoch: 25, iters: 480, time: 0.488, data: 0.001) G_GAN_ViT: 0.453 D_real_ViT: 0.251 D_fake_ViT: 0.155 global: 0.400 spatial: 0.089 
(epoch: 25, iters: 580, time: 0.488, data: 0.001) G_GAN_ViT: 0.343 D_real_ViT: 0.146 D_fake_ViT: 0.216 global: 0.438 spatial: 0.094 
(epoch: 25, iters: 680, time: 0.488, data: 0.001) G_GAN_ViT: 0.521 D_real_ViT: 0.256 D_fake_ViT: 0.127 global: 0.425 spatial: 0.095 
(epoch: 25, iters: 780, time: 0.488, data: 0.001) G_GAN_ViT: 0.367 D_real_ViT: 0.138 D_fake_ViT: 0.209 global: 0.470 spatial: 0.119 
(epoch: 25, iters: 880, time: 0.488, data: 0.001) G_GAN_ViT: 0.408 D_real_ViT: 0.189 D_fake_ViT: 0.196 global: 0.413 spatial: 0.084 
(epoch: 25, iters: 980, time: 0.489, data: 0.002) G_GAN_ViT: 0.401 D_real_ViT: 0.174 D_fake_ViT: 0.172 global: 0.387 spatial: 0.093 
(epoch: 25, iters: 1080, time: 0.488, data: 0.001) G_GAN_ViT: 0.327 D_real_ViT: 0.164 D_fake_ViT: 0.223 global: 0.463 spatial: 0.084 
(epoch: 25, iters: 1180, time: 0.489, data: 0.001) G_GAN_ViT: 0.433 D_real_ViT: 0.169 D_fake_ViT: 0.174 global: 0.332 spatial: 0.078 
(epoch: 25, iters: 1280, time: 0.488, data: 0.001) G_GAN_ViT: 0.238 D_real_ViT: 0.202 D_fake_ViT: 0.362 global: 0.606 spatial: 0.147 
(epoch: 25, iters: 1380, time: 0.488, data: 0.001) G_GAN_ViT: 0.403 D_real_ViT: 0.168 D_fake_ViT: 0.190 global: 0.630 spatial: 0.175 
(epoch: 25, iters: 1480, time: 0.488, data: 0.001) G_GAN_ViT: 0.386 D_real_ViT: 0.134 D_fake_ViT: 0.215 global: 0.641 spatial: 0.149 
(epoch: 25, iters: 1580, time: 0.489, data: 0.001) G_GAN_ViT: 0.402 D_real_ViT: 0.194 D_fake_ViT: 0.210 global: 0.648 spatial: 0.152 
(epoch: 25, iters: 1680, time: 0.489, data: 0.001) G_GAN_ViT: 0.355 D_real_ViT: 0.206 D_fake_ViT: 0.235 global: 0.560 spatial: 0.157 
(epoch: 25, iters: 1780, time: 0.488, data: 0.001) G_GAN_ViT: 0.430 D_real_ViT: 0.209 D_fake_ViT: 0.182 global: 0.532 spatial: 0.123 
(epoch: 25, iters: 1880, time: 0.488, data: 0.001) G_GAN_ViT: 0.468 D_real_ViT: 0.229 D_fake_ViT: 0.147 global: 0.610 spatial: 0.175 
(epoch: 25, iters: 1980, time: 0.488, data: 0.001) G_GAN_ViT: 0.357 D_real_ViT: 0.030 D_fake_ViT: 0.235 global: 0.615 spatial: 0.168 
(epoch: 25, iters: 2080, time: 0.488, data: 0.001) G_GAN_ViT: 0.338 D_real_ViT: 0.273 D_fake_ViT: 0.252 global: 0.611 spatial: 0.166 
(epoch: 25, iters: 2180, time: 0.488, data: 0.001) G_GAN_ViT: 0.316 D_real_ViT: 0.165 D_fake_ViT: 0.234 global: 0.295 spatial: 0.087 
(epoch: 25, iters: 2280, time: 0.488, data: 0.001) G_GAN_ViT: 0.345 D_real_ViT: 0.102 D_fake_ViT: 0.233 global: 0.459 spatial: 0.099 
(epoch: 25, iters: 2380, time: 0.488, data: 0.001) G_GAN_ViT: 0.333 D_real_ViT: 0.252 D_fake_ViT: 0.217 global: 0.430 spatial: 0.087 
(epoch: 25, iters: 2480, time: 0.488, data: 0.001) G_GAN_ViT: 0.462 D_real_ViT: 0.233 D_fake_ViT: 0.149 global: 0.617 spatial: 0.178 
(epoch: 25, iters: 2580, time: 0.487, data: 0.001) G_GAN_ViT: 0.411 D_real_ViT: 0.209 D_fake_ViT: 0.195 global: 0.438 spatial: 0.112 
(epoch: 25, iters: 2680, time: 0.487, data: 0.001) G_GAN_ViT: 0.371 D_real_ViT: 0.244 D_fake_ViT: 0.213 global: 0.627 spatial: 0.170 
(epoch: 25, iters: 2780, time: 0.487, data: 0.001) G_GAN_ViT: 0.519 D_real_ViT: 0.204 D_fake_ViT: 0.147 global: 0.401 spatial: 0.104 
(epoch: 25, iters: 2880, time: 0.487, data: 0.001) G_GAN_ViT: 0.378 D_real_ViT: 0.251 D_fake_ViT: 0.210 global: 0.335 spatial: 0.075 
(epoch: 25, iters: 2980, time: 0.488, data: 0.001) G_GAN_ViT: 0.286 D_real_ViT: 0.221 D_fake_ViT: 0.263 global: 0.278 spatial: 0.083 
(epoch: 25, iters: 3080, time: 0.487, data: 0.001) G_GAN_ViT: 0.341 D_real_ViT: 0.147 D_fake_ViT: 0.237 global: 0.408 spatial: 0.079 
saving the latest model (epoch 25, total_iters 125000)
IRVI_single_monitor
(epoch: 25, iters: 3180, time: 0.488, data: 0.001) G_GAN_ViT: 0.353 D_real_ViT: 0.208 D_fake_ViT: 0.211 global: 0.445 spatial: 0.082 
(epoch: 25, iters: 3280, time: 0.487, data: 0.001) G_GAN_ViT: 0.330 D_real_ViT: 0.164 D_fake_ViT: 0.240 global: 0.385 spatial: 0.085 
(epoch: 25, iters: 3380, time: 0.488, data: 0.001) G_GAN_ViT: 0.496 D_real_ViT: 0.228 D_fake_ViT: 0.134 global: 0.443 spatial: 0.119 
(epoch: 25, iters: 3480, time: 0.488, data: 0.001) G_GAN_ViT: 0.376 D_real_ViT: 0.106 D_fake_ViT: 0.216 global: 0.494 spatial: 0.119 
(epoch: 25, iters: 3580, time: 0.488, data: 0.001) G_GAN_ViT: 0.319 D_real_ViT: 0.185 D_fake_ViT: 0.257 global: 0.628 spatial: 0.167 
(epoch: 25, iters: 3680, time: 0.488, data: 0.002) G_GAN_ViT: 0.357 D_real_ViT: 0.143 D_fake_ViT: 0.226 global: 0.465 spatial: 0.110 
(epoch: 25, iters: 3780, time: 0.488, data: 0.003) G_GAN_ViT: 0.477 D_real_ViT: 0.190 D_fake_ViT: 0.184 global: 0.513 spatial: 0.136 
(epoch: 25, iters: 3880, time: 0.489, data: 0.001) G_GAN_ViT: 0.406 D_real_ViT: 0.169 D_fake_ViT: 0.181 global: 0.331 spatial: 0.068 
(epoch: 25, iters: 3980, time: 0.489, data: 0.001) G_GAN_ViT: 0.451 D_real_ViT: 0.244 D_fake_ViT: 0.165 global: 0.633 spatial: 0.174 
(epoch: 25, iters: 4080, time: 0.488, data: 0.001) G_GAN_ViT: 0.430 D_real_ViT: 0.240 D_fake_ViT: 0.161 global: 0.553 spatial: 0.089 
(epoch: 25, iters: 4180, time: 0.488, data: 0.004) G_GAN_ViT: 0.354 D_real_ViT: 0.194 D_fake_ViT: 0.240 global: 0.361 spatial: 0.095 
(epoch: 25, iters: 4280, time: 0.489, data: 0.001) G_GAN_ViT: 0.402 D_real_ViT: 0.221 D_fake_ViT: 0.181 global: 0.477 spatial: 0.117 
(epoch: 25, iters: 4380, time: 0.489, data: 0.001) G_GAN_ViT: 0.361 D_real_ViT: 0.044 D_fake_ViT: 0.215 global: 0.474 spatial: 0.086 
(epoch: 25, iters: 4480, time: 0.489, data: 0.001) G_GAN_ViT: 0.416 D_real_ViT: 0.169 D_fake_ViT: 0.169 global: 0.454 spatial: 0.093 
(epoch: 25, iters: 4580, time: 0.489, data: 0.002) G_GAN_ViT: 0.537 D_real_ViT: 0.230 D_fake_ViT: 0.128 global: 0.533 spatial: 0.135 
(epoch: 25, iters: 4680, time: 0.488, data: 0.001) G_GAN_ViT: 0.359 D_real_ViT: 0.345 D_fake_ViT: 0.215 global: 0.329 spatial: 0.079 
(epoch: 25, iters: 4780, time: 0.488, data: 0.001) G_GAN_ViT: 0.466 D_real_ViT: 0.211 D_fake_ViT: 0.157 global: 0.410 spatial: 0.091 
(epoch: 25, iters: 4880, time: 0.488, data: 0.001) G_GAN_ViT: 0.284 D_real_ViT: 0.136 D_fake_ViT: 0.268 global: 0.420 spatial: 0.070 
(epoch: 25, iters: 4980, time: 0.488, data: 0.001) G_GAN_ViT: 0.365 D_real_ViT: 0.174 D_fake_ViT: 0.197 global: 0.430 spatial: 0.098 
(epoch: 25, iters: 5080, time: 0.488, data: 0.001) G_GAN_ViT: 0.334 D_real_ViT: 0.182 D_fake_ViT: 0.239 global: 0.408 spatial: 0.107 
saving the model at the end of epoch 25, iters 127000
End of epoch 25 / 100 	 Time Taken: 2489 sec
learning rate = 0.0000100
(epoch: 26, iters: 100, time: 0.488, data: 0.153) G_GAN_ViT: 0.368 D_real_ViT: 0.231 D_fake_ViT: 0.223 global: 0.347 spatial: 0.089 
(epoch: 26, iters: 200, time: 0.488, data: 0.001) G_GAN_ViT: 0.421 D_real_ViT: 0.216 D_fake_ViT: 0.178 global: 0.641 spatial: 0.167 
(epoch: 26, iters: 300, time: 0.488, data: 0.001) G_GAN_ViT: 0.268 D_real_ViT: 0.171 D_fake_ViT: 0.292 global: 0.421 spatial: 0.079 
(epoch: 26, iters: 400, time: 0.489, data: 0.001) G_GAN_ViT: 0.310 D_real_ViT: 0.148 D_fake_ViT: 0.264 global: 0.616 spatial: 0.156 
(epoch: 26, iters: 500, time: 0.489, data: 0.001) G_GAN_ViT: 0.370 D_real_ViT: 0.258 D_fake_ViT: 0.214 global: 0.449 spatial: 0.114 
(epoch: 26, iters: 600, time: 0.488, data: 0.001) G_GAN_ViT: 0.331 D_real_ViT: 0.221 D_fake_ViT: 0.238 global: 0.389 spatial: 0.071 
(epoch: 26, iters: 700, time: 0.488, data: 0.001) G_GAN_ViT: 0.428 D_real_ViT: 0.206 D_fake_ViT: 0.185 global: 0.660 spatial: 0.157 
(epoch: 26, iters: 800, time: 0.489, data: 0.001) G_GAN_ViT: 0.455 D_real_ViT: 0.153 D_fake_ViT: 0.159 global: 0.337 spatial: 0.081 
(epoch: 26, iters: 900, time: 0.488, data: 0.001) G_GAN_ViT: 0.418 D_real_ViT: 0.219 D_fake_ViT: 0.170 global: 0.550 spatial: 0.093 
(epoch: 26, iters: 1000, time: 0.488, data: 0.001) G_GAN_ViT: 0.359 D_real_ViT: 0.189 D_fake_ViT: 0.214 global: 0.643 spatial: 0.168 
(epoch: 26, iters: 1100, time: 0.488, data: 0.001) G_GAN_ViT: 0.427 D_real_ViT: 0.271 D_fake_ViT: 0.174 global: 0.499 spatial: 0.123 
(epoch: 26, iters: 1200, time: 0.488, data: 0.001) G_GAN_ViT: 0.333 D_real_ViT: 0.200 D_fake_ViT: 0.236 global: 0.364 spatial: 0.088 
(epoch: 26, iters: 1300, time: 0.488, data: 0.001) G_GAN_ViT: 0.321 D_real_ViT: 0.223 D_fake_ViT: 0.238 global: 0.610 spatial: 0.103 
(epoch: 26, iters: 1400, time: 0.488, data: 0.001) G_GAN_ViT: 0.359 D_real_ViT: 0.285 D_fake_ViT: 0.210 global: 0.390 spatial: 0.108 
(epoch: 26, iters: 1500, time: 0.489, data: 0.002) G_GAN_ViT: 0.526 D_real_ViT: 0.142 D_fake_ViT: 0.141 global: 0.464 spatial: 0.107 
(epoch: 26, iters: 1600, time: 0.489, data: 0.001) G_GAN_ViT: 0.375 D_real_ViT: 0.274 D_fake_ViT: 0.189 global: 0.350 spatial: 0.085 
(epoch: 26, iters: 1700, time: 0.487, data: 0.001) G_GAN_ViT: 0.365 D_real_ViT: 0.242 D_fake_ViT: 0.208 global: 0.463 spatial: 0.127 
(epoch: 26, iters: 1800, time: 0.487, data: 0.001) G_GAN_ViT: 0.390 D_real_ViT: 0.169 D_fake_ViT: 0.212 global: 0.602 spatial: 0.162 
(epoch: 26, iters: 1900, time: 0.487, data: 0.001) G_GAN_ViT: 0.335 D_real_ViT: 0.192 D_fake_ViT: 0.240 global: 0.386 spatial: 0.084 
(epoch: 26, iters: 2000, time: 0.488, data: 0.001) G_GAN_ViT: 0.333 D_real_ViT: 0.276 D_fake_ViT: 0.228 global: 0.512 spatial: 0.097 
(epoch: 26, iters: 2100, time: 0.488, data: 0.001) G_GAN_ViT: 0.400 D_real_ViT: 0.228 D_fake_ViT: 0.214 global: 0.631 spatial: 0.165 
(epoch: 26, iters: 2200, time: 0.488, data: 0.002) G_GAN_ViT: 0.363 D_real_ViT: 0.195 D_fake_ViT: 0.214 global: 0.644 spatial: 0.171 
(epoch: 26, iters: 2300, time: 0.488, data: 0.001) G_GAN_ViT: 0.260 D_real_ViT: 0.210 D_fake_ViT: 0.296 global: 0.343 spatial: 0.083 
(epoch: 26, iters: 2400, time: 0.487, data: 0.001) G_GAN_ViT: 0.359 D_real_ViT: 0.173 D_fake_ViT: 0.202 global: 0.353 spatial: 0.095 
(epoch: 26, iters: 2500, time: 0.488, data: 0.001) G_GAN_ViT: 0.313 D_real_ViT: 0.144 D_fake_ViT: 0.249 global: 0.425 spatial: 0.112 
(epoch: 26, iters: 2600, time: 0.488, data: 0.001) G_GAN_ViT: 0.336 D_real_ViT: 0.219 D_fake_ViT: 0.217 global: 0.383 spatial: 0.079 
(epoch: 26, iters: 2700, time: 0.489, data: 0.001) G_GAN_ViT: 0.372 D_real_ViT: 0.240 D_fake_ViT: 0.213 global: 0.357 spatial: 0.081 
(epoch: 26, iters: 2800, time: 0.489, data: 0.001) G_GAN_ViT: 0.284 D_real_ViT: 0.258 D_fake_ViT: 0.275 global: 0.421 spatial: 0.104 
(epoch: 26, iters: 2900, time: 0.489, data: 0.001) G_GAN_ViT: 0.383 D_real_ViT: 0.229 D_fake_ViT: 0.190 global: 0.400 spatial: 0.088 
(epoch: 26, iters: 3000, time: 0.488, data: 0.002) G_GAN_ViT: 0.354 D_real_ViT: 0.248 D_fake_ViT: 0.213 global: 0.349 spatial: 0.081 
saving the latest model (epoch 26, total_iters 130000)
IRVI_single_monitor
(epoch: 26, iters: 3100, time: 0.488, data: 0.001) G_GAN_ViT: 0.338 D_real_ViT: 0.118 D_fake_ViT: 0.229 global: 0.626 spatial: 0.115 
(epoch: 26, iters: 3200, time: 0.488, data: 0.001) G_GAN_ViT: 0.417 D_real_ViT: 0.269 D_fake_ViT: 0.183 global: 0.514 spatial: 0.131 
(epoch: 26, iters: 3300, time: 0.488, data: 0.001) G_GAN_ViT: 0.415 D_real_ViT: 0.333 D_fake_ViT: 0.164 global: 0.431 spatial: 0.093 
(epoch: 26, iters: 3400, time: 0.489, data: 0.001) G_GAN_ViT: 0.340 D_real_ViT: 0.161 D_fake_ViT: 0.229 global: 0.532 spatial: 0.092 
(epoch: 26, iters: 3500, time: 0.489, data: 0.001) G_GAN_ViT: 0.285 D_real_ViT: 0.049 D_fake_ViT: 0.275 global: 0.436 spatial: 0.087 
(epoch: 26, iters: 3600, time: 0.489, data: 0.001) G_GAN_ViT: 0.464 D_real_ViT: 0.190 D_fake_ViT: 0.154 global: 0.310 spatial: 0.065 
(epoch: 26, iters: 3700, time: 0.489, data: 0.001) G_GAN_ViT: 0.401 D_real_ViT: 0.251 D_fake_ViT: 0.189 global: 0.498 spatial: 0.112 
(epoch: 26, iters: 3800, time: 0.489, data: 0.001) G_GAN_ViT: 0.276 D_real_ViT: 0.249 D_fake_ViT: 0.274 global: 0.290 spatial: 0.074 
(epoch: 26, iters: 3900, time: 0.490, data: 0.001) G_GAN_ViT: 0.410 D_real_ViT: 0.244 D_fake_ViT: 0.218 global: 0.612 spatial: 0.153 
(epoch: 26, iters: 4000, time: 0.490, data: 0.001) G_GAN_ViT: 0.384 D_real_ViT: 0.241 D_fake_ViT: 0.188 global: 0.424 spatial: 0.081 
(epoch: 26, iters: 4100, time: 0.490, data: 0.001) G_GAN_ViT: 0.403 D_real_ViT: 0.233 D_fake_ViT: 0.171 global: 0.382 spatial: 0.092 
(epoch: 26, iters: 4200, time: 0.490, data: 0.001) G_GAN_ViT: 0.393 D_real_ViT: 0.143 D_fake_ViT: 0.191 global: 0.482 spatial: 0.113 
(epoch: 26, iters: 4300, time: 0.490, data: 0.001) G_GAN_ViT: 0.371 D_real_ViT: 0.040 D_fake_ViT: 0.197 global: 0.401 spatial: 0.095 
(epoch: 26, iters: 4400, time: 0.490, data: 0.001) G_GAN_ViT: 0.402 D_real_ViT: 0.168 D_fake_ViT: 0.183 global: 0.325 spatial: 0.071 
(epoch: 26, iters: 4500, time: 0.490, data: 0.001) G_GAN_ViT: 0.532 D_real_ViT: 0.126 D_fake_ViT: 0.138 global: 0.593 spatial: 0.159 
(epoch: 26, iters: 4600, time: 0.490, data: 0.001) G_GAN_ViT: 0.338 D_real_ViT: 0.196 D_fake_ViT: 0.232 global: 0.463 spatial: 0.111 
(epoch: 26, iters: 4700, time: 0.489, data: 0.001) G_GAN_ViT: 0.298 D_real_ViT: 0.197 D_fake_ViT: 0.259 global: 0.533 spatial: 0.096 
(epoch: 26, iters: 4800, time: 0.489, data: 0.001) G_GAN_ViT: 0.351 D_real_ViT: 0.141 D_fake_ViT: 0.219 global: 0.467 spatial: 0.118 
(epoch: 26, iters: 4900, time: 0.489, data: 0.001) G_GAN_ViT: 0.334 D_real_ViT: 0.229 D_fake_ViT: 0.244 global: 0.355 spatial: 0.078 
(epoch: 26, iters: 5000, time: 0.489, data: 0.001) G_GAN_ViT: 0.368 D_real_ViT: 0.138 D_fake_ViT: 0.203 global: 0.613 spatial: 0.104 
End of epoch 26 / 100 	 Time Taken: 2490 sec
learning rate = 0.0000100
(epoch: 27, iters: 20, time: 0.490, data: 0.001) G_GAN_ViT: 0.535 D_real_ViT: 0.226 D_fake_ViT: 0.142 global: 0.529 spatial: 0.133 
(epoch: 27, iters: 120, time: 0.489, data: 0.001) G_GAN_ViT: 0.386 D_real_ViT: 0.265 D_fake_ViT: 0.192 global: 0.360 spatial: 0.083 
(epoch: 27, iters: 220, time: 0.489, data: 0.001) G_GAN_ViT: 0.304 D_real_ViT: 0.302 D_fake_ViT: 0.261 global: 0.444 spatial: 0.105 
(epoch: 27, iters: 320, time: 0.489, data: 0.001) G_GAN_ViT: 0.356 D_real_ViT: 0.231 D_fake_ViT: 0.198 global: 0.434 spatial: 0.082 
(epoch: 27, iters: 420, time: 0.489, data: 0.001) G_GAN_ViT: 0.465 D_real_ViT: 0.153 D_fake_ViT: 0.175 global: 0.638 spatial: 0.147 
(epoch: 27, iters: 520, time: 0.489, data: 0.001) G_GAN_ViT: 0.481 D_real_ViT: 0.332 D_fake_ViT: 0.134 global: 0.395 spatial: 0.081 
(epoch: 27, iters: 620, time: 0.489, data: 0.001) G_GAN_ViT: 0.350 D_real_ViT: 0.328 D_fake_ViT: 0.200 global: 0.425 spatial: 0.089 
(epoch: 27, iters: 720, time: 0.489, data: 0.001) G_GAN_ViT: 0.299 D_real_ViT: 0.248 D_fake_ViT: 0.259 global: 0.437 spatial: 0.115 
(epoch: 27, iters: 820, time: 0.489, data: 0.001) G_GAN_ViT: 0.364 D_real_ViT: 0.219 D_fake_ViT: 0.208 global: 0.445 spatial: 0.108 
(epoch: 27, iters: 920, time: 0.489, data: 0.001) G_GAN_ViT: 0.376 D_real_ViT: 0.256 D_fake_ViT: 0.203 global: 0.343 spatial: 0.078 
(epoch: 27, iters: 1020, time: 0.488, data: 0.006) G_GAN_ViT: 0.333 D_real_ViT: 0.143 D_fake_ViT: 0.258 global: 0.633 spatial: 0.159 
(epoch: 27, iters: 1120, time: 0.489, data: 0.001) G_GAN_ViT: 0.350 D_real_ViT: 0.144 D_fake_ViT: 0.212 global: 0.456 spatial: 0.093 
(epoch: 27, iters: 1220, time: 0.489, data: 0.001) G_GAN_ViT: 0.379 D_real_ViT: 0.234 D_fake_ViT: 0.200 global: 0.504 spatial: 0.098 
(epoch: 27, iters: 1320, time: 0.489, data: 0.001) G_GAN_ViT: 0.394 D_real_ViT: 0.266 D_fake_ViT: 0.171 global: 0.438 spatial: 0.095 
(epoch: 27, iters: 1420, time: 0.489, data: 0.001) G_GAN_ViT: 0.303 D_real_ViT: 0.294 D_fake_ViT: 0.248 global: 0.355 spatial: 0.073 
(epoch: 27, iters: 1520, time: 0.488, data: 0.001) G_GAN_ViT: 0.454 D_real_ViT: 0.249 D_fake_ViT: 0.157 global: 0.511 spatial: 0.123 
(epoch: 27, iters: 1620, time: 0.488, data: 0.001) G_GAN_ViT: 0.382 D_real_ViT: 0.038 D_fake_ViT: 0.200 global: 0.440 spatial: 0.118 
(epoch: 27, iters: 1720, time: 0.488, data: 0.001) G_GAN_ViT: 0.412 D_real_ViT: 0.295 D_fake_ViT: 0.175 global: 0.562 spatial: 0.113 
(epoch: 27, iters: 1820, time: 0.488, data: 0.001) G_GAN_ViT: 0.404 D_real_ViT: 0.126 D_fake_ViT: 0.187 global: 0.393 spatial: 0.083 
(epoch: 27, iters: 1920, time: 0.488, data: 0.001) G_GAN_ViT: 0.477 D_real_ViT: 0.269 D_fake_ViT: 0.149 global: 0.382 spatial: 0.089 
(epoch: 27, iters: 2020, time: 0.489, data: 0.001) G_GAN_ViT: 0.289 D_real_ViT: 0.195 D_fake_ViT: 0.258 global: 0.321 spatial: 0.086 
(epoch: 27, iters: 2120, time: 0.488, data: 0.001) G_GAN_ViT: 0.417 D_real_ViT: 0.199 D_fake_ViT: 0.169 global: 0.448 spatial: 0.124 
(epoch: 27, iters: 2220, time: 0.487, data: 0.004) G_GAN_ViT: 0.471 D_real_ViT: 0.225 D_fake_ViT: 0.190 global: 0.570 spatial: 0.144 
(epoch: 27, iters: 2320, time: 0.487, data: 0.001) G_GAN_ViT: 0.448 D_real_ViT: 0.222 D_fake_ViT: 0.155 global: 0.485 spatial: 0.126 
(epoch: 27, iters: 2420, time: 0.488, data: 0.001) G_GAN_ViT: 0.337 D_real_ViT: 0.310 D_fake_ViT: 0.245 global: 0.596 spatial: 0.163 
(epoch: 27, iters: 2520, time: 0.488, data: 0.001) G_GAN_ViT: 0.374 D_real_ViT: 0.271 D_fake_ViT: 0.207 global: 0.339 spatial: 0.082 
(epoch: 27, iters: 2620, time: 0.488, data: 0.001) G_GAN_ViT: 0.287 D_real_ViT: 0.248 D_fake_ViT: 0.272 global: 0.375 spatial: 0.089 
(epoch: 27, iters: 2720, time: 0.488, data: 0.001) G_GAN_ViT: 0.360 D_real_ViT: 0.210 D_fake_ViT: 0.197 global: 0.448 spatial: 0.096 
(epoch: 27, iters: 2820, time: 0.489, data: 0.001) G_GAN_ViT: 0.383 D_real_ViT: 0.139 D_fake_ViT: 0.205 global: 0.654 spatial: 0.159 
(epoch: 27, iters: 2920, time: 0.488, data: 0.005) G_GAN_ViT: 0.472 D_real_ViT: 0.249 D_fake_ViT: 0.137 global: 0.504 spatial: 0.134 
saving the latest model (epoch 27, total_iters 135000)
IRVI_single_monitor
(epoch: 27, iters: 3020, time: 0.488, data: 0.001) G_GAN_ViT: 0.329 D_real_ViT: 0.262 D_fake_ViT: 0.223 global: 0.436 spatial: 0.078 
(epoch: 27, iters: 3120, time: 0.488, data: 0.001) G_GAN_ViT: 0.318 D_real_ViT: 0.292 D_fake_ViT: 0.247 global: 0.317 spatial: 0.093 
(epoch: 27, iters: 3220, time: 0.488, data: 0.001) G_GAN_ViT: 0.366 D_real_ViT: 0.245 D_fake_ViT: 0.191 global: 0.404 spatial: 0.101 
(epoch: 27, iters: 3320, time: 0.489, data: 0.001) G_GAN_ViT: 0.437 D_real_ViT: 0.204 D_fake_ViT: 0.171 global: 0.633 spatial: 0.169 
(epoch: 27, iters: 3420, time: 0.489, data: 0.001) G_GAN_ViT: 0.341 D_real_ViT: 0.160 D_fake_ViT: 0.209 global: 0.442 spatial: 0.097 
(epoch: 27, iters: 3520, time: 0.489, data: 0.001) G_GAN_ViT: 0.420 D_real_ViT: 0.111 D_fake_ViT: 0.179 global: 0.668 spatial: 0.173 
(epoch: 27, iters: 3620, time: 0.489, data: 0.001) G_GAN_ViT: 0.428 D_real_ViT: 0.232 D_fake_ViT: 0.171 global: 0.648 spatial: 0.174 
(epoch: 27, iters: 3720, time: 0.489, data: 0.001) G_GAN_ViT: 0.331 D_real_ViT: 0.246 D_fake_ViT: 0.220 global: 0.324 spatial: 0.064 
(epoch: 27, iters: 3820, time: 0.489, data: 0.001) G_GAN_ViT: 0.304 D_real_ViT: 0.187 D_fake_ViT: 0.273 global: 0.577 spatial: 0.092 
(epoch: 27, iters: 3920, time: 0.489, data: 0.001) G_GAN_ViT: 0.364 D_real_ViT: 0.253 D_fake_ViT: 0.206 global: 0.413 spatial: 0.079 
(epoch: 27, iters: 4020, time: 0.489, data: 0.001) G_GAN_ViT: 0.425 D_real_ViT: 0.236 D_fake_ViT: 0.169 global: 0.348 spatial: 0.080 
(epoch: 27, iters: 4120, time: 0.489, data: 0.001) G_GAN_ViT: 0.338 D_real_ViT: 0.045 D_fake_ViT: 0.260 global: 0.653 spatial: 0.142 
(epoch: 27, iters: 4220, time: 0.489, data: 0.002) G_GAN_ViT: 0.410 D_real_ViT: 0.366 D_fake_ViT: 0.173 global: 0.400 spatial: 0.087 
(epoch: 27, iters: 4320, time: 0.489, data: 0.002) G_GAN_ViT: 0.256 D_real_ViT: 0.223 D_fake_ViT: 0.329 global: 0.529 spatial: 0.094 
(epoch: 27, iters: 4420, time: 0.489, data: 0.001) G_GAN_ViT: 0.292 D_real_ViT: 0.043 D_fake_ViT: 0.282 global: 0.469 spatial: 0.096 
(epoch: 27, iters: 4520, time: 0.489, data: 0.001) G_GAN_ViT: 0.283 D_real_ViT: 0.258 D_fake_ViT: 0.299 global: 0.630 spatial: 0.152 
(epoch: 27, iters: 4620, time: 0.489, data: 0.001) G_GAN_ViT: 0.443 D_real_ViT: 0.234 D_fake_ViT: 0.172 global: 0.402 spatial: 0.094 
(epoch: 27, iters: 4720, time: 0.489, data: 0.002) G_GAN_ViT: 0.378 D_real_ViT: 0.186 D_fake_ViT: 0.187 global: 0.455 spatial: 0.095 
(epoch: 27, iters: 4820, time: 0.489, data: 0.001) G_GAN_ViT: 0.460 D_real_ViT: 0.241 D_fake_ViT: 0.139 global: 0.414 spatial: 0.092 
(epoch: 27, iters: 4920, time: 0.489, data: 0.001) G_GAN_ViT: 0.392 D_real_ViT: 0.211 D_fake_ViT: 0.192 global: 0.489 spatial: 0.095 
(epoch: 27, iters: 5020, time: 0.489, data: 0.001) G_GAN_ViT: 0.519 D_real_ViT: 0.117 D_fake_ViT: 0.147 global: 0.527 spatial: 0.131 
End of epoch 27 / 100 	 Time Taken: 2490 sec
learning rate = 0.0000100
(epoch: 28, iters: 40, time: 0.489, data: 0.001) G_GAN_ViT: 0.352 D_real_ViT: 0.130 D_fake_ViT: 0.211 global: 0.555 spatial: 0.097 
(epoch: 28, iters: 140, time: 0.489, data: 0.001) G_GAN_ViT: 0.307 D_real_ViT: 0.129 D_fake_ViT: 0.273 global: 0.494 spatial: 0.090 
(epoch: 28, iters: 240, time: 0.489, data: 0.001) G_GAN_ViT: 0.245 D_real_ViT: 0.219 D_fake_ViT: 0.328 global: 0.496 spatial: 0.090 
(epoch: 28, iters: 340, time: 0.489, data: 0.001) G_GAN_ViT: 0.362 D_real_ViT: 0.310 D_fake_ViT: 0.197 global: 0.354 spatial: 0.086 
(epoch: 28, iters: 440, time: 0.489, data: 0.001) G_GAN_ViT: 0.351 D_real_ViT: 0.192 D_fake_ViT: 0.236 global: 0.642 spatial: 0.157 
(epoch: 28, iters: 540, time: 0.489, data: 0.001) G_GAN_ViT: 0.314 D_real_ViT: 0.163 D_fake_ViT: 0.287 global: 0.625 spatial: 0.145 
(epoch: 28, iters: 640, time: 0.489, data: 0.001) G_GAN_ViT: 0.459 D_real_ViT: 0.231 D_fake_ViT: 0.172 global: 0.631 spatial: 0.169 
(epoch: 28, iters: 740, time: 0.489, data: 0.001) G_GAN_ViT: 0.373 D_real_ViT: 0.264 D_fake_ViT: 0.212 global: 0.571 spatial: 0.162 
(epoch: 28, iters: 840, time: 0.489, data: 0.001) G_GAN_ViT: 0.336 D_real_ViT: 0.256 D_fake_ViT: 0.230 global: 0.454 spatial: 0.106 
(epoch: 28, iters: 940, time: 0.489, data: 0.001) G_GAN_ViT: 0.360 D_real_ViT: 0.351 D_fake_ViT: 0.209 global: 0.462 spatial: 0.101 
(epoch: 28, iters: 1040, time: 0.489, data: 0.001) G_GAN_ViT: 0.398 D_real_ViT: 0.213 D_fake_ViT: 0.197 global: 0.482 spatial: 0.108 
(epoch: 28, iters: 1140, time: 0.489, data: 0.001) G_GAN_ViT: 0.413 D_real_ViT: 0.173 D_fake_ViT: 0.176 global: 0.472 spatial: 0.114 
(epoch: 28, iters: 1240, time: 0.489, data: 0.001) G_GAN_ViT: 0.415 D_real_ViT: 0.049 D_fake_ViT: 0.175 global: 0.490 spatial: 0.095 
(epoch: 28, iters: 1340, time: 0.489, data: 0.001) G_GAN_ViT: 0.351 D_real_ViT: 0.124 D_fake_ViT: 0.226 global: 0.323 spatial: 0.068 
(epoch: 28, iters: 1440, time: 0.487, data: 0.001) G_GAN_ViT: 0.301 D_real_ViT: 0.214 D_fake_ViT: 0.242 global: 0.456 spatial: 0.095 
(epoch: 28, iters: 1540, time: 0.488, data: 0.001) G_GAN_ViT: 0.346 D_real_ViT: 0.170 D_fake_ViT: 0.232 global: 0.409 spatial: 0.083 
(epoch: 28, iters: 1640, time: 0.488, data: 0.001) G_GAN_ViT: 0.428 D_real_ViT: 0.189 D_fake_ViT: 0.163 global: 0.652 spatial: 0.172 
(epoch: 28, iters: 1740, time: 0.489, data: 0.001) G_GAN_ViT: 0.420 D_real_ViT: 0.229 D_fake_ViT: 0.167 global: 0.604 spatial: 0.168 
(epoch: 28, iters: 1840, time: 0.489, data: 0.001) G_GAN_ViT: 0.389 D_real_ViT: 0.357 D_fake_ViT: 0.178 global: 0.438 spatial: 0.087 
(epoch: 28, iters: 1940, time: 0.489, data: 0.001) G_GAN_ViT: 0.492 D_real_ViT: 0.206 D_fake_ViT: 0.174 global: 0.623 spatial: 0.153 
(epoch: 28, iters: 2040, time: 0.489, data: 0.001) G_GAN_ViT: 0.251 D_real_ViT: 0.235 D_fake_ViT: 0.327 global: 0.314 spatial: 0.080 
(epoch: 28, iters: 2140, time: 0.488, data: 0.001) G_GAN_ViT: 0.304 D_real_ViT: 0.230 D_fake_ViT: 0.259 global: 0.461 spatial: 0.115 
(epoch: 28, iters: 2240, time: 0.489, data: 0.001) G_GAN_ViT: 0.408 D_real_ViT: 0.193 D_fake_ViT: 0.179 global: 0.506 spatial: 0.093 
(epoch: 28, iters: 2340, time: 0.489, data: 0.001) G_GAN_ViT: 0.356 D_real_ViT: 0.268 D_fake_ViT: 0.216 global: 0.456 spatial: 0.119 
(epoch: 28, iters: 2440, time: 0.489, data: 0.001) G_GAN_ViT: 0.461 D_real_ViT: 0.144 D_fake_ViT: 0.147 global: 0.626 spatial: 0.169 
(epoch: 28, iters: 2540, time: 0.489, data: 0.001) G_GAN_ViT: 0.344 D_real_ViT: 0.255 D_fake_ViT: 0.232 global: 0.391 spatial: 0.114 
(epoch: 28, iters: 2640, time: 0.490, data: 0.001) G_GAN_ViT: 0.296 D_real_ViT: 0.159 D_fake_ViT: 0.255 global: 0.443 spatial: 0.086 
(epoch: 28, iters: 2740, time: 0.489, data: 0.001) G_GAN_ViT: 0.303 D_real_ViT: 0.210 D_fake_ViT: 0.247 global: 0.464 spatial: 0.092 
(epoch: 28, iters: 2840, time: 0.489, data: 0.001) G_GAN_ViT: 0.421 D_real_ViT: 0.207 D_fake_ViT: 0.171 global: 0.370 spatial: 0.089 
saving the latest model (epoch 28, total_iters 140000)
IRVI_single_monitor
(epoch: 28, iters: 2940, time: 0.488, data: 0.001) G_GAN_ViT: 0.372 D_real_ViT: 0.215 D_fake_ViT: 0.187 global: 0.414 spatial: 0.090 
(epoch: 28, iters: 3040, time: 0.488, data: 0.001) G_GAN_ViT: 0.422 D_real_ViT: 0.228 D_fake_ViT: 0.173 global: 0.653 spatial: 0.175 
(epoch: 28, iters: 3140, time: 0.487, data: 0.001) G_GAN_ViT: 0.427 D_real_ViT: 0.086 D_fake_ViT: 0.162 global: 0.578 spatial: 0.100 
(epoch: 28, iters: 3240, time: 0.488, data: 0.001) G_GAN_ViT: 0.318 D_real_ViT: 0.211 D_fake_ViT: 0.230 global: 0.296 spatial: 0.080 
(epoch: 28, iters: 3340, time: 0.488, data: 0.001) G_GAN_ViT: 0.422 D_real_ViT: 0.228 D_fake_ViT: 0.173 global: 0.420 spatial: 0.089 
(epoch: 28, iters: 3440, time: 0.489, data: 0.001) G_GAN_ViT: 0.404 D_real_ViT: 0.316 D_fake_ViT: 0.172 global: 0.493 spatial: 0.088 
(epoch: 28, iters: 3540, time: 0.489, data: 0.001) G_GAN_ViT: 0.427 D_real_ViT: 0.148 D_fake_ViT: 0.170 global: 0.499 spatial: 0.093 
(epoch: 28, iters: 3640, time: 0.489, data: 0.001) G_GAN_ViT: 0.354 D_real_ViT: 0.225 D_fake_ViT: 0.197 global: 0.464 spatial: 0.085 
(epoch: 28, iters: 3740, time: 0.489, data: 0.001) G_GAN_ViT: 0.454 D_real_ViT: 0.299 D_fake_ViT: 0.155 global: 0.342 spatial: 0.084 
(epoch: 28, iters: 3840, time: 0.489, data: 0.001) G_GAN_ViT: 0.379 D_real_ViT: 0.039 D_fake_ViT: 0.188 global: 0.480 spatial: 0.091 
(epoch: 28, iters: 3940, time: 0.489, data: 0.001) G_GAN_ViT: 0.288 D_real_ViT: 0.225 D_fake_ViT: 0.278 global: 0.429 spatial: 0.110 
(epoch: 28, iters: 4040, time: 0.489, data: 0.002) G_GAN_ViT: 0.404 D_real_ViT: 0.259 D_fake_ViT: 0.185 global: 0.537 spatial: 0.137 
(epoch: 28, iters: 4140, time: 0.489, data: 0.001) G_GAN_ViT: 0.291 D_real_ViT: 0.239 D_fake_ViT: 0.269 global: 0.350 spatial: 0.083 
(epoch: 28, iters: 4240, time: 0.489, data: 0.001) G_GAN_ViT: 0.358 D_real_ViT: 0.122 D_fake_ViT: 0.212 global: 0.391 spatial: 0.084 
(epoch: 28, iters: 4340, time: 0.489, data: 0.001) G_GAN_ViT: 0.415 D_real_ViT: 0.227 D_fake_ViT: 0.173 global: 0.503 spatial: 0.094 
(epoch: 28, iters: 4440, time: 0.489, data: 0.001) G_GAN_ViT: 0.255 D_real_ViT: 0.175 D_fake_ViT: 0.305 global: 0.318 spatial: 0.067 
(epoch: 28, iters: 4540, time: 0.489, data: 0.001) G_GAN_ViT: 0.341 D_real_ViT: 0.260 D_fake_ViT: 0.213 global: 0.429 spatial: 0.103 
(epoch: 28, iters: 4640, time: 0.489, data: 0.001) G_GAN_ViT: 0.316 D_real_ViT: 0.330 D_fake_ViT: 0.254 global: 0.466 spatial: 0.116 
(epoch: 28, iters: 4740, time: 0.489, data: 0.001) G_GAN_ViT: 0.409 D_real_ViT: 0.194 D_fake_ViT: 0.168 global: 0.448 spatial: 0.108 
(epoch: 28, iters: 4840, time: 0.488, data: 0.001) G_GAN_ViT: 0.402 D_real_ViT: 0.210 D_fake_ViT: 0.195 global: 0.409 spatial: 0.085 
(epoch: 28, iters: 4940, time: 0.489, data: 0.001) G_GAN_ViT: 0.324 D_real_ViT: 0.305 D_fake_ViT: 0.254 global: 0.331 spatial: 0.092 
(epoch: 28, iters: 5040, time: 0.489, data: 0.001) G_GAN_ViT: 0.558 D_real_ViT: 0.148 D_fake_ViT: 0.115 global: 0.475 spatial: 0.113 
End of epoch 28 / 100 	 Time Taken: 2491 sec
learning rate = 0.0000100
(epoch: 29, iters: 60, time: 0.489, data: 0.001) G_GAN_ViT: 0.374 D_real_ViT: 0.225 D_fake_ViT: 0.190 global: 0.365 spatial: 0.083 
(epoch: 29, iters: 160, time: 0.489, data: 0.001) G_GAN_ViT: 0.335 D_real_ViT: 0.274 D_fake_ViT: 0.238 global: 0.613 spatial: 0.161 
(epoch: 29, iters: 260, time: 0.488, data: 0.002) G_GAN_ViT: 0.302 D_real_ViT: 0.171 D_fake_ViT: 0.243 global: 0.344 spatial: 0.078 
(epoch: 29, iters: 360, time: 0.488, data: 0.001) G_GAN_ViT: 0.426 D_real_ViT: 0.037 D_fake_ViT: 0.173 global: 0.401 spatial: 0.102 
(epoch: 29, iters: 460, time: 0.488, data: 0.001) G_GAN_ViT: 0.293 D_real_ViT: 0.281 D_fake_ViT: 0.261 global: 0.309 spatial: 0.074 
(epoch: 29, iters: 560, time: 0.488, data: 0.001) G_GAN_ViT: 0.734 D_real_ViT: 0.177 D_fake_ViT: 0.119 global: 0.531 spatial: 0.128 
(epoch: 29, iters: 660, time: 0.489, data: 0.001) G_GAN_ViT: 0.417 D_real_ViT: 0.251 D_fake_ViT: 0.195 global: 0.356 spatial: 0.091 
(epoch: 29, iters: 760, time: 0.489, data: 0.001) G_GAN_ViT: 0.382 D_real_ViT: 0.111 D_fake_ViT: 0.205 global: 0.465 spatial: 0.116 
(epoch: 29, iters: 860, time: 0.489, data: 0.001) G_GAN_ViT: 0.510 D_real_ViT: 0.172 D_fake_ViT: 0.129 global: 0.608 spatial: 0.169 
(epoch: 29, iters: 960, time: 0.489, data: 0.001) G_GAN_ViT: 0.339 D_real_ViT: 0.110 D_fake_ViT: 0.251 global: 0.573 spatial: 0.152 
(epoch: 29, iters: 1060, time: 0.489, data: 0.001) G_GAN_ViT: 0.407 D_real_ViT: 0.201 D_fake_ViT: 0.163 global: 0.446 spatial: 0.091 
(epoch: 29, iters: 1160, time: 0.489, data: 0.001) G_GAN_ViT: 0.418 D_real_ViT: 0.169 D_fake_ViT: 0.156 global: 0.494 spatial: 0.092 
(epoch: 29, iters: 1260, time: 0.489, data: 0.001) G_GAN_ViT: 0.307 D_real_ViT: 0.116 D_fake_ViT: 0.268 global: 0.460 spatial: 0.115 
(epoch: 29, iters: 1360, time: 0.488, data: 0.001) G_GAN_ViT: 0.510 D_real_ViT: 0.170 D_fake_ViT: 0.133 global: 0.660 spatial: 0.169 
(epoch: 29, iters: 1460, time: 0.489, data: 0.001) G_GAN_ViT: 0.309 D_real_ViT: 0.217 D_fake_ViT: 0.243 global: 0.399 spatial: 0.093 
(epoch: 29, iters: 1560, time: 0.489, data: 0.001) G_GAN_ViT: 0.336 D_real_ViT: 0.183 D_fake_ViT: 0.225 global: 0.357 spatial: 0.084 
(epoch: 29, iters: 1660, time: 0.489, data: 0.001) G_GAN_ViT: 0.449 D_real_ViT: 0.163 D_fake_ViT: 0.199 global: 0.640 spatial: 0.177 
(epoch: 29, iters: 1760, time: 0.489, data: 0.001) G_GAN_ViT: 0.420 D_real_ViT: 0.236 D_fake_ViT: 0.211 global: 0.618 spatial: 0.178 
(epoch: 29, iters: 1860, time: 0.488, data: 0.001) G_GAN_ViT: 0.348 D_real_ViT: 0.154 D_fake_ViT: 0.222 global: 0.358 spatial: 0.090 
(epoch: 29, iters: 1960, time: 0.488, data: 0.001) G_GAN_ViT: 0.397 D_real_ViT: 0.159 D_fake_ViT: 0.178 global: 0.366 spatial: 0.080 
(epoch: 29, iters: 2060, time: 0.487, data: 0.002) G_GAN_ViT: 0.324 D_real_ViT: 0.147 D_fake_ViT: 0.242 global: 0.491 spatial: 0.112 
(epoch: 29, iters: 2160, time: 0.488, data: 0.001) G_GAN_ViT: 0.409 D_real_ViT: 0.227 D_fake_ViT: 0.178 global: 0.499 spatial: 0.133 
(epoch: 29, iters: 2260, time: 0.488, data: 0.001) G_GAN_ViT: 0.376 D_real_ViT: 0.202 D_fake_ViT: 0.191 global: 0.407 spatial: 0.100 
(epoch: 29, iters: 2360, time: 0.488, data: 0.001) G_GAN_ViT: 0.337 D_real_ViT: 0.134 D_fake_ViT: 0.258 global: 0.616 spatial: 0.145 
(epoch: 29, iters: 2460, time: 0.488, data: 0.001) G_GAN_ViT: 0.302 D_real_ViT: 0.136 D_fake_ViT: 0.257 global: 0.432 spatial: 0.123 
(epoch: 29, iters: 2560, time: 0.489, data: 0.001) G_GAN_ViT: 0.395 D_real_ViT: 0.280 D_fake_ViT: 0.184 global: 0.499 spatial: 0.116 
(epoch: 29, iters: 2660, time: 0.489, data: 0.001) G_GAN_ViT: 0.422 D_real_ViT: 0.198 D_fake_ViT: 0.169 global: 0.381 spatial: 0.086 
(epoch: 29, iters: 2760, time: 0.488, data: 0.001) G_GAN_ViT: 0.414 D_real_ViT: 0.194 D_fake_ViT: 0.163 global: 0.409 spatial: 0.103 
saving the latest model (epoch 29, total_iters 145000)
IRVI_single_monitor
(epoch: 29, iters: 2860, time: 0.488, data: 0.002) G_GAN_ViT: 0.293 D_real_ViT: 0.215 D_fake_ViT: 0.249 global: 0.356 spatial: 0.077 
(epoch: 29, iters: 2960, time: 0.488, data: 0.001) G_GAN_ViT: 0.399 D_real_ViT: 0.110 D_fake_ViT: 0.192 global: 0.457 spatial: 0.113 
(epoch: 29, iters: 3060, time: 0.488, data: 0.001) G_GAN_ViT: 0.404 D_real_ViT: 0.137 D_fake_ViT: 0.193 global: 0.385 spatial: 0.093 
(epoch: 29, iters: 3160, time: 0.488, data: 0.003) G_GAN_ViT: 0.401 D_real_ViT: 0.200 D_fake_ViT: 0.174 global: 0.472 spatial: 0.104 
(epoch: 29, iters: 3260, time: 0.488, data: 0.001) G_GAN_ViT: 0.491 D_real_ViT: 0.256 D_fake_ViT: 0.154 global: 0.644 spatial: 0.154 
(epoch: 29, iters: 3360, time: 0.488, data: 0.001) G_GAN_ViT: 0.315 D_real_ViT: 0.152 D_fake_ViT: 0.243 global: 0.367 spatial: 0.074 
(epoch: 29, iters: 3460, time: 0.488, data: 0.001) G_GAN_ViT: 0.562 D_real_ViT: 0.185 D_fake_ViT: 0.114 global: 0.355 spatial: 0.094 
(epoch: 29, iters: 3560, time: 0.488, data: 0.001) G_GAN_ViT: 0.320 D_real_ViT: 0.294 D_fake_ViT: 0.227 global: 0.309 spatial: 0.071 
(epoch: 29, iters: 3660, time: 0.488, data: 0.001) G_GAN_ViT: 0.357 D_real_ViT: 0.261 D_fake_ViT: 0.232 global: 0.357 spatial: 0.094 
(epoch: 29, iters: 3760, time: 0.489, data: 0.001) G_GAN_ViT: 0.288 D_real_ViT: 0.186 D_fake_ViT: 0.276 global: 0.597 spatial: 0.161 
(epoch: 29, iters: 3860, time: 0.489, data: 0.001) G_GAN_ViT: 0.303 D_real_ViT: 0.288 D_fake_ViT: 0.244 global: 0.435 spatial: 0.080 
(epoch: 29, iters: 3960, time: 0.488, data: 0.001) G_GAN_ViT: 0.262 D_real_ViT: 0.160 D_fake_ViT: 0.305 global: 0.448 spatial: 0.116 
(epoch: 29, iters: 4060, time: 0.488, data: 0.001) G_GAN_ViT: 0.337 D_real_ViT: 0.030 D_fake_ViT: 0.235 global: 0.455 spatial: 0.119 
(epoch: 29, iters: 4160, time: 0.488, data: 0.001) G_GAN_ViT: 0.376 D_real_ViT: 0.239 D_fake_ViT: 0.221 global: 0.442 spatial: 0.112 
(epoch: 29, iters: 4260, time: 0.488, data: 0.006) G_GAN_ViT: 0.384 D_real_ViT: 0.185 D_fake_ViT: 0.188 global: 0.406 spatial: 0.085 
(epoch: 29, iters: 4360, time: 0.488, data: 0.001) G_GAN_ViT: 0.341 D_real_ViT: 0.185 D_fake_ViT: 0.221 global: 0.411 spatial: 0.112 
(epoch: 29, iters: 4460, time: 0.489, data: 0.001) G_GAN_ViT: 0.358 D_real_ViT: 0.187 D_fake_ViT: 0.203 global: 0.469 spatial: 0.098 
(epoch: 29, iters: 4560, time: 0.489, data: 0.001) G_GAN_ViT: 0.306 D_real_ViT: 0.254 D_fake_ViT: 0.236 global: 0.363 spatial: 0.090 
(epoch: 29, iters: 4660, time: 0.489, data: 0.001) G_GAN_ViT: 0.340 D_real_ViT: 0.028 D_fake_ViT: 0.230 global: 0.314 spatial: 0.079 
(epoch: 29, iters: 4760, time: 0.489, data: 0.001) G_GAN_ViT: 0.369 D_real_ViT: 0.173 D_fake_ViT: 0.196 global: 0.441 spatial: 0.101 
(epoch: 29, iters: 4860, time: 0.489, data: 0.001) G_GAN_ViT: 0.409 D_real_ViT: 0.293 D_fake_ViT: 0.180 global: 0.611 spatial: 0.165 
(epoch: 29, iters: 4960, time: 0.489, data: 0.001) G_GAN_ViT: 0.358 D_real_ViT: 0.318 D_fake_ViT: 0.195 global: 0.292 spatial: 0.073 
(epoch: 29, iters: 5060, time: 0.489, data: 0.001) G_GAN_ViT: 0.458 D_real_ViT: 0.176 D_fake_ViT: 0.153 global: 0.656 spatial: 0.176 
End of epoch 29 / 100 	 Time Taken: 2489 sec
learning rate = 0.0000100
(epoch: 30, iters: 80, time: 0.489, data: 0.001) G_GAN_ViT: 0.386 D_real_ViT: 0.174 D_fake_ViT: 0.186 global: 0.370 spatial: 0.084 
(epoch: 30, iters: 180, time: 0.489, data: 0.001) G_GAN_ViT: 0.440 D_real_ViT: 0.162 D_fake_ViT: 0.176 global: 0.637 spatial: 0.154 
(epoch: 30, iters: 280, time: 0.489, data: 0.001) G_GAN_ViT: 0.368 D_real_ViT: 0.193 D_fake_ViT: 0.199 global: 0.372 spatial: 0.090 
(epoch: 30, iters: 380, time: 0.489, data: 0.001) G_GAN_ViT: 0.379 D_real_ViT: 0.306 D_fake_ViT: 0.192 global: 0.491 spatial: 0.115 
(epoch: 30, iters: 480, time: 0.489, data: 0.001) G_GAN_ViT: 0.467 D_real_ViT: 0.226 D_fake_ViT: 0.158 global: 0.559 spatial: 0.124 
(epoch: 30, iters: 580, time: 0.489, data: 0.001) G_GAN_ViT: 0.335 D_real_ViT: 0.221 D_fake_ViT: 0.230 global: 0.378 spatial: 0.105 
(epoch: 30, iters: 680, time: 0.489, data: 0.001) G_GAN_ViT: 0.377 D_real_ViT: 0.174 D_fake_ViT: 0.190 global: 0.351 spatial: 0.091 
(epoch: 30, iters: 780, time: 0.489, data: 0.001) G_GAN_ViT: 0.327 D_real_ViT: 0.154 D_fake_ViT: 0.239 global: 0.544 spatial: 0.095 
(epoch: 30, iters: 880, time: 0.489, data: 0.001) G_GAN_ViT: 0.366 D_real_ViT: 0.230 D_fake_ViT: 0.186 global: 0.456 spatial: 0.087 
(epoch: 30, iters: 980, time: 0.489, data: 0.001) G_GAN_ViT: 0.315 D_real_ViT: 0.258 D_fake_ViT: 0.250 global: 0.462 spatial: 0.082 
(epoch: 30, iters: 1080, time: 0.489, data: 0.001) G_GAN_ViT: 0.298 D_real_ViT: 0.145 D_fake_ViT: 0.267 global: 0.383 spatial: 0.067 
(epoch: 30, iters: 1180, time: 0.489, data: 0.001) G_GAN_ViT: 0.330 D_real_ViT: 0.185 D_fake_ViT: 0.223 global: 0.431 spatial: 0.095 
(epoch: 30, iters: 1280, time: 0.489, data: 0.001) G_GAN_ViT: 0.259 D_real_ViT: 0.030 D_fake_ViT: 0.318 global: 0.605 spatial: 0.160 
(epoch: 30, iters: 1380, time: 0.489, data: 0.001) G_GAN_ViT: 0.381 D_real_ViT: 0.169 D_fake_ViT: 0.181 global: 0.518 spatial: 0.101 
(epoch: 30, iters: 1480, time: 0.489, data: 0.001) G_GAN_ViT: 0.364 D_real_ViT: 0.134 D_fake_ViT: 0.222 global: 0.393 spatial: 0.097 
(epoch: 30, iters: 1580, time: 0.489, data: 0.001) G_GAN_ViT: 0.416 D_real_ViT: 0.259 D_fake_ViT: 0.201 global: 0.406 spatial: 0.088 
(epoch: 30, iters: 1680, time: 0.488, data: 0.001) G_GAN_ViT: 0.349 D_real_ViT: 0.265 D_fake_ViT: 0.208 global: 0.326 spatial: 0.075 
(epoch: 30, iters: 1780, time: 0.489, data: 0.001) G_GAN_ViT: 0.354 D_real_ViT: 0.262 D_fake_ViT: 0.208 global: 0.416 spatial: 0.101 
(epoch: 30, iters: 1880, time: 0.488, data: 0.001) G_GAN_ViT: 0.487 D_real_ViT: 0.205 D_fake_ViT: 0.165 global: 0.568 spatial: 0.146 
(epoch: 30, iters: 1980, time: 0.488, data: 0.001) G_GAN_ViT: 0.399 D_real_ViT: 0.207 D_fake_ViT: 0.185 global: 0.606 spatial: 0.167 
(epoch: 30, iters: 2080, time: 0.488, data: 0.001) G_GAN_ViT: 0.444 D_real_ViT: 0.220 D_fake_ViT: 0.168 global: 0.642 spatial: 0.164 
(epoch: 30, iters: 2180, time: 0.489, data: 0.001) G_GAN_ViT: 0.321 D_real_ViT: 0.190 D_fake_ViT: 0.238 global: 0.366 spatial: 0.084 
(epoch: 30, iters: 2280, time: 0.488, data: 0.001) G_GAN_ViT: 0.469 D_real_ViT: 0.230 D_fake_ViT: 0.142 global: 0.470 spatial: 0.119 
(epoch: 30, iters: 2380, time: 0.489, data: 0.001) G_GAN_ViT: 0.351 D_real_ViT: 0.174 D_fake_ViT: 0.203 global: 0.482 spatial: 0.093 
(epoch: 30, iters: 2480, time: 0.489, data: 0.001) G_GAN_ViT: 0.442 D_real_ViT: 0.120 D_fake_ViT: 0.160 global: 0.355 spatial: 0.092 
(epoch: 30, iters: 2580, time: 0.489, data: 0.001) G_GAN_ViT: 0.415 D_real_ViT: 0.239 D_fake_ViT: 0.177 global: 0.361 spatial: 0.083 
(epoch: 30, iters: 2680, time: 0.489, data: 0.001) G_GAN_ViT: 0.314 D_real_ViT: 0.235 D_fake_ViT: 0.251 global: 0.436 spatial: 0.078 
saving the latest model (epoch 30, total_iters 150000)
IRVI_single_monitor
(epoch: 30, iters: 2780, time: 0.489, data: 0.002) G_GAN_ViT: 0.391 D_real_ViT: 0.233 D_fake_ViT: 0.188 global: 0.369 spatial: 0.082 
(epoch: 30, iters: 2880, time: 0.489, data: 0.001) G_GAN_ViT: 0.398 D_real_ViT: 0.220 D_fake_ViT: 0.170 global: 0.511 spatial: 0.090 
(epoch: 30, iters: 2980, time: 0.489, data: 0.001) G_GAN_ViT: 0.271 D_real_ViT: 0.216 D_fake_ViT: 0.298 global: 0.278 spatial: 0.051 
(epoch: 30, iters: 3080, time: 0.489, data: 0.001) G_GAN_ViT: 0.368 D_real_ViT: 0.148 D_fake_ViT: 0.208 global: 0.479 spatial: 0.100 
(epoch: 30, iters: 3180, time: 0.489, data: 0.001) G_GAN_ViT: 0.480 D_real_ViT: 0.230 D_fake_ViT: 0.153 global: 0.521 spatial: 0.135 
(epoch: 30, iters: 3280, time: 0.490, data: 0.001) G_GAN_ViT: 0.360 D_real_ViT: 0.211 D_fake_ViT: 0.210 global: 0.445 spatial: 0.124 
(epoch: 30, iters: 3380, time: 0.489, data: 0.001) G_GAN_ViT: 0.423 D_real_ViT: 0.233 D_fake_ViT: 0.162 global: 0.458 spatial: 0.099 
(epoch: 30, iters: 3480, time: 0.489, data: 0.001) G_GAN_ViT: 0.437 D_real_ViT: 0.270 D_fake_ViT: 0.169 global: 0.387 spatial: 0.089 
(epoch: 30, iters: 3580, time: 0.489, data: 0.001) G_GAN_ViT: 0.412 D_real_ViT: 0.172 D_fake_ViT: 0.179 global: 0.631 spatial: 0.170 
(epoch: 30, iters: 3680, time: 0.489, data: 0.001) G_GAN_ViT: 0.389 D_real_ViT: 0.104 D_fake_ViT: 0.216 global: 0.640 spatial: 0.167 
(epoch: 30, iters: 3780, time: 0.488, data: 0.001) G_GAN_ViT: 0.324 D_real_ViT: 0.222 D_fake_ViT: 0.223 global: 0.400 spatial: 0.072 
(epoch: 30, iters: 3880, time: 0.489, data: 0.001) G_GAN_ViT: 0.406 D_real_ViT: 0.154 D_fake_ViT: 0.191 global: 0.655 spatial: 0.173 
(epoch: 30, iters: 3980, time: 0.489, data: 0.001) G_GAN_ViT: 0.448 D_real_ViT: 0.182 D_fake_ViT: 0.155 global: 0.317 spatial: 0.074 
(epoch: 30, iters: 4080, time: 0.489, data: 0.001) G_GAN_ViT: 0.366 D_real_ViT: 0.272 D_fake_ViT: 0.197 global: 0.456 spatial: 0.090 
(epoch: 30, iters: 4180, time: 0.490, data: 0.001) G_GAN_ViT: 0.585 D_real_ViT: 0.243 D_fake_ViT: 0.108 global: 0.444 spatial: 0.104 
(epoch: 30, iters: 4280, time: 0.489, data: 0.001) G_GAN_ViT: 0.351 D_real_ViT: 0.273 D_fake_ViT: 0.233 global: 0.610 spatial: 0.159 
(epoch: 30, iters: 4380, time: 0.489, data: 0.001) G_GAN_ViT: 0.446 D_real_ViT: 0.158 D_fake_ViT: 0.152 global: 0.484 spatial: 0.116 
(epoch: 30, iters: 4480, time: 0.489, data: 0.001) G_GAN_ViT: 0.324 D_real_ViT: 0.157 D_fake_ViT: 0.242 global: 0.442 spatial: 0.109 
(epoch: 30, iters: 4580, time: 0.489, data: 0.001) G_GAN_ViT: 0.296 D_real_ViT: 0.196 D_fake_ViT: 0.262 global: 0.410 spatial: 0.070 
(epoch: 30, iters: 4680, time: 0.489, data: 0.001) G_GAN_ViT: 0.377 D_real_ViT: 0.235 D_fake_ViT: 0.189 global: 0.310 spatial: 0.077 
(epoch: 30, iters: 4780, time: 0.489, data: 0.001) G_GAN_ViT: 0.398 D_real_ViT: 0.194 D_fake_ViT: 0.186 global: 0.319 spatial: 0.089 
(epoch: 30, iters: 4880, time: 0.489, data: 0.001) G_GAN_ViT: 0.410 D_real_ViT: 0.219 D_fake_ViT: 0.166 global: 0.442 spatial: 0.090 
(epoch: 30, iters: 4980, time: 0.489, data: 0.001) G_GAN_ViT: 0.274 D_real_ViT: 0.254 D_fake_ViT: 0.279 global: 0.327 spatial: 0.073 
(epoch: 30, iters: 5080, time: 0.489, data: 0.001) G_GAN_ViT: 0.389 D_real_ViT: 0.265 D_fake_ViT: 0.183 global: 0.413 spatial: 0.093 
saving the model at the end of epoch 30, iters 152400
End of epoch 30 / 100 	 Time Taken: 2492 sec
learning rate = 0.0000100
(epoch: 31, iters: 100, time: 0.489, data: 0.155) G_GAN_ViT: 0.212 D_real_ViT: 0.182 D_fake_ViT: 0.376 global: 0.472 spatial: 0.098 
(epoch: 31, iters: 200, time: 0.489, data: 0.001) G_GAN_ViT: 0.404 D_real_ViT: 0.213 D_fake_ViT: 0.181 global: 0.337 spatial: 0.109 
(epoch: 31, iters: 300, time: 0.489, data: 0.001) G_GAN_ViT: 0.407 D_real_ViT: 0.193 D_fake_ViT: 0.175 global: 0.427 spatial: 0.094 
(epoch: 31, iters: 400, time: 0.489, data: 0.001) G_GAN_ViT: 0.365 D_real_ViT: 0.200 D_fake_ViT: 0.211 global: 0.465 spatial: 0.115 
(epoch: 31, iters: 500, time: 0.489, data: 0.001) G_GAN_ViT: 0.419 D_real_ViT: 0.188 D_fake_ViT: 0.166 global: 0.591 spatial: 0.102 
(epoch: 31, iters: 600, time: 0.489, data: 0.001) G_GAN_ViT: 0.346 D_real_ViT: 0.270 D_fake_ViT: 0.224 global: 0.431 spatial: 0.113 
(epoch: 31, iters: 700, time: 0.489, data: 0.001) G_GAN_ViT: 0.318 D_real_ViT: 0.215 D_fake_ViT: 0.229 global: 0.450 spatial: 0.088 
(epoch: 31, iters: 800, time: 0.489, data: 0.001) G_GAN_ViT: 0.299 D_real_ViT: 0.192 D_fake_ViT: 0.272 global: 0.617 spatial: 0.165 
(epoch: 31, iters: 900, time: 0.489, data: 0.001) G_GAN_ViT: 0.315 D_real_ViT: 0.130 D_fake_ViT: 0.241 global: 0.348 spatial: 0.088 
(epoch: 31, iters: 1000, time: 0.489, data: 0.001) G_GAN_ViT: 0.473 D_real_ViT: 0.212 D_fake_ViT: 0.156 global: 0.641 spatial: 0.160 
(epoch: 31, iters: 1100, time: 0.489, data: 0.001) G_GAN_ViT: 0.280 D_real_ViT: 0.206 D_fake_ViT: 0.273 global: 0.515 spatial: 0.090 
(epoch: 31, iters: 1200, time: 0.489, data: 0.001) G_GAN_ViT: 0.379 D_real_ViT: 0.203 D_fake_ViT: 0.201 global: 0.340 spatial: 0.086 
(epoch: 31, iters: 1300, time: 0.489, data: 0.001) G_GAN_ViT: 0.434 D_real_ViT: 0.221 D_fake_ViT: 0.186 global: 0.646 spatial: 0.168 
(epoch: 31, iters: 1400, time: 0.489, data: 0.001) G_GAN_ViT: 0.371 D_real_ViT: 0.151 D_fake_ViT: 0.197 global: 0.404 spatial: 0.085 
(epoch: 31, iters: 1500, time: 0.489, data: 0.001) G_GAN_ViT: 0.500 D_real_ViT: 0.222 D_fake_ViT: 0.128 global: 0.351 spatial: 0.082 
(epoch: 31, iters: 1600, time: 0.489, data: 0.001) G_GAN_ViT: 0.434 D_real_ViT: 0.226 D_fake_ViT: 0.173 global: 0.522 spatial: 0.121 
(epoch: 31, iters: 1700, time: 0.488, data: 0.001) G_GAN_ViT: 0.341 D_real_ViT: 0.259 D_fake_ViT: 0.218 global: 0.512 spatial: 0.103 
(epoch: 31, iters: 1800, time: 0.488, data: 0.001) G_GAN_ViT: 0.374 D_real_ViT: 0.182 D_fake_ViT: 0.204 global: 0.444 spatial: 0.089 
(epoch: 31, iters: 1900, time: 0.489, data: 0.001) G_GAN_ViT: 0.328 D_real_ViT: 0.152 D_fake_ViT: 0.250 global: 0.583 spatial: 0.160 
(epoch: 31, iters: 2000, time: 0.489, data: 0.001) G_GAN_ViT: 0.476 D_real_ViT: 0.167 D_fake_ViT: 0.176 global: 0.611 spatial: 0.168 
(epoch: 31, iters: 2100, time: 0.489, data: 0.001) G_GAN_ViT: 0.333 D_real_ViT: 0.235 D_fake_ViT: 0.241 global: 0.365 spatial: 0.087 
(epoch: 31, iters: 2200, time: 0.489, data: 0.001) G_GAN_ViT: 0.382 D_real_ViT: 0.151 D_fake_ViT: 0.199 global: 0.565 spatial: 0.154 
(epoch: 31, iters: 2300, time: 0.489, data: 0.001) G_GAN_ViT: 0.410 D_real_ViT: 0.155 D_fake_ViT: 0.164 global: 0.439 spatial: 0.100 
(epoch: 31, iters: 2400, time: 0.489, data: 0.001) G_GAN_ViT: 0.530 D_real_ViT: 0.303 D_fake_ViT: 0.136 global: 0.645 spatial: 0.162 
(epoch: 31, iters: 2500, time: 0.489, data: 0.001) G_GAN_ViT: 0.425 D_real_ViT: 0.043 D_fake_ViT: 0.183 global: 0.480 spatial: 0.119 
(epoch: 31, iters: 2600, time: 0.488, data: 0.001) G_GAN_ViT: 0.458 D_real_ViT: 0.230 D_fake_ViT: 0.178 global: 0.429 spatial: 0.106 
saving the latest model (epoch 31, total_iters 155000)
IRVI_single_monitor
(epoch: 31, iters: 2700, time: 0.489, data: 0.001) G_GAN_ViT: 0.322 D_real_ViT: 0.247 D_fake_ViT: 0.239 global: 0.417 spatial: 0.102 
(epoch: 31, iters: 2800, time: 0.488, data: 0.001) G_GAN_ViT: 0.358 D_real_ViT: 0.207 D_fake_ViT: 0.206 global: 0.387 spatial: 0.080 
(epoch: 31, iters: 2900, time: 0.488, data: 0.001) G_GAN_ViT: 0.354 D_real_ViT: 0.186 D_fake_ViT: 0.197 global: 0.467 spatial: 0.096 
(epoch: 31, iters: 3000, time: 0.488, data: 0.001) G_GAN_ViT: 0.463 D_real_ViT: 0.305 D_fake_ViT: 0.183 global: 0.564 spatial: 0.137 
(epoch: 31, iters: 3100, time: 0.488, data: 0.001) G_GAN_ViT: 0.333 D_real_ViT: 0.230 D_fake_ViT: 0.233 global: 0.442 spatial: 0.127 
(epoch: 31, iters: 3200, time: 0.488, data: 0.001) G_GAN_ViT: 0.350 D_real_ViT: 0.139 D_fake_ViT: 0.206 global: 0.426 spatial: 0.072 
(epoch: 31, iters: 3300, time: 0.488, data: 0.001) G_GAN_ViT: 0.413 D_real_ViT: 0.289 D_fake_ViT: 0.169 global: 0.519 spatial: 0.088 
(epoch: 31, iters: 3400, time: 0.489, data: 0.001) G_GAN_ViT: 0.317 D_real_ViT: 0.218 D_fake_ViT: 0.234 global: 0.468 spatial: 0.095 
(epoch: 31, iters: 3500, time: 0.489, data: 0.001) G_GAN_ViT: 0.389 D_real_ViT: 0.199 D_fake_ViT: 0.205 global: 0.614 spatial: 0.164 
(epoch: 31, iters: 3600, time: 0.489, data: 0.005) G_GAN_ViT: 0.294 D_real_ViT: 0.033 D_fake_ViT: 0.263 global: 0.394 spatial: 0.100 
(epoch: 31, iters: 3700, time: 0.489, data: 0.001) G_GAN_ViT: 0.380 D_real_ViT: 0.271 D_fake_ViT: 0.189 global: 0.559 spatial: 0.094 
(epoch: 31, iters: 3800, time: 0.489, data: 0.001) G_GAN_ViT: 0.349 D_real_ViT: 0.155 D_fake_ViT: 0.211 global: 0.442 spatial: 0.072 
(epoch: 31, iters: 3900, time: 0.489, data: 0.001) G_GAN_ViT: 0.371 D_real_ViT: 0.189 D_fake_ViT: 0.202 global: 0.522 spatial: 0.090 
(epoch: 31, iters: 4000, time: 0.489, data: 0.001) G_GAN_ViT: 0.385 D_real_ViT: 0.266 D_fake_ViT: 0.221 global: 0.376 spatial: 0.085 
(epoch: 31, iters: 4100, time: 0.489, data: 0.001) G_GAN_ViT: 0.366 D_real_ViT: 0.326 D_fake_ViT: 0.187 global: 0.413 spatial: 0.084 
(epoch: 31, iters: 4200, time: 0.489, data: 0.001) G_GAN_ViT: 0.352 D_real_ViT: 0.193 D_fake_ViT: 0.207 global: 0.371 spatial: 0.094 
(epoch: 31, iters: 4300, time: 0.489, data: 0.001) G_GAN_ViT: 0.329 D_real_ViT: 0.201 D_fake_ViT: 0.240 global: 0.448 spatial: 0.109 
(epoch: 31, iters: 4400, time: 0.489, data: 0.001) G_GAN_ViT: 0.494 D_real_ViT: 0.178 D_fake_ViT: 0.136 global: 0.518 spatial: 0.136 
(epoch: 31, iters: 4500, time: 0.489, data: 0.001) G_GAN_ViT: 0.459 D_real_ViT: 0.296 D_fake_ViT: 0.160 global: 0.446 spatial: 0.115 
(epoch: 31, iters: 4600, time: 0.489, data: 0.001) G_GAN_ViT: 0.365 D_real_ViT: 0.262 D_fake_ViT: 0.197 global: 0.474 spatial: 0.099 
(epoch: 31, iters: 4700, time: 0.490, data: 0.001) G_GAN_ViT: 0.404 D_real_ViT: 0.209 D_fake_ViT: 0.192 global: 0.596 spatial: 0.172 
(epoch: 31, iters: 4800, time: 0.489, data: 0.001) G_GAN_ViT: 0.358 D_real_ViT: 0.172 D_fake_ViT: 0.206 global: 0.393 spatial: 0.084 
(epoch: 31, iters: 4900, time: 0.489, data: 0.001) G_GAN_ViT: 0.454 D_real_ViT: 0.197 D_fake_ViT: 0.154 global: 0.368 spatial: 0.082 
(epoch: 31, iters: 5000, time: 0.489, data: 0.001) G_GAN_ViT: 0.304 D_real_ViT: 0.191 D_fake_ViT: 0.266 global: 0.488 spatial: 0.088 
End of epoch 31 / 100 	 Time Taken: 2491 sec
learning rate = 0.0000100
(epoch: 32, iters: 20, time: 0.489, data: 0.001) G_GAN_ViT: 0.357 D_real_ViT: 0.270 D_fake_ViT: 0.192 global: 0.440 spatial: 0.088 
(epoch: 32, iters: 120, time: 0.489, data: 0.001) G_GAN_ViT: 0.444 D_real_ViT: 0.328 D_fake_ViT: 0.161 global: 0.477 spatial: 0.114 
(epoch: 32, iters: 220, time: 0.489, data: 0.001) G_GAN_ViT: 0.365 D_real_ViT: 0.266 D_fake_ViT: 0.221 global: 0.382 spatial: 0.078 
(epoch: 32, iters: 320, time: 0.490, data: 0.001) G_GAN_ViT: 0.295 D_real_ViT: 0.288 D_fake_ViT: 0.269 global: 0.348 spatial: 0.081 
(epoch: 32, iters: 420, time: 0.490, data: 0.001) G_GAN_ViT: 0.297 D_real_ViT: 0.178 D_fake_ViT: 0.265 global: 0.465 spatial: 0.114 
(epoch: 32, iters: 520, time: 0.490, data: 0.001) G_GAN_ViT: 0.351 D_real_ViT: 0.119 D_fake_ViT: 0.232 global: 0.607 spatial: 0.163 
(epoch: 32, iters: 620, time: 0.490, data: 0.001) G_GAN_ViT: 0.326 D_real_ViT: 0.208 D_fake_ViT: 0.240 global: 0.406 spatial: 0.081 
(epoch: 32, iters: 720, time: 0.490, data: 0.001) G_GAN_ViT: 0.403 D_real_ViT: 0.359 D_fake_ViT: 0.172 global: 0.442 spatial: 0.088 
(epoch: 32, iters: 820, time: 0.490, data: 0.001) G_GAN_ViT: 0.284 D_real_ViT: 0.136 D_fake_ViT: 0.262 global: 0.343 spatial: 0.086 
(epoch: 32, iters: 920, time: 0.490, data: 0.001) G_GAN_ViT: 0.320 D_real_ViT: 0.168 D_fake_ViT: 0.257 global: 0.399 spatial: 0.084 
(epoch: 32, iters: 1020, time: 0.490, data: 0.001) G_GAN_ViT: 0.468 D_real_ViT: 0.220 D_fake_ViT: 0.140 global: 0.372 spatial: 0.086 
(epoch: 32, iters: 1120, time: 0.489, data: 0.001) G_GAN_ViT: 0.445 D_real_ViT: 0.178 D_fake_ViT: 0.200 global: 0.514 spatial: 0.133 
(epoch: 32, iters: 1220, time: 0.489, data: 0.001) G_GAN_ViT: 0.421 D_real_ViT: 0.280 D_fake_ViT: 0.181 global: 0.484 spatial: 0.125 
(epoch: 32, iters: 1320, time: 0.489, data: 0.001) G_GAN_ViT: 0.409 D_real_ViT: 0.218 D_fake_ViT: 0.169 global: 0.508 spatial: 0.089 
(epoch: 32, iters: 1420, time: 0.489, data: 0.001) G_GAN_ViT: 0.401 D_real_ViT: 0.265 D_fake_ViT: 0.171 global: 0.524 spatial: 0.108 
(epoch: 32, iters: 1520, time: 0.489, data: 0.001) G_GAN_ViT: 0.374 D_real_ViT: 0.294 D_fake_ViT: 0.195 global: 0.463 spatial: 0.115 
(epoch: 32, iters: 1620, time: 0.489, data: 0.001) G_GAN_ViT: 0.330 D_real_ViT: 0.113 D_fake_ViT: 0.237 global: 0.412 spatial: 0.082 
(epoch: 32, iters: 1720, time: 0.489, data: 0.001) G_GAN_ViT: 0.459 D_real_ViT: 0.202 D_fake_ViT: 0.140 global: 0.292 spatial: 0.071 
(epoch: 32, iters: 1820, time: 0.489, data: 0.002) G_GAN_ViT: 0.343 D_real_ViT: 0.260 D_fake_ViT: 0.225 global: 0.423 spatial: 0.108 
(epoch: 32, iters: 1920, time: 0.489, data: 0.001) G_GAN_ViT: 0.362 D_real_ViT: 0.211 D_fake_ViT: 0.217 global: 0.404 spatial: 0.087 
(epoch: 32, iters: 2020, time: 0.490, data: 0.001) G_GAN_ViT: 0.370 D_real_ViT: 0.146 D_fake_ViT: 0.201 global: 0.571 spatial: 0.111 
(epoch: 32, iters: 2120, time: 0.489, data: 0.001) G_GAN_ViT: 0.292 D_real_ViT: 0.300 D_fake_ViT: 0.269 global: 0.481 spatial: 0.090 
(epoch: 32, iters: 2220, time: 0.489, data: 0.001) G_GAN_ViT: 0.328 D_real_ViT: 0.231 D_fake_ViT: 0.256 global: 0.662 spatial: 0.154 
(epoch: 32, iters: 2320, time: 0.489, data: 0.001) G_GAN_ViT: 0.363 D_real_ViT: 0.356 D_fake_ViT: 0.207 global: 0.463 spatial: 0.115 
(epoch: 32, iters: 2420, time: 0.489, data: 0.001) G_GAN_ViT: 0.421 D_real_ViT: 0.236 D_fake_ViT: 0.177 global: 0.405 spatial: 0.103 
(epoch: 32, iters: 2520, time: 0.488, data: 0.001) G_GAN_ViT: 0.285 D_real_ViT: 0.247 D_fake_ViT: 0.263 global: 0.380 spatial: 0.094 
saving the latest model (epoch 32, total_iters 160000)
IRVI_single_monitor
(epoch: 32, iters: 2620, time: 0.489, data: 0.001) G_GAN_ViT: 0.403 D_real_ViT: 0.209 D_fake_ViT: 0.180 global: 0.461 spatial: 0.108 
(epoch: 32, iters: 2720, time: 0.488, data: 0.001) G_GAN_ViT: 0.417 D_real_ViT: 0.158 D_fake_ViT: 0.174 global: 0.537 spatial: 0.115 
(epoch: 32, iters: 2820, time: 0.488, data: 0.001) G_GAN_ViT: 0.357 D_real_ViT: 0.033 D_fake_ViT: 0.213 global: 0.606 spatial: 0.109 
(epoch: 32, iters: 2920, time: 0.488, data: 0.001) G_GAN_ViT: 0.282 D_real_ViT: 0.100 D_fake_ViT: 0.271 global: 0.345 spatial: 0.079 
(epoch: 32, iters: 3020, time: 0.489, data: 0.001) G_GAN_ViT: 0.318 D_real_ViT: 0.283 D_fake_ViT: 0.252 global: 0.327 spatial: 0.093 
(epoch: 32, iters: 3120, time: 0.487, data: 0.001) G_GAN_ViT: 0.313 D_real_ViT: 0.271 D_fake_ViT: 0.240 global: 0.364 spatial: 0.068 
(epoch: 32, iters: 3220, time: 0.488, data: 0.001) G_GAN_ViT: 0.392 D_real_ViT: 0.146 D_fake_ViT: 0.201 global: 0.335 spatial: 0.075 
(epoch: 32, iters: 3320, time: 0.487, data: 0.001) G_GAN_ViT: 0.335 D_real_ViT: 0.275 D_fake_ViT: 0.219 global: 0.458 spatial: 0.092 
(epoch: 32, iters: 3420, time: 0.488, data: 0.001) G_GAN_ViT: 0.490 D_real_ViT: 0.226 D_fake_ViT: 0.143 global: 0.417 spatial: 0.101 
(epoch: 32, iters: 3520, time: 0.488, data: 0.001) G_GAN_ViT: 0.297 D_real_ViT: 0.174 D_fake_ViT: 0.269 global: 0.304 spatial: 0.066 
(epoch: 32, iters: 3620, time: 0.488, data: 0.001) G_GAN_ViT: 0.344 D_real_ViT: 0.171 D_fake_ViT: 0.219 global: 0.402 spatial: 0.096 
(epoch: 32, iters: 3720, time: 0.488, data: 0.001) G_GAN_ViT: 0.396 D_real_ViT: 0.241 D_fake_ViT: 0.167 global: 0.422 spatial: 0.092 
(epoch: 32, iters: 3820, time: 0.488, data: 0.001) G_GAN_ViT: 0.417 D_real_ViT: 0.284 D_fake_ViT: 0.198 global: 0.408 spatial: 0.085 
(epoch: 32, iters: 3920, time: 0.488, data: 0.001) G_GAN_ViT: 0.350 D_real_ViT: 0.212 D_fake_ViT: 0.218 global: 0.441 spatial: 0.082 
(epoch: 32, iters: 4020, time: 0.488, data: 0.001) G_GAN_ViT: 0.441 D_real_ViT: 0.162 D_fake_ViT: 0.191 global: 0.638 spatial: 0.181 
(epoch: 32, iters: 4120, time: 0.488, data: 0.001) G_GAN_ViT: 0.297 D_real_ViT: 0.271 D_fake_ViT: 0.254 global: 0.328 spatial: 0.082 
(epoch: 32, iters: 4220, time: 0.488, data: 0.002) G_GAN_ViT: 0.535 D_real_ViT: 0.228 D_fake_ViT: 0.122 global: 0.517 spatial: 0.130 
(epoch: 32, iters: 4320, time: 0.489, data: 0.001) G_GAN_ViT: 0.486 D_real_ViT: 0.196 D_fake_ViT: 0.131 global: 0.347 spatial: 0.087 
(epoch: 32, iters: 4420, time: 0.489, data: 0.001) G_GAN_ViT: 0.422 D_real_ViT: 0.212 D_fake_ViT: 0.162 global: 0.485 spatial: 0.087 
(epoch: 32, iters: 4520, time: 0.489, data: 0.001) G_GAN_ViT: 0.300 D_real_ViT: 0.193 D_fake_ViT: 0.242 global: 0.308 spatial: 0.085 
(epoch: 32, iters: 4620, time: 0.489, data: 0.001) G_GAN_ViT: 0.291 D_real_ViT: 0.247 D_fake_ViT: 0.269 global: 0.621 spatial: 0.169 
(epoch: 32, iters: 4720, time: 0.489, data: 0.001) G_GAN_ViT: 0.289 D_real_ViT: 0.030 D_fake_ViT: 0.262 global: 0.321 spatial: 0.071 
(epoch: 32, iters: 4820, time: 0.488, data: 0.001) G_GAN_ViT: 0.446 D_real_ViT: 0.263 D_fake_ViT: 0.154 global: 0.447 spatial: 0.114 
(epoch: 32, iters: 4920, time: 0.488, data: 0.001) G_GAN_ViT: 0.389 D_real_ViT: 0.209 D_fake_ViT: 0.182 global: 0.417 spatial: 0.106 
(epoch: 32, iters: 5020, time: 0.488, data: 0.001) G_GAN_ViT: 0.379 D_real_ViT: 0.180 D_fake_ViT: 0.219 global: 0.446 spatial: 0.111 
End of epoch 32 / 100 	 Time Taken: 2490 sec
learning rate = 0.0000100
(epoch: 33, iters: 40, time: 0.488, data: 0.001) G_GAN_ViT: 0.424 D_real_ViT: 0.106 D_fake_ViT: 0.164 global: 0.462 spatial: 0.095 
(epoch: 33, iters: 140, time: 0.489, data: 0.001) G_GAN_ViT: 0.329 D_real_ViT: 0.156 D_fake_ViT: 0.235 global: 0.449 spatial: 0.117 
(epoch: 33, iters: 240, time: 0.488, data: 0.001) G_GAN_ViT: 0.411 D_real_ViT: 0.251 D_fake_ViT: 0.173 global: 0.466 spatial: 0.108 
(epoch: 33, iters: 340, time: 0.488, data: 0.001) G_GAN_ViT: 0.317 D_real_ViT: 0.255 D_fake_ViT: 0.238 global: 0.462 spatial: 0.117 
(epoch: 33, iters: 440, time: 0.488, data: 0.001) G_GAN_ViT: 0.369 D_real_ViT: 0.240 D_fake_ViT: 0.196 global: 0.513 spatial: 0.090 
(epoch: 33, iters: 540, time: 0.488, data: 0.001) G_GAN_ViT: 0.333 D_real_ViT: 0.182 D_fake_ViT: 0.229 global: 0.476 spatial: 0.093 
(epoch: 33, iters: 640, time: 0.488, data: 0.001) G_GAN_ViT: 0.326 D_real_ViT: 0.188 D_fake_ViT: 0.231 global: 0.319 spatial: 0.101 
(epoch: 33, iters: 740, time: 0.488, data: 0.001) G_GAN_ViT: 0.253 D_real_ViT: 0.121 D_fake_ViT: 0.333 global: 0.282 spatial: 0.043 
(epoch: 33, iters: 840, time: 0.487, data: 0.002) G_GAN_ViT: 0.364 D_real_ViT: 0.203 D_fake_ViT: 0.192 global: 0.439 spatial: 0.089 
(epoch: 33, iters: 940, time: 0.487, data: 0.001) G_GAN_ViT: 0.328 D_real_ViT: 0.262 D_fake_ViT: 0.222 global: 0.377 spatial: 0.094 
(epoch: 33, iters: 1040, time: 0.487, data: 0.001) G_GAN_ViT: 0.426 D_real_ViT: 0.282 D_fake_ViT: 0.163 global: 0.497 spatial: 0.097 
(epoch: 33, iters: 1140, time: 0.488, data: 0.001) G_GAN_ViT: 0.362 D_real_ViT: 0.256 D_fake_ViT: 0.207 global: 0.386 spatial: 0.114 
(epoch: 33, iters: 1240, time: 0.488, data: 0.001) G_GAN_ViT: 0.333 D_real_ViT: 0.251 D_fake_ViT: 0.231 global: 0.464 spatial: 0.118 
(epoch: 33, iters: 1340, time: 0.488, data: 0.001) G_GAN_ViT: 0.414 D_real_ViT: 0.255 D_fake_ViT: 0.184 global: 0.480 spatial: 0.119 
(epoch: 33, iters: 1440, time: 0.487, data: 0.002) G_GAN_ViT: 0.300 D_real_ViT: 0.226 D_fake_ViT: 0.251 global: 0.407 spatial: 0.091 
(epoch: 33, iters: 1540, time: 0.488, data: 0.001) G_GAN_ViT: 0.385 D_real_ViT: 0.167 D_fake_ViT: 0.188 global: 0.468 spatial: 0.116 
(epoch: 33, iters: 1640, time: 0.488, data: 0.001) G_GAN_ViT: 0.546 D_real_ViT: 0.282 D_fake_ViT: 0.125 global: 0.571 spatial: 0.154 
(epoch: 33, iters: 1740, time: 0.488, data: 0.001) G_GAN_ViT: 0.462 D_real_ViT: 0.272 D_fake_ViT: 0.148 global: 0.632 spatial: 0.171 
(epoch: 33, iters: 1840, time: 0.488, data: 0.001) G_GAN_ViT: 0.446 D_real_ViT: 0.203 D_fake_ViT: 0.157 global: 0.590 spatial: 0.116 
(epoch: 33, iters: 1940, time: 0.488, data: 0.001) G_GAN_ViT: 0.468 D_real_ViT: 0.297 D_fake_ViT: 0.155 global: 0.517 spatial: 0.091 
(epoch: 33, iters: 2040, time: 0.488, data: 0.001) G_GAN_ViT: 0.378 D_real_ViT: 0.192 D_fake_ViT: 0.189 global: 0.522 spatial: 0.100 
(epoch: 33, iters: 2140, time: 0.488, data: 0.001) G_GAN_ViT: 0.386 D_real_ViT: 0.199 D_fake_ViT: 0.194 global: 0.616 spatial: 0.174 
(epoch: 33, iters: 2240, time: 0.488, data: 0.001) G_GAN_ViT: 0.440 D_real_ViT: 0.240 D_fake_ViT: 0.158 global: 0.437 spatial: 0.108 
(epoch: 33, iters: 2340, time: 0.489, data: 0.001) G_GAN_ViT: 0.388 D_real_ViT: 0.241 D_fake_ViT: 0.180 global: 0.474 spatial: 0.106 
(epoch: 33, iters: 2440, time: 0.488, data: 0.001) G_GAN_ViT: 0.306 D_real_ViT: 0.144 D_fake_ViT: 0.243 global: 0.378 spatial: 0.085 
saving the latest model (epoch 33, total_iters 165000)
IRVI_single_monitor
(epoch: 33, iters: 2540, time: 0.488, data: 0.001) G_GAN_ViT: 0.891 D_real_ViT: 0.219 D_fake_ViT: 0.093 global: 0.471 spatial: 0.109 
(epoch: 33, iters: 2640, time: 0.488, data: 0.001) G_GAN_ViT: 0.253 D_real_ViT: 0.189 D_fake_ViT: 0.308 global: 0.296 spatial: 0.082 
(epoch: 33, iters: 2740, time: 0.488, data: 0.001) G_GAN_ViT: 0.309 D_real_ViT: 0.194 D_fake_ViT: 0.239 global: 0.292 spatial: 0.069 
(epoch: 33, iters: 2840, time: 0.488, data: 0.001) G_GAN_ViT: 0.328 D_real_ViT: 0.246 D_fake_ViT: 0.234 global: 0.536 spatial: 0.095 
(epoch: 33, iters: 2940, time: 0.488, data: 0.001) G_GAN_ViT: 0.370 D_real_ViT: 0.256 D_fake_ViT: 0.205 global: 0.318 spatial: 0.087 
(epoch: 33, iters: 3040, time: 0.488, data: 0.003) G_GAN_ViT: 0.314 D_real_ViT: 0.181 D_fake_ViT: 0.247 global: 0.380 spatial: 0.086 
(epoch: 33, iters: 3140, time: 0.488, data: 0.001) G_GAN_ViT: 0.339 D_real_ViT: 0.145 D_fake_ViT: 0.212 global: 0.369 spatial: 0.081 
(epoch: 33, iters: 3240, time: 0.487, data: 0.002) G_GAN_ViT: 0.306 D_real_ViT: 0.170 D_fake_ViT: 0.264 global: 0.477 spatial: 0.112 
(epoch: 33, iters: 3340, time: 0.487, data: 0.001) G_GAN_ViT: 0.409 D_real_ViT: 0.223 D_fake_ViT: 0.170 global: 0.459 spatial: 0.097 
(epoch: 33, iters: 3440, time: 0.487, data: 0.001) G_GAN_ViT: 0.313 D_real_ViT: 0.308 D_fake_ViT: 0.231 global: 0.455 spatial: 0.086 
(epoch: 33, iters: 3540, time: 0.487, data: 0.001) G_GAN_ViT: 0.435 D_real_ViT: 0.207 D_fake_ViT: 0.167 global: 0.473 spatial: 0.109 
(epoch: 33, iters: 3640, time: 0.487, data: 0.001) G_GAN_ViT: 0.353 D_real_ViT: 0.312 D_fake_ViT: 0.216 global: 0.433 spatial: 0.116 
(epoch: 33, iters: 3740, time: 0.486, data: 0.001) G_GAN_ViT: 0.325 D_real_ViT: 0.234 D_fake_ViT: 0.236 global: 0.666 spatial: 0.119 
(epoch: 33, iters: 3840, time: 0.486, data: 0.001) G_GAN_ViT: 0.364 D_real_ViT: 0.246 D_fake_ViT: 0.204 global: 0.409 spatial: 0.116 
(epoch: 33, iters: 3940, time: 0.486, data: 0.001) G_GAN_ViT: 0.322 D_real_ViT: 0.239 D_fake_ViT: 0.231 global: 0.422 spatial: 0.073 
(epoch: 33, iters: 4040, time: 0.487, data: 0.001) G_GAN_ViT: 0.323 D_real_ViT: 0.262 D_fake_ViT: 0.262 global: 0.605 spatial: 0.152 
(epoch: 33, iters: 4140, time: 0.487, data: 0.001) G_GAN_ViT: 0.504 D_real_ViT: 0.176 D_fake_ViT: 0.125 global: 0.636 spatial: 0.170 
(epoch: 33, iters: 4240, time: 0.487, data: 0.001) G_GAN_ViT: 0.557 D_real_ViT: 0.153 D_fake_ViT: 0.117 global: 0.660 spatial: 0.172 
(epoch: 33, iters: 4340, time: 0.487, data: 0.001) G_GAN_ViT: 0.352 D_real_ViT: 0.215 D_fake_ViT: 0.218 global: 0.492 spatial: 0.111 
(epoch: 33, iters: 4440, time: 0.487, data: 0.001) G_GAN_ViT: 0.356 D_real_ViT: 0.189 D_fake_ViT: 0.255 global: 0.586 spatial: 0.150 
(epoch: 33, iters: 4540, time: 0.488, data: 0.001) G_GAN_ViT: 0.370 D_real_ViT: 0.220 D_fake_ViT: 0.200 global: 0.430 spatial: 0.118 
(epoch: 33, iters: 4640, time: 0.487, data: 0.001) G_GAN_ViT: 0.281 D_real_ViT: 0.216 D_fake_ViT: 0.280 global: 0.414 spatial: 0.107 
(epoch: 33, iters: 4740, time: 0.487, data: 0.001) G_GAN_ViT: 0.320 D_real_ViT: 0.151 D_fake_ViT: 0.243 global: 0.590 spatial: 0.111 
(epoch: 33, iters: 4840, time: 0.487, data: 0.001) G_GAN_ViT: 0.374 D_real_ViT: 0.197 D_fake_ViT: 0.244 global: 0.567 spatial: 0.154 
(epoch: 33, iters: 4940, time: 0.487, data: 0.001) G_GAN_ViT: 0.402 D_real_ViT: 0.240 D_fake_ViT: 0.199 global: 0.391 spatial: 0.081 
(epoch: 33, iters: 5040, time: 0.487, data: 0.001) G_GAN_ViT: 0.497 D_real_ViT: 0.143 D_fake_ViT: 0.157 global: 0.515 spatial: 0.114 
End of epoch 33 / 100 	 Time Taken: 2485 sec
learning rate = 0.0000100
(epoch: 34, iters: 60, time: 0.487, data: 0.001) G_GAN_ViT: 0.298 D_real_ViT: 0.245 D_fake_ViT: 0.258 global: 0.393 spatial: 0.105 
(epoch: 34, iters: 160, time: 0.487, data: 0.001) G_GAN_ViT: 0.308 D_real_ViT: 0.208 D_fake_ViT: 0.237 global: 0.451 spatial: 0.087 
(epoch: 34, iters: 260, time: 0.487, data: 0.002) G_GAN_ViT: 0.485 D_real_ViT: 0.196 D_fake_ViT: 0.138 global: 0.349 spatial: 0.102 
(epoch: 34, iters: 360, time: 0.487, data: 0.001) G_GAN_ViT: 0.478 D_real_ViT: 0.118 D_fake_ViT: 0.155 global: 0.422 spatial: 0.093 
(epoch: 34, iters: 460, time: 0.487, data: 0.001) G_GAN_ViT: 0.346 D_real_ViT: 0.240 D_fake_ViT: 0.229 global: 0.623 spatial: 0.149 
(epoch: 34, iters: 560, time: 0.488, data: 0.001) G_GAN_ViT: 0.555 D_real_ViT: 0.235 D_fake_ViT: 0.115 global: 0.645 spatial: 0.169 
(epoch: 34, iters: 660, time: 0.488, data: 0.001) G_GAN_ViT: 0.398 D_real_ViT: 0.191 D_fake_ViT: 0.180 global: 0.316 spatial: 0.084 
(epoch: 34, iters: 760, time: 0.487, data: 0.001) G_GAN_ViT: 0.356 D_real_ViT: 0.182 D_fake_ViT: 0.201 global: 0.400 spatial: 0.094 
(epoch: 34, iters: 860, time: 0.488, data: 0.001) G_GAN_ViT: 0.281 D_real_ViT: 0.231 D_fake_ViT: 0.256 global: 0.335 spatial: 0.089 
(epoch: 34, iters: 960, time: 0.489, data: 0.001) G_GAN_ViT: 0.639 D_real_ViT: 0.321 D_fake_ViT: 0.109 global: 0.612 spatial: 0.160 
(epoch: 34, iters: 1060, time: 0.489, data: 0.002) G_GAN_ViT: 0.458 D_real_ViT: 0.155 D_fake_ViT: 0.149 global: 0.342 spatial: 0.086 
(epoch: 34, iters: 1160, time: 0.487, data: 0.002) G_GAN_ViT: 0.408 D_real_ViT: 0.342 D_fake_ViT: 0.189 global: 0.643 spatial: 0.165 
(epoch: 34, iters: 1260, time: 0.488, data: 0.001) G_GAN_ViT: 0.437 D_real_ViT: 0.292 D_fake_ViT: 0.150 global: 0.437 spatial: 0.112 
(epoch: 34, iters: 1360, time: 0.488, data: 0.003) G_GAN_ViT: 0.390 D_real_ViT: 0.394 D_fake_ViT: 0.196 global: 0.473 spatial: 0.114 
(epoch: 34, iters: 1460, time: 0.489, data: 0.002) G_GAN_ViT: 0.309 D_real_ViT: 0.227 D_fake_ViT: 0.260 global: 0.649 spatial: 0.113 
(epoch: 34, iters: 1560, time: 0.489, data: 0.002) G_GAN_ViT: 0.323 D_real_ViT: 0.234 D_fake_ViT: 0.221 global: 0.443 spatial: 0.089 
(epoch: 34, iters: 1660, time: 0.489, data: 0.002) G_GAN_ViT: 0.241 D_real_ViT: 0.295 D_fake_ViT: 0.334 global: 0.512 spatial: 0.096 
(epoch: 34, iters: 1760, time: 0.490, data: 0.001) G_GAN_ViT: 0.414 D_real_ViT: 0.195 D_fake_ViT: 0.177 global: 0.562 spatial: 0.141 
(epoch: 34, iters: 1860, time: 0.490, data: 0.002) G_GAN_ViT: 0.393 D_real_ViT: 0.140 D_fake_ViT: 0.185 global: 0.459 spatial: 0.110 
(epoch: 34, iters: 1960, time: 0.490, data: 0.001) G_GAN_ViT: 0.350 D_real_ViT: 0.261 D_fake_ViT: 0.222 global: 0.506 spatial: 0.114 
(epoch: 34, iters: 2060, time: 0.490, data: 0.002) G_GAN_ViT: 0.470 D_real_ViT: 0.288 D_fake_ViT: 0.132 global: 0.524 spatial: 0.096 
(epoch: 34, iters: 2160, time: 0.490, data: 0.002) G_GAN_ViT: 0.383 D_real_ViT: 0.192 D_fake_ViT: 0.182 global: 0.416 spatial: 0.102 
(epoch: 34, iters: 2260, time: 0.490, data: 0.002) G_GAN_ViT: 0.421 D_real_ViT: 0.130 D_fake_ViT: 0.181 global: 0.619 spatial: 0.140 
(epoch: 34, iters: 2360, time: 0.490, data: 0.002) G_GAN_ViT: 0.329 D_real_ViT: 0.205 D_fake_ViT: 0.231 global: 0.458 spatial: 0.112 
saving the latest model (epoch 34, total_iters 170000)
IRVI_single_monitor
(epoch: 34, iters: 2460, time: 0.490, data: 0.002) G_GAN_ViT: 0.323 D_real_ViT: 0.215 D_fake_ViT: 0.243 global: 0.380 spatial: 0.079 
(epoch: 34, iters: 2560, time: 0.490, data: 0.001) G_GAN_ViT: 0.366 D_real_ViT: 0.264 D_fake_ViT: 0.199 global: 0.442 spatial: 0.119 
(epoch: 34, iters: 2660, time: 0.490, data: 0.002) G_GAN_ViT: 0.345 D_real_ViT: 0.344 D_fake_ViT: 0.223 global: 0.436 spatial: 0.115 
(epoch: 34, iters: 2760, time: 0.490, data: 0.001) G_GAN_ViT: 0.441 D_real_ViT: 0.203 D_fake_ViT: 0.162 global: 0.532 spatial: 0.138 
(epoch: 34, iters: 2860, time: 0.490, data: 0.001) G_GAN_ViT: 0.291 D_real_ViT: 0.212 D_fake_ViT: 0.272 global: 0.640 spatial: 0.166 
(epoch: 34, iters: 2960, time: 0.490, data: 0.001) G_GAN_ViT: 0.311 D_real_ViT: 0.140 D_fake_ViT: 0.238 global: 0.418 spatial: 0.078 
(epoch: 34, iters: 3060, time: 0.490, data: 0.001) G_GAN_ViT: 0.405 D_real_ViT: 0.259 D_fake_ViT: 0.199 global: 0.571 spatial: 0.117 
(epoch: 34, iters: 3160, time: 0.490, data: 0.001) G_GAN_ViT: 0.371 D_real_ViT: 0.186 D_fake_ViT: 0.200 global: 0.502 spatial: 0.099 
(epoch: 34, iters: 3260, time: 0.490, data: 0.001) G_GAN_ViT: 0.407 D_real_ViT: 0.214 D_fake_ViT: 0.165 global: 0.399 spatial: 0.111 
(epoch: 34, iters: 3360, time: 0.490, data: 0.001) G_GAN_ViT: 0.293 D_real_ViT: 0.179 D_fake_ViT: 0.266 global: 0.359 spatial: 0.106 
(epoch: 34, iters: 3460, time: 0.490, data: 0.001) G_GAN_ViT: 0.390 D_real_ViT: 0.180 D_fake_ViT: 0.198 global: 0.441 spatial: 0.113 
(epoch: 34, iters: 3560, time: 0.490, data: 0.001) G_GAN_ViT: 0.445 D_real_ViT: 0.219 D_fake_ViT: 0.171 global: 0.371 spatial: 0.082 
(epoch: 34, iters: 3660, time: 0.489, data: 0.001) G_GAN_ViT: 0.437 D_real_ViT: 0.225 D_fake_ViT: 0.156 global: 0.643 spatial: 0.162 
(epoch: 34, iters: 3760, time: 0.489, data: 0.001) G_GAN_ViT: 0.438 D_real_ViT: 0.199 D_fake_ViT: 0.156 global: 0.456 spatial: 0.115 
(epoch: 34, iters: 3860, time: 0.489, data: 0.001) G_GAN_ViT: 0.349 D_real_ViT: 0.150 D_fake_ViT: 0.203 global: 0.370 spatial: 0.079 
(epoch: 34, iters: 3960, time: 0.489, data: 0.001) G_GAN_ViT: 0.286 D_real_ViT: 0.187 D_fake_ViT: 0.267 global: 0.403 spatial: 0.076 
(epoch: 34, iters: 4060, time: 0.489, data: 0.002) G_GAN_ViT: 0.464 D_real_ViT: 0.034 D_fake_ViT: 0.150 global: 0.339 spatial: 0.081 
(epoch: 34, iters: 4160, time: 0.489, data: 0.001) G_GAN_ViT: 0.356 D_real_ViT: 0.031 D_fake_ViT: 0.205 global: 0.469 spatial: 0.094 
(epoch: 34, iters: 4260, time: 0.489, data: 0.001) G_GAN_ViT: 0.352 D_real_ViT: 0.187 D_fake_ViT: 0.206 global: 0.543 spatial: 0.107 
(epoch: 34, iters: 4360, time: 0.489, data: 0.001) G_GAN_ViT: 0.451 D_real_ViT: 0.296 D_fake_ViT: 0.152 global: 0.470 spatial: 0.120 
(epoch: 34, iters: 4460, time: 0.489, data: 0.001) G_GAN_ViT: 0.507 D_real_ViT: 0.259 D_fake_ViT: 0.150 global: 0.608 spatial: 0.160 
(epoch: 34, iters: 4560, time: 0.489, data: 0.001) G_GAN_ViT: 0.271 D_real_ViT: 0.180 D_fake_ViT: 0.289 global: 0.348 spatial: 0.087 
(epoch: 34, iters: 4660, time: 0.489, data: 0.001) G_GAN_ViT: 0.443 D_real_ViT: 0.238 D_fake_ViT: 0.168 global: 0.403 spatial: 0.089 
(epoch: 34, iters: 4760, time: 0.489, data: 0.002) G_GAN_ViT: 0.400 D_real_ViT: 0.196 D_fake_ViT: 0.211 global: 0.616 spatial: 0.167 
(epoch: 34, iters: 4860, time: 0.489, data: 0.001) G_GAN_ViT: 0.374 D_real_ViT: 0.248 D_fake_ViT: 0.207 global: 0.588 spatial: 0.124 
(epoch: 34, iters: 4960, time: 0.489, data: 0.001) G_GAN_ViT: 0.347 D_real_ViT: 0.269 D_fake_ViT: 0.209 global: 0.448 spatial: 0.098 
(epoch: 34, iters: 5060, time: 0.489, data: 0.001) G_GAN_ViT: 0.309 D_real_ViT: 0.228 D_fake_ViT: 0.236 global: 0.439 spatial: 0.088 
End of epoch 34 / 100 	 Time Taken: 2493 sec
learning rate = 0.0000100
(epoch: 35, iters: 80, time: 0.489, data: 0.001) G_GAN_ViT: 0.346 D_real_ViT: 0.263 D_fake_ViT: 0.218 global: 0.348 spatial: 0.082 
(epoch: 35, iters: 180, time: 0.488, data: 0.002) G_GAN_ViT: 0.368 D_real_ViT: 0.249 D_fake_ViT: 0.203 global: 0.350 spatial: 0.091 
(epoch: 35, iters: 280, time: 0.488, data: 0.001) G_GAN_ViT: 0.303 D_real_ViT: 0.230 D_fake_ViT: 0.259 global: 0.619 spatial: 0.108 
(epoch: 35, iters: 380, time: 0.489, data: 0.001) G_GAN_ViT: 0.345 D_real_ViT: 0.155 D_fake_ViT: 0.240 global: 0.420 spatial: 0.087 
(epoch: 35, iters: 480, time: 0.488, data: 0.001) G_GAN_ViT: 0.301 D_real_ViT: 0.229 D_fake_ViT: 0.254 global: 0.358 spatial: 0.082 
(epoch: 35, iters: 580, time: 0.488, data: 0.001) G_GAN_ViT: 0.468 D_real_ViT: 0.130 D_fake_ViT: 0.149 global: 0.663 spatial: 0.181 
(epoch: 35, iters: 680, time: 0.488, data: 0.001) G_GAN_ViT: 0.409 D_real_ViT: 0.191 D_fake_ViT: 0.177 global: 0.387 spatial: 0.101 
(epoch: 35, iters: 780, time: 0.488, data: 0.001) G_GAN_ViT: 0.296 D_real_ViT: 0.196 D_fake_ViT: 0.266 global: 0.368 spatial: 0.098 
(epoch: 35, iters: 880, time: 0.488, data: 0.001) G_GAN_ViT: 0.285 D_real_ViT: 0.319 D_fake_ViT: 0.266 global: 0.523 spatial: 0.090 
(epoch: 35, iters: 980, time: 0.487, data: 0.001) G_GAN_ViT: 0.398 D_real_ViT: 0.135 D_fake_ViT: 0.198 global: 0.636 spatial: 0.155 
(epoch: 35, iters: 1080, time: 0.488, data: 0.001) G_GAN_ViT: 0.464 D_real_ViT: 0.249 D_fake_ViT: 0.138 global: 0.336 spatial: 0.083 
(epoch: 35, iters: 1180, time: 0.487, data: 0.001) G_GAN_ViT: 0.358 D_real_ViT: 0.241 D_fake_ViT: 0.203 global: 0.471 spatial: 0.108 
(epoch: 35, iters: 1280, time: 0.487, data: 0.001) G_GAN_ViT: 0.307 D_real_ViT: 0.210 D_fake_ViT: 0.255 global: 0.488 spatial: 0.115 
(epoch: 35, iters: 1380, time: 0.487, data: 0.001) G_GAN_ViT: 0.358 D_real_ViT: 0.254 D_fake_ViT: 0.202 global: 0.498 spatial: 0.111 
(epoch: 35, iters: 1480, time: 0.487, data: 0.001) G_GAN_ViT: 0.275 D_real_ViT: 0.292 D_fake_ViT: 0.287 global: 0.401 spatial: 0.084 
(epoch: 35, iters: 1580, time: 0.487, data: 0.001) G_GAN_ViT: 0.345 D_real_ViT: 0.277 D_fake_ViT: 0.209 global: 0.463 spatial: 0.096 
(epoch: 35, iters: 1680, time: 0.487, data: 0.001) G_GAN_ViT: 0.342 D_real_ViT: 0.285 D_fake_ViT: 0.224 global: 0.361 spatial: 0.098 
(epoch: 35, iters: 1780, time: 0.487, data: 0.001) G_GAN_ViT: 0.232 D_real_ViT: 0.237 D_fake_ViT: 0.343 global: 0.533 spatial: 0.090 
(epoch: 35, iters: 1880, time: 0.487, data: 0.001) G_GAN_ViT: 0.314 D_real_ViT: 0.215 D_fake_ViT: 0.247 global: 0.463 spatial: 0.103 
(epoch: 35, iters: 1980, time: 0.487, data: 0.001) G_GAN_ViT: 0.266 D_real_ViT: 0.273 D_fake_ViT: 0.283 global: 0.307 spatial: 0.077 
(epoch: 35, iters: 2080, time: 0.487, data: 0.001) G_GAN_ViT: 0.425 D_real_ViT: 0.245 D_fake_ViT: 0.170 global: 0.531 spatial: 0.137 
(epoch: 35, iters: 2180, time: 0.487, data: 0.001) G_GAN_ViT: 0.334 D_real_ViT: 0.185 D_fake_ViT: 0.264 global: 0.571 spatial: 0.164 
(epoch: 35, iters: 2280, time: 0.486, data: 0.001) G_GAN_ViT: 0.299 D_real_ViT: 0.198 D_fake_ViT: 0.250 global: 0.445 spatial: 0.079 
saving the latest model (epoch 35, total_iters 175000)
IRVI_single_monitor
(epoch: 35, iters: 2380, time: 0.487, data: 0.002) G_GAN_ViT: 0.362 D_real_ViT: 0.256 D_fake_ViT: 0.210 global: 0.610 spatial: 0.176 
(epoch: 35, iters: 2480, time: 0.487, data: 0.001) G_GAN_ViT: 0.316 D_real_ViT: 0.293 D_fake_ViT: 0.256 global: 0.404 spatial: 0.086 
(epoch: 35, iters: 2580, time: 0.487, data: 0.001) G_GAN_ViT: 0.355 D_real_ViT: 0.236 D_fake_ViT: 0.215 global: 0.474 spatial: 0.114 
(epoch: 35, iters: 2680, time: 0.487, data: 0.002) G_GAN_ViT: 0.299 D_real_ViT: 0.261 D_fake_ViT: 0.257 global: 0.409 spatial: 0.097 
(epoch: 35, iters: 2780, time: 0.487, data: 0.001) G_GAN_ViT: 0.466 D_real_ViT: 0.276 D_fake_ViT: 0.149 global: 0.496 spatial: 0.117 
(epoch: 35, iters: 2880, time: 0.487, data: 0.001) G_GAN_ViT: 0.392 D_real_ViT: 0.256 D_fake_ViT: 0.171 global: 0.441 spatial: 0.107 
(epoch: 35, iters: 2980, time: 0.486, data: 0.002) G_GAN_ViT: 0.403 D_real_ViT: 0.238 D_fake_ViT: 0.188 global: 0.376 spatial: 0.086 
(epoch: 35, iters: 3080, time: 0.486, data: 0.001) G_GAN_ViT: 0.434 D_real_ViT: 0.112 D_fake_ViT: 0.181 global: 0.408 spatial: 0.098 
(epoch: 35, iters: 3180, time: 0.487, data: 0.001) G_GAN_ViT: 0.287 D_real_ViT: 0.184 D_fake_ViT: 0.287 global: 0.633 spatial: 0.152 
(epoch: 35, iters: 3280, time: 0.487, data: 0.001) G_GAN_ViT: 0.369 D_real_ViT: 0.165 D_fake_ViT: 0.203 global: 0.334 spatial: 0.088 
(epoch: 35, iters: 3380, time: 0.486, data: 0.001) G_GAN_ViT: 0.462 D_real_ViT: 0.153 D_fake_ViT: 0.144 global: 0.422 spatial: 0.092 
(epoch: 35, iters: 3480, time: 0.487, data: 0.001) G_GAN_ViT: 0.359 D_real_ViT: 0.275 D_fake_ViT: 0.197 global: 0.407 spatial: 0.089 
(epoch: 35, iters: 3580, time: 0.487, data: 0.001) G_GAN_ViT: 0.424 D_real_ViT: 0.221 D_fake_ViT: 0.166 global: 0.588 spatial: 0.095 
(epoch: 35, iters: 3680, time: 0.487, data: 0.001) G_GAN_ViT: 0.363 D_real_ViT: 0.187 D_fake_ViT: 0.206 global: 0.505 spatial: 0.111 
(epoch: 35, iters: 3780, time: 0.486, data: 0.001) G_GAN_ViT: 0.432 D_real_ViT: 0.193 D_fake_ViT: 0.158 global: 0.372 spatial: 0.091 
(epoch: 35, iters: 3880, time: 0.487, data: 0.001) G_GAN_ViT: 0.243 D_real_ViT: 0.385 D_fake_ViT: 0.319 global: 0.501 spatial: 0.102 
(epoch: 35, iters: 3980, time: 0.487, data: 0.001) G_GAN_ViT: 0.438 D_real_ViT: 0.145 D_fake_ViT: 0.152 global: 0.400 spatial: 0.088 
(epoch: 35, iters: 4080, time: 0.487, data: 0.001) G_GAN_ViT: 0.472 D_real_ViT: 0.298 D_fake_ViT: 0.139 global: 0.490 spatial: 0.114 
(epoch: 35, iters: 4180, time: 0.487, data: 0.002) G_GAN_ViT: 0.386 D_real_ViT: 0.236 D_fake_ViT: 0.188 global: 0.516 spatial: 0.087 
(epoch: 35, iters: 4280, time: 0.487, data: 0.001) G_GAN_ViT: 0.361 D_real_ViT: 0.189 D_fake_ViT: 0.198 global: 0.412 spatial: 0.073 
(epoch: 35, iters: 4380, time: 0.487, data: 0.001) G_GAN_ViT: 0.346 D_real_ViT: 0.253 D_fake_ViT: 0.211 global: 0.373 spatial: 0.082 
(epoch: 35, iters: 4480, time: 0.487, data: 0.002) G_GAN_ViT: 0.467 D_real_ViT: 0.166 D_fake_ViT: 0.142 global: 0.329 spatial: 0.083 
(epoch: 35, iters: 4580, time: 0.487, data: 0.001) G_GAN_ViT: 0.355 D_real_ViT: 0.251 D_fake_ViT: 0.196 global: 0.445 spatial: 0.097 
(epoch: 35, iters: 4680, time: 0.487, data: 0.001) G_GAN_ViT: 0.306 D_real_ViT: 0.219 D_fake_ViT: 0.262 global: 0.490 spatial: 0.109 
(epoch: 35, iters: 4780, time: 0.487, data: 0.001) G_GAN_ViT: 0.342 D_real_ViT: 0.290 D_fake_ViT: 0.221 global: 0.361 spatial: 0.083 
(epoch: 35, iters: 4880, time: 0.487, data: 0.001) G_GAN_ViT: 0.506 D_real_ViT: 0.225 D_fake_ViT: 0.128 global: 0.489 spatial: 0.119 
(epoch: 35, iters: 4980, time: 0.487, data: 0.001) G_GAN_ViT: 0.421 D_real_ViT: 0.151 D_fake_ViT: 0.170 global: 0.429 spatial: 0.117 
(epoch: 35, iters: 5080, time: 0.487, data: 0.001) G_GAN_ViT: 0.490 D_real_ViT: 0.188 D_fake_ViT: 0.154 global: 0.426 spatial: 0.113 
saving the model at the end of epoch 35, iters 177800
End of epoch 35 / 100 	 Time Taken: 2483 sec
learning rate = 0.0000100
(epoch: 36, iters: 100, time: 0.487, data: 0.151) G_GAN_ViT: 0.402 D_real_ViT: 0.345 D_fake_ViT: 0.209 global: 0.563 spatial: 0.156 
(epoch: 36, iters: 200, time: 0.487, data: 0.001) G_GAN_ViT: 0.338 D_real_ViT: 0.196 D_fake_ViT: 0.214 global: 0.431 spatial: 0.096 
(epoch: 36, iters: 300, time: 0.487, data: 0.001) G_GAN_ViT: 0.416 D_real_ViT: 0.246 D_fake_ViT: 0.169 global: 0.501 spatial: 0.116 
(epoch: 36, iters: 400, time: 0.487, data: 0.001) G_GAN_ViT: 0.433 D_real_ViT: 0.228 D_fake_ViT: 0.173 global: 0.359 spatial: 0.090 
(epoch: 36, iters: 500, time: 0.487, data: 0.001) G_GAN_ViT: 0.330 D_real_ViT: 0.146 D_fake_ViT: 0.230 global: 0.506 spatial: 0.093 
(epoch: 36, iters: 600, time: 0.487, data: 0.001) G_GAN_ViT: 0.365 D_real_ViT: 0.306 D_fake_ViT: 0.188 global: 0.489 spatial: 0.094 
(epoch: 36, iters: 700, time: 0.487, data: 0.001) G_GAN_ViT: 0.397 D_real_ViT: 0.187 D_fake_ViT: 0.170 global: 0.404 spatial: 0.088 
(epoch: 36, iters: 800, time: 0.487, data: 0.001) G_GAN_ViT: 0.372 D_real_ViT: 0.201 D_fake_ViT: 0.192 global: 0.590 spatial: 0.111 
(epoch: 36, iters: 900, time: 0.486, data: 0.001) G_GAN_ViT: 0.356 D_real_ViT: 0.227 D_fake_ViT: 0.198 global: 0.297 spatial: 0.072 
(epoch: 36, iters: 1000, time: 0.486, data: 0.001) G_GAN_ViT: 0.270 D_real_ViT: 0.160 D_fake_ViT: 0.290 global: 0.441 spatial: 0.113 
(epoch: 36, iters: 1100, time: 0.486, data: 0.002) G_GAN_ViT: 0.352 D_real_ViT: 0.169 D_fake_ViT: 0.212 global: 0.593 spatial: 0.111 
(epoch: 36, iters: 1200, time: 0.486, data: 0.001) G_GAN_ViT: 0.439 D_real_ViT: 0.275 D_fake_ViT: 0.150 global: 0.469 spatial: 0.117 
(epoch: 36, iters: 1300, time: 0.486, data: 0.001) G_GAN_ViT: 0.371 D_real_ViT: 0.218 D_fake_ViT: 0.188 global: 0.443 spatial: 0.098 
(epoch: 36, iters: 1400, time: 0.487, data: 0.002) G_GAN_ViT: 0.327 D_real_ViT: 0.285 D_fake_ViT: 0.234 global: 0.433 spatial: 0.105 
(epoch: 36, iters: 1500, time: 0.487, data: 0.001) G_GAN_ViT: 0.334 D_real_ViT: 0.224 D_fake_ViT: 0.230 global: 0.352 spatial: 0.083 
(epoch: 36, iters: 1600, time: 0.487, data: 0.001) G_GAN_ViT: 0.326 D_real_ViT: 0.160 D_fake_ViT: 0.223 global: 0.403 spatial: 0.090 
(epoch: 36, iters: 1700, time: 0.487, data: 0.001) G_GAN_ViT: 0.333 D_real_ViT: 0.180 D_fake_ViT: 0.228 global: 0.358 spatial: 0.095 
(epoch: 36, iters: 1800, time: 0.487, data: 0.001) G_GAN_ViT: 0.366 D_real_ViT: 0.106 D_fake_ViT: 0.204 global: 0.433 spatial: 0.108 
(epoch: 36, iters: 1900, time: 0.487, data: 0.001) G_GAN_ViT: 0.410 D_real_ViT: 0.294 D_fake_ViT: 0.166 global: 0.513 spatial: 0.100 
(epoch: 36, iters: 2000, time: 0.487, data: 0.001) G_GAN_ViT: 0.344 D_real_ViT: 0.143 D_fake_ViT: 0.226 global: 0.491 spatial: 0.114 
(epoch: 36, iters: 2100, time: 0.487, data: 0.001) G_GAN_ViT: 0.297 D_real_ViT: 0.215 D_fake_ViT: 0.245 global: 0.419 spatial: 0.093 
(epoch: 36, iters: 2200, time: 0.486, data: 0.001) G_GAN_ViT: 0.300 D_real_ViT: 0.264 D_fake_ViT: 0.245 global: 0.291 spatial: 0.079 
saving the latest model (epoch 36, total_iters 180000)
IRVI_single_monitor
(epoch: 36, iters: 2300, time: 0.487, data: 0.002) G_GAN_ViT: 0.350 D_real_ViT: 0.256 D_fake_ViT: 0.212 global: 0.378 spatial: 0.099 
(epoch: 36, iters: 2400, time: 0.486, data: 0.001) G_GAN_ViT: 0.290 D_real_ViT: 0.240 D_fake_ViT: 0.258 global: 0.510 spatial: 0.090 
(epoch: 36, iters: 2500, time: 0.487, data: 0.001) G_GAN_ViT: 0.340 D_real_ViT: 0.258 D_fake_ViT: 0.209 global: 0.421 spatial: 0.100 
(epoch: 36, iters: 2600, time: 0.487, data: 0.001) G_GAN_ViT: 0.338 D_real_ViT: 0.210 D_fake_ViT: 0.222 global: 0.486 spatial: 0.102 
(epoch: 36, iters: 2700, time: 0.487, data: 0.001) G_GAN_ViT: 0.346 D_real_ViT: 0.250 D_fake_ViT: 0.210 global: 0.424 spatial: 0.087 
(epoch: 36, iters: 2800, time: 0.487, data: 0.001) G_GAN_ViT: 0.404 D_real_ViT: 0.281 D_fake_ViT: 0.159 global: 0.484 spatial: 0.103 
(epoch: 36, iters: 2900, time: 0.487, data: 0.001) G_GAN_ViT: 0.386 D_real_ViT: 0.243 D_fake_ViT: 0.207 global: 0.587 spatial: 0.165 
(epoch: 36, iters: 3000, time: 0.487, data: 0.001) G_GAN_ViT: 0.454 D_real_ViT: 0.208 D_fake_ViT: 0.155 global: 0.482 spatial: 0.122 
(epoch: 36, iters: 3100, time: 0.487, data: 0.001) G_GAN_ViT: 0.467 D_real_ViT: 0.187 D_fake_ViT: 0.150 global: 0.310 spatial: 0.069 
(epoch: 36, iters: 3200, time: 0.487, data: 0.001) G_GAN_ViT: 0.394 D_real_ViT: 0.205 D_fake_ViT: 0.182 global: 0.390 spatial: 0.085 
(epoch: 36, iters: 3300, time: 0.487, data: 0.001) G_GAN_ViT: 0.508 D_real_ViT: 0.125 D_fake_ViT: 0.145 global: 0.444 spatial: 0.107 
(epoch: 36, iters: 3400, time: 0.487, data: 0.001) G_GAN_ViT: 0.413 D_real_ViT: 0.223 D_fake_ViT: 0.183 global: 0.390 spatial: 0.080 
(epoch: 36, iters: 3500, time: 0.487, data: 0.001) G_GAN_ViT: 0.467 D_real_ViT: 0.277 D_fake_ViT: 0.147 global: 0.510 spatial: 0.127 
(epoch: 36, iters: 3600, time: 0.487, data: 0.001) G_GAN_ViT: 0.368 D_real_ViT: 0.254 D_fake_ViT: 0.210 global: 0.443 spatial: 0.108 
(epoch: 36, iters: 3700, time: 0.487, data: 0.001) G_GAN_ViT: 0.415 D_real_ViT: 0.232 D_fake_ViT: 0.159 global: 0.441 spatial: 0.090 
(epoch: 36, iters: 3800, time: 0.487, data: 0.001) G_GAN_ViT: 0.349 D_real_ViT: 0.148 D_fake_ViT: 0.218 global: 0.469 spatial: 0.117 
(epoch: 36, iters: 3900, time: 0.487, data: 0.001) G_GAN_ViT: 0.358 D_real_ViT: 0.157 D_fake_ViT: 0.203 global: 0.379 spatial: 0.081 
(epoch: 36, iters: 4000, time: 0.487, data: 0.001) G_GAN_ViT: 0.458 D_real_ViT: 0.193 D_fake_ViT: 0.147 global: 0.492 spatial: 0.119 
(epoch: 36, iters: 4100, time: 0.487, data: 0.001) G_GAN_ViT: 0.378 D_real_ViT: 0.167 D_fake_ViT: 0.197 global: 0.383 spatial: 0.080 
(epoch: 36, iters: 4200, time: 0.487, data: 0.002) G_GAN_ViT: 0.386 D_real_ViT: 0.218 D_fake_ViT: 0.186 global: 0.578 spatial: 0.097 
(epoch: 36, iters: 4300, time: 0.487, data: 0.001) G_GAN_ViT: 0.438 D_real_ViT: 0.183 D_fake_ViT: 0.154 global: 0.438 spatial: 0.090 
(epoch: 36, iters: 4400, time: 0.487, data: 0.001) G_GAN_ViT: 0.316 D_real_ViT: 0.254 D_fake_ViT: 0.242 global: 0.357 spatial: 0.078 
(epoch: 36, iters: 4500, time: 0.487, data: 0.001) G_GAN_ViT: 0.393 D_real_ViT: 0.198 D_fake_ViT: 0.195 global: 0.427 spatial: 0.109 
(epoch: 36, iters: 4600, time: 0.487, data: 0.001) G_GAN_ViT: 0.354 D_real_ViT: 0.191 D_fake_ViT: 0.207 global: 0.445 spatial: 0.099 
(epoch: 36, iters: 4700, time: 0.487, data: 0.001) G_GAN_ViT: 0.386 D_real_ViT: 0.222 D_fake_ViT: 0.217 global: 0.363 spatial: 0.088 
(epoch: 36, iters: 4800, time: 0.487, data: 0.001) G_GAN_ViT: 0.486 D_real_ViT: 0.240 D_fake_ViT: 0.134 global: 0.323 spatial: 0.075 
(epoch: 36, iters: 4900, time: 0.487, data: 0.001) G_GAN_ViT: 0.358 D_real_ViT: 0.231 D_fake_ViT: 0.218 global: 0.618 spatial: 0.163 
(epoch: 36, iters: 5000, time: 0.487, data: 0.001) G_GAN_ViT: 0.390 D_real_ViT: 0.252 D_fake_ViT: 0.203 global: 0.654 spatial: 0.153 
End of epoch 36 / 100 	 Time Taken: 2481 sec
learning rate = 0.0000100
(epoch: 37, iters: 20, time: 0.487, data: 0.001) G_GAN_ViT: 0.292 D_real_ViT: 0.120 D_fake_ViT: 0.296 global: 0.421 spatial: 0.080 
(epoch: 37, iters: 120, time: 0.487, data: 0.001) G_GAN_ViT: 0.347 D_real_ViT: 0.235 D_fake_ViT: 0.232 global: 0.517 spatial: 0.122 
(epoch: 37, iters: 220, time: 0.487, data: 0.001) G_GAN_ViT: 0.480 D_real_ViT: 0.180 D_fake_ViT: 0.138 global: 0.362 spatial: 0.092 
(epoch: 37, iters: 320, time: 0.488, data: 0.001) G_GAN_ViT: 0.291 D_real_ViT: 0.212 D_fake_ViT: 0.271 global: 0.480 spatial: 0.091 
(epoch: 37, iters: 420, time: 0.487, data: 0.001) G_GAN_ViT: 0.551 D_real_ViT: 0.272 D_fake_ViT: 0.112 global: 0.651 spatial: 0.177 
(epoch: 37, iters: 520, time: 0.487, data: 0.001) G_GAN_ViT: 0.341 D_real_ViT: 0.201 D_fake_ViT: 0.219 global: 0.372 spatial: 0.076 
(epoch: 37, iters: 620, time: 0.487, data: 0.001) G_GAN_ViT: 0.298 D_real_ViT: 0.150 D_fake_ViT: 0.279 global: 0.595 spatial: 0.161 
(epoch: 37, iters: 720, time: 0.488, data: 0.001) G_GAN_ViT: 0.388 D_real_ViT: 0.148 D_fake_ViT: 0.187 global: 0.390 spatial: 0.098 
(epoch: 37, iters: 820, time: 0.487, data: 0.001) G_GAN_ViT: 0.301 D_real_ViT: 0.257 D_fake_ViT: 0.243 global: 0.342 spatial: 0.097 
(epoch: 37, iters: 920, time: 0.487, data: 0.001) G_GAN_ViT: 0.337 D_real_ViT: 0.282 D_fake_ViT: 0.225 global: 0.451 spatial: 0.109 
(epoch: 37, iters: 1020, time: 0.486, data: 0.001) G_GAN_ViT: 0.475 D_real_ViT: 0.226 D_fake_ViT: 0.150 global: 0.395 spatial: 0.092 
(epoch: 37, iters: 1120, time: 0.486, data: 0.001) G_GAN_ViT: 0.521 D_real_ViT: 0.263 D_fake_ViT: 0.126 global: 0.364 spatial: 0.093 
(epoch: 37, iters: 1220, time: 0.487, data: 0.001) G_GAN_ViT: 0.531 D_real_ViT: 0.138 D_fake_ViT: 0.147 global: 0.550 spatial: 0.123 
(epoch: 37, iters: 1320, time: 0.487, data: 0.001) G_GAN_ViT: 0.494 D_real_ViT: 0.204 D_fake_ViT: 0.142 global: 0.457 spatial: 0.100 
(epoch: 37, iters: 1420, time: 0.487, data: 0.001) G_GAN_ViT: 0.374 D_real_ViT: 0.292 D_fake_ViT: 0.202 global: 0.356 spatial: 0.090 
(epoch: 37, iters: 1520, time: 0.487, data: 0.001) G_GAN_ViT: 0.332 D_real_ViT: 0.300 D_fake_ViT: 0.221 global: 0.430 spatial: 0.106 
(epoch: 37, iters: 1620, time: 0.487, data: 0.001) G_GAN_ViT: 0.401 D_real_ViT: 0.210 D_fake_ViT: 0.198 global: 0.644 spatial: 0.158 
(epoch: 37, iters: 1720, time: 0.487, data: 0.001) G_GAN_ViT: 0.380 D_real_ViT: 0.133 D_fake_ViT: 0.197 global: 0.455 spatial: 0.109 
(epoch: 37, iters: 1820, time: 0.487, data: 0.001) G_GAN_ViT: 0.545 D_real_ViT: 0.173 D_fake_ViT: 0.119 global: 0.346 spatial: 0.073 
(epoch: 37, iters: 1920, time: 0.487, data: 0.001) G_GAN_ViT: 0.360 D_real_ViT: 0.171 D_fake_ViT: 0.216 global: 0.454 spatial: 0.111 
(epoch: 37, iters: 2020, time: 0.488, data: 0.001) G_GAN_ViT: 0.267 D_real_ViT: 0.213 D_fake_ViT: 0.292 global: 0.449 spatial: 0.113 
(epoch: 37, iters: 2120, time: 0.487, data: 0.001) G_GAN_ViT: 0.447 D_real_ViT: 0.142 D_fake_ViT: 0.177 global: 0.412 spatial: 0.105 
saving the latest model (epoch 37, total_iters 185000)
IRVI_single_monitor
(epoch: 37, iters: 2220, time: 0.487, data: 0.002) G_GAN_ViT: 0.336 D_real_ViT: 0.180 D_fake_ViT: 0.243 global: 0.337 spatial: 0.083 
(epoch: 37, iters: 2320, time: 0.486, data: 0.002) G_GAN_ViT: 0.293 D_real_ViT: 0.125 D_fake_ViT: 0.288 global: 0.574 spatial: 0.145 
(epoch: 37, iters: 2420, time: 0.486, data: 0.001) G_GAN_ViT: 0.342 D_real_ViT: 0.197 D_fake_ViT: 0.222 global: 0.324 spatial: 0.084 
(epoch: 37, iters: 2520, time: 0.487, data: 0.001) G_GAN_ViT: 0.316 D_real_ViT: 0.203 D_fake_ViT: 0.231 global: 0.328 spatial: 0.091 
(epoch: 37, iters: 2620, time: 0.487, data: 0.001) G_GAN_ViT: 0.371 D_real_ViT: 0.216 D_fake_ViT: 0.215 global: 0.610 spatial: 0.172 
(epoch: 37, iters: 2720, time: 0.487, data: 0.001) G_GAN_ViT: 0.303 D_real_ViT: 0.208 D_fake_ViT: 0.266 global: 0.343 spatial: 0.082 
(epoch: 37, iters: 2820, time: 0.487, data: 0.001) G_GAN_ViT: 0.513 D_real_ViT: 0.237 D_fake_ViT: 0.144 global: 0.580 spatial: 0.150 
(epoch: 37, iters: 2920, time: 0.487, data: 0.001) G_GAN_ViT: 0.363 D_real_ViT: 0.232 D_fake_ViT: 0.206 global: 0.341 spatial: 0.085 
(epoch: 37, iters: 3020, time: 0.487, data: 0.001) G_GAN_ViT: 0.361 D_real_ViT: 0.255 D_fake_ViT: 0.226 global: 0.444 spatial: 0.113 
(epoch: 37, iters: 3120, time: 0.487, data: 0.001) G_GAN_ViT: 0.364 D_real_ViT: 0.190 D_fake_ViT: 0.221 global: 0.347 spatial: 0.084 
(epoch: 37, iters: 3220, time: 0.487, data: 0.001) G_GAN_ViT: 0.357 D_real_ViT: 0.112 D_fake_ViT: 0.245 global: 0.523 spatial: 0.147 
(epoch: 37, iters: 3320, time: 0.487, data: 0.001) G_GAN_ViT: 0.313 D_real_ViT: 0.285 D_fake_ViT: 0.240 global: 0.413 spatial: 0.092 
(epoch: 37, iters: 3420, time: 0.487, data: 0.001) G_GAN_ViT: 0.389 D_real_ViT: 0.213 D_fake_ViT: 0.182 global: 0.384 spatial: 0.086 
(epoch: 37, iters: 3520, time: 0.487, data: 0.001) G_GAN_ViT: 0.422 D_real_ViT: 0.237 D_fake_ViT: 0.172 global: 0.510 spatial: 0.125 
(epoch: 37, iters: 3620, time: 0.487, data: 0.001) G_GAN_ViT: 0.309 D_real_ViT: 0.030 D_fake_ViT: 0.242 global: 0.337 spatial: 0.071 
(epoch: 37, iters: 3720, time: 0.487, data: 0.001) G_GAN_ViT: 0.349 D_real_ViT: 0.319 D_fake_ViT: 0.199 global: 0.388 spatial: 0.100 
(epoch: 37, iters: 3820, time: 0.488, data: 0.001) G_GAN_ViT: 0.421 D_real_ViT: 0.277 D_fake_ViT: 0.184 global: 0.406 spatial: 0.073 
(epoch: 37, iters: 3920, time: 0.488, data: 0.001) G_GAN_ViT: 0.478 D_real_ViT: 0.234 D_fake_ViT: 0.144 global: 0.615 spatial: 0.180 
(epoch: 37, iters: 4020, time: 0.488, data: 0.001) G_GAN_ViT: 0.416 D_real_ViT: 0.228 D_fake_ViT: 0.170 global: 0.473 spatial: 0.117 
(epoch: 37, iters: 4120, time: 0.487, data: 0.001) G_GAN_ViT: 0.349 D_real_ViT: 0.137 D_fake_ViT: 0.211 global: 0.378 spatial: 0.094 
(epoch: 37, iters: 4220, time: 0.487, data: 0.001) G_GAN_ViT: 0.336 D_real_ViT: 0.184 D_fake_ViT: 0.227 global: 0.625 spatial: 0.105 
(epoch: 37, iters: 4320, time: 0.487, data: 0.002) G_GAN_ViT: 0.382 D_real_ViT: 0.252 D_fake_ViT: 0.229 global: 0.622 spatial: 0.176 
(epoch: 37, iters: 4420, time: 0.487, data: 0.002) G_GAN_ViT: 0.342 D_real_ViT: 0.206 D_fake_ViT: 0.229 global: 0.422 spatial: 0.114 
(epoch: 37, iters: 4520, time: 0.487, data: 0.002) G_GAN_ViT: 0.306 D_real_ViT: 0.117 D_fake_ViT: 0.263 global: 0.383 spatial: 0.080 
(epoch: 37, iters: 4620, time: 0.487, data: 0.001) G_GAN_ViT: 0.409 D_real_ViT: 0.261 D_fake_ViT: 0.176 global: 0.375 spatial: 0.082 
(epoch: 37, iters: 4720, time: 0.487, data: 0.001) G_GAN_ViT: 0.365 D_real_ViT: 0.268 D_fake_ViT: 0.205 global: 0.555 spatial: 0.111 
(epoch: 37, iters: 4820, time: 0.486, data: 0.001) G_GAN_ViT: 0.593 D_real_ViT: 0.174 D_fake_ViT: 0.152 global: 0.673 spatial: 0.151 
(epoch: 37, iters: 4920, time: 0.486, data: 0.001) G_GAN_ViT: 0.427 D_real_ViT: 0.227 D_fake_ViT: 0.169 global: 0.342 spatial: 0.069 
(epoch: 37, iters: 5020, time: 0.486, data: 0.002) G_GAN_ViT: 0.320 D_real_ViT: 0.154 D_fake_ViT: 0.235 global: 0.416 spatial: 0.115 
End of epoch 37 / 100 	 Time Taken: 2482 sec
learning rate = 0.0000100
(epoch: 38, iters: 40, time: 0.486, data: 0.001) G_GAN_ViT: 0.438 D_real_ViT: 0.221 D_fake_ViT: 0.154 global: 0.618 spatial: 0.164 
(epoch: 38, iters: 140, time: 0.486, data: 0.002) G_GAN_ViT: 0.322 D_real_ViT: 0.135 D_fake_ViT: 0.250 global: 0.475 spatial: 0.112 
(epoch: 38, iters: 240, time: 0.486, data: 0.001) G_GAN_ViT: 0.388 D_real_ViT: 0.032 D_fake_ViT: 0.183 global: 0.374 spatial: 0.081 
(epoch: 38, iters: 340, time: 0.486, data: 0.001) G_GAN_ViT: 0.376 D_real_ViT: 0.171 D_fake_ViT: 0.203 global: 0.377 spatial: 0.082 
(epoch: 38, iters: 440, time: 0.486, data: 0.001) G_GAN_ViT: 0.293 D_real_ViT: 0.290 D_fake_ViT: 0.243 global: 0.451 spatial: 0.090 
(epoch: 38, iters: 540, time: 0.486, data: 0.001) G_GAN_ViT: 0.401 D_real_ViT: 0.223 D_fake_ViT: 0.183 global: 0.388 spatial: 0.098 
(epoch: 38, iters: 640, time: 0.485, data: 0.001) G_GAN_ViT: 0.274 D_real_ViT: 0.155 D_fake_ViT: 0.295 global: 0.282 spatial: 0.055 
(epoch: 38, iters: 740, time: 0.486, data: 0.001) G_GAN_ViT: 0.340 D_real_ViT: 0.213 D_fake_ViT: 0.275 global: 0.528 spatial: 0.140 
(epoch: 38, iters: 840, time: 0.486, data: 0.001) G_GAN_ViT: 0.322 D_real_ViT: 0.195 D_fake_ViT: 0.237 global: 0.460 spatial: 0.087 
(epoch: 38, iters: 940, time: 0.485, data: 0.001) G_GAN_ViT: 0.378 D_real_ViT: 0.209 D_fake_ViT: 0.209 global: 0.378 spatial: 0.095 
(epoch: 38, iters: 1040, time: 0.485, data: 0.001) G_GAN_ViT: 0.353 D_real_ViT: 0.224 D_fake_ViT: 0.201 global: 0.434 spatial: 0.106 
(epoch: 38, iters: 1140, time: 0.486, data: 0.001) G_GAN_ViT: 0.400 D_real_ViT: 0.232 D_fake_ViT: 0.170 global: 0.396 spatial: 0.090 
(epoch: 38, iters: 1240, time: 0.486, data: 0.001) G_GAN_ViT: 0.321 D_real_ViT: 0.026 D_fake_ViT: 0.244 global: 0.352 spatial: 0.090 
(epoch: 38, iters: 1340, time: 0.486, data: 0.002) G_GAN_ViT: 0.417 D_real_ViT: 0.203 D_fake_ViT: 0.178 global: 0.569 spatial: 0.124 
(epoch: 38, iters: 1440, time: 0.486, data: 0.001) G_GAN_ViT: 0.279 D_real_ViT: 0.345 D_fake_ViT: 0.261 global: 0.353 spatial: 0.091 
(epoch: 38, iters: 1540, time: 0.486, data: 0.001) G_GAN_ViT: 0.345 D_real_ViT: 0.242 D_fake_ViT: 0.230 global: 0.654 spatial: 0.167 
(epoch: 38, iters: 1640, time: 0.486, data: 0.001) G_GAN_ViT: 0.475 D_real_ViT: 0.270 D_fake_ViT: 0.156 global: 0.560 spatial: 0.110 
(epoch: 38, iters: 1740, time: 0.486, data: 0.001) G_GAN_ViT: 0.352 D_real_ViT: 0.223 D_fake_ViT: 0.205 global: 0.431 spatial: 0.080 
(epoch: 38, iters: 1840, time: 0.486, data: 0.002) G_GAN_ViT: 0.352 D_real_ViT: 0.202 D_fake_ViT: 0.226 global: 0.631 spatial: 0.150 
(epoch: 38, iters: 1940, time: 0.485, data: 0.002) G_GAN_ViT: 0.393 D_real_ViT: 0.224 D_fake_ViT: 0.186 global: 0.641 spatial: 0.176 
(epoch: 38, iters: 2040, time: 0.486, data: 0.001) G_GAN_ViT: 0.492 D_real_ViT: 0.180 D_fake_ViT: 0.133 global: 0.533 spatial: 0.103 
saving the latest model (epoch 38, total_iters 190000)
IRVI_single_monitor
(epoch: 38, iters: 2140, time: 0.486, data: 0.001) G_GAN_ViT: 0.423 D_real_ViT: 0.317 D_fake_ViT: 0.150 global: 0.443 spatial: 0.086 
(epoch: 38, iters: 2240, time: 0.486, data: 0.001) G_GAN_ViT: 0.352 D_real_ViT: 0.239 D_fake_ViT: 0.228 global: 0.644 spatial: 0.161 
(epoch: 38, iters: 2340, time: 0.486, data: 0.001) G_GAN_ViT: 0.386 D_real_ViT: 0.197 D_fake_ViT: 0.192 global: 0.394 spatial: 0.111 
(epoch: 38, iters: 2440, time: 0.486, data: 0.001) G_GAN_ViT: 0.500 D_real_ViT: 0.231 D_fake_ViT: 0.155 global: 0.673 spatial: 0.173 
(epoch: 38, iters: 2540, time: 0.486, data: 0.001) G_GAN_ViT: 0.327 D_real_ViT: 0.190 D_fake_ViT: 0.220 global: 0.383 spatial: 0.095 
(epoch: 38, iters: 2640, time: 0.486, data: 0.001) G_GAN_ViT: 0.436 D_real_ViT: 0.164 D_fake_ViT: 0.173 global: 0.510 spatial: 0.120 
(epoch: 38, iters: 2740, time: 0.486, data: 0.001) G_GAN_ViT: 0.463 D_real_ViT: 0.232 D_fake_ViT: 0.177 global: 0.652 spatial: 0.155 
(epoch: 38, iters: 2840, time: 0.486, data: 0.001) G_GAN_ViT: 0.353 D_real_ViT: 0.024 D_fake_ViT: 0.208 global: 0.425 spatial: 0.083 
(epoch: 38, iters: 2940, time: 0.486, data: 0.001) G_GAN_ViT: 0.294 D_real_ViT: 0.260 D_fake_ViT: 0.273 global: 0.416 spatial: 0.108 
(epoch: 38, iters: 3040, time: 0.486, data: 0.001) G_GAN_ViT: 0.351 D_real_ViT: 0.216 D_fake_ViT: 0.198 global: 0.312 spatial: 0.086 
(epoch: 38, iters: 3140, time: 0.487, data: 0.001) G_GAN_ViT: 0.430 D_real_ViT: 0.270 D_fake_ViT: 0.168 global: 0.534 spatial: 0.129 
(epoch: 38, iters: 3240, time: 0.486, data: 0.001) G_GAN_ViT: 0.277 D_real_ViT: 0.228 D_fake_ViT: 0.272 global: 0.369 spatial: 0.090 
(epoch: 38, iters: 3340, time: 0.487, data: 0.001) G_GAN_ViT: 0.232 D_real_ViT: 0.219 D_fake_ViT: 0.321 global: 0.424 spatial: 0.099 
(epoch: 38, iters: 3440, time: 0.487, data: 0.001) G_GAN_ViT: 0.313 D_real_ViT: 0.194 D_fake_ViT: 0.243 global: 0.417 spatial: 0.074 
(epoch: 38, iters: 3540, time: 0.487, data: 0.001) G_GAN_ViT: 0.418 D_real_ViT: 0.212 D_fake_ViT: 0.175 global: 0.502 spatial: 0.129 
(epoch: 38, iters: 3640, time: 0.487, data: 0.001) G_GAN_ViT: 0.283 D_real_ViT: 0.141 D_fake_ViT: 0.297 global: 0.498 spatial: 0.117 
(epoch: 38, iters: 3740, time: 0.487, data: 0.001) G_GAN_ViT: 0.414 D_real_ViT: 0.255 D_fake_ViT: 0.169 global: 0.451 spatial: 0.099 
(epoch: 38, iters: 3840, time: 0.487, data: 0.002) G_GAN_ViT: 0.378 D_real_ViT: 0.302 D_fake_ViT: 0.204 global: 0.601 spatial: 0.171 
(epoch: 38, iters: 3940, time: 0.487, data: 0.001) G_GAN_ViT: 0.410 D_real_ViT: 0.236 D_fake_ViT: 0.184 global: 0.460 spatial: 0.108 
(epoch: 38, iters: 4040, time: 0.487, data: 0.001) G_GAN_ViT: 0.361 D_real_ViT: 0.279 D_fake_ViT: 0.211 global: 0.420 spatial: 0.089 
(epoch: 38, iters: 4140, time: 0.487, data: 0.003) G_GAN_ViT: 0.371 D_real_ViT: 0.235 D_fake_ViT: 0.195 global: 0.469 spatial: 0.111 
(epoch: 38, iters: 4240, time: 0.486, data: 0.001) G_GAN_ViT: 0.441 D_real_ViT: 0.123 D_fake_ViT: 0.159 global: 0.448 spatial: 0.104 
(epoch: 38, iters: 4340, time: 0.486, data: 0.001) G_GAN_ViT: 0.322 D_real_ViT: 0.134 D_fake_ViT: 0.225 global: 0.425 spatial: 0.090 
(epoch: 38, iters: 4440, time: 0.487, data: 0.001) G_GAN_ViT: 0.354 D_real_ViT: 0.218 D_fake_ViT: 0.217 global: 0.490 spatial: 0.091 
(epoch: 38, iters: 4540, time: 0.487, data: 0.001) G_GAN_ViT: 0.403 D_real_ViT: 0.375 D_fake_ViT: 0.219 global: 0.503 spatial: 0.139 
(epoch: 38, iters: 4640, time: 0.487, data: 0.001) G_GAN_ViT: 0.633 D_real_ViT: 0.218 D_fake_ViT: 0.128 global: 0.367 spatial: 0.056 
(epoch: 38, iters: 4740, time: 0.487, data: 0.001) G_GAN_ViT: 0.402 D_real_ViT: 0.202 D_fake_ViT: 0.186 global: 0.513 spatial: 0.121 
(epoch: 38, iters: 4840, time: 0.485, data: 0.001) G_GAN_ViT: 0.294 D_real_ViT: 0.218 D_fake_ViT: 0.274 global: 0.608 spatial: 0.110 
(epoch: 38, iters: 4940, time: 0.486, data: 0.001) G_GAN_ViT: 0.298 D_real_ViT: 0.140 D_fake_ViT: 0.271 global: 0.316 spatial: 0.077 
(epoch: 38, iters: 5040, time: 0.486, data: 0.001) G_GAN_ViT: 0.308 D_real_ViT: 0.278 D_fake_ViT: 0.249 global: 0.494 spatial: 0.092 
End of epoch 38 / 100 	 Time Taken: 2478 sec
learning rate = 0.0000100
(epoch: 39, iters: 60, time: 0.486, data: 0.001) G_GAN_ViT: 0.338 D_real_ViT: 0.178 D_fake_ViT: 0.225 global: 0.420 spatial: 0.120 
(epoch: 39, iters: 160, time: 0.487, data: 0.001) G_GAN_ViT: 0.466 D_real_ViT: 0.203 D_fake_ViT: 0.157 global: 0.453 spatial: 0.111 
(epoch: 39, iters: 260, time: 0.487, data: 0.001) G_GAN_ViT: 0.434 D_real_ViT: 0.305 D_fake_ViT: 0.159 global: 0.410 spatial: 0.095 
(epoch: 39, iters: 360, time: 0.487, data: 0.001) G_GAN_ViT: 0.406 D_real_ViT: 0.268 D_fake_ViT: 0.181 global: 0.639 spatial: 0.151 
(epoch: 39, iters: 460, time: 0.487, data: 0.001) G_GAN_ViT: 0.349 D_real_ViT: 0.179 D_fake_ViT: 0.210 global: 0.313 spatial: 0.079 
(epoch: 39, iters: 560, time: 0.486, data: 0.001) G_GAN_ViT: 0.549 D_real_ViT: 0.166 D_fake_ViT: 0.111 global: 0.489 spatial: 0.121 
(epoch: 39, iters: 660, time: 0.487, data: 0.001) G_GAN_ViT: 0.402 D_real_ViT: 0.028 D_fake_ViT: 0.201 global: 0.318 spatial: 0.064 
(epoch: 39, iters: 760, time: 0.487, data: 0.002) G_GAN_ViT: 0.385 D_real_ViT: 0.183 D_fake_ViT: 0.183 global: 0.404 spatial: 0.104 
(epoch: 39, iters: 860, time: 0.486, data: 0.001) G_GAN_ViT: 0.367 D_real_ViT: 0.297 D_fake_ViT: 0.185 global: 0.487 spatial: 0.093 
(epoch: 39, iters: 960, time: 0.485, data: 0.001) G_GAN_ViT: 0.402 D_real_ViT: 0.286 D_fake_ViT: 0.167 global: 0.421 spatial: 0.097 
(epoch: 39, iters: 1060, time: 0.486, data: 0.001) G_GAN_ViT: 0.360 D_real_ViT: 0.326 D_fake_ViT: 0.248 global: 0.294 spatial: 0.071 
(epoch: 39, iters: 1160, time: 0.486, data: 0.001) G_GAN_ViT: 0.319 D_real_ViT: 0.226 D_fake_ViT: 0.230 global: 0.486 spatial: 0.091 
(epoch: 39, iters: 1260, time: 0.486, data: 0.002) G_GAN_ViT: 0.331 D_real_ViT: 0.139 D_fake_ViT: 0.224 global: 0.370 spatial: 0.084 
(epoch: 39, iters: 1360, time: 0.487, data: 0.001) G_GAN_ViT: 0.408 D_real_ViT: 0.168 D_fake_ViT: 0.170 global: 0.506 spatial: 0.098 
(epoch: 39, iters: 1460, time: 0.487, data: 0.002) G_GAN_ViT: 0.332 D_real_ViT: 0.264 D_fake_ViT: 0.224 global: 0.426 spatial: 0.120 
(epoch: 39, iters: 1560, time: 0.487, data: 0.002) G_GAN_ViT: 0.493 D_real_ViT: 0.232 D_fake_ViT: 0.131 global: 0.662 spatial: 0.172 
(epoch: 39, iters: 1660, time: 0.487, data: 0.002) G_GAN_ViT: 0.366 D_real_ViT: 0.136 D_fake_ViT: 0.206 global: 0.608 spatial: 0.118 
(epoch: 39, iters: 1760, time: 0.487, data: 0.002) G_GAN_ViT: 0.391 D_real_ViT: 0.057 D_fake_ViT: 0.176 global: 0.454 spatial: 0.083 
(epoch: 39, iters: 1860, time: 0.487, data: 0.001) G_GAN_ViT: 0.334 D_real_ViT: 0.270 D_fake_ViT: 0.223 global: 0.415 spatial: 0.097 
(epoch: 39, iters: 1960, time: 0.487, data: 0.002) G_GAN_ViT: 0.315 D_real_ViT: 0.339 D_fake_ViT: 0.233 global: 0.374 spatial: 0.060 
saving the latest model (epoch 39, total_iters 195000)
IRVI_single_monitor
(epoch: 39, iters: 2060, time: 0.486, data: 0.002) G_GAN_ViT: 0.375 D_real_ViT: 0.258 D_fake_ViT: 0.189 global: 0.421 spatial: 0.103 
(epoch: 39, iters: 2160, time: 0.486, data: 0.001) G_GAN_ViT: 0.383 D_real_ViT: 0.260 D_fake_ViT: 0.191 global: 0.445 spatial: 0.114 
(epoch: 39, iters: 2260, time: 0.486, data: 0.002) G_GAN_ViT: 0.421 D_real_ViT: 0.082 D_fake_ViT: 0.166 global: 0.486 spatial: 0.117 
(epoch: 39, iters: 2360, time: 0.486, data: 0.002) G_GAN_ViT: 0.473 D_real_ViT: 0.239 D_fake_ViT: 0.160 global: 0.607 spatial: 0.162 
(epoch: 39, iters: 2460, time: 0.486, data: 0.002) G_GAN_ViT: 0.378 D_real_ViT: 0.243 D_fake_ViT: 0.180 global: 0.477 spatial: 0.093 
(epoch: 39, iters: 2560, time: 0.486, data: 0.002) G_GAN_ViT: 0.387 D_real_ViT: 0.164 D_fake_ViT: 0.206 global: 0.616 spatial: 0.160 
(epoch: 39, iters: 2660, time: 0.486, data: 0.002) G_GAN_ViT: 0.358 D_real_ViT: 0.178 D_fake_ViT: 0.194 global: 0.418 spatial: 0.087 
(epoch: 39, iters: 2760, time: 0.486, data: 0.002) G_GAN_ViT: 0.335 D_real_ViT: 0.185 D_fake_ViT: 0.220 global: 0.441 spatial: 0.089 
(epoch: 39, iters: 2860, time: 0.486, data: 0.002) G_GAN_ViT: 0.472 D_real_ViT: 0.265 D_fake_ViT: 0.164 global: 0.595 spatial: 0.154 
(epoch: 39, iters: 2960, time: 0.487, data: 0.001) G_GAN_ViT: 0.298 D_real_ViT: 0.147 D_fake_ViT: 0.244 global: 0.280 spatial: 0.080 
(epoch: 39, iters: 3060, time: 0.486, data: 0.002) G_GAN_ViT: 0.335 D_real_ViT: 0.174 D_fake_ViT: 0.235 global: 0.612 spatial: 0.127 
(epoch: 39, iters: 3160, time: 0.486, data: 0.001) G_GAN_ViT: 0.327 D_real_ViT: 0.226 D_fake_ViT: 0.221 global: 0.298 spatial: 0.080 
(epoch: 39, iters: 3260, time: 0.486, data: 0.002) G_GAN_ViT: 0.308 D_real_ViT: 0.178 D_fake_ViT: 0.237 global: 0.290 spatial: 0.076 
(epoch: 39, iters: 3360, time: 0.486, data: 0.002) G_GAN_ViT: 0.379 D_real_ViT: 0.214 D_fake_ViT: 0.185 global: 0.340 spatial: 0.060 
(epoch: 39, iters: 3460, time: 0.485, data: 0.001) G_GAN_ViT: 0.322 D_real_ViT: 0.267 D_fake_ViT: 0.251 global: 0.624 spatial: 0.169 
(epoch: 39, iters: 3560, time: 0.485, data: 0.001) G_GAN_ViT: 0.224 D_real_ViT: 0.290 D_fake_ViT: 0.327 global: 0.339 spatial: 0.077 
(epoch: 39, iters: 3660, time: 0.486, data: 0.001) G_GAN_ViT: 0.435 D_real_ViT: 0.247 D_fake_ViT: 0.158 global: 0.328 spatial: 0.085 
(epoch: 39, iters: 3760, time: 0.486, data: 0.002) G_GAN_ViT: 0.718 D_real_ViT: 0.252 D_fake_ViT: 0.077 global: 0.450 spatial: 0.098 
(epoch: 39, iters: 3860, time: 0.486, data: 0.002) G_GAN_ViT: 0.535 D_real_ViT: 0.384 D_fake_ViT: 0.111 global: 0.627 spatial: 0.171 
(epoch: 39, iters: 3960, time: 0.486, data: 0.001) G_GAN_ViT: 0.319 D_real_ViT: 0.162 D_fake_ViT: 0.231 global: 0.366 spatial: 0.079 
(epoch: 39, iters: 4060, time: 0.486, data: 0.001) G_GAN_ViT: 0.307 D_real_ViT: 0.268 D_fake_ViT: 0.267 global: 0.620 spatial: 0.171 
(epoch: 39, iters: 4160, time: 0.486, data: 0.002) G_GAN_ViT: 0.466 D_real_ViT: 0.040 D_fake_ViT: 0.158 global: 0.665 spatial: 0.162 
(epoch: 39, iters: 4260, time: 0.486, data: 0.001) G_GAN_ViT: 0.338 D_real_ViT: 0.285 D_fake_ViT: 0.231 global: 0.351 spatial: 0.096 
(epoch: 39, iters: 4360, time: 0.487, data: 0.001) G_GAN_ViT: 0.499 D_real_ViT: 0.029 D_fake_ViT: 0.144 global: 0.464 spatial: 0.109 
(epoch: 39, iters: 4460, time: 0.486, data: 0.002) G_GAN_ViT: 0.357 D_real_ViT: 0.293 D_fake_ViT: 0.219 global: 0.618 spatial: 0.174 
(epoch: 39, iters: 4560, time: 0.486, data: 0.002) G_GAN_ViT: 0.382 D_real_ViT: 0.161 D_fake_ViT: 0.201 global: 0.508 spatial: 0.127 
(epoch: 39, iters: 4660, time: 0.486, data: 0.002) G_GAN_ViT: 0.472 D_real_ViT: 0.332 D_fake_ViT: 0.134 global: 0.324 spatial: 0.074 
(epoch: 39, iters: 4760, time: 0.486, data: 0.001) G_GAN_ViT: 0.402 D_real_ViT: 0.243 D_fake_ViT: 0.167 global: 0.472 spatial: 0.110 
(epoch: 39, iters: 4860, time: 0.487, data: 0.002) G_GAN_ViT: 0.402 D_real_ViT: 0.213 D_fake_ViT: 0.190 global: 0.665 spatial: 0.145 
(epoch: 39, iters: 4960, time: 0.487, data: 0.002) G_GAN_ViT: 0.435 D_real_ViT: 0.274 D_fake_ViT: 0.183 global: 0.571 spatial: 0.153 
(epoch: 39, iters: 5060, time: 0.487, data: 0.002) G_GAN_ViT: 0.336 D_real_ViT: 0.319 D_fake_ViT: 0.237 global: 0.609 spatial: 0.144 
End of epoch 39 / 100 	 Time Taken: 2480 sec
learning rate = 0.0000100
(epoch: 40, iters: 80, time: 0.486, data: 0.002) G_GAN_ViT: 0.441 D_real_ViT: 0.217 D_fake_ViT: 0.178 global: 0.580 spatial: 0.145 
(epoch: 40, iters: 180, time: 0.486, data: 0.001) G_GAN_ViT: 0.314 D_real_ViT: 0.245 D_fake_ViT: 0.244 global: 0.371 spatial: 0.093 
(epoch: 40, iters: 280, time: 0.486, data: 0.002) G_GAN_ViT: 0.498 D_real_ViT: 0.235 D_fake_ViT: 0.134 global: 0.545 spatial: 0.138 
(epoch: 40, iters: 380, time: 0.486, data: 0.002) G_GAN_ViT: 0.357 D_real_ViT: 0.206 D_fake_ViT: 0.200 global: 0.463 spatial: 0.099 
(epoch: 40, iters: 480, time: 0.486, data: 0.002) G_GAN_ViT: 0.274 D_real_ViT: 0.165 D_fake_ViT: 0.301 global: 0.631 spatial: 0.157 
(epoch: 40, iters: 580, time: 0.486, data: 0.001) G_GAN_ViT: 0.474 D_real_ViT: 0.254 D_fake_ViT: 0.142 global: 0.637 spatial: 0.162 
(epoch: 40, iters: 680, time: 0.486, data: 0.001) G_GAN_ViT: 0.299 D_real_ViT: 0.238 D_fake_ViT: 0.256 global: 0.417 spatial: 0.084 
(epoch: 40, iters: 780, time: 0.486, data: 0.002) G_GAN_ViT: 0.463 D_real_ViT: 0.218 D_fake_ViT: 0.154 global: 0.350 spatial: 0.087 
(epoch: 40, iters: 880, time: 0.486, data: 0.002) G_GAN_ViT: 0.398 D_real_ViT: 0.173 D_fake_ViT: 0.177 global: 0.481 spatial: 0.123 
(epoch: 40, iters: 980, time: 0.486, data: 0.002) G_GAN_ViT: 0.364 D_real_ViT: 0.237 D_fake_ViT: 0.225 global: 0.632 spatial: 0.153 
(epoch: 40, iters: 1080, time: 0.486, data: 0.001) G_GAN_ViT: 0.419 D_real_ViT: 0.303 D_fake_ViT: 0.187 global: 0.459 spatial: 0.113 
(epoch: 40, iters: 1180, time: 0.486, data: 0.001) G_GAN_ViT: 0.429 D_real_ViT: 0.205 D_fake_ViT: 0.164 global: 0.451 spatial: 0.111 
(epoch: 40, iters: 1280, time: 0.486, data: 0.001) G_GAN_ViT: 0.478 D_real_ViT: 0.185 D_fake_ViT: 0.135 global: 0.343 spatial: 0.084 
(epoch: 40, iters: 1380, time: 0.486, data: 0.002) G_GAN_ViT: 0.293 D_real_ViT: 0.197 D_fake_ViT: 0.257 global: 0.407 spatial: 0.067 
(epoch: 40, iters: 1480, time: 0.487, data: 0.002) G_GAN_ViT: 0.505 D_real_ViT: 0.242 D_fake_ViT: 0.133 global: 0.655 spatial: 0.153 
(epoch: 40, iters: 1580, time: 0.487, data: 0.002) G_GAN_ViT: 0.366 D_real_ViT: 0.230 D_fake_ViT: 0.199 global: 0.431 spatial: 0.091 
(epoch: 40, iters: 1680, time: 0.487, data: 0.002) G_GAN_ViT: 0.452 D_real_ViT: 0.225 D_fake_ViT: 0.166 global: 0.603 spatial: 0.141 
(epoch: 40, iters: 1780, time: 0.486, data: 0.002) G_GAN_ViT: 0.363 D_real_ViT: 0.266 D_fake_ViT: 0.222 global: 0.659 spatial: 0.147 
(epoch: 40, iters: 1880, time: 0.486, data: 0.002) G_GAN_ViT: 0.331 D_real_ViT: 0.243 D_fake_ViT: 0.217 global: 0.324 spatial: 0.078 
saving the latest model (epoch 40, total_iters 200000)
IRVI_single_monitor
(epoch: 40, iters: 1980, time: 0.486, data: 0.002) G_GAN_ViT: 0.342 D_real_ViT: 0.233 D_fake_ViT: 0.211 global: 0.578 spatial: 0.105 
(epoch: 40, iters: 2080, time: 0.486, data: 0.002) G_GAN_ViT: 0.392 D_real_ViT: 0.223 D_fake_ViT: 0.176 global: 0.453 spatial: 0.092 
(epoch: 40, iters: 2180, time: 0.486, data: 0.001) G_GAN_ViT: 0.358 D_real_ViT: 0.220 D_fake_ViT: 0.193 global: 0.486 spatial: 0.096 
(epoch: 40, iters: 2280, time: 0.486, data: 0.002) G_GAN_ViT: 0.395 D_real_ViT: 0.247 D_fake_ViT: 0.207 global: 0.511 spatial: 0.140 
(epoch: 40, iters: 2380, time: 0.486, data: 0.002) G_GAN_ViT: 0.406 D_real_ViT: 0.285 D_fake_ViT: 0.196 global: 0.327 spatial: 0.069 
(epoch: 40, iters: 2480, time: 0.486, data: 0.001) G_GAN_ViT: 0.259 D_real_ViT: 0.117 D_fake_ViT: 0.330 global: 0.647 spatial: 0.157 
(epoch: 40, iters: 2580, time: 0.486, data: 0.002) G_GAN_ViT: 0.343 D_real_ViT: 0.239 D_fake_ViT: 0.229 global: 0.334 spatial: 0.087 
(epoch: 40, iters: 2680, time: 0.486, data: 0.002) G_GAN_ViT: 0.355 D_real_ViT: 0.212 D_fake_ViT: 0.221 global: 0.598 spatial: 0.122 
(epoch: 40, iters: 2780, time: 0.486, data: 0.002) G_GAN_ViT: 0.394 D_real_ViT: 0.167 D_fake_ViT: 0.192 global: 0.590 spatial: 0.173 
(epoch: 40, iters: 2880, time: 0.487, data: 0.002) G_GAN_ViT: 0.359 D_real_ViT: 0.395 D_fake_ViT: 0.192 global: 0.309 spatial: 0.082 
(epoch: 40, iters: 2980, time: 0.487, data: 0.002) G_GAN_ViT: 0.382 D_real_ViT: 0.223 D_fake_ViT: 0.200 global: 0.390 spatial: 0.080 
(epoch: 40, iters: 3080, time: 0.487, data: 0.001) G_GAN_ViT: 0.289 D_real_ViT: 0.217 D_fake_ViT: 0.267 global: 0.405 spatial: 0.107 
(epoch: 40, iters: 3180, time: 0.486, data: 0.001) G_GAN_ViT: 0.398 D_real_ViT: 0.299 D_fake_ViT: 0.170 global: 0.427 spatial: 0.088 
(epoch: 40, iters: 3280, time: 0.486, data: 0.002) G_GAN_ViT: 0.432 D_real_ViT: 0.246 D_fake_ViT: 0.161 global: 0.624 spatial: 0.166 
(epoch: 40, iters: 3380, time: 0.486, data: 0.002) G_GAN_ViT: 0.463 D_real_ViT: 0.105 D_fake_ViT: 0.149 global: 0.614 spatial: 0.173 
(epoch: 40, iters: 3480, time: 0.487, data: 0.002) G_GAN_ViT: 0.323 D_real_ViT: 0.193 D_fake_ViT: 0.231 global: 0.430 spatial: 0.095 
(epoch: 40, iters: 3580, time: 0.487, data: 0.002) G_GAN_ViT: 0.323 D_real_ViT: 0.269 D_fake_ViT: 0.224 global: 0.428 spatial: 0.089 
(epoch: 40, iters: 3680, time: 0.487, data: 0.001) G_GAN_ViT: 0.333 D_real_ViT: 0.189 D_fake_ViT: 0.217 global: 0.414 spatial: 0.086 
(epoch: 40, iters: 3780, time: 0.487, data: 0.001) G_GAN_ViT: 0.331 D_real_ViT: 0.198 D_fake_ViT: 0.221 global: 0.458 spatial: 0.089 
(epoch: 40, iters: 3880, time: 0.487, data: 0.002) G_GAN_ViT: 0.424 D_real_ViT: 0.227 D_fake_ViT: 0.191 global: 0.334 spatial: 0.070 
(epoch: 40, iters: 3980, time: 0.487, data: 0.002) G_GAN_ViT: 0.285 D_real_ViT: 0.185 D_fake_ViT: 0.270 global: 0.295 spatial: 0.066 
(epoch: 40, iters: 4080, time: 0.487, data: 0.002) G_GAN_ViT: 0.339 D_real_ViT: 0.204 D_fake_ViT: 0.211 global: 0.380 spatial: 0.100 
(epoch: 40, iters: 4180, time: 0.487, data: 0.002) G_GAN_ViT: 0.384 D_real_ViT: 0.258 D_fake_ViT: 0.209 global: 0.466 spatial: 0.109 
(epoch: 40, iters: 4280, time: 0.487, data: 0.001) G_GAN_ViT: 0.308 D_real_ViT: 0.289 D_fake_ViT: 0.252 global: 0.494 spatial: 0.093 
(epoch: 40, iters: 4380, time: 0.487, data: 0.002) G_GAN_ViT: 0.328 D_real_ViT: 0.230 D_fake_ViT: 0.227 global: 0.370 spatial: 0.096 
(epoch: 40, iters: 4480, time: 0.487, data: 0.001) G_GAN_ViT: 0.375 D_real_ViT: 0.164 D_fake_ViT: 0.216 global: 0.416 spatial: 0.118 
(epoch: 40, iters: 4580, time: 0.487, data: 0.002) G_GAN_ViT: 0.379 D_real_ViT: 0.326 D_fake_ViT: 0.191 global: 0.342 spatial: 0.087 
(epoch: 40, iters: 4680, time: 0.488, data: 0.001) G_GAN_ViT: 0.319 D_real_ViT: 0.285 D_fake_ViT: 0.225 global: 0.444 spatial: 0.085 
(epoch: 40, iters: 4780, time: 0.488, data: 0.001) G_GAN_ViT: 0.415 D_real_ViT: 0.184 D_fake_ViT: 0.167 global: 0.406 spatial: 0.113 
(epoch: 40, iters: 4880, time: 0.488, data: 0.001) G_GAN_ViT: 0.266 D_real_ViT: 0.258 D_fake_ViT: 0.281 global: 0.304 spatial: 0.086 
(epoch: 40, iters: 4980, time: 0.488, data: 0.001) G_GAN_ViT: 0.299 D_real_ViT: 0.289 D_fake_ViT: 0.249 global: 0.328 spatial: 0.088 
(epoch: 40, iters: 5080, time: 0.488, data: 0.002) G_GAN_ViT: 0.319 D_real_ViT: 0.239 D_fake_ViT: 0.250 global: 0.344 spatial: 0.087 
saving the model at the end of epoch 40, iters 203200
End of epoch 40 / 100 	 Time Taken: 2482 sec
learning rate = 0.0000100
(epoch: 41, iters: 100, time: 0.488, data: 0.162) G_GAN_ViT: 0.357 D_real_ViT: 0.231 D_fake_ViT: 0.219 global: 0.281 spatial: 0.061 
(epoch: 41, iters: 200, time: 0.488, data: 0.001) G_GAN_ViT: 0.371 D_real_ViT: 0.144 D_fake_ViT: 0.201 global: 0.332 spatial: 0.071 
(epoch: 41, iters: 300, time: 0.488, data: 0.001) G_GAN_ViT: 0.347 D_real_ViT: 0.292 D_fake_ViT: 0.218 global: 0.299 spatial: 0.088 
(epoch: 41, iters: 400, time: 0.487, data: 0.001) G_GAN_ViT: 0.514 D_real_ViT: 0.171 D_fake_ViT: 0.129 global: 0.448 spatial: 0.111 
(epoch: 41, iters: 500, time: 0.487, data: 0.001) G_GAN_ViT: 0.422 D_real_ViT: 0.177 D_fake_ViT: 0.160 global: 0.477 spatial: 0.127 
(epoch: 41, iters: 600, time: 0.487, data: 0.001) G_GAN_ViT: 0.414 D_real_ViT: 0.306 D_fake_ViT: 0.162 global: 0.409 spatial: 0.088 
(epoch: 41, iters: 700, time: 0.487, data: 0.002) G_GAN_ViT: 0.401 D_real_ViT: 0.218 D_fake_ViT: 0.216 global: 0.616 spatial: 0.181 
(epoch: 41, iters: 800, time: 0.487, data: 0.002) G_GAN_ViT: 0.440 D_real_ViT: 0.173 D_fake_ViT: 0.181 global: 0.532 spatial: 0.107 
(epoch: 41, iters: 900, time: 0.487, data: 0.002) G_GAN_ViT: 0.368 D_real_ViT: 0.255 D_fake_ViT: 0.216 global: 0.611 spatial: 0.156 
(epoch: 41, iters: 1000, time: 0.487, data: 0.001) G_GAN_ViT: 0.452 D_real_ViT: 0.236 D_fake_ViT: 0.144 global: 0.559 spatial: 0.099 
(epoch: 41, iters: 1100, time: 0.487, data: 0.001) G_GAN_ViT: 0.319 D_real_ViT: 0.123 D_fake_ViT: 0.229 global: 0.410 spatial: 0.092 
(epoch: 41, iters: 1200, time: 0.487, data: 0.001) G_GAN_ViT: 0.335 D_real_ViT: 0.237 D_fake_ViT: 0.222 global: 0.470 spatial: 0.087 
(epoch: 41, iters: 1300, time: 0.487, data: 0.002) G_GAN_ViT: 0.337 D_real_ViT: 0.192 D_fake_ViT: 0.241 global: 0.382 spatial: 0.096 
(epoch: 41, iters: 1400, time: 0.487, data: 0.001) G_GAN_ViT: 0.361 D_real_ViT: 0.275 D_fake_ViT: 0.210 global: 0.382 spatial: 0.084 
(epoch: 41, iters: 1500, time: 0.488, data: 0.001) G_GAN_ViT: 0.339 D_real_ViT: 0.179 D_fake_ViT: 0.224 global: 0.428 spatial: 0.111 
(epoch: 41, iters: 1600, time: 0.488, data: 0.002) G_GAN_ViT: 0.333 D_real_ViT: 0.234 D_fake_ViT: 0.230 global: 0.467 spatial: 0.119 
(epoch: 41, iters: 1700, time: 0.488, data: 0.001) G_GAN_ViT: 0.359 D_real_ViT: 0.120 D_fake_ViT: 0.201 global: 0.367 spatial: 0.092 
(epoch: 41, iters: 1800, time: 0.487, data: 0.001) G_GAN_ViT: 0.442 D_real_ViT: 0.108 D_fake_ViT: 0.162 global: 0.616 spatial: 0.165 
saving the latest model (epoch 41, total_iters 205000)
IRVI_single_monitor
(epoch: 41, iters: 1900, time: 0.487, data: 0.001) G_GAN_ViT: 0.435 D_real_ViT: 0.198 D_fake_ViT: 0.159 global: 0.432 spatial: 0.113 
(epoch: 41, iters: 2000, time: 0.487, data: 0.001) G_GAN_ViT: 0.475 D_real_ViT: 0.343 D_fake_ViT: 0.134 global: 0.447 spatial: 0.101 
(epoch: 41, iters: 2100, time: 0.487, data: 0.002) G_GAN_ViT: 0.466 D_real_ViT: 0.168 D_fake_ViT: 0.149 global: 0.504 spatial: 0.126 
(epoch: 41, iters: 2200, time: 0.487, data: 0.001) G_GAN_ViT: 0.268 D_real_ViT: 0.360 D_fake_ViT: 0.272 global: 0.286 spatial: 0.075 
(epoch: 41, iters: 2300, time: 0.488, data: 0.001) G_GAN_ViT: 0.274 D_real_ViT: 0.277 D_fake_ViT: 0.270 global: 0.348 spatial: 0.082 
(epoch: 41, iters: 2400, time: 0.488, data: 0.001) G_GAN_ViT: 0.376 D_real_ViT: 0.163 D_fake_ViT: 0.198 global: 0.491 spatial: 0.120 
(epoch: 41, iters: 2500, time: 0.487, data: 0.001) G_GAN_ViT: 0.388 D_real_ViT: 0.291 D_fake_ViT: 0.194 global: 0.397 spatial: 0.094 
(epoch: 41, iters: 2600, time: 0.487, data: 0.001) G_GAN_ViT: 0.358 D_real_ViT: 0.127 D_fake_ViT: 0.252 global: 0.545 spatial: 0.133 
(epoch: 41, iters: 2700, time: 0.487, data: 0.001) G_GAN_ViT: 0.368 D_real_ViT: 0.248 D_fake_ViT: 0.195 global: 0.404 spatial: 0.092 
(epoch: 41, iters: 2800, time: 0.487, data: 0.002) G_GAN_ViT: 0.336 D_real_ViT: 0.221 D_fake_ViT: 0.210 global: 0.468 spatial: 0.091 
(epoch: 41, iters: 2900, time: 0.487, data: 0.002) G_GAN_ViT: 0.479 D_real_ViT: 0.267 D_fake_ViT: 0.131 global: 0.481 spatial: 0.108 
(epoch: 41, iters: 3000, time: 0.487, data: 0.001) G_GAN_ViT: 0.407 D_real_ViT: 0.172 D_fake_ViT: 0.174 global: 0.525 spatial: 0.102 
(epoch: 41, iters: 3100, time: 0.487, data: 0.001) G_GAN_ViT: 0.492 D_real_ViT: 0.269 D_fake_ViT: 0.158 global: 0.644 spatial: 0.152 
(epoch: 41, iters: 3200, time: 0.487, data: 0.001) G_GAN_ViT: 0.276 D_real_ViT: 0.211 D_fake_ViT: 0.262 global: 0.327 spatial: 0.070 
(epoch: 41, iters: 3300, time: 0.487, data: 0.001) G_GAN_ViT: 0.319 D_real_ViT: 0.293 D_fake_ViT: 0.243 global: 0.412 spatial: 0.116 
(epoch: 41, iters: 3400, time: 0.487, data: 0.001) G_GAN_ViT: 0.299 D_real_ViT: 0.198 D_fake_ViT: 0.253 global: 0.331 spatial: 0.089 
(epoch: 41, iters: 3500, time: 0.487, data: 0.001) G_GAN_ViT: 0.335 D_real_ViT: 0.245 D_fake_ViT: 0.214 global: 0.461 spatial: 0.097 
(epoch: 41, iters: 3600, time: 0.488, data: 0.001) G_GAN_ViT: 0.316 D_real_ViT: 0.050 D_fake_ViT: 0.241 global: 0.412 spatial: 0.106 
(epoch: 41, iters: 3700, time: 0.488, data: 0.001) G_GAN_ViT: 0.320 D_real_ViT: 0.173 D_fake_ViT: 0.241 global: 0.371 spatial: 0.080 
(epoch: 41, iters: 3800, time: 0.488, data: 0.001) G_GAN_ViT: 0.338 D_real_ViT: 0.111 D_fake_ViT: 0.230 global: 0.365 spatial: 0.075 
(epoch: 41, iters: 3900, time: 0.488, data: 0.001) G_GAN_ViT: 0.365 D_real_ViT: 0.228 D_fake_ViT: 0.202 global: 0.322 spatial: 0.067 
(epoch: 41, iters: 4000, time: 0.488, data: 0.001) G_GAN_ViT: 0.360 D_real_ViT: 0.186 D_fake_ViT: 0.212 global: 0.459 spatial: 0.111 
(epoch: 41, iters: 4100, time: 0.488, data: 0.001) G_GAN_ViT: 0.569 D_real_ViT: 0.130 D_fake_ViT: 0.103 global: 0.650 spatial: 0.170 
(epoch: 41, iters: 4200, time: 0.487, data: 0.001) G_GAN_ViT: 0.363 D_real_ViT: 0.244 D_fake_ViT: 0.227 global: 0.533 spatial: 0.152 
(epoch: 41, iters: 4300, time: 0.487, data: 0.001) G_GAN_ViT: 0.351 D_real_ViT: 0.262 D_fake_ViT: 0.254 global: 0.526 spatial: 0.148 
(epoch: 41, iters: 4400, time: 0.487, data: 0.001) G_GAN_ViT: 0.348 D_real_ViT: 0.207 D_fake_ViT: 0.236 global: 0.427 spatial: 0.106 
(epoch: 41, iters: 4500, time: 0.487, data: 0.001) G_GAN_ViT: 0.324 D_real_ViT: 0.227 D_fake_ViT: 0.229 global: 0.399 spatial: 0.085 
(epoch: 41, iters: 4600, time: 0.488, data: 0.001) G_GAN_ViT: 0.407 D_real_ViT: 0.183 D_fake_ViT: 0.169 global: 0.372 spatial: 0.087 
(epoch: 41, iters: 4700, time: 0.488, data: 0.001) G_GAN_ViT: 0.364 D_real_ViT: 0.100 D_fake_ViT: 0.195 global: 0.336 spatial: 0.082 
(epoch: 41, iters: 4800, time: 0.488, data: 0.001) G_GAN_ViT: 0.323 D_real_ViT: 0.236 D_fake_ViT: 0.230 global: 0.425 spatial: 0.106 
(epoch: 41, iters: 4900, time: 0.487, data: 0.001) G_GAN_ViT: 0.439 D_real_ViT: 0.243 D_fake_ViT: 0.182 global: 0.597 spatial: 0.154 
(epoch: 41, iters: 5000, time: 0.487, data: 0.002) G_GAN_ViT: 0.357 D_real_ViT: 0.264 D_fake_ViT: 0.206 global: 0.416 spatial: 0.087 
End of epoch 41 / 100 	 Time Taken: 2484 sec
learning rate = 0.0000100
(epoch: 42, iters: 20, time: 0.487, data: 0.001) G_GAN_ViT: 0.451 D_real_ViT: 0.240 D_fake_ViT: 0.158 global: 0.593 spatial: 0.130 
(epoch: 42, iters: 120, time: 0.487, data: 0.001) G_GAN_ViT: 0.458 D_real_ViT: 0.186 D_fake_ViT: 0.173 global: 0.358 spatial: 0.080 
(epoch: 42, iters: 220, time: 0.487, data: 0.001) G_GAN_ViT: 0.388 D_real_ViT: 0.218 D_fake_ViT: 0.181 global: 0.548 spatial: 0.107 
(epoch: 42, iters: 320, time: 0.487, data: 0.002) G_GAN_ViT: 0.333 D_real_ViT: 0.253 D_fake_ViT: 0.215 global: 0.495 spatial: 0.099 
(epoch: 42, iters: 420, time: 0.487, data: 0.001) G_GAN_ViT: 0.375 D_real_ViT: 0.254 D_fake_ViT: 0.209 global: 0.436 spatial: 0.104 
(epoch: 42, iters: 520, time: 0.487, data: 0.001) G_GAN_ViT: 0.403 D_real_ViT: 0.211 D_fake_ViT: 0.176 global: 0.596 spatial: 0.115 
(epoch: 42, iters: 620, time: 0.487, data: 0.001) G_GAN_ViT: 0.343 D_real_ViT: 0.251 D_fake_ViT: 0.203 global: 0.410 spatial: 0.087 
(epoch: 42, iters: 720, time: 0.487, data: 0.001) G_GAN_ViT: 0.524 D_real_ViT: 0.169 D_fake_ViT: 0.169 global: 0.588 spatial: 0.160 
(epoch: 42, iters: 820, time: 0.487, data: 0.001) G_GAN_ViT: 0.396 D_real_ViT: 0.247 D_fake_ViT: 0.200 global: 0.417 spatial: 0.097 
(epoch: 42, iters: 920, time: 0.487, data: 0.001) G_GAN_ViT: 0.280 D_real_ViT: 0.164 D_fake_ViT: 0.265 global: 0.361 spatial: 0.082 
(epoch: 42, iters: 1020, time: 0.487, data: 0.001) G_GAN_ViT: 0.358 D_real_ViT: 0.300 D_fake_ViT: 0.210 global: 0.453 spatial: 0.092 
(epoch: 42, iters: 1120, time: 0.487, data: 0.001) G_GAN_ViT: 0.381 D_real_ViT: 0.236 D_fake_ViT: 0.192 global: 0.480 spatial: 0.084 
(epoch: 42, iters: 1220, time: 0.487, data: 0.001) G_GAN_ViT: 0.420 D_real_ViT: 0.229 D_fake_ViT: 0.174 global: 0.376 spatial: 0.089 
(epoch: 42, iters: 1320, time: 0.487, data: 0.001) G_GAN_ViT: 0.273 D_real_ViT: 0.218 D_fake_ViT: 0.277 global: 0.308 spatial: 0.058 
(epoch: 42, iters: 1420, time: 0.487, data: 0.001) G_GAN_ViT: 0.524 D_real_ViT: 0.230 D_fake_ViT: 0.116 global: 0.361 spatial: 0.087 
(epoch: 42, iters: 1520, time: 0.487, data: 0.001) G_GAN_ViT: 0.384 D_real_ViT: 0.291 D_fake_ViT: 0.228 global: 0.336 spatial: 0.085 
(epoch: 42, iters: 1620, time: 0.487, data: 0.001) G_GAN_ViT: 0.345 D_real_ViT: 0.251 D_fake_ViT: 0.209 global: 0.444 spatial: 0.105 
(epoch: 42, iters: 1720, time: 0.487, data: 0.001) G_GAN_ViT: 0.313 D_real_ViT: 0.157 D_fake_ViT: 0.233 global: 0.343 spatial: 0.086 
saving the latest model (epoch 42, total_iters 210000)
IRVI_single_monitor
(epoch: 42, iters: 1820, time: 0.486, data: 0.001) G_GAN_ViT: 0.360 D_real_ViT: 0.164 D_fake_ViT: 0.212 global: 0.475 spatial: 0.089 
(epoch: 42, iters: 1920, time: 0.486, data: 0.001) G_GAN_ViT: 0.364 D_real_ViT: 0.264 D_fake_ViT: 0.214 global: 0.488 spatial: 0.112 
(epoch: 42, iters: 2020, time: 0.487, data: 0.001) G_GAN_ViT: 0.284 D_real_ViT: 0.189 D_fake_ViT: 0.271 global: 0.521 spatial: 0.102 
(epoch: 42, iters: 2120, time: 0.487, data: 0.001) G_GAN_ViT: 0.284 D_real_ViT: 0.156 D_fake_ViT: 0.273 global: 0.473 spatial: 0.116 
(epoch: 42, iters: 2220, time: 0.487, data: 0.001) G_GAN_ViT: 0.387 D_real_ViT: 0.173 D_fake_ViT: 0.179 global: 0.407 spatial: 0.116 
(epoch: 42, iters: 2320, time: 0.487, data: 0.001) G_GAN_ViT: 0.372 D_real_ViT: 0.205 D_fake_ViT: 0.207 global: 0.425 spatial: 0.081 
(epoch: 42, iters: 2420, time: 0.487, data: 0.001) G_GAN_ViT: 0.484 D_real_ViT: 0.204 D_fake_ViT: 0.139 global: 0.452 spatial: 0.116 
(epoch: 42, iters: 2520, time: 0.487, data: 0.001) G_GAN_ViT: 0.301 D_real_ViT: 0.185 D_fake_ViT: 0.256 global: 0.501 spatial: 0.091 
(epoch: 42, iters: 2620, time: 0.487, data: 0.001) G_GAN_ViT: 0.402 D_real_ViT: 0.162 D_fake_ViT: 0.190 global: 0.642 spatial: 0.155 
(epoch: 42, iters: 2720, time: 0.488, data: 0.001) G_GAN_ViT: 0.491 D_real_ViT: 0.259 D_fake_ViT: 0.145 global: 0.606 spatial: 0.159 
(epoch: 42, iters: 2820, time: 0.488, data: 0.001) G_GAN_ViT: 0.436 D_real_ViT: 0.200 D_fake_ViT: 0.146 global: 0.352 spatial: 0.110 
(epoch: 42, iters: 2920, time: 0.487, data: 0.002) G_GAN_ViT: 0.339 D_real_ViT: 0.193 D_fake_ViT: 0.225 global: 0.446 spatial: 0.121 
(epoch: 42, iters: 3020, time: 0.487, data: 0.001) G_GAN_ViT: 0.347 D_real_ViT: 0.191 D_fake_ViT: 0.262 global: 0.613 spatial: 0.157 
(epoch: 42, iters: 3120, time: 0.487, data: 0.001) G_GAN_ViT: 0.362 D_real_ViT: 0.306 D_fake_ViT: 0.233 global: 0.450 spatial: 0.111 
(epoch: 42, iters: 3220, time: 0.487, data: 0.002) G_GAN_ViT: 0.309 D_real_ViT: 0.121 D_fake_ViT: 0.238 global: 0.316 spatial: 0.078 
(epoch: 42, iters: 3320, time: 0.487, data: 0.002) G_GAN_ViT: 0.417 D_real_ViT: 0.303 D_fake_ViT: 0.175 global: 0.615 spatial: 0.160 
(epoch: 42, iters: 3420, time: 0.487, data: 0.002) G_GAN_ViT: 0.369 D_real_ViT: 0.272 D_fake_ViT: 0.210 global: 0.454 spatial: 0.085 
(epoch: 42, iters: 3520, time: 0.487, data: 0.002) G_GAN_ViT: 0.429 D_real_ViT: 0.230 D_fake_ViT: 0.158 global: 0.498 spatial: 0.112 
(epoch: 42, iters: 3620, time: 0.486, data: 0.001) G_GAN_ViT: 0.347 D_real_ViT: 0.260 D_fake_ViT: 0.211 global: 0.379 spatial: 0.082 
(epoch: 42, iters: 3720, time: 0.486, data: 0.001) G_GAN_ViT: 0.414 D_real_ViT: 0.266 D_fake_ViT: 0.171 global: 0.654 spatial: 0.173 
(epoch: 42, iters: 3820, time: 0.486, data: 0.002) G_GAN_ViT: 0.304 D_real_ViT: 0.213 D_fake_ViT: 0.254 global: 0.405 spatial: 0.119 
(epoch: 42, iters: 3920, time: 0.486, data: 0.001) G_GAN_ViT: 0.392 D_real_ViT: 0.185 D_fake_ViT: 0.202 global: 0.625 spatial: 0.162 
(epoch: 42, iters: 4020, time: 0.486, data: 0.002) G_GAN_ViT: 0.372 D_real_ViT: 0.193 D_fake_ViT: 0.197 global: 0.499 spatial: 0.092 
(epoch: 42, iters: 4120, time: 0.486, data: 0.002) G_GAN_ViT: 0.309 D_real_ViT: 0.160 D_fake_ViT: 0.247 global: 0.441 spatial: 0.088 
(epoch: 42, iters: 4220, time: 0.487, data: 0.001) G_GAN_ViT: 0.338 D_real_ViT: 0.182 D_fake_ViT: 0.212 global: 0.321 spatial: 0.096 
(epoch: 42, iters: 4320, time: 0.487, data: 0.001) G_GAN_ViT: 0.368 D_real_ViT: 0.231 D_fake_ViT: 0.206 global: 0.513 spatial: 0.093 
(epoch: 42, iters: 4420, time: 0.487, data: 0.001) G_GAN_ViT: 0.403 D_real_ViT: 0.198 D_fake_ViT: 0.197 global: 0.402 spatial: 0.099 
(epoch: 42, iters: 4520, time: 0.487, data: 0.001) G_GAN_ViT: 0.297 D_real_ViT: 0.193 D_fake_ViT: 0.247 global: 0.390 spatial: 0.098 
(epoch: 42, iters: 4620, time: 0.487, data: 0.002) G_GAN_ViT: 0.368 D_real_ViT: 0.215 D_fake_ViT: 0.217 global: 0.478 spatial: 0.102 
(epoch: 42, iters: 4720, time: 0.487, data: 0.001) G_GAN_ViT: 0.340 D_real_ViT: 0.367 D_fake_ViT: 0.217 global: 0.321 spatial: 0.068 
(epoch: 42, iters: 4820, time: 0.487, data: 0.001) G_GAN_ViT: 0.348 D_real_ViT: 0.203 D_fake_ViT: 0.232 global: 0.627 spatial: 0.158 
(epoch: 42, iters: 4920, time: 0.487, data: 0.001) G_GAN_ViT: 0.443 D_real_ViT: 0.227 D_fake_ViT: 0.160 global: 0.555 spatial: 0.119 
(epoch: 42, iters: 5020, time: 0.486, data: 0.002) G_GAN_ViT: 0.244 D_real_ViT: 0.252 D_fake_ViT: 0.305 global: 0.407 spatial: 0.075 
End of epoch 42 / 100 	 Time Taken: 2481 sec
learning rate = 0.0000100
(epoch: 43, iters: 40, time: 0.487, data: 0.002) G_GAN_ViT: 0.417 D_real_ViT: 0.237 D_fake_ViT: 0.169 global: 0.330 spatial: 0.078 
(epoch: 43, iters: 140, time: 0.487, data: 0.001) G_GAN_ViT: 0.371 D_real_ViT: 0.180 D_fake_ViT: 0.195 global: 0.604 spatial: 0.167 
(epoch: 43, iters: 240, time: 0.486, data: 0.001) G_GAN_ViT: 0.419 D_real_ViT: 0.216 D_fake_ViT: 0.155 global: 0.452 spatial: 0.093 
(epoch: 43, iters: 340, time: 0.486, data: 0.001) G_GAN_ViT: 0.390 D_real_ViT: 0.222 D_fake_ViT: 0.214 global: 0.467 spatial: 0.107 
(epoch: 43, iters: 440, time: 0.486, data: 0.001) G_GAN_ViT: 0.290 D_real_ViT: 0.243 D_fake_ViT: 0.266 global: 0.321 spatial: 0.054 
(epoch: 43, iters: 540, time: 0.486, data: 0.001) G_GAN_ViT: 0.470 D_real_ViT: 0.237 D_fake_ViT: 0.142 global: 0.342 spatial: 0.086 
(epoch: 43, iters: 640, time: 0.487, data: 0.002) G_GAN_ViT: 0.335 D_real_ViT: 0.212 D_fake_ViT: 0.235 global: 0.399 spatial: 0.113 
(epoch: 43, iters: 740, time: 0.487, data: 0.006) G_GAN_ViT: 0.419 D_real_ViT: 0.329 D_fake_ViT: 0.148 global: 0.443 spatial: 0.092 
(epoch: 43, iters: 840, time: 0.488, data: 0.002) G_GAN_ViT: 0.410 D_real_ViT: 0.199 D_fake_ViT: 0.176 global: 0.612 spatial: 0.162 
(epoch: 43, iters: 940, time: 0.488, data: 0.001) G_GAN_ViT: 0.467 D_real_ViT: 0.186 D_fake_ViT: 0.149 global: 0.625 spatial: 0.174 
(epoch: 43, iters: 1040, time: 0.488, data: 0.001) G_GAN_ViT: 0.308 D_real_ViT: 0.301 D_fake_ViT: 0.235 global: 0.453 spatial: 0.100 
(epoch: 43, iters: 1140, time: 0.488, data: 0.001) G_GAN_ViT: 0.350 D_real_ViT: 0.262 D_fake_ViT: 0.217 global: 0.497 spatial: 0.091 
(epoch: 43, iters: 1240, time: 0.488, data: 0.001) G_GAN_ViT: 0.346 D_real_ViT: 0.169 D_fake_ViT: 0.261 global: 0.628 spatial: 0.165 
(epoch: 43, iters: 1340, time: 0.488, data: 0.002) G_GAN_ViT: 0.329 D_real_ViT: 0.325 D_fake_ViT: 0.265 global: 0.553 spatial: 0.152 
(epoch: 43, iters: 1440, time: 0.488, data: 0.002) G_GAN_ViT: 0.350 D_real_ViT: 0.236 D_fake_ViT: 0.205 global: 0.437 spatial: 0.104 
(epoch: 43, iters: 1540, time: 0.488, data: 0.001) G_GAN_ViT: 0.302 D_real_ViT: 0.267 D_fake_ViT: 0.245 global: 0.474 spatial: 0.086 
(epoch: 43, iters: 1640, time: 0.488, data: 0.002) G_GAN_ViT: 0.365 D_real_ViT: 0.147 D_fake_ViT: 0.217 global: 0.646 spatial: 0.150 
saving the latest model (epoch 43, total_iters 215000)
IRVI_single_monitor
(epoch: 43, iters: 1740, time: 0.487, data: 0.002) G_GAN_ViT: 0.227 D_real_ViT: 0.237 D_fake_ViT: 0.339 global: 0.472 spatial: 0.091 
(epoch: 43, iters: 1840, time: 0.486, data: 0.002) G_GAN_ViT: 0.512 D_real_ViT: 0.252 D_fake_ViT: 0.155 global: 0.575 spatial: 0.147 
(epoch: 43, iters: 1940, time: 0.487, data: 0.002) G_GAN_ViT: 0.373 D_real_ViT: 0.160 D_fake_ViT: 0.188 global: 0.392 spatial: 0.106 
(epoch: 43, iters: 2040, time: 0.487, data: 0.001) G_GAN_ViT: 0.315 D_real_ViT: 0.190 D_fake_ViT: 0.232 global: 0.474 spatial: 0.123 
(epoch: 43, iters: 2140, time: 0.487, data: 0.002) G_GAN_ViT: 0.324 D_real_ViT: 0.199 D_fake_ViT: 0.226 global: 0.382 spatial: 0.092 
(epoch: 43, iters: 2240, time: 0.487, data: 0.002) G_GAN_ViT: 0.289 D_real_ViT: 0.176 D_fake_ViT: 0.262 global: 0.494 spatial: 0.096 
(epoch: 43, iters: 2340, time: 0.487, data: 0.001) G_GAN_ViT: 0.322 D_real_ViT: 0.239 D_fake_ViT: 0.234 global: 0.436 spatial: 0.110 
(epoch: 43, iters: 2440, time: 0.487, data: 0.002) G_GAN_ViT: 0.410 D_real_ViT: 0.240 D_fake_ViT: 0.187 global: 0.648 spatial: 0.177 
(epoch: 43, iters: 2540, time: 0.487, data: 0.002) G_GAN_ViT: 0.482 D_real_ViT: 0.229 D_fake_ViT: 0.157 global: 0.523 spatial: 0.131 
(epoch: 43, iters: 2640, time: 0.487, data: 0.002) G_GAN_ViT: 0.266 D_real_ViT: 0.291 D_fake_ViT: 0.286 global: 0.431 spatial: 0.072 
(epoch: 43, iters: 2740, time: 0.487, data: 0.001) G_GAN_ViT: 0.378 D_real_ViT: 0.212 D_fake_ViT: 0.181 global: 0.454 spatial: 0.097 
(epoch: 43, iters: 2840, time: 0.487, data: 0.001) G_GAN_ViT: 0.272 D_real_ViT: 0.285 D_fake_ViT: 0.295 global: 0.288 spatial: 0.055 
(epoch: 43, iters: 2940, time: 0.487, data: 0.001) G_GAN_ViT: 0.388 D_real_ViT: 0.203 D_fake_ViT: 0.175 global: 0.485 spatial: 0.097 
(epoch: 43, iters: 3040, time: 0.487, data: 0.002) G_GAN_ViT: 0.404 D_real_ViT: 0.162 D_fake_ViT: 0.180 global: 0.375 spatial: 0.089 
(epoch: 43, iters: 3140, time: 0.487, data: 0.002) G_GAN_ViT: 0.370 D_real_ViT: 0.249 D_fake_ViT: 0.184 global: 0.428 spatial: 0.096 
(epoch: 43, iters: 3240, time: 0.487, data: 0.002) G_GAN_ViT: 0.430 D_real_ViT: 0.104 D_fake_ViT: 0.172 global: 0.610 spatial: 0.161 
(epoch: 43, iters: 3340, time: 0.487, data: 0.002) G_GAN_ViT: 0.428 D_real_ViT: 0.198 D_fake_ViT: 0.162 global: 0.360 spatial: 0.095 
(epoch: 43, iters: 3440, time: 0.487, data: 0.002) G_GAN_ViT: 0.316 D_real_ViT: 0.228 D_fake_ViT: 0.225 global: 0.417 spatial: 0.094 
(epoch: 43, iters: 3540, time: 0.487, data: 0.002) G_GAN_ViT: 0.335 D_real_ViT: 0.041 D_fake_ViT: 0.232 global: 0.452 spatial: 0.110 
(epoch: 43, iters: 3640, time: 0.488, data: 0.001) G_GAN_ViT: 0.285 D_real_ViT: 0.263 D_fake_ViT: 0.264 global: 0.396 spatial: 0.068 
(epoch: 43, iters: 3740, time: 0.487, data: 0.001) G_GAN_ViT: 0.335 D_real_ViT: 0.235 D_fake_ViT: 0.228 global: 0.566 spatial: 0.106 
(epoch: 43, iters: 3840, time: 0.488, data: 0.002) G_GAN_ViT: 0.320 D_real_ViT: 0.170 D_fake_ViT: 0.260 global: 0.457 spatial: 0.114 
(epoch: 43, iters: 3940, time: 0.487, data: 0.002) G_GAN_ViT: 0.378 D_real_ViT: 0.172 D_fake_ViT: 0.205 global: 0.320 spatial: 0.070 
(epoch: 43, iters: 4040, time: 0.487, data: 0.002) G_GAN_ViT: 0.419 D_real_ViT: 0.198 D_fake_ViT: 0.163 global: 0.518 spatial: 0.116 
(epoch: 43, iters: 4140, time: 0.487, data: 0.002) G_GAN_ViT: 0.407 D_real_ViT: 0.257 D_fake_ViT: 0.200 global: 0.579 spatial: 0.151 
(epoch: 43, iters: 4240, time: 0.487, data: 0.002) G_GAN_ViT: 0.361 D_real_ViT: 0.242 D_fake_ViT: 0.199 global: 0.443 spatial: 0.116 
(epoch: 43, iters: 4340, time: 0.487, data: 0.002) G_GAN_ViT: 0.331 D_real_ViT: 0.231 D_fake_ViT: 0.233 global: 0.437 spatial: 0.116 
(epoch: 43, iters: 4440, time: 0.487, data: 0.002) G_GAN_ViT: 0.359 D_real_ViT: 0.261 D_fake_ViT: 0.212 global: 0.337 spatial: 0.082 
(epoch: 43, iters: 4540, time: 0.487, data: 0.002) G_GAN_ViT: 0.336 D_real_ViT: 0.271 D_fake_ViT: 0.214 global: 0.390 spatial: 0.073 
(epoch: 43, iters: 4640, time: 0.488, data: 0.002) G_GAN_ViT: 0.325 D_real_ViT: 0.129 D_fake_ViT: 0.226 global: 0.486 spatial: 0.095 
(epoch: 43, iters: 4740, time: 0.488, data: 0.002) G_GAN_ViT: 0.469 D_real_ViT: 0.164 D_fake_ViT: 0.155 global: 0.441 spatial: 0.090 
(epoch: 43, iters: 4840, time: 0.488, data: 0.002) G_GAN_ViT: 0.289 D_real_ViT: 0.241 D_fake_ViT: 0.253 global: 0.300 spatial: 0.077 
(epoch: 43, iters: 4940, time: 0.488, data: 0.002) G_GAN_ViT: 0.463 D_real_ViT: 0.268 D_fake_ViT: 0.147 global: 0.621 spatial: 0.181 
(epoch: 43, iters: 5040, time: 0.488, data: 0.001) G_GAN_ViT: 0.408 D_real_ViT: 0.306 D_fake_ViT: 0.175 global: 0.636 spatial: 0.167 
End of epoch 43 / 100 	 Time Taken: 2485 sec
learning rate = 0.0000100
(epoch: 44, iters: 60, time: 0.487, data: 0.002) G_GAN_ViT: 0.394 D_real_ViT: 0.030 D_fake_ViT: 0.218 global: 0.566 spatial: 0.150 
(epoch: 44, iters: 160, time: 0.487, data: 0.002) G_GAN_ViT: 0.311 D_real_ViT: 0.197 D_fake_ViT: 0.235 global: 0.316 spatial: 0.086 
(epoch: 44, iters: 260, time: 0.487, data: 0.002) G_GAN_ViT: 0.535 D_real_ViT: 0.159 D_fake_ViT: 0.129 global: 0.535 spatial: 0.124 
(epoch: 44, iters: 360, time: 0.487, data: 0.001) G_GAN_ViT: 0.429 D_real_ViT: 0.146 D_fake_ViT: 0.158 global: 0.561 spatial: 0.092 
(epoch: 44, iters: 460, time: 0.487, data: 0.001) G_GAN_ViT: 0.388 D_real_ViT: 0.234 D_fake_ViT: 0.186 global: 0.405 spatial: 0.112 
(epoch: 44, iters: 560, time: 0.487, data: 0.002) G_GAN_ViT: 0.370 D_real_ViT: 0.275 D_fake_ViT: 0.238 global: 0.661 spatial: 0.160 
(epoch: 44, iters: 660, time: 0.487, data: 0.002) G_GAN_ViT: 0.290 D_real_ViT: 0.270 D_fake_ViT: 0.260 global: 0.370 spatial: 0.078 
(epoch: 44, iters: 760, time: 0.487, data: 0.001) G_GAN_ViT: 0.377 D_real_ViT: 0.366 D_fake_ViT: 0.207 global: 0.653 spatial: 0.163 
(epoch: 44, iters: 860, time: 0.488, data: 0.002) G_GAN_ViT: 0.357 D_real_ViT: 0.179 D_fake_ViT: 0.192 global: 0.335 spatial: 0.086 
(epoch: 44, iters: 960, time: 0.488, data: 0.002) G_GAN_ViT: 0.385 D_real_ViT: 0.215 D_fake_ViT: 0.197 global: 0.422 spatial: 0.111 
(epoch: 44, iters: 1060, time: 0.488, data: 0.002) G_GAN_ViT: 0.419 D_real_ViT: 0.251 D_fake_ViT: 0.161 global: 0.539 spatial: 0.085 
(epoch: 44, iters: 1160, time: 0.489, data: 0.002) G_GAN_ViT: 0.316 D_real_ViT: 0.267 D_fake_ViT: 0.244 global: 0.543 spatial: 0.092 
(epoch: 44, iters: 1260, time: 0.489, data: 0.002) G_GAN_ViT: 0.345 D_real_ViT: 0.202 D_fake_ViT: 0.236 global: 0.393 spatial: 0.076 
(epoch: 44, iters: 1360, time: 0.489, data: 0.002) G_GAN_ViT: 0.353 D_real_ViT: 0.283 D_fake_ViT: 0.195 global: 0.412 spatial: 0.099 
(epoch: 44, iters: 1460, time: 0.489, data: 0.002) G_GAN_ViT: 0.376 D_real_ViT: 0.206 D_fake_ViT: 0.185 global: 0.430 spatial: 0.103 
(epoch: 44, iters: 1560, time: 0.489, data: 0.002) G_GAN_ViT: 0.367 D_real_ViT: 0.173 D_fake_ViT: 0.212 global: 0.357 spatial: 0.091 
saving the latest model (epoch 44, total_iters 220000)
IRVI_single_monitor
(epoch: 44, iters: 1660, time: 0.489, data: 0.002) G_GAN_ViT: 0.355 D_real_ViT: 0.192 D_fake_ViT: 0.192 global: 0.315 spatial: 0.094 
(epoch: 44, iters: 1760, time: 0.488, data: 0.001) G_GAN_ViT: 0.406 D_real_ViT: 0.172 D_fake_ViT: 0.175 global: 0.487 spatial: 0.117 
(epoch: 44, iters: 1860, time: 0.488, data: 0.002) G_GAN_ViT: 0.313 D_real_ViT: 0.263 D_fake_ViT: 0.275 global: 0.455 spatial: 0.084 
(epoch: 44, iters: 1960, time: 0.488, data: 0.002) G_GAN_ViT: 0.332 D_real_ViT: 0.163 D_fake_ViT: 0.239 global: 0.437 spatial: 0.105 
(epoch: 44, iters: 2060, time: 0.488, data: 0.001) G_GAN_ViT: 0.315 D_real_ViT: 0.214 D_fake_ViT: 0.243 global: 0.441 spatial: 0.112 
(epoch: 44, iters: 2160, time: 0.488, data: 0.002) G_GAN_ViT: 0.260 D_real_ViT: 0.281 D_fake_ViT: 0.294 global: 0.457 spatial: 0.080 
(epoch: 44, iters: 2260, time: 0.488, data: 0.002) G_GAN_ViT: 0.395 D_real_ViT: 0.281 D_fake_ViT: 0.171 global: 0.520 spatial: 0.097 
(epoch: 44, iters: 2360, time: 0.488, data: 0.002) G_GAN_ViT: 0.386 D_real_ViT: 0.285 D_fake_ViT: 0.198 global: 0.658 spatial: 0.162 
(epoch: 44, iters: 2460, time: 0.489, data: 0.001) G_GAN_ViT: 0.417 D_real_ViT: 0.266 D_fake_ViT: 0.169 global: 0.479 spatial: 0.107 
(epoch: 44, iters: 2560, time: 0.489, data: 0.002) G_GAN_ViT: 0.313 D_real_ViT: 0.240 D_fake_ViT: 0.259 global: 0.315 spatial: 0.080 
(epoch: 44, iters: 2660, time: 0.489, data: 0.002) G_GAN_ViT: 0.341 D_real_ViT: 0.185 D_fake_ViT: 0.233 global: 0.670 spatial: 0.106 
(epoch: 44, iters: 2760, time: 0.489, data: 0.001) G_GAN_ViT: 0.428 D_real_ViT: 0.257 D_fake_ViT: 0.167 global: 0.609 spatial: 0.174 
(epoch: 44, iters: 2860, time: 0.489, data: 0.001) G_GAN_ViT: 0.334 D_real_ViT: 0.269 D_fake_ViT: 0.222 global: 0.449 spatial: 0.114 
(epoch: 44, iters: 2960, time: 0.489, data: 0.002) G_GAN_ViT: 0.489 D_real_ViT: 0.232 D_fake_ViT: 0.154 global: 0.539 spatial: 0.123 
(epoch: 44, iters: 3060, time: 0.489, data: 0.001) G_GAN_ViT: 0.334 D_real_ViT: 0.241 D_fake_ViT: 0.214 global: 0.439 spatial: 0.097 
(epoch: 44, iters: 3160, time: 0.489, data: 0.002) G_GAN_ViT: 0.445 D_real_ViT: 0.110 D_fake_ViT: 0.154 global: 0.384 spatial: 0.090 
(epoch: 44, iters: 3260, time: 0.487, data: 0.002) G_GAN_ViT: 0.342 D_real_ViT: 0.243 D_fake_ViT: 0.209 global: 0.437 spatial: 0.076 
(epoch: 44, iters: 3360, time: 0.487, data: 0.002) G_GAN_ViT: 0.365 D_real_ViT: 0.136 D_fake_ViT: 0.201 global: 0.361 spatial: 0.083 
(epoch: 44, iters: 3460, time: 0.488, data: 0.002) G_GAN_ViT: 0.343 D_real_ViT: 0.325 D_fake_ViT: 0.206 global: 0.396 spatial: 0.092 
(epoch: 44, iters: 3560, time: 0.488, data: 0.002) G_GAN_ViT: 0.317 D_real_ViT: 0.210 D_fake_ViT: 0.223 global: 0.361 spatial: 0.079 
(epoch: 44, iters: 3660, time: 0.488, data: 0.002) G_GAN_ViT: 0.334 D_real_ViT: 0.178 D_fake_ViT: 0.212 global: 0.461 spatial: 0.092 
(epoch: 44, iters: 3760, time: 0.488, data: 0.002) G_GAN_ViT: 0.576 D_real_ViT: 0.277 D_fake_ViT: 0.144 global: 0.640 spatial: 0.168 
(epoch: 44, iters: 3860, time: 0.488, data: 0.002) G_GAN_ViT: 0.353 D_real_ViT: 0.190 D_fake_ViT: 0.268 global: 0.594 spatial: 0.169 
(epoch: 44, iters: 3960, time: 0.488, data: 0.001) G_GAN_ViT: 0.353 D_real_ViT: 0.295 D_fake_ViT: 0.212 global: 0.461 spatial: 0.107 
(epoch: 44, iters: 4060, time: 0.489, data: 0.001) G_GAN_ViT: 0.382 D_real_ViT: 0.273 D_fake_ViT: 0.202 global: 0.491 spatial: 0.137 
(epoch: 44, iters: 4160, time: 0.489, data: 0.002) G_GAN_ViT: 0.399 D_real_ViT: 0.255 D_fake_ViT: 0.184 global: 0.474 spatial: 0.111 
(epoch: 44, iters: 4260, time: 0.489, data: 0.002) G_GAN_ViT: 0.379 D_real_ViT: 0.171 D_fake_ViT: 0.184 global: 0.464 spatial: 0.092 
(epoch: 44, iters: 4360, time: 0.489, data: 0.002) G_GAN_ViT: 0.413 D_real_ViT: 0.179 D_fake_ViT: 0.182 global: 0.512 spatial: 0.120 
(epoch: 44, iters: 4460, time: 0.489, data: 0.001) G_GAN_ViT: 0.533 D_real_ViT: 0.176 D_fake_ViT: 0.117 global: 0.477 spatial: 0.090 
(epoch: 44, iters: 4560, time: 0.489, data: 0.002) G_GAN_ViT: 0.381 D_real_ViT: 0.210 D_fake_ViT: 0.218 global: 0.432 spatial: 0.097 
(epoch: 44, iters: 4660, time: 0.489, data: 0.001) G_GAN_ViT: 0.581 D_real_ViT: 0.260 D_fake_ViT: 0.104 global: 0.383 spatial: 0.098 
(epoch: 44, iters: 4760, time: 0.488, data: 0.001) G_GAN_ViT: 0.361 D_real_ViT: 0.191 D_fake_ViT: 0.198 global: 0.430 spatial: 0.089 
(epoch: 44, iters: 4860, time: 0.488, data: 0.002) G_GAN_ViT: 0.414 D_real_ViT: 0.179 D_fake_ViT: 0.175 global: 0.379 spatial: 0.089 
(epoch: 44, iters: 4960, time: 0.489, data: 0.001) G_GAN_ViT: 0.379 D_real_ViT: 0.131 D_fake_ViT: 0.199 global: 0.510 spatial: 0.112 
(epoch: 44, iters: 5060, time: 0.488, data: 0.001) G_GAN_ViT: 0.317 D_real_ViT: 0.182 D_fake_ViT: 0.226 global: 0.347 spatial: 0.084 
End of epoch 44 / 100 	 Time Taken: 2489 sec
learning rate = 0.0000100
(epoch: 45, iters: 80, time: 0.489, data: 0.002) G_GAN_ViT: 0.445 D_real_ViT: 0.167 D_fake_ViT: 0.172 global: 0.410 spatial: 0.092 
(epoch: 45, iters: 180, time: 0.489, data: 0.001) G_GAN_ViT: 0.356 D_real_ViT: 0.281 D_fake_ViT: 0.220 global: 0.343 spatial: 0.092 
(epoch: 45, iters: 280, time: 0.489, data: 0.002) G_GAN_ViT: 0.314 D_real_ViT: 0.253 D_fake_ViT: 0.235 global: 0.440 spatial: 0.083 
(epoch: 45, iters: 380, time: 0.488, data: 0.002) G_GAN_ViT: 0.255 D_real_ViT: 0.145 D_fake_ViT: 0.294 global: 0.346 spatial: 0.090 
(epoch: 45, iters: 480, time: 0.488, data: 0.002) G_GAN_ViT: 0.382 D_real_ViT: 0.248 D_fake_ViT: 0.195 global: 0.500 spatial: 0.110 
(epoch: 45, iters: 580, time: 0.487, data: 0.001) G_GAN_ViT: 0.275 D_real_ViT: 0.182 D_fake_ViT: 0.300 global: 0.472 spatial: 0.103 
(epoch: 45, iters: 680, time: 0.487, data: 0.001) G_GAN_ViT: 0.335 D_real_ViT: 0.228 D_fake_ViT: 0.229 global: 0.368 spatial: 0.097 
(epoch: 45, iters: 780, time: 0.487, data: 0.001) G_GAN_ViT: 0.436 D_real_ViT: 0.182 D_fake_ViT: 0.184 global: 0.561 spatial: 0.106 
(epoch: 45, iters: 880, time: 0.486, data: 0.001) G_GAN_ViT: 0.411 D_real_ViT: 0.205 D_fake_ViT: 0.179 global: 0.489 spatial: 0.114 
(epoch: 45, iters: 980, time: 0.485, data: 0.001) G_GAN_ViT: 0.361 D_real_ViT: 0.218 D_fake_ViT: 0.213 global: 0.447 spatial: 0.122 
(epoch: 45, iters: 1080, time: 0.486, data: 0.001) G_GAN_ViT: 0.398 D_real_ViT: 0.207 D_fake_ViT: 0.191 global: 0.478 spatial: 0.124 
(epoch: 45, iters: 1180, time: 0.486, data: 0.001) G_GAN_ViT: 0.312 D_real_ViT: 0.220 D_fake_ViT: 0.231 global: 0.309 spatial: 0.071 
(epoch: 45, iters: 1280, time: 0.486, data: 0.001) G_GAN_ViT: 0.404 D_real_ViT: 0.290 D_fake_ViT: 0.174 global: 0.474 spatial: 0.110 
(epoch: 45, iters: 1380, time: 0.486, data: 0.001) G_GAN_ViT: 0.387 D_real_ViT: 0.265 D_fake_ViT: 0.174 global: 0.498 spatial: 0.095 
(epoch: 45, iters: 1480, time: 0.486, data: 0.002) G_GAN_ViT: 0.302 D_real_ViT: 0.180 D_fake_ViT: 0.243 global: 0.413 spatial: 0.116 
saving the latest model (epoch 45, total_iters 225000)
IRVI_single_monitor
(epoch: 45, iters: 1580, time: 0.485, data: 0.002) G_GAN_ViT: 0.304 D_real_ViT: 0.271 D_fake_ViT: 0.279 global: 0.605 spatial: 0.155 
(epoch: 45, iters: 1680, time: 0.485, data: 0.001) G_GAN_ViT: 0.437 D_real_ViT: 0.244 D_fake_ViT: 0.172 global: 0.492 spatial: 0.141 
(epoch: 45, iters: 1780, time: 0.486, data: 0.001) G_GAN_ViT: 0.485 D_real_ViT: 0.257 D_fake_ViT: 0.155 global: 0.544 spatial: 0.138 
(epoch: 45, iters: 1880, time: 0.486, data: 0.001) G_GAN_ViT: 0.402 D_real_ViT: 0.192 D_fake_ViT: 0.190 global: 0.630 spatial: 0.163 
(epoch: 45, iters: 1980, time: 0.486, data: 0.001) G_GAN_ViT: 0.335 D_real_ViT: 0.203 D_fake_ViT: 0.220 global: 0.509 spatial: 0.094 
(epoch: 45, iters: 2080, time: 0.486, data: 0.001) G_GAN_ViT: 0.393 D_real_ViT: 0.207 D_fake_ViT: 0.182 global: 0.594 spatial: 0.167 
(epoch: 45, iters: 2180, time: 0.486, data: 0.001) G_GAN_ViT: 0.443 D_real_ViT: 0.245 D_fake_ViT: 0.147 global: 0.494 spatial: 0.120 
(epoch: 45, iters: 2280, time: 0.486, data: 0.001) G_GAN_ViT: 0.432 D_real_ViT: 0.180 D_fake_ViT: 0.171 global: 0.614 spatial: 0.166 
(epoch: 45, iters: 2380, time: 0.487, data: 0.001) G_GAN_ViT: 0.290 D_real_ViT: 0.223 D_fake_ViT: 0.266 global: 0.524 spatial: 0.097 
(epoch: 45, iters: 2480, time: 0.486, data: 0.001) G_GAN_ViT: 0.259 D_real_ViT: 0.047 D_fake_ViT: 0.325 global: 0.603 spatial: 0.152 
(epoch: 45, iters: 2580, time: 0.486, data: 0.001) G_GAN_ViT: 0.425 D_real_ViT: 0.276 D_fake_ViT: 0.163 global: 0.347 spatial: 0.102 
(epoch: 45, iters: 2680, time: 0.486, data: 0.001) G_GAN_ViT: 0.359 D_real_ViT: 0.198 D_fake_ViT: 0.194 global: 0.446 spatial: 0.094 
(epoch: 45, iters: 2780, time: 0.487, data: 0.001) G_GAN_ViT: 0.316 D_real_ViT: 0.244 D_fake_ViT: 0.247 global: 0.623 spatial: 0.170 
(epoch: 45, iters: 2880, time: 0.487, data: 0.001) G_GAN_ViT: 0.334 D_real_ViT: 0.181 D_fake_ViT: 0.228 global: 0.442 spatial: 0.116 
(epoch: 45, iters: 2980, time: 0.486, data: 0.001) G_GAN_ViT: 0.296 D_real_ViT: 0.047 D_fake_ViT: 0.269 global: 0.384 spatial: 0.068 
(epoch: 45, iters: 3080, time: 0.486, data: 0.001) G_GAN_ViT: 0.446 D_real_ViT: 0.212 D_fake_ViT: 0.161 global: 0.605 spatial: 0.163 
(epoch: 45, iters: 3180, time: 0.486, data: 0.003) G_GAN_ViT: 0.504 D_real_ViT: 0.216 D_fake_ViT: 0.146 global: 0.484 spatial: 0.130 
(epoch: 45, iters: 3280, time: 0.486, data: 0.001) G_GAN_ViT: 0.331 D_real_ViT: 0.245 D_fake_ViT: 0.240 global: 0.587 spatial: 0.123 
(epoch: 45, iters: 3380, time: 0.486, data: 0.002) G_GAN_ViT: 0.329 D_real_ViT: 0.270 D_fake_ViT: 0.228 global: 0.340 spatial: 0.068 
(epoch: 45, iters: 3480, time: 0.487, data: 0.001) G_GAN_ViT: 0.364 D_real_ViT: 0.264 D_fake_ViT: 0.218 global: 0.488 spatial: 0.130 
(epoch: 45, iters: 3580, time: 0.486, data: 0.001) G_GAN_ViT: 0.371 D_real_ViT: 0.175 D_fake_ViT: 0.232 global: 0.299 spatial: 0.059 
(epoch: 45, iters: 3680, time: 0.486, data: 0.001) G_GAN_ViT: 0.351 D_real_ViT: 0.332 D_fake_ViT: 0.205 global: 0.419 spatial: 0.114 
(epoch: 45, iters: 3780, time: 0.486, data: 0.001) G_GAN_ViT: 0.459 D_real_ViT: 0.187 D_fake_ViT: 0.168 global: 0.628 spatial: 0.175 
(epoch: 45, iters: 3880, time: 0.486, data: 0.001) G_GAN_ViT: 0.362 D_real_ViT: 0.123 D_fake_ViT: 0.205 global: 0.403 spatial: 0.091 
(epoch: 45, iters: 3980, time: 0.486, data: 0.001) G_GAN_ViT: 0.253 D_real_ViT: 0.216 D_fake_ViT: 0.304 global: 0.302 spatial: 0.074 
(epoch: 45, iters: 4080, time: 0.487, data: 0.002) G_GAN_ViT: 0.329 D_real_ViT: 0.230 D_fake_ViT: 0.237 global: 0.355 spatial: 0.086 
(epoch: 45, iters: 4180, time: 0.486, data: 0.001) G_GAN_ViT: 0.321 D_real_ViT: 0.171 D_fake_ViT: 0.232 global: 0.392 spatial: 0.088 
(epoch: 45, iters: 4280, time: 0.486, data: 0.001) G_GAN_ViT: 0.328 D_real_ViT: 0.269 D_fake_ViT: 0.220 global: 0.432 spatial: 0.087 
(epoch: 45, iters: 4380, time: 0.486, data: 0.001) G_GAN_ViT: 0.294 D_real_ViT: 0.259 D_fake_ViT: 0.244 global: 0.298 spatial: 0.080 
(epoch: 45, iters: 4480, time: 0.486, data: 0.001) G_GAN_ViT: 0.307 D_real_ViT: 0.208 D_fake_ViT: 0.259 global: 0.275 spatial: 0.062 
(epoch: 45, iters: 4580, time: 0.486, data: 0.001) G_GAN_ViT: 0.401 D_real_ViT: 0.299 D_fake_ViT: 0.170 global: 0.499 spatial: 0.097 
(epoch: 45, iters: 4680, time: 0.486, data: 0.001) G_GAN_ViT: 0.300 D_real_ViT: 0.201 D_fake_ViT: 0.247 global: 0.433 spatial: 0.113 
(epoch: 45, iters: 4780, time: 0.486, data: 0.001) G_GAN_ViT: 0.408 D_real_ViT: 0.239 D_fake_ViT: 0.174 global: 0.425 spatial: 0.109 
(epoch: 45, iters: 4880, time: 0.486, data: 0.001) G_GAN_ViT: 0.287 D_real_ViT: 0.293 D_fake_ViT: 0.253 global: 0.349 spatial: 0.073 
(epoch: 45, iters: 4980, time: 0.486, data: 0.001) G_GAN_ViT: 0.349 D_real_ViT: 0.036 D_fake_ViT: 0.213 global: 0.392 spatial: 0.098 
(epoch: 45, iters: 5080, time: 0.486, data: 0.001) G_GAN_ViT: 0.540 D_real_ViT: 0.168 D_fake_ViT: 0.164 global: 0.557 spatial: 0.146 
saving the model at the end of epoch 45, iters 228600
End of epoch 45 / 100 	 Time Taken: 2480 sec
learning rate = 0.0000100
(epoch: 46, iters: 100, time: 0.487, data: 0.157) G_GAN_ViT: 0.376 D_real_ViT: 0.211 D_fake_ViT: 0.193 global: 0.356 spatial: 0.083 
(epoch: 46, iters: 200, time: 0.486, data: 0.001) G_GAN_ViT: 0.358 D_real_ViT: 0.034 D_fake_ViT: 0.213 global: 0.482 spatial: 0.120 
(epoch: 46, iters: 300, time: 0.486, data: 0.001) G_GAN_ViT: 0.442 D_real_ViT: 0.260 D_fake_ViT: 0.157 global: 0.453 spatial: 0.089 
(epoch: 46, iters: 400, time: 0.486, data: 0.001) G_GAN_ViT: 0.308 D_real_ViT: 0.181 D_fake_ViT: 0.231 global: 0.422 spatial: 0.088 
(epoch: 46, iters: 500, time: 0.486, data: 0.001) G_GAN_ViT: 0.250 D_real_ViT: 0.268 D_fake_ViT: 0.298 global: 0.380 spatial: 0.096 
(epoch: 46, iters: 600, time: 0.486, data: 0.001) G_GAN_ViT: 0.233 D_real_ViT: 0.213 D_fake_ViT: 0.341 global: 0.432 spatial: 0.118 
(epoch: 46, iters: 700, time: 0.486, data: 0.001) G_GAN_ViT: 0.330 D_real_ViT: 0.216 D_fake_ViT: 0.231 global: 0.493 spatial: 0.110 
(epoch: 46, iters: 800, time: 0.486, data: 0.001) G_GAN_ViT: 0.326 D_real_ViT: 0.167 D_fake_ViT: 0.231 global: 0.368 spatial: 0.088 
(epoch: 46, iters: 900, time: 0.486, data: 0.001) G_GAN_ViT: 0.372 D_real_ViT: 0.285 D_fake_ViT: 0.210 global: 0.465 spatial: 0.115 
(epoch: 46, iters: 1000, time: 0.486, data: 0.001) G_GAN_ViT: 0.305 D_real_ViT: 0.225 D_fake_ViT: 0.246 global: 0.444 spatial: 0.094 
(epoch: 46, iters: 1100, time: 0.486, data: 0.001) G_GAN_ViT: 0.313 D_real_ViT: 0.275 D_fake_ViT: 0.240 global: 0.451 spatial: 0.113 
(epoch: 46, iters: 1200, time: 0.486, data: 0.001) G_GAN_ViT: 0.378 D_real_ViT: 0.224 D_fake_ViT: 0.185 global: 0.361 spatial: 0.100 
(epoch: 46, iters: 1300, time: 0.486, data: 0.001) G_GAN_ViT: 0.387 D_real_ViT: 0.188 D_fake_ViT: 0.214 global: 0.628 spatial: 0.152 
(epoch: 46, iters: 1400, time: 0.486, data: 0.001) G_GAN_ViT: 0.306 D_real_ViT: 0.226 D_fake_ViT: 0.235 global: 0.368 spatial: 0.090 
saving the latest model (epoch 46, total_iters 230000)
IRVI_single_monitor
(epoch: 46, iters: 1500, time: 0.486, data: 0.001) G_GAN_ViT: 0.397 D_real_ViT: 0.254 D_fake_ViT: 0.192 global: 0.478 spatial: 0.114 
(epoch: 46, iters: 1600, time: 0.485, data: 0.001) G_GAN_ViT: 0.393 D_real_ViT: 0.191 D_fake_ViT: 0.187 global: 0.647 spatial: 0.163 
(epoch: 46, iters: 1700, time: 0.486, data: 0.001) G_GAN_ViT: 0.500 D_real_ViT: 0.198 D_fake_ViT: 0.130 global: 0.379 spatial: 0.097 
(epoch: 46, iters: 1800, time: 0.486, data: 0.001) G_GAN_ViT: 0.232 D_real_ViT: 0.174 D_fake_ViT: 0.327 global: 0.396 spatial: 0.073 
(epoch: 46, iters: 1900, time: 0.486, data: 0.002) G_GAN_ViT: 0.419 D_real_ViT: 0.157 D_fake_ViT: 0.173 global: 0.613 spatial: 0.163 
(epoch: 46, iters: 2000, time: 0.486, data: 0.001) G_GAN_ViT: 0.296 D_real_ViT: 0.222 D_fake_ViT: 0.274 global: 0.345 spatial: 0.091 
(epoch: 46, iters: 2100, time: 0.486, data: 0.001) G_GAN_ViT: 0.363 D_real_ViT: 0.211 D_fake_ViT: 0.233 global: 0.549 spatial: 0.101 
(epoch: 46, iters: 2200, time: 0.486, data: 0.001) G_GAN_ViT: 0.246 D_real_ViT: 0.262 D_fake_ViT: 0.327 global: 0.299 spatial: 0.062 
(epoch: 46, iters: 2300, time: 0.486, data: 0.001) G_GAN_ViT: 0.304 D_real_ViT: 0.288 D_fake_ViT: 0.255 global: 0.309 spatial: 0.080 
(epoch: 46, iters: 2400, time: 0.486, data: 0.001) G_GAN_ViT: 0.320 D_real_ViT: 0.202 D_fake_ViT: 0.235 global: 0.443 spatial: 0.119 
(epoch: 46, iters: 2500, time: 0.486, data: 0.001) G_GAN_ViT: 0.323 D_real_ViT: 0.201 D_fake_ViT: 0.239 global: 0.447 spatial: 0.114 
(epoch: 46, iters: 2600, time: 0.486, data: 0.001) G_GAN_ViT: 0.302 D_real_ViT: 0.033 D_fake_ViT: 0.281 global: 0.593 spatial: 0.155 
(epoch: 46, iters: 2700, time: 0.486, data: 0.001) G_GAN_ViT: 0.333 D_real_ViT: 0.215 D_fake_ViT: 0.232 global: 0.479 spatial: 0.112 
(epoch: 46, iters: 2800, time: 0.486, data: 0.001) G_GAN_ViT: 0.390 D_real_ViT: 0.324 D_fake_ViT: 0.185 global: 0.419 spatial: 0.115 
(epoch: 46, iters: 2900, time: 0.486, data: 0.001) G_GAN_ViT: 0.342 D_real_ViT: 0.183 D_fake_ViT: 0.212 global: 0.449 spatial: 0.094 
(epoch: 46, iters: 3000, time: 0.486, data: 0.001) G_GAN_ViT: 0.443 D_real_ViT: 0.262 D_fake_ViT: 0.156 global: 0.500 spatial: 0.105 
(epoch: 46, iters: 3100, time: 0.486, data: 0.001) G_GAN_ViT: 0.389 D_real_ViT: 0.287 D_fake_ViT: 0.189 global: 0.339 spatial: 0.089 
(epoch: 46, iters: 3200, time: 0.486, data: 0.001) G_GAN_ViT: 0.355 D_real_ViT: 0.211 D_fake_ViT: 0.198 global: 0.397 spatial: 0.088 
(epoch: 46, iters: 3300, time: 0.486, data: 0.001) G_GAN_ViT: 0.348 D_real_ViT: 0.262 D_fake_ViT: 0.215 global: 0.506 spatial: 0.117 
(epoch: 46, iters: 3400, time: 0.486, data: 0.001) G_GAN_ViT: 0.427 D_real_ViT: 0.151 D_fake_ViT: 0.165 global: 0.543 spatial: 0.092 
(epoch: 46, iters: 3500, time: 0.486, data: 0.001) G_GAN_ViT: 0.383 D_real_ViT: 0.155 D_fake_ViT: 0.187 global: 0.469 spatial: 0.126 
(epoch: 46, iters: 3600, time: 0.486, data: 0.001) G_GAN_ViT: 0.319 D_real_ViT: 0.220 D_fake_ViT: 0.265 global: 0.599 spatial: 0.162 
(epoch: 46, iters: 3700, time: 0.486, data: 0.001) G_GAN_ViT: 0.422 D_real_ViT: 0.290 D_fake_ViT: 0.153 global: 0.521 spatial: 0.104 
(epoch: 46, iters: 3800, time: 0.486, data: 0.001) G_GAN_ViT: 0.442 D_real_ViT: 0.145 D_fake_ViT: 0.153 global: 0.473 spatial: 0.110 
(epoch: 46, iters: 3900, time: 0.486, data: 0.001) G_GAN_ViT: 0.311 D_real_ViT: 0.197 D_fake_ViT: 0.247 global: 0.421 spatial: 0.110 
(epoch: 46, iters: 4000, time: 0.486, data: 0.001) G_GAN_ViT: 0.374 D_real_ViT: 0.238 D_fake_ViT: 0.185 global: 0.354 spatial: 0.087 
(epoch: 46, iters: 4100, time: 0.486, data: 0.001) G_GAN_ViT: 0.377 D_real_ViT: 0.226 D_fake_ViT: 0.197 global: 0.482 spatial: 0.105 
(epoch: 46, iters: 4200, time: 0.486, data: 0.001) G_GAN_ViT: 0.336 D_real_ViT: 0.210 D_fake_ViT: 0.221 global: 0.389 spatial: 0.109 
(epoch: 46, iters: 4300, time: 0.486, data: 0.001) G_GAN_ViT: 0.341 D_real_ViT: 0.171 D_fake_ViT: 0.211 global: 0.352 spatial: 0.097 
(epoch: 46, iters: 4400, time: 0.486, data: 0.001) G_GAN_ViT: 0.381 D_real_ViT: 0.171 D_fake_ViT: 0.200 global: 0.422 spatial: 0.084 
(epoch: 46, iters: 4500, time: 0.486, data: 0.001) G_GAN_ViT: 0.330 D_real_ViT: 0.308 D_fake_ViT: 0.218 global: 0.448 spatial: 0.101 
(epoch: 46, iters: 4600, time: 0.486, data: 0.001) G_GAN_ViT: 0.353 D_real_ViT: 0.245 D_fake_ViT: 0.207 global: 0.429 spatial: 0.119 
(epoch: 46, iters: 4700, time: 0.486, data: 0.001) G_GAN_ViT: 0.313 D_real_ViT: 0.249 D_fake_ViT: 0.231 global: 0.370 spatial: 0.090 
(epoch: 46, iters: 4800, time: 0.486, data: 0.001) G_GAN_ViT: 0.324 D_real_ViT: 0.293 D_fake_ViT: 0.233 global: 0.432 spatial: 0.121 
(epoch: 46, iters: 4900, time: 0.486, data: 0.001) G_GAN_ViT: 0.384 D_real_ViT: 0.214 D_fake_ViT: 0.223 global: 0.560 spatial: 0.127 
(epoch: 46, iters: 5000, time: 0.486, data: 0.001) G_GAN_ViT: 0.347 D_real_ViT: 0.307 D_fake_ViT: 0.221 global: 0.466 spatial: 0.114 
End of epoch 46 / 100 	 Time Taken: 2477 sec
learning rate = 0.0000100
(epoch: 47, iters: 20, time: 0.486, data: 0.001) G_GAN_ViT: 0.453 D_real_ViT: 0.272 D_fake_ViT: 0.147 global: 0.435 spatial: 0.116 
(epoch: 47, iters: 120, time: 0.487, data: 0.001) G_GAN_ViT: 0.368 D_real_ViT: 0.032 D_fake_ViT: 0.196 global: 0.557 spatial: 0.100 
(epoch: 47, iters: 220, time: 0.486, data: 0.001) G_GAN_ViT: 0.356 D_real_ViT: 0.269 D_fake_ViT: 0.210 global: 0.616 spatial: 0.165 
(epoch: 47, iters: 320, time: 0.486, data: 0.001) G_GAN_ViT: 0.327 D_real_ViT: 0.261 D_fake_ViT: 0.222 global: 0.433 spatial: 0.095 
(epoch: 47, iters: 420, time: 0.487, data: 0.002) G_GAN_ViT: 0.328 D_real_ViT: 0.256 D_fake_ViT: 0.222 global: 0.461 spatial: 0.091 
(epoch: 47, iters: 520, time: 0.487, data: 0.001) G_GAN_ViT: 0.325 D_real_ViT: 0.228 D_fake_ViT: 0.226 global: 0.505 spatial: 0.095 
(epoch: 47, iters: 620, time: 0.486, data: 0.001) G_GAN_ViT: 0.403 D_real_ViT: 0.246 D_fake_ViT: 0.183 global: 0.613 spatial: 0.167 
(epoch: 47, iters: 720, time: 0.487, data: 0.001) G_GAN_ViT: 0.374 D_real_ViT: 0.181 D_fake_ViT: 0.197 global: 0.350 spatial: 0.081 
(epoch: 47, iters: 820, time: 0.487, data: 0.001) G_GAN_ViT: 0.354 D_real_ViT: 0.302 D_fake_ViT: 0.232 global: 0.482 spatial: 0.120 
(epoch: 47, iters: 920, time: 0.487, data: 0.001) G_GAN_ViT: 0.336 D_real_ViT: 0.284 D_fake_ViT: 0.235 global: 0.451 spatial: 0.111 
(epoch: 47, iters: 1020, time: 0.487, data: 0.001) G_GAN_ViT: 0.340 D_real_ViT: 0.187 D_fake_ViT: 0.225 global: 0.318 spatial: 0.088 
(epoch: 47, iters: 1120, time: 0.487, data: 0.001) G_GAN_ViT: 0.334 D_real_ViT: 0.248 D_fake_ViT: 0.225 global: 0.565 spatial: 0.098 
(epoch: 47, iters: 1220, time: 0.487, data: 0.001) G_GAN_ViT: 0.366 D_real_ViT: 0.217 D_fake_ViT: 0.185 global: 0.444 spatial: 0.098 
(epoch: 47, iters: 1320, time: 0.486, data: 0.001) G_GAN_ViT: 0.267 D_real_ViT: 0.196 D_fake_ViT: 0.288 global: 0.374 spatial: 0.100 
saving the latest model (epoch 47, total_iters 235000)
IRVI_single_monitor
(epoch: 47, iters: 1420, time: 0.486, data: 0.001) G_GAN_ViT: 0.381 D_real_ViT: 0.273 D_fake_ViT: 0.182 global: 0.432 spatial: 0.124 
(epoch: 47, iters: 1520, time: 0.486, data: 0.001) G_GAN_ViT: 0.330 D_real_ViT: 0.253 D_fake_ViT: 0.242 global: 0.408 spatial: 0.082 
(epoch: 47, iters: 1620, time: 0.486, data: 0.001) G_GAN_ViT: 0.353 D_real_ViT: 0.255 D_fake_ViT: 0.215 global: 0.317 spatial: 0.081 
(epoch: 47, iters: 1720, time: 0.486, data: 0.001) G_GAN_ViT: 0.385 D_real_ViT: 0.229 D_fake_ViT: 0.197 global: 0.397 spatial: 0.091 
(epoch: 47, iters: 1820, time: 0.486, data: 0.001) G_GAN_ViT: 0.398 D_real_ViT: 0.255 D_fake_ViT: 0.216 global: 0.566 spatial: 0.147 
(epoch: 47, iters: 1920, time: 0.486, data: 0.001) G_GAN_ViT: 0.396 D_real_ViT: 0.154 D_fake_ViT: 0.167 global: 0.482 spatial: 0.089 
(epoch: 47, iters: 2020, time: 0.486, data: 0.001) G_GAN_ViT: 0.330 D_real_ViT: 0.270 D_fake_ViT: 0.228 global: 0.538 spatial: 0.109 
(epoch: 47, iters: 2120, time: 0.486, data: 0.003) G_GAN_ViT: 0.409 D_real_ViT: 0.303 D_fake_ViT: 0.166 global: 0.620 spatial: 0.168 
(epoch: 47, iters: 2220, time: 0.486, data: 0.001) G_GAN_ViT: 0.312 D_real_ViT: 0.239 D_fake_ViT: 0.244 global: 0.476 spatial: 0.089 
(epoch: 47, iters: 2320, time: 0.486, data: 0.001) G_GAN_ViT: 0.426 D_real_ViT: 0.300 D_fake_ViT: 0.188 global: 0.528 spatial: 0.139 
(epoch: 47, iters: 2420, time: 0.486, data: 0.001) G_GAN_ViT: 0.291 D_real_ViT: 0.242 D_fake_ViT: 0.276 global: 0.500 spatial: 0.126 
(epoch: 47, iters: 2520, time: 0.486, data: 0.001) G_GAN_ViT: 0.378 D_real_ViT: 0.341 D_fake_ViT: 0.185 global: 0.508 spatial: 0.105 
(epoch: 47, iters: 2620, time: 0.486, data: 0.001) G_GAN_ViT: 0.409 D_real_ViT: 0.310 D_fake_ViT: 0.171 global: 0.326 spatial: 0.072 
(epoch: 47, iters: 2720, time: 0.486, data: 0.001) G_GAN_ViT: 0.406 D_real_ViT: 0.227 D_fake_ViT: 0.167 global: 0.370 spatial: 0.087 
(epoch: 47, iters: 2820, time: 0.486, data: 0.001) G_GAN_ViT: 0.341 D_real_ViT: 0.248 D_fake_ViT: 0.229 global: 0.348 spatial: 0.081 
(epoch: 47, iters: 2920, time: 0.486, data: 0.001) G_GAN_ViT: 0.329 D_real_ViT: 0.038 D_fake_ViT: 0.238 global: 0.493 spatial: 0.108 
(epoch: 47, iters: 3020, time: 0.486, data: 0.001) G_GAN_ViT: 0.383 D_real_ViT: 0.296 D_fake_ViT: 0.197 global: 0.417 spatial: 0.089 
(epoch: 47, iters: 3120, time: 0.487, data: 0.001) G_GAN_ViT: 0.395 D_real_ViT: 0.243 D_fake_ViT: 0.170 global: 0.473 spatial: 0.100 
(epoch: 47, iters: 3220, time: 0.486, data: 0.001) G_GAN_ViT: 0.346 D_real_ViT: 0.259 D_fake_ViT: 0.208 global: 0.412 spatial: 0.084 
(epoch: 47, iters: 3320, time: 0.486, data: 0.001) G_GAN_ViT: 0.365 D_real_ViT: 0.091 D_fake_ViT: 0.199 global: 0.380 spatial: 0.093 
(epoch: 47, iters: 3420, time: 0.486, data: 0.001) G_GAN_ViT: 0.471 D_real_ViT: 0.089 D_fake_ViT: 0.141 global: 0.379 spatial: 0.085 
(epoch: 47, iters: 3520, time: 0.486, data: 0.001) G_GAN_ViT: 0.375 D_real_ViT: 0.173 D_fake_ViT: 0.188 global: 0.592 spatial: 0.100 
(epoch: 47, iters: 3620, time: 0.486, data: 0.001) G_GAN_ViT: 0.431 D_real_ViT: 0.211 D_fake_ViT: 0.166 global: 0.440 spatial: 0.114 
(epoch: 47, iters: 3720, time: 0.486, data: 0.001) G_GAN_ViT: 0.346 D_real_ViT: 0.207 D_fake_ViT: 0.230 global: 0.667 spatial: 0.153 
(epoch: 47, iters: 3820, time: 0.486, data: 0.001) G_GAN_ViT: 0.315 D_real_ViT: 0.247 D_fake_ViT: 0.235 global: 0.416 spatial: 0.095 
(epoch: 47, iters: 3920, time: 0.486, data: 0.001) G_GAN_ViT: 0.313 D_real_ViT: 0.182 D_fake_ViT: 0.249 global: 0.640 spatial: 0.167 
(epoch: 47, iters: 4020, time: 0.486, data: 0.001) G_GAN_ViT: 0.321 D_real_ViT: 0.226 D_fake_ViT: 0.247 global: 0.345 spatial: 0.099 
(epoch: 47, iters: 4120, time: 0.486, data: 0.001) G_GAN_ViT: 0.378 D_real_ViT: 0.249 D_fake_ViT: 0.181 global: 0.448 spatial: 0.112 
(epoch: 47, iters: 4220, time: 0.486, data: 0.001) G_GAN_ViT: 0.504 D_real_ViT: 0.226 D_fake_ViT: 0.154 global: 0.662 spatial: 0.162 
(epoch: 47, iters: 4320, time: 0.486, data: 0.001) G_GAN_ViT: 0.311 D_real_ViT: 0.137 D_fake_ViT: 0.263 global: 0.361 spatial: 0.080 
(epoch: 47, iters: 4420, time: 0.486, data: 0.001) G_GAN_ViT: 0.271 D_real_ViT: 0.290 D_fake_ViT: 0.270 global: 0.411 spatial: 0.107 
(epoch: 47, iters: 4520, time: 0.487, data: 0.001) G_GAN_ViT: 0.361 D_real_ViT: 0.238 D_fake_ViT: 0.197 global: 0.441 spatial: 0.104 
(epoch: 47, iters: 4620, time: 0.486, data: 0.001) G_GAN_ViT: 0.377 D_real_ViT: 0.207 D_fake_ViT: 0.199 global: 0.322 spatial: 0.084 
(epoch: 47, iters: 4720, time: 0.486, data: 0.001) G_GAN_ViT: 0.326 D_real_ViT: 0.304 D_fake_ViT: 0.216 global: 0.519 spatial: 0.099 
(epoch: 47, iters: 4820, time: 0.486, data: 0.001) G_GAN_ViT: 0.374 D_real_ViT: 0.211 D_fake_ViT: 0.188 global: 0.418 spatial: 0.096 
(epoch: 47, iters: 4920, time: 0.486, data: 0.001) G_GAN_ViT: 0.362 D_real_ViT: 0.191 D_fake_ViT: 0.213 global: 0.345 spatial: 0.096 
(epoch: 47, iters: 5020, time: 0.486, data: 0.001) G_GAN_ViT: 0.373 D_real_ViT: 0.150 D_fake_ViT: 0.198 global: 0.384 spatial: 0.088 
End of epoch 47 / 100 	 Time Taken: 2478 sec
learning rate = 0.0000100
(epoch: 48, iters: 40, time: 0.486, data: 0.001) G_GAN_ViT: 0.368 D_real_ViT: 0.150 D_fake_ViT: 0.204 global: 0.458 spatial: 0.101 
(epoch: 48, iters: 140, time: 0.486, data: 0.001) G_GAN_ViT: 0.335 D_real_ViT: 0.163 D_fake_ViT: 0.231 global: 0.403 spatial: 0.094 
(epoch: 48, iters: 240, time: 0.486, data: 0.001) G_GAN_ViT: 0.355 D_real_ViT: 0.182 D_fake_ViT: 0.217 global: 0.649 spatial: 0.161 
(epoch: 48, iters: 340, time: 0.486, data: 0.001) G_GAN_ViT: 0.425 D_real_ViT: 0.272 D_fake_ViT: 0.166 global: 0.523 spatial: 0.099 
(epoch: 48, iters: 440, time: 0.486, data: 0.001) G_GAN_ViT: 0.323 D_real_ViT: 0.158 D_fake_ViT: 0.234 global: 0.499 spatial: 0.121 
(epoch: 48, iters: 540, time: 0.486, data: 0.001) G_GAN_ViT: 0.312 D_real_ViT: 0.206 D_fake_ViT: 0.229 global: 0.383 spatial: 0.090 
(epoch: 48, iters: 640, time: 0.486, data: 0.001) G_GAN_ViT: 0.330 D_real_ViT: 0.269 D_fake_ViT: 0.227 global: 0.508 spatial: 0.112 
(epoch: 48, iters: 740, time: 0.486, data: 0.002) G_GAN_ViT: 0.341 D_real_ViT: 0.185 D_fake_ViT: 0.221 global: 0.515 spatial: 0.088 
(epoch: 48, iters: 840, time: 0.486, data: 0.001) G_GAN_ViT: 0.315 D_real_ViT: 0.238 D_fake_ViT: 0.231 global: 0.324 spatial: 0.072 
(epoch: 48, iters: 940, time: 0.486, data: 0.001) G_GAN_ViT: 0.481 D_real_ViT: 0.193 D_fake_ViT: 0.131 global: 0.465 spatial: 0.087 
(epoch: 48, iters: 1040, time: 0.486, data: 0.001) G_GAN_ViT: 0.417 D_real_ViT: 0.115 D_fake_ViT: 0.171 global: 0.332 spatial: 0.066 
(epoch: 48, iters: 1140, time: 0.486, data: 0.001) G_GAN_ViT: 0.413 D_real_ViT: 0.203 D_fake_ViT: 0.174 global: 0.452 spatial: 0.113 
(epoch: 48, iters: 1240, time: 0.486, data: 0.001) G_GAN_ViT: 0.382 D_real_ViT: 0.149 D_fake_ViT: 0.193 global: 0.476 spatial: 0.125 
saving the latest model (epoch 48, total_iters 240000)
IRVI_single_monitor
(epoch: 48, iters: 1340, time: 0.486, data: 0.001) G_GAN_ViT: 0.353 D_real_ViT: 0.214 D_fake_ViT: 0.205 global: 0.557 spatial: 0.107 
(epoch: 48, iters: 1440, time: 0.486, data: 0.001) G_GAN_ViT: 0.433 D_real_ViT: 0.184 D_fake_ViT: 0.180 global: 0.375 spatial: 0.074 
(epoch: 48, iters: 1540, time: 0.486, data: 0.001) G_GAN_ViT: 0.318 D_real_ViT: 0.129 D_fake_ViT: 0.223 global: 0.331 spatial: 0.089 
(epoch: 48, iters: 1640, time: 0.486, data: 0.001) G_GAN_ViT: 0.297 D_real_ViT: 0.294 D_fake_ViT: 0.273 global: 0.410 spatial: 0.086 
(epoch: 48, iters: 1740, time: 0.486, data: 0.001) G_GAN_ViT: 0.278 D_real_ViT: 0.138 D_fake_ViT: 0.281 global: 0.413 spatial: 0.084 
(epoch: 48, iters: 1840, time: 0.486, data: 0.001) G_GAN_ViT: 0.477 D_real_ViT: 0.239 D_fake_ViT: 0.153 global: 0.564 spatial: 0.146 
(epoch: 48, iters: 1940, time: 0.486, data: 0.001) G_GAN_ViT: 0.429 D_real_ViT: 0.248 D_fake_ViT: 0.172 global: 0.357 spatial: 0.076 
(epoch: 48, iters: 2040, time: 0.486, data: 0.001) G_GAN_ViT: 0.379 D_real_ViT: 0.221 D_fake_ViT: 0.192 global: 0.635 spatial: 0.164 
(epoch: 48, iters: 2140, time: 0.486, data: 0.001) G_GAN_ViT: 0.454 D_real_ViT: 0.201 D_fake_ViT: 0.146 global: 0.405 spatial: 0.105 
(epoch: 48, iters: 2240, time: 0.486, data: 0.001) G_GAN_ViT: 0.415 D_real_ViT: 0.195 D_fake_ViT: 0.186 global: 0.645 spatial: 0.148 
(epoch: 48, iters: 2340, time: 0.486, data: 0.001) G_GAN_ViT: 0.378 D_real_ViT: 0.265 D_fake_ViT: 0.178 global: 0.345 spatial: 0.088 
(epoch: 48, iters: 2440, time: 0.486, data: 0.001) G_GAN_ViT: 0.476 D_real_ViT: 0.172 D_fake_ViT: 0.144 global: 0.498 spatial: 0.135 
(epoch: 48, iters: 2540, time: 0.486, data: 0.001) G_GAN_ViT: 0.426 D_real_ViT: 0.242 D_fake_ViT: 0.171 global: 0.325 spatial: 0.099 
(epoch: 48, iters: 2640, time: 0.486, data: 0.001) G_GAN_ViT: 0.386 D_real_ViT: 0.261 D_fake_ViT: 0.193 global: 0.329 spatial: 0.094 
(epoch: 48, iters: 2740, time: 0.486, data: 0.001) G_GAN_ViT: 0.367 D_real_ViT: 0.111 D_fake_ViT: 0.194 global: 0.463 spatial: 0.081 
(epoch: 48, iters: 2840, time: 0.486, data: 0.001) G_GAN_ViT: 0.310 D_real_ViT: 0.218 D_fake_ViT: 0.244 global: 0.450 spatial: 0.112 
(epoch: 48, iters: 2940, time: 0.486, data: 0.001) G_GAN_ViT: 0.278 D_real_ViT: 0.220 D_fake_ViT: 0.265 global: 0.306 spatial: 0.082 
(epoch: 48, iters: 3040, time: 0.486, data: 0.001) G_GAN_ViT: 0.293 D_real_ViT: 0.217 D_fake_ViT: 0.260 global: 0.464 spatial: 0.112 
(epoch: 48, iters: 3140, time: 0.486, data: 0.001) G_GAN_ViT: 0.292 D_real_ViT: 0.208 D_fake_ViT: 0.262 global: 0.401 spatial: 0.104 
(epoch: 48, iters: 3240, time: 0.486, data: 0.001) G_GAN_ViT: 0.273 D_real_ViT: 0.237 D_fake_ViT: 0.286 global: 0.518 spatial: 0.088 
(epoch: 48, iters: 3340, time: 0.486, data: 0.001) G_GAN_ViT: 0.369 D_real_ViT: 0.235 D_fake_ViT: 0.191 global: 0.407 spatial: 0.103 
(epoch: 48, iters: 3440, time: 0.486, data: 0.001) G_GAN_ViT: 0.373 D_real_ViT: 0.046 D_fake_ViT: 0.190 global: 0.551 spatial: 0.099 
(epoch: 48, iters: 3540, time: 0.486, data: 0.001) G_GAN_ViT: 0.371 D_real_ViT: 0.259 D_fake_ViT: 0.198 global: 0.365 spatial: 0.084 
(epoch: 48, iters: 3640, time: 0.486, data: 0.001) G_GAN_ViT: 0.449 D_real_ViT: 0.349 D_fake_ViT: 0.157 global: 0.639 spatial: 0.116 
(epoch: 48, iters: 3740, time: 0.486, data: 0.001) G_GAN_ViT: 0.456 D_real_ViT: 0.340 D_fake_ViT: 0.153 global: 0.523 spatial: 0.121 
(epoch: 48, iters: 3840, time: 0.486, data: 0.001) G_GAN_ViT: 0.383 D_real_ViT: 0.207 D_fake_ViT: 0.173 global: 0.422 spatial: 0.091 
(epoch: 48, iters: 3940, time: 0.486, data: 0.001) G_GAN_ViT: 0.250 D_real_ViT: 0.197 D_fake_ViT: 0.293 global: 0.370 spatial: 0.093 
(epoch: 48, iters: 4040, time: 0.486, data: 0.001) G_GAN_ViT: 0.280 D_real_ViT: 0.164 D_fake_ViT: 0.284 global: 0.287 spatial: 0.046 
(epoch: 48, iters: 4140, time: 0.486, data: 0.001) G_GAN_ViT: 0.348 D_real_ViT: 0.152 D_fake_ViT: 0.199 global: 0.470 spatial: 0.096 
(epoch: 48, iters: 4240, time: 0.486, data: 0.001) G_GAN_ViT: 0.334 D_real_ViT: 0.252 D_fake_ViT: 0.224 global: 0.457 spatial: 0.112 
(epoch: 48, iters: 4340, time: 0.486, data: 0.001) G_GAN_ViT: 0.477 D_real_ViT: 0.225 D_fake_ViT: 0.130 global: 0.346 spatial: 0.077 
(epoch: 48, iters: 4440, time: 0.486, data: 0.001) G_GAN_ViT: 0.389 D_real_ViT: 0.149 D_fake_ViT: 0.170 global: 0.447 spatial: 0.093 
(epoch: 48, iters: 4540, time: 0.486, data: 0.001) G_GAN_ViT: 0.363 D_real_ViT: 0.178 D_fake_ViT: 0.197 global: 0.384 spatial: 0.078 
(epoch: 48, iters: 4640, time: 0.485, data: 0.001) G_GAN_ViT: 0.286 D_real_ViT: 0.256 D_fake_ViT: 0.294 global: 0.441 spatial: 0.088 
(epoch: 48, iters: 4740, time: 0.486, data: 0.001) G_GAN_ViT: 0.337 D_real_ViT: 0.258 D_fake_ViT: 0.220 global: 0.390 spatial: 0.073 
(epoch: 48, iters: 4840, time: 0.486, data: 0.001) G_GAN_ViT: 0.441 D_real_ViT: 0.061 D_fake_ViT: 0.160 global: 0.464 spatial: 0.115 
(epoch: 48, iters: 4940, time: 0.486, data: 0.001) G_GAN_ViT: 0.335 D_real_ViT: 0.201 D_fake_ViT: 0.204 global: 0.453 spatial: 0.091 
(epoch: 48, iters: 5040, time: 0.486, data: 0.001) G_GAN_ViT: 0.370 D_real_ViT: 0.244 D_fake_ViT: 0.189 global: 0.369 spatial: 0.095 
End of epoch 48 / 100 	 Time Taken: 2476 sec
learning rate = 0.0000100
(epoch: 49, iters: 60, time: 0.485, data: 0.001) G_GAN_ViT: 0.423 D_real_ViT: 0.070 D_fake_ViT: 0.159 global: 0.411 spatial: 0.097 
(epoch: 49, iters: 160, time: 0.485, data: 0.001) G_GAN_ViT: 0.447 D_real_ViT: 0.194 D_fake_ViT: 0.159 global: 0.423 spatial: 0.087 
(epoch: 49, iters: 260, time: 0.485, data: 0.001) G_GAN_ViT: 0.395 D_real_ViT: 0.272 D_fake_ViT: 0.182 global: 0.662 spatial: 0.167 
(epoch: 49, iters: 360, time: 0.486, data: 0.002) G_GAN_ViT: 0.444 D_real_ViT: 0.234 D_fake_ViT: 0.155 global: 0.637 spatial: 0.167 
(epoch: 49, iters: 460, time: 0.486, data: 0.001) G_GAN_ViT: 0.260 D_real_ViT: 0.241 D_fake_ViT: 0.281 global: 0.317 spatial: 0.064 
(epoch: 49, iters: 560, time: 0.486, data: 0.001) G_GAN_ViT: 0.282 D_real_ViT: 0.216 D_fake_ViT: 0.269 global: 0.443 spatial: 0.122 
(epoch: 49, iters: 660, time: 0.486, data: 0.001) G_GAN_ViT: 0.410 D_real_ViT: 0.227 D_fake_ViT: 0.183 global: 0.678 spatial: 0.155 
(epoch: 49, iters: 760, time: 0.486, data: 0.001) G_GAN_ViT: 0.420 D_real_ViT: 0.309 D_fake_ViT: 0.171 global: 0.393 spatial: 0.105 
(epoch: 49, iters: 860, time: 0.486, data: 0.001) G_GAN_ViT: 0.349 D_real_ViT: 0.137 D_fake_ViT: 0.214 global: 0.525 spatial: 0.102 
(epoch: 49, iters: 960, time: 0.486, data: 0.001) G_GAN_ViT: 0.318 D_real_ViT: 0.148 D_fake_ViT: 0.231 global: 0.422 spatial: 0.103 
(epoch: 49, iters: 1060, time: 0.486, data: 0.001) G_GAN_ViT: 0.377 D_real_ViT: 0.170 D_fake_ViT: 0.179 global: 0.460 spatial: 0.099 
(epoch: 49, iters: 1160, time: 0.485, data: 0.001) G_GAN_ViT: 0.375 D_real_ViT: 0.192 D_fake_ViT: 0.192 global: 0.481 spatial: 0.132 
saving the latest model (epoch 49, total_iters 245000)
IRVI_single_monitor
(epoch: 49, iters: 1260, time: 0.485, data: 0.001) G_GAN_ViT: 0.362 D_real_ViT: 0.228 D_fake_ViT: 0.206 global: 0.499 spatial: 0.085 
(epoch: 49, iters: 1360, time: 0.485, data: 0.001) G_GAN_ViT: 0.294 D_real_ViT: 0.039 D_fake_ViT: 0.258 global: 0.359 spatial: 0.099 
(epoch: 49, iters: 1460, time: 0.485, data: 0.001) G_GAN_ViT: 0.356 D_real_ViT: 0.203 D_fake_ViT: 0.218 global: 0.421 spatial: 0.088 
(epoch: 49, iters: 1560, time: 0.485, data: 0.001) G_GAN_ViT: 0.413 D_real_ViT: 0.264 D_fake_ViT: 0.169 global: 0.436 spatial: 0.113 
(epoch: 49, iters: 1660, time: 0.485, data: 0.001) G_GAN_ViT: 0.421 D_real_ViT: 0.178 D_fake_ViT: 0.167 global: 0.460 spatial: 0.123 
(epoch: 49, iters: 1760, time: 0.485, data: 0.001) G_GAN_ViT: 0.364 D_real_ViT: 0.302 D_fake_ViT: 0.197 global: 0.448 spatial: 0.107 
(epoch: 49, iters: 1860, time: 0.485, data: 0.001) G_GAN_ViT: 0.403 D_real_ViT: 0.164 D_fake_ViT: 0.177 global: 0.497 spatial: 0.095 
(epoch: 49, iters: 1960, time: 0.486, data: 0.001) G_GAN_ViT: 0.470 D_real_ViT: 0.183 D_fake_ViT: 0.167 global: 0.618 spatial: 0.161 
(epoch: 49, iters: 2060, time: 0.486, data: 0.001) G_GAN_ViT: 0.429 D_real_ViT: 0.189 D_fake_ViT: 0.160 global: 0.326 spatial: 0.087 
(epoch: 49, iters: 2160, time: 0.486, data: 0.001) G_GAN_ViT: 0.359 D_real_ViT: 0.272 D_fake_ViT: 0.204 global: 0.400 spatial: 0.084 
(epoch: 49, iters: 2260, time: 0.486, data: 0.001) G_GAN_ViT: 0.337 D_real_ViT: 0.221 D_fake_ViT: 0.218 global: 0.394 spatial: 0.096 
(epoch: 49, iters: 2360, time: 0.486, data: 0.001) G_GAN_ViT: 0.330 D_real_ViT: 0.284 D_fake_ViT: 0.241 global: 0.460 spatial: 0.109 
(epoch: 49, iters: 2460, time: 0.486, data: 0.001) G_GAN_ViT: 0.359 D_real_ViT: 0.211 D_fake_ViT: 0.206 global: 0.476 spatial: 0.121 
(epoch: 49, iters: 2560, time: 0.486, data: 0.001) G_GAN_ViT: 0.320 D_real_ViT: 0.254 D_fake_ViT: 0.278 global: 0.577 spatial: 0.157 
(epoch: 49, iters: 2660, time: 0.486, data: 0.001) G_GAN_ViT: 0.353 D_real_ViT: 0.206 D_fake_ViT: 0.194 global: 0.419 spatial: 0.083 
(epoch: 49, iters: 2760, time: 0.486, data: 0.001) G_GAN_ViT: 0.262 D_real_ViT: 0.162 D_fake_ViT: 0.320 global: 0.411 spatial: 0.070 
(epoch: 49, iters: 2860, time: 0.486, data: 0.001) G_GAN_ViT: 0.316 D_real_ViT: 0.267 D_fake_ViT: 0.227 global: 0.429 spatial: 0.095 
(epoch: 49, iters: 2960, time: 0.486, data: 0.001) G_GAN_ViT: 0.357 D_real_ViT: 0.274 D_fake_ViT: 0.220 global: 0.512 spatial: 0.131 
(epoch: 49, iters: 3060, time: 0.485, data: 0.001) G_GAN_ViT: 0.338 D_real_ViT: 0.295 D_fake_ViT: 0.213 global: 0.361 spatial: 0.094 
(epoch: 49, iters: 3160, time: 0.485, data: 0.001) G_GAN_ViT: 0.366 D_real_ViT: 0.219 D_fake_ViT: 0.189 global: 0.472 spatial: 0.084 
(epoch: 49, iters: 3260, time: 0.486, data: 0.001) G_GAN_ViT: 0.252 D_real_ViT: 0.280 D_fake_ViT: 0.311 global: 0.301 spatial: 0.064 
(epoch: 49, iters: 3360, time: 0.486, data: 0.001) G_GAN_ViT: 0.278 D_real_ViT: 0.173 D_fake_ViT: 0.266 global: 0.344 spatial: 0.070 
(epoch: 49, iters: 3460, time: 0.486, data: 0.001) G_GAN_ViT: 0.337 D_real_ViT: 0.162 D_fake_ViT: 0.259 global: 0.594 spatial: 0.168 
(epoch: 49, iters: 3560, time: 0.486, data: 0.001) G_GAN_ViT: 0.328 D_real_ViT: 0.184 D_fake_ViT: 0.210 global: 0.444 spatial: 0.085 
(epoch: 49, iters: 3660, time: 0.486, data: 0.001) G_GAN_ViT: 0.343 D_real_ViT: 0.056 D_fake_ViT: 0.229 global: 0.639 spatial: 0.150 
(epoch: 49, iters: 3760, time: 0.486, data: 0.001) G_GAN_ViT: 0.420 D_real_ViT: 0.030 D_fake_ViT: 0.173 global: 0.637 spatial: 0.165 
(epoch: 49, iters: 3860, time: 0.486, data: 0.001) G_GAN_ViT: 0.395 D_real_ViT: 0.288 D_fake_ViT: 0.174 global: 0.425 spatial: 0.094 
(epoch: 49, iters: 3960, time: 0.486, data: 0.001) G_GAN_ViT: 0.342 D_real_ViT: 0.236 D_fake_ViT: 0.224 global: 0.436 spatial: 0.097 
(epoch: 49, iters: 4060, time: 0.486, data: 0.001) G_GAN_ViT: 0.266 D_real_ViT: 0.222 D_fake_ViT: 0.279 global: 0.359 spatial: 0.094 
(epoch: 49, iters: 4160, time: 0.486, data: 0.001) G_GAN_ViT: 0.365 D_real_ViT: 0.276 D_fake_ViT: 0.195 global: 0.418 spatial: 0.080 
(epoch: 49, iters: 4260, time: 0.486, data: 0.001) G_GAN_ViT: 0.376 D_real_ViT: 0.352 D_fake_ViT: 0.196 global: 0.423 spatial: 0.110 
(epoch: 49, iters: 4360, time: 0.486, data: 0.001) G_GAN_ViT: 0.260 D_real_ViT: 0.252 D_fake_ViT: 0.315 global: 0.379 spatial: 0.084 
(epoch: 49, iters: 4460, time: 0.486, data: 0.001) G_GAN_ViT: 0.244 D_real_ViT: 0.255 D_fake_ViT: 0.319 global: 0.492 spatial: 0.090 
(epoch: 49, iters: 4560, time: 0.485, data: 0.001) G_GAN_ViT: 0.355 D_real_ViT: 0.229 D_fake_ViT: 0.212 global: 0.313 spatial: 0.071 
(epoch: 49, iters: 4660, time: 0.485, data: 0.002) G_GAN_ViT: 0.424 D_real_ViT: 0.147 D_fake_ViT: 0.194 global: 0.507 spatial: 0.132 
(epoch: 49, iters: 4760, time: 0.486, data: 0.001) G_GAN_ViT: 0.288 D_real_ViT: 0.208 D_fake_ViT: 0.253 global: 0.422 spatial: 0.078 
(epoch: 49, iters: 4860, time: 0.486, data: 0.001) G_GAN_ViT: 0.300 D_real_ViT: 0.308 D_fake_ViT: 0.259 global: 0.361 spatial: 0.074 
(epoch: 49, iters: 4960, time: 0.486, data: 0.001) G_GAN_ViT: 0.450 D_real_ViT: 0.161 D_fake_ViT: 0.159 global: 0.485 spatial: 0.117 
(epoch: 49, iters: 5060, time: 0.485, data: 0.001) G_GAN_ViT: 0.387 D_real_ViT: 0.206 D_fake_ViT: 0.187 global: 0.402 spatial: 0.083 
End of epoch 49 / 100 	 Time Taken: 2475 sec
learning rate = 0.0000100
(epoch: 50, iters: 80, time: 0.485, data: 0.001) G_GAN_ViT: 0.313 D_real_ViT: 0.319 D_fake_ViT: 0.230 global: 0.451 spatial: 0.098 
(epoch: 50, iters: 180, time: 0.485, data: 0.001) G_GAN_ViT: 0.340 D_real_ViT: 0.183 D_fake_ViT: 0.233 global: 0.630 spatial: 0.164 
(epoch: 50, iters: 280, time: 0.486, data: 0.001) G_GAN_ViT: 0.492 D_real_ViT: 0.185 D_fake_ViT: 0.129 global: 0.369 spatial: 0.092 
(epoch: 50, iters: 380, time: 0.486, data: 0.001) G_GAN_ViT: 0.368 D_real_ViT: 0.226 D_fake_ViT: 0.211 global: 0.653 spatial: 0.166 
(epoch: 50, iters: 480, time: 0.485, data: 0.001) G_GAN_ViT: 0.419 D_real_ViT: 0.190 D_fake_ViT: 0.166 global: 0.628 spatial: 0.170 
(epoch: 50, iters: 580, time: 0.485, data: 0.001) G_GAN_ViT: 0.352 D_real_ViT: 0.264 D_fake_ViT: 0.199 global: 0.405 spatial: 0.086 
(epoch: 50, iters: 680, time: 0.485, data: 0.001) G_GAN_ViT: 0.389 D_real_ViT: 0.251 D_fake_ViT: 0.187 global: 0.465 spatial: 0.125 
(epoch: 50, iters: 780, time: 0.486, data: 0.001) G_GAN_ViT: 0.422 D_real_ViT: 0.178 D_fake_ViT: 0.146 global: 0.442 spatial: 0.091 
(epoch: 50, iters: 880, time: 0.486, data: 0.001) G_GAN_ViT: 0.343 D_real_ViT: 0.254 D_fake_ViT: 0.221 global: 0.619 spatial: 0.164 
(epoch: 50, iters: 980, time: 0.486, data: 0.001) G_GAN_ViT: 0.369 D_real_ViT: 0.171 D_fake_ViT: 0.190 global: 0.438 spatial: 0.098 
(epoch: 50, iters: 1080, time: 0.485, data: 0.002) G_GAN_ViT: 0.306 D_real_ViT: 0.169 D_fake_ViT: 0.246 global: 0.350 spatial: 0.078 
saving the latest model (epoch 50, total_iters 250000)
IRVI_single_monitor
(epoch: 50, iters: 1180, time: 0.486, data: 0.001) G_GAN_ViT: 0.504 D_real_ViT: 0.178 D_fake_ViT: 0.137 global: 0.561 spatial: 0.128 
(epoch: 50, iters: 1280, time: 0.485, data: 0.002) G_GAN_ViT: 0.332 D_real_ViT: 0.257 D_fake_ViT: 0.220 global: 0.410 spatial: 0.100 
(epoch: 50, iters: 1380, time: 0.486, data: 0.001) G_GAN_ViT: 0.365 D_real_ViT: 0.274 D_fake_ViT: 0.210 global: 0.624 spatial: 0.164 
(epoch: 50, iters: 1480, time: 0.486, data: 0.001) G_GAN_ViT: 0.333 D_real_ViT: 0.358 D_fake_ViT: 0.238 global: 0.622 spatial: 0.150 
(epoch: 50, iters: 1580, time: 0.486, data: 0.001) G_GAN_ViT: 0.438 D_real_ViT: 0.216 D_fake_ViT: 0.158 global: 0.351 spatial: 0.081 
(epoch: 50, iters: 1680, time: 0.486, data: 0.001) G_GAN_ViT: 0.399 D_real_ViT: 0.166 D_fake_ViT: 0.185 global: 0.471 spatial: 0.114 
(epoch: 50, iters: 1780, time: 0.486, data: 0.001) G_GAN_ViT: 0.344 D_real_ViT: 0.214 D_fake_ViT: 0.249 global: 0.384 spatial: 0.075 
(epoch: 50, iters: 1880, time: 0.486, data: 0.001) G_GAN_ViT: 0.330 D_real_ViT: 0.216 D_fake_ViT: 0.226 global: 0.524 spatial: 0.090 
(epoch: 50, iters: 1980, time: 0.486, data: 0.001) G_GAN_ViT: 0.268 D_real_ViT: 0.119 D_fake_ViT: 0.277 global: 0.323 spatial: 0.072 
(epoch: 50, iters: 2080, time: 0.486, data: 0.001) G_GAN_ViT: 0.357 D_real_ViT: 0.278 D_fake_ViT: 0.209 global: 0.363 spatial: 0.099 
(epoch: 50, iters: 2180, time: 0.486, data: 0.001) G_GAN_ViT: 0.273 D_real_ViT: 0.290 D_fake_ViT: 0.272 global: 0.371 spatial: 0.087 
(epoch: 50, iters: 2280, time: 0.486, data: 0.001) G_GAN_ViT: 0.361 D_real_ViT: 0.240 D_fake_ViT: 0.200 global: 0.332 spatial: 0.080 
(epoch: 50, iters: 2380, time: 0.486, data: 0.001) G_GAN_ViT: 0.369 D_real_ViT: 0.199 D_fake_ViT: 0.199 global: 0.430 spatial: 0.090 
(epoch: 50, iters: 2480, time: 0.486, data: 0.001) G_GAN_ViT: 0.355 D_real_ViT: 0.178 D_fake_ViT: 0.193 global: 0.440 spatial: 0.082 
(epoch: 50, iters: 2580, time: 0.486, data: 0.001) G_GAN_ViT: 0.328 D_real_ViT: 0.219 D_fake_ViT: 0.220 global: 0.482 spatial: 0.104 
(epoch: 50, iters: 2680, time: 0.486, data: 0.001) G_GAN_ViT: 0.375 D_real_ViT: 0.269 D_fake_ViT: 0.190 global: 0.598 spatial: 0.106 
(epoch: 50, iters: 2780, time: 0.486, data: 0.001) G_GAN_ViT: 0.393 D_real_ViT: 0.267 D_fake_ViT: 0.187 global: 0.465 spatial: 0.121 
(epoch: 50, iters: 2880, time: 0.486, data: 0.001) G_GAN_ViT: 0.281 D_real_ViT: 0.163 D_fake_ViT: 0.265 global: 0.348 spatial: 0.075 
(epoch: 50, iters: 2980, time: 0.486, data: 0.001) G_GAN_ViT: 0.300 D_real_ViT: 0.385 D_fake_ViT: 0.240 global: 0.438 spatial: 0.101 
(epoch: 50, iters: 3080, time: 0.486, data: 0.001) G_GAN_ViT: 0.374 D_real_ViT: 0.164 D_fake_ViT: 0.196 global: 0.422 spatial: 0.114 
(epoch: 50, iters: 3180, time: 0.486, data: 0.002) G_GAN_ViT: 0.395 D_real_ViT: 0.200 D_fake_ViT: 0.175 global: 0.387 spatial: 0.089 
(epoch: 50, iters: 3280, time: 0.486, data: 0.001) G_GAN_ViT: 0.489 D_real_ViT: 0.303 D_fake_ViT: 0.143 global: 0.487 spatial: 0.111 
(epoch: 50, iters: 3380, time: 0.486, data: 0.001) G_GAN_ViT: 0.389 D_real_ViT: 0.209 D_fake_ViT: 0.194 global: 0.473 spatial: 0.116 
(epoch: 50, iters: 3480, time: 0.486, data: 0.001) G_GAN_ViT: 0.378 D_real_ViT: 0.261 D_fake_ViT: 0.179 global: 0.414 spatial: 0.068 
(epoch: 50, iters: 3580, time: 0.484, data: 0.001) G_GAN_ViT: 0.322 D_real_ViT: 0.222 D_fake_ViT: 0.243 global: 0.286 spatial: 0.052 
(epoch: 50, iters: 3680, time: 0.485, data: 0.001) G_GAN_ViT: 0.358 D_real_ViT: 0.173 D_fake_ViT: 0.201 global: 0.380 spatial: 0.115 
(epoch: 50, iters: 3780, time: 0.485, data: 0.001) G_GAN_ViT: 0.366 D_real_ViT: 0.166 D_fake_ViT: 0.203 global: 0.332 spatial: 0.089 
(epoch: 50, iters: 3880, time: 0.485, data: 0.001) G_GAN_ViT: 0.419 D_real_ViT: 0.150 D_fake_ViT: 0.171 global: 0.487 spatial: 0.122 
(epoch: 50, iters: 3980, time: 0.485, data: 0.001) G_GAN_ViT: 0.412 D_real_ViT: 0.140 D_fake_ViT: 0.188 global: 0.470 spatial: 0.122 
(epoch: 50, iters: 4080, time: 0.485, data: 0.001) G_GAN_ViT: 0.312 D_real_ViT: 0.207 D_fake_ViT: 0.233 global: 0.403 spatial: 0.078 
(epoch: 50, iters: 4180, time: 0.486, data: 0.001) G_GAN_ViT: 0.434 D_real_ViT: 0.224 D_fake_ViT: 0.152 global: 0.549 spatial: 0.115 
(epoch: 50, iters: 4280, time: 0.486, data: 0.001) G_GAN_ViT: 0.299 D_real_ViT: 0.228 D_fake_ViT: 0.236 global: 0.351 spatial: 0.097 
(epoch: 50, iters: 4380, time: 0.486, data: 0.001) G_GAN_ViT: 0.347 D_real_ViT: 0.171 D_fake_ViT: 0.218 global: 0.397 spatial: 0.089 
(epoch: 50, iters: 4480, time: 0.484, data: 0.001) G_GAN_ViT: 0.346 D_real_ViT: 0.236 D_fake_ViT: 0.203 global: 0.510 spatial: 0.093 
(epoch: 50, iters: 4580, time: 0.485, data: 0.001) G_GAN_ViT: 0.298 D_real_ViT: 0.298 D_fake_ViT: 0.242 global: 0.451 spatial: 0.086 
(epoch: 50, iters: 4680, time: 0.485, data: 0.001) G_GAN_ViT: 0.381 D_real_ViT: 0.264 D_fake_ViT: 0.210 global: 0.451 spatial: 0.110 
(epoch: 50, iters: 4780, time: 0.486, data: 0.002) G_GAN_ViT: 0.343 D_real_ViT: 0.166 D_fake_ViT: 0.213 global: 0.401 spatial: 0.103 
(epoch: 50, iters: 4880, time: 0.486, data: 0.001) G_GAN_ViT: 0.371 D_real_ViT: 0.280 D_fake_ViT: 0.196 global: 0.437 spatial: 0.112 
(epoch: 50, iters: 4980, time: 0.485, data: 0.001) G_GAN_ViT: 0.355 D_real_ViT: 0.206 D_fake_ViT: 0.216 global: 0.639 spatial: 0.163 
(epoch: 50, iters: 5080, time: 0.485, data: 0.001) G_GAN_ViT: 0.435 D_real_ViT: 0.265 D_fake_ViT: 0.180 global: 0.324 spatial: 0.071 
saving the model at the end of epoch 50, iters 254000
End of epoch 50 / 100 	 Time Taken: 2476 sec
learning rate = 0.0000098
(epoch: 51, iters: 100, time: 0.486, data: 0.151) G_GAN_ViT: 0.403 D_real_ViT: 0.163 D_fake_ViT: 0.191 global: 0.417 spatial: 0.080 
(epoch: 51, iters: 200, time: 0.486, data: 0.001) G_GAN_ViT: 0.417 D_real_ViT: 0.207 D_fake_ViT: 0.175 global: 0.491 spatial: 0.122 
(epoch: 51, iters: 300, time: 0.485, data: 0.001) G_GAN_ViT: 0.308 D_real_ViT: 0.200 D_fake_ViT: 0.246 global: 0.519 spatial: 0.092 
(epoch: 51, iters: 400, time: 0.486, data: 0.001) G_GAN_ViT: 0.456 D_real_ViT: 0.279 D_fake_ViT: 0.162 global: 0.559 spatial: 0.130 
(epoch: 51, iters: 500, time: 0.485, data: 0.001) G_GAN_ViT: 0.315 D_real_ViT: 0.220 D_fake_ViT: 0.223 global: 0.332 spatial: 0.092 
(epoch: 51, iters: 600, time: 0.485, data: 0.001) G_GAN_ViT: 0.352 D_real_ViT: 0.225 D_fake_ViT: 0.216 global: 0.382 spatial: 0.078 
(epoch: 51, iters: 700, time: 0.486, data: 0.001) G_GAN_ViT: 0.344 D_real_ViT: 0.249 D_fake_ViT: 0.213 global: 0.329 spatial: 0.093 
(epoch: 51, iters: 800, time: 0.485, data: 0.001) G_GAN_ViT: 0.327 D_real_ViT: 0.216 D_fake_ViT: 0.223 global: 0.337 spatial: 0.085 
(epoch: 51, iters: 900, time: 0.485, data: 0.001) G_GAN_ViT: 0.438 D_real_ViT: 0.301 D_fake_ViT: 0.160 global: 0.543 spatial: 0.135 
(epoch: 51, iters: 1000, time: 0.485, data: 0.001) G_GAN_ViT: 0.300 D_real_ViT: 0.220 D_fake_ViT: 0.264 global: 0.402 spatial: 0.085 
saving the latest model (epoch 51, total_iters 255000)
IRVI_single_monitor
(epoch: 51, iters: 1100, time: 0.485, data: 0.002) G_GAN_ViT: 0.329 D_real_ViT: 0.231 D_fake_ViT: 0.219 global: 0.437 spatial: 0.096 
(epoch: 51, iters: 1200, time: 0.485, data: 0.002) G_GAN_ViT: 0.236 D_real_ViT: 0.211 D_fake_ViT: 0.347 global: 0.381 spatial: 0.074 
(epoch: 51, iters: 1300, time: 0.485, data: 0.001) G_GAN_ViT: 0.412 D_real_ViT: 0.226 D_fake_ViT: 0.163 global: 0.441 spatial: 0.126 
(epoch: 51, iters: 1400, time: 0.485, data: 0.001) G_GAN_ViT: 0.468 D_real_ViT: 0.250 D_fake_ViT: 0.142 global: 0.501 spatial: 0.131 
(epoch: 51, iters: 1500, time: 0.486, data: 0.001) G_GAN_ViT: 0.226 D_real_ViT: 0.239 D_fake_ViT: 0.332 global: 0.540 spatial: 0.140 
(epoch: 51, iters: 1600, time: 0.486, data: 0.001) G_GAN_ViT: 0.316 D_real_ViT: 0.232 D_fake_ViT: 0.226 global: 0.350 spatial: 0.086 
(epoch: 51, iters: 1700, time: 0.486, data: 0.001) G_GAN_ViT: 0.425 D_real_ViT: 0.299 D_fake_ViT: 0.165 global: 0.442 spatial: 0.112 
(epoch: 51, iters: 1800, time: 0.486, data: 0.001) G_GAN_ViT: 0.424 D_real_ViT: 0.157 D_fake_ViT: 0.156 global: 0.461 spatial: 0.113 
(epoch: 51, iters: 1900, time: 0.486, data: 0.001) G_GAN_ViT: 0.257 D_real_ViT: 0.181 D_fake_ViT: 0.285 global: 0.343 spatial: 0.084 
(epoch: 51, iters: 2000, time: 0.486, data: 0.001) G_GAN_ViT: 0.322 D_real_ViT: 0.113 D_fake_ViT: 0.223 global: 0.364 spatial: 0.096 
(epoch: 51, iters: 2100, time: 0.486, data: 0.001) G_GAN_ViT: 0.348 D_real_ViT: 0.226 D_fake_ViT: 0.229 global: 0.387 spatial: 0.074 
(epoch: 51, iters: 2200, time: 0.486, data: 0.001) G_GAN_ViT: 0.273 D_real_ViT: 0.264 D_fake_ViT: 0.264 global: 0.342 spatial: 0.076 
(epoch: 51, iters: 2300, time: 0.486, data: 0.001) G_GAN_ViT: 0.353 D_real_ViT: 0.284 D_fake_ViT: 0.194 global: 0.340 spatial: 0.097 
(epoch: 51, iters: 2400, time: 0.486, data: 0.001) G_GAN_ViT: 0.367 D_real_ViT: 0.141 D_fake_ViT: 0.195 global: 0.455 spatial: 0.119 
(epoch: 51, iters: 2500, time: 0.486, data: 0.001) G_GAN_ViT: 0.440 D_real_ViT: 0.046 D_fake_ViT: 0.161 global: 0.359 spatial: 0.080 
(epoch: 51, iters: 2600, time: 0.486, data: 0.001) G_GAN_ViT: 0.390 D_real_ViT: 0.269 D_fake_ViT: 0.201 global: 0.475 spatial: 0.118 
(epoch: 51, iters: 2700, time: 0.486, data: 0.001) G_GAN_ViT: 0.378 D_real_ViT: 0.253 D_fake_ViT: 0.207 global: 0.367 spatial: 0.094 
(epoch: 51, iters: 2800, time: 0.485, data: 0.001) G_GAN_ViT: 0.279 D_real_ViT: 0.176 D_fake_ViT: 0.274 global: 0.315 spatial: 0.084 
(epoch: 51, iters: 2900, time: 0.485, data: 0.001) G_GAN_ViT: 0.386 D_real_ViT: 0.207 D_fake_ViT: 0.168 global: 0.431 spatial: 0.098 
(epoch: 51, iters: 3000, time: 0.485, data: 0.002) G_GAN_ViT: 0.198 D_real_ViT: 0.320 D_fake_ViT: 0.367 global: 0.520 spatial: 0.137 
(epoch: 51, iters: 3100, time: 0.486, data: 0.001) G_GAN_ViT: 0.453 D_real_ViT: 0.210 D_fake_ViT: 0.151 global: 0.545 spatial: 0.137 
(epoch: 51, iters: 3200, time: 0.486, data: 0.001) G_GAN_ViT: 0.359 D_real_ViT: 0.183 D_fake_ViT: 0.224 global: 0.440 spatial: 0.087 
(epoch: 51, iters: 3300, time: 0.486, data: 0.001) G_GAN_ViT: 0.280 D_real_ViT: 0.312 D_fake_ViT: 0.257 global: 0.326 spatial: 0.073 
(epoch: 51, iters: 3400, time: 0.484, data: 0.001) G_GAN_ViT: 0.355 D_real_ViT: 0.045 D_fake_ViT: 0.246 global: 0.629 spatial: 0.173 
(epoch: 51, iters: 3500, time: 0.485, data: 0.001) G_GAN_ViT: 0.309 D_real_ViT: 0.234 D_fake_ViT: 0.233 global: 0.295 spatial: 0.075 
(epoch: 51, iters: 3600, time: 0.485, data: 0.001) G_GAN_ViT: 0.190 D_real_ViT: 0.166 D_fake_ViT: 0.369 global: 0.402 spatial: 0.104 
(epoch: 51, iters: 3700, time: 0.485, data: 0.001) G_GAN_ViT: 0.342 D_real_ViT: 0.358 D_fake_ViT: 0.206 global: 0.541 spatial: 0.137 
(epoch: 51, iters: 3800, time: 0.485, data: 0.001) G_GAN_ViT: 0.248 D_real_ViT: 0.277 D_fake_ViT: 0.304 global: 0.372 spatial: 0.106 
(epoch: 51, iters: 3900, time: 0.486, data: 0.001) G_GAN_ViT: 0.402 D_real_ViT: 0.306 D_fake_ViT: 0.171 global: 0.579 spatial: 0.099 
(epoch: 51, iters: 4000, time: 0.486, data: 0.001) G_GAN_ViT: 0.210 D_real_ViT: 0.179 D_fake_ViT: 0.341 global: 0.495 spatial: 0.129 
(epoch: 51, iters: 4100, time: 0.486, data: 0.001) G_GAN_ViT: 0.381 D_real_ViT: 0.224 D_fake_ViT: 0.191 global: 0.457 spatial: 0.116 
(epoch: 51, iters: 4200, time: 0.486, data: 0.001) G_GAN_ViT: 0.217 D_real_ViT: 0.213 D_fake_ViT: 0.321 global: 0.306 spatial: 0.071 
(epoch: 51, iters: 4300, time: 0.486, data: 0.001) G_GAN_ViT: 0.300 D_real_ViT: 0.278 D_fake_ViT: 0.246 global: 0.388 spatial: 0.098 
(epoch: 51, iters: 4400, time: 0.485, data: 0.001) G_GAN_ViT: 0.298 D_real_ViT: 0.227 D_fake_ViT: 0.259 global: 0.465 spatial: 0.086 
(epoch: 51, iters: 4500, time: 0.485, data: 0.001) G_GAN_ViT: 0.228 D_real_ViT: 0.189 D_fake_ViT: 0.316 global: 0.385 spatial: 0.105 
(epoch: 51, iters: 4600, time: 0.485, data: 0.001) G_GAN_ViT: 0.210 D_real_ViT: 0.157 D_fake_ViT: 0.345 global: 0.538 spatial: 0.132 
(epoch: 51, iters: 4700, time: 0.485, data: 0.001) G_GAN_ViT: 0.289 D_real_ViT: 0.125 D_fake_ViT: 0.258 global: 0.304 spatial: 0.075 
(epoch: 51, iters: 4800, time: 0.486, data: 0.001) G_GAN_ViT: 0.431 D_real_ViT: 0.293 D_fake_ViT: 0.148 global: 0.422 spatial: 0.091 
(epoch: 51, iters: 4900, time: 0.485, data: 0.001) G_GAN_ViT: 0.280 D_real_ViT: 0.266 D_fake_ViT: 0.265 global: 0.452 spatial: 0.090 
(epoch: 51, iters: 5000, time: 0.485, data: 0.001) G_GAN_ViT: 0.325 D_real_ViT: 0.206 D_fake_ViT: 0.230 global: 0.563 spatial: 0.116 
End of epoch 51 / 100 	 Time Taken: 2474 sec
learning rate = 0.0000096
(epoch: 52, iters: 20, time: 0.485, data: 0.001) G_GAN_ViT: 0.290 D_real_ViT: 0.311 D_fake_ViT: 0.283 global: 0.393 spatial: 0.081 
(epoch: 52, iters: 120, time: 0.486, data: 0.001) G_GAN_ViT: 0.404 D_real_ViT: 0.242 D_fake_ViT: 0.171 global: 0.365 spatial: 0.093 
(epoch: 52, iters: 220, time: 0.486, data: 0.001) G_GAN_ViT: 0.336 D_real_ViT: 0.235 D_fake_ViT: 0.217 global: 0.458 spatial: 0.098 
(epoch: 52, iters: 320, time: 0.486, data: 0.001) G_GAN_ViT: 0.377 D_real_ViT: 0.228 D_fake_ViT: 0.194 global: 0.345 spatial: 0.083 
(epoch: 52, iters: 420, time: 0.486, data: 0.002) G_GAN_ViT: 0.340 D_real_ViT: 0.260 D_fake_ViT: 0.214 global: 0.327 spatial: 0.088 
(epoch: 52, iters: 520, time: 0.486, data: 0.001) G_GAN_ViT: 0.277 D_real_ViT: 0.158 D_fake_ViT: 0.275 global: 0.456 spatial: 0.122 
(epoch: 52, iters: 620, time: 0.486, data: 0.001) G_GAN_ViT: 0.323 D_real_ViT: 0.268 D_fake_ViT: 0.227 global: 0.327 spatial: 0.065 
(epoch: 52, iters: 720, time: 0.486, data: 0.001) G_GAN_ViT: 0.452 D_real_ViT: 0.226 D_fake_ViT: 0.146 global: 0.411 spatial: 0.088 
(epoch: 52, iters: 820, time: 0.486, data: 0.001) G_GAN_ViT: 0.466 D_real_ViT: 0.181 D_fake_ViT: 0.156 global: 0.610 spatial: 0.154 
(epoch: 52, iters: 920, time: 0.485, data: 0.001) G_GAN_ViT: 0.284 D_real_ViT: 0.220 D_fake_ViT: 0.253 global: 0.328 spatial: 0.080 
saving the latest model (epoch 52, total_iters 260000)
IRVI_single_monitor
(epoch: 52, iters: 1020, time: 0.486, data: 0.001) G_GAN_ViT: 0.366 D_real_ViT: 0.172 D_fake_ViT: 0.201 global: 0.525 spatial: 0.090 
(epoch: 52, iters: 1120, time: 0.485, data: 0.001) G_GAN_ViT: 0.373 D_real_ViT: 0.309 D_fake_ViT: 0.190 global: 0.501 spatial: 0.102 
(epoch: 52, iters: 1220, time: 0.485, data: 0.001) G_GAN_ViT: 0.444 D_real_ViT: 0.133 D_fake_ViT: 0.160 global: 0.355 spatial: 0.055 
(epoch: 52, iters: 1320, time: 0.485, data: 0.001) G_GAN_ViT: 0.386 D_real_ViT: 0.259 D_fake_ViT: 0.177 global: 0.319 spatial: 0.084 
(epoch: 52, iters: 1420, time: 0.485, data: 0.001) G_GAN_ViT: 0.363 D_real_ViT: 0.240 D_fake_ViT: 0.192 global: 0.407 spatial: 0.091 
(epoch: 52, iters: 1520, time: 0.485, data: 0.001) G_GAN_ViT: 0.609 D_real_ViT: 0.284 D_fake_ViT: 0.104 global: 0.678 spatial: 0.164 
(epoch: 52, iters: 1620, time: 0.486, data: 0.001) G_GAN_ViT: 0.251 D_real_ViT: 0.245 D_fake_ViT: 0.305 global: 0.458 spatial: 0.118 
(epoch: 52, iters: 1720, time: 0.486, data: 0.001) G_GAN_ViT: 0.317 D_real_ViT: 0.243 D_fake_ViT: 0.229 global: 0.375 spatial: 0.089 
(epoch: 52, iters: 1820, time: 0.486, data: 0.001) G_GAN_ViT: 0.386 D_real_ViT: 0.312 D_fake_ViT: 0.193 global: 0.295 spatial: 0.073 
(epoch: 52, iters: 1920, time: 0.486, data: 0.001) G_GAN_ViT: 0.345 D_real_ViT: 0.156 D_fake_ViT: 0.216 global: 0.361 spatial: 0.081 
(epoch: 52, iters: 2020, time: 0.485, data: 0.001) G_GAN_ViT: 0.205 D_real_ViT: 0.393 D_fake_ViT: 0.340 global: 0.299 spatial: 0.075 
(epoch: 52, iters: 2120, time: 0.485, data: 0.001) G_GAN_ViT: 0.221 D_real_ViT: 0.233 D_fake_ViT: 0.376 global: 0.555 spatial: 0.160 
(epoch: 52, iters: 2220, time: 0.486, data: 0.001) G_GAN_ViT: 0.359 D_real_ViT: 0.167 D_fake_ViT: 0.243 global: 0.517 spatial: 0.137 
(epoch: 52, iters: 2320, time: 0.486, data: 0.001) G_GAN_ViT: 0.422 D_real_ViT: 0.236 D_fake_ViT: 0.179 global: 0.421 spatial: 0.079 
(epoch: 52, iters: 2420, time: 0.486, data: 0.001) G_GAN_ViT: 0.306 D_real_ViT: 0.216 D_fake_ViT: 0.240 global: 0.383 spatial: 0.061 
(epoch: 52, iters: 2520, time: 0.486, data: 0.001) G_GAN_ViT: 0.199 D_real_ViT: 0.287 D_fake_ViT: 0.346 global: 0.306 spatial: 0.071 
(epoch: 52, iters: 2620, time: 0.486, data: 0.001) G_GAN_ViT: 0.423 D_real_ViT: 0.140 D_fake_ViT: 0.164 global: 0.346 spatial: 0.087 
(epoch: 52, iters: 2720, time: 0.486, data: 0.001) G_GAN_ViT: 0.414 D_real_ViT: 0.306 D_fake_ViT: 0.164 global: 0.419 spatial: 0.085 
(epoch: 52, iters: 2820, time: 0.486, data: 0.001) G_GAN_ViT: 0.258 D_real_ViT: 0.321 D_fake_ViT: 0.290 global: 0.351 spatial: 0.087 
(epoch: 52, iters: 2920, time: 0.486, data: 0.001) G_GAN_ViT: 0.396 D_real_ViT: 0.278 D_fake_ViT: 0.191 global: 0.368 spatial: 0.080 
(epoch: 52, iters: 3020, time: 0.486, data: 0.001) G_GAN_ViT: 0.267 D_real_ViT: 0.072 D_fake_ViT: 0.265 global: 0.483 spatial: 0.128 
(epoch: 52, iters: 3120, time: 0.486, data: 0.001) G_GAN_ViT: 0.377 D_real_ViT: 0.262 D_fake_ViT: 0.196 global: 0.420 spatial: 0.085 
(epoch: 52, iters: 3220, time: 0.486, data: 0.001) G_GAN_ViT: 0.292 D_real_ViT: 0.295 D_fake_ViT: 0.262 global: 0.536 spatial: 0.147 
(epoch: 52, iters: 3320, time: 0.486, data: 0.001) G_GAN_ViT: 0.338 D_real_ViT: 0.292 D_fake_ViT: 0.206 global: 0.413 spatial: 0.108 
(epoch: 52, iters: 3420, time: 0.486, data: 0.001) G_GAN_ViT: 0.337 D_real_ViT: 0.244 D_fake_ViT: 0.218 global: 0.427 spatial: 0.120 
(epoch: 52, iters: 3520, time: 0.486, data: 0.001) G_GAN_ViT: 0.423 D_real_ViT: 0.230 D_fake_ViT: 0.173 global: 0.572 spatial: 0.133 
(epoch: 52, iters: 3620, time: 0.486, data: 0.001) G_GAN_ViT: 0.268 D_real_ViT: 0.317 D_fake_ViT: 0.262 global: 0.513 spatial: 0.134 
(epoch: 52, iters: 3720, time: 0.486, data: 0.001) G_GAN_ViT: 0.295 D_real_ViT: 0.049 D_fake_ViT: 0.249 global: 0.320 spatial: 0.090 
(epoch: 52, iters: 3820, time: 0.486, data: 0.001) G_GAN_ViT: 0.212 D_real_ViT: 0.187 D_fake_ViT: 0.330 global: 0.475 spatial: 0.126 
(epoch: 52, iters: 3920, time: 0.486, data: 0.001) G_GAN_ViT: 0.452 D_real_ViT: 0.256 D_fake_ViT: 0.161 global: 0.444 spatial: 0.101 
(epoch: 52, iters: 4020, time: 0.486, data: 0.001) G_GAN_ViT: 0.307 D_real_ViT: 0.262 D_fake_ViT: 0.249 global: 0.458 spatial: 0.110 
(epoch: 52, iters: 4120, time: 0.486, data: 0.001) G_GAN_ViT: 0.296 D_real_ViT: 0.284 D_fake_ViT: 0.240 global: 0.412 spatial: 0.095 
(epoch: 52, iters: 4220, time: 0.486, data: 0.001) G_GAN_ViT: 0.279 D_real_ViT: 0.230 D_fake_ViT: 0.257 global: 0.433 spatial: 0.082 
(epoch: 52, iters: 4320, time: 0.485, data: 0.001) G_GAN_ViT: 0.192 D_real_ViT: 0.051 D_fake_ViT: 0.354 global: 0.286 spatial: 0.079 
(epoch: 52, iters: 4420, time: 0.486, data: 0.001) G_GAN_ViT: 0.257 D_real_ViT: 0.179 D_fake_ViT: 0.288 global: 0.424 spatial: 0.120 
(epoch: 52, iters: 4520, time: 0.486, data: 0.001) G_GAN_ViT: 0.245 D_real_ViT: 0.229 D_fake_ViT: 0.289 global: 0.497 spatial: 0.123 
(epoch: 52, iters: 4620, time: 0.486, data: 0.001) G_GAN_ViT: 0.496 D_real_ViT: 0.237 D_fake_ViT: 0.131 global: 0.599 spatial: 0.174 
(epoch: 52, iters: 4720, time: 0.486, data: 0.001) G_GAN_ViT: 0.329 D_real_ViT: 0.246 D_fake_ViT: 0.224 global: 0.552 spatial: 0.111 
(epoch: 52, iters: 4820, time: 0.485, data: 0.001) G_GAN_ViT: 0.393 D_real_ViT: 0.235 D_fake_ViT: 0.174 global: 0.496 spatial: 0.117 
(epoch: 52, iters: 4920, time: 0.485, data: 0.001) G_GAN_ViT: 0.409 D_real_ViT: 0.347 D_fake_ViT: 0.167 global: 0.455 spatial: 0.114 
(epoch: 52, iters: 5020, time: 0.485, data: 0.001) G_GAN_ViT: 0.355 D_real_ViT: 0.458 D_fake_ViT: 0.203 global: 0.362 spatial: 0.080 
End of epoch 52 / 100 	 Time Taken: 2475 sec
learning rate = 0.0000094
(epoch: 53, iters: 40, time: 0.485, data: 0.001) G_GAN_ViT: 0.381 D_real_ViT: 0.236 D_fake_ViT: 0.185 global: 0.355 spatial: 0.090 
(epoch: 53, iters: 140, time: 0.485, data: 0.001) G_GAN_ViT: 0.332 D_real_ViT: 0.248 D_fake_ViT: 0.207 global: 0.409 spatial: 0.088 
(epoch: 53, iters: 240, time: 0.486, data: 0.001) G_GAN_ViT: 0.276 D_real_ViT: 0.172 D_fake_ViT: 0.259 global: 0.484 spatial: 0.124 
(epoch: 53, iters: 340, time: 0.486, data: 0.001) G_GAN_ViT: 0.241 D_real_ViT: 0.168 D_fake_ViT: 0.296 global: 0.309 spatial: 0.072 
(epoch: 53, iters: 440, time: 0.486, data: 0.001) G_GAN_ViT: 0.374 D_real_ViT: 0.212 D_fake_ViT: 0.192 global: 0.400 spatial: 0.089 
(epoch: 53, iters: 540, time: 0.486, data: 0.001) G_GAN_ViT: 0.238 D_real_ViT: 0.349 D_fake_ViT: 0.300 global: 0.320 spatial: 0.072 
(epoch: 53, iters: 640, time: 0.486, data: 0.001) G_GAN_ViT: 0.271 D_real_ViT: 0.234 D_fake_ViT: 0.263 global: 0.299 spatial: 0.080 
(epoch: 53, iters: 740, time: 0.485, data: 0.001) G_GAN_ViT: 0.323 D_real_ViT: 0.254 D_fake_ViT: 0.214 global: 0.403 spatial: 0.074 
(epoch: 53, iters: 840, time: 0.485, data: 0.001) G_GAN_ViT: 0.369 D_real_ViT: 0.164 D_fake_ViT: 0.186 global: 0.526 spatial: 0.099 
saving the latest model (epoch 53, total_iters 265000)
IRVI_single_monitor
(epoch: 53, iters: 940, time: 0.485, data: 0.002) G_GAN_ViT: 0.207 D_real_ViT: 0.297 D_fake_ViT: 0.356 global: 0.558 spatial: 0.136 
(epoch: 53, iters: 1040, time: 0.485, data: 0.001) G_GAN_ViT: 0.396 D_real_ViT: 0.181 D_fake_ViT: 0.181 global: 0.551 spatial: 0.144 
(epoch: 53, iters: 1140, time: 0.485, data: 0.001) G_GAN_ViT: 0.446 D_real_ViT: 0.218 D_fake_ViT: 0.152 global: 0.530 spatial: 0.129 
(epoch: 53, iters: 1240, time: 0.485, data: 0.001) G_GAN_ViT: 0.252 D_real_ViT: 0.234 D_fake_ViT: 0.290 global: 0.459 spatial: 0.122 
(epoch: 53, iters: 1340, time: 0.485, data: 0.002) G_GAN_ViT: 0.361 D_real_ViT: 0.264 D_fake_ViT: 0.194 global: 0.435 spatial: 0.112 
(epoch: 53, iters: 1440, time: 0.485, data: 0.001) G_GAN_ViT: 0.292 D_real_ViT: 0.218 D_fake_ViT: 0.242 global: 0.496 spatial: 0.117 
(epoch: 53, iters: 1540, time: 0.485, data: 0.001) G_GAN_ViT: 0.267 D_real_ViT: 0.163 D_fake_ViT: 0.272 global: 0.352 spatial: 0.086 
(epoch: 53, iters: 1640, time: 0.486, data: 0.001) G_GAN_ViT: 0.348 D_real_ViT: 0.193 D_fake_ViT: 0.217 global: 0.504 spatial: 0.122 
(epoch: 53, iters: 1740, time: 0.486, data: 0.001) G_GAN_ViT: 0.330 D_real_ViT: 0.212 D_fake_ViT: 0.213 global: 0.392 spatial: 0.089 
(epoch: 53, iters: 1840, time: 0.486, data: 0.001) G_GAN_ViT: 0.334 D_real_ViT: 0.342 D_fake_ViT: 0.215 global: 0.502 spatial: 0.104 
(epoch: 53, iters: 1940, time: 0.486, data: 0.002) G_GAN_ViT: 0.228 D_real_ViT: 0.238 D_fake_ViT: 0.307 global: 0.317 spatial: 0.073 
(epoch: 53, iters: 2040, time: 0.486, data: 0.001) G_GAN_ViT: 0.211 D_real_ViT: 0.264 D_fake_ViT: 0.330 global: 0.344 spatial: 0.093 
(epoch: 53, iters: 2140, time: 0.486, data: 0.001) G_GAN_ViT: 0.437 D_real_ViT: 0.279 D_fake_ViT: 0.158 global: 0.404 spatial: 0.079 
(epoch: 53, iters: 2240, time: 0.486, data: 0.001) G_GAN_ViT: 0.235 D_real_ViT: 0.208 D_fake_ViT: 0.297 global: 0.320 spatial: 0.076 
(epoch: 53, iters: 2340, time: 0.485, data: 0.001) G_GAN_ViT: 0.369 D_real_ViT: 0.207 D_fake_ViT: 0.202 global: 0.552 spatial: 0.133 
(epoch: 53, iters: 2440, time: 0.485, data: 0.001) G_GAN_ViT: 0.214 D_real_ViT: 0.216 D_fake_ViT: 0.345 global: 0.510 spatial: 0.139 
(epoch: 53, iters: 2540, time: 0.485, data: 0.001) G_GAN_ViT: 0.375 D_real_ViT: 0.190 D_fake_ViT: 0.186 global: 0.507 spatial: 0.112 
(epoch: 53, iters: 2640, time: 0.485, data: 0.002) G_GAN_ViT: 0.316 D_real_ViT: 0.298 D_fake_ViT: 0.223 global: 0.385 spatial: 0.095 
(epoch: 53, iters: 2740, time: 0.485, data: 0.001) G_GAN_ViT: 0.328 D_real_ViT: 0.238 D_fake_ViT: 0.215 global: 0.510 spatial: 0.099 
(epoch: 53, iters: 2840, time: 0.485, data: 0.001) G_GAN_ViT: 0.380 D_real_ViT: 0.218 D_fake_ViT: 0.187 global: 0.343 spatial: 0.084 
(epoch: 53, iters: 2940, time: 0.485, data: 0.001) G_GAN_ViT: 0.192 D_real_ViT: 0.189 D_fake_ViT: 0.348 global: 0.373 spatial: 0.095 
(epoch: 53, iters: 3040, time: 0.485, data: 0.001) G_GAN_ViT: 0.486 D_real_ViT: 0.225 D_fake_ViT: 0.146 global: 0.631 spatial: 0.153 
(epoch: 53, iters: 3140, time: 0.485, data: 0.001) G_GAN_ViT: 0.419 D_real_ViT: 0.190 D_fake_ViT: 0.167 global: 0.490 spatial: 0.128 
(epoch: 53, iters: 3240, time: 0.485, data: 0.001) G_GAN_ViT: 0.448 D_real_ViT: 0.224 D_fake_ViT: 0.169 global: 0.593 spatial: 0.177 
(epoch: 53, iters: 3340, time: 0.485, data: 0.001) G_GAN_ViT: 0.373 D_real_ViT: 0.218 D_fake_ViT: 0.183 global: 0.364 spatial: 0.092 
(epoch: 53, iters: 3440, time: 0.486, data: 0.001) G_GAN_ViT: 0.290 D_real_ViT: 0.278 D_fake_ViT: 0.249 global: 0.362 spatial: 0.097 
(epoch: 53, iters: 3540, time: 0.486, data: 0.001) G_GAN_ViT: 0.316 D_real_ViT: 0.333 D_fake_ViT: 0.224 global: 0.385 spatial: 0.066 
(epoch: 53, iters: 3640, time: 0.486, data: 0.001) G_GAN_ViT: 0.252 D_real_ViT: 0.117 D_fake_ViT: 0.288 global: 0.386 spatial: 0.098 
(epoch: 53, iters: 3740, time: 0.486, data: 0.001) G_GAN_ViT: 0.566 D_real_ViT: 0.270 D_fake_ViT: 0.117 global: 0.700 spatial: 0.152 
(epoch: 53, iters: 3840, time: 0.486, data: 0.001) G_GAN_ViT: 0.292 D_real_ViT: 0.226 D_fake_ViT: 0.242 global: 0.446 spatial: 0.087 
(epoch: 53, iters: 3940, time: 0.486, data: 0.001) G_GAN_ViT: 0.338 D_real_ViT: 0.270 D_fake_ViT: 0.206 global: 0.332 spatial: 0.078 
(epoch: 53, iters: 4040, time: 0.486, data: 0.001) G_GAN_ViT: 0.330 D_real_ViT: 0.241 D_fake_ViT: 0.225 global: 0.446 spatial: 0.112 
(epoch: 53, iters: 4140, time: 0.486, data: 0.002) G_GAN_ViT: 0.330 D_real_ViT: 0.216 D_fake_ViT: 0.213 global: 0.404 spatial: 0.105 
(epoch: 53, iters: 4240, time: 0.485, data: 0.001) G_GAN_ViT: 0.277 D_real_ViT: 0.220 D_fake_ViT: 0.281 global: 0.490 spatial: 0.091 
(epoch: 53, iters: 4340, time: 0.485, data: 0.001) G_GAN_ViT: 0.426 D_real_ViT: 0.223 D_fake_ViT: 0.166 global: 0.664 spatial: 0.137 
(epoch: 53, iters: 4440, time: 0.485, data: 0.001) G_GAN_ViT: 0.401 D_real_ViT: 0.234 D_fake_ViT: 0.162 global: 0.387 spatial: 0.089 
(epoch: 53, iters: 4540, time: 0.485, data: 0.001) G_GAN_ViT: 0.389 D_real_ViT: 0.261 D_fake_ViT: 0.170 global: 0.361 spatial: 0.100 
(epoch: 53, iters: 4640, time: 0.485, data: 0.001) G_GAN_ViT: 0.315 D_real_ViT: 0.229 D_fake_ViT: 0.241 global: 0.327 spatial: 0.079 
(epoch: 53, iters: 4740, time: 0.485, data: 0.001) G_GAN_ViT: 0.408 D_real_ViT: 0.122 D_fake_ViT: 0.179 global: 0.626 spatial: 0.113 
(epoch: 53, iters: 4840, time: 0.486, data: 0.001) G_GAN_ViT: 0.342 D_real_ViT: 0.204 D_fake_ViT: 0.215 global: 0.337 spatial: 0.102 
(epoch: 53, iters: 4940, time: 0.486, data: 0.002) G_GAN_ViT: 0.404 D_real_ViT: 0.201 D_fake_ViT: 0.165 global: 0.528 spatial: 0.102 
(epoch: 53, iters: 5040, time: 0.486, data: 0.002) G_GAN_ViT: 0.297 D_real_ViT: 0.258 D_fake_ViT: 0.245 global: 0.316 spatial: 0.065 
End of epoch 53 / 100 	 Time Taken: 2474 sec
learning rate = 0.0000092
(epoch: 54, iters: 60, time: 0.486, data: 0.001) G_GAN_ViT: 0.315 D_real_ViT: 0.228 D_fake_ViT: 0.228 global: 0.316 spatial: 0.073 
(epoch: 54, iters: 160, time: 0.486, data: 0.001) G_GAN_ViT: 0.334 D_real_ViT: 0.262 D_fake_ViT: 0.214 global: 0.389 spatial: 0.109 
(epoch: 54, iters: 260, time: 0.486, data: 0.001) G_GAN_ViT: 0.436 D_real_ViT: 0.052 D_fake_ViT: 0.158 global: 0.628 spatial: 0.149 
(epoch: 54, iters: 360, time: 0.486, data: 0.001) G_GAN_ViT: 0.334 D_real_ViT: 0.262 D_fake_ViT: 0.206 global: 0.471 spatial: 0.097 
(epoch: 54, iters: 460, time: 0.486, data: 0.001) G_GAN_ViT: 0.350 D_real_ViT: 0.203 D_fake_ViT: 0.198 global: 0.366 spatial: 0.096 
(epoch: 54, iters: 560, time: 0.486, data: 0.001) G_GAN_ViT: 0.517 D_real_ViT: 0.048 D_fake_ViT: 0.123 global: 0.588 spatial: 0.143 
(epoch: 54, iters: 660, time: 0.486, data: 0.001) G_GAN_ViT: 0.386 D_real_ViT: 0.187 D_fake_ViT: 0.190 global: 0.477 spatial: 0.117 
(epoch: 54, iters: 760, time: 0.485, data: 0.001) G_GAN_ViT: 0.376 D_real_ViT: 0.048 D_fake_ViT: 0.177 global: 0.399 spatial: 0.089 
saving the latest model (epoch 54, total_iters 270000)
IRVI_single_monitor
(epoch: 54, iters: 860, time: 0.485, data: 0.002) G_GAN_ViT: 0.193 D_real_ViT: 0.081 D_fake_ViT: 0.374 global: 0.521 spatial: 0.125 
(epoch: 54, iters: 960, time: 0.485, data: 0.001) G_GAN_ViT: 0.332 D_real_ViT: 0.220 D_fake_ViT: 0.229 global: 0.610 spatial: 0.147 
(epoch: 54, iters: 1060, time: 0.485, data: 0.001) G_GAN_ViT: 0.468 D_real_ViT: 0.233 D_fake_ViT: 0.143 global: 0.627 spatial: 0.172 
(epoch: 54, iters: 1160, time: 0.485, data: 0.002) G_GAN_ViT: 0.359 D_real_ViT: 0.195 D_fake_ViT: 0.209 global: 0.335 spatial: 0.088 
(epoch: 54, iters: 1260, time: 0.485, data: 0.001) G_GAN_ViT: 0.233 D_real_ViT: 0.258 D_fake_ViT: 0.306 global: 0.490 spatial: 0.123 
(epoch: 54, iters: 1360, time: 0.485, data: 0.001) G_GAN_ViT: 0.378 D_real_ViT: 0.329 D_fake_ViT: 0.194 global: 0.621 spatial: 0.119 
(epoch: 54, iters: 1460, time: 0.485, data: 0.001) G_GAN_ViT: 0.377 D_real_ViT: 0.196 D_fake_ViT: 0.220 global: 0.507 spatial: 0.134 
(epoch: 54, iters: 1560, time: 0.485, data: 0.001) G_GAN_ViT: 0.377 D_real_ViT: 0.283 D_fake_ViT: 0.191 global: 0.535 spatial: 0.129 
(epoch: 54, iters: 1660, time: 0.485, data: 0.001) G_GAN_ViT: 0.364 D_real_ViT: 0.253 D_fake_ViT: 0.193 global: 0.435 spatial: 0.110 
(epoch: 54, iters: 1760, time: 0.485, data: 0.001) G_GAN_ViT: 0.220 D_real_ViT: 0.261 D_fake_ViT: 0.315 global: 0.369 spatial: 0.092 
(epoch: 54, iters: 1860, time: 0.486, data: 0.001) G_GAN_ViT: 0.269 D_real_ViT: 0.194 D_fake_ViT: 0.263 global: 0.459 spatial: 0.120 
(epoch: 54, iters: 1960, time: 0.486, data: 0.001) G_GAN_ViT: 0.306 D_real_ViT: 0.284 D_fake_ViT: 0.231 global: 0.318 spatial: 0.078 
(epoch: 54, iters: 2060, time: 0.486, data: 0.001) G_GAN_ViT: 0.341 D_real_ViT: 0.199 D_fake_ViT: 0.215 global: 0.462 spatial: 0.109 
(epoch: 54, iters: 2160, time: 0.486, data: 0.001) G_GAN_ViT: 0.382 D_real_ViT: 0.229 D_fake_ViT: 0.201 global: 0.530 spatial: 0.131 
(epoch: 54, iters: 2260, time: 0.486, data: 0.001) G_GAN_ViT: 0.198 D_real_ViT: 0.190 D_fake_ViT: 0.351 global: 0.398 spatial: 0.080 
(epoch: 54, iters: 2360, time: 0.486, data: 0.001) G_GAN_ViT: 0.244 D_real_ViT: 0.263 D_fake_ViT: 0.315 global: 0.397 spatial: 0.076 
(epoch: 54, iters: 2460, time: 0.486, data: 0.002) G_GAN_ViT: 0.592 D_real_ViT: 0.130 D_fake_ViT: 0.106 global: 0.609 spatial: 0.138 
(epoch: 54, iters: 2560, time: 0.486, data: 0.001) G_GAN_ViT: 0.350 D_real_ViT: 0.168 D_fake_ViT: 0.215 global: 0.460 spatial: 0.105 
(epoch: 54, iters: 2660, time: 0.486, data: 0.001) G_GAN_ViT: 0.213 D_real_ViT: 0.189 D_fake_ViT: 0.322 global: 0.374 spatial: 0.096 
(epoch: 54, iters: 2760, time: 0.486, data: 0.001) G_GAN_ViT: 0.337 D_real_ViT: 0.237 D_fake_ViT: 0.205 global: 0.427 spatial: 0.092 
(epoch: 54, iters: 2860, time: 0.486, data: 0.002) G_GAN_ViT: 0.487 D_real_ViT: 0.236 D_fake_ViT: 0.139 global: 0.617 spatial: 0.156 
(epoch: 54, iters: 2960, time: 0.486, data: 0.001) G_GAN_ViT: 0.359 D_real_ViT: 0.167 D_fake_ViT: 0.194 global: 0.495 spatial: 0.103 
(epoch: 54, iters: 3060, time: 0.486, data: 0.001) G_GAN_ViT: 0.315 D_real_ViT: 0.233 D_fake_ViT: 0.229 global: 0.326 spatial: 0.086 
(epoch: 54, iters: 3160, time: 0.486, data: 0.001) G_GAN_ViT: 0.265 D_real_ViT: 0.202 D_fake_ViT: 0.272 global: 0.390 spatial: 0.094 
(epoch: 54, iters: 3260, time: 0.486, data: 0.001) G_GAN_ViT: 0.195 D_real_ViT: 0.231 D_fake_ViT: 0.348 global: 0.291 spatial: 0.076 
(epoch: 54, iters: 3360, time: 0.486, data: 0.001) G_GAN_ViT: 0.278 D_real_ViT: 0.218 D_fake_ViT: 0.257 global: 0.504 spatial: 0.141 
(epoch: 54, iters: 3460, time: 0.486, data: 0.001) G_GAN_ViT: 0.204 D_real_ViT: 0.147 D_fake_ViT: 0.339 global: 0.318 spatial: 0.081 
(epoch: 54, iters: 3560, time: 0.486, data: 0.001) G_GAN_ViT: 0.275 D_real_ViT: 0.233 D_fake_ViT: 0.271 global: 0.625 spatial: 0.110 
(epoch: 54, iters: 3660, time: 0.486, data: 0.001) G_GAN_ViT: 0.297 D_real_ViT: 0.229 D_fake_ViT: 0.240 global: 0.471 spatial: 0.122 
(epoch: 54, iters: 3760, time: 0.486, data: 0.002) G_GAN_ViT: 0.331 D_real_ViT: 0.180 D_fake_ViT: 0.209 global: 0.529 spatial: 0.106 
(epoch: 54, iters: 3860, time: 0.486, data: 0.002) G_GAN_ViT: 0.333 D_real_ViT: 0.191 D_fake_ViT: 0.216 global: 0.357 spatial: 0.086 
(epoch: 54, iters: 3960, time: 0.486, data: 0.001) G_GAN_ViT: 0.318 D_real_ViT: 0.197 D_fake_ViT: 0.229 global: 0.351 spatial: 0.080 
(epoch: 54, iters: 4060, time: 0.486, data: 0.001) G_GAN_ViT: 0.402 D_real_ViT: 0.214 D_fake_ViT: 0.179 global: 0.435 spatial: 0.111 
(epoch: 54, iters: 4160, time: 0.485, data: 0.001) G_GAN_ViT: 0.336 D_real_ViT: 0.271 D_fake_ViT: 0.250 global: 0.439 spatial: 0.117 
(epoch: 54, iters: 4260, time: 0.485, data: 0.001) G_GAN_ViT: 0.284 D_real_ViT: 0.187 D_fake_ViT: 0.245 global: 0.397 spatial: 0.087 
(epoch: 54, iters: 4360, time: 0.485, data: 0.001) G_GAN_ViT: 0.406 D_real_ViT: 0.221 D_fake_ViT: 0.185 global: 0.509 spatial: 0.121 
(epoch: 54, iters: 4460, time: 0.485, data: 0.001) G_GAN_ViT: 0.375 D_real_ViT: 0.309 D_fake_ViT: 0.193 global: 0.554 spatial: 0.148 
(epoch: 54, iters: 4560, time: 0.485, data: 0.002) G_GAN_ViT: 0.256 D_real_ViT: 0.272 D_fake_ViT: 0.275 global: 0.454 spatial: 0.089 
(epoch: 54, iters: 4660, time: 0.485, data: 0.002) G_GAN_ViT: 0.286 D_real_ViT: 0.162 D_fake_ViT: 0.263 global: 0.355 spatial: 0.087 
(epoch: 54, iters: 4760, time: 0.485, data: 0.001) G_GAN_ViT: 0.344 D_real_ViT: 0.053 D_fake_ViT: 0.207 global: 0.406 spatial: 0.109 
(epoch: 54, iters: 4860, time: 0.485, data: 0.001) G_GAN_ViT: 0.348 D_real_ViT: 0.264 D_fake_ViT: 0.202 global: 0.438 spatial: 0.107 
(epoch: 54, iters: 4960, time: 0.485, data: 0.001) G_GAN_ViT: 0.209 D_real_ViT: 0.219 D_fake_ViT: 0.316 global: 0.273 spatial: 0.077 
(epoch: 54, iters: 5060, time: 0.485, data: 0.001) G_GAN_ViT: 0.264 D_real_ViT: 0.050 D_fake_ViT: 0.302 global: 0.367 spatial: 0.078 
End of epoch 54 / 100 	 Time Taken: 2474 sec
learning rate = 0.0000090
(epoch: 55, iters: 80, time: 0.486, data: 0.001) G_GAN_ViT: 0.363 D_real_ViT: 0.411 D_fake_ViT: 0.194 global: 0.425 spatial: 0.107 
(epoch: 55, iters: 180, time: 0.486, data: 0.001) G_GAN_ViT: 0.346 D_real_ViT: 0.251 D_fake_ViT: 0.204 global: 0.366 spatial: 0.074 
(epoch: 55, iters: 280, time: 0.485, data: 0.002) G_GAN_ViT: 0.209 D_real_ViT: 0.218 D_fake_ViT: 0.340 global: 0.479 spatial: 0.135 
(epoch: 55, iters: 380, time: 0.485, data: 0.001) G_GAN_ViT: 0.368 D_real_ViT: 0.270 D_fake_ViT: 0.182 global: 0.347 spatial: 0.102 
(epoch: 55, iters: 480, time: 0.486, data: 0.001) G_GAN_ViT: 0.264 D_real_ViT: 0.181 D_fake_ViT: 0.276 global: 0.423 spatial: 0.124 
(epoch: 55, iters: 580, time: 0.486, data: 0.002) G_GAN_ViT: 0.280 D_real_ViT: 0.214 D_fake_ViT: 0.256 global: 0.421 spatial: 0.081 
(epoch: 55, iters: 680, time: 0.485, data: 0.001) G_GAN_ViT: 0.260 D_real_ViT: 0.161 D_fake_ViT: 0.273 global: 0.381 spatial: 0.070 
saving the latest model (epoch 55, total_iters 275000)
IRVI_single_monitor
(epoch: 55, iters: 780, time: 0.485, data: 0.002) G_GAN_ViT: 0.349 D_real_ViT: 0.234 D_fake_ViT: 0.219 global: 0.457 spatial: 0.111 
(epoch: 55, iters: 880, time: 0.485, data: 0.001) G_GAN_ViT: 0.418 D_real_ViT: 0.298 D_fake_ViT: 0.160 global: 0.427 spatial: 0.120 
(epoch: 55, iters: 980, time: 0.485, data: 0.001) G_GAN_ViT: 0.199 D_real_ViT: 0.237 D_fake_ViT: 0.341 global: 0.357 spatial: 0.101 
(epoch: 55, iters: 1080, time: 0.485, data: 0.001) G_GAN_ViT: 0.256 D_real_ViT: 0.235 D_fake_ViT: 0.281 global: 0.412 spatial: 0.085 
(epoch: 55, iters: 1180, time: 0.485, data: 0.001) G_GAN_ViT: 0.297 D_real_ViT: 0.240 D_fake_ViT: 0.235 global: 0.406 spatial: 0.084 
(epoch: 55, iters: 1280, time: 0.485, data: 0.001) G_GAN_ViT: 0.365 D_real_ViT: 0.317 D_fake_ViT: 0.196 global: 0.440 spatial: 0.128 
(epoch: 55, iters: 1380, time: 0.485, data: 0.001) G_GAN_ViT: 0.245 D_real_ViT: 0.205 D_fake_ViT: 0.292 global: 0.476 spatial: 0.116 
(epoch: 55, iters: 1480, time: 0.485, data: 0.002) G_GAN_ViT: 0.457 D_real_ViT: 0.250 D_fake_ViT: 0.143 global: 0.386 spatial: 0.080 
(epoch: 55, iters: 1580, time: 0.485, data: 0.001) G_GAN_ViT: 0.411 D_real_ViT: 0.191 D_fake_ViT: 0.171 global: 0.472 spatial: 0.116 
(epoch: 55, iters: 1680, time: 0.485, data: 0.001) G_GAN_ViT: 0.413 D_real_ViT: 0.233 D_fake_ViT: 0.173 global: 0.372 spatial: 0.084 
(epoch: 55, iters: 1780, time: 0.485, data: 0.001) G_GAN_ViT: 0.350 D_real_ViT: 0.280 D_fake_ViT: 0.207 global: 0.468 spatial: 0.110 
(epoch: 55, iters: 1880, time: 0.485, data: 0.001) G_GAN_ViT: 0.366 D_real_ViT: 0.263 D_fake_ViT: 0.192 global: 0.343 spatial: 0.082 
(epoch: 55, iters: 1980, time: 0.485, data: 0.001) G_GAN_ViT: 0.505 D_real_ViT: 0.273 D_fake_ViT: 0.129 global: 0.617 spatial: 0.144 
(epoch: 55, iters: 2080, time: 0.485, data: 0.001) G_GAN_ViT: 0.230 D_real_ViT: 0.244 D_fake_ViT: 0.307 global: 0.457 spatial: 0.119 
(epoch: 55, iters: 2180, time: 0.485, data: 0.001) G_GAN_ViT: 0.382 D_real_ViT: 0.267 D_fake_ViT: 0.184 global: 0.591 spatial: 0.107 
(epoch: 55, iters: 2280, time: 0.485, data: 0.001) G_GAN_ViT: 0.282 D_real_ViT: 0.275 D_fake_ViT: 0.256 global: 0.286 spatial: 0.078 
(epoch: 55, iters: 2380, time: 0.485, data: 0.001) G_GAN_ViT: 0.753 D_real_ViT: 0.265 D_fake_ViT: 0.075 global: 0.416 spatial: 0.110 
(epoch: 55, iters: 2480, time: 0.485, data: 0.001) G_GAN_ViT: 0.237 D_real_ViT: 0.334 D_fake_ViT: 0.299 global: 0.283 spatial: 0.078 
(epoch: 55, iters: 2580, time: 0.485, data: 0.001) G_GAN_ViT: 0.300 D_real_ViT: 0.249 D_fake_ViT: 0.236 global: 0.431 spatial: 0.113 
(epoch: 55, iters: 2680, time: 0.484, data: 0.001) G_GAN_ViT: 0.285 D_real_ViT: 0.174 D_fake_ViT: 0.246 global: 0.467 spatial: 0.112 
(epoch: 55, iters: 2780, time: 0.484, data: 0.001) G_GAN_ViT: 0.295 D_real_ViT: 0.235 D_fake_ViT: 0.239 global: 0.399 spatial: 0.085 
(epoch: 55, iters: 2880, time: 0.485, data: 0.001) G_GAN_ViT: 0.373 D_real_ViT: 0.278 D_fake_ViT: 0.182 global: 0.370 spatial: 0.097 
(epoch: 55, iters: 2980, time: 0.485, data: 0.001) G_GAN_ViT: 0.310 D_real_ViT: 0.261 D_fake_ViT: 0.226 global: 0.399 spatial: 0.085 
(epoch: 55, iters: 3080, time: 0.485, data: 0.001) G_GAN_ViT: 0.247 D_real_ViT: 0.227 D_fake_ViT: 0.282 global: 0.473 spatial: 0.120 
(epoch: 55, iters: 3180, time: 0.486, data: 0.001) G_GAN_ViT: 0.398 D_real_ViT: 0.244 D_fake_ViT: 0.169 global: 0.344 spatial: 0.071 
(epoch: 55, iters: 3280, time: 0.486, data: 0.001) G_GAN_ViT: 0.370 D_real_ViT: 0.260 D_fake_ViT: 0.198 global: 0.578 spatial: 0.115 
(epoch: 55, iters: 3380, time: 0.486, data: 0.001) G_GAN_ViT: 0.342 D_real_ViT: 0.243 D_fake_ViT: 0.207 global: 0.458 spatial: 0.091 
(epoch: 55, iters: 3480, time: 0.485, data: 0.001) G_GAN_ViT: 0.238 D_real_ViT: 0.196 D_fake_ViT: 0.303 global: 0.469 spatial: 0.118 
(epoch: 55, iters: 3580, time: 0.485, data: 0.001) G_GAN_ViT: 0.249 D_real_ViT: 0.248 D_fake_ViT: 0.289 global: 0.318 spatial: 0.079 
(epoch: 55, iters: 3680, time: 0.485, data: 0.001) G_GAN_ViT: 0.328 D_real_ViT: 0.229 D_fake_ViT: 0.227 global: 0.601 spatial: 0.141 
(epoch: 55, iters: 3780, time: 0.485, data: 0.001) G_GAN_ViT: 0.307 D_real_ViT: 0.282 D_fake_ViT: 0.244 global: 0.547 spatial: 0.133 
(epoch: 55, iters: 3880, time: 0.486, data: 0.001) G_GAN_ViT: 0.520 D_real_ViT: 0.237 D_fake_ViT: 0.132 global: 0.616 spatial: 0.148 
(epoch: 55, iters: 3980, time: 0.486, data: 0.001) G_GAN_ViT: 0.252 D_real_ViT: 0.226 D_fake_ViT: 0.275 global: 0.362 spatial: 0.089 
(epoch: 55, iters: 4080, time: 0.486, data: 0.001) G_GAN_ViT: 0.264 D_real_ViT: 0.163 D_fake_ViT: 0.262 global: 0.467 spatial: 0.119 
(epoch: 55, iters: 4180, time: 0.486, data: 0.001) G_GAN_ViT: 0.239 D_real_ViT: 0.218 D_fake_ViT: 0.298 global: 0.277 spatial: 0.064 
(epoch: 55, iters: 4280, time: 0.486, data: 0.001) G_GAN_ViT: 0.207 D_real_ViT: 0.324 D_fake_ViT: 0.330 global: 0.284 spatial: 0.073 
(epoch: 55, iters: 4380, time: 0.486, data: 0.001) G_GAN_ViT: 0.259 D_real_ViT: 0.265 D_fake_ViT: 0.274 global: 0.327 spatial: 0.083 
(epoch: 55, iters: 4480, time: 0.486, data: 0.001) G_GAN_ViT: 0.331 D_real_ViT: 0.213 D_fake_ViT: 0.211 global: 0.415 spatial: 0.113 
(epoch: 55, iters: 4580, time: 0.485, data: 0.001) G_GAN_ViT: 0.201 D_real_ViT: 0.164 D_fake_ViT: 0.348 global: 0.440 spatial: 0.116 
(epoch: 55, iters: 4680, time: 0.486, data: 0.001) G_GAN_ViT: 0.443 D_real_ViT: 0.263 D_fake_ViT: 0.154 global: 0.602 spatial: 0.142 
(epoch: 55, iters: 4780, time: 0.486, data: 0.001) G_GAN_ViT: 0.296 D_real_ViT: 0.151 D_fake_ViT: 0.238 global: 0.476 spatial: 0.117 
(epoch: 55, iters: 4880, time: 0.486, data: 0.001) G_GAN_ViT: 0.351 D_real_ViT: 0.178 D_fake_ViT: 0.195 global: 0.441 spatial: 0.097 
(epoch: 55, iters: 4980, time: 0.486, data: 0.002) G_GAN_ViT: 0.205 D_real_ViT: 0.253 D_fake_ViT: 0.331 global: 0.286 spatial: 0.083 
(epoch: 55, iters: 5080, time: 0.486, data: 0.001) G_GAN_ViT: 0.280 D_real_ViT: 0.223 D_fake_ViT: 0.248 global: 0.381 spatial: 0.096 
saving the model at the end of epoch 55, iters 279400
End of epoch 55 / 100 	 Time Taken: 2475 sec
learning rate = 0.0000088
(epoch: 56, iters: 100, time: 0.486, data: 0.153) G_GAN_ViT: 0.404 D_real_ViT: 0.177 D_fake_ViT: 0.171 global: 0.460 spatial: 0.130 
(epoch: 56, iters: 200, time: 0.486, data: 0.001) G_GAN_ViT: 0.273 D_real_ViT: 0.305 D_fake_ViT: 0.256 global: 0.295 spatial: 0.068 
(epoch: 56, iters: 300, time: 0.486, data: 0.001) G_GAN_ViT: 0.432 D_real_ViT: 0.161 D_fake_ViT: 0.151 global: 0.436 spatial: 0.119 
(epoch: 56, iters: 400, time: 0.486, data: 0.001) G_GAN_ViT: 0.388 D_real_ViT: 0.156 D_fake_ViT: 0.181 global: 0.445 spatial: 0.107 
(epoch: 56, iters: 500, time: 0.486, data: 0.001) G_GAN_ViT: 0.264 D_real_ViT: 0.251 D_fake_ViT: 0.264 global: 0.277 spatial: 0.071 
(epoch: 56, iters: 600, time: 0.485, data: 0.002) G_GAN_ViT: 0.342 D_real_ViT: 0.350 D_fake_ViT: 0.206 global: 0.500 spatial: 0.107 
saving the latest model (epoch 56, total_iters 280000)
IRVI_single_monitor
(epoch: 56, iters: 700, time: 0.484, data: 0.002) G_GAN_ViT: 0.326 D_real_ViT: 0.124 D_fake_ViT: 0.220 global: 0.317 spatial: 0.087 
(epoch: 56, iters: 800, time: 0.485, data: 0.001) G_GAN_ViT: 0.429 D_real_ViT: 0.247 D_fake_ViT: 0.149 global: 0.329 spatial: 0.081 
(epoch: 56, iters: 900, time: 0.485, data: 0.001) G_GAN_ViT: 0.275 D_real_ViT: 0.267 D_fake_ViT: 0.259 global: 0.371 spatial: 0.082 
(epoch: 56, iters: 1000, time: 0.485, data: 0.001) G_GAN_ViT: 0.333 D_real_ViT: 0.245 D_fake_ViT: 0.226 global: 0.433 spatial: 0.087 
(epoch: 56, iters: 1100, time: 0.485, data: 0.001) G_GAN_ViT: 0.348 D_real_ViT: 0.210 D_fake_ViT: 0.194 global: 0.469 spatial: 0.098 
(epoch: 56, iters: 1200, time: 0.484, data: 0.001) G_GAN_ViT: 0.241 D_real_ViT: 0.225 D_fake_ViT: 0.282 global: 0.275 spatial: 0.072 
(epoch: 56, iters: 1300, time: 0.485, data: 0.001) G_GAN_ViT: 0.626 D_real_ViT: 0.037 D_fake_ViT: 0.087 global: 0.603 spatial: 0.166 
(epoch: 56, iters: 1400, time: 0.485, data: 0.001) G_GAN_ViT: 0.374 D_real_ViT: 0.208 D_fake_ViT: 0.187 global: 0.460 spatial: 0.121 
(epoch: 56, iters: 1500, time: 0.485, data: 0.001) G_GAN_ViT: 0.257 D_real_ViT: 0.188 D_fake_ViT: 0.287 global: 0.485 spatial: 0.142 
(epoch: 56, iters: 1600, time: 0.485, data: 0.001) G_GAN_ViT: 0.405 D_real_ViT: 0.270 D_fake_ViT: 0.167 global: 0.464 spatial: 0.113 
(epoch: 56, iters: 1700, time: 0.485, data: 0.001) G_GAN_ViT: 0.282 D_real_ViT: 0.220 D_fake_ViT: 0.300 global: 0.504 spatial: 0.129 
(epoch: 56, iters: 1800, time: 0.486, data: 0.001) G_GAN_ViT: 0.351 D_real_ViT: 0.176 D_fake_ViT: 0.235 global: 0.520 spatial: 0.141 
(epoch: 56, iters: 1900, time: 0.486, data: 0.001) G_GAN_ViT: 0.343 D_real_ViT: 0.273 D_fake_ViT: 0.222 global: 0.461 spatial: 0.113 
(epoch: 56, iters: 2000, time: 0.486, data: 0.001) G_GAN_ViT: 0.645 D_real_ViT: 0.307 D_fake_ViT: 0.080 global: 0.662 spatial: 0.170 
(epoch: 56, iters: 2100, time: 0.486, data: 0.001) G_GAN_ViT: 0.298 D_real_ViT: 0.261 D_fake_ViT: 0.241 global: 0.351 spatial: 0.069 
(epoch: 56, iters: 2200, time: 0.486, data: 0.001) G_GAN_ViT: 0.275 D_real_ViT: 0.132 D_fake_ViT: 0.257 global: 0.403 spatial: 0.078 
(epoch: 56, iters: 2300, time: 0.486, data: 0.001) G_GAN_ViT: 0.425 D_real_ViT: 0.157 D_fake_ViT: 0.164 global: 0.642 spatial: 0.150 
(epoch: 56, iters: 2400, time: 0.486, data: 0.001) G_GAN_ViT: 0.302 D_real_ViT: 0.277 D_fake_ViT: 0.240 global: 0.321 spatial: 0.080 
(epoch: 56, iters: 2500, time: 0.486, data: 0.001) G_GAN_ViT: 0.350 D_real_ViT: 0.307 D_fake_ViT: 0.191 global: 0.418 spatial: 0.088 
(epoch: 56, iters: 2600, time: 0.485, data: 0.001) G_GAN_ViT: 0.286 D_real_ViT: 0.225 D_fake_ViT: 0.247 global: 0.480 spatial: 0.118 
(epoch: 56, iters: 2700, time: 0.485, data: 0.001) G_GAN_ViT: 0.478 D_real_ViT: 0.208 D_fake_ViT: 0.135 global: 0.305 spatial: 0.077 
(epoch: 56, iters: 2800, time: 0.485, data: 0.002) G_GAN_ViT: 0.329 D_real_ViT: 0.267 D_fake_ViT: 0.216 global: 0.424 spatial: 0.117 
(epoch: 56, iters: 2900, time: 0.485, data: 0.001) G_GAN_ViT: 0.334 D_real_ViT: 0.127 D_fake_ViT: 0.235 global: 0.456 spatial: 0.109 
(epoch: 56, iters: 3000, time: 0.485, data: 0.001) G_GAN_ViT: 0.355 D_real_ViT: 0.243 D_fake_ViT: 0.200 global: 0.474 spatial: 0.121 
(epoch: 56, iters: 3100, time: 0.485, data: 0.001) G_GAN_ViT: 0.369 D_real_ViT: 0.257 D_fake_ViT: 0.185 global: 0.393 spatial: 0.099 
(epoch: 56, iters: 3200, time: 0.485, data: 0.001) G_GAN_ViT: 0.270 D_real_ViT: 0.235 D_fake_ViT: 0.262 global: 0.323 spatial: 0.082 
(epoch: 56, iters: 3300, time: 0.485, data: 0.001) G_GAN_ViT: 0.316 D_real_ViT: 0.232 D_fake_ViT: 0.226 global: 0.301 spatial: 0.084 
(epoch: 56, iters: 3400, time: 0.485, data: 0.001) G_GAN_ViT: 0.409 D_real_ViT: 0.240 D_fake_ViT: 0.167 global: 0.440 spatial: 0.119 
(epoch: 56, iters: 3500, time: 0.485, data: 0.001) G_GAN_ViT: 0.368 D_real_ViT: 0.171 D_fake_ViT: 0.193 global: 0.357 spatial: 0.074 
(epoch: 56, iters: 3600, time: 0.486, data: 0.001) G_GAN_ViT: 0.224 D_real_ViT: 0.223 D_fake_ViT: 0.320 global: 0.557 spatial: 0.124 
(epoch: 56, iters: 3700, time: 0.485, data: 0.001) G_GAN_ViT: 0.385 D_real_ViT: 0.230 D_fake_ViT: 0.185 global: 0.485 spatial: 0.121 
(epoch: 56, iters: 3800, time: 0.485, data: 0.001) G_GAN_ViT: 0.299 D_real_ViT: 0.189 D_fake_ViT: 0.235 global: 0.343 spatial: 0.100 
(epoch: 56, iters: 3900, time: 0.485, data: 0.001) G_GAN_ViT: 0.273 D_real_ViT: 0.235 D_fake_ViT: 0.268 global: 0.542 spatial: 0.126 
(epoch: 56, iters: 4000, time: 0.485, data: 0.001) G_GAN_ViT: 0.254 D_real_ViT: 0.241 D_fake_ViT: 0.278 global: 0.308 spatial: 0.073 
(epoch: 56, iters: 4100, time: 0.485, data: 0.001) G_GAN_ViT: 0.381 D_real_ViT: 0.215 D_fake_ViT: 0.187 global: 0.512 spatial: 0.117 
(epoch: 56, iters: 4200, time: 0.486, data: 0.001) G_GAN_ViT: 0.225 D_real_ViT: 0.215 D_fake_ViT: 0.341 global: 0.519 spatial: 0.162 
(epoch: 56, iters: 4300, time: 0.486, data: 0.001) G_GAN_ViT: 0.320 D_real_ViT: 0.286 D_fake_ViT: 0.227 global: 0.446 spatial: 0.124 
(epoch: 56, iters: 4400, time: 0.486, data: 0.001) G_GAN_ViT: 0.313 D_real_ViT: 0.258 D_fake_ViT: 0.232 global: 0.352 spatial: 0.088 
(epoch: 56, iters: 4500, time: 0.486, data: 0.001) G_GAN_ViT: 0.360 D_real_ViT: 0.139 D_fake_ViT: 0.187 global: 0.388 spatial: 0.091 
(epoch: 56, iters: 4600, time: 0.486, data: 0.001) G_GAN_ViT: 0.263 D_real_ViT: 0.453 D_fake_ViT: 0.265 global: 0.377 spatial: 0.083 
(epoch: 56, iters: 4700, time: 0.486, data: 0.001) G_GAN_ViT: 0.316 D_real_ViT: 0.316 D_fake_ViT: 0.250 global: 0.440 spatial: 0.105 
(epoch: 56, iters: 4800, time: 0.486, data: 0.001) G_GAN_ViT: 0.324 D_real_ViT: 0.246 D_fake_ViT: 0.223 global: 0.338 spatial: 0.087 
(epoch: 56, iters: 4900, time: 0.486, data: 0.001) G_GAN_ViT: 0.185 D_real_ViT: 0.281 D_fake_ViT: 0.362 global: 0.318 spatial: 0.083 
(epoch: 56, iters: 5000, time: 0.486, data: 0.001) G_GAN_ViT: 0.363 D_real_ViT: 0.255 D_fake_ViT: 0.188 global: 0.313 spatial: 0.073 
End of epoch 56 / 100 	 Time Taken: 2474 sec
learning rate = 0.0000086
(epoch: 57, iters: 20, time: 0.486, data: 0.001) G_GAN_ViT: 0.444 D_real_ViT: 0.191 D_fake_ViT: 0.145 global: 0.325 spatial: 0.076 
(epoch: 57, iters: 120, time: 0.486, data: 0.001) G_GAN_ViT: 0.271 D_real_ViT: 0.132 D_fake_ViT: 0.258 global: 0.470 spatial: 0.119 
(epoch: 57, iters: 220, time: 0.485, data: 0.001) G_GAN_ViT: 0.434 D_real_ViT: 0.276 D_fake_ViT: 0.150 global: 0.322 spatial: 0.080 
(epoch: 57, iters: 320, time: 0.486, data: 0.001) G_GAN_ViT: 0.248 D_real_ViT: 0.238 D_fake_ViT: 0.278 global: 0.292 spatial: 0.069 
(epoch: 57, iters: 420, time: 0.486, data: 0.001) G_GAN_ViT: 0.371 D_real_ViT: 0.209 D_fake_ViT: 0.185 global: 0.323 spatial: 0.092 
(epoch: 57, iters: 520, time: 0.485, data: 0.002) G_GAN_ViT: 0.455 D_real_ViT: 0.274 D_fake_ViT: 0.150 global: 0.581 spatial: 0.156 
saving the latest model (epoch 57, total_iters 285000)
IRVI_single_monitor
(epoch: 57, iters: 620, time: 0.485, data: 0.001) G_GAN_ViT: 0.432 D_real_ViT: 0.208 D_fake_ViT: 0.147 global: 0.419 spatial: 0.113 
(epoch: 57, iters: 720, time: 0.485, data: 0.001) G_GAN_ViT: 0.242 D_real_ViT: 0.181 D_fake_ViT: 0.292 global: 0.274 spatial: 0.083 
(epoch: 57, iters: 820, time: 0.485, data: 0.001) G_GAN_ViT: 0.277 D_real_ViT: 0.283 D_fake_ViT: 0.256 global: 0.479 spatial: 0.117 
(epoch: 57, iters: 920, time: 0.485, data: 0.001) G_GAN_ViT: 0.313 D_real_ViT: 0.191 D_fake_ViT: 0.257 global: 0.455 spatial: 0.109 
(epoch: 57, iters: 1020, time: 0.486, data: 0.001) G_GAN_ViT: 0.229 D_real_ViT: 0.188 D_fake_ViT: 0.307 global: 0.293 spatial: 0.081 
(epoch: 57, iters: 1120, time: 0.486, data: 0.001) G_GAN_ViT: 0.478 D_real_ViT: 0.045 D_fake_ViT: 0.144 global: 0.561 spatial: 0.132 
(epoch: 57, iters: 1220, time: 0.486, data: 0.001) G_GAN_ViT: 0.253 D_real_ViT: 0.241 D_fake_ViT: 0.275 global: 0.302 spatial: 0.073 
(epoch: 57, iters: 1320, time: 0.486, data: 0.001) G_GAN_ViT: 0.478 D_real_ViT: 0.247 D_fake_ViT: 0.130 global: 0.344 spatial: 0.084 
(epoch: 57, iters: 1420, time: 0.485, data: 0.001) G_GAN_ViT: 0.320 D_real_ViT: 0.265 D_fake_ViT: 0.223 global: 0.295 spatial: 0.077 
(epoch: 57, iters: 1520, time: 0.485, data: 0.001) G_GAN_ViT: 0.457 D_real_ViT: 0.065 D_fake_ViT: 0.143 global: 0.411 spatial: 0.103 
(epoch: 57, iters: 1620, time: 0.485, data: 0.001) G_GAN_ViT: 0.372 D_real_ViT: 0.234 D_fake_ViT: 0.189 global: 0.458 spatial: 0.111 
(epoch: 57, iters: 1720, time: 0.485, data: 0.001) G_GAN_ViT: 0.411 D_real_ViT: 0.249 D_fake_ViT: 0.161 global: 0.457 spatial: 0.104 
(epoch: 57, iters: 1820, time: 0.485, data: 0.001) G_GAN_ViT: 0.374 D_real_ViT: 0.177 D_fake_ViT: 0.182 global: 0.447 spatial: 0.098 
(epoch: 57, iters: 1920, time: 0.485, data: 0.001) G_GAN_ViT: 0.375 D_real_ViT: 0.328 D_fake_ViT: 0.194 global: 0.591 spatial: 0.162 
(epoch: 57, iters: 2020, time: 0.486, data: 0.001) G_GAN_ViT: 0.388 D_real_ViT: 0.268 D_fake_ViT: 0.188 global: 0.543 spatial: 0.128 
(epoch: 57, iters: 2120, time: 0.486, data: 0.001) G_GAN_ViT: 0.307 D_real_ViT: 0.296 D_fake_ViT: 0.224 global: 0.384 spatial: 0.089 
(epoch: 57, iters: 2220, time: 0.486, data: 0.002) G_GAN_ViT: 0.280 D_real_ViT: 0.337 D_fake_ViT: 0.259 global: 0.326 spatial: 0.088 
(epoch: 57, iters: 2320, time: 0.486, data: 0.001) G_GAN_ViT: 0.396 D_real_ViT: 0.254 D_fake_ViT: 0.174 global: 0.426 spatial: 0.117 
(epoch: 57, iters: 2420, time: 0.486, data: 0.001) G_GAN_ViT: 0.369 D_real_ViT: 0.184 D_fake_ViT: 0.183 global: 0.349 spatial: 0.086 
(epoch: 57, iters: 2520, time: 0.486, data: 0.002) G_GAN_ViT: 0.352 D_real_ViT: 0.426 D_fake_ViT: 0.202 global: 0.429 spatial: 0.120 
(epoch: 57, iters: 2620, time: 0.486, data: 0.002) G_GAN_ViT: 0.360 D_real_ViT: 0.250 D_fake_ViT: 0.184 global: 0.455 spatial: 0.099 
(epoch: 57, iters: 2720, time: 0.486, data: 0.001) G_GAN_ViT: 0.160 D_real_ViT: 0.247 D_fake_ViT: 0.404 global: 0.314 spatial: 0.091 
(epoch: 57, iters: 2820, time: 0.486, data: 0.001) G_GAN_ViT: 0.261 D_real_ViT: 0.288 D_fake_ViT: 0.255 global: 0.367 spatial: 0.099 
(epoch: 57, iters: 2920, time: 0.486, data: 0.001) G_GAN_ViT: 0.296 D_real_ViT: 0.208 D_fake_ViT: 0.236 global: 0.443 spatial: 0.114 
(epoch: 57, iters: 3020, time: 0.486, data: 0.001) G_GAN_ViT: 0.470 D_real_ViT: 0.206 D_fake_ViT: 0.138 global: 0.313 spatial: 0.085 
(epoch: 57, iters: 3120, time: 0.486, data: 0.001) G_GAN_ViT: 0.335 D_real_ViT: 0.294 D_fake_ViT: 0.202 global: 0.378 spatial: 0.099 
(epoch: 57, iters: 3220, time: 0.486, data: 0.001) G_GAN_ViT: 0.353 D_real_ViT: 0.317 D_fake_ViT: 0.198 global: 0.330 spatial: 0.078 
(epoch: 57, iters: 3320, time: 0.486, data: 0.001) G_GAN_ViT: 0.421 D_real_ViT: 0.246 D_fake_ViT: 0.163 global: 0.629 spatial: 0.152 
(epoch: 57, iters: 3420, time: 0.486, data: 0.002) G_GAN_ViT: 0.217 D_real_ViT: 0.229 D_fake_ViT: 0.314 global: 0.350 spatial: 0.097 
(epoch: 57, iters: 3520, time: 0.486, data: 0.001) G_GAN_ViT: 0.276 D_real_ViT: 0.038 D_fake_ViT: 0.260 global: 0.458 spatial: 0.114 
(epoch: 57, iters: 3620, time: 0.486, data: 0.001) G_GAN_ViT: 0.278 D_real_ViT: 0.266 D_fake_ViT: 0.261 global: 0.305 spatial: 0.072 
(epoch: 57, iters: 3720, time: 0.485, data: 0.001) G_GAN_ViT: 0.315 D_real_ViT: 0.249 D_fake_ViT: 0.220 global: 0.419 spatial: 0.108 
(epoch: 57, iters: 3820, time: 0.486, data: 0.001) G_GAN_ViT: 0.333 D_real_ViT: 0.282 D_fake_ViT: 0.223 global: 0.482 spatial: 0.112 
(epoch: 57, iters: 3920, time: 0.485, data: 0.001) G_GAN_ViT: 0.401 D_real_ViT: 0.221 D_fake_ViT: 0.172 global: 0.459 spatial: 0.118 
(epoch: 57, iters: 4020, time: 0.486, data: 0.001) G_GAN_ViT: 0.318 D_real_ViT: 0.201 D_fake_ViT: 0.232 global: 0.344 spatial: 0.099 
(epoch: 57, iters: 4120, time: 0.486, data: 0.001) G_GAN_ViT: 0.627 D_real_ViT: 0.290 D_fake_ViT: 0.086 global: 0.632 spatial: 0.170 
(epoch: 57, iters: 4220, time: 0.486, data: 0.001) G_GAN_ViT: 0.316 D_real_ViT: 0.141 D_fake_ViT: 0.218 global: 0.370 spatial: 0.100 
(epoch: 57, iters: 4320, time: 0.486, data: 0.001) G_GAN_ViT: 0.352 D_real_ViT: 0.138 D_fake_ViT: 0.207 global: 0.464 spatial: 0.118 
(epoch: 57, iters: 4420, time: 0.485, data: 0.001) G_GAN_ViT: 0.646 D_real_ViT: 0.130 D_fake_ViT: 0.092 global: 0.593 spatial: 0.131 
(epoch: 57, iters: 4520, time: 0.485, data: 0.001) G_GAN_ViT: 0.323 D_real_ViT: 0.231 D_fake_ViT: 0.219 global: 0.384 spatial: 0.107 
(epoch: 57, iters: 4620, time: 0.485, data: 0.002) G_GAN_ViT: 0.442 D_real_ViT: 0.342 D_fake_ViT: 0.151 global: 0.485 spatial: 0.125 
(epoch: 57, iters: 4720, time: 0.485, data: 0.002) G_GAN_ViT: 0.213 D_real_ViT: 0.141 D_fake_ViT: 0.332 global: 0.481 spatial: 0.129 
(epoch: 57, iters: 4820, time: 0.486, data: 0.001) G_GAN_ViT: 0.329 D_real_ViT: 0.216 D_fake_ViT: 0.227 global: 0.455 spatial: 0.131 
(epoch: 57, iters: 4920, time: 0.486, data: 0.001) G_GAN_ViT: 0.332 D_real_ViT: 0.205 D_fake_ViT: 0.207 global: 0.389 spatial: 0.095 
(epoch: 57, iters: 5020, time: 0.486, data: 0.001) G_GAN_ViT: 0.326 D_real_ViT: 0.224 D_fake_ViT: 0.224 global: 0.473 spatial: 0.084 
End of epoch 57 / 100 	 Time Taken: 2475 sec
learning rate = 0.0000084
(epoch: 58, iters: 40, time: 0.486, data: 0.001) G_GAN_ViT: 0.433 D_real_ViT: 0.240 D_fake_ViT: 0.160 global: 0.594 spatial: 0.156 
(epoch: 58, iters: 140, time: 0.484, data: 0.002) G_GAN_ViT: 0.248 D_real_ViT: 0.292 D_fake_ViT: 0.277 global: 0.285 spatial: 0.062 
(epoch: 58, iters: 240, time: 0.485, data: 0.001) G_GAN_ViT: 0.295 D_real_ViT: 0.232 D_fake_ViT: 0.240 global: 0.332 spatial: 0.079 
(epoch: 58, iters: 340, time: 0.485, data: 0.001) G_GAN_ViT: 0.262 D_real_ViT: 0.153 D_fake_ViT: 0.279 global: 0.500 spatial: 0.100 
(epoch: 58, iters: 440, time: 0.485, data: 0.001) G_GAN_ViT: 0.337 D_real_ViT: 0.275 D_fake_ViT: 0.197 global: 0.326 spatial: 0.091 
saving the latest model (epoch 58, total_iters 290000)
IRVI_single_monitor
(epoch: 58, iters: 540, time: 0.485, data: 0.002) G_GAN_ViT: 0.267 D_real_ViT: 0.245 D_fake_ViT: 0.262 global: 0.409 spatial: 0.079 
(epoch: 58, iters: 640, time: 0.485, data: 0.001) G_GAN_ViT: 0.217 D_real_ViT: 0.274 D_fake_ViT: 0.316 global: 0.341 spatial: 0.091 
(epoch: 58, iters: 740, time: 0.485, data: 0.001) G_GAN_ViT: 0.349 D_real_ViT: 0.202 D_fake_ViT: 0.190 global: 0.364 spatial: 0.089 
(epoch: 58, iters: 840, time: 0.485, data: 0.001) G_GAN_ViT: 0.314 D_real_ViT: 0.271 D_fake_ViT: 0.245 global: 0.432 spatial: 0.110 
(epoch: 58, iters: 940, time: 0.486, data: 0.001) G_GAN_ViT: 0.295 D_real_ViT: 0.154 D_fake_ViT: 0.244 global: 0.274 spatial: 0.086 
(epoch: 58, iters: 1040, time: 0.486, data: 0.001) G_GAN_ViT: 0.380 D_real_ViT: 0.246 D_fake_ViT: 0.175 global: 0.353 spatial: 0.084 
(epoch: 58, iters: 1140, time: 0.486, data: 0.001) G_GAN_ViT: 0.205 D_real_ViT: 0.324 D_fake_ViT: 0.340 global: 0.387 spatial: 0.111 
(epoch: 58, iters: 1240, time: 0.486, data: 0.001) G_GAN_ViT: 0.399 D_real_ViT: 0.168 D_fake_ViT: 0.160 global: 0.345 spatial: 0.090 
(epoch: 58, iters: 1340, time: 0.486, data: 0.001) G_GAN_ViT: 0.616 D_real_ViT: 0.189 D_fake_ViT: 0.107 global: 0.488 spatial: 0.127 
(epoch: 58, iters: 1440, time: 0.486, data: 0.002) G_GAN_ViT: 0.536 D_real_ViT: 0.255 D_fake_ViT: 0.113 global: 0.561 spatial: 0.152 
(epoch: 58, iters: 1540, time: 0.486, data: 0.001) G_GAN_ViT: 0.392 D_real_ViT: 0.265 D_fake_ViT: 0.164 global: 0.447 spatial: 0.093 
(epoch: 58, iters: 1640, time: 0.486, data: 0.001) G_GAN_ViT: 0.375 D_real_ViT: 0.211 D_fake_ViT: 0.202 global: 0.435 spatial: 0.114 
(epoch: 58, iters: 1740, time: 0.486, data: 0.001) G_GAN_ViT: 0.473 D_real_ViT: 0.214 D_fake_ViT: 0.128 global: 0.478 spatial: 0.120 
(epoch: 58, iters: 1840, time: 0.486, data: 0.001) G_GAN_ViT: 0.338 D_real_ViT: 0.238 D_fake_ViT: 0.206 global: 0.409 spatial: 0.107 
(epoch: 58, iters: 1940, time: 0.486, data: 0.001) G_GAN_ViT: 0.217 D_real_ViT: 0.278 D_fake_ViT: 0.325 global: 0.453 spatial: 0.111 
(epoch: 58, iters: 2040, time: 0.486, data: 0.001) G_GAN_ViT: 0.363 D_real_ViT: 0.233 D_fake_ViT: 0.195 global: 0.569 spatial: 0.116 
(epoch: 58, iters: 2140, time: 0.486, data: 0.001) G_GAN_ViT: 0.399 D_real_ViT: 0.286 D_fake_ViT: 0.176 global: 0.648 spatial: 0.157 
(epoch: 58, iters: 2240, time: 0.486, data: 0.001) G_GAN_ViT: 0.294 D_real_ViT: 0.264 D_fake_ViT: 0.239 global: 0.289 spatial: 0.072 
(epoch: 58, iters: 2340, time: 0.486, data: 0.002) G_GAN_ViT: 0.271 D_real_ViT: 0.274 D_fake_ViT: 0.266 global: 0.492 spatial: 0.127 
(epoch: 58, iters: 2440, time: 0.486, data: 0.001) G_GAN_ViT: 0.263 D_real_ViT: 0.213 D_fake_ViT: 0.258 global: 0.275 spatial: 0.069 
(epoch: 58, iters: 2540, time: 0.486, data: 0.001) G_GAN_ViT: 0.210 D_real_ViT: 0.035 D_fake_ViT: 0.332 global: 0.358 spatial: 0.093 
(epoch: 58, iters: 2640, time: 0.486, data: 0.001) G_GAN_ViT: 0.322 D_real_ViT: 0.195 D_fake_ViT: 0.214 global: 0.329 spatial: 0.075 
(epoch: 58, iters: 2740, time: 0.486, data: 0.002) G_GAN_ViT: 0.470 D_real_ViT: 0.246 D_fake_ViT: 0.138 global: 0.556 spatial: 0.130 
(epoch: 58, iters: 2840, time: 0.486, data: 0.001) G_GAN_ViT: 0.284 D_real_ViT: 0.256 D_fake_ViT: 0.248 global: 0.268 spatial: 0.059 
(epoch: 58, iters: 2940, time: 0.486, data: 0.001) G_GAN_ViT: 0.266 D_real_ViT: 0.200 D_fake_ViT: 0.276 global: 0.361 spatial: 0.083 
(epoch: 58, iters: 3040, time: 0.486, data: 0.001) G_GAN_ViT: 0.295 D_real_ViT: 0.277 D_fake_ViT: 0.231 global: 0.301 spatial: 0.074 
(epoch: 58, iters: 3140, time: 0.486, data: 0.002) G_GAN_ViT: 0.289 D_real_ViT: 0.231 D_fake_ViT: 0.244 global: 0.344 spatial: 0.073 
(epoch: 58, iters: 3240, time: 0.486, data: 0.001) G_GAN_ViT: 0.333 D_real_ViT: 0.325 D_fake_ViT: 0.201 global: 0.443 spatial: 0.106 
(epoch: 58, iters: 3340, time: 0.486, data: 0.001) G_GAN_ViT: 0.250 D_real_ViT: 0.221 D_fake_ViT: 0.272 global: 0.366 spatial: 0.097 
(epoch: 58, iters: 3440, time: 0.486, data: 0.001) G_GAN_ViT: 0.311 D_real_ViT: 0.409 D_fake_ViT: 0.222 global: 0.383 spatial: 0.088 
(epoch: 58, iters: 3540, time: 0.486, data: 0.001) G_GAN_ViT: 0.215 D_real_ViT: 0.257 D_fake_ViT: 0.324 global: 0.315 spatial: 0.090 
(epoch: 58, iters: 3640, time: 0.486, data: 0.001) G_GAN_ViT: 0.323 D_real_ViT: 0.230 D_fake_ViT: 0.211 global: 0.393 spatial: 0.085 
(epoch: 58, iters: 3740, time: 0.486, data: 0.001) G_GAN_ViT: 0.247 D_real_ViT: 0.178 D_fake_ViT: 0.289 global: 0.267 spatial: 0.072 
(epoch: 58, iters: 3840, time: 0.485, data: 0.001) G_GAN_ViT: 0.300 D_real_ViT: 0.217 D_fake_ViT: 0.227 global: 0.472 spatial: 0.117 
(epoch: 58, iters: 3940, time: 0.486, data: 0.001) G_GAN_ViT: 0.734 D_real_ViT: 0.302 D_fake_ViT: 0.061 global: 0.616 spatial: 0.170 
(epoch: 58, iters: 4040, time: 0.486, data: 0.001) G_GAN_ViT: 0.253 D_real_ViT: 0.255 D_fake_ViT: 0.278 global: 0.287 spatial: 0.078 
(epoch: 58, iters: 4140, time: 0.486, data: 0.001) G_GAN_ViT: 0.335 D_real_ViT: 0.248 D_fake_ViT: 0.201 global: 0.398 spatial: 0.091 
(epoch: 58, iters: 4240, time: 0.486, data: 0.001) G_GAN_ViT: 0.280 D_real_ViT: 0.183 D_fake_ViT: 0.259 global: 0.336 spatial: 0.078 
(epoch: 58, iters: 4340, time: 0.486, data: 0.001) G_GAN_ViT: 0.453 D_real_ViT: 0.294 D_fake_ViT: 0.144 global: 0.592 spatial: 0.126 
(epoch: 58, iters: 4440, time: 0.486, data: 0.001) G_GAN_ViT: 0.381 D_real_ViT: 0.202 D_fake_ViT: 0.177 global: 0.358 spatial: 0.082 
(epoch: 58, iters: 4540, time: 0.486, data: 0.001) G_GAN_ViT: 0.373 D_real_ViT: 0.225 D_fake_ViT: 0.185 global: 0.564 spatial: 0.110 
(epoch: 58, iters: 4640, time: 0.486, data: 0.001) G_GAN_ViT: 0.309 D_real_ViT: 0.147 D_fake_ViT: 0.228 global: 0.396 spatial: 0.098 
(epoch: 58, iters: 4740, time: 0.486, data: 0.001) G_GAN_ViT: 0.370 D_real_ViT: 0.281 D_fake_ViT: 0.192 global: 0.405 spatial: 0.111 
(epoch: 58, iters: 4840, time: 0.486, data: 0.001) G_GAN_ViT: 0.253 D_real_ViT: 0.181 D_fake_ViT: 0.289 global: 0.279 spatial: 0.060 
(epoch: 58, iters: 4940, time: 0.486, data: 0.001) G_GAN_ViT: 0.340 D_real_ViT: 0.111 D_fake_ViT: 0.203 global: 0.319 spatial: 0.105 
(epoch: 58, iters: 5040, time: 0.486, data: 0.001) G_GAN_ViT: 0.255 D_real_ViT: 0.271 D_fake_ViT: 0.274 global: 0.359 spatial: 0.101 
End of epoch 58 / 100 	 Time Taken: 2476 sec
learning rate = 0.0000082
(epoch: 59, iters: 60, time: 0.486, data: 0.001) G_GAN_ViT: 0.537 D_real_ViT: 0.276 D_fake_ViT: 0.119 global: 0.618 spatial: 0.150 
(epoch: 59, iters: 160, time: 0.487, data: 0.001) G_GAN_ViT: 0.307 D_real_ViT: 0.266 D_fake_ViT: 0.230 global: 0.426 spatial: 0.113 
(epoch: 59, iters: 260, time: 0.486, data: 0.001) G_GAN_ViT: 0.229 D_real_ViT: 0.390 D_fake_ViT: 0.300 global: 0.445 spatial: 0.113 
(epoch: 59, iters: 360, time: 0.486, data: 0.001) G_GAN_ViT: 0.348 D_real_ViT: 0.265 D_fake_ViT: 0.202 global: 0.305 spatial: 0.079 
saving the latest model (epoch 59, total_iters 295000)
IRVI_single_monitor
(epoch: 59, iters: 460, time: 0.486, data: 0.001) G_GAN_ViT: 0.410 D_real_ViT: 0.259 D_fake_ViT: 0.174 global: 0.533 spatial: 0.155 
(epoch: 59, iters: 560, time: 0.486, data: 0.001) G_GAN_ViT: 0.364 D_real_ViT: 0.157 D_fake_ViT: 0.195 global: 0.427 spatial: 0.107 
(epoch: 59, iters: 660, time: 0.486, data: 0.002) G_GAN_ViT: 0.347 D_real_ViT: 0.240 D_fake_ViT: 0.205 global: 0.543 spatial: 0.147 
(epoch: 59, iters: 760, time: 0.486, data: 0.001) G_GAN_ViT: 0.200 D_real_ViT: 0.290 D_fake_ViT: 0.360 global: 0.346 spatial: 0.078 
(epoch: 59, iters: 860, time: 0.486, data: 0.001) G_GAN_ViT: 0.258 D_real_ViT: 0.257 D_fake_ViT: 0.302 global: 0.322 spatial: 0.066 
(epoch: 59, iters: 960, time: 0.486, data: 0.001) G_GAN_ViT: 0.325 D_real_ViT: 0.159 D_fake_ViT: 0.218 global: 0.314 spatial: 0.093 
(epoch: 59, iters: 1060, time: 0.486, data: 0.001) G_GAN_ViT: 0.413 D_real_ViT: 0.525 D_fake_ViT: 0.174 global: 0.536 spatial: 0.158 
(epoch: 59, iters: 1160, time: 0.486, data: 0.001) G_GAN_ViT: 0.340 D_real_ViT: 0.212 D_fake_ViT: 0.219 global: 0.307 spatial: 0.076 
(epoch: 59, iters: 1260, time: 0.486, data: 0.001) G_GAN_ViT: 0.457 D_real_ViT: 0.254 D_fake_ViT: 0.138 global: 0.299 spatial: 0.092 
(epoch: 59, iters: 1360, time: 0.486, data: 0.001) G_GAN_ViT: 0.453 D_real_ViT: 0.240 D_fake_ViT: 0.149 global: 0.516 spatial: 0.141 
(epoch: 59, iters: 1460, time: 0.486, data: 0.001) G_GAN_ViT: 0.295 D_real_ViT: 0.180 D_fake_ViT: 0.236 global: 0.291 spatial: 0.072 
(epoch: 59, iters: 1560, time: 0.486, data: 0.001) G_GAN_ViT: 0.358 D_real_ViT: 0.191 D_fake_ViT: 0.189 global: 0.330 spatial: 0.094 
(epoch: 59, iters: 1660, time: 0.486, data: 0.001) G_GAN_ViT: 0.263 D_real_ViT: 0.040 D_fake_ViT: 0.272 global: 0.474 spatial: 0.124 
(epoch: 59, iters: 1760, time: 0.486, data: 0.001) G_GAN_ViT: 0.394 D_real_ViT: 0.178 D_fake_ViT: 0.193 global: 0.445 spatial: 0.112 
(epoch: 59, iters: 1860, time: 0.486, data: 0.001) G_GAN_ViT: 0.336 D_real_ViT: 0.198 D_fake_ViT: 0.208 global: 0.434 spatial: 0.110 
(epoch: 59, iters: 1960, time: 0.486, data: 0.001) G_GAN_ViT: 0.359 D_real_ViT: 0.260 D_fake_ViT: 0.186 global: 0.372 spatial: 0.077 
(epoch: 59, iters: 2060, time: 0.486, data: 0.001) G_GAN_ViT: 0.314 D_real_ViT: 0.228 D_fake_ViT: 0.245 global: 0.542 spatial: 0.162 
(epoch: 59, iters: 2160, time: 0.486, data: 0.001) G_GAN_ViT: 0.381 D_real_ViT: 0.249 D_fake_ViT: 0.184 global: 0.591 spatial: 0.148 
(epoch: 59, iters: 2260, time: 0.486, data: 0.002) G_GAN_ViT: 0.356 D_real_ViT: 0.276 D_fake_ViT: 0.214 global: 0.540 spatial: 0.158 
(epoch: 59, iters: 2360, time: 0.486, data: 0.001) G_GAN_ViT: 0.264 D_real_ViT: 0.243 D_fake_ViT: 0.260 global: 0.299 spatial: 0.082 
(epoch: 59, iters: 2460, time: 0.486, data: 0.001) G_GAN_ViT: 0.362 D_real_ViT: 0.285 D_fake_ViT: 0.187 global: 0.406 spatial: 0.110 
(epoch: 59, iters: 2560, time: 0.486, data: 0.001) G_GAN_ViT: 0.289 D_real_ViT: 0.146 D_fake_ViT: 0.252 global: 0.581 spatial: 0.108 
(epoch: 59, iters: 2660, time: 0.486, data: 0.001) G_GAN_ViT: 0.388 D_real_ViT: 0.231 D_fake_ViT: 0.192 global: 0.318 spatial: 0.077 
(epoch: 59, iters: 2760, time: 0.486, data: 0.001) G_GAN_ViT: 0.204 D_real_ViT: 0.199 D_fake_ViT: 0.337 global: 0.328 spatial: 0.090 
(epoch: 59, iters: 2860, time: 0.486, data: 0.001) G_GAN_ViT: 0.247 D_real_ViT: 0.339 D_fake_ViT: 0.296 global: 0.463 spatial: 0.128 
(epoch: 59, iters: 2960, time: 0.486, data: 0.001) G_GAN_ViT: 0.605 D_real_ViT: 0.244 D_fake_ViT: 0.088 global: 0.593 spatial: 0.161 
(epoch: 59, iters: 3060, time: 0.486, data: 0.001) G_GAN_ViT: 0.359 D_real_ViT: 0.243 D_fake_ViT: 0.201 global: 0.285 spatial: 0.089 
(epoch: 59, iters: 3160, time: 0.486, data: 0.001) G_GAN_ViT: 0.191 D_real_ViT: 0.312 D_fake_ViT: 0.347 global: 0.352 spatial: 0.089 
(epoch: 59, iters: 3260, time: 0.486, data: 0.001) G_GAN_ViT: 0.330 D_real_ViT: 0.289 D_fake_ViT: 0.208 global: 0.473 spatial: 0.088 
(epoch: 59, iters: 3360, time: 0.486, data: 0.002) G_GAN_ViT: 0.382 D_real_ViT: 0.184 D_fake_ViT: 0.171 global: 0.390 spatial: 0.087 
(epoch: 59, iters: 3460, time: 0.486, data: 0.001) G_GAN_ViT: 0.308 D_real_ViT: 0.167 D_fake_ViT: 0.233 global: 0.358 spatial: 0.093 
(epoch: 59, iters: 3560, time: 0.487, data: 0.002) G_GAN_ViT: 0.322 D_real_ViT: 0.252 D_fake_ViT: 0.217 global: 0.421 spatial: 0.094 
(epoch: 59, iters: 3660, time: 0.486, data: 0.001) G_GAN_ViT: 0.326 D_real_ViT: 0.253 D_fake_ViT: 0.207 global: 0.477 spatial: 0.114 
(epoch: 59, iters: 3760, time: 0.486, data: 0.001) G_GAN_ViT: 0.253 D_real_ViT: 0.259 D_fake_ViT: 0.271 global: 0.352 spatial: 0.087 
(epoch: 59, iters: 3860, time: 0.486, data: 0.001) G_GAN_ViT: 0.361 D_real_ViT: 0.226 D_fake_ViT: 0.190 global: 0.471 spatial: 0.090 
(epoch: 59, iters: 3960, time: 0.486, data: 0.001) G_GAN_ViT: 0.268 D_real_ViT: 0.263 D_fake_ViT: 0.265 global: 0.469 spatial: 0.110 
(epoch: 59, iters: 4060, time: 0.486, data: 0.001) G_GAN_ViT: 0.288 D_real_ViT: 0.301 D_fake_ViT: 0.237 global: 0.360 spatial: 0.082 
(epoch: 59, iters: 4160, time: 0.486, data: 0.001) G_GAN_ViT: 0.283 D_real_ViT: 0.307 D_fake_ViT: 0.250 global: 0.464 spatial: 0.117 
(epoch: 59, iters: 4260, time: 0.485, data: 0.001) G_GAN_ViT: 0.335 D_real_ViT: 0.284 D_fake_ViT: 0.217 global: 0.576 spatial: 0.107 
(epoch: 59, iters: 4360, time: 0.486, data: 0.001) G_GAN_ViT: 0.315 D_real_ViT: 0.315 D_fake_ViT: 0.226 global: 0.350 spatial: 0.093 
(epoch: 59, iters: 4460, time: 0.486, data: 0.001) G_GAN_ViT: 0.362 D_real_ViT: 0.234 D_fake_ViT: 0.186 global: 0.510 spatial: 0.097 
(epoch: 59, iters: 4560, time: 0.486, data: 0.001) G_GAN_ViT: 0.222 D_real_ViT: 0.263 D_fake_ViT: 0.303 global: 0.341 spatial: 0.087 
(epoch: 59, iters: 4660, time: 0.486, data: 0.001) G_GAN_ViT: 0.323 D_real_ViT: 0.155 D_fake_ViT: 0.222 global: 0.398 spatial: 0.111 
(epoch: 59, iters: 4760, time: 0.486, data: 0.001) G_GAN_ViT: 0.368 D_real_ViT: 0.303 D_fake_ViT: 0.174 global: 0.366 spatial: 0.081 
(epoch: 59, iters: 4860, time: 0.486, data: 0.001) G_GAN_ViT: 0.227 D_real_ViT: 0.155 D_fake_ViT: 0.307 global: 0.462 spatial: 0.111 
(epoch: 59, iters: 4960, time: 0.486, data: 0.001) G_GAN_ViT: 0.386 D_real_ViT: 0.281 D_fake_ViT: 0.179 global: 0.296 spatial: 0.090 
(epoch: 59, iters: 5060, time: 0.486, data: 0.001) G_GAN_ViT: 0.327 D_real_ViT: 0.270 D_fake_ViT: 0.217 global: 0.331 spatial: 0.076 
End of epoch 59 / 100 	 Time Taken: 2477 sec
learning rate = 0.0000080
(epoch: 60, iters: 80, time: 0.486, data: 0.001) G_GAN_ViT: 0.373 D_real_ViT: 0.299 D_fake_ViT: 0.195 global: 0.503 spatial: 0.143 
(epoch: 60, iters: 180, time: 0.486, data: 0.001) G_GAN_ViT: 0.253 D_real_ViT: 0.050 D_fake_ViT: 0.285 global: 0.272 spatial: 0.064 
(epoch: 60, iters: 280, time: 0.486, data: 0.001) G_GAN_ViT: 0.385 D_real_ViT: 0.200 D_fake_ViT: 0.177 global: 0.369 spatial: 0.083 
saving the latest model (epoch 60, total_iters 300000)
IRVI_single_monitor
(epoch: 60, iters: 380, time: 0.485, data: 0.001) G_GAN_ViT: 0.247 D_real_ViT: 0.207 D_fake_ViT: 0.289 global: 0.461 spatial: 0.121 
(epoch: 60, iters: 480, time: 0.486, data: 0.001) G_GAN_ViT: 0.343 D_real_ViT: 0.116 D_fake_ViT: 0.204 global: 0.339 spatial: 0.085 
(epoch: 60, iters: 580, time: 0.486, data: 0.001) G_GAN_ViT: 0.197 D_real_ViT: 0.118 D_fake_ViT: 0.334 global: 0.274 spatial: 0.070 
(epoch: 60, iters: 680, time: 0.486, data: 0.001) G_GAN_ViT: 0.366 D_real_ViT: 0.253 D_fake_ViT: 0.201 global: 0.519 spatial: 0.139 
(epoch: 60, iters: 780, time: 0.486, data: 0.001) G_GAN_ViT: 0.374 D_real_ViT: 0.266 D_fake_ViT: 0.184 global: 0.467 spatial: 0.105 
(epoch: 60, iters: 880, time: 0.486, data: 0.001) G_GAN_ViT: 0.369 D_real_ViT: 0.235 D_fake_ViT: 0.198 global: 0.482 spatial: 0.117 
(epoch: 60, iters: 980, time: 0.486, data: 0.001) G_GAN_ViT: 0.391 D_real_ViT: 0.274 D_fake_ViT: 0.173 global: 0.473 spatial: 0.129 
(epoch: 60, iters: 1080, time: 0.486, data: 0.001) G_GAN_ViT: 0.311 D_real_ViT: 0.279 D_fake_ViT: 0.219 global: 0.354 spatial: 0.098 
(epoch: 60, iters: 1180, time: 0.486, data: 0.001) G_GAN_ViT: 0.350 D_real_ViT: 0.185 D_fake_ViT: 0.203 global: 0.353 spatial: 0.114 
(epoch: 60, iters: 1280, time: 0.486, data: 0.002) G_GAN_ViT: 0.274 D_real_ViT: 0.194 D_fake_ViT: 0.252 global: 0.294 spatial: 0.067 
(epoch: 60, iters: 1380, time: 0.486, data: 0.001) G_GAN_ViT: 0.268 D_real_ViT: 0.196 D_fake_ViT: 0.257 global: 0.453 spatial: 0.113 
(epoch: 60, iters: 1480, time: 0.486, data: 0.001) G_GAN_ViT: 0.275 D_real_ViT: 0.236 D_fake_ViT: 0.269 global: 0.286 spatial: 0.087 
(epoch: 60, iters: 1580, time: 0.486, data: 0.001) G_GAN_ViT: 0.313 D_real_ViT: 0.339 D_fake_ViT: 0.218 global: 0.383 spatial: 0.079 
(epoch: 60, iters: 1680, time: 0.487, data: 0.001) G_GAN_ViT: 0.397 D_real_ViT: 0.268 D_fake_ViT: 0.165 global: 0.430 spatial: 0.117 
(epoch: 60, iters: 1780, time: 0.487, data: 0.001) G_GAN_ViT: 0.292 D_real_ViT: 0.202 D_fake_ViT: 0.245 global: 0.335 spatial: 0.078 
(epoch: 60, iters: 1880, time: 0.486, data: 0.002) G_GAN_ViT: 0.457 D_real_ViT: 0.218 D_fake_ViT: 0.147 global: 0.329 spatial: 0.094 
(epoch: 60, iters: 1980, time: 0.487, data: 0.001) G_GAN_ViT: 0.298 D_real_ViT: 0.254 D_fake_ViT: 0.234 global: 0.280 spatial: 0.070 
(epoch: 60, iters: 2080, time: 0.486, data: 0.001) G_GAN_ViT: 0.306 D_real_ViT: 0.185 D_fake_ViT: 0.223 global: 0.443 spatial: 0.095 
(epoch: 60, iters: 2180, time: 0.486, data: 0.001) G_GAN_ViT: 0.256 D_real_ViT: 0.220 D_fake_ViT: 0.267 global: 0.283 spatial: 0.077 
(epoch: 60, iters: 2280, time: 0.486, data: 0.001) G_GAN_ViT: 0.332 D_real_ViT: 0.298 D_fake_ViT: 0.205 global: 0.427 spatial: 0.085 
(epoch: 60, iters: 2380, time: 0.486, data: 0.001) G_GAN_ViT: 0.349 D_real_ViT: 0.228 D_fake_ViT: 0.208 global: 0.432 spatial: 0.113 
(epoch: 60, iters: 2480, time: 0.486, data: 0.001) G_GAN_ViT: 0.334 D_real_ViT: 0.227 D_fake_ViT: 0.216 global: 0.414 spatial: 0.106 
(epoch: 60, iters: 2580, time: 0.486, data: 0.001) G_GAN_ViT: 0.443 D_real_ViT: 0.108 D_fake_ViT: 0.144 global: 0.310 spatial: 0.082 
(epoch: 60, iters: 2680, time: 0.486, data: 0.001) G_GAN_ViT: 0.281 D_real_ViT: 0.194 D_fake_ViT: 0.246 global: 0.357 spatial: 0.087 
(epoch: 60, iters: 2780, time: 0.486, data: 0.001) G_GAN_ViT: 0.240 D_real_ViT: 0.355 D_fake_ViT: 0.300 global: 0.321 spatial: 0.080 
(epoch: 60, iters: 2880, time: 0.487, data: 0.001) G_GAN_ViT: 0.253 D_real_ViT: 0.249 D_fake_ViT: 0.272 global: 0.377 spatial: 0.080 
(epoch: 60, iters: 2980, time: 0.486, data: 0.001) G_GAN_ViT: 0.384 D_real_ViT: 0.207 D_fake_ViT: 0.176 global: 0.346 spatial: 0.083 
(epoch: 60, iters: 3080, time: 0.486, data: 0.001) G_GAN_ViT: 0.403 D_real_ViT: 0.271 D_fake_ViT: 0.166 global: 0.607 spatial: 0.145 
(epoch: 60, iters: 3180, time: 0.486, data: 0.001) G_GAN_ViT: 0.279 D_real_ViT: 0.205 D_fake_ViT: 0.254 global: 0.335 spatial: 0.080 
(epoch: 60, iters: 3280, time: 0.486, data: 0.001) G_GAN_ViT: 0.336 D_real_ViT: 0.253 D_fake_ViT: 0.212 global: 0.318 spatial: 0.079 
(epoch: 60, iters: 3380, time: 0.486, data: 0.001) G_GAN_ViT: 0.296 D_real_ViT: 0.293 D_fake_ViT: 0.254 global: 0.349 spatial: 0.080 
(epoch: 60, iters: 3480, time: 0.486, data: 0.001) G_GAN_ViT: 0.289 D_real_ViT: 0.274 D_fake_ViT: 0.241 global: 0.434 spatial: 0.084 
(epoch: 60, iters: 3580, time: 0.486, data: 0.001) G_GAN_ViT: 0.256 D_real_ViT: 0.274 D_fake_ViT: 0.284 global: 0.330 spatial: 0.072 
(epoch: 60, iters: 3680, time: 0.486, data: 0.001) G_GAN_ViT: 0.441 D_real_ViT: 0.254 D_fake_ViT: 0.140 global: 0.388 spatial: 0.105 
(epoch: 60, iters: 3780, time: 0.486, data: 0.001) G_GAN_ViT: 0.373 D_real_ViT: 0.143 D_fake_ViT: 0.176 global: 0.419 spatial: 0.088 
(epoch: 60, iters: 3880, time: 0.486, data: 0.001) G_GAN_ViT: 0.257 D_real_ViT: 0.150 D_fake_ViT: 0.271 global: 0.332 spatial: 0.080 
(epoch: 60, iters: 3980, time: 0.486, data: 0.001) G_GAN_ViT: 0.374 D_real_ViT: 0.215 D_fake_ViT: 0.184 global: 0.355 spatial: 0.096 
(epoch: 60, iters: 4080, time: 0.486, data: 0.001) G_GAN_ViT: 0.414 D_real_ViT: 0.258 D_fake_ViT: 0.162 global: 0.514 spatial: 0.133 
(epoch: 60, iters: 4180, time: 0.485, data: 0.001) G_GAN_ViT: 0.285 D_real_ViT: 0.282 D_fake_ViT: 0.245 global: 0.320 spatial: 0.076 
(epoch: 60, iters: 4280, time: 0.486, data: 0.001) G_GAN_ViT: 0.313 D_real_ViT: 0.275 D_fake_ViT: 0.233 global: 0.348 spatial: 0.087 
(epoch: 60, iters: 4380, time: 0.486, data: 0.001) G_GAN_ViT: 0.367 D_real_ViT: 0.227 D_fake_ViT: 0.177 global: 0.325 spatial: 0.093 
(epoch: 60, iters: 4480, time: 0.486, data: 0.001) G_GAN_ViT: 0.218 D_real_ViT: 0.256 D_fake_ViT: 0.306 global: 0.277 spatial: 0.063 
(epoch: 60, iters: 4580, time: 0.486, data: 0.001) G_GAN_ViT: 0.216 D_real_ViT: 0.190 D_fake_ViT: 0.322 global: 0.458 spatial: 0.123 
(epoch: 60, iters: 4680, time: 0.486, data: 0.001) G_GAN_ViT: 0.392 D_real_ViT: 0.322 D_fake_ViT: 0.171 global: 0.477 spatial: 0.109 
(epoch: 60, iters: 4780, time: 0.486, data: 0.001) G_GAN_ViT: 0.274 D_real_ViT: 0.223 D_fake_ViT: 0.257 global: 0.322 spatial: 0.075 
(epoch: 60, iters: 4880, time: 0.486, data: 0.001) G_GAN_ViT: 0.311 D_real_ViT: 0.299 D_fake_ViT: 0.223 global: 0.327 spatial: 0.084 
(epoch: 60, iters: 4980, time: 0.484, data: 0.001) G_GAN_ViT: 0.404 D_real_ViT: 0.199 D_fake_ViT: 0.161 global: 0.374 spatial: 0.104 
(epoch: 60, iters: 5080, time: 0.485, data: 0.001) G_GAN_ViT: 0.352 D_real_ViT: 0.175 D_fake_ViT: 0.209 global: 0.297 spatial: 0.087 
saving the model at the end of epoch 60, iters 304800
End of epoch 60 / 100 	 Time Taken: 2478 sec
learning rate = 0.0000078
(epoch: 61, iters: 100, time: 0.485, data: 0.157) G_GAN_ViT: 0.345 D_real_ViT: 0.300 D_fake_ViT: 0.194 global: 0.389 spatial: 0.103 
(epoch: 61, iters: 200, time: 0.486, data: 0.001) G_GAN_ViT: 0.332 D_real_ViT: 0.224 D_fake_ViT: 0.212 global: 0.314 spatial: 0.087 
saving the latest model (epoch 61, total_iters 305000)
IRVI_single_monitor
(epoch: 61, iters: 300, time: 0.485, data: 0.002) G_GAN_ViT: 0.355 D_real_ViT: 0.200 D_fake_ViT: 0.197 global: 0.424 spatial: 0.106 
(epoch: 61, iters: 400, time: 0.486, data: 0.001) G_GAN_ViT: 0.298 D_real_ViT: 0.257 D_fake_ViT: 0.235 global: 0.349 spatial: 0.083 
(epoch: 61, iters: 500, time: 0.486, data: 0.001) G_GAN_ViT: 0.378 D_real_ViT: 0.319 D_fake_ViT: 0.175 global: 0.414 spatial: 0.102 
(epoch: 61, iters: 600, time: 0.486, data: 0.001) G_GAN_ViT: 0.354 D_real_ViT: 0.210 D_fake_ViT: 0.197 global: 0.341 spatial: 0.083 
(epoch: 61, iters: 700, time: 0.487, data: 0.001) G_GAN_ViT: 0.378 D_real_ViT: 0.246 D_fake_ViT: 0.198 global: 0.506 spatial: 0.143 
(epoch: 61, iters: 800, time: 0.486, data: 0.001) G_GAN_ViT: 0.340 D_real_ViT: 0.256 D_fake_ViT: 0.196 global: 0.394 spatial: 0.098 
(epoch: 61, iters: 900, time: 0.486, data: 0.001) G_GAN_ViT: 0.321 D_real_ViT: 0.167 D_fake_ViT: 0.217 global: 0.328 spatial: 0.071 
(epoch: 61, iters: 1000, time: 0.486, data: 0.001) G_GAN_ViT: 0.281 D_real_ViT: 0.283 D_fake_ViT: 0.246 global: 0.379 spatial: 0.086 
(epoch: 61, iters: 1100, time: 0.486, data: 0.001) G_GAN_ViT: 0.220 D_real_ViT: 0.284 D_fake_ViT: 0.309 global: 0.295 spatial: 0.078 
(epoch: 61, iters: 1200, time: 0.487, data: 0.001) G_GAN_ViT: 0.366 D_real_ViT: 0.237 D_fake_ViT: 0.185 global: 0.481 spatial: 0.095 
(epoch: 61, iters: 1300, time: 0.486, data: 0.001) G_GAN_ViT: 0.259 D_real_ViT: 0.155 D_fake_ViT: 0.265 global: 0.350 spatial: 0.083 
(epoch: 61, iters: 1400, time: 0.486, data: 0.001) G_GAN_ViT: 0.348 D_real_ViT: 0.267 D_fake_ViT: 0.201 global: 0.334 spatial: 0.090 
(epoch: 61, iters: 1500, time: 0.487, data: 0.001) G_GAN_ViT: 0.472 D_real_ViT: 0.272 D_fake_ViT: 0.142 global: 0.596 spatial: 0.150 
(epoch: 61, iters: 1600, time: 0.486, data: 0.001) G_GAN_ViT: 0.317 D_real_ViT: 0.271 D_fake_ViT: 0.217 global: 0.365 spatial: 0.107 
(epoch: 61, iters: 1700, time: 0.486, data: 0.001) G_GAN_ViT: 0.229 D_real_ViT: 0.139 D_fake_ViT: 0.300 global: 0.362 spatial: 0.076 
(epoch: 61, iters: 1800, time: 0.486, data: 0.001) G_GAN_ViT: 0.342 D_real_ViT: 0.161 D_fake_ViT: 0.221 global: 0.413 spatial: 0.106 
(epoch: 61, iters: 1900, time: 0.486, data: 0.001) G_GAN_ViT: 0.222 D_real_ViT: 0.138 D_fake_ViT: 0.310 global: 0.397 spatial: 0.082 
(epoch: 61, iters: 2000, time: 0.486, data: 0.001) G_GAN_ViT: 0.391 D_real_ViT: 0.205 D_fake_ViT: 0.179 global: 0.562 spatial: 0.115 
(epoch: 61, iters: 2100, time: 0.487, data: 0.001) G_GAN_ViT: 0.286 D_real_ViT: 0.250 D_fake_ViT: 0.251 global: 0.330 spatial: 0.086 
(epoch: 61, iters: 2200, time: 0.486, data: 0.001) G_GAN_ViT: 0.395 D_real_ViT: 0.247 D_fake_ViT: 0.186 global: 0.514 spatial: 0.160 
(epoch: 61, iters: 2300, time: 0.486, data: 0.001) G_GAN_ViT: 0.309 D_real_ViT: 0.180 D_fake_ViT: 0.217 global: 0.464 spatial: 0.115 
(epoch: 61, iters: 2400, time: 0.486, data: 0.001) G_GAN_ViT: 0.228 D_real_ViT: 0.308 D_fake_ViT: 0.305 global: 0.262 spatial: 0.072 
(epoch: 61, iters: 2500, time: 0.487, data: 0.005) G_GAN_ViT: 0.350 D_real_ViT: 0.277 D_fake_ViT: 0.192 global: 0.377 spatial: 0.089 
(epoch: 61, iters: 2600, time: 0.486, data: 0.001) G_GAN_ViT: 0.374 D_real_ViT: 0.234 D_fake_ViT: 0.184 global: 0.457 spatial: 0.123 
(epoch: 61, iters: 2700, time: 0.487, data: 0.001) G_GAN_ViT: 0.289 D_real_ViT: 0.266 D_fake_ViT: 0.280 global: 0.535 spatial: 0.157 
(epoch: 61, iters: 2800, time: 0.486, data: 0.001) G_GAN_ViT: 0.396 D_real_ViT: 0.240 D_fake_ViT: 0.176 global: 0.452 spatial: 0.107 
(epoch: 61, iters: 2900, time: 0.486, data: 0.002) G_GAN_ViT: 0.314 D_real_ViT: 0.165 D_fake_ViT: 0.216 global: 0.440 spatial: 0.090 
(epoch: 61, iters: 3000, time: 0.486, data: 0.001) G_GAN_ViT: 0.332 D_real_ViT: 0.163 D_fake_ViT: 0.205 global: 0.363 spatial: 0.090 
(epoch: 61, iters: 3100, time: 0.486, data: 0.001) G_GAN_ViT: 0.301 D_real_ViT: 0.217 D_fake_ViT: 0.226 global: 0.450 spatial: 0.108 
(epoch: 61, iters: 3200, time: 0.487, data: 0.001) G_GAN_ViT: 0.400 D_real_ViT: 0.220 D_fake_ViT: 0.172 global: 0.483 spatial: 0.128 
(epoch: 61, iters: 3300, time: 0.486, data: 0.001) G_GAN_ViT: 0.394 D_real_ViT: 0.179 D_fake_ViT: 0.175 global: 0.605 spatial: 0.144 
(epoch: 61, iters: 3400, time: 0.486, data: 0.001) G_GAN_ViT: 0.304 D_real_ViT: 0.241 D_fake_ViT: 0.226 global: 0.458 spatial: 0.112 
(epoch: 61, iters: 3500, time: 0.486, data: 0.001) G_GAN_ViT: 0.311 D_real_ViT: 0.260 D_fake_ViT: 0.218 global: 0.369 spatial: 0.086 
(epoch: 61, iters: 3600, time: 0.486, data: 0.001) G_GAN_ViT: 0.396 D_real_ViT: 0.054 D_fake_ViT: 0.188 global: 0.526 spatial: 0.138 
(epoch: 61, iters: 3700, time: 0.486, data: 0.001) G_GAN_ViT: 0.332 D_real_ViT: 0.191 D_fake_ViT: 0.205 global: 0.391 spatial: 0.095 
(epoch: 61, iters: 3800, time: 0.485, data: 0.001) G_GAN_ViT: 0.282 D_real_ViT: 0.208 D_fake_ViT: 0.251 global: 0.458 spatial: 0.123 
(epoch: 61, iters: 3900, time: 0.486, data: 0.001) G_GAN_ViT: 0.391 D_real_ViT: 0.256 D_fake_ViT: 0.172 global: 0.539 spatial: 0.112 
(epoch: 61, iters: 4000, time: 0.486, data: 0.001) G_GAN_ViT: 0.440 D_real_ViT: 0.234 D_fake_ViT: 0.149 global: 0.486 spatial: 0.141 
(epoch: 61, iters: 4100, time: 0.486, data: 0.001) G_GAN_ViT: 0.238 D_real_ViT: 0.289 D_fake_ViT: 0.283 global: 0.270 spatial: 0.069 
(epoch: 61, iters: 4200, time: 0.486, data: 0.001) G_GAN_ViT: 0.293 D_real_ViT: 0.289 D_fake_ViT: 0.239 global: 0.296 spatial: 0.071 
(epoch: 61, iters: 4300, time: 0.486, data: 0.001) G_GAN_ViT: 0.240 D_real_ViT: 0.284 D_fake_ViT: 0.303 global: 0.334 spatial: 0.078 
(epoch: 61, iters: 4400, time: 0.486, data: 0.002) G_GAN_ViT: 0.321 D_real_ViT: 0.285 D_fake_ViT: 0.213 global: 0.461 spatial: 0.113 
(epoch: 61, iters: 4500, time: 0.486, data: 0.001) G_GAN_ViT: 0.318 D_real_ViT: 0.117 D_fake_ViT: 0.216 global: 0.284 spatial: 0.070 
(epoch: 61, iters: 4600, time: 0.486, data: 0.001) G_GAN_ViT: 0.454 D_real_ViT: 0.293 D_fake_ViT: 0.152 global: 0.627 spatial: 0.160 
(epoch: 61, iters: 4700, time: 0.486, data: 0.001) G_GAN_ViT: 0.415 D_real_ViT: 0.140 D_fake_ViT: 0.155 global: 0.510 spatial: 0.108 
(epoch: 61, iters: 4800, time: 0.487, data: 0.001) G_GAN_ViT: 0.318 D_real_ViT: 0.293 D_fake_ViT: 0.214 global: 0.364 spatial: 0.099 
(epoch: 61, iters: 4900, time: 0.487, data: 0.001) G_GAN_ViT: 0.332 D_real_ViT: 0.215 D_fake_ViT: 0.209 global: 0.310 spatial: 0.077 
(epoch: 61, iters: 5000, time: 0.486, data: 0.001) G_GAN_ViT: 0.311 D_real_ViT: 0.260 D_fake_ViT: 0.239 global: 0.303 spatial: 0.060 
End of epoch 61 / 100 	 Time Taken: 2478 sec
learning rate = 0.0000076
(epoch: 62, iters: 20, time: 0.486, data: 0.001) G_GAN_ViT: 0.259 D_real_ViT: 0.200 D_fake_ViT: 0.264 global: 0.343 spatial: 0.083 
(epoch: 62, iters: 120, time: 0.486, data: 0.001) G_GAN_ViT: 0.196 D_real_ViT: 0.215 D_fake_ViT: 0.336 global: 0.306 spatial: 0.086 
saving the latest model (epoch 62, total_iters 310000)
IRVI_single_monitor
(epoch: 62, iters: 220, time: 0.486, data: 0.001) G_GAN_ViT: 0.223 D_real_ViT: 0.217 D_fake_ViT: 0.312 global: 0.451 spatial: 0.122 
(epoch: 62, iters: 320, time: 0.486, data: 0.001) G_GAN_ViT: 0.238 D_real_ViT: 0.275 D_fake_ViT: 0.320 global: 0.240 spatial: 0.042 
(epoch: 62, iters: 420, time: 0.486, data: 0.002) G_GAN_ViT: 0.288 D_real_ViT: 0.227 D_fake_ViT: 0.249 global: 0.446 spatial: 0.107 
(epoch: 62, iters: 520, time: 0.487, data: 0.001) G_GAN_ViT: 0.337 D_real_ViT: 0.220 D_fake_ViT: 0.209 global: 0.418 spatial: 0.106 
(epoch: 62, iters: 620, time: 0.487, data: 0.001) G_GAN_ViT: 0.281 D_real_ViT: 0.232 D_fake_ViT: 0.259 global: 0.439 spatial: 0.090 
(epoch: 62, iters: 720, time: 0.487, data: 0.001) G_GAN_ViT: 0.191 D_real_ViT: 0.237 D_fake_ViT: 0.341 global: 0.264 spatial: 0.061 
(epoch: 62, iters: 820, time: 0.486, data: 0.001) G_GAN_ViT: 0.257 D_real_ViT: 0.247 D_fake_ViT: 0.274 global: 0.440 spatial: 0.108 
(epoch: 62, iters: 920, time: 0.486, data: 0.002) G_GAN_ViT: 0.275 D_real_ViT: 0.294 D_fake_ViT: 0.251 global: 0.343 spatial: 0.095 
(epoch: 62, iters: 1020, time: 0.487, data: 0.001) G_GAN_ViT: 0.356 D_real_ViT: 0.204 D_fake_ViT: 0.184 global: 0.356 spatial: 0.088 
(epoch: 62, iters: 1120, time: 0.487, data: 0.001) G_GAN_ViT: 0.395 D_real_ViT: 0.211 D_fake_ViT: 0.164 global: 0.398 spatial: 0.107 
(epoch: 62, iters: 1220, time: 0.487, data: 0.001) G_GAN_ViT: 0.626 D_real_ViT: 0.245 D_fake_ViT: 0.091 global: 0.576 spatial: 0.155 
(epoch: 62, iters: 1320, time: 0.487, data: 0.001) G_GAN_ViT: 0.338 D_real_ViT: 0.303 D_fake_ViT: 0.217 global: 0.423 spatial: 0.110 
(epoch: 62, iters: 1420, time: 0.487, data: 0.001) G_GAN_ViT: 0.326 D_real_ViT: 0.224 D_fake_ViT: 0.227 global: 0.325 spatial: 0.086 
(epoch: 62, iters: 1520, time: 0.487, data: 0.001) G_GAN_ViT: 0.275 D_real_ViT: 0.256 D_fake_ViT: 0.275 global: 0.503 spatial: 0.154 
(epoch: 62, iters: 1620, time: 0.487, data: 0.001) G_GAN_ViT: 0.255 D_real_ViT: 0.253 D_fake_ViT: 0.276 global: 0.280 spatial: 0.073 
(epoch: 62, iters: 1720, time: 0.487, data: 0.001) G_GAN_ViT: 0.182 D_real_ViT: 0.238 D_fake_ViT: 0.357 global: 0.306 spatial: 0.085 
(epoch: 62, iters: 1820, time: 0.487, data: 0.001) G_GAN_ViT: 0.317 D_real_ViT: 0.261 D_fake_ViT: 0.238 global: 0.368 spatial: 0.100 
(epoch: 62, iters: 1920, time: 0.488, data: 0.001) G_GAN_ViT: 0.289 D_real_ViT: 0.272 D_fake_ViT: 0.255 global: 0.321 spatial: 0.077 
(epoch: 62, iters: 2020, time: 0.487, data: 0.001) G_GAN_ViT: 0.258 D_real_ViT: 0.230 D_fake_ViT: 0.266 global: 0.313 spatial: 0.090 
(epoch: 62, iters: 2120, time: 0.487, data: 0.001) G_GAN_ViT: 0.357 D_real_ViT: 0.272 D_fake_ViT: 0.181 global: 0.388 spatial: 0.082 
(epoch: 62, iters: 2220, time: 0.487, data: 0.001) G_GAN_ViT: 0.228 D_real_ViT: 0.187 D_fake_ViT: 0.293 global: 0.356 spatial: 0.090 
(epoch: 62, iters: 2320, time: 0.487, data: 0.001) G_GAN_ViT: 0.288 D_real_ViT: 0.244 D_fake_ViT: 0.248 global: 0.405 spatial: 0.118 
(epoch: 62, iters: 2420, time: 0.487, data: 0.001) G_GAN_ViT: 0.343 D_real_ViT: 0.261 D_fake_ViT: 0.193 global: 0.388 spatial: 0.082 
(epoch: 62, iters: 2520, time: 0.487, data: 0.001) G_GAN_ViT: 0.201 D_real_ViT: 0.221 D_fake_ViT: 0.341 global: 0.298 spatial: 0.084 
(epoch: 62, iters: 2620, time: 0.487, data: 0.001) G_GAN_ViT: 0.346 D_real_ViT: 0.269 D_fake_ViT: 0.189 global: 0.387 spatial: 0.086 
(epoch: 62, iters: 2720, time: 0.487, data: 0.001) G_GAN_ViT: 0.231 D_real_ViT: 0.153 D_fake_ViT: 0.292 global: 0.274 spatial: 0.070 
(epoch: 62, iters: 2820, time: 0.487, data: 0.001) G_GAN_ViT: 0.283 D_real_ViT: 0.271 D_fake_ViT: 0.249 global: 0.449 spatial: 0.114 
(epoch: 62, iters: 2920, time: 0.486, data: 0.001) G_GAN_ViT: 0.344 D_real_ViT: 0.129 D_fake_ViT: 0.205 global: 0.410 spatial: 0.105 
(epoch: 62, iters: 3020, time: 0.487, data: 0.002) G_GAN_ViT: 0.262 D_real_ViT: 0.043 D_fake_ViT: 0.267 global: 0.337 spatial: 0.072 
(epoch: 62, iters: 3120, time: 0.487, data: 0.001) G_GAN_ViT: 0.281 D_real_ViT: 0.311 D_fake_ViT: 0.254 global: 0.403 spatial: 0.108 
(epoch: 62, iters: 3220, time: 0.487, data: 0.001) G_GAN_ViT: 0.245 D_real_ViT: 0.252 D_fake_ViT: 0.277 global: 0.307 spatial: 0.078 
(epoch: 62, iters: 3320, time: 0.487, data: 0.002) G_GAN_ViT: 0.254 D_real_ViT: 0.119 D_fake_ViT: 0.275 global: 0.453 spatial: 0.120 
(epoch: 62, iters: 3420, time: 0.486, data: 0.001) G_GAN_ViT: 0.417 D_real_ViT: 0.168 D_fake_ViT: 0.151 global: 0.325 spatial: 0.089 
(epoch: 62, iters: 3520, time: 0.487, data: 0.001) G_GAN_ViT: 0.366 D_real_ViT: 0.378 D_fake_ViT: 0.177 global: 0.334 spatial: 0.086 
(epoch: 62, iters: 3620, time: 0.487, data: 0.001) G_GAN_ViT: 0.395 D_real_ViT: 0.115 D_fake_ViT: 0.168 global: 0.324 spatial: 0.083 
(epoch: 62, iters: 3720, time: 0.487, data: 0.001) G_GAN_ViT: 0.264 D_real_ViT: 0.238 D_fake_ViT: 0.263 global: 0.344 spatial: 0.092 
(epoch: 62, iters: 3820, time: 0.487, data: 0.001) G_GAN_ViT: 0.306 D_real_ViT: 0.387 D_fake_ViT: 0.228 global: 0.348 spatial: 0.077 
(epoch: 62, iters: 3920, time: 0.487, data: 0.001) G_GAN_ViT: 0.320 D_real_ViT: 0.170 D_fake_ViT: 0.212 global: 0.361 spatial: 0.089 
(epoch: 62, iters: 4020, time: 0.486, data: 0.001) G_GAN_ViT: 0.598 D_real_ViT: 0.178 D_fake_ViT: 0.093 global: 0.618 spatial: 0.168 
(epoch: 62, iters: 4120, time: 0.487, data: 0.001) G_GAN_ViT: 0.299 D_real_ViT: 0.141 D_fake_ViT: 0.230 global: 0.366 spatial: 0.091 
(epoch: 62, iters: 4220, time: 0.487, data: 0.001) G_GAN_ViT: 0.357 D_real_ViT: 0.226 D_fake_ViT: 0.202 global: 0.593 spatial: 0.143 
(epoch: 62, iters: 4320, time: 0.487, data: 0.001) G_GAN_ViT: 0.308 D_real_ViT: 0.245 D_fake_ViT: 0.221 global: 0.352 spatial: 0.085 
(epoch: 62, iters: 4420, time: 0.487, data: 0.001) G_GAN_ViT: 0.273 D_real_ViT: 0.292 D_fake_ViT: 0.260 global: 0.397 spatial: 0.114 
(epoch: 62, iters: 4520, time: 0.487, data: 0.001) G_GAN_ViT: 0.358 D_real_ViT: 0.291 D_fake_ViT: 0.184 global: 0.459 spatial: 0.093 
(epoch: 62, iters: 4620, time: 0.487, data: 0.001) G_GAN_ViT: 0.539 D_real_ViT: 0.052 D_fake_ViT: 0.118 global: 0.570 spatial: 0.141 
(epoch: 62, iters: 4720, time: 0.487, data: 0.001) G_GAN_ViT: 0.311 D_real_ViT: 0.192 D_fake_ViT: 0.219 global: 0.331 spatial: 0.086 
(epoch: 62, iters: 4820, time: 0.487, data: 0.001) G_GAN_ViT: 0.281 D_real_ViT: 0.165 D_fake_ViT: 0.248 global: 0.298 spatial: 0.065 
(epoch: 62, iters: 4920, time: 0.487, data: 0.001) G_GAN_ViT: 0.259 D_real_ViT: 0.208 D_fake_ViT: 0.267 global: 0.260 spatial: 0.073 
(epoch: 62, iters: 5020, time: 0.486, data: 0.001) G_GAN_ViT: 0.350 D_real_ViT: 0.272 D_fake_ViT: 0.191 global: 0.436 spatial: 0.094 
End of epoch 62 / 100 	 Time Taken: 2481 sec
learning rate = 0.0000075
(epoch: 63, iters: 40, time: 0.487, data: 0.001) G_GAN_ViT: 0.269 D_real_ViT: 0.226 D_fake_ViT: 0.263 global: 0.484 spatial: 0.098 
saving the latest model (epoch 63, total_iters 315000)
IRVI_single_monitor
(epoch: 63, iters: 140, time: 0.486, data: 0.001) G_GAN_ViT: 0.320 D_real_ViT: 0.279 D_fake_ViT: 0.216 global: 0.415 spatial: 0.084 
(epoch: 63, iters: 240, time: 0.486, data: 0.001) G_GAN_ViT: 0.306 D_real_ViT: 0.074 D_fake_ViT: 0.223 global: 0.357 spatial: 0.084 
(epoch: 63, iters: 340, time: 0.487, data: 0.001) G_GAN_ViT: 0.312 D_real_ViT: 0.291 D_fake_ViT: 0.224 global: 0.364 spatial: 0.092 
(epoch: 63, iters: 440, time: 0.487, data: 0.001) G_GAN_ViT: 0.234 D_real_ViT: 0.217 D_fake_ViT: 0.297 global: 0.481 spatial: 0.092 
(epoch: 63, iters: 540, time: 0.487, data: 0.001) G_GAN_ViT: 0.427 D_real_ViT: 0.288 D_fake_ViT: 0.156 global: 0.593 spatial: 0.141 
(epoch: 63, iters: 640, time: 0.487, data: 0.001) G_GAN_ViT: 0.403 D_real_ViT: 0.218 D_fake_ViT: 0.178 global: 0.544 spatial: 0.144 
(epoch: 63, iters: 740, time: 0.487, data: 0.002) G_GAN_ViT: 0.235 D_real_ViT: 0.193 D_fake_ViT: 0.287 global: 0.395 spatial: 0.074 
(epoch: 63, iters: 840, time: 0.487, data: 0.001) G_GAN_ViT: 0.382 D_real_ViT: 0.237 D_fake_ViT: 0.194 global: 0.574 spatial: 0.151 
(epoch: 63, iters: 940, time: 0.488, data: 0.001) G_GAN_ViT: 0.316 D_real_ViT: 0.335 D_fake_ViT: 0.214 global: 0.472 spatial: 0.096 
(epoch: 63, iters: 1040, time: 0.487, data: 0.001) G_GAN_ViT: 0.361 D_real_ViT: 0.243 D_fake_ViT: 0.183 global: 0.379 spatial: 0.090 
(epoch: 63, iters: 1140, time: 0.487, data: 0.001) G_GAN_ViT: 0.285 D_real_ViT: 0.368 D_fake_ViT: 0.245 global: 0.276 spatial: 0.071 
(epoch: 63, iters: 1240, time: 0.487, data: 0.001) G_GAN_ViT: 0.407 D_real_ViT: 0.320 D_fake_ViT: 0.168 global: 0.602 spatial: 0.143 
(epoch: 63, iters: 1340, time: 0.487, data: 0.001) G_GAN_ViT: 0.321 D_real_ViT: 0.273 D_fake_ViT: 0.219 global: 0.285 spatial: 0.087 
(epoch: 63, iters: 1440, time: 0.487, data: 0.001) G_GAN_ViT: 0.367 D_real_ViT: 0.242 D_fake_ViT: 0.181 global: 0.390 spatial: 0.112 
(epoch: 63, iters: 1540, time: 0.487, data: 0.001) G_GAN_ViT: 0.326 D_real_ViT: 0.201 D_fake_ViT: 0.218 global: 0.364 spatial: 0.069 
(epoch: 63, iters: 1640, time: 0.487, data: 0.001) G_GAN_ViT: 0.193 D_real_ViT: 0.293 D_fake_ViT: 0.352 global: 0.440 spatial: 0.118 
(epoch: 63, iters: 1740, time: 0.487, data: 0.001) G_GAN_ViT: 0.366 D_real_ViT: 0.301 D_fake_ViT: 0.173 global: 0.357 spatial: 0.082 
(epoch: 63, iters: 1840, time: 0.487, data: 0.002) G_GAN_ViT: 0.211 D_real_ViT: 0.290 D_fake_ViT: 0.313 global: 0.272 spatial: 0.062 
(epoch: 63, iters: 1940, time: 0.487, data: 0.001) G_GAN_ViT: 0.347 D_real_ViT: 0.205 D_fake_ViT: 0.194 global: 0.398 spatial: 0.086 
(epoch: 63, iters: 2040, time: 0.487, data: 0.001) G_GAN_ViT: 0.228 D_real_ViT: 0.266 D_fake_ViT: 0.298 global: 0.261 spatial: 0.064 
(epoch: 63, iters: 2140, time: 0.487, data: 0.002) G_GAN_ViT: 0.330 D_real_ViT: 0.245 D_fake_ViT: 0.212 global: 0.449 spatial: 0.091 
(epoch: 63, iters: 2240, time: 0.487, data: 0.001) G_GAN_ViT: 0.342 D_real_ViT: 0.150 D_fake_ViT: 0.200 global: 0.426 spatial: 0.123 
(epoch: 63, iters: 2340, time: 0.487, data: 0.001) G_GAN_ViT: 0.299 D_real_ViT: 0.250 D_fake_ViT: 0.228 global: 0.296 spatial: 0.075 
(epoch: 63, iters: 2440, time: 0.486, data: 0.001) G_GAN_ViT: 0.365 D_real_ViT: 0.451 D_fake_ViT: 0.197 global: 0.601 spatial: 0.139 
(epoch: 63, iters: 2540, time: 0.486, data: 0.001) G_GAN_ViT: 0.297 D_real_ViT: 0.227 D_fake_ViT: 0.233 global: 0.355 spatial: 0.069 
(epoch: 63, iters: 2640, time: 0.487, data: 0.001) G_GAN_ViT: 0.397 D_real_ViT: 0.250 D_fake_ViT: 0.173 global: 0.623 spatial: 0.123 
(epoch: 63, iters: 2740, time: 0.487, data: 0.001) G_GAN_ViT: 0.301 D_real_ViT: 0.247 D_fake_ViT: 0.227 global: 0.323 spatial: 0.075 
(epoch: 63, iters: 2840, time: 0.487, data: 0.001) G_GAN_ViT: 0.317 D_real_ViT: 0.266 D_fake_ViT: 0.213 global: 0.435 spatial: 0.089 
(epoch: 63, iters: 2940, time: 0.487, data: 0.001) G_GAN_ViT: 0.188 D_real_ViT: 0.193 D_fake_ViT: 0.354 global: 0.376 spatial: 0.077 
(epoch: 63, iters: 3040, time: 0.487, data: 0.001) G_GAN_ViT: 0.337 D_real_ViT: 0.193 D_fake_ViT: 0.211 global: 0.465 spatial: 0.095 
(epoch: 63, iters: 3140, time: 0.487, data: 0.001) G_GAN_ViT: 0.285 D_real_ViT: 0.264 D_fake_ViT: 0.248 global: 0.263 spatial: 0.066 
(epoch: 63, iters: 3240, time: 0.487, data: 0.001) G_GAN_ViT: 0.269 D_real_ViT: 0.049 D_fake_ViT: 0.263 global: 0.296 spatial: 0.076 
(epoch: 63, iters: 3340, time: 0.486, data: 0.002) G_GAN_ViT: 0.380 D_real_ViT: 0.211 D_fake_ViT: 0.168 global: 0.420 spatial: 0.086 
(epoch: 63, iters: 3440, time: 0.486, data: 0.002) G_GAN_ViT: 0.352 D_real_ViT: 0.343 D_fake_ViT: 0.189 global: 0.400 spatial: 0.105 
(epoch: 63, iters: 3540, time: 0.486, data: 0.001) G_GAN_ViT: 0.354 D_real_ViT: 0.269 D_fake_ViT: 0.183 global: 0.355 spatial: 0.069 
(epoch: 63, iters: 3640, time: 0.486, data: 0.001) G_GAN_ViT: 0.345 D_real_ViT: 0.269 D_fake_ViT: 0.191 global: 0.346 spatial: 0.098 
(epoch: 63, iters: 3740, time: 0.486, data: 0.001) G_GAN_ViT: 0.356 D_real_ViT: 0.321 D_fake_ViT: 0.200 global: 0.388 spatial: 0.109 
(epoch: 63, iters: 3840, time: 0.486, data: 0.001) G_GAN_ViT: 0.356 D_real_ViT: 0.267 D_fake_ViT: 0.183 global: 0.372 spatial: 0.088 
(epoch: 63, iters: 3940, time: 0.486, data: 0.001) G_GAN_ViT: 0.292 D_real_ViT: 0.198 D_fake_ViT: 0.261 global: 0.324 spatial: 0.080 
(epoch: 63, iters: 4040, time: 0.486, data: 0.001) G_GAN_ViT: 0.236 D_real_ViT: 0.268 D_fake_ViT: 0.299 global: 0.427 spatial: 0.104 
(epoch: 63, iters: 4140, time: 0.486, data: 0.001) G_GAN_ViT: 0.319 D_real_ViT: 0.133 D_fake_ViT: 0.219 global: 0.400 spatial: 0.106 
(epoch: 63, iters: 4240, time: 0.487, data: 0.001) G_GAN_ViT: 0.439 D_real_ViT: 0.243 D_fake_ViT: 0.145 global: 0.607 spatial: 0.110 
(epoch: 63, iters: 4340, time: 0.487, data: 0.001) G_GAN_ViT: 0.346 D_real_ViT: 0.115 D_fake_ViT: 0.199 global: 0.395 spatial: 0.113 
(epoch: 63, iters: 4440, time: 0.487, data: 0.001) G_GAN_ViT: 0.314 D_real_ViT: 0.240 D_fake_ViT: 0.219 global: 0.375 spatial: 0.105 
(epoch: 63, iters: 4540, time: 0.486, data: 0.001) G_GAN_ViT: 0.425 D_real_ViT: 0.275 D_fake_ViT: 0.161 global: 0.540 spatial: 0.160 
(epoch: 63, iters: 4640, time: 0.487, data: 0.001) G_GAN_ViT: 0.297 D_real_ViT: 0.309 D_fake_ViT: 0.250 global: 0.356 spatial: 0.094 
(epoch: 63, iters: 4740, time: 0.487, data: 0.001) G_GAN_ViT: 0.411 D_real_ViT: 0.256 D_fake_ViT: 0.157 global: 0.416 spatial: 0.107 
(epoch: 63, iters: 4840, time: 0.487, data: 0.001) G_GAN_ViT: 0.411 D_real_ViT: 0.294 D_fake_ViT: 0.157 global: 0.380 spatial: 0.080 
(epoch: 63, iters: 4940, time: 0.486, data: 0.001) G_GAN_ViT: 0.467 D_real_ViT: 0.230 D_fake_ViT: 0.146 global: 0.295 spatial: 0.083 
(epoch: 63, iters: 5040, time: 0.486, data: 0.001) G_GAN_ViT: 0.374 D_real_ViT: 0.314 D_fake_ViT: 0.170 global: 0.361 spatial: 0.084 
saving the latest model (epoch 63, total_iters 320000)
IRVI_single_monitor
End of epoch 63 / 100 	 Time Taken: 2480 sec
learning rate = 0.0000073
(epoch: 64, iters: 60, time: 0.486, data: 0.001) G_GAN_ViT: 0.453 D_real_ViT: 0.350 D_fake_ViT: 0.145 global: 0.505 spatial: 0.133 
(epoch: 64, iters: 160, time: 0.486, data: 0.002) G_GAN_ViT: 0.323 D_real_ViT: 0.099 D_fake_ViT: 0.209 global: 0.386 spatial: 0.083 
(epoch: 64, iters: 260, time: 0.486, data: 0.001) G_GAN_ViT: 0.246 D_real_ViT: 0.183 D_fake_ViT: 0.280 global: 0.372 spatial: 0.078 
(epoch: 64, iters: 360, time: 0.486, data: 0.001) G_GAN_ViT: 0.459 D_real_ViT: 0.202 D_fake_ViT: 0.135 global: 0.452 spatial: 0.129 
(epoch: 64, iters: 460, time: 0.486, data: 0.001) G_GAN_ViT: 0.313 D_real_ViT: 0.156 D_fake_ViT: 0.225 global: 0.322 spatial: 0.093 
(epoch: 64, iters: 560, time: 0.486, data: 0.001) G_GAN_ViT: 0.334 D_real_ViT: 0.288 D_fake_ViT: 0.208 global: 0.370 spatial: 0.108 
(epoch: 64, iters: 660, time: 0.486, data: 0.003) G_GAN_ViT: 0.337 D_real_ViT: 0.204 D_fake_ViT: 0.198 global: 0.404 spatial: 0.083 
(epoch: 64, iters: 760, time: 0.486, data: 0.001) G_GAN_ViT: 0.326 D_real_ViT: 0.081 D_fake_ViT: 0.215 global: 0.356 spatial: 0.089 
(epoch: 64, iters: 860, time: 0.487, data: 0.001) G_GAN_ViT: 0.283 D_real_ViT: 0.282 D_fake_ViT: 0.241 global: 0.438 spatial: 0.106 
(epoch: 64, iters: 960, time: 0.487, data: 0.001) G_GAN_ViT: 0.339 D_real_ViT: 0.302 D_fake_ViT: 0.208 global: 0.291 spatial: 0.090 
(epoch: 64, iters: 1060, time: 0.487, data: 0.001) G_GAN_ViT: 0.291 D_real_ViT: 0.203 D_fake_ViT: 0.249 global: 0.347 spatial: 0.088 
(epoch: 64, iters: 1160, time: 0.487, data: 0.001) G_GAN_ViT: 0.381 D_real_ViT: 0.184 D_fake_ViT: 0.181 global: 0.512 spatial: 0.124 
(epoch: 64, iters: 1260, time: 0.486, data: 0.001) G_GAN_ViT: 0.275 D_real_ViT: 0.208 D_fake_ViT: 0.255 global: 0.424 spatial: 0.107 
(epoch: 64, iters: 1360, time: 0.486, data: 0.001) G_GAN_ViT: 0.369 D_real_ViT: 0.260 D_fake_ViT: 0.181 global: 0.381 spatial: 0.106 
(epoch: 64, iters: 1460, time: 0.486, data: 0.001) G_GAN_ViT: 0.291 D_real_ViT: 0.262 D_fake_ViT: 0.233 global: 0.296 spatial: 0.080 
(epoch: 64, iters: 1560, time: 0.486, data: 0.001) G_GAN_ViT: 0.450 D_real_ViT: 0.233 D_fake_ViT: 0.163 global: 0.302 spatial: 0.062 
(epoch: 64, iters: 1660, time: 0.486, data: 0.001) G_GAN_ViT: 0.228 D_real_ViT: 0.176 D_fake_ViT: 0.303 global: 0.317 spatial: 0.085 
(epoch: 64, iters: 1760, time: 0.486, data: 0.002) G_GAN_ViT: 0.379 D_real_ViT: 0.285 D_fake_ViT: 0.168 global: 0.378 spatial: 0.092 
(epoch: 64, iters: 1860, time: 0.486, data: 0.001) G_GAN_ViT: 0.259 D_real_ViT: 0.299 D_fake_ViT: 0.260 global: 0.350 spatial: 0.086 
(epoch: 64, iters: 1960, time: 0.485, data: 0.001) G_GAN_ViT: 0.317 D_real_ViT: 0.292 D_fake_ViT: 0.215 global: 0.262 spatial: 0.073 
(epoch: 64, iters: 2060, time: 0.486, data: 0.001) G_GAN_ViT: 0.380 D_real_ViT: 0.205 D_fake_ViT: 0.175 global: 0.440 spatial: 0.111 
(epoch: 64, iters: 2160, time: 0.486, data: 0.001) G_GAN_ViT: 0.381 D_real_ViT: 0.176 D_fake_ViT: 0.186 global: 0.476 spatial: 0.123 
(epoch: 64, iters: 2260, time: 0.487, data: 0.001) G_GAN_ViT: 0.410 D_real_ViT: 0.245 D_fake_ViT: 0.154 global: 0.457 spatial: 0.119 
(epoch: 64, iters: 2360, time: 0.487, data: 0.001) G_GAN_ViT: 0.342 D_real_ViT: 0.378 D_fake_ViT: 0.194 global: 0.434 spatial: 0.091 
(epoch: 64, iters: 2460, time: 0.487, data: 0.001) G_GAN_ViT: 0.391 D_real_ViT: 0.184 D_fake_ViT: 0.174 global: 0.454 spatial: 0.129 
(epoch: 64, iters: 2560, time: 0.487, data: 0.001) G_GAN_ViT: 0.280 D_real_ViT: 0.267 D_fake_ViT: 0.243 global: 0.359 spatial: 0.093 
(epoch: 64, iters: 2660, time: 0.487, data: 0.002) G_GAN_ViT: 0.367 D_real_ViT: 0.176 D_fake_ViT: 0.182 global: 0.344 spatial: 0.083 
(epoch: 64, iters: 2760, time: 0.487, data: 0.001) G_GAN_ViT: 0.289 D_real_ViT: 0.332 D_fake_ViT: 0.232 global: 0.367 spatial: 0.092 
(epoch: 64, iters: 2860, time: 0.487, data: 0.001) G_GAN_ViT: 0.338 D_real_ViT: 0.285 D_fake_ViT: 0.203 global: 0.310 spatial: 0.077 
(epoch: 64, iters: 2960, time: 0.487, data: 0.001) G_GAN_ViT: 0.300 D_real_ViT: 0.323 D_fake_ViT: 0.227 global: 0.286 spatial: 0.075 
(epoch: 64, iters: 3060, time: 0.486, data: 0.002) G_GAN_ViT: 0.334 D_real_ViT: 0.284 D_fake_ViT: 0.209 global: 0.519 spatial: 0.132 
(epoch: 64, iters: 3160, time: 0.487, data: 0.001) G_GAN_ViT: 0.294 D_real_ViT: 0.262 D_fake_ViT: 0.236 global: 0.309 spatial: 0.092 
(epoch: 64, iters: 3260, time: 0.486, data: 0.001) G_GAN_ViT: 0.393 D_real_ViT: 0.279 D_fake_ViT: 0.169 global: 0.469 spatial: 0.128 
(epoch: 64, iters: 3360, time: 0.486, data: 0.001) G_GAN_ViT: 0.368 D_real_ViT: 0.277 D_fake_ViT: 0.175 global: 0.364 spatial: 0.090 
(epoch: 64, iters: 3460, time: 0.487, data: 0.001) G_GAN_ViT: 0.284 D_real_ViT: 0.299 D_fake_ViT: 0.260 global: 0.539 spatial: 0.135 
(epoch: 64, iters: 3560, time: 0.487, data: 0.001) G_GAN_ViT: 0.231 D_real_ViT: 0.211 D_fake_ViT: 0.290 global: 0.276 spatial: 0.061 
(epoch: 64, iters: 3660, time: 0.487, data: 0.001) G_GAN_ViT: 0.241 D_real_ViT: 0.046 D_fake_ViT: 0.295 global: 0.300 spatial: 0.084 
(epoch: 64, iters: 3760, time: 0.487, data: 0.001) G_GAN_ViT: 0.319 D_real_ViT: 0.195 D_fake_ViT: 0.215 global: 0.467 spatial: 0.088 
(epoch: 64, iters: 3860, time: 0.486, data: 0.001) G_GAN_ViT: 0.234 D_real_ViT: 0.219 D_fake_ViT: 0.293 global: 0.264 spatial: 0.054 
(epoch: 64, iters: 3960, time: 0.486, data: 0.003) G_GAN_ViT: 0.313 D_real_ViT: 0.242 D_fake_ViT: 0.232 global: 0.389 spatial: 0.099 
(epoch: 64, iters: 4060, time: 0.486, data: 0.001) G_GAN_ViT: 0.217 D_real_ViT: 0.291 D_fake_ViT: 0.303 global: 0.263 spatial: 0.063 
(epoch: 64, iters: 4160, time: 0.486, data: 0.001) G_GAN_ViT: 0.325 D_real_ViT: 0.218 D_fake_ViT: 0.230 global: 0.359 spatial: 0.095 
(epoch: 64, iters: 4260, time: 0.486, data: 0.001) G_GAN_ViT: 0.290 D_real_ViT: 0.233 D_fake_ViT: 0.256 global: 0.341 spatial: 0.075 
(epoch: 64, iters: 4360, time: 0.486, data: 0.001) G_GAN_ViT: 0.369 D_real_ViT: 0.230 D_fake_ViT: 0.184 global: 0.337 spatial: 0.085 
(epoch: 64, iters: 4460, time: 0.486, data: 0.001) G_GAN_ViT: 0.318 D_real_ViT: 0.169 D_fake_ViT: 0.212 global: 0.308 spatial: 0.074 
(epoch: 64, iters: 4560, time: 0.486, data: 0.001) G_GAN_ViT: 0.292 D_real_ViT: 0.267 D_fake_ViT: 0.236 global: 0.324 spatial: 0.092 
(epoch: 64, iters: 4660, time: 0.487, data: 0.001) G_GAN_ViT: 0.345 D_real_ViT: 0.245 D_fake_ViT: 0.196 global: 0.359 spatial: 0.085 
(epoch: 64, iters: 4760, time: 0.487, data: 0.001) G_GAN_ViT: 0.428 D_real_ViT: 0.273 D_fake_ViT: 0.164 global: 0.613 spatial: 0.146 
(epoch: 64, iters: 4860, time: 0.486, data: 0.001) G_GAN_ViT: 0.284 D_real_ViT: 0.194 D_fake_ViT: 0.250 global: 0.384 spatial: 0.106 
(epoch: 64, iters: 4960, time: 0.486, data: 0.001) G_GAN_ViT: 0.349 D_real_ViT: 0.290 D_fake_ViT: 0.198 global: 0.327 spatial: 0.086 
saving the latest model (epoch 64, total_iters 325000)
IRVI_single_monitor
(epoch: 64, iters: 5060, time: 0.486, data: 0.001) G_GAN_ViT: 0.384 D_real_ViT: 0.254 D_fake_ViT: 0.167 global: 0.366 spatial: 0.087 
End of epoch 64 / 100 	 Time Taken: 2479 sec
learning rate = 0.0000071
(epoch: 65, iters: 80, time: 0.486, data: 0.001) G_GAN_ViT: 0.303 D_real_ViT: 0.249 D_fake_ViT: 0.236 global: 0.299 spatial: 0.086 
(epoch: 65, iters: 180, time: 0.487, data: 0.002) G_GAN_ViT: 0.431 D_real_ViT: 0.195 D_fake_ViT: 0.167 global: 0.563 spatial: 0.167 
(epoch: 65, iters: 280, time: 0.487, data: 0.001) G_GAN_ViT: 0.205 D_real_ViT: 0.209 D_fake_ViT: 0.347 global: 0.438 spatial: 0.116 
(epoch: 65, iters: 380, time: 0.486, data: 0.001) G_GAN_ViT: 0.327 D_real_ViT: 0.290 D_fake_ViT: 0.205 global: 0.383 spatial: 0.092 
(epoch: 65, iters: 480, time: 0.486, data: 0.001) G_GAN_ViT: 0.378 D_real_ViT: 0.202 D_fake_ViT: 0.180 global: 0.294 spatial: 0.079 
(epoch: 65, iters: 580, time: 0.486, data: 0.001) G_GAN_ViT: 0.344 D_real_ViT: 0.269 D_fake_ViT: 0.207 global: 0.482 spatial: 0.120 
(epoch: 65, iters: 680, time: 0.487, data: 0.001) G_GAN_ViT: 0.261 D_real_ViT: 0.184 D_fake_ViT: 0.267 global: 0.481 spatial: 0.089 
(epoch: 65, iters: 780, time: 0.487, data: 0.001) G_GAN_ViT: 0.281 D_real_ViT: 0.260 D_fake_ViT: 0.257 global: 0.291 spatial: 0.093 
(epoch: 65, iters: 880, time: 0.487, data: 0.001) G_GAN_ViT: 0.245 D_real_ViT: 0.324 D_fake_ViT: 0.280 global: 0.303 spatial: 0.065 
(epoch: 65, iters: 980, time: 0.486, data: 0.001) G_GAN_ViT: 0.250 D_real_ViT: 0.160 D_fake_ViT: 0.276 global: 0.314 spatial: 0.090 
(epoch: 65, iters: 1080, time: 0.487, data: 0.001) G_GAN_ViT: 0.252 D_real_ViT: 0.046 D_fake_ViT: 0.277 global: 0.390 spatial: 0.072 
(epoch: 65, iters: 1180, time: 0.486, data: 0.001) G_GAN_ViT: 0.181 D_real_ViT: 0.281 D_fake_ViT: 0.367 global: 0.300 spatial: 0.087 
(epoch: 65, iters: 1280, time: 0.487, data: 0.001) G_GAN_ViT: 0.331 D_real_ViT: 0.130 D_fake_ViT: 0.204 global: 0.367 spatial: 0.083 
(epoch: 65, iters: 1380, time: 0.487, data: 0.001) G_GAN_ViT: 0.274 D_real_ViT: 0.266 D_fake_ViT: 0.253 global: 0.427 spatial: 0.104 
(epoch: 65, iters: 1480, time: 0.487, data: 0.001) G_GAN_ViT: 0.282 D_real_ViT: 0.264 D_fake_ViT: 0.250 global: 0.331 spatial: 0.071 
(epoch: 65, iters: 1580, time: 0.487, data: 0.001) G_GAN_ViT: 0.420 D_real_ViT: 0.285 D_fake_ViT: 0.153 global: 0.491 spatial: 0.127 
(epoch: 65, iters: 1680, time: 0.486, data: 0.001) G_GAN_ViT: 0.371 D_real_ViT: 0.185 D_fake_ViT: 0.179 global: 0.322 spatial: 0.080 
(epoch: 65, iters: 1780, time: 0.486, data: 0.001) G_GAN_ViT: 0.355 D_real_ViT: 0.288 D_fake_ViT: 0.185 global: 0.441 spatial: 0.109 
(epoch: 65, iters: 1880, time: 0.486, data: 0.001) G_GAN_ViT: 0.565 D_real_ViT: 0.257 D_fake_ViT: 0.102 global: 0.646 spatial: 0.166 
(epoch: 65, iters: 1980, time: 0.487, data: 0.001) G_GAN_ViT: 0.227 D_real_ViT: 0.242 D_fake_ViT: 0.298 global: 0.294 spatial: 0.085 
(epoch: 65, iters: 2080, time: 0.487, data: 0.001) G_GAN_ViT: 0.281 D_real_ViT: 0.214 D_fake_ViT: 0.250 global: 0.295 spatial: 0.065 
(epoch: 65, iters: 2180, time: 0.487, data: 0.001) G_GAN_ViT: 0.303 D_real_ViT: 0.283 D_fake_ViT: 0.222 global: 0.440 spatial: 0.107 
(epoch: 65, iters: 2280, time: 0.486, data: 0.001) G_GAN_ViT: 0.305 D_real_ViT: 0.222 D_fake_ViT: 0.233 global: 0.356 spatial: 0.082 
(epoch: 65, iters: 2380, time: 0.486, data: 0.001) G_GAN_ViT: 0.236 D_real_ViT: 0.197 D_fake_ViT: 0.300 global: 0.327 spatial: 0.082 
(epoch: 65, iters: 2480, time: 0.486, data: 0.001) G_GAN_ViT: 0.329 D_real_ViT: 0.117 D_fake_ViT: 0.228 global: 0.426 spatial: 0.110 
(epoch: 65, iters: 2580, time: 0.487, data: 0.001) G_GAN_ViT: 0.366 D_real_ViT: 0.275 D_fake_ViT: 0.184 global: 0.312 spatial: 0.082 
(epoch: 65, iters: 2680, time: 0.487, data: 0.001) G_GAN_ViT: 0.239 D_real_ViT: 0.235 D_fake_ViT: 0.282 global: 0.336 spatial: 0.087 
(epoch: 65, iters: 2780, time: 0.487, data: 0.001) G_GAN_ViT: 0.292 D_real_ViT: 0.211 D_fake_ViT: 0.234 global: 0.421 spatial: 0.105 
(epoch: 65, iters: 2880, time: 0.488, data: 0.001) G_GAN_ViT: 0.395 D_real_ViT: 0.225 D_fake_ViT: 0.182 global: 0.559 spatial: 0.149 
(epoch: 65, iters: 2980, time: 0.487, data: 0.001) G_GAN_ViT: 0.294 D_real_ViT: 0.218 D_fake_ViT: 0.231 global: 0.395 spatial: 0.097 
(epoch: 65, iters: 3080, time: 0.487, data: 0.001) G_GAN_ViT: 0.436 D_real_ViT: 0.204 D_fake_ViT: 0.144 global: 0.440 spatial: 0.119 
(epoch: 65, iters: 3180, time: 0.486, data: 0.001) G_GAN_ViT: 0.304 D_real_ViT: 0.234 D_fake_ViT: 0.221 global: 0.315 spatial: 0.079 
(epoch: 65, iters: 3280, time: 0.486, data: 0.001) G_GAN_ViT: 0.325 D_real_ViT: 0.228 D_fake_ViT: 0.209 global: 0.411 spatial: 0.106 
(epoch: 65, iters: 3380, time: 0.486, data: 0.001) G_GAN_ViT: 0.350 D_real_ViT: 0.267 D_fake_ViT: 0.188 global: 0.440 spatial: 0.096 
(epoch: 65, iters: 3480, time: 0.486, data: 0.001) G_GAN_ViT: 0.266 D_real_ViT: 0.235 D_fake_ViT: 0.267 global: 0.298 spatial: 0.055 
(epoch: 65, iters: 3580, time: 0.486, data: 0.001) G_GAN_ViT: 0.360 D_real_ViT: 0.191 D_fake_ViT: 0.186 global: 0.379 spatial: 0.079 
(epoch: 65, iters: 3680, time: 0.487, data: 0.001) G_GAN_ViT: 0.336 D_real_ViT: 0.218 D_fake_ViT: 0.202 global: 0.325 spatial: 0.083 
(epoch: 65, iters: 3780, time: 0.486, data: 0.001) G_GAN_ViT: 0.280 D_real_ViT: 0.217 D_fake_ViT: 0.244 global: 0.258 spatial: 0.069 
(epoch: 65, iters: 3880, time: 0.486, data: 0.001) G_GAN_ViT: 0.275 D_real_ViT: 0.329 D_fake_ViT: 0.258 global: 0.397 spatial: 0.102 
(epoch: 65, iters: 3980, time: 0.486, data: 0.001) G_GAN_ViT: 0.407 D_real_ViT: 0.283 D_fake_ViT: 0.166 global: 0.315 spatial: 0.069 
(epoch: 65, iters: 4080, time: 0.486, data: 0.001) G_GAN_ViT: 0.291 D_real_ViT: 0.181 D_fake_ViT: 0.237 global: 0.269 spatial: 0.064 
(epoch: 65, iters: 4180, time: 0.486, data: 0.001) G_GAN_ViT: 0.306 D_real_ViT: 0.269 D_fake_ViT: 0.231 global: 0.420 spatial: 0.114 
(epoch: 65, iters: 4280, time: 0.486, data: 0.001) G_GAN_ViT: 0.404 D_real_ViT: 0.218 D_fake_ViT: 0.161 global: 0.414 spatial: 0.109 
(epoch: 65, iters: 4380, time: 0.487, data: 0.001) G_GAN_ViT: 0.217 D_real_ViT: 0.242 D_fake_ViT: 0.312 global: 0.373 spatial: 0.100 
(epoch: 65, iters: 4480, time: 0.486, data: 0.001) G_GAN_ViT: 0.318 D_real_ViT: 0.188 D_fake_ViT: 0.212 global: 0.396 spatial: 0.079 
(epoch: 65, iters: 4580, time: 0.487, data: 0.001) G_GAN_ViT: 0.310 D_real_ViT: 0.270 D_fake_ViT: 0.223 global: 0.386 spatial: 0.107 
(epoch: 65, iters: 4680, time: 0.487, data: 0.001) G_GAN_ViT: 0.332 D_real_ViT: 0.066 D_fake_ViT: 0.205 global: 0.393 spatial: 0.116 
(epoch: 65, iters: 4780, time: 0.486, data: 0.001) G_GAN_ViT: 0.479 D_real_ViT: 0.101 D_fake_ViT: 0.137 global: 0.634 spatial: 0.161 
(epoch: 65, iters: 4880, time: 0.486, data: 0.001) G_GAN_ViT: 0.386 D_real_ViT: 0.246 D_fake_ViT: 0.180 global: 0.557 spatial: 0.131 
saving the latest model (epoch 65, total_iters 330000)
IRVI_single_monitor
(epoch: 65, iters: 4980, time: 0.487, data: 0.001) G_GAN_ViT: 0.339 D_real_ViT: 0.266 D_fake_ViT: 0.198 global: 0.365 spatial: 0.088 
(epoch: 65, iters: 5080, time: 0.487, data: 0.002) G_GAN_ViT: 0.371 D_real_ViT: 0.185 D_fake_ViT: 0.180 global: 0.441 spatial: 0.087 
saving the model at the end of epoch 65, iters 330200
End of epoch 65 / 100 	 Time Taken: 2481 sec
learning rate = 0.0000069
(epoch: 66, iters: 100, time: 0.487, data: 0.154) G_GAN_ViT: 0.396 D_real_ViT: 0.274 D_fake_ViT: 0.182 global: 0.617 spatial: 0.147 
(epoch: 66, iters: 200, time: 0.487, data: 0.001) G_GAN_ViT: 0.242 D_real_ViT: 0.207 D_fake_ViT: 0.285 global: 0.415 spatial: 0.107 
(epoch: 66, iters: 300, time: 0.487, data: 0.001) G_GAN_ViT: 0.384 D_real_ViT: 0.280 D_fake_ViT: 0.177 global: 0.457 spatial: 0.118 
(epoch: 66, iters: 400, time: 0.487, data: 0.001) G_GAN_ViT: 0.367 D_real_ViT: 0.123 D_fake_ViT: 0.187 global: 0.313 spatial: 0.083 
(epoch: 66, iters: 500, time: 0.487, data: 0.001) G_GAN_ViT: 0.484 D_real_ViT: 0.242 D_fake_ViT: 0.133 global: 0.635 spatial: 0.161 
(epoch: 66, iters: 600, time: 0.487, data: 0.002) G_GAN_ViT: 0.283 D_real_ViT: 0.274 D_fake_ViT: 0.265 global: 0.329 spatial: 0.089 
(epoch: 66, iters: 700, time: 0.487, data: 0.002) G_GAN_ViT: 0.305 D_real_ViT: 0.245 D_fake_ViT: 0.227 global: 0.389 spatial: 0.099 
(epoch: 66, iters: 800, time: 0.487, data: 0.002) G_GAN_ViT: 0.260 D_real_ViT: 0.128 D_fake_ViT: 0.264 global: 0.429 spatial: 0.104 
(epoch: 66, iters: 900, time: 0.487, data: 0.001) G_GAN_ViT: 0.399 D_real_ViT: 0.243 D_fake_ViT: 0.159 global: 0.441 spatial: 0.093 
(epoch: 66, iters: 1000, time: 0.487, data: 0.001) G_GAN_ViT: 0.366 D_real_ViT: 0.264 D_fake_ViT: 0.182 global: 0.408 spatial: 0.112 
(epoch: 66, iters: 1100, time: 0.487, data: 0.001) G_GAN_ViT: 0.390 D_real_ViT: 0.321 D_fake_ViT: 0.179 global: 0.550 spatial: 0.166 
(epoch: 66, iters: 1200, time: 0.487, data: 0.001) G_GAN_ViT: 0.362 D_real_ViT: 0.275 D_fake_ViT: 0.199 global: 0.534 spatial: 0.146 
(epoch: 66, iters: 1300, time: 0.487, data: 0.001) G_GAN_ViT: 0.361 D_real_ViT: 0.237 D_fake_ViT: 0.207 global: 0.526 spatial: 0.157 
(epoch: 66, iters: 1400, time: 0.487, data: 0.001) G_GAN_ViT: 0.319 D_real_ViT: 0.226 D_fake_ViT: 0.242 global: 0.296 spatial: 0.078 
(epoch: 66, iters: 1500, time: 0.487, data: 0.001) G_GAN_ViT: 0.260 D_real_ViT: 0.259 D_fake_ViT: 0.256 global: 0.348 spatial: 0.088 
(epoch: 66, iters: 1600, time: 0.487, data: 0.002) G_GAN_ViT: 0.299 D_real_ViT: 0.205 D_fake_ViT: 0.234 global: 0.410 spatial: 0.104 
(epoch: 66, iters: 1700, time: 0.487, data: 0.002) G_GAN_ViT: 0.254 D_real_ViT: 0.049 D_fake_ViT: 0.276 global: 0.273 spatial: 0.075 
(epoch: 66, iters: 1800, time: 0.487, data: 0.001) G_GAN_ViT: 0.211 D_real_ViT: 0.254 D_fake_ViT: 0.321 global: 0.292 spatial: 0.084 
(epoch: 66, iters: 1900, time: 0.487, data: 0.001) G_GAN_ViT: 0.366 D_real_ViT: 0.109 D_fake_ViT: 0.179 global: 0.374 spatial: 0.091 
(epoch: 66, iters: 2000, time: 0.486, data: 0.001) G_GAN_ViT: 0.310 D_real_ViT: 0.227 D_fake_ViT: 0.225 global: 0.344 spatial: 0.069 
(epoch: 66, iters: 2100, time: 0.487, data: 0.001) G_GAN_ViT: 0.373 D_real_ViT: 0.266 D_fake_ViT: 0.185 global: 0.283 spatial: 0.077 
(epoch: 66, iters: 2200, time: 0.485, data: 0.001) G_GAN_ViT: 0.331 D_real_ViT: 0.263 D_fake_ViT: 0.215 global: 0.324 spatial: 0.079 
(epoch: 66, iters: 2300, time: 0.486, data: 0.001) G_GAN_ViT: 0.276 D_real_ViT: 0.172 D_fake_ViT: 0.257 global: 0.377 spatial: 0.099 
(epoch: 66, iters: 2400, time: 0.486, data: 0.001) G_GAN_ViT: 0.373 D_real_ViT: 0.357 D_fake_ViT: 0.171 global: 0.324 spatial: 0.085 
(epoch: 66, iters: 2500, time: 0.486, data: 0.001) G_GAN_ViT: 0.377 D_real_ViT: 0.311 D_fake_ViT: 0.191 global: 0.490 spatial: 0.132 
(epoch: 66, iters: 2600, time: 0.486, data: 0.001) G_GAN_ViT: 0.312 D_real_ViT: 0.273 D_fake_ViT: 0.225 global: 0.327 spatial: 0.078 
(epoch: 66, iters: 2700, time: 0.487, data: 0.001) G_GAN_ViT: 0.254 D_real_ViT: 0.281 D_fake_ViT: 0.283 global: 0.293 spatial: 0.058 
(epoch: 66, iters: 2800, time: 0.487, data: 0.001) G_GAN_ViT: 0.172 D_real_ViT: 0.263 D_fake_ViT: 0.379 global: 0.359 spatial: 0.098 
(epoch: 66, iters: 2900, time: 0.487, data: 0.001) G_GAN_ViT: 0.446 D_real_ViT: 0.172 D_fake_ViT: 0.166 global: 0.319 spatial: 0.067 
(epoch: 66, iters: 3000, time: 0.487, data: 0.001) G_GAN_ViT: 0.387 D_real_ViT: 0.213 D_fake_ViT: 0.181 global: 0.503 spatial: 0.118 
(epoch: 66, iters: 3100, time: 0.486, data: 0.001) G_GAN_ViT: 0.411 D_real_ViT: 0.249 D_fake_ViT: 0.156 global: 0.371 spatial: 0.102 
(epoch: 66, iters: 3200, time: 0.486, data: 0.002) G_GAN_ViT: 0.211 D_real_ViT: 0.213 D_fake_ViT: 0.314 global: 0.245 spatial: 0.064 
(epoch: 66, iters: 3300, time: 0.487, data: 0.001) G_GAN_ViT: 0.301 D_real_ViT: 0.322 D_fake_ViT: 0.238 global: 0.456 spatial: 0.120 
(epoch: 66, iters: 3400, time: 0.486, data: 0.001) G_GAN_ViT: 0.402 D_real_ViT: 0.210 D_fake_ViT: 0.179 global: 0.467 spatial: 0.128 
(epoch: 66, iters: 3500, time: 0.486, data: 0.001) G_GAN_ViT: 0.343 D_real_ViT: 0.169 D_fake_ViT: 0.195 global: 0.397 spatial: 0.080 
(epoch: 66, iters: 3600, time: 0.486, data: 0.001) G_GAN_ViT: 0.223 D_real_ViT: 0.272 D_fake_ViT: 0.298 global: 0.263 spatial: 0.069 
(epoch: 66, iters: 3700, time: 0.486, data: 0.001) G_GAN_ViT: 0.293 D_real_ViT: 0.177 D_fake_ViT: 0.238 global: 0.410 spatial: 0.111 
(epoch: 66, iters: 3800, time: 0.486, data: 0.001) G_GAN_ViT: 0.314 D_real_ViT: 0.237 D_fake_ViT: 0.213 global: 0.422 spatial: 0.106 
(epoch: 66, iters: 3900, time: 0.486, data: 0.001) G_GAN_ViT: 0.301 D_real_ViT: 0.172 D_fake_ViT: 0.229 global: 0.299 spatial: 0.081 
(epoch: 66, iters: 4000, time: 0.487, data: 0.001) G_GAN_ViT: 0.225 D_real_ViT: 0.156 D_fake_ViT: 0.295 global: 0.257 spatial: 0.067 
(epoch: 66, iters: 4100, time: 0.486, data: 0.001) G_GAN_ViT: 0.291 D_real_ViT: 0.050 D_fake_ViT: 0.249 global: 0.515 spatial: 0.112 
(epoch: 66, iters: 4200, time: 0.486, data: 0.001) G_GAN_ViT: 0.339 D_real_ViT: 0.289 D_fake_ViT: 0.195 global: 0.365 spatial: 0.101 
(epoch: 66, iters: 4300, time: 0.487, data: 0.001) G_GAN_ViT: 0.308 D_real_ViT: 0.254 D_fake_ViT: 0.221 global: 0.467 spatial: 0.096 
(epoch: 66, iters: 4400, time: 0.487, data: 0.001) G_GAN_ViT: 0.236 D_real_ViT: 0.171 D_fake_ViT: 0.309 global: 0.469 spatial: 0.138 
(epoch: 66, iters: 4500, time: 0.487, data: 0.001) G_GAN_ViT: 0.240 D_real_ViT: 0.232 D_fake_ViT: 0.279 global: 0.278 spatial: 0.061 
(epoch: 66, iters: 4600, time: 0.487, data: 0.001) G_GAN_ViT: 0.534 D_real_ViT: 0.257 D_fake_ViT: 0.117 global: 0.535 spatial: 0.146 
(epoch: 66, iters: 4700, time: 0.486, data: 0.001) G_GAN_ViT: 0.397 D_real_ViT: 0.244 D_fake_ViT: 0.168 global: 0.429 spatial: 0.131 
(epoch: 66, iters: 4800, time: 0.486, data: 0.001) G_GAN_ViT: 0.342 D_real_ViT: 0.234 D_fake_ViT: 0.201 global: 0.412 spatial: 0.107 
saving the latest model (epoch 66, total_iters 335000)
IRVI_single_monitor
(epoch: 66, iters: 4900, time: 0.486, data: 0.002) G_GAN_ViT: 0.219 D_real_ViT: 0.243 D_fake_ViT: 0.302 global: 0.259 spatial: 0.065 
(epoch: 66, iters: 5000, time: 0.486, data: 0.001) G_GAN_ViT: 0.406 D_real_ViT: 0.197 D_fake_ViT: 0.170 global: 0.416 spatial: 0.106 
End of epoch 66 / 100 	 Time Taken: 2480 sec
learning rate = 0.0000067
(epoch: 67, iters: 20, time: 0.487, data: 0.001) G_GAN_ViT: 0.412 D_real_ViT: 0.260 D_fake_ViT: 0.168 global: 0.570 spatial: 0.143 
(epoch: 67, iters: 120, time: 0.487, data: 0.003) G_GAN_ViT: 0.372 D_real_ViT: 0.176 D_fake_ViT: 0.176 global: 0.436 spatial: 0.093 
(epoch: 67, iters: 220, time: 0.487, data: 0.001) G_GAN_ViT: 0.208 D_real_ViT: 0.206 D_fake_ViT: 0.331 global: 0.373 spatial: 0.098 
(epoch: 67, iters: 320, time: 0.487, data: 0.002) G_GAN_ViT: 0.354 D_real_ViT: 0.307 D_fake_ViT: 0.184 global: 0.353 spatial: 0.083 
(epoch: 67, iters: 420, time: 0.487, data: 0.001) G_GAN_ViT: 0.305 D_real_ViT: 0.199 D_fake_ViT: 0.234 global: 0.393 spatial: 0.105 
(epoch: 67, iters: 520, time: 0.487, data: 0.002) G_GAN_ViT: 0.366 D_real_ViT: 0.230 D_fake_ViT: 0.187 global: 0.429 spatial: 0.117 
(epoch: 67, iters: 620, time: 0.486, data: 0.001) G_GAN_ViT: 0.499 D_real_ViT: 0.235 D_fake_ViT: 0.121 global: 0.517 spatial: 0.154 
(epoch: 67, iters: 720, time: 0.487, data: 0.001) G_GAN_ViT: 0.341 D_real_ViT: 0.073 D_fake_ViT: 0.210 global: 0.531 spatial: 0.109 
(epoch: 67, iters: 820, time: 0.487, data: 0.001) G_GAN_ViT: 0.373 D_real_ViT: 0.310 D_fake_ViT: 0.176 global: 0.446 spatial: 0.082 
(epoch: 67, iters: 920, time: 0.487, data: 0.001) G_GAN_ViT: 0.362 D_real_ViT: 0.263 D_fake_ViT: 0.191 global: 0.500 spatial: 0.120 
(epoch: 67, iters: 1020, time: 0.487, data: 0.001) G_GAN_ViT: 0.325 D_real_ViT: 0.307 D_fake_ViT: 0.208 global: 0.412 spatial: 0.100 
(epoch: 67, iters: 1120, time: 0.487, data: 0.001) G_GAN_ViT: 0.269 D_real_ViT: 0.157 D_fake_ViT: 0.247 global: 0.430 spatial: 0.102 
(epoch: 67, iters: 1220, time: 0.487, data: 0.001) G_GAN_ViT: 0.285 D_real_ViT: 0.290 D_fake_ViT: 0.246 global: 0.439 spatial: 0.115 
(epoch: 67, iters: 1320, time: 0.486, data: 0.001) G_GAN_ViT: 0.429 D_real_ViT: 0.280 D_fake_ViT: 0.158 global: 0.536 spatial: 0.139 
(epoch: 67, iters: 1420, time: 0.486, data: 0.001) G_GAN_ViT: 0.300 D_real_ViT: 0.314 D_fake_ViT: 0.236 global: 0.426 spatial: 0.087 
(epoch: 67, iters: 1520, time: 0.487, data: 0.001) G_GAN_ViT: 0.311 D_real_ViT: 0.047 D_fake_ViT: 0.221 global: 0.419 spatial: 0.104 
(epoch: 67, iters: 1620, time: 0.487, data: 0.001) G_GAN_ViT: 0.331 D_real_ViT: 0.031 D_fake_ViT: 0.208 global: 0.439 spatial: 0.103 
(epoch: 67, iters: 1720, time: 0.487, data: 0.001) G_GAN_ViT: 0.183 D_real_ViT: 0.407 D_fake_ViT: 0.364 global: 0.498 spatial: 0.110 
(epoch: 67, iters: 1820, time: 0.487, data: 0.001) G_GAN_ViT: 0.351 D_real_ViT: 0.251 D_fake_ViT: 0.195 global: 0.385 spatial: 0.080 
(epoch: 67, iters: 1920, time: 0.487, data: 0.001) G_GAN_ViT: 0.378 D_real_ViT: 0.225 D_fake_ViT: 0.184 global: 0.297 spatial: 0.087 
(epoch: 67, iters: 2020, time: 0.487, data: 0.001) G_GAN_ViT: 0.408 D_real_ViT: 0.150 D_fake_ViT: 0.164 global: 0.523 spatial: 0.123 
(epoch: 67, iters: 2120, time: 0.487, data: 0.001) G_GAN_ViT: 0.284 D_real_ViT: 0.260 D_fake_ViT: 0.240 global: 0.441 spatial: 0.105 
(epoch: 67, iters: 2220, time: 0.487, data: 0.001) G_GAN_ViT: 0.254 D_real_ViT: 0.046 D_fake_ViT: 0.268 global: 0.336 spatial: 0.088 
(epoch: 67, iters: 2320, time: 0.487, data: 0.001) G_GAN_ViT: 0.364 D_real_ViT: 0.236 D_fake_ViT: 0.192 global: 0.423 spatial: 0.120 
(epoch: 67, iters: 2420, time: 0.487, data: 0.001) G_GAN_ViT: 0.332 D_real_ViT: 0.313 D_fake_ViT: 0.213 global: 0.420 spatial: 0.108 
(epoch: 67, iters: 2520, time: 0.487, data: 0.001) G_GAN_ViT: 0.390 D_real_ViT: 0.219 D_fake_ViT: 0.177 global: 0.299 spatial: 0.080 
(epoch: 67, iters: 2620, time: 0.487, data: 0.001) G_GAN_ViT: 0.342 D_real_ViT: 0.447 D_fake_ViT: 0.199 global: 0.341 spatial: 0.081 
(epoch: 67, iters: 2720, time: 0.487, data: 0.001) G_GAN_ViT: 0.311 D_real_ViT: 0.299 D_fake_ViT: 0.218 global: 0.422 spatial: 0.086 
(epoch: 67, iters: 2820, time: 0.488, data: 0.001) G_GAN_ViT: 0.265 D_real_ViT: 0.224 D_fake_ViT: 0.274 global: 0.515 spatial: 0.124 
(epoch: 67, iters: 2920, time: 0.486, data: 0.002) G_GAN_ViT: 0.348 D_real_ViT: 0.297 D_fake_ViT: 0.191 global: 0.372 spatial: 0.088 
(epoch: 67, iters: 3020, time: 0.486, data: 0.001) G_GAN_ViT: 0.325 D_real_ViT: 0.071 D_fake_ViT: 0.217 global: 0.376 spatial: 0.071 
(epoch: 67, iters: 3120, time: 0.487, data: 0.001) G_GAN_ViT: 0.334 D_real_ViT: 0.256 D_fake_ViT: 0.199 global: 0.364 spatial: 0.085 
(epoch: 67, iters: 3220, time: 0.487, data: 0.002) G_GAN_ViT: 0.318 D_real_ViT: 0.292 D_fake_ViT: 0.212 global: 0.425 spatial: 0.088 
(epoch: 67, iters: 3320, time: 0.487, data: 0.002) G_GAN_ViT: 0.349 D_real_ViT: 0.192 D_fake_ViT: 0.198 global: 0.442 spatial: 0.119 
(epoch: 67, iters: 3420, time: 0.487, data: 0.001) G_GAN_ViT: 0.381 D_real_ViT: 0.263 D_fake_ViT: 0.171 global: 0.365 spatial: 0.104 
(epoch: 67, iters: 3520, time: 0.487, data: 0.001) G_GAN_ViT: 0.374 D_real_ViT: 0.230 D_fake_ViT: 0.177 global: 0.355 spatial: 0.083 
(epoch: 67, iters: 3620, time: 0.487, data: 0.001) G_GAN_ViT: 0.342 D_real_ViT: 0.265 D_fake_ViT: 0.214 global: 0.467 spatial: 0.103 
(epoch: 67, iters: 3720, time: 0.488, data: 0.001) G_GAN_ViT: 0.312 D_real_ViT: 0.302 D_fake_ViT: 0.220 global: 0.329 spatial: 0.074 
(epoch: 67, iters: 3820, time: 0.488, data: 0.001) G_GAN_ViT: 0.408 D_real_ViT: 0.302 D_fake_ViT: 0.162 global: 0.464 spatial: 0.138 
(epoch: 67, iters: 3920, time: 0.488, data: 0.002) G_GAN_ViT: 0.326 D_real_ViT: 0.331 D_fake_ViT: 0.212 global: 0.468 spatial: 0.106 
(epoch: 67, iters: 4020, time: 0.487, data: 0.001) G_GAN_ViT: 0.226 D_real_ViT: 0.300 D_fake_ViT: 0.295 global: 0.265 spatial: 0.064 
(epoch: 67, iters: 4120, time: 0.487, data: 0.001) G_GAN_ViT: 0.307 D_real_ViT: 0.307 D_fake_ViT: 0.226 global: 0.333 spatial: 0.082 
(epoch: 67, iters: 4220, time: 0.487, data: 0.001) G_GAN_ViT: 0.316 D_real_ViT: 0.188 D_fake_ViT: 0.215 global: 0.264 spatial: 0.073 
(epoch: 67, iters: 4320, time: 0.487, data: 0.001) G_GAN_ViT: 0.327 D_real_ViT: 0.214 D_fake_ViT: 0.214 global: 0.302 spatial: 0.078 
(epoch: 67, iters: 4420, time: 0.487, data: 0.001) G_GAN_ViT: 0.389 D_real_ViT: 0.227 D_fake_ViT: 0.160 global: 0.331 spatial: 0.093 
(epoch: 67, iters: 4520, time: 0.487, data: 0.001) G_GAN_ViT: 0.289 D_real_ViT: 0.221 D_fake_ViT: 0.244 global: 0.280 spatial: 0.069 
(epoch: 67, iters: 4620, time: 0.487, data: 0.001) G_GAN_ViT: 0.347 D_real_ViT: 0.276 D_fake_ViT: 0.196 global: 0.334 spatial: 0.091 
(epoch: 67, iters: 4720, time: 0.487, data: 0.001) G_GAN_ViT: 0.333 D_real_ViT: 0.254 D_fake_ViT: 0.207 global: 0.459 spatial: 0.089 
saving the latest model (epoch 67, total_iters 340000)
IRVI_single_monitor
(epoch: 67, iters: 4820, time: 0.486, data: 0.001) G_GAN_ViT: 0.296 D_real_ViT: 0.253 D_fake_ViT: 0.246 global: 0.371 spatial: 0.096 
(epoch: 67, iters: 4920, time: 0.486, data: 0.001) G_GAN_ViT: 0.472 D_real_ViT: 0.320 D_fake_ViT: 0.138 global: 0.498 spatial: 0.131 
(epoch: 67, iters: 5020, time: 0.487, data: 0.001) G_GAN_ViT: 0.212 D_real_ViT: 0.310 D_fake_ViT: 0.318 global: 0.375 spatial: 0.078 
End of epoch 67 / 100 	 Time Taken: 2481 sec
learning rate = 0.0000065
(epoch: 68, iters: 40, time: 0.487, data: 0.001) G_GAN_ViT: 0.373 D_real_ViT: 0.249 D_fake_ViT: 0.177 global: 0.408 spatial: 0.106 
(epoch: 68, iters: 140, time: 0.487, data: 0.001) G_GAN_ViT: 0.400 D_real_ViT: 0.119 D_fake_ViT: 0.171 global: 0.622 spatial: 0.142 
(epoch: 68, iters: 240, time: 0.487, data: 0.001) G_GAN_ViT: 0.242 D_real_ViT: 0.228 D_fake_ViT: 0.287 global: 0.468 spatial: 0.111 
(epoch: 68, iters: 340, time: 0.487, data: 0.001) G_GAN_ViT: 0.238 D_real_ViT: 0.310 D_fake_ViT: 0.282 global: 0.357 spatial: 0.078 
(epoch: 68, iters: 440, time: 0.487, data: 0.001) G_GAN_ViT: 0.359 D_real_ViT: 0.255 D_fake_ViT: 0.189 global: 0.470 spatial: 0.107 
(epoch: 68, iters: 540, time: 0.487, data: 0.001) G_GAN_ViT: 0.204 D_real_ViT: 0.363 D_fake_ViT: 0.329 global: 0.305 spatial: 0.083 
(epoch: 68, iters: 640, time: 0.487, data: 0.001) G_GAN_ViT: 0.267 D_real_ViT: 0.277 D_fake_ViT: 0.273 global: 0.373 spatial: 0.075 
(epoch: 68, iters: 740, time: 0.487, data: 0.001) G_GAN_ViT: 0.502 D_real_ViT: 0.250 D_fake_ViT: 0.123 global: 0.616 spatial: 0.165 
(epoch: 68, iters: 840, time: 0.487, data: 0.002) G_GAN_ViT: 0.316 D_real_ViT: 0.363 D_fake_ViT: 0.209 global: 0.420 spatial: 0.102 
(epoch: 68, iters: 940, time: 0.487, data: 0.001) G_GAN_ViT: 0.345 D_real_ViT: 0.263 D_fake_ViT: 0.196 global: 0.303 spatial: 0.083 
(epoch: 68, iters: 1040, time: 0.487, data: 0.001) G_GAN_ViT: 0.290 D_real_ViT: 0.369 D_fake_ViT: 0.233 global: 0.421 spatial: 0.106 
(epoch: 68, iters: 1140, time: 0.487, data: 0.001) G_GAN_ViT: 0.337 D_real_ViT: 0.272 D_fake_ViT: 0.197 global: 0.378 spatial: 0.093 
(epoch: 68, iters: 1240, time: 0.487, data: 0.002) G_GAN_ViT: 0.222 D_real_ViT: 0.292 D_fake_ViT: 0.309 global: 0.478 spatial: 0.110 
(epoch: 68, iters: 1340, time: 0.487, data: 0.001) G_GAN_ViT: 0.349 D_real_ViT: 0.198 D_fake_ViT: 0.200 global: 0.405 spatial: 0.086 
(epoch: 68, iters: 1440, time: 0.487, data: 0.001) G_GAN_ViT: 0.369 D_real_ViT: 0.289 D_fake_ViT: 0.176 global: 0.387 spatial: 0.106 
(epoch: 68, iters: 1540, time: 0.487, data: 0.001) G_GAN_ViT: 0.189 D_real_ViT: 0.245 D_fake_ViT: 0.358 global: 0.286 spatial: 0.050 
(epoch: 68, iters: 1640, time: 0.487, data: 0.001) G_GAN_ViT: 0.271 D_real_ViT: 0.254 D_fake_ViT: 0.252 global: 0.295 spatial: 0.078 
(epoch: 68, iters: 1740, time: 0.487, data: 0.001) G_GAN_ViT: 0.366 D_real_ViT: 0.220 D_fake_ViT: 0.181 global: 0.341 spatial: 0.093 
(epoch: 68, iters: 1840, time: 0.487, data: 0.001) G_GAN_ViT: 0.275 D_real_ViT: 0.258 D_fake_ViT: 0.249 global: 0.438 spatial: 0.098 
(epoch: 68, iters: 1940, time: 0.487, data: 0.001) G_GAN_ViT: 0.262 D_real_ViT: 0.279 D_fake_ViT: 0.264 global: 0.321 spatial: 0.069 
(epoch: 68, iters: 2040, time: 0.487, data: 0.001) G_GAN_ViT: 0.302 D_real_ViT: 0.228 D_fake_ViT: 0.232 global: 0.444 spatial: 0.112 
(epoch: 68, iters: 2140, time: 0.487, data: 0.001) G_GAN_ViT: 0.338 D_real_ViT: 0.194 D_fake_ViT: 0.196 global: 0.359 spatial: 0.086 
(epoch: 68, iters: 2240, time: 0.488, data: 0.001) G_GAN_ViT: 0.335 D_real_ViT: 0.267 D_fake_ViT: 0.205 global: 0.448 spatial: 0.104 
(epoch: 68, iters: 2340, time: 0.487, data: 0.001) G_GAN_ViT: 0.397 D_real_ViT: 0.295 D_fake_ViT: 0.164 global: 0.454 spatial: 0.102 
(epoch: 68, iters: 2440, time: 0.487, data: 0.001) G_GAN_ViT: 0.362 D_real_ViT: 0.312 D_fake_ViT: 0.177 global: 0.342 spatial: 0.077 
(epoch: 68, iters: 2540, time: 0.487, data: 0.001) G_GAN_ViT: 0.337 D_real_ViT: 0.164 D_fake_ViT: 0.197 global: 0.393 spatial: 0.082 
(epoch: 68, iters: 2640, time: 0.487, data: 0.001) G_GAN_ViT: 0.410 D_real_ViT: 0.166 D_fake_ViT: 0.156 global: 0.430 spatial: 0.096 
(epoch: 68, iters: 2740, time: 0.487, data: 0.001) G_GAN_ViT: 0.226 D_real_ViT: 0.180 D_fake_ViT: 0.298 global: 0.329 spatial: 0.083 
(epoch: 68, iters: 2840, time: 0.486, data: 0.001) G_GAN_ViT: 0.369 D_real_ViT: 0.328 D_fake_ViT: 0.176 global: 0.325 spatial: 0.100 
(epoch: 68, iters: 2940, time: 0.486, data: 0.001) G_GAN_ViT: 0.343 D_real_ViT: 0.244 D_fake_ViT: 0.212 global: 0.315 spatial: 0.078 
(epoch: 68, iters: 3040, time: 0.487, data: 0.001) G_GAN_ViT: 0.284 D_real_ViT: 0.256 D_fake_ViT: 0.250 global: 0.319 spatial: 0.076 
(epoch: 68, iters: 3140, time: 0.486, data: 0.002) G_GAN_ViT: 0.257 D_real_ViT: 0.331 D_fake_ViT: 0.274 global: 0.272 spatial: 0.070 
(epoch: 68, iters: 3240, time: 0.486, data: 0.002) G_GAN_ViT: 0.242 D_real_ViT: 0.272 D_fake_ViT: 0.279 global: 0.335 spatial: 0.089 
(epoch: 68, iters: 3340, time: 0.487, data: 0.001) G_GAN_ViT: 0.327 D_real_ViT: 0.345 D_fake_ViT: 0.222 global: 0.308 spatial: 0.074 
(epoch: 68, iters: 3440, time: 0.487, data: 0.001) G_GAN_ViT: 0.262 D_real_ViT: 0.503 D_fake_ViT: 0.258 global: 0.336 spatial: 0.084 
(epoch: 68, iters: 3540, time: 0.486, data: 0.001) G_GAN_ViT: 0.271 D_real_ViT: 0.250 D_fake_ViT: 0.261 global: 0.330 spatial: 0.069 
(epoch: 68, iters: 3640, time: 0.486, data: 0.001) G_GAN_ViT: 0.307 D_real_ViT: 0.265 D_fake_ViT: 0.220 global: 0.298 spatial: 0.083 
(epoch: 68, iters: 3740, time: 0.486, data: 0.001) G_GAN_ViT: 0.355 D_real_ViT: 0.197 D_fake_ViT: 0.186 global: 0.332 spatial: 0.066 
(epoch: 68, iters: 3840, time: 0.487, data: 0.001) G_GAN_ViT: 0.274 D_real_ViT: 0.263 D_fake_ViT: 0.243 global: 0.375 spatial: 0.079 
(epoch: 68, iters: 3940, time: 0.487, data: 0.001) G_GAN_ViT: 0.244 D_real_ViT: 0.250 D_fake_ViT: 0.283 global: 0.368 spatial: 0.077 
(epoch: 68, iters: 4040, time: 0.487, data: 0.002) G_GAN_ViT: 0.381 D_real_ViT: 0.267 D_fake_ViT: 0.179 global: 0.409 spatial: 0.103 
(epoch: 68, iters: 4140, time: 0.487, data: 0.002) G_GAN_ViT: 0.354 D_real_ViT: 0.207 D_fake_ViT: 0.195 global: 0.425 spatial: 0.110 
(epoch: 68, iters: 4240, time: 0.487, data: 0.001) G_GAN_ViT: 0.361 D_real_ViT: 0.035 D_fake_ViT: 0.186 global: 0.381 spatial: 0.078 
(epoch: 68, iters: 4340, time: 0.487, data: 0.001) G_GAN_ViT: 0.343 D_real_ViT: 0.180 D_fake_ViT: 0.200 global: 0.327 spatial: 0.081 
(epoch: 68, iters: 4440, time: 0.486, data: 0.001) G_GAN_ViT: 0.247 D_real_ViT: 0.231 D_fake_ViT: 0.270 global: 0.268 spatial: 0.068 
(epoch: 68, iters: 4540, time: 0.486, data: 0.001) G_GAN_ViT: 0.482 D_real_ViT: 0.241 D_fake_ViT: 0.139 global: 0.520 spatial: 0.144 
(epoch: 68, iters: 4640, time: 0.486, data: 0.001) G_GAN_ViT: 0.249 D_real_ViT: 0.262 D_fake_ViT: 0.291 global: 0.350 spatial: 0.080 
saving the latest model (epoch 68, total_iters 345000)
IRVI_single_monitor
(epoch: 68, iters: 4740, time: 0.486, data: 0.002) G_GAN_ViT: 0.217 D_real_ViT: 0.308 D_fake_ViT: 0.316 global: 0.352 spatial: 0.097 
(epoch: 68, iters: 4840, time: 0.486, data: 0.001) G_GAN_ViT: 0.330 D_real_ViT: 0.184 D_fake_ViT: 0.210 global: 0.301 spatial: 0.085 
(epoch: 68, iters: 4940, time: 0.487, data: 0.001) G_GAN_ViT: 0.289 D_real_ViT: 0.257 D_fake_ViT: 0.237 global: 0.280 spatial: 0.068 
(epoch: 68, iters: 5040, time: 0.487, data: 0.001) G_GAN_ViT: 0.392 D_real_ViT: 0.225 D_fake_ViT: 0.166 global: 0.357 spatial: 0.089 
End of epoch 68 / 100 	 Time Taken: 2481 sec
learning rate = 0.0000063
(epoch: 69, iters: 60, time: 0.487, data: 0.001) G_GAN_ViT: 0.358 D_real_ViT: 0.291 D_fake_ViT: 0.183 global: 0.526 spatial: 0.104 
(epoch: 69, iters: 160, time: 0.487, data: 0.001) G_GAN_ViT: 0.216 D_real_ViT: 0.269 D_fake_ViT: 0.318 global: 0.245 spatial: 0.057 
(epoch: 69, iters: 260, time: 0.487, data: 0.001) G_GAN_ViT: 0.279 D_real_ViT: 0.237 D_fake_ViT: 0.246 global: 0.406 spatial: 0.101 
(epoch: 69, iters: 360, time: 0.487, data: 0.002) G_GAN_ViT: 0.316 D_real_ViT: 0.306 D_fake_ViT: 0.225 global: 0.558 spatial: 0.131 
(epoch: 69, iters: 460, time: 0.487, data: 0.001) G_GAN_ViT: 0.371 D_real_ViT: 0.251 D_fake_ViT: 0.194 global: 0.530 spatial: 0.150 
(epoch: 69, iters: 560, time: 0.487, data: 0.001) G_GAN_ViT: 0.346 D_real_ViT: 0.211 D_fake_ViT: 0.197 global: 0.453 spatial: 0.112 
(epoch: 69, iters: 660, time: 0.487, data: 0.002) G_GAN_ViT: 0.221 D_real_ViT: 0.218 D_fake_ViT: 0.309 global: 0.248 spatial: 0.079 
(epoch: 69, iters: 760, time: 0.487, data: 0.001) G_GAN_ViT: 0.325 D_real_ViT: 0.332 D_fake_ViT: 0.213 global: 0.328 spatial: 0.088 
(epoch: 69, iters: 860, time: 0.487, data: 0.002) G_GAN_ViT: 0.356 D_real_ViT: 0.329 D_fake_ViT: 0.183 global: 0.366 spatial: 0.088 
(epoch: 69, iters: 960, time: 0.487, data: 0.001) G_GAN_ViT: 0.363 D_real_ViT: 0.312 D_fake_ViT: 0.187 global: 0.285 spatial: 0.078 
(epoch: 69, iters: 1060, time: 0.487, data: 0.001) G_GAN_ViT: 0.355 D_real_ViT: 0.240 D_fake_ViT: 0.199 global: 0.401 spatial: 0.095 
(epoch: 69, iters: 1160, time: 0.487, data: 0.001) G_GAN_ViT: 0.400 D_real_ViT: 0.219 D_fake_ViT: 0.172 global: 0.276 spatial: 0.080 
(epoch: 69, iters: 1260, time: 0.487, data: 0.001) G_GAN_ViT: 0.231 D_real_ViT: 0.244 D_fake_ViT: 0.305 global: 0.427 spatial: 0.114 
(epoch: 69, iters: 1360, time: 0.487, data: 0.002) G_GAN_ViT: 0.427 D_real_ViT: 0.284 D_fake_ViT: 0.172 global: 0.347 spatial: 0.076 
(epoch: 69, iters: 1460, time: 0.487, data: 0.001) G_GAN_ViT: 0.302 D_real_ViT: 0.281 D_fake_ViT: 0.227 global: 0.327 spatial: 0.079 
(epoch: 69, iters: 1560, time: 0.487, data: 0.002) G_GAN_ViT: 0.301 D_real_ViT: 0.315 D_fake_ViT: 0.232 global: 0.418 spatial: 0.104 
(epoch: 69, iters: 1660, time: 0.487, data: 0.001) G_GAN_ViT: 0.422 D_real_ViT: 0.228 D_fake_ViT: 0.155 global: 0.290 spatial: 0.078 
(epoch: 69, iters: 1760, time: 0.487, data: 0.001) G_GAN_ViT: 0.260 D_real_ViT: 0.271 D_fake_ViT: 0.266 global: 0.378 spatial: 0.066 
(epoch: 69, iters: 1860, time: 0.487, data: 0.002) G_GAN_ViT: 0.587 D_real_ViT: 0.232 D_fake_ViT: 0.097 global: 0.553 spatial: 0.143 
(epoch: 69, iters: 1960, time: 0.487, data: 0.001) G_GAN_ViT: 0.369 D_real_ViT: 0.229 D_fake_ViT: 0.178 global: 0.418 spatial: 0.104 
(epoch: 69, iters: 2060, time: 0.487, data: 0.002) G_GAN_ViT: 0.212 D_real_ViT: 0.188 D_fake_ViT: 0.315 global: 0.250 spatial: 0.067 
(epoch: 69, iters: 2160, time: 0.487, data: 0.001) G_GAN_ViT: 0.261 D_real_ViT: 0.229 D_fake_ViT: 0.260 global: 0.300 spatial: 0.080 
(epoch: 69, iters: 2260, time: 0.487, data: 0.001) G_GAN_ViT: 0.472 D_real_ViT: 0.203 D_fake_ViT: 0.137 global: 0.309 spatial: 0.084 
(epoch: 69, iters: 2360, time: 0.487, data: 0.001) G_GAN_ViT: 0.333 D_real_ViT: 0.253 D_fake_ViT: 0.210 global: 0.262 spatial: 0.091 
(epoch: 69, iters: 2460, time: 0.487, data: 0.001) G_GAN_ViT: 0.300 D_real_ViT: 0.055 D_fake_ViT: 0.253 global: 0.529 spatial: 0.152 
(epoch: 69, iters: 2560, time: 0.486, data: 0.001) G_GAN_ViT: 0.287 D_real_ViT: 0.224 D_fake_ViT: 0.230 global: 0.281 spatial: 0.064 
(epoch: 69, iters: 2660, time: 0.486, data: 0.002) G_GAN_ViT: 0.332 D_real_ViT: 0.201 D_fake_ViT: 0.220 global: 0.563 spatial: 0.148 
(epoch: 69, iters: 2760, time: 0.486, data: 0.001) G_GAN_ViT: 0.216 D_real_ViT: 0.240 D_fake_ViT: 0.320 global: 0.480 spatial: 0.105 
(epoch: 69, iters: 2860, time: 0.486, data: 0.001) G_GAN_ViT: 0.425 D_real_ViT: 0.208 D_fake_ViT: 0.150 global: 0.381 spatial: 0.104 
(epoch: 69, iters: 2960, time: 0.486, data: 0.001) G_GAN_ViT: 0.390 D_real_ViT: 0.287 D_fake_ViT: 0.167 global: 0.399 spatial: 0.115 
(epoch: 69, iters: 3060, time: 0.486, data: 0.001) G_GAN_ViT: 0.277 D_real_ViT: 0.261 D_fake_ViT: 0.245 global: 0.263 spatial: 0.059 
(epoch: 69, iters: 3160, time: 0.486, data: 0.001) G_GAN_ViT: 0.367 D_real_ViT: 0.196 D_fake_ViT: 0.180 global: 0.349 spatial: 0.096 
(epoch: 69, iters: 3260, time: 0.486, data: 0.002) G_GAN_ViT: 0.297 D_real_ViT: 0.251 D_fake_ViT: 0.233 global: 0.349 spatial: 0.067 
(epoch: 69, iters: 3360, time: 0.486, data: 0.002) G_GAN_ViT: 0.302 D_real_ViT: 0.283 D_fake_ViT: 0.229 global: 0.311 spatial: 0.078 
(epoch: 69, iters: 3460, time: 0.485, data: 0.002) G_GAN_ViT: 0.310 D_real_ViT: 0.274 D_fake_ViT: 0.223 global: 0.371 spatial: 0.109 
(epoch: 69, iters: 3560, time: 0.485, data: 0.001) G_GAN_ViT: 0.348 D_real_ViT: 0.269 D_fake_ViT: 0.192 global: 0.405 spatial: 0.104 
(epoch: 69, iters: 3660, time: 0.486, data: 0.001) G_GAN_ViT: 0.303 D_real_ViT: 0.234 D_fake_ViT: 0.233 global: 0.335 spatial: 0.080 
(epoch: 69, iters: 3760, time: 0.486, data: 0.001) G_GAN_ViT: 0.247 D_real_ViT: 0.247 D_fake_ViT: 0.288 global: 0.382 spatial: 0.097 
(epoch: 69, iters: 3860, time: 0.486, data: 0.001) G_GAN_ViT: 0.322 D_real_ViT: 0.180 D_fake_ViT: 0.224 global: 0.303 spatial: 0.081 
(epoch: 69, iters: 3960, time: 0.486, data: 0.001) G_GAN_ViT: 0.332 D_real_ViT: 0.223 D_fake_ViT: 0.199 global: 0.364 spatial: 0.090 
(epoch: 69, iters: 4060, time: 0.486, data: 0.001) G_GAN_ViT: 0.376 D_real_ViT: 0.299 D_fake_ViT: 0.173 global: 0.455 spatial: 0.092 
(epoch: 69, iters: 4160, time: 0.486, data: 0.001) G_GAN_ViT: 0.304 D_real_ViT: 0.367 D_fake_ViT: 0.233 global: 0.305 spatial: 0.082 
(epoch: 69, iters: 4260, time: 0.486, data: 0.002) G_GAN_ViT: 0.292 D_real_ViT: 0.166 D_fake_ViT: 0.237 global: 0.330 spatial: 0.085 
(epoch: 69, iters: 4360, time: 0.486, data: 0.001) G_GAN_ViT: 0.205 D_real_ViT: 0.243 D_fake_ViT: 0.320 global: 0.298 spatial: 0.084 
(epoch: 69, iters: 4460, time: 0.486, data: 0.001) G_GAN_ViT: 0.351 D_real_ViT: 0.255 D_fake_ViT: 0.186 global: 0.342 spatial: 0.080 
(epoch: 69, iters: 4560, time: 0.486, data: 0.001) G_GAN_ViT: 0.215 D_real_ViT: 0.205 D_fake_ViT: 0.318 global: 0.473 spatial: 0.112 
saving the latest model (epoch 69, total_iters 350000)
IRVI_single_monitor
(epoch: 69, iters: 4660, time: 0.486, data: 0.002) G_GAN_ViT: 0.244 D_real_ViT: 0.136 D_fake_ViT: 0.276 global: 0.360 spatial: 0.068 
(epoch: 69, iters: 4760, time: 0.486, data: 0.001) G_GAN_ViT: 0.329 D_real_ViT: 0.252 D_fake_ViT: 0.209 global: 0.417 spatial: 0.096 
(epoch: 69, iters: 4860, time: 0.487, data: 0.001) G_GAN_ViT: 0.220 D_real_ViT: 0.194 D_fake_ViT: 0.304 global: 0.355 spatial: 0.074 
(epoch: 69, iters: 4960, time: 0.487, data: 0.002) G_GAN_ViT: 0.342 D_real_ViT: 0.311 D_fake_ViT: 0.203 global: 0.312 spatial: 0.091 
(epoch: 69, iters: 5060, time: 0.487, data: 0.001) G_GAN_ViT: 0.347 D_real_ViT: 0.184 D_fake_ViT: 0.192 global: 0.321 spatial: 0.081 
End of epoch 69 / 100 	 Time Taken: 2479 sec
learning rate = 0.0000061
(epoch: 70, iters: 80, time: 0.487, data: 0.002) G_GAN_ViT: 0.365 D_real_ViT: 0.232 D_fake_ViT: 0.179 global: 0.441 spatial: 0.117 
(epoch: 70, iters: 180, time: 0.487, data: 0.002) G_GAN_ViT: 0.331 D_real_ViT: 0.266 D_fake_ViT: 0.219 global: 0.456 spatial: 0.117 
(epoch: 70, iters: 280, time: 0.487, data: 0.001) G_GAN_ViT: 0.186 D_real_ViT: 0.190 D_fake_ViT: 0.358 global: 0.448 spatial: 0.109 
(epoch: 70, iters: 380, time: 0.487, data: 0.001) G_GAN_ViT: 0.267 D_real_ViT: 0.153 D_fake_ViT: 0.264 global: 0.473 spatial: 0.116 
(epoch: 70, iters: 480, time: 0.487, data: 0.001) G_GAN_ViT: 0.178 D_real_ViT: 0.253 D_fake_ViT: 0.374 global: 0.487 spatial: 0.112 
(epoch: 70, iters: 580, time: 0.487, data: 0.001) G_GAN_ViT: 0.299 D_real_ViT: 0.315 D_fake_ViT: 0.235 global: 0.501 spatial: 0.098 
(epoch: 70, iters: 680, time: 0.487, data: 0.002) G_GAN_ViT: 0.271 D_real_ViT: 0.269 D_fake_ViT: 0.252 global: 0.403 spatial: 0.080 
(epoch: 70, iters: 780, time: 0.487, data: 0.001) G_GAN_ViT: 0.239 D_real_ViT: 0.299 D_fake_ViT: 0.280 global: 0.275 spatial: 0.066 
(epoch: 70, iters: 880, time: 0.487, data: 0.001) G_GAN_ViT: 0.334 D_real_ViT: 0.299 D_fake_ViT: 0.219 global: 0.456 spatial: 0.115 
(epoch: 70, iters: 980, time: 0.487, data: 0.001) G_GAN_ViT: 0.393 D_real_ViT: 0.283 D_fake_ViT: 0.178 global: 0.590 spatial: 0.144 
(epoch: 70, iters: 1080, time: 0.487, data: 0.001) G_GAN_ViT: 0.308 D_real_ViT: 0.211 D_fake_ViT: 0.217 global: 0.376 spatial: 0.080 
(epoch: 70, iters: 1180, time: 0.487, data: 0.001) G_GAN_ViT: 0.298 D_real_ViT: 0.244 D_fake_ViT: 0.238 global: 0.541 spatial: 0.101 
(epoch: 70, iters: 1280, time: 0.488, data: 0.001) G_GAN_ViT: 0.238 D_real_ViT: 0.196 D_fake_ViT: 0.281 global: 0.322 spatial: 0.083 
(epoch: 70, iters: 1380, time: 0.488, data: 0.001) G_GAN_ViT: 0.267 D_real_ViT: 0.192 D_fake_ViT: 0.262 global: 0.448 spatial: 0.091 
(epoch: 70, iters: 1480, time: 0.488, data: 0.001) G_GAN_ViT: 0.346 D_real_ViT: 0.321 D_fake_ViT: 0.193 global: 0.365 spatial: 0.082 
(epoch: 70, iters: 1580, time: 0.488, data: 0.001) G_GAN_ViT: 0.314 D_real_ViT: 0.185 D_fake_ViT: 0.217 global: 0.299 spatial: 0.084 
(epoch: 70, iters: 1680, time: 0.488, data: 0.002) G_GAN_ViT: 0.403 D_real_ViT: 0.280 D_fake_ViT: 0.162 global: 0.293 spatial: 0.079 
(epoch: 70, iters: 1780, time: 0.487, data: 0.002) G_GAN_ViT: 0.365 D_real_ViT: 0.212 D_fake_ViT: 0.180 global: 0.487 spatial: 0.090 
(epoch: 70, iters: 1880, time: 0.487, data: 0.001) G_GAN_ViT: 0.297 D_real_ViT: 0.226 D_fake_ViT: 0.235 global: 0.290 spatial: 0.082 
(epoch: 70, iters: 1980, time: 0.487, data: 0.001) G_GAN_ViT: 0.390 D_real_ViT: 0.366 D_fake_ViT: 0.175 global: 0.314 spatial: 0.079 
(epoch: 70, iters: 2080, time: 0.487, data: 0.001) G_GAN_ViT: 0.295 D_real_ViT: 0.309 D_fake_ViT: 0.234 global: 0.328 spatial: 0.079 
(epoch: 70, iters: 2180, time: 0.487, data: 0.002) G_GAN_ViT: 0.390 D_real_ViT: 0.106 D_fake_ViT: 0.173 global: 0.560 spatial: 0.105 
(epoch: 70, iters: 2280, time: 0.487, data: 0.001) G_GAN_ViT: 0.305 D_real_ViT: 0.158 D_fake_ViT: 0.225 global: 0.277 spatial: 0.065 
(epoch: 70, iters: 2380, time: 0.487, data: 0.001) G_GAN_ViT: 0.308 D_real_ViT: 0.230 D_fake_ViT: 0.236 global: 0.526 spatial: 0.138 
(epoch: 70, iters: 2480, time: 0.487, data: 0.002) G_GAN_ViT: 0.286 D_real_ViT: 0.308 D_fake_ViT: 0.238 global: 0.398 spatial: 0.104 
(epoch: 70, iters: 2580, time: 0.487, data: 0.001) G_GAN_ViT: 0.324 D_real_ViT: 0.191 D_fake_ViT: 0.214 global: 0.318 spatial: 0.086 
(epoch: 70, iters: 2680, time: 0.487, data: 0.001) G_GAN_ViT: 0.245 D_real_ViT: 0.164 D_fake_ViT: 0.269 global: 0.336 spatial: 0.083 
(epoch: 70, iters: 2780, time: 0.487, data: 0.001) G_GAN_ViT: 0.443 D_real_ViT: 0.230 D_fake_ViT: 0.136 global: 0.405 spatial: 0.116 
(epoch: 70, iters: 2880, time: 0.487, data: 0.001) G_GAN_ViT: 0.295 D_real_ViT: 0.199 D_fake_ViT: 0.231 global: 0.344 spatial: 0.086 
(epoch: 70, iters: 2980, time: 0.487, data: 0.001) G_GAN_ViT: 0.332 D_real_ViT: 0.055 D_fake_ViT: 0.223 global: 0.560 spatial: 0.125 
(epoch: 70, iters: 3080, time: 0.487, data: 0.001) G_GAN_ViT: 0.318 D_real_ViT: 0.231 D_fake_ViT: 0.218 global: 0.307 spatial: 0.074 
(epoch: 70, iters: 3180, time: 0.487, data: 0.002) G_GAN_ViT: 0.348 D_real_ViT: 0.194 D_fake_ViT: 0.188 global: 0.371 spatial: 0.083 
(epoch: 70, iters: 3280, time: 0.488, data: 0.001) G_GAN_ViT: 0.364 D_real_ViT: 0.387 D_fake_ViT: 0.182 global: 0.436 spatial: 0.108 
(epoch: 70, iters: 3380, time: 0.488, data: 0.001) G_GAN_ViT: 0.339 D_real_ViT: 0.275 D_fake_ViT: 0.195 global: 0.364 spatial: 0.086 
(epoch: 70, iters: 3480, time: 0.488, data: 0.001) G_GAN_ViT: 0.434 D_real_ViT: 0.316 D_fake_ViT: 0.154 global: 0.469 spatial: 0.123 
(epoch: 70, iters: 3580, time: 0.488, data: 0.001) G_GAN_ViT: 0.432 D_real_ViT: 0.300 D_fake_ViT: 0.142 global: 0.450 spatial: 0.138 
(epoch: 70, iters: 3680, time: 0.488, data: 0.002) G_GAN_ViT: 0.262 D_real_ViT: 0.202 D_fake_ViT: 0.266 global: 0.380 spatial: 0.102 
(epoch: 70, iters: 3780, time: 0.486, data: 0.001) G_GAN_ViT: 0.280 D_real_ViT: 0.224 D_fake_ViT: 0.243 global: 0.289 spatial: 0.069 
(epoch: 70, iters: 3880, time: 0.487, data: 0.001) G_GAN_ViT: 0.258 D_real_ViT: 0.218 D_fake_ViT: 0.280 global: 0.400 spatial: 0.088 
(epoch: 70, iters: 3980, time: 0.487, data: 0.001) G_GAN_ViT: 0.283 D_real_ViT: 0.262 D_fake_ViT: 0.242 global: 0.374 spatial: 0.077 
(epoch: 70, iters: 4080, time: 0.487, data: 0.001) G_GAN_ViT: 0.301 D_real_ViT: 0.307 D_fake_ViT: 0.225 global: 0.334 spatial: 0.060 
(epoch: 70, iters: 4180, time: 0.487, data: 0.001) G_GAN_ViT: 0.340 D_real_ViT: 0.212 D_fake_ViT: 0.198 global: 0.397 spatial: 0.080 
(epoch: 70, iters: 4280, time: 0.487, data: 0.002) G_GAN_ViT: 0.278 D_real_ViT: 0.208 D_fake_ViT: 0.246 global: 0.339 spatial: 0.067 
(epoch: 70, iters: 4380, time: 0.487, data: 0.002) G_GAN_ViT: 0.300 D_real_ViT: 0.286 D_fake_ViT: 0.244 global: 0.451 spatial: 0.111 
(epoch: 70, iters: 4480, time: 0.488, data: 0.001) G_GAN_ViT: 0.378 D_real_ViT: 0.242 D_fake_ViT: 0.165 global: 0.417 spatial: 0.087 
saving the latest model (epoch 70, total_iters 355000)
IRVI_single_monitor
(epoch: 70, iters: 4580, time: 0.488, data: 0.001) G_GAN_ViT: 0.282 D_real_ViT: 0.239 D_fake_ViT: 0.240 global: 0.341 spatial: 0.069 
(epoch: 70, iters: 4680, time: 0.488, data: 0.001) G_GAN_ViT: 0.249 D_real_ViT: 0.270 D_fake_ViT: 0.268 global: 0.251 spatial: 0.063 
(epoch: 70, iters: 4780, time: 0.488, data: 0.001) G_GAN_ViT: 0.440 D_real_ViT: 0.344 D_fake_ViT: 0.151 global: 0.639 spatial: 0.149 
(epoch: 70, iters: 4880, time: 0.488, data: 0.001) G_GAN_ViT: 0.325 D_real_ViT: 0.036 D_fake_ViT: 0.206 global: 0.405 spatial: 0.092 
(epoch: 70, iters: 4980, time: 0.488, data: 0.001) G_GAN_ViT: 0.239 D_real_ViT: 0.290 D_fake_ViT: 0.280 global: 0.263 spatial: 0.060 
(epoch: 70, iters: 5080, time: 0.488, data: 0.001) G_GAN_ViT: 0.317 D_real_ViT: 0.265 D_fake_ViT: 0.216 global: 0.263 spatial: 0.075 
saving the model at the end of epoch 70, iters 355600
End of epoch 70 / 100 	 Time Taken: 2485 sec
learning rate = 0.0000059
(epoch: 71, iters: 100, time: 0.488, data: 0.149) G_GAN_ViT: 0.355 D_real_ViT: 0.203 D_fake_ViT: 0.188 global: 0.351 spatial: 0.101 
(epoch: 71, iters: 200, time: 0.488, data: 0.001) G_GAN_ViT: 0.337 D_real_ViT: 0.235 D_fake_ViT: 0.203 global: 0.413 spatial: 0.100 
(epoch: 71, iters: 300, time: 0.488, data: 0.002) G_GAN_ViT: 0.322 D_real_ViT: 0.121 D_fake_ViT: 0.218 global: 0.586 spatial: 0.137 
(epoch: 71, iters: 400, time: 0.488, data: 0.001) G_GAN_ViT: 0.378 D_real_ViT: 0.081 D_fake_ViT: 0.176 global: 0.304 spatial: 0.081 
(epoch: 71, iters: 500, time: 0.488, data: 0.001) G_GAN_ViT: 0.307 D_real_ViT: 0.284 D_fake_ViT: 0.218 global: 0.452 spatial: 0.096 
(epoch: 71, iters: 600, time: 0.488, data: 0.001) G_GAN_ViT: 0.293 D_real_ViT: 0.213 D_fake_ViT: 0.227 global: 0.302 spatial: 0.081 
(epoch: 71, iters: 700, time: 0.488, data: 0.001) G_GAN_ViT: 0.232 D_real_ViT: 0.209 D_fake_ViT: 0.302 global: 0.439 spatial: 0.115 
(epoch: 71, iters: 800, time: 0.488, data: 0.001) G_GAN_ViT: 0.344 D_real_ViT: 0.246 D_fake_ViT: 0.199 global: 0.390 spatial: 0.100 
(epoch: 71, iters: 900, time: 0.488, data: 0.001) G_GAN_ViT: 0.274 D_real_ViT: 0.366 D_fake_ViT: 0.250 global: 0.348 spatial: 0.088 
(epoch: 71, iters: 1000, time: 0.488, data: 0.002) G_GAN_ViT: 0.338 D_real_ViT: 0.308 D_fake_ViT: 0.194 global: 0.363 spatial: 0.094 
(epoch: 71, iters: 1100, time: 0.488, data: 0.001) G_GAN_ViT: 0.213 D_real_ViT: 0.242 D_fake_ViT: 0.313 global: 0.284 spatial: 0.082 
(epoch: 71, iters: 1200, time: 0.488, data: 0.002) G_GAN_ViT: 0.294 D_real_ViT: 0.279 D_fake_ViT: 0.237 global: 0.306 spatial: 0.069 
(epoch: 71, iters: 1300, time: 0.488, data: 0.001) G_GAN_ViT: 0.351 D_real_ViT: 0.164 D_fake_ViT: 0.198 global: 0.286 spatial: 0.074 
(epoch: 71, iters: 1400, time: 0.488, data: 0.001) G_GAN_ViT: 0.314 D_real_ViT: 0.252 D_fake_ViT: 0.230 global: 0.252 spatial: 0.080 
(epoch: 71, iters: 1500, time: 0.488, data: 0.001) G_GAN_ViT: 0.218 D_real_ViT: 0.183 D_fake_ViT: 0.313 global: 0.450 spatial: 0.107 
(epoch: 71, iters: 1600, time: 0.488, data: 0.001) G_GAN_ViT: 0.375 D_real_ViT: 0.246 D_fake_ViT: 0.183 global: 0.451 spatial: 0.119 
(epoch: 71, iters: 1700, time: 0.488, data: 0.001) G_GAN_ViT: 0.227 D_real_ViT: 0.230 D_fake_ViT: 0.310 global: 0.541 spatial: 0.106 
(epoch: 71, iters: 1800, time: 0.488, data: 0.001) G_GAN_ViT: 0.362 D_real_ViT: 0.173 D_fake_ViT: 0.183 global: 0.335 spatial: 0.078 
(epoch: 71, iters: 1900, time: 0.489, data: 0.001) G_GAN_ViT: 0.338 D_real_ViT: 0.187 D_fake_ViT: 0.197 global: 0.306 spatial: 0.073 
(epoch: 71, iters: 2000, time: 0.489, data: 0.001) G_GAN_ViT: 0.365 D_real_ViT: 0.252 D_fake_ViT: 0.183 global: 0.385 spatial: 0.112 
(epoch: 71, iters: 2100, time: 0.488, data: 0.002) G_GAN_ViT: 0.215 D_real_ViT: 0.250 D_fake_ViT: 0.307 global: 0.257 spatial: 0.062 
(epoch: 71, iters: 2200, time: 0.488, data: 0.001) G_GAN_ViT: 0.199 D_real_ViT: 0.248 D_fake_ViT: 0.342 global: 0.313 spatial: 0.075 
(epoch: 71, iters: 2300, time: 0.488, data: 0.002) G_GAN_ViT: 0.366 D_real_ViT: 0.192 D_fake_ViT: 0.179 global: 0.407 spatial: 0.106 
(epoch: 71, iters: 2400, time: 0.488, data: 0.001) G_GAN_ViT: 0.221 D_real_ViT: 0.204 D_fake_ViT: 0.311 global: 0.452 spatial: 0.107 
(epoch: 71, iters: 2500, time: 0.488, data: 0.002) G_GAN_ViT: 0.428 D_real_ViT: 0.261 D_fake_ViT: 0.153 global: 0.440 spatial: 0.110 
(epoch: 71, iters: 2600, time: 0.488, data: 0.001) G_GAN_ViT: 0.282 D_real_ViT: 0.104 D_fake_ViT: 0.242 global: 0.326 spatial: 0.070 
(epoch: 71, iters: 2700, time: 0.488, data: 0.001) G_GAN_ViT: 0.185 D_real_ViT: 0.386 D_fake_ViT: 0.366 global: 0.468 spatial: 0.135 
(epoch: 71, iters: 2800, time: 0.488, data: 0.001) G_GAN_ViT: 0.375 D_real_ViT: 0.135 D_fake_ViT: 0.169 global: 0.418 spatial: 0.086 
(epoch: 71, iters: 2900, time: 0.488, data: 0.001) G_GAN_ViT: 0.267 D_real_ViT: 0.290 D_fake_ViT: 0.256 global: 0.278 spatial: 0.076 
(epoch: 71, iters: 3000, time: 0.488, data: 0.002) G_GAN_ViT: 0.295 D_real_ViT: 0.107 D_fake_ViT: 0.239 global: 0.303 spatial: 0.078 
(epoch: 71, iters: 3100, time: 0.488, data: 0.001) G_GAN_ViT: 0.274 D_real_ViT: 0.274 D_fake_ViT: 0.248 global: 0.339 spatial: 0.072 
(epoch: 71, iters: 3200, time: 0.488, data: 0.001) G_GAN_ViT: 0.376 D_real_ViT: 0.186 D_fake_ViT: 0.173 global: 0.405 spatial: 0.108 
(epoch: 71, iters: 3300, time: 0.487, data: 0.001) G_GAN_ViT: 0.230 D_real_ViT: 0.223 D_fake_ViT: 0.300 global: 0.365 spatial: 0.103 
(epoch: 71, iters: 3400, time: 0.488, data: 0.001) G_GAN_ViT: 0.420 D_real_ViT: 0.116 D_fake_ViT: 0.154 global: 0.438 spatial: 0.118 
(epoch: 71, iters: 3500, time: 0.487, data: 0.001) G_GAN_ViT: 0.180 D_real_ViT: 0.254 D_fake_ViT: 0.368 global: 0.460 spatial: 0.110 
(epoch: 71, iters: 3600, time: 0.487, data: 0.001) G_GAN_ViT: 0.319 D_real_ViT: 0.290 D_fake_ViT: 0.217 global: 0.541 spatial: 0.100 
(epoch: 71, iters: 3700, time: 0.488, data: 0.001) G_GAN_ViT: 0.411 D_real_ViT: 0.344 D_fake_ViT: 0.153 global: 0.433 spatial: 0.099 
(epoch: 71, iters: 3800, time: 0.488, data: 0.001) G_GAN_ViT: 0.304 D_real_ViT: 0.228 D_fake_ViT: 0.224 global: 0.495 spatial: 0.088 
(epoch: 71, iters: 3900, time: 0.488, data: 0.001) G_GAN_ViT: 0.343 D_real_ViT: 0.280 D_fake_ViT: 0.214 global: 0.557 spatial: 0.146 
(epoch: 71, iters: 4000, time: 0.488, data: 0.001) G_GAN_ViT: 0.372 D_real_ViT: 0.298 D_fake_ViT: 0.195 global: 0.563 spatial: 0.152 
(epoch: 71, iters: 4100, time: 0.488, data: 0.001) G_GAN_ViT: 0.225 D_real_ViT: 0.290 D_fake_ViT: 0.308 global: 0.281 spatial: 0.051 
(epoch: 71, iters: 4200, time: 0.488, data: 0.001) G_GAN_ViT: 0.277 D_real_ViT: 0.068 D_fake_ViT: 0.249 global: 0.290 spatial: 0.083 
(epoch: 71, iters: 4300, time: 0.488, data: 0.001) G_GAN_ViT: 0.265 D_real_ViT: 0.275 D_fake_ViT: 0.268 global: 0.310 spatial: 0.069 
(epoch: 71, iters: 4400, time: 0.488, data: 0.002) G_GAN_ViT: 0.328 D_real_ViT: 0.231 D_fake_ViT: 0.217 global: 0.400 spatial: 0.103 
saving the latest model (epoch 71, total_iters 360000)
IRVI_single_monitor
(epoch: 71, iters: 4500, time: 0.486, data: 0.001) G_GAN_ViT: 0.385 D_real_ViT: 0.238 D_fake_ViT: 0.180 global: 0.404 spatial: 0.106 
(epoch: 71, iters: 4600, time: 0.487, data: 0.001) G_GAN_ViT: 0.361 D_real_ViT: 0.287 D_fake_ViT: 0.178 global: 0.300 spatial: 0.075 
(epoch: 71, iters: 4700, time: 0.487, data: 0.001) G_GAN_ViT: 0.356 D_real_ViT: 0.266 D_fake_ViT: 0.184 global: 0.384 spatial: 0.097 
(epoch: 71, iters: 4800, time: 0.488, data: 0.001) G_GAN_ViT: 0.199 D_real_ViT: 0.247 D_fake_ViT: 0.335 global: 0.252 spatial: 0.073 
(epoch: 71, iters: 4900, time: 0.488, data: 0.002) G_GAN_ViT: 0.318 D_real_ViT: 0.132 D_fake_ViT: 0.215 global: 0.312 spatial: 0.068 
(epoch: 71, iters: 5000, time: 0.488, data: 0.001) G_GAN_ViT: 0.381 D_real_ViT: 0.189 D_fake_ViT: 0.174 global: 0.289 spatial: 0.079 
End of epoch 71 / 100 	 Time Taken: 2487 sec
learning rate = 0.0000057
(epoch: 72, iters: 20, time: 0.489, data: 0.001) G_GAN_ViT: 0.356 D_real_ViT: 0.127 D_fake_ViT: 0.189 global: 0.430 spatial: 0.095 
(epoch: 72, iters: 120, time: 0.488, data: 0.002) G_GAN_ViT: 0.278 D_real_ViT: 0.390 D_fake_ViT: 0.252 global: 0.346 spatial: 0.077 
(epoch: 72, iters: 220, time: 0.488, data: 0.001) G_GAN_ViT: 0.339 D_real_ViT: 0.249 D_fake_ViT: 0.198 global: 0.387 spatial: 0.105 
(epoch: 72, iters: 320, time: 0.488, data: 0.001) G_GAN_ViT: 0.332 D_real_ViT: 0.216 D_fake_ViT: 0.210 global: 0.306 spatial: 0.083 
(epoch: 72, iters: 420, time: 0.488, data: 0.001) G_GAN_ViT: 0.251 D_real_ViT: 0.290 D_fake_ViT: 0.269 global: 0.271 spatial: 0.074 
(epoch: 72, iters: 520, time: 0.489, data: 0.001) G_GAN_ViT: 0.324 D_real_ViT: 0.275 D_fake_ViT: 0.217 global: 0.404 spatial: 0.100 
(epoch: 72, iters: 620, time: 0.489, data: 0.001) G_GAN_ViT: 0.299 D_real_ViT: 0.282 D_fake_ViT: 0.251 global: 0.499 spatial: 0.154 
(epoch: 72, iters: 720, time: 0.489, data: 0.001) G_GAN_ViT: 0.332 D_real_ViT: 0.380 D_fake_ViT: 0.224 global: 0.528 spatial: 0.154 
(epoch: 72, iters: 820, time: 0.489, data: 0.001) G_GAN_ViT: 0.359 D_real_ViT: 0.215 D_fake_ViT: 0.180 global: 0.358 spatial: 0.091 
(epoch: 72, iters: 920, time: 0.489, data: 0.001) G_GAN_ViT: 0.361 D_real_ViT: 0.267 D_fake_ViT: 0.182 global: 0.311 spatial: 0.085 
(epoch: 72, iters: 1020, time: 0.489, data: 0.002) G_GAN_ViT: 0.348 D_real_ViT: 0.327 D_fake_ViT: 0.194 global: 0.430 spatial: 0.107 
(epoch: 72, iters: 1120, time: 0.489, data: 0.001) G_GAN_ViT: 0.461 D_real_ViT: 0.373 D_fake_ViT: 0.136 global: 0.323 spatial: 0.087 
(epoch: 72, iters: 1220, time: 0.489, data: 0.001) G_GAN_ViT: 0.365 D_real_ViT: 0.376 D_fake_ViT: 0.186 global: 0.411 spatial: 0.116 
(epoch: 72, iters: 1320, time: 0.489, data: 0.001) G_GAN_ViT: 0.307 D_real_ViT: 0.288 D_fake_ViT: 0.222 global: 0.328 spatial: 0.082 
(epoch: 72, iters: 1420, time: 0.489, data: 0.002) G_GAN_ViT: 0.344 D_real_ViT: 0.280 D_fake_ViT: 0.192 global: 0.412 spatial: 0.103 
(epoch: 72, iters: 1520, time: 0.490, data: 0.001) G_GAN_ViT: 0.358 D_real_ViT: 0.279 D_fake_ViT: 0.188 global: 0.412 spatial: 0.125 
(epoch: 72, iters: 1620, time: 0.490, data: 0.001) G_GAN_ViT: 0.305 D_real_ViT: 0.165 D_fake_ViT: 0.226 global: 0.319 spatial: 0.075 
(epoch: 72, iters: 1720, time: 0.490, data: 0.002) G_GAN_ViT: 0.368 D_real_ViT: 0.184 D_fake_ViT: 0.175 global: 0.322 spatial: 0.089 
(epoch: 72, iters: 1820, time: 0.490, data: 0.001) G_GAN_ViT: 0.363 D_real_ViT: 0.200 D_fake_ViT: 0.190 global: 0.307 spatial: 0.079 
(epoch: 72, iters: 1920, time: 0.491, data: 0.001) G_GAN_ViT: 0.342 D_real_ViT: 0.209 D_fake_ViT: 0.193 global: 0.368 spatial: 0.090 
(epoch: 72, iters: 2020, time: 0.490, data: 0.001) G_GAN_ViT: 0.350 D_real_ViT: 0.253 D_fake_ViT: 0.189 global: 0.427 spatial: 0.111 
(epoch: 72, iters: 2120, time: 0.490, data: 0.002) G_GAN_ViT: 0.333 D_real_ViT: 0.210 D_fake_ViT: 0.219 global: 0.511 spatial: 0.150 
(epoch: 72, iters: 2220, time: 0.490, data: 0.002) G_GAN_ViT: 0.428 D_real_ViT: 0.195 D_fake_ViT: 0.150 global: 0.423 spatial: 0.106 
(epoch: 72, iters: 2320, time: 0.490, data: 0.001) G_GAN_ViT: 0.348 D_real_ViT: 0.245 D_fake_ViT: 0.188 global: 0.366 spatial: 0.094 
(epoch: 72, iters: 2420, time: 0.490, data: 0.001) G_GAN_ViT: 0.341 D_real_ViT: 0.118 D_fake_ViT: 0.207 global: 0.550 spatial: 0.131 
(epoch: 72, iters: 2520, time: 0.490, data: 0.002) G_GAN_ViT: 0.291 D_real_ViT: 0.247 D_fake_ViT: 0.237 global: 0.282 spatial: 0.064 
(epoch: 72, iters: 2620, time: 0.490, data: 0.001) G_GAN_ViT: 0.284 D_real_ViT: 0.277 D_fake_ViT: 0.241 global: 0.368 spatial: 0.074 
(epoch: 72, iters: 2720, time: 0.490, data: 0.001) G_GAN_ViT: 0.293 D_real_ViT: 0.267 D_fake_ViT: 0.233 global: 0.367 spatial: 0.067 
(epoch: 72, iters: 2820, time: 0.490, data: 0.001) G_GAN_ViT: 0.295 D_real_ViT: 0.252 D_fake_ViT: 0.231 global: 0.291 spatial: 0.078 
(epoch: 72, iters: 2920, time: 0.489, data: 0.001) G_GAN_ViT: 0.247 D_real_ViT: 0.244 D_fake_ViT: 0.280 global: 0.426 spatial: 0.115 
(epoch: 72, iters: 3020, time: 0.489, data: 0.002) G_GAN_ViT: 0.338 D_real_ViT: 0.246 D_fake_ViT: 0.201 global: 0.396 spatial: 0.117 
(epoch: 72, iters: 3120, time: 0.489, data: 0.001) G_GAN_ViT: 0.281 D_real_ViT: 0.290 D_fake_ViT: 0.244 global: 0.393 spatial: 0.085 
(epoch: 72, iters: 3220, time: 0.489, data: 0.002) G_GAN_ViT: 0.454 D_real_ViT: 0.240 D_fake_ViT: 0.139 global: 0.607 spatial: 0.139 
(epoch: 72, iters: 3320, time: 0.489, data: 0.001) G_GAN_ViT: 0.192 D_real_ViT: 0.237 D_fake_ViT: 0.343 global: 0.260 spatial: 0.067 
(epoch: 72, iters: 3420, time: 0.489, data: 0.001) G_GAN_ViT: 0.191 D_real_ViT: 0.232 D_fake_ViT: 0.334 global: 0.278 spatial: 0.082 
(epoch: 72, iters: 3520, time: 0.489, data: 0.001) G_GAN_ViT: 0.384 D_real_ViT: 0.256 D_fake_ViT: 0.172 global: 0.312 spatial: 0.082 
(epoch: 72, iters: 3620, time: 0.489, data: 0.002) G_GAN_ViT: 0.292 D_real_ViT: 0.325 D_fake_ViT: 0.234 global: 0.451 spatial: 0.090 
(epoch: 72, iters: 3720, time: 0.488, data: 0.002) G_GAN_ViT: 0.297 D_real_ViT: 0.301 D_fake_ViT: 0.225 global: 0.371 spatial: 0.071 
(epoch: 72, iters: 3820, time: 0.488, data: 0.001) G_GAN_ViT: 0.357 D_real_ViT: 0.290 D_fake_ViT: 0.189 global: 0.437 spatial: 0.098 
(epoch: 72, iters: 3920, time: 0.488, data: 0.004) G_GAN_ViT: 0.301 D_real_ViT: 0.066 D_fake_ViT: 0.239 global: 0.341 spatial: 0.102 
(epoch: 72, iters: 4020, time: 0.488, data: 0.001) G_GAN_ViT: 0.399 D_real_ViT: 0.201 D_fake_ViT: 0.162 global: 0.283 spatial: 0.077 
(epoch: 72, iters: 4120, time: 0.489, data: 0.001) G_GAN_ViT: 0.266 D_real_ViT: 0.208 D_fake_ViT: 0.265 global: 0.332 spatial: 0.080 
(epoch: 72, iters: 4220, time: 0.490, data: 0.001) G_GAN_ViT: 0.268 D_real_ViT: 0.232 D_fake_ViT: 0.258 global: 0.315 spatial: 0.077 
(epoch: 72, iters: 4320, time: 0.490, data: 0.001) G_GAN_ViT: 0.323 D_real_ViT: 0.308 D_fake_ViT: 0.220 global: 0.274 spatial: 0.092 
saving the latest model (epoch 72, total_iters 365000)
IRVI_single_monitor
(epoch: 72, iters: 4420, time: 0.489, data: 0.001) G_GAN_ViT: 0.252 D_real_ViT: 0.064 D_fake_ViT: 0.269 global: 0.332 spatial: 0.086 
(epoch: 72, iters: 4520, time: 0.490, data: 0.001) G_GAN_ViT: 0.254 D_real_ViT: 0.290 D_fake_ViT: 0.272 global: 0.316 spatial: 0.060 
(epoch: 72, iters: 4620, time: 0.490, data: 0.001) G_GAN_ViT: 0.397 D_real_ViT: 0.304 D_fake_ViT: 0.160 global: 0.320 spatial: 0.085 
(epoch: 72, iters: 4720, time: 0.490, data: 0.001) G_GAN_ViT: 0.270 D_real_ViT: 0.259 D_fake_ViT: 0.260 global: 0.371 spatial: 0.101 
(epoch: 72, iters: 4820, time: 0.490, data: 0.001) G_GAN_ViT: 0.265 D_real_ViT: 0.255 D_fake_ViT: 0.261 global: 0.394 spatial: 0.096 
(epoch: 72, iters: 4920, time: 0.490, data: 0.001) G_GAN_ViT: 0.390 D_real_ViT: 0.241 D_fake_ViT: 0.171 global: 0.579 spatial: 0.133 
(epoch: 72, iters: 5020, time: 0.490, data: 0.001) G_GAN_ViT: 0.431 D_real_ViT: 0.172 D_fake_ViT: 0.154 global: 0.514 spatial: 0.148 
End of epoch 72 / 100 	 Time Taken: 2494 sec
learning rate = 0.0000055
(epoch: 73, iters: 40, time: 0.490, data: 0.002) G_GAN_ViT: 0.365 D_real_ViT: 0.214 D_fake_ViT: 0.186 global: 0.395 spatial: 0.112 
(epoch: 73, iters: 140, time: 0.490, data: 0.001) G_GAN_ViT: 0.262 D_real_ViT: 0.234 D_fake_ViT: 0.273 global: 0.488 spatial: 0.141 
(epoch: 73, iters: 240, time: 0.490, data: 0.002) G_GAN_ViT: 0.395 D_real_ViT: 0.194 D_fake_ViT: 0.197 global: 0.308 spatial: 0.069 
(epoch: 73, iters: 340, time: 0.490, data: 0.001) G_GAN_ViT: 0.407 D_real_ViT: 0.244 D_fake_ViT: 0.162 global: 0.620 spatial: 0.149 
(epoch: 73, iters: 440, time: 0.490, data: 0.002) G_GAN_ViT: 0.233 D_real_ViT: 0.171 D_fake_ViT: 0.290 global: 0.328 spatial: 0.081 
(epoch: 73, iters: 540, time: 0.490, data: 0.001) G_GAN_ViT: 0.369 D_real_ViT: 0.266 D_fake_ViT: 0.181 global: 0.406 spatial: 0.102 
(epoch: 73, iters: 640, time: 0.489, data: 0.001) G_GAN_ViT: 0.284 D_real_ViT: 0.227 D_fake_ViT: 0.243 global: 0.319 spatial: 0.065 
(epoch: 73, iters: 740, time: 0.489, data: 0.001) G_GAN_ViT: 0.341 D_real_ViT: 0.274 D_fake_ViT: 0.202 global: 0.521 spatial: 0.106 
(epoch: 73, iters: 840, time: 0.490, data: 0.002) G_GAN_ViT: 0.220 D_real_ViT: 0.262 D_fake_ViT: 0.319 global: 0.509 spatial: 0.120 
(epoch: 73, iters: 940, time: 0.489, data: 0.002) G_GAN_ViT: 0.299 D_real_ViT: 0.218 D_fake_ViT: 0.232 global: 0.320 spatial: 0.074 
(epoch: 73, iters: 1040, time: 0.489, data: 0.002) G_GAN_ViT: 0.204 D_real_ViT: 0.284 D_fake_ViT: 0.322 global: 0.268 spatial: 0.060 
(epoch: 73, iters: 1140, time: 0.489, data: 0.001) G_GAN_ViT: 0.231 D_real_ViT: 0.301 D_fake_ViT: 0.293 global: 0.257 spatial: 0.076 
(epoch: 73, iters: 1240, time: 0.489, data: 0.001) G_GAN_ViT: 0.326 D_real_ViT: 0.240 D_fake_ViT: 0.222 global: 0.405 spatial: 0.096 
(epoch: 73, iters: 1340, time: 0.489, data: 0.001) G_GAN_ViT: 0.320 D_real_ViT: 0.047 D_fake_ViT: 0.214 global: 0.426 spatial: 0.086 
(epoch: 73, iters: 1440, time: 0.489, data: 0.002) G_GAN_ViT: 0.343 D_real_ViT: 0.347 D_fake_ViT: 0.191 global: 0.305 spatial: 0.081 
(epoch: 73, iters: 1540, time: 0.490, data: 0.001) G_GAN_ViT: 0.261 D_real_ViT: 0.277 D_fake_ViT: 0.259 global: 0.252 spatial: 0.060 
(epoch: 73, iters: 1640, time: 0.490, data: 0.001) G_GAN_ViT: 0.389 D_real_ViT: 0.265 D_fake_ViT: 0.193 global: 0.296 spatial: 0.069 
(epoch: 73, iters: 1740, time: 0.490, data: 0.001) G_GAN_ViT: 0.358 D_real_ViT: 0.267 D_fake_ViT: 0.194 global: 0.258 spatial: 0.073 
(epoch: 73, iters: 1840, time: 0.490, data: 0.001) G_GAN_ViT: 0.220 D_real_ViT: 0.131 D_fake_ViT: 0.299 global: 0.242 spatial: 0.073 
(epoch: 73, iters: 1940, time: 0.490, data: 0.001) G_GAN_ViT: 0.391 D_real_ViT: 0.328 D_fake_ViT: 0.166 global: 0.412 spatial: 0.100 
(epoch: 73, iters: 2040, time: 0.490, data: 0.001) G_GAN_ViT: 0.411 D_real_ViT: 0.243 D_fake_ViT: 0.151 global: 0.383 spatial: 0.099 
(epoch: 73, iters: 2140, time: 0.490, data: 0.001) G_GAN_ViT: 0.265 D_real_ViT: 0.103 D_fake_ViT: 0.273 global: 0.360 spatial: 0.073 
(epoch: 73, iters: 2240, time: 0.489, data: 0.001) G_GAN_ViT: 0.346 D_real_ViT: 0.260 D_fake_ViT: 0.190 global: 0.314 spatial: 0.095 
(epoch: 73, iters: 2340, time: 0.490, data: 0.001) G_GAN_ViT: 0.313 D_real_ViT: 0.280 D_fake_ViT: 0.212 global: 0.371 spatial: 0.093 
(epoch: 73, iters: 2440, time: 0.490, data: 0.001) G_GAN_ViT: 0.391 D_real_ViT: 0.130 D_fake_ViT: 0.167 global: 0.405 spatial: 0.113 
(epoch: 73, iters: 2540, time: 0.490, data: 0.001) G_GAN_ViT: 0.380 D_real_ViT: 0.263 D_fake_ViT: 0.181 global: 0.559 spatial: 0.143 
(epoch: 73, iters: 2640, time: 0.490, data: 0.001) G_GAN_ViT: 0.293 D_real_ViT: 0.231 D_fake_ViT: 0.241 global: 0.539 spatial: 0.100 
(epoch: 73, iters: 2740, time: 0.490, data: 0.001) G_GAN_ViT: 0.303 D_real_ViT: 0.274 D_fake_ViT: 0.223 global: 0.442 spatial: 0.085 
(epoch: 73, iters: 2840, time: 0.490, data: 0.001) G_GAN_ViT: 0.250 D_real_ViT: 0.450 D_fake_ViT: 0.269 global: 0.291 spatial: 0.071 
(epoch: 73, iters: 2940, time: 0.489, data: 0.001) G_GAN_ViT: 0.350 D_real_ViT: 0.422 D_fake_ViT: 0.194 global: 0.274 spatial: 0.077 
(epoch: 73, iters: 3040, time: 0.489, data: 0.001) G_GAN_ViT: 0.328 D_real_ViT: 0.246 D_fake_ViT: 0.214 global: 0.375 spatial: 0.099 
(epoch: 73, iters: 3140, time: 0.489, data: 0.001) G_GAN_ViT: 0.411 D_real_ViT: 0.168 D_fake_ViT: 0.161 global: 0.416 spatial: 0.116 
(epoch: 73, iters: 3240, time: 0.490, data: 0.002) G_GAN_ViT: 0.251 D_real_ViT: 0.310 D_fake_ViT: 0.264 global: 0.342 spatial: 0.081 
(epoch: 73, iters: 3340, time: 0.490, data: 0.001) G_GAN_ViT: 0.378 D_real_ViT: 0.266 D_fake_ViT: 0.177 global: 0.467 spatial: 0.119 
(epoch: 73, iters: 3440, time: 0.490, data: 0.001) G_GAN_ViT: 0.195 D_real_ViT: 0.331 D_fake_ViT: 0.355 global: 0.424 spatial: 0.084 
(epoch: 73, iters: 3540, time: 0.490, data: 0.001) G_GAN_ViT: 0.332 D_real_ViT: 0.160 D_fake_ViT: 0.198 global: 0.386 spatial: 0.100 
(epoch: 73, iters: 3640, time: 0.490, data: 0.001) G_GAN_ViT: 0.314 D_real_ViT: 0.295 D_fake_ViT: 0.217 global: 0.410 spatial: 0.086 
(epoch: 73, iters: 3740, time: 0.490, data: 0.001) G_GAN_ViT: 0.235 D_real_ViT: 0.417 D_fake_ViT: 0.286 global: 0.239 spatial: 0.072 
(epoch: 73, iters: 3840, time: 0.489, data: 0.001) G_GAN_ViT: 0.323 D_real_ViT: 0.197 D_fake_ViT: 0.209 global: 0.307 spatial: 0.075 
(epoch: 73, iters: 3940, time: 0.490, data: 0.001) G_GAN_ViT: 0.232 D_real_ViT: 0.346 D_fake_ViT: 0.289 global: 0.284 spatial: 0.084 
(epoch: 73, iters: 4040, time: 0.490, data: 0.001) G_GAN_ViT: 0.314 D_real_ViT: 0.156 D_fake_ViT: 0.217 global: 0.301 spatial: 0.067 
(epoch: 73, iters: 4140, time: 0.490, data: 0.001) G_GAN_ViT: 0.275 D_real_ViT: 0.211 D_fake_ViT: 0.264 global: 0.355 spatial: 0.088 
(epoch: 73, iters: 4240, time: 0.489, data: 0.001) G_GAN_ViT: 0.691 D_real_ViT: 0.200 D_fake_ViT: 0.075 global: 0.567 spatial: 0.156 
saving the latest model (epoch 73, total_iters 370000)
IRVI_single_monitor
(epoch: 73, iters: 4340, time: 0.489, data: 0.002) G_GAN_ViT: 0.372 D_real_ViT: 0.251 D_fake_ViT: 0.172 global: 0.324 spatial: 0.084 
(epoch: 73, iters: 4440, time: 0.489, data: 0.001) G_GAN_ViT: 0.201 D_real_ViT: 0.365 D_fake_ViT: 0.325 global: 0.291 spatial: 0.085 
(epoch: 73, iters: 4540, time: 0.489, data: 0.001) G_GAN_ViT: 0.301 D_real_ViT: 0.238 D_fake_ViT: 0.230 global: 0.294 spatial: 0.076 
(epoch: 73, iters: 4640, time: 0.489, data: 0.001) G_GAN_ViT: 0.294 D_real_ViT: 0.298 D_fake_ViT: 0.228 global: 0.376 spatial: 0.073 
(epoch: 73, iters: 4740, time: 0.489, data: 0.001) G_GAN_ViT: 0.325 D_real_ViT: 0.250 D_fake_ViT: 0.216 global: 0.428 spatial: 0.117 
(epoch: 73, iters: 4840, time: 0.490, data: 0.001) G_GAN_ViT: 0.260 D_real_ViT: 0.186 D_fake_ViT: 0.270 global: 0.469 spatial: 0.098 
(epoch: 73, iters: 4940, time: 0.490, data: 0.001) G_GAN_ViT: 0.318 D_real_ViT: 0.287 D_fake_ViT: 0.223 global: 0.419 spatial: 0.097 
(epoch: 73, iters: 5040, time: 0.490, data: 0.001) G_GAN_ViT: 0.386 D_real_ViT: 0.197 D_fake_ViT: 0.170 global: 0.426 spatial: 0.085 
End of epoch 73 / 100 	 Time Taken: 2495 sec
learning rate = 0.0000053
(epoch: 74, iters: 60, time: 0.489, data: 0.002) G_GAN_ViT: 0.385 D_real_ViT: 0.287 D_fake_ViT: 0.172 global: 0.310 spatial: 0.088 
(epoch: 74, iters: 160, time: 0.489, data: 0.002) G_GAN_ViT: 0.340 D_real_ViT: 0.265 D_fake_ViT: 0.197 global: 0.398 spatial: 0.110 
(epoch: 74, iters: 260, time: 0.489, data: 0.002) G_GAN_ViT: 0.346 D_real_ViT: 0.195 D_fake_ViT: 0.192 global: 0.388 spatial: 0.107 
(epoch: 74, iters: 360, time: 0.489, data: 0.001) G_GAN_ViT: 0.347 D_real_ViT: 0.294 D_fake_ViT: 0.204 global: 0.533 spatial: 0.105 
(epoch: 74, iters: 460, time: 0.489, data: 0.001) G_GAN_ViT: 0.335 D_real_ViT: 0.269 D_fake_ViT: 0.200 global: 0.376 spatial: 0.108 
(epoch: 74, iters: 560, time: 0.489, data: 0.002) G_GAN_ViT: 0.404 D_real_ViT: 0.224 D_fake_ViT: 0.172 global: 0.453 spatial: 0.111 
(epoch: 74, iters: 660, time: 0.489, data: 0.002) G_GAN_ViT: 0.333 D_real_ViT: 0.293 D_fake_ViT: 0.204 global: 0.416 spatial: 0.106 
(epoch: 74, iters: 760, time: 0.488, data: 0.002) G_GAN_ViT: 0.209 D_real_ViT: 0.221 D_fake_ViT: 0.311 global: 0.256 spatial: 0.060 
(epoch: 74, iters: 860, time: 0.486, data: 0.002) G_GAN_ViT: 0.345 D_real_ViT: 0.280 D_fake_ViT: 0.194 global: 0.398 spatial: 0.107 
(epoch: 74, iters: 960, time: 0.486, data: 0.002) G_GAN_ViT: 0.320 D_real_ViT: 0.194 D_fake_ViT: 0.216 global: 0.422 spatial: 0.089 
(epoch: 74, iters: 1060, time: 0.487, data: 0.001) G_GAN_ViT: 0.366 D_real_ViT: 0.182 D_fake_ViT: 0.176 global: 0.504 spatial: 0.100 
(epoch: 74, iters: 1160, time: 0.488, data: 0.001) G_GAN_ViT: 0.306 D_real_ViT: 0.309 D_fake_ViT: 0.221 global: 0.413 spatial: 0.088 
(epoch: 74, iters: 1260, time: 0.488, data: 0.002) G_GAN_ViT: 0.293 D_real_ViT: 0.286 D_fake_ViT: 0.232 global: 0.380 spatial: 0.097 
(epoch: 74, iters: 1360, time: 0.488, data: 0.002) G_GAN_ViT: 0.264 D_real_ViT: 0.299 D_fake_ViT: 0.262 global: 0.359 spatial: 0.100 
(epoch: 74, iters: 1460, time: 0.488, data: 0.001) G_GAN_ViT: 0.383 D_real_ViT: 0.320 D_fake_ViT: 0.181 global: 0.596 spatial: 0.140 
(epoch: 74, iters: 1560, time: 0.488, data: 0.001) G_GAN_ViT: 0.293 D_real_ViT: 0.214 D_fake_ViT: 0.240 global: 0.400 spatial: 0.080 
(epoch: 74, iters: 1660, time: 0.489, data: 0.001) G_GAN_ViT: 0.272 D_real_ViT: 0.264 D_fake_ViT: 0.245 global: 0.328 spatial: 0.076 
(epoch: 74, iters: 1760, time: 0.489, data: 0.001) G_GAN_ViT: 0.242 D_real_ViT: 0.148 D_fake_ViT: 0.283 global: 0.441 spatial: 0.113 
(epoch: 74, iters: 1860, time: 0.489, data: 0.001) G_GAN_ViT: 0.293 D_real_ViT: 0.226 D_fake_ViT: 0.229 global: 0.343 spatial: 0.081 
(epoch: 74, iters: 1960, time: 0.489, data: 0.001) G_GAN_ViT: 0.369 D_real_ViT: 0.289 D_fake_ViT: 0.192 global: 0.412 spatial: 0.107 
(epoch: 74, iters: 2060, time: 0.488, data: 0.001) G_GAN_ViT: 0.274 D_real_ViT: 0.281 D_fake_ViT: 0.253 global: 0.319 spatial: 0.089 
(epoch: 74, iters: 2160, time: 0.487, data: 0.002) G_GAN_ViT: 0.322 D_real_ViT: 0.102 D_fake_ViT: 0.213 global: 0.412 spatial: 0.093 
(epoch: 74, iters: 2260, time: 0.488, data: 0.001) G_GAN_ViT: 0.252 D_real_ViT: 0.268 D_fake_ViT: 0.270 global: 0.253 spatial: 0.072 
(epoch: 74, iters: 2360, time: 0.488, data: 0.001) G_GAN_ViT: 0.227 D_real_ViT: 0.291 D_fake_ViT: 0.297 global: 0.347 spatial: 0.098 
(epoch: 74, iters: 2460, time: 0.488, data: 0.001) G_GAN_ViT: 0.329 D_real_ViT: 0.230 D_fake_ViT: 0.210 global: 0.362 spatial: 0.078 
(epoch: 74, iters: 2560, time: 0.488, data: 0.002) G_GAN_ViT: 0.257 D_real_ViT: 0.267 D_fake_ViT: 0.267 global: 0.303 spatial: 0.093 
(epoch: 74, iters: 2660, time: 0.489, data: 0.002) G_GAN_ViT: 0.387 D_real_ViT: 0.072 D_fake_ViT: 0.183 global: 0.527 spatial: 0.145 
(epoch: 74, iters: 2760, time: 0.489, data: 0.001) G_GAN_ViT: 0.245 D_real_ViT: 0.274 D_fake_ViT: 0.272 global: 0.358 spatial: 0.073 
(epoch: 74, iters: 2860, time: 0.488, data: 0.001) G_GAN_ViT: 0.247 D_real_ViT: 0.201 D_fake_ViT: 0.287 global: 0.330 spatial: 0.079 
(epoch: 74, iters: 2960, time: 0.488, data: 0.001) G_GAN_ViT: 0.205 D_real_ViT: 0.256 D_fake_ViT: 0.327 global: 0.298 spatial: 0.070 
(epoch: 74, iters: 3060, time: 0.489, data: 0.001) G_GAN_ViT: 0.282 D_real_ViT: 0.311 D_fake_ViT: 0.240 global: 0.357 spatial: 0.070 
(epoch: 74, iters: 3160, time: 0.488, data: 0.001) G_GAN_ViT: 0.321 D_real_ViT: 0.266 D_fake_ViT: 0.207 global: 0.264 spatial: 0.077 
(epoch: 74, iters: 3260, time: 0.489, data: 0.002) G_GAN_ViT: 0.357 D_real_ViT: 0.259 D_fake_ViT: 0.185 global: 0.394 spatial: 0.114 
(epoch: 74, iters: 3360, time: 0.489, data: 0.001) G_GAN_ViT: 0.265 D_real_ViT: 0.230 D_fake_ViT: 0.259 global: 0.260 spatial: 0.059 
(epoch: 74, iters: 3460, time: 0.489, data: 0.001) G_GAN_ViT: 0.341 D_real_ViT: 0.282 D_fake_ViT: 0.206 global: 0.447 spatial: 0.118 
(epoch: 74, iters: 3560, time: 0.489, data: 0.001) G_GAN_ViT: 0.284 D_real_ViT: 0.277 D_fake_ViT: 0.239 global: 0.378 spatial: 0.096 
(epoch: 74, iters: 3660, time: 0.489, data: 0.001) G_GAN_ViT: 0.317 D_real_ViT: 0.174 D_fake_ViT: 0.234 global: 0.503 spatial: 0.133 
(epoch: 74, iters: 3760, time: 0.488, data: 0.001) G_GAN_ViT: 0.319 D_real_ViT: 0.257 D_fake_ViT: 0.212 global: 0.305 spatial: 0.080 
(epoch: 74, iters: 3860, time: 0.489, data: 0.001) G_GAN_ViT: 0.235 D_real_ViT: 0.307 D_fake_ViT: 0.292 global: 0.291 spatial: 0.061 
(epoch: 74, iters: 3960, time: 0.489, data: 0.001) G_GAN_ViT: 0.387 D_real_ViT: 0.259 D_fake_ViT: 0.168 global: 0.354 spatial: 0.078 
(epoch: 74, iters: 4060, time: 0.488, data: 0.001) G_GAN_ViT: 0.356 D_real_ViT: 0.208 D_fake_ViT: 0.193 global: 0.307 spatial: 0.086 
(epoch: 74, iters: 4160, time: 0.488, data: 0.001) G_GAN_ViT: 0.369 D_real_ViT: 0.320 D_fake_ViT: 0.173 global: 0.306 spatial: 0.082 
saving the latest model (epoch 74, total_iters 375000)
IRVI_single_monitor
(epoch: 74, iters: 4260, time: 0.487, data: 0.002) G_GAN_ViT: 0.352 D_real_ViT: 0.222 D_fake_ViT: 0.183 global: 0.372 spatial: 0.081 
(epoch: 74, iters: 4360, time: 0.488, data: 0.001) G_GAN_ViT: 0.204 D_real_ViT: 0.336 D_fake_ViT: 0.319 global: 0.321 spatial: 0.085 
(epoch: 74, iters: 4460, time: 0.488, data: 0.001) G_GAN_ViT: 0.290 D_real_ViT: 0.221 D_fake_ViT: 0.235 global: 0.266 spatial: 0.062 
(epoch: 74, iters: 4560, time: 0.488, data: 0.002) G_GAN_ViT: 0.313 D_real_ViT: 0.183 D_fake_ViT: 0.216 global: 0.318 spatial: 0.096 
(epoch: 74, iters: 4660, time: 0.488, data: 0.001) G_GAN_ViT: 0.299 D_real_ViT: 0.281 D_fake_ViT: 0.225 global: 0.387 spatial: 0.096 
(epoch: 74, iters: 4760, time: 0.488, data: 0.001) G_GAN_ViT: 0.472 D_real_ViT: 0.102 D_fake_ViT: 0.137 global: 0.581 spatial: 0.156 
(epoch: 74, iters: 4860, time: 0.488, data: 0.001) G_GAN_ViT: 0.352 D_real_ViT: 0.302 D_fake_ViT: 0.186 global: 0.352 spatial: 0.103 
(epoch: 74, iters: 4960, time: 0.488, data: 0.001) G_GAN_ViT: 0.446 D_real_ViT: 0.046 D_fake_ViT: 0.148 global: 0.290 spatial: 0.075 
(epoch: 74, iters: 5060, time: 0.488, data: 0.001) G_GAN_ViT: 0.384 D_real_ViT: 0.184 D_fake_ViT: 0.170 global: 0.378 spatial: 0.104 
End of epoch 74 / 100 	 Time Taken: 2489 sec
learning rate = 0.0000051
(epoch: 75, iters: 80, time: 0.488, data: 0.001) G_GAN_ViT: 0.239 D_real_ViT: 0.214 D_fake_ViT: 0.290 global: 0.434 spatial: 0.112 
(epoch: 75, iters: 180, time: 0.489, data: 0.001) G_GAN_ViT: 0.305 D_real_ViT: 0.341 D_fake_ViT: 0.232 global: 0.308 spatial: 0.072 
(epoch: 75, iters: 280, time: 0.488, data: 0.001) G_GAN_ViT: 0.342 D_real_ViT: 0.059 D_fake_ViT: 0.193 global: 0.301 spatial: 0.092 
(epoch: 75, iters: 380, time: 0.488, data: 0.001) G_GAN_ViT: 0.279 D_real_ViT: 0.300 D_fake_ViT: 0.248 global: 0.329 spatial: 0.090 
(epoch: 75, iters: 480, time: 0.488, data: 0.001) G_GAN_ViT: 0.368 D_real_ViT: 0.320 D_fake_ViT: 0.185 global: 0.278 spatial: 0.066 
(epoch: 75, iters: 580, time: 0.488, data: 0.001) G_GAN_ViT: 0.170 D_real_ViT: 0.280 D_fake_ViT: 0.375 global: 0.443 spatial: 0.099 
(epoch: 75, iters: 680, time: 0.488, data: 0.001) G_GAN_ViT: 0.294 D_real_ViT: 0.214 D_fake_ViT: 0.233 global: 0.390 spatial: 0.099 
(epoch: 75, iters: 780, time: 0.488, data: 0.001) G_GAN_ViT: 0.324 D_real_ViT: 0.257 D_fake_ViT: 0.216 global: 0.305 spatial: 0.094 
(epoch: 75, iters: 880, time: 0.488, data: 0.001) G_GAN_ViT: 0.392 D_real_ViT: 0.228 D_fake_ViT: 0.161 global: 0.407 spatial: 0.105 
(epoch: 75, iters: 980, time: 0.488, data: 0.001) G_GAN_ViT: 0.278 D_real_ViT: 0.224 D_fake_ViT: 0.260 global: 0.365 spatial: 0.094 
(epoch: 75, iters: 1080, time: 0.488, data: 0.001) G_GAN_ViT: 0.286 D_real_ViT: 0.390 D_fake_ViT: 0.232 global: 0.382 spatial: 0.100 
(epoch: 75, iters: 1180, time: 0.488, data: 0.001) G_GAN_ViT: 0.370 D_real_ViT: 0.271 D_fake_ViT: 0.189 global: 0.399 spatial: 0.102 
(epoch: 75, iters: 1280, time: 0.488, data: 0.001) G_GAN_ViT: 0.139 D_real_ViT: 0.303 D_fake_ViT: 0.432 global: 0.448 spatial: 0.102 
(epoch: 75, iters: 1380, time: 0.488, data: 0.001) G_GAN_ViT: 0.298 D_real_ViT: 0.289 D_fake_ViT: 0.237 global: 0.556 spatial: 0.102 
(epoch: 75, iters: 1480, time: 0.488, data: 0.001) G_GAN_ViT: 0.319 D_real_ViT: 0.309 D_fake_ViT: 0.211 global: 0.438 spatial: 0.084 
(epoch: 75, iters: 1580, time: 0.488, data: 0.001) G_GAN_ViT: 0.354 D_real_ViT: 0.288 D_fake_ViT: 0.182 global: 0.361 spatial: 0.080 
(epoch: 75, iters: 1680, time: 0.488, data: 0.001) G_GAN_ViT: 0.198 D_real_ViT: 0.253 D_fake_ViT: 0.345 global: 0.495 spatial: 0.110 
(epoch: 75, iters: 1780, time: 0.488, data: 0.002) G_GAN_ViT: 0.302 D_real_ViT: 0.262 D_fake_ViT: 0.228 global: 0.278 spatial: 0.091 
(epoch: 75, iters: 1880, time: 0.488, data: 0.002) G_GAN_ViT: 0.329 D_real_ViT: 0.250 D_fake_ViT: 0.211 global: 0.404 spatial: 0.124 
(epoch: 75, iters: 1980, time: 0.487, data: 0.001) G_GAN_ViT: 0.246 D_real_ViT: 0.152 D_fake_ViT: 0.289 global: 0.341 spatial: 0.067 
(epoch: 75, iters: 2080, time: 0.488, data: 0.001) G_GAN_ViT: 0.324 D_real_ViT: 0.196 D_fake_ViT: 0.223 global: 0.513 spatial: 0.141 
(epoch: 75, iters: 2180, time: 0.488, data: 0.001) G_GAN_ViT: 0.336 D_real_ViT: 0.231 D_fake_ViT: 0.204 global: 0.434 spatial: 0.103 
(epoch: 75, iters: 2280, time: 0.488, data: 0.001) G_GAN_ViT: 0.274 D_real_ViT: 0.299 D_fake_ViT: 0.250 global: 0.381 spatial: 0.095 
(epoch: 75, iters: 2380, time: 0.488, data: 0.001) G_GAN_ViT: 0.306 D_real_ViT: 0.231 D_fake_ViT: 0.218 global: 0.373 spatial: 0.083 
(epoch: 75, iters: 2480, time: 0.488, data: 0.001) G_GAN_ViT: 0.340 D_real_ViT: 0.229 D_fake_ViT: 0.200 global: 0.313 spatial: 0.081 
(epoch: 75, iters: 2580, time: 0.488, data: 0.001) G_GAN_ViT: 0.335 D_real_ViT: 0.287 D_fake_ViT: 0.199 global: 0.342 spatial: 0.084 
(epoch: 75, iters: 2680, time: 0.488, data: 0.001) G_GAN_ViT: 0.373 D_real_ViT: 0.225 D_fake_ViT: 0.190 global: 0.554 spatial: 0.140 
(epoch: 75, iters: 2780, time: 0.488, data: 0.001) G_GAN_ViT: 0.369 D_real_ViT: 0.263 D_fake_ViT: 0.190 global: 0.529 spatial: 0.151 
(epoch: 75, iters: 2880, time: 0.488, data: 0.001) G_GAN_ViT: 0.243 D_real_ViT: 0.225 D_fake_ViT: 0.272 global: 0.320 spatial: 0.080 
(epoch: 75, iters: 2980, time: 0.488, data: 0.001) G_GAN_ViT: 0.271 D_real_ViT: 0.304 D_fake_ViT: 0.250 global: 0.365 spatial: 0.073 
(epoch: 75, iters: 3080, time: 0.489, data: 0.001) G_GAN_ViT: 0.365 D_real_ViT: 0.319 D_fake_ViT: 0.183 global: 0.297 spatial: 0.091 
(epoch: 75, iters: 3180, time: 0.489, data: 0.001) G_GAN_ViT: 0.430 D_real_ViT: 0.382 D_fake_ViT: 0.143 global: 0.439 spatial: 0.117 
(epoch: 75, iters: 3280, time: 0.489, data: 0.001) G_GAN_ViT: 0.266 D_real_ViT: 0.220 D_fake_ViT: 0.262 global: 0.377 spatial: 0.100 
(epoch: 75, iters: 3380, time: 0.488, data: 0.001) G_GAN_ViT: 0.236 D_real_ViT: 0.243 D_fake_ViT: 0.285 global: 0.290 spatial: 0.081 
(epoch: 75, iters: 3480, time: 0.488, data: 0.002) G_GAN_ViT: 0.363 D_real_ViT: 0.183 D_fake_ViT: 0.193 global: 0.580 spatial: 0.147 
(epoch: 75, iters: 3580, time: 0.488, data: 0.001) G_GAN_ViT: 0.364 D_real_ViT: 0.159 D_fake_ViT: 0.179 global: 0.304 spatial: 0.085 
(epoch: 75, iters: 3680, time: 0.488, data: 0.001) G_GAN_ViT: 0.296 D_real_ViT: 0.254 D_fake_ViT: 0.231 global: 0.336 spatial: 0.079 
(epoch: 75, iters: 3780, time: 0.488, data: 0.001) G_GAN_ViT: 0.270 D_real_ViT: 0.176 D_fake_ViT: 0.253 global: 0.279 spatial: 0.067 
(epoch: 75, iters: 3880, time: 0.488, data: 0.001) G_GAN_ViT: 0.328 D_real_ViT: 0.265 D_fake_ViT: 0.206 global: 0.318 spatial: 0.073 
(epoch: 75, iters: 3980, time: 0.488, data: 0.001) G_GAN_ViT: 0.350 D_real_ViT: 0.245 D_fake_ViT: 0.186 global: 0.425 spatial: 0.091 
(epoch: 75, iters: 4080, time: 0.488, data: 0.001) G_GAN_ViT: 0.360 D_real_ViT: 0.320 D_fake_ViT: 0.196 global: 0.251 spatial: 0.063 
saving the latest model (epoch 75, total_iters 380000)
IRVI_single_monitor
(epoch: 75, iters: 4180, time: 0.488, data: 0.001) G_GAN_ViT: 0.260 D_real_ViT: 0.032 D_fake_ViT: 0.265 global: 0.381 spatial: 0.096 
(epoch: 75, iters: 4280, time: 0.488, data: 0.001) G_GAN_ViT: 0.380 D_real_ViT: 0.178 D_fake_ViT: 0.172 global: 0.333 spatial: 0.087 
(epoch: 75, iters: 4380, time: 0.489, data: 0.001) G_GAN_ViT: 0.299 D_real_ViT: 0.236 D_fake_ViT: 0.238 global: 0.533 spatial: 0.123 
(epoch: 75, iters: 4480, time: 0.489, data: 0.001) G_GAN_ViT: 0.216 D_real_ViT: 0.224 D_fake_ViT: 0.305 global: 0.283 spatial: 0.075 
(epoch: 75, iters: 4580, time: 0.488, data: 0.001) G_GAN_ViT: 0.364 D_real_ViT: 0.249 D_fake_ViT: 0.188 global: 0.467 spatial: 0.115 
(epoch: 75, iters: 4680, time: 0.488, data: 0.001) G_GAN_ViT: 0.351 D_real_ViT: 0.226 D_fake_ViT: 0.192 global: 0.281 spatial: 0.083 
(epoch: 75, iters: 4780, time: 0.488, data: 0.002) G_GAN_ViT: 0.307 D_real_ViT: 0.247 D_fake_ViT: 0.218 global: 0.363 spatial: 0.079 
(epoch: 75, iters: 4880, time: 0.488, data: 0.001) G_GAN_ViT: 0.410 D_real_ViT: 0.108 D_fake_ViT: 0.159 global: 0.405 spatial: 0.097 
(epoch: 75, iters: 4980, time: 0.488, data: 0.001) G_GAN_ViT: 0.237 D_real_ViT: 0.218 D_fake_ViT: 0.286 global: 0.314 spatial: 0.074 
(epoch: 75, iters: 5080, time: 0.488, data: 0.001) G_GAN_ViT: 0.220 D_real_ViT: 0.300 D_fake_ViT: 0.298 global: 0.244 spatial: 0.064 
saving the model at the end of epoch 75, iters 381000
End of epoch 75 / 100 	 Time Taken: 2488 sec
learning rate = 0.0000049
(epoch: 76, iters: 100, time: 0.488, data: 0.146) G_GAN_ViT: 0.445 D_real_ViT: 0.045 D_fake_ViT: 0.150 global: 0.291 spatial: 0.075 
(epoch: 76, iters: 200, time: 0.488, data: 0.001) G_GAN_ViT: 0.344 D_real_ViT: 0.265 D_fake_ViT: 0.205 global: 0.282 spatial: 0.086 
(epoch: 76, iters: 300, time: 0.487, data: 0.001) G_GAN_ViT: 0.278 D_real_ViT: 0.173 D_fake_ViT: 0.245 global: 0.298 spatial: 0.071 
(epoch: 76, iters: 400, time: 0.488, data: 0.001) G_GAN_ViT: 0.493 D_real_ViT: 0.239 D_fake_ViT: 0.122 global: 0.475 spatial: 0.139 
(epoch: 76, iters: 500, time: 0.488, data: 0.002) G_GAN_ViT: 0.350 D_real_ViT: 0.244 D_fake_ViT: 0.187 global: 0.477 spatial: 0.099 
(epoch: 76, iters: 600, time: 0.488, data: 0.001) G_GAN_ViT: 0.282 D_real_ViT: 0.213 D_fake_ViT: 0.251 global: 0.398 spatial: 0.085 
(epoch: 76, iters: 700, time: 0.488, data: 0.001) G_GAN_ViT: 0.262 D_real_ViT: 0.107 D_fake_ViT: 0.269 global: 0.321 spatial: 0.074 
(epoch: 76, iters: 800, time: 0.488, data: 0.001) G_GAN_ViT: 0.341 D_real_ViT: 0.251 D_fake_ViT: 0.200 global: 0.410 spatial: 0.116 
(epoch: 76, iters: 900, time: 0.488, data: 0.001) G_GAN_ViT: 0.224 D_real_ViT: 0.221 D_fake_ViT: 0.305 global: 0.432 spatial: 0.114 
(epoch: 76, iters: 1000, time: 0.488, data: 0.001) G_GAN_ViT: 0.331 D_real_ViT: 0.176 D_fake_ViT: 0.201 global: 0.320 spatial: 0.085 
(epoch: 76, iters: 1100, time: 0.489, data: 0.002) G_GAN_ViT: 0.334 D_real_ViT: 0.261 D_fake_ViT: 0.208 global: 0.406 spatial: 0.104 
(epoch: 76, iters: 1200, time: 0.489, data: 0.002) G_GAN_ViT: 0.282 D_real_ViT: 0.074 D_fake_ViT: 0.247 global: 0.250 spatial: 0.070 
(epoch: 76, iters: 1300, time: 0.489, data: 0.001) G_GAN_ViT: 0.254 D_real_ViT: 0.308 D_fake_ViT: 0.266 global: 0.324 spatial: 0.065 
(epoch: 76, iters: 1400, time: 0.489, data: 0.001) G_GAN_ViT: 0.281 D_real_ViT: 0.373 D_fake_ViT: 0.246 global: 0.262 spatial: 0.075 
(epoch: 76, iters: 1500, time: 0.488, data: 0.001) G_GAN_ViT: 0.378 D_real_ViT: 0.250 D_fake_ViT: 0.172 global: 0.382 spatial: 0.117 
(epoch: 76, iters: 1600, time: 0.488, data: 0.001) G_GAN_ViT: 0.366 D_real_ViT: 0.207 D_fake_ViT: 0.190 global: 0.528 spatial: 0.109 
(epoch: 76, iters: 1700, time: 0.488, data: 0.001) G_GAN_ViT: 0.283 D_real_ViT: 0.240 D_fake_ViT: 0.247 global: 0.369 spatial: 0.062 
(epoch: 76, iters: 1800, time: 0.488, data: 0.001) G_GAN_ViT: 0.320 D_real_ViT: 0.163 D_fake_ViT: 0.208 global: 0.397 spatial: 0.100 
(epoch: 76, iters: 1900, time: 0.488, data: 0.002) G_GAN_ViT: 0.375 D_real_ViT: 0.257 D_fake_ViT: 0.173 global: 0.396 spatial: 0.101 
(epoch: 76, iters: 2000, time: 0.488, data: 0.001) G_GAN_ViT: 0.288 D_real_ViT: 0.182 D_fake_ViT: 0.237 global: 0.304 spatial: 0.083 
(epoch: 76, iters: 2100, time: 0.488, data: 0.001) G_GAN_ViT: 0.338 D_real_ViT: 0.179 D_fake_ViT: 0.207 global: 0.260 spatial: 0.076 
(epoch: 76, iters: 2200, time: 0.488, data: 0.002) G_GAN_ViT: 0.233 D_real_ViT: 0.291 D_fake_ViT: 0.291 global: 0.239 spatial: 0.069 
(epoch: 76, iters: 2300, time: 0.488, data: 0.002) G_GAN_ViT: 0.418 D_real_ViT: 0.244 D_fake_ViT: 0.165 global: 0.547 spatial: 0.145 
(epoch: 76, iters: 2400, time: 0.489, data: 0.001) G_GAN_ViT: 0.252 D_real_ViT: 0.222 D_fake_ViT: 0.265 global: 0.270 spatial: 0.058 
(epoch: 76, iters: 2500, time: 0.489, data: 0.001) G_GAN_ViT: 0.383 D_real_ViT: 0.230 D_fake_ViT: 0.180 global: 0.403 spatial: 0.107 
(epoch: 76, iters: 2600, time: 0.489, data: 0.001) G_GAN_ViT: 0.397 D_real_ViT: 0.247 D_fake_ViT: 0.163 global: 0.433 spatial: 0.130 
(epoch: 76, iters: 2700, time: 0.488, data: 0.001) G_GAN_ViT: 0.380 D_real_ViT: 0.240 D_fake_ViT: 0.167 global: 0.499 spatial: 0.099 
(epoch: 76, iters: 2800, time: 0.488, data: 0.001) G_GAN_ViT: 0.345 D_real_ViT: 0.200 D_fake_ViT: 0.193 global: 0.295 spatial: 0.081 
(epoch: 76, iters: 2900, time: 0.488, data: 0.002) G_GAN_ViT: 0.350 D_real_ViT: 0.344 D_fake_ViT: 0.206 global: 0.529 spatial: 0.147 
(epoch: 76, iters: 3000, time: 0.488, data: 0.001) G_GAN_ViT: 0.331 D_real_ViT: 0.241 D_fake_ViT: 0.205 global: 0.382 spatial: 0.083 
(epoch: 76, iters: 3100, time: 0.488, data: 0.001) G_GAN_ViT: 0.336 D_real_ViT: 0.284 D_fake_ViT: 0.214 global: 0.451 spatial: 0.104 
(epoch: 76, iters: 3200, time: 0.488, data: 0.001) G_GAN_ViT: 0.296 D_real_ViT: 0.246 D_fake_ViT: 0.232 global: 0.394 spatial: 0.084 
(epoch: 76, iters: 3300, time: 0.488, data: 0.001) G_GAN_ViT: 0.249 D_real_ViT: 0.280 D_fake_ViT: 0.266 global: 0.326 spatial: 0.084 
(epoch: 76, iters: 3400, time: 0.488, data: 0.001) G_GAN_ViT: 0.368 D_real_ViT: 0.240 D_fake_ViT: 0.186 global: 0.380 spatial: 0.117 
(epoch: 76, iters: 3500, time: 0.488, data: 0.001) G_GAN_ViT: 0.414 D_real_ViT: 0.272 D_fake_ViT: 0.170 global: 0.526 spatial: 0.141 
(epoch: 76, iters: 3600, time: 0.488, data: 0.001) G_GAN_ViT: 0.238 D_real_ViT: 0.282 D_fake_ViT: 0.293 global: 0.427 spatial: 0.085 
(epoch: 76, iters: 3700, time: 0.488, data: 0.001) G_GAN_ViT: 0.345 D_real_ViT: 0.118 D_fake_ViT: 0.195 global: 0.428 spatial: 0.106 
(epoch: 76, iters: 3800, time: 0.488, data: 0.001) G_GAN_ViT: 0.385 D_real_ViT: 0.242 D_fake_ViT: 0.167 global: 0.366 spatial: 0.106 
(epoch: 76, iters: 3900, time: 0.488, data: 0.002) G_GAN_ViT: 0.346 D_real_ViT: 0.206 D_fake_ViT: 0.196 global: 0.351 spatial: 0.091 
(epoch: 76, iters: 4000, time: 0.488, data: 0.001) G_GAN_ViT: 0.379 D_real_ViT: 0.098 D_fake_ViT: 0.174 global: 0.506 spatial: 0.109 
saving the latest model (epoch 76, total_iters 385000)
IRVI_single_monitor
(epoch: 76, iters: 4100, time: 0.488, data: 0.001) G_GAN_ViT: 0.385 D_real_ViT: 0.234 D_fake_ViT: 0.175 global: 0.589 spatial: 0.135 
(epoch: 76, iters: 4200, time: 0.488, data: 0.001) G_GAN_ViT: 0.362 D_real_ViT: 0.335 D_fake_ViT: 0.181 global: 0.397 spatial: 0.099 
(epoch: 76, iters: 4300, time: 0.488, data: 0.001) G_GAN_ViT: 0.221 D_real_ViT: 0.182 D_fake_ViT: 0.309 global: 0.351 spatial: 0.092 
(epoch: 76, iters: 4400, time: 0.489, data: 0.001) G_GAN_ViT: 0.224 D_real_ViT: 0.199 D_fake_ViT: 0.304 global: 0.422 spatial: 0.113 
(epoch: 76, iters: 4500, time: 0.489, data: 0.001) G_GAN_ViT: 0.367 D_real_ViT: 0.293 D_fake_ViT: 0.188 global: 0.397 spatial: 0.104 
(epoch: 76, iters: 4600, time: 0.489, data: 0.001) G_GAN_ViT: 0.400 D_real_ViT: 0.311 D_fake_ViT: 0.158 global: 0.400 spatial: 0.111 
(epoch: 76, iters: 4700, time: 0.489, data: 0.002) G_GAN_ViT: 0.248 D_real_ViT: 0.237 D_fake_ViT: 0.274 global: 0.346 spatial: 0.068 
(epoch: 76, iters: 4800, time: 0.488, data: 0.001) G_GAN_ViT: 0.289 D_real_ViT: 0.271 D_fake_ViT: 0.243 global: 0.342 spatial: 0.072 
(epoch: 76, iters: 4900, time: 0.488, data: 0.001) G_GAN_ViT: 0.356 D_real_ViT: 0.122 D_fake_ViT: 0.186 global: 0.348 spatial: 0.086 
(epoch: 76, iters: 5000, time: 0.488, data: 0.001) G_GAN_ViT: 0.284 D_real_ViT: 0.191 D_fake_ViT: 0.262 global: 0.535 spatial: 0.121 
End of epoch 76 / 100 	 Time Taken: 2488 sec
learning rate = 0.0000047
(epoch: 77, iters: 20, time: 0.488, data: 0.001) G_GAN_ViT: 0.255 D_real_ViT: 0.353 D_fake_ViT: 0.271 global: 0.248 spatial: 0.068 
(epoch: 77, iters: 120, time: 0.488, data: 0.001) G_GAN_ViT: 0.372 D_real_ViT: 0.196 D_fake_ViT: 0.186 global: 0.557 spatial: 0.141 
(epoch: 77, iters: 220, time: 0.487, data: 0.001) G_GAN_ViT: 0.368 D_real_ViT: 0.266 D_fake_ViT: 0.188 global: 0.588 spatial: 0.149 
(epoch: 77, iters: 320, time: 0.487, data: 0.001) G_GAN_ViT: 0.442 D_real_ViT: 0.272 D_fake_ViT: 0.140 global: 0.286 spatial: 0.070 
(epoch: 77, iters: 420, time: 0.487, data: 0.001) G_GAN_ViT: 0.203 D_real_ViT: 0.262 D_fake_ViT: 0.342 global: 0.411 spatial: 0.113 
(epoch: 77, iters: 520, time: 0.486, data: 0.002) G_GAN_ViT: 0.314 D_real_ViT: 0.263 D_fake_ViT: 0.212 global: 0.338 spatial: 0.083 
(epoch: 77, iters: 620, time: 0.486, data: 0.001) G_GAN_ViT: 0.347 D_real_ViT: 0.240 D_fake_ViT: 0.196 global: 0.493 spatial: 0.112 
(epoch: 77, iters: 720, time: 0.486, data: 0.001) G_GAN_ViT: 0.425 D_real_ViT: 0.310 D_fake_ViT: 0.159 global: 0.513 spatial: 0.138 
(epoch: 77, iters: 820, time: 0.487, data: 0.001) G_GAN_ViT: 0.321 D_real_ViT: 0.164 D_fake_ViT: 0.210 global: 0.289 spatial: 0.082 
(epoch: 77, iters: 920, time: 0.487, data: 0.002) G_GAN_ViT: 0.313 D_real_ViT: 0.295 D_fake_ViT: 0.217 global: 0.388 spatial: 0.100 
(epoch: 77, iters: 1020, time: 0.487, data: 0.001) G_GAN_ViT: 0.341 D_real_ViT: 0.307 D_fake_ViT: 0.201 global: 0.294 spatial: 0.075 
(epoch: 77, iters: 1120, time: 0.487, data: 0.001) G_GAN_ViT: 0.258 D_real_ViT: 0.219 D_fake_ViT: 0.268 global: 0.357 spatial: 0.093 
(epoch: 77, iters: 1220, time: 0.487, data: 0.002) G_GAN_ViT: 0.224 D_real_ViT: 0.236 D_fake_ViT: 0.294 global: 0.241 spatial: 0.063 
(epoch: 77, iters: 1320, time: 0.487, data: 0.002) G_GAN_ViT: 0.294 D_real_ViT: 0.269 D_fake_ViT: 0.236 global: 0.389 spatial: 0.122 
(epoch: 77, iters: 1420, time: 0.487, data: 0.001) G_GAN_ViT: 0.340 D_real_ViT: 0.320 D_fake_ViT: 0.194 global: 0.389 spatial: 0.099 
(epoch: 77, iters: 1520, time: 0.487, data: 0.001) G_GAN_ViT: 0.408 D_real_ViT: 0.213 D_fake_ViT: 0.166 global: 0.588 spatial: 0.141 
(epoch: 77, iters: 1620, time: 0.485, data: 0.001) G_GAN_ViT: 0.355 D_real_ViT: 0.201 D_fake_ViT: 0.187 global: 0.374 spatial: 0.076 
(epoch: 77, iters: 1720, time: 0.485, data: 0.002) G_GAN_ViT: 0.340 D_real_ViT: 0.198 D_fake_ViT: 0.202 global: 0.363 spatial: 0.096 
(epoch: 77, iters: 1820, time: 0.486, data: 0.002) G_GAN_ViT: 0.427 D_real_ViT: 0.241 D_fake_ViT: 0.157 global: 0.400 spatial: 0.103 
(epoch: 77, iters: 1920, time: 0.486, data: 0.001) G_GAN_ViT: 0.334 D_real_ViT: 0.265 D_fake_ViT: 0.202 global: 0.354 spatial: 0.088 
(epoch: 77, iters: 2020, time: 0.487, data: 0.002) G_GAN_ViT: 0.298 D_real_ViT: 0.115 D_fake_ViT: 0.228 global: 0.378 spatial: 0.102 
(epoch: 77, iters: 2120, time: 0.487, data: 0.002) G_GAN_ViT: 0.254 D_real_ViT: 0.260 D_fake_ViT: 0.268 global: 0.414 spatial: 0.110 
(epoch: 77, iters: 2220, time: 0.486, data: 0.001) G_GAN_ViT: 0.344 D_real_ViT: 0.119 D_fake_ViT: 0.194 global: 0.399 spatial: 0.105 
(epoch: 77, iters: 2320, time: 0.486, data: 0.001) G_GAN_ViT: 0.298 D_real_ViT: 0.172 D_fake_ViT: 0.223 global: 0.370 spatial: 0.071 
(epoch: 77, iters: 2420, time: 0.487, data: 0.001) G_GAN_ViT: 0.281 D_real_ViT: 0.312 D_fake_ViT: 0.248 global: 0.305 spatial: 0.070 
(epoch: 77, iters: 2520, time: 0.487, data: 0.002) G_GAN_ViT: 0.269 D_real_ViT: 0.248 D_fake_ViT: 0.253 global: 0.321 spatial: 0.072 
(epoch: 77, iters: 2620, time: 0.486, data: 0.001) G_GAN_ViT: 0.311 D_real_ViT: 0.263 D_fake_ViT: 0.219 global: 0.419 spatial: 0.087 
(epoch: 77, iters: 2720, time: 0.486, data: 0.001) G_GAN_ViT: 0.272 D_real_ViT: 0.183 D_fake_ViT: 0.268 global: 0.299 spatial: 0.083 
(epoch: 77, iters: 2820, time: 0.486, data: 0.001) G_GAN_ViT: 0.343 D_real_ViT: 0.212 D_fake_ViT: 0.193 global: 0.396 spatial: 0.099 
(epoch: 77, iters: 2920, time: 0.487, data: 0.001) G_GAN_ViT: 0.316 D_real_ViT: 0.216 D_fake_ViT: 0.223 global: 0.349 spatial: 0.102 
(epoch: 77, iters: 3020, time: 0.487, data: 0.002) G_GAN_ViT: 0.373 D_real_ViT: 0.233 D_fake_ViT: 0.179 global: 0.446 spatial: 0.116 
(epoch: 77, iters: 3120, time: 0.487, data: 0.001) G_GAN_ViT: 0.236 D_real_ViT: 0.179 D_fake_ViT: 0.286 global: 0.240 spatial: 0.070 
(epoch: 77, iters: 3220, time: 0.487, data: 0.001) G_GAN_ViT: 0.408 D_real_ViT: 0.271 D_fake_ViT: 0.165 global: 0.525 spatial: 0.152 
(epoch: 77, iters: 3320, time: 0.487, data: 0.001) G_GAN_ViT: 0.328 D_real_ViT: 0.159 D_fake_ViT: 0.203 global: 0.335 spatial: 0.095 
(epoch: 77, iters: 3420, time: 0.486, data: 0.001) G_GAN_ViT: 0.212 D_real_ViT: 0.305 D_fake_ViT: 0.309 global: 0.313 spatial: 0.079 
(epoch: 77, iters: 3520, time: 0.487, data: 0.006) G_GAN_ViT: 0.333 D_real_ViT: 0.282 D_fake_ViT: 0.204 global: 0.400 spatial: 0.073 
(epoch: 77, iters: 3620, time: 0.487, data: 0.002) G_GAN_ViT: 0.342 D_real_ViT: 0.132 D_fake_ViT: 0.200 global: 0.405 spatial: 0.119 
(epoch: 77, iters: 3720, time: 0.487, data: 0.002) G_GAN_ViT: 0.261 D_real_ViT: 0.288 D_fake_ViT: 0.277 global: 0.245 spatial: 0.048 
(epoch: 77, iters: 3820, time: 0.487, data: 0.001) G_GAN_ViT: 0.358 D_real_ViT: 0.034 D_fake_ViT: 0.185 global: 0.342 spatial: 0.092 
(epoch: 77, iters: 3920, time: 0.487, data: 0.002) G_GAN_ViT: 0.527 D_real_ViT: 0.212 D_fake_ViT: 0.109 global: 0.573 spatial: 0.163 
saving the latest model (epoch 77, total_iters 390000)
IRVI_single_monitor
(epoch: 77, iters: 4020, time: 0.487, data: 0.002) G_GAN_ViT: 0.240 D_real_ViT: 0.216 D_fake_ViT: 0.293 global: 0.384 spatial: 0.087 
(epoch: 77, iters: 4120, time: 0.487, data: 0.002) G_GAN_ViT: 0.337 D_real_ViT: 0.198 D_fake_ViT: 0.201 global: 0.368 spatial: 0.085 
(epoch: 77, iters: 4220, time: 0.488, data: 0.001) G_GAN_ViT: 0.308 D_real_ViT: 0.229 D_fake_ViT: 0.227 global: 0.452 spatial: 0.079 
(epoch: 77, iters: 4320, time: 0.488, data: 0.001) G_GAN_ViT: 0.283 D_real_ViT: 0.270 D_fake_ViT: 0.254 global: 0.285 spatial: 0.089 
(epoch: 77, iters: 4420, time: 0.488, data: 0.001) G_GAN_ViT: 0.342 D_real_ViT: 0.177 D_fake_ViT: 0.192 global: 0.331 spatial: 0.086 
(epoch: 77, iters: 4520, time: 0.488, data: 0.002) G_GAN_ViT: 0.209 D_real_ViT: 0.283 D_fake_ViT: 0.317 global: 0.280 spatial: 0.080 
(epoch: 77, iters: 4620, time: 0.488, data: 0.001) G_GAN_ViT: 0.217 D_real_ViT: 0.269 D_fake_ViT: 0.302 global: 0.314 spatial: 0.082 
(epoch: 77, iters: 4720, time: 0.488, data: 0.001) G_GAN_ViT: 0.316 D_real_ViT: 0.200 D_fake_ViT: 0.213 global: 0.319 spatial: 0.115 
(epoch: 77, iters: 4820, time: 0.487, data: 0.002) G_GAN_ViT: 0.337 D_real_ViT: 0.297 D_fake_ViT: 0.200 global: 0.404 spatial: 0.083 
(epoch: 77, iters: 4920, time: 0.487, data: 0.001) G_GAN_ViT: 0.350 D_real_ViT: 0.337 D_fake_ViT: 0.193 global: 0.390 spatial: 0.117 
(epoch: 77, iters: 5020, time: 0.487, data: 0.001) G_GAN_ViT: 0.320 D_real_ViT: 0.229 D_fake_ViT: 0.217 global: 0.348 spatial: 0.072 
End of epoch 77 / 100 	 Time Taken: 2482 sec
learning rate = 0.0000045
(epoch: 78, iters: 40, time: 0.487, data: 0.001) G_GAN_ViT: 0.291 D_real_ViT: 0.106 D_fake_ViT: 0.243 global: 0.553 spatial: 0.103 
(epoch: 78, iters: 140, time: 0.487, data: 0.001) G_GAN_ViT: 0.319 D_real_ViT: 0.274 D_fake_ViT: 0.207 global: 0.371 spatial: 0.085 
(epoch: 78, iters: 240, time: 0.487, data: 0.001) G_GAN_ViT: 0.345 D_real_ViT: 0.290 D_fake_ViT: 0.199 global: 0.455 spatial: 0.122 
(epoch: 78, iters: 340, time: 0.485, data: 0.002) G_GAN_ViT: 0.313 D_real_ViT: 0.258 D_fake_ViT: 0.222 global: 0.306 spatial: 0.072 
(epoch: 78, iters: 440, time: 0.484, data: 0.001) G_GAN_ViT: 0.303 D_real_ViT: 0.099 D_fake_ViT: 0.230 global: 0.420 spatial: 0.090 
(epoch: 78, iters: 540, time: 0.484, data: 0.002) G_GAN_ViT: 0.336 D_real_ViT: 0.102 D_fake_ViT: 0.202 global: 0.297 spatial: 0.072 
(epoch: 78, iters: 640, time: 0.485, data: 0.002) G_GAN_ViT: 0.349 D_real_ViT: 0.278 D_fake_ViT: 0.195 global: 0.401 spatial: 0.125 
(epoch: 78, iters: 740, time: 0.484, data: 0.001) G_GAN_ViT: 0.370 D_real_ViT: 0.128 D_fake_ViT: 0.179 global: 0.419 spatial: 0.111 
(epoch: 78, iters: 840, time: 0.485, data: 0.002) G_GAN_ViT: 0.354 D_real_ViT: 0.239 D_fake_ViT: 0.188 global: 0.327 spatial: 0.081 
(epoch: 78, iters: 940, time: 0.485, data: 0.002) G_GAN_ViT: 0.405 D_real_ViT: 0.323 D_fake_ViT: 0.163 global: 0.425 spatial: 0.107 
(epoch: 78, iters: 1040, time: 0.485, data: 0.002) G_GAN_ViT: 0.309 D_real_ViT: 0.184 D_fake_ViT: 0.225 global: 0.384 spatial: 0.107 
(epoch: 78, iters: 1140, time: 0.483, data: 0.001) G_GAN_ViT: 0.214 D_real_ViT: 0.202 D_fake_ViT: 0.307 global: 0.283 spatial: 0.078 
(epoch: 78, iters: 1240, time: 0.485, data: 0.001) G_GAN_ViT: 0.332 D_real_ViT: 0.095 D_fake_ViT: 0.215 global: 0.248 spatial: 0.069 
(epoch: 78, iters: 1340, time: 0.485, data: 0.001) G_GAN_ViT: 0.330 D_real_ViT: 0.106 D_fake_ViT: 0.202 global: 0.316 spatial: 0.086 
(epoch: 78, iters: 1440, time: 0.485, data: 0.001) G_GAN_ViT: 0.385 D_real_ViT: 0.272 D_fake_ViT: 0.183 global: 0.513 spatial: 0.144 
(epoch: 78, iters: 1540, time: 0.485, data: 0.001) G_GAN_ViT: 0.337 D_real_ViT: 0.199 D_fake_ViT: 0.190 global: 0.351 spatial: 0.074 
(epoch: 78, iters: 1640, time: 0.485, data: 0.001) G_GAN_ViT: 0.399 D_real_ViT: 0.324 D_fake_ViT: 0.156 global: 0.548 spatial: 0.104 
(epoch: 78, iters: 1740, time: 0.485, data: 0.002) G_GAN_ViT: 0.374 D_real_ViT: 0.290 D_fake_ViT: 0.165 global: 0.364 spatial: 0.078 
(epoch: 78, iters: 1840, time: 0.486, data: 0.001) G_GAN_ViT: 0.411 D_real_ViT: 0.107 D_fake_ViT: 0.155 global: 0.419 spatial: 0.113 
(epoch: 78, iters: 1940, time: 0.487, data: 0.001) G_GAN_ViT: 0.360 D_real_ViT: 0.134 D_fake_ViT: 0.182 global: 0.337 spatial: 0.090 
(epoch: 78, iters: 2040, time: 0.487, data: 0.001) G_GAN_ViT: 0.351 D_real_ViT: 0.118 D_fake_ViT: 0.187 global: 0.350 spatial: 0.100 
(epoch: 78, iters: 2140, time: 0.487, data: 0.002) G_GAN_ViT: 0.276 D_real_ViT: 0.090 D_fake_ViT: 0.255 global: 0.402 spatial: 0.074 
(epoch: 78, iters: 2240, time: 0.488, data: 0.002) G_GAN_ViT: 0.547 D_real_ViT: 0.246 D_fake_ViT: 0.099 global: 0.508 spatial: 0.143 
(epoch: 78, iters: 2340, time: 0.488, data: 0.001) G_GAN_ViT: 0.360 D_real_ViT: 0.095 D_fake_ViT: 0.185 global: 0.410 spatial: 0.105 
(epoch: 78, iters: 2440, time: 0.488, data: 0.001) G_GAN_ViT: 0.283 D_real_ViT: 0.280 D_fake_ViT: 0.239 global: 0.256 spatial: 0.067 
(epoch: 78, iters: 2540, time: 0.488, data: 0.002) G_GAN_ViT: 0.382 D_real_ViT: 0.192 D_fake_ViT: 0.174 global: 0.320 spatial: 0.102 
(epoch: 78, iters: 2640, time: 0.488, data: 0.002) G_GAN_ViT: 0.305 D_real_ViT: 0.347 D_fake_ViT: 0.227 global: 0.292 spatial: 0.073 
(epoch: 78, iters: 2740, time: 0.487, data: 0.002) G_GAN_ViT: 0.258 D_real_ViT: 0.185 D_fake_ViT: 0.272 global: 0.389 spatial: 0.087 
(epoch: 78, iters: 2840, time: 0.487, data: 0.002) G_GAN_ViT: 0.259 D_real_ViT: 0.193 D_fake_ViT: 0.265 global: 0.246 spatial: 0.082 
(epoch: 78, iters: 2940, time: 0.487, data: 0.002) G_GAN_ViT: 0.211 D_real_ViT: 0.294 D_fake_ViT: 0.320 global: 0.419 spatial: 0.110 
(epoch: 78, iters: 3040, time: 0.487, data: 0.001) G_GAN_ViT: 0.378 D_real_ViT: 0.264 D_fake_ViT: 0.179 global: 0.406 spatial: 0.108 
(epoch: 78, iters: 3140, time: 0.486, data: 0.001) G_GAN_ViT: 0.312 D_real_ViT: 0.200 D_fake_ViT: 0.217 global: 0.375 spatial: 0.111 
(epoch: 78, iters: 3240, time: 0.487, data: 0.002) G_GAN_ViT: 0.243 D_real_ViT: 0.250 D_fake_ViT: 0.289 global: 0.338 spatial: 0.096 
(epoch: 78, iters: 3340, time: 0.487, data: 0.002) G_GAN_ViT: 0.306 D_real_ViT: 0.248 D_fake_ViT: 0.227 global: 0.307 spatial: 0.089 
(epoch: 78, iters: 3440, time: 0.487, data: 0.001) G_GAN_ViT: 0.306 D_real_ViT: 0.119 D_fake_ViT: 0.225 global: 0.283 spatial: 0.088 
(epoch: 78, iters: 3540, time: 0.488, data: 0.001) G_GAN_ViT: 0.253 D_real_ViT: 0.231 D_fake_ViT: 0.289 global: 0.282 spatial: 0.075 
(epoch: 78, iters: 3640, time: 0.488, data: 0.001) G_GAN_ViT: 0.301 D_real_ViT: 0.219 D_fake_ViT: 0.224 global: 0.362 spatial: 0.095 
(epoch: 78, iters: 3740, time: 0.487, data: 0.001) G_GAN_ViT: 0.232 D_real_ViT: 0.128 D_fake_ViT: 0.284 global: 0.315 spatial: 0.077 
(epoch: 78, iters: 3840, time: 0.487, data: 0.001) G_GAN_ViT: 0.377 D_real_ViT: 0.139 D_fake_ViT: 0.183 global: 0.393 spatial: 0.115 
saving the latest model (epoch 78, total_iters 395000)
IRVI_single_monitor
(epoch: 78, iters: 3940, time: 0.486, data: 0.002) G_GAN_ViT: 0.385 D_real_ViT: 0.245 D_fake_ViT: 0.175 global: 0.471 spatial: 0.140 
(epoch: 78, iters: 4040, time: 0.486, data: 0.002) G_GAN_ViT: 0.237 D_real_ViT: 0.282 D_fake_ViT: 0.286 global: 0.469 spatial: 0.108 
(epoch: 78, iters: 4140, time: 0.486, data: 0.002) G_GAN_ViT: 0.332 D_real_ViT: 0.221 D_fake_ViT: 0.203 global: 0.365 spatial: 0.111 
(epoch: 78, iters: 4240, time: 0.487, data: 0.001) G_GAN_ViT: 0.400 D_real_ViT: 0.265 D_fake_ViT: 0.164 global: 0.430 spatial: 0.135 
(epoch: 78, iters: 4340, time: 0.487, data: 0.001) G_GAN_ViT: 0.307 D_real_ViT: 0.167 D_fake_ViT: 0.225 global: 0.391 spatial: 0.086 
(epoch: 78, iters: 4440, time: 0.487, data: 0.002) G_GAN_ViT: 0.402 D_real_ViT: 0.107 D_fake_ViT: 0.167 global: 0.421 spatial: 0.109 
(epoch: 78, iters: 4540, time: 0.487, data: 0.001) G_GAN_ViT: 0.350 D_real_ViT: 0.224 D_fake_ViT: 0.187 global: 0.348 spatial: 0.093 
(epoch: 78, iters: 4640, time: 0.487, data: 0.001) G_GAN_ViT: 0.333 D_real_ViT: 0.253 D_fake_ViT: 0.204 global: 0.295 spatial: 0.076 
(epoch: 78, iters: 4740, time: 0.487, data: 0.001) G_GAN_ViT: 0.381 D_real_ViT: 0.321 D_fake_ViT: 0.171 global: 0.306 spatial: 0.078 
(epoch: 78, iters: 4840, time: 0.487, data: 0.001) G_GAN_ViT: 0.380 D_real_ViT: 0.247 D_fake_ViT: 0.178 global: 0.601 spatial: 0.138 
(epoch: 78, iters: 4940, time: 0.487, data: 0.001) G_GAN_ViT: 0.357 D_real_ViT: 0.309 D_fake_ViT: 0.200 global: 0.517 spatial: 0.158 
(epoch: 78, iters: 5040, time: 0.488, data: 0.002) G_GAN_ViT: 0.226 D_real_ViT: 0.246 D_fake_ViT: 0.290 global: 0.279 spatial: 0.077 
End of epoch 78 / 100 	 Time Taken: 2480 sec
learning rate = 0.0000043
(epoch: 79, iters: 60, time: 0.487, data: 0.002) G_GAN_ViT: 0.439 D_real_ViT: 0.160 D_fake_ViT: 0.135 global: 0.392 spatial: 0.113 
(epoch: 79, iters: 160, time: 0.487, data: 0.002) G_GAN_ViT: 0.361 D_real_ViT: 0.327 D_fake_ViT: 0.180 global: 0.295 spatial: 0.084 
(epoch: 79, iters: 260, time: 0.486, data: 0.002) G_GAN_ViT: 0.315 D_real_ViT: 0.308 D_fake_ViT: 0.217 global: 0.497 spatial: 0.097 
(epoch: 79, iters: 360, time: 0.486, data: 0.002) G_GAN_ViT: 0.330 D_real_ViT: 0.323 D_fake_ViT: 0.201 global: 0.280 spatial: 0.077 
(epoch: 79, iters: 460, time: 0.485, data: 0.001) G_GAN_ViT: 0.345 D_real_ViT: 0.319 D_fake_ViT: 0.189 global: 0.339 spatial: 0.086 
(epoch: 79, iters: 560, time: 0.485, data: 0.001) G_GAN_ViT: 0.378 D_real_ViT: 0.249 D_fake_ViT: 0.175 global: 0.411 spatial: 0.126 
(epoch: 79, iters: 660, time: 0.485, data: 0.002) G_GAN_ViT: 0.234 D_real_ViT: 0.213 D_fake_ViT: 0.292 global: 0.401 spatial: 0.108 
(epoch: 79, iters: 760, time: 0.484, data: 0.002) G_GAN_ViT: 0.311 D_real_ViT: 0.291 D_fake_ViT: 0.216 global: 0.369 spatial: 0.094 
(epoch: 79, iters: 860, time: 0.484, data: 0.002) G_GAN_ViT: 0.293 D_real_ViT: 0.186 D_fake_ViT: 0.233 global: 0.304 spatial: 0.075 
(epoch: 79, iters: 960, time: 0.484, data: 0.002) G_GAN_ViT: 0.231 D_real_ViT: 0.333 D_fake_ViT: 0.283 global: 0.252 spatial: 0.058 
(epoch: 79, iters: 1060, time: 0.484, data: 0.002) G_GAN_ViT: 0.320 D_real_ViT: 0.251 D_fake_ViT: 0.211 global: 0.295 spatial: 0.071 
(epoch: 79, iters: 1160, time: 0.484, data: 0.001) G_GAN_ViT: 0.362 D_real_ViT: 0.369 D_fake_ViT: 0.189 global: 0.302 spatial: 0.073 
(epoch: 79, iters: 1260, time: 0.484, data: 0.001) G_GAN_ViT: 0.326 D_real_ViT: 0.239 D_fake_ViT: 0.206 global: 0.388 spatial: 0.109 
(epoch: 79, iters: 1360, time: 0.484, data: 0.002) G_GAN_ViT: 0.313 D_real_ViT: 0.211 D_fake_ViT: 0.216 global: 0.289 spatial: 0.081 
(epoch: 79, iters: 1460, time: 0.484, data: 0.002) G_GAN_ViT: 0.246 D_real_ViT: 0.251 D_fake_ViT: 0.275 global: 0.331 spatial: 0.066 
(epoch: 79, iters: 1560, time: 0.483, data: 0.001) G_GAN_ViT: 0.354 D_real_ViT: 0.226 D_fake_ViT: 0.197 global: 0.423 spatial: 0.118 
(epoch: 79, iters: 1660, time: 0.483, data: 0.002) G_GAN_ViT: 0.261 D_real_ViT: 0.241 D_fake_ViT: 0.262 global: 0.374 spatial: 0.090 
(epoch: 79, iters: 1760, time: 0.484, data: 0.001) G_GAN_ViT: 0.331 D_real_ViT: 0.274 D_fake_ViT: 0.216 global: 0.430 spatial: 0.120 
(epoch: 79, iters: 1860, time: 0.484, data: 0.001) G_GAN_ViT: 0.310 D_real_ViT: 0.283 D_fake_ViT: 0.215 global: 0.314 spatial: 0.079 
(epoch: 79, iters: 1960, time: 0.484, data: 0.001) G_GAN_ViT: 0.328 D_real_ViT: 0.367 D_fake_ViT: 0.219 global: 0.442 spatial: 0.115 
(epoch: 79, iters: 2060, time: 0.484, data: 0.001) G_GAN_ViT: 0.341 D_real_ViT: 0.196 D_fake_ViT: 0.196 global: 0.302 spatial: 0.076 
(epoch: 79, iters: 2160, time: 0.485, data: 0.001) G_GAN_ViT: 0.354 D_real_ViT: 0.243 D_fake_ViT: 0.188 global: 0.410 spatial: 0.110 
(epoch: 79, iters: 2260, time: 0.484, data: 0.001) G_GAN_ViT: 0.363 D_real_ViT: 0.091 D_fake_ViT: 0.190 global: 0.401 spatial: 0.110 
(epoch: 79, iters: 2360, time: 0.484, data: 0.002) G_GAN_ViT: 0.333 D_real_ViT: 0.083 D_fake_ViT: 0.198 global: 0.331 spatial: 0.090 
(epoch: 79, iters: 2460, time: 0.484, data: 0.001) G_GAN_ViT: 0.328 D_real_ViT: 0.180 D_fake_ViT: 0.207 global: 0.422 spatial: 0.106 
(epoch: 79, iters: 2560, time: 0.483, data: 0.001) G_GAN_ViT: 0.236 D_real_ViT: 0.274 D_fake_ViT: 0.290 global: 0.368 spatial: 0.095 
(epoch: 79, iters: 2660, time: 0.483, data: 0.001) G_GAN_ViT: 0.360 D_real_ViT: 0.223 D_fake_ViT: 0.179 global: 0.277 spatial: 0.082 
(epoch: 79, iters: 2760, time: 0.484, data: 0.001) G_GAN_ViT: 0.236 D_real_ViT: 0.268 D_fake_ViT: 0.280 global: 0.275 spatial: 0.074 
(epoch: 79, iters: 2860, time: 0.484, data: 0.002) G_GAN_ViT: 0.233 D_real_ViT: 0.142 D_fake_ViT: 0.289 global: 0.347 spatial: 0.076 
(epoch: 79, iters: 2960, time: 0.484, data: 0.001) G_GAN_ViT: 0.369 D_real_ViT: 0.224 D_fake_ViT: 0.185 global: 0.542 spatial: 0.120 
(epoch: 79, iters: 3060, time: 0.484, data: 0.002) G_GAN_ViT: 0.439 D_real_ViT: 0.216 D_fake_ViT: 0.150 global: 0.503 spatial: 0.130 
(epoch: 79, iters: 3160, time: 0.484, data: 0.002) G_GAN_ViT: 0.294 D_real_ViT: 0.253 D_fake_ViT: 0.226 global: 0.276 spatial: 0.081 
(epoch: 79, iters: 3260, time: 0.483, data: 0.001) G_GAN_ViT: 0.194 D_real_ViT: 0.132 D_fake_ViT: 0.333 global: 0.303 spatial: 0.078 
(epoch: 79, iters: 3360, time: 0.484, data: 0.001) G_GAN_ViT: 0.313 D_real_ViT: 0.214 D_fake_ViT: 0.213 global: 0.308 spatial: 0.075 
(epoch: 79, iters: 3460, time: 0.484, data: 0.001) G_GAN_ViT: 0.331 D_real_ViT: 0.273 D_fake_ViT: 0.198 global: 0.378 spatial: 0.095 
(epoch: 79, iters: 3560, time: 0.484, data: 0.001) G_GAN_ViT: 0.246 D_real_ViT: 0.262 D_fake_ViT: 0.275 global: 0.388 spatial: 0.078 
(epoch: 79, iters: 3660, time: 0.484, data: 0.001) G_GAN_ViT: 0.534 D_real_ViT: 0.214 D_fake_ViT: 0.104 global: 0.458 spatial: 0.140 
(epoch: 79, iters: 3760, time: 0.484, data: 0.002) G_GAN_ViT: 0.247 D_real_ViT: 0.130 D_fake_ViT: 0.275 global: 0.448 spatial: 0.102 
saving the latest model (epoch 79, total_iters 400000)
IRVI_single_monitor
(epoch: 79, iters: 3860, time: 0.483, data: 0.001) G_GAN_ViT: 0.310 D_real_ViT: 0.187 D_fake_ViT: 0.225 global: 0.297 spatial: 0.080 
(epoch: 79, iters: 3960, time: 0.484, data: 0.001) G_GAN_ViT: 0.311 D_real_ViT: 0.255 D_fake_ViT: 0.219 global: 0.319 spatial: 0.078 
(epoch: 79, iters: 4060, time: 0.484, data: 0.001) G_GAN_ViT: 0.228 D_real_ViT: 0.299 D_fake_ViT: 0.292 global: 0.322 spatial: 0.085 
(epoch: 79, iters: 4160, time: 0.484, data: 0.001) G_GAN_ViT: 0.298 D_real_ViT: 0.271 D_fake_ViT: 0.228 global: 0.367 spatial: 0.097 
(epoch: 79, iters: 4260, time: 0.484, data: 0.001) G_GAN_ViT: 0.359 D_real_ViT: 0.142 D_fake_ViT: 0.178 global: 0.298 spatial: 0.084 
(epoch: 79, iters: 4360, time: 0.483, data: 0.001) G_GAN_ViT: 0.224 D_real_ViT: 0.442 D_fake_ViT: 0.297 global: 0.423 spatial: 0.110 
(epoch: 79, iters: 4460, time: 0.484, data: 0.002) G_GAN_ViT: 0.191 D_real_ViT: 0.282 D_fake_ViT: 0.340 global: 0.271 spatial: 0.060 
(epoch: 79, iters: 4560, time: 0.484, data: 0.002) G_GAN_ViT: 0.213 D_real_ViT: 0.261 D_fake_ViT: 0.306 global: 0.247 spatial: 0.062 
(epoch: 79, iters: 4660, time: 0.484, data: 0.001) G_GAN_ViT: 0.303 D_real_ViT: 0.251 D_fake_ViT: 0.221 global: 0.331 spatial: 0.080 
(epoch: 79, iters: 4760, time: 0.484, data: 0.001) G_GAN_ViT: 0.227 D_real_ViT: 0.256 D_fake_ViT: 0.296 global: 0.282 spatial: 0.080 
(epoch: 79, iters: 4860, time: 0.484, data: 0.001) G_GAN_ViT: 0.300 D_real_ViT: 0.300 D_fake_ViT: 0.227 global: 0.319 spatial: 0.074 
(epoch: 79, iters: 4960, time: 0.484, data: 0.001) G_GAN_ViT: 0.389 D_real_ViT: 0.315 D_fake_ViT: 0.167 global: 0.455 spatial: 0.112 
(epoch: 79, iters: 5060, time: 0.485, data: 0.001) G_GAN_ViT: 0.286 D_real_ViT: 0.181 D_fake_ViT: 0.234 global: 0.285 spatial: 0.083 
End of epoch 79 / 100 	 Time Taken: 2467 sec
learning rate = 0.0000041
(epoch: 80, iters: 80, time: 0.484, data: 0.002) G_GAN_ViT: 0.510 D_real_ViT: 0.259 D_fake_ViT: 0.119 global: 0.295 spatial: 0.086 
(epoch: 80, iters: 180, time: 0.485, data: 0.001) G_GAN_ViT: 0.305 D_real_ViT: 0.262 D_fake_ViT: 0.217 global: 0.310 spatial: 0.082 
(epoch: 80, iters: 280, time: 0.484, data: 0.001) G_GAN_ViT: 0.210 D_real_ViT: 0.249 D_fake_ViT: 0.311 global: 0.243 spatial: 0.063 
(epoch: 80, iters: 380, time: 0.484, data: 0.001) G_GAN_ViT: 0.321 D_real_ViT: 0.180 D_fake_ViT: 0.208 global: 0.316 spatial: 0.078 
(epoch: 80, iters: 480, time: 0.484, data: 0.001) G_GAN_ViT: 0.254 D_real_ViT: 0.303 D_fake_ViT: 0.268 global: 0.437 spatial: 0.094 
(epoch: 80, iters: 580, time: 0.484, data: 0.001) G_GAN_ViT: 0.308 D_real_ViT: 0.237 D_fake_ViT: 0.229 global: 0.547 spatial: 0.130 
(epoch: 80, iters: 680, time: 0.484, data: 0.002) G_GAN_ViT: 0.397 D_real_ViT: 0.233 D_fake_ViT: 0.171 global: 0.579 spatial: 0.139 
(epoch: 80, iters: 780, time: 0.486, data: 0.002) G_GAN_ViT: 0.318 D_real_ViT: 0.319 D_fake_ViT: 0.209 global: 0.313 spatial: 0.083 
(epoch: 80, iters: 880, time: 0.486, data: 0.001) G_GAN_ViT: 0.369 D_real_ViT: 0.243 D_fake_ViT: 0.174 global: 0.327 spatial: 0.088 
(epoch: 80, iters: 980, time: 0.486, data: 0.001) G_GAN_ViT: 0.208 D_real_ViT: 0.092 D_fake_ViT: 0.312 global: 0.277 spatial: 0.081 
(epoch: 80, iters: 1080, time: 0.485, data: 0.002) G_GAN_ViT: 0.301 D_real_ViT: 0.232 D_fake_ViT: 0.222 global: 0.365 spatial: 0.079 
(epoch: 80, iters: 1180, time: 0.485, data: 0.001) G_GAN_ViT: 0.337 D_real_ViT: 0.274 D_fake_ViT: 0.200 global: 0.357 spatial: 0.102 
(epoch: 80, iters: 1280, time: 0.485, data: 0.001) G_GAN_ViT: 0.403 D_real_ViT: 0.267 D_fake_ViT: 0.196 global: 0.297 spatial: 0.071 
(epoch: 80, iters: 1380, time: 0.485, data: 0.002) G_GAN_ViT: 0.207 D_real_ViT: 0.308 D_fake_ViT: 0.324 global: 0.399 spatial: 0.112 
(epoch: 80, iters: 1480, time: 0.485, data: 0.002) G_GAN_ViT: 0.341 D_real_ViT: 0.272 D_fake_ViT: 0.192 global: 0.367 spatial: 0.076 
(epoch: 80, iters: 1580, time: 0.484, data: 0.001) G_GAN_ViT: 0.322 D_real_ViT: 0.296 D_fake_ViT: 0.212 global: 0.336 spatial: 0.101 
(epoch: 80, iters: 1680, time: 0.484, data: 0.001) G_GAN_ViT: 0.321 D_real_ViT: 0.240 D_fake_ViT: 0.206 global: 0.322 spatial: 0.089 
(epoch: 80, iters: 1780, time: 0.484, data: 0.001) G_GAN_ViT: 0.375 D_real_ViT: 0.249 D_fake_ViT: 0.180 global: 0.358 spatial: 0.107 
(epoch: 80, iters: 1880, time: 0.484, data: 0.001) G_GAN_ViT: 0.319 D_real_ViT: 0.269 D_fake_ViT: 0.217 global: 0.329 spatial: 0.086 
(epoch: 80, iters: 1980, time: 0.484, data: 0.001) G_GAN_ViT: 0.360 D_real_ViT: 0.206 D_fake_ViT: 0.178 global: 0.354 spatial: 0.092 
(epoch: 80, iters: 2080, time: 0.484, data: 0.001) G_GAN_ViT: 0.309 D_real_ViT: 0.294 D_fake_ViT: 0.218 global: 0.279 spatial: 0.083 
(epoch: 80, iters: 2180, time: 0.484, data: 0.001) G_GAN_ViT: 0.346 D_real_ViT: 0.232 D_fake_ViT: 0.204 global: 0.501 spatial: 0.151 
(epoch: 80, iters: 2280, time: 0.485, data: 0.001) G_GAN_ViT: 0.295 D_real_ViT: 0.245 D_fake_ViT: 0.228 global: 0.395 spatial: 0.087 
(epoch: 80, iters: 2380, time: 0.484, data: 0.001) G_GAN_ViT: 0.380 D_real_ViT: 0.105 D_fake_ViT: 0.180 global: 0.469 spatial: 0.138 
(epoch: 80, iters: 2480, time: 0.485, data: 0.001) G_GAN_ViT: 0.375 D_real_ViT: 0.293 D_fake_ViT: 0.171 global: 0.348 spatial: 0.092 
(epoch: 80, iters: 2580, time: 0.484, data: 0.001) G_GAN_ViT: 0.349 D_real_ViT: 0.154 D_fake_ViT: 0.197 global: 0.412 spatial: 0.121 
(epoch: 80, iters: 2680, time: 0.485, data: 0.001) G_GAN_ViT: 0.216 D_real_ViT: 0.110 D_fake_ViT: 0.326 global: 0.466 spatial: 0.145 
(epoch: 80, iters: 2780, time: 0.486, data: 0.001) G_GAN_ViT: 0.294 D_real_ViT: 0.045 D_fake_ViT: 0.235 global: 0.312 spatial: 0.065 
(epoch: 80, iters: 2880, time: 0.485, data: 0.001) G_GAN_ViT: 0.249 D_real_ViT: 0.303 D_fake_ViT: 0.269 global: 0.322 spatial: 0.070 
(epoch: 80, iters: 2980, time: 0.485, data: 0.001) G_GAN_ViT: 0.327 D_real_ViT: 0.203 D_fake_ViT: 0.212 global: 0.404 spatial: 0.103 
(epoch: 80, iters: 3080, time: 0.484, data: 0.001) G_GAN_ViT: 0.358 D_real_ViT: 0.197 D_fake_ViT: 0.186 global: 0.419 spatial: 0.111 
(epoch: 80, iters: 3180, time: 0.483, data: 0.002) G_GAN_ViT: 0.289 D_real_ViT: 0.242 D_fake_ViT: 0.232 global: 0.293 spatial: 0.079 
(epoch: 80, iters: 3280, time: 0.484, data: 0.001) G_GAN_ViT: 0.255 D_real_ViT: 0.262 D_fake_ViT: 0.268 global: 0.248 spatial: 0.070 
(epoch: 80, iters: 3380, time: 0.484, data: 0.001) G_GAN_ViT: 0.202 D_real_ViT: 0.235 D_fake_ViT: 0.332 global: 0.397 spatial: 0.107 
(epoch: 80, iters: 3480, time: 0.484, data: 0.001) G_GAN_ViT: 0.314 D_real_ViT: 0.217 D_fake_ViT: 0.223 global: 0.270 spatial: 0.080 
(epoch: 80, iters: 3580, time: 0.484, data: 0.002) G_GAN_ViT: 0.460 D_real_ViT: 0.203 D_fake_ViT: 0.141 global: 0.481 spatial: 0.139 
(epoch: 80, iters: 3680, time: 0.484, data: 0.001) G_GAN_ViT: 0.222 D_real_ViT: 0.159 D_fake_ViT: 0.303 global: 0.430 spatial: 0.105 
saving the latest model (epoch 80, total_iters 405000)
IRVI_single_monitor
(epoch: 80, iters: 3780, time: 0.484, data: 0.002) G_GAN_ViT: 0.296 D_real_ViT: 0.248 D_fake_ViT: 0.231 global: 0.379 spatial: 0.104 
(epoch: 80, iters: 3880, time: 0.484, data: 0.001) G_GAN_ViT: 0.256 D_real_ViT: 0.316 D_fake_ViT: 0.257 global: 0.312 spatial: 0.076 
(epoch: 80, iters: 3980, time: 0.484, data: 0.001) G_GAN_ViT: 0.326 D_real_ViT: 0.252 D_fake_ViT: 0.207 global: 0.418 spatial: 0.093 
(epoch: 80, iters: 4080, time: 0.484, data: 0.003) G_GAN_ViT: 0.288 D_real_ViT: 0.297 D_fake_ViT: 0.248 global: 0.290 spatial: 0.083 
(epoch: 80, iters: 4180, time: 0.484, data: 0.001) G_GAN_ViT: 0.328 D_real_ViT: 0.269 D_fake_ViT: 0.209 global: 0.416 spatial: 0.077 
(epoch: 80, iters: 4280, time: 0.484, data: 0.001) G_GAN_ViT: 0.252 D_real_ViT: 0.030 D_fake_ViT: 0.270 global: 0.248 spatial: 0.067 
(epoch: 80, iters: 4380, time: 0.484, data: 0.001) G_GAN_ViT: 0.305 D_real_ViT: 0.292 D_fake_ViT: 0.231 global: 0.380 spatial: 0.101 
(epoch: 80, iters: 4480, time: 0.484, data: 0.002) G_GAN_ViT: 0.341 D_real_ViT: 0.031 D_fake_ViT: 0.193 global: 0.337 spatial: 0.103 
(epoch: 80, iters: 4580, time: 0.484, data: 0.002) G_GAN_ViT: 0.314 D_real_ViT: 0.150 D_fake_ViT: 0.221 global: 0.398 spatial: 0.103 
(epoch: 80, iters: 4680, time: 0.484, data: 0.001) G_GAN_ViT: 0.337 D_real_ViT: 0.273 D_fake_ViT: 0.204 global: 0.389 spatial: 0.111 
(epoch: 80, iters: 4780, time: 0.484, data: 0.001) G_GAN_ViT: 0.285 D_real_ViT: 0.280 D_fake_ViT: 0.242 global: 0.362 spatial: 0.099 
(epoch: 80, iters: 4880, time: 0.484, data: 0.001) G_GAN_ViT: 0.355 D_real_ViT: 0.128 D_fake_ViT: 0.185 global: 0.517 spatial: 0.101 
(epoch: 80, iters: 4980, time: 0.485, data: 0.001) G_GAN_ViT: 0.215 D_real_ViT: 0.205 D_fake_ViT: 0.311 global: 0.337 spatial: 0.092 
(epoch: 80, iters: 5080, time: 0.484, data: 0.002) G_GAN_ViT: 0.341 D_real_ViT: 0.251 D_fake_ViT: 0.192 global: 0.340 spatial: 0.094 
saving the model at the end of epoch 80, iters 406400
End of epoch 80 / 100 	 Time Taken: 2470 sec
learning rate = 0.0000039
(epoch: 81, iters: 100, time: 0.484, data: 0.135) G_GAN_ViT: 0.269 D_real_ViT: 0.260 D_fake_ViT: 0.253 global: 0.322 spatial: 0.080 
(epoch: 81, iters: 200, time: 0.484, data: 0.001) G_GAN_ViT: 0.391 D_real_ViT: 0.258 D_fake_ViT: 0.166 global: 0.576 spatial: 0.131 
(epoch: 81, iters: 300, time: 0.484, data: 0.001) G_GAN_ViT: 0.323 D_real_ViT: 0.417 D_fake_ViT: 0.206 global: 0.364 spatial: 0.102 
(epoch: 81, iters: 400, time: 0.485, data: 0.002) G_GAN_ViT: 0.323 D_real_ViT: 0.214 D_fake_ViT: 0.214 global: 0.309 spatial: 0.079 
(epoch: 81, iters: 500, time: 0.485, data: 0.001) G_GAN_ViT: 0.330 D_real_ViT: 0.250 D_fake_ViT: 0.205 global: 0.547 spatial: 0.132 
(epoch: 81, iters: 600, time: 0.484, data: 0.001) G_GAN_ViT: 0.292 D_real_ViT: 0.238 D_fake_ViT: 0.236 global: 0.319 spatial: 0.056 
(epoch: 81, iters: 700, time: 0.484, data: 0.001) G_GAN_ViT: 0.319 D_real_ViT: 0.283 D_fake_ViT: 0.208 global: 0.317 spatial: 0.080 
(epoch: 81, iters: 800, time: 0.484, data: 0.002) G_GAN_ViT: 0.261 D_real_ViT: 0.170 D_fake_ViT: 0.259 global: 0.248 spatial: 0.065 
(epoch: 81, iters: 900, time: 0.484, data: 0.001) G_GAN_ViT: 0.331 D_real_ViT: 0.301 D_fake_ViT: 0.217 global: 0.501 spatial: 0.140 
(epoch: 81, iters: 1000, time: 0.484, data: 0.001) G_GAN_ViT: 0.315 D_real_ViT: 0.279 D_fake_ViT: 0.212 global: 0.377 spatial: 0.103 
(epoch: 81, iters: 1100, time: 0.484, data: 0.002) G_GAN_ViT: 0.265 D_real_ViT: 0.267 D_fake_ViT: 0.255 global: 0.299 spatial: 0.075 
(epoch: 81, iters: 1200, time: 0.485, data: 0.002) G_GAN_ViT: 0.329 D_real_ViT: 0.222 D_fake_ViT: 0.212 global: 0.396 spatial: 0.106 
(epoch: 81, iters: 1300, time: 0.485, data: 0.001) G_GAN_ViT: 0.253 D_real_ViT: 0.301 D_fake_ViT: 0.262 global: 0.320 spatial: 0.082 
(epoch: 81, iters: 1400, time: 0.484, data: 0.001) G_GAN_ViT: 0.313 D_real_ViT: 0.303 D_fake_ViT: 0.218 global: 0.385 spatial: 0.105 
(epoch: 81, iters: 1500, time: 0.484, data: 0.001) G_GAN_ViT: 0.248 D_real_ViT: 0.349 D_fake_ViT: 0.266 global: 0.322 spatial: 0.080 
(epoch: 81, iters: 1600, time: 0.485, data: 0.001) G_GAN_ViT: 0.353 D_real_ViT: 0.202 D_fake_ViT: 0.182 global: 0.342 spatial: 0.088 
(epoch: 81, iters: 1700, time: 0.485, data: 0.001) G_GAN_ViT: 0.352 D_real_ViT: 0.248 D_fake_ViT: 0.183 global: 0.359 spatial: 0.088 
(epoch: 81, iters: 1800, time: 0.484, data: 0.001) G_GAN_ViT: 0.258 D_real_ViT: 0.265 D_fake_ViT: 0.264 global: 0.439 spatial: 0.087 
(epoch: 81, iters: 1900, time: 0.485, data: 0.001) G_GAN_ViT: 0.356 D_real_ViT: 0.311 D_fake_ViT: 0.187 global: 0.521 spatial: 0.108 
(epoch: 81, iters: 2000, time: 0.486, data: 0.001) G_GAN_ViT: 0.322 D_real_ViT: 0.299 D_fake_ViT: 0.213 global: 0.288 spatial: 0.080 
(epoch: 81, iters: 2100, time: 0.486, data: 0.001) G_GAN_ViT: 0.352 D_real_ViT: 0.272 D_fake_ViT: 0.200 global: 0.508 spatial: 0.145 
(epoch: 81, iters: 2200, time: 0.487, data: 0.001) G_GAN_ViT: 0.311 D_real_ViT: 0.028 D_fake_ViT: 0.217 global: 0.300 spatial: 0.094 
(epoch: 81, iters: 2300, time: 0.488, data: 0.002) G_GAN_ViT: 0.218 D_real_ViT: 0.253 D_fake_ViT: 0.306 global: 0.276 spatial: 0.078 
(epoch: 81, iters: 2400, time: 0.487, data: 0.001) G_GAN_ViT: 0.334 D_real_ViT: 0.249 D_fake_ViT: 0.196 global: 0.348 spatial: 0.081 
(epoch: 81, iters: 2500, time: 0.486, data: 0.002) G_GAN_ViT: 0.223 D_real_ViT: 0.386 D_fake_ViT: 0.294 global: 0.244 spatial: 0.062 
(epoch: 81, iters: 2600, time: 0.485, data: 0.002) G_GAN_ViT: 0.308 D_real_ViT: 0.090 D_fake_ViT: 0.228 global: 0.257 spatial: 0.081 
(epoch: 81, iters: 2700, time: 0.484, data: 0.002) G_GAN_ViT: 0.305 D_real_ViT: 0.278 D_fake_ViT: 0.219 global: 0.328 spatial: 0.082 
(epoch: 81, iters: 2800, time: 0.484, data: 0.001) G_GAN_ViT: 0.313 D_real_ViT: 0.289 D_fake_ViT: 0.210 global: 0.358 spatial: 0.078 
(epoch: 81, iters: 2900, time: 0.484, data: 0.001) G_GAN_ViT: 0.351 D_real_ViT: 0.232 D_fake_ViT: 0.190 global: 0.401 spatial: 0.095 
(epoch: 81, iters: 3000, time: 0.483, data: 0.001) G_GAN_ViT: 0.361 D_real_ViT: 0.246 D_fake_ViT: 0.187 global: 0.262 spatial: 0.074 
(epoch: 81, iters: 3100, time: 0.484, data: 0.002) G_GAN_ViT: 0.214 D_real_ViT: 0.279 D_fake_ViT: 0.312 global: 0.270 spatial: 0.080 
(epoch: 81, iters: 3200, time: 0.484, data: 0.001) G_GAN_ViT: 0.247 D_real_ViT: 0.239 D_fake_ViT: 0.276 global: 0.471 spatial: 0.102 
(epoch: 81, iters: 3300, time: 0.484, data: 0.002) G_GAN_ViT: 0.321 D_real_ViT: 0.128 D_fake_ViT: 0.213 global: 0.423 spatial: 0.107 
(epoch: 81, iters: 3400, time: 0.485, data: 0.001) G_GAN_ViT: 0.359 D_real_ViT: 0.296 D_fake_ViT: 0.178 global: 0.363 spatial: 0.087 
(epoch: 81, iters: 3500, time: 0.485, data: 0.002) G_GAN_ViT: 0.349 D_real_ViT: 0.269 D_fake_ViT: 0.184 global: 0.350 spatial: 0.087 
(epoch: 81, iters: 3600, time: 0.485, data: 0.002) G_GAN_ViT: 0.223 D_real_ViT: 0.261 D_fake_ViT: 0.294 global: 0.271 spatial: 0.062 
saving the latest model (epoch 81, total_iters 410000)
IRVI_single_monitor
(epoch: 81, iters: 3700, time: 0.485, data: 0.002) G_GAN_ViT: 0.332 D_real_ViT: 0.114 D_fake_ViT: 0.198 global: 0.408 spatial: 0.082 
(epoch: 81, iters: 3800, time: 0.484, data: 0.002) G_GAN_ViT: 0.299 D_real_ViT: 0.255 D_fake_ViT: 0.234 global: 0.544 spatial: 0.103 
(epoch: 81, iters: 3900, time: 0.484, data: 0.001) G_GAN_ViT: 0.369 D_real_ViT: 0.276 D_fake_ViT: 0.173 global: 0.359 spatial: 0.087 
(epoch: 81, iters: 4000, time: 0.485, data: 0.001) G_GAN_ViT: 0.213 D_real_ViT: 0.275 D_fake_ViT: 0.305 global: 0.282 spatial: 0.076 
(epoch: 81, iters: 4100, time: 0.486, data: 0.001) G_GAN_ViT: 0.337 D_real_ViT: 0.243 D_fake_ViT: 0.193 global: 0.348 spatial: 0.083 
(epoch: 81, iters: 4200, time: 0.485, data: 0.001) G_GAN_ViT: 0.251 D_real_ViT: 0.227 D_fake_ViT: 0.266 global: 0.277 spatial: 0.083 
(epoch: 81, iters: 4300, time: 0.486, data: 0.001) G_GAN_ViT: 0.248 D_real_ViT: 0.296 D_fake_ViT: 0.266 global: 0.226 spatial: 0.064 
(epoch: 81, iters: 4400, time: 0.487, data: 0.001) G_GAN_ViT: 0.328 D_real_ViT: 0.172 D_fake_ViT: 0.202 global: 0.345 spatial: 0.081 
(epoch: 81, iters: 4500, time: 0.487, data: 0.002) G_GAN_ViT: 0.426 D_real_ViT: 0.260 D_fake_ViT: 0.156 global: 0.521 spatial: 0.142 
(epoch: 81, iters: 4600, time: 0.487, data: 0.001) G_GAN_ViT: 0.260 D_real_ViT: 0.250 D_fake_ViT: 0.259 global: 0.295 spatial: 0.084 
(epoch: 81, iters: 4700, time: 0.487, data: 0.001) G_GAN_ViT: 0.341 D_real_ViT: 0.241 D_fake_ViT: 0.188 global: 0.333 spatial: 0.091 
(epoch: 81, iters: 4800, time: 0.486, data: 0.002) G_GAN_ViT: 0.375 D_real_ViT: 0.233 D_fake_ViT: 0.171 global: 0.346 spatial: 0.091 
(epoch: 81, iters: 4900, time: 0.487, data: 0.001) G_GAN_ViT: 0.308 D_real_ViT: 0.108 D_fake_ViT: 0.221 global: 0.349 spatial: 0.073 
(epoch: 81, iters: 5000, time: 0.486, data: 0.001) G_GAN_ViT: 0.362 D_real_ViT: 0.322 D_fake_ViT: 0.178 global: 0.338 spatial: 0.080 
End of epoch 81 / 100 	 Time Taken: 2473 sec
learning rate = 0.0000037
(epoch: 82, iters: 20, time: 0.486, data: 0.002) G_GAN_ViT: 0.283 D_real_ViT: 0.162 D_fake_ViT: 0.244 global: 0.346 spatial: 0.092 
(epoch: 82, iters: 120, time: 0.486, data: 0.001) G_GAN_ViT: 0.192 D_real_ViT: 0.252 D_fake_ViT: 0.341 global: 0.446 spatial: 0.098 
(epoch: 82, iters: 220, time: 0.485, data: 0.001) G_GAN_ViT: 0.383 D_real_ViT: 0.276 D_fake_ViT: 0.176 global: 0.392 spatial: 0.099 
(epoch: 82, iters: 320, time: 0.485, data: 0.001) G_GAN_ViT: 0.322 D_real_ViT: 0.305 D_fake_ViT: 0.207 global: 0.330 spatial: 0.098 
(epoch: 82, iters: 420, time: 0.484, data: 0.001) G_GAN_ViT: 0.347 D_real_ViT: 0.269 D_fake_ViT: 0.199 global: 0.521 spatial: 0.133 
(epoch: 82, iters: 520, time: 0.485, data: 0.002) G_GAN_ViT: 0.355 D_real_ViT: 0.287 D_fake_ViT: 0.187 global: 0.426 spatial: 0.087 
(epoch: 82, iters: 620, time: 0.484, data: 0.002) G_GAN_ViT: 0.368 D_real_ViT: 0.035 D_fake_ViT: 0.179 global: 0.519 spatial: 0.112 
(epoch: 82, iters: 720, time: 0.485, data: 0.001) G_GAN_ViT: 0.356 D_real_ViT: 0.114 D_fake_ViT: 0.186 global: 0.384 spatial: 0.109 
(epoch: 82, iters: 820, time: 0.485, data: 0.002) G_GAN_ViT: 0.214 D_real_ViT: 0.107 D_fake_ViT: 0.313 global: 0.403 spatial: 0.109 
(epoch: 82, iters: 920, time: 0.484, data: 0.002) G_GAN_ViT: 0.339 D_real_ViT: 0.291 D_fake_ViT: 0.192 global: 0.298 spatial: 0.086 
(epoch: 82, iters: 1020, time: 0.485, data: 0.001) G_GAN_ViT: 0.316 D_real_ViT: 0.283 D_fake_ViT: 0.210 global: 0.347 spatial: 0.083 
(epoch: 82, iters: 1120, time: 0.485, data: 0.001) G_GAN_ViT: 0.329 D_real_ViT: 0.206 D_fake_ViT: 0.201 global: 0.338 spatial: 0.084 
(epoch: 82, iters: 1220, time: 0.485, data: 0.002) G_GAN_ViT: 0.351 D_real_ViT: 0.287 D_fake_ViT: 0.186 global: 0.386 spatial: 0.112 
(epoch: 82, iters: 1320, time: 0.485, data: 0.001) G_GAN_ViT: 0.314 D_real_ViT: 0.280 D_fake_ViT: 0.210 global: 0.335 spatial: 0.082 
(epoch: 82, iters: 1420, time: 0.486, data: 0.001) G_GAN_ViT: 0.245 D_real_ViT: 0.175 D_fake_ViT: 0.277 global: 0.253 spatial: 0.072 
(epoch: 82, iters: 1520, time: 0.487, data: 0.002) G_GAN_ViT: 0.325 D_real_ViT: 0.322 D_fake_ViT: 0.203 global: 0.359 spatial: 0.078 
(epoch: 82, iters: 1620, time: 0.487, data: 0.001) G_GAN_ViT: 0.325 D_real_ViT: 0.112 D_fake_ViT: 0.205 global: 0.349 spatial: 0.089 
(epoch: 82, iters: 1720, time: 0.487, data: 0.001) G_GAN_ViT: 0.218 D_real_ViT: 0.265 D_fake_ViT: 0.299 global: 0.242 spatial: 0.060 
(epoch: 82, iters: 1820, time: 0.488, data: 0.001) G_GAN_ViT: 0.252 D_real_ViT: 0.222 D_fake_ViT: 0.268 global: 0.252 spatial: 0.066 
(epoch: 82, iters: 1920, time: 0.488, data: 0.001) G_GAN_ViT: 0.212 D_real_ViT: 0.333 D_fake_ViT: 0.310 global: 0.238 spatial: 0.067 
(epoch: 82, iters: 2020, time: 0.488, data: 0.002) G_GAN_ViT: 0.301 D_real_ViT: 0.188 D_fake_ViT: 0.223 global: 0.312 spatial: 0.081 
(epoch: 82, iters: 2120, time: 0.487, data: 0.001) G_GAN_ViT: 0.332 D_real_ViT: 0.268 D_fake_ViT: 0.200 global: 0.374 spatial: 0.103 
(epoch: 82, iters: 2220, time: 0.487, data: 0.001) G_GAN_ViT: 0.349 D_real_ViT: 0.162 D_fake_ViT: 0.197 global: 0.527 spatial: 0.126 
(epoch: 82, iters: 2320, time: 0.487, data: 0.001) G_GAN_ViT: 0.295 D_real_ViT: 0.242 D_fake_ViT: 0.227 global: 0.282 spatial: 0.066 
(epoch: 82, iters: 2420, time: 0.487, data: 0.001) G_GAN_ViT: 0.339 D_real_ViT: 0.256 D_fake_ViT: 0.195 global: 0.409 spatial: 0.085 
(epoch: 82, iters: 2520, time: 0.486, data: 0.001) G_GAN_ViT: 0.329 D_real_ViT: 0.186 D_fake_ViT: 0.199 global: 0.312 spatial: 0.102 
(epoch: 82, iters: 2620, time: 0.486, data: 0.002) G_GAN_ViT: 0.210 D_real_ViT: 0.344 D_fake_ViT: 0.310 global: 0.234 spatial: 0.060 
(epoch: 82, iters: 2720, time: 0.486, data: 0.002) G_GAN_ViT: 0.479 D_real_ViT: 0.213 D_fake_ViT: 0.163 global: 0.428 spatial: 0.134 
(epoch: 82, iters: 2820, time: 0.485, data: 0.002) G_GAN_ViT: 0.256 D_real_ViT: 0.255 D_fake_ViT: 0.278 global: 0.362 spatial: 0.106 
(epoch: 82, iters: 2920, time: 0.485, data: 0.002) G_GAN_ViT: 0.293 D_real_ViT: 0.199 D_fake_ViT: 0.231 global: 0.370 spatial: 0.101 
(epoch: 82, iters: 3020, time: 0.486, data: 0.002) G_GAN_ViT: 0.275 D_real_ViT: 0.291 D_fake_ViT: 0.247 global: 0.300 spatial: 0.086 
(epoch: 82, iters: 3120, time: 0.487, data: 0.001) G_GAN_ViT: 0.198 D_real_ViT: 0.318 D_fake_ViT: 0.334 global: 0.439 spatial: 0.105 
(epoch: 82, iters: 3220, time: 0.487, data: 0.002) G_GAN_ViT: 0.414 D_real_ViT: 0.039 D_fake_ViT: 0.158 global: 0.292 spatial: 0.073 
(epoch: 82, iters: 3320, time: 0.487, data: 0.001) G_GAN_ViT: 0.374 D_real_ViT: 0.046 D_fake_ViT: 0.167 global: 0.333 spatial: 0.080 
(epoch: 82, iters: 3420, time: 0.488, data: 0.001) G_GAN_ViT: 0.280 D_real_ViT: 0.266 D_fake_ViT: 0.247 global: 0.415 spatial: 0.105 
(epoch: 82, iters: 3520, time: 0.488, data: 0.001) G_GAN_ViT: 0.260 D_real_ViT: 0.308 D_fake_ViT: 0.263 global: 0.341 spatial: 0.088 
saving the latest model (epoch 82, total_iters 415000)
IRVI_single_monitor
(epoch: 82, iters: 3620, time: 0.487, data: 0.001) G_GAN_ViT: 0.294 D_real_ViT: 0.192 D_fake_ViT: 0.231 global: 0.427 spatial: 0.084 
(epoch: 82, iters: 3720, time: 0.486, data: 0.001) G_GAN_ViT: 0.280 D_real_ViT: 0.287 D_fake_ViT: 0.238 global: 0.332 spatial: 0.069 
(epoch: 82, iters: 3820, time: 0.485, data: 0.002) G_GAN_ViT: 0.218 D_real_ViT: 0.326 D_fake_ViT: 0.306 global: 0.275 spatial: 0.078 
(epoch: 82, iters: 3920, time: 0.485, data: 0.001) G_GAN_ViT: 0.316 D_real_ViT: 0.245 D_fake_ViT: 0.213 global: 0.365 spatial: 0.070 
(epoch: 82, iters: 4020, time: 0.485, data: 0.001) G_GAN_ViT: 0.283 D_real_ViT: 0.276 D_fake_ViT: 0.236 global: 0.276 spatial: 0.082 
(epoch: 82, iters: 4120, time: 0.484, data: 0.001) G_GAN_ViT: 0.247 D_real_ViT: 0.229 D_fake_ViT: 0.284 global: 0.236 spatial: 0.056 
(epoch: 82, iters: 4220, time: 0.486, data: 0.001) G_GAN_ViT: 0.402 D_real_ViT: 0.289 D_fake_ViT: 0.168 global: 0.542 spatial: 0.142 
(epoch: 82, iters: 4320, time: 0.486, data: 0.001) G_GAN_ViT: 0.333 D_real_ViT: 0.252 D_fake_ViT: 0.200 global: 0.380 spatial: 0.107 
(epoch: 82, iters: 4420, time: 0.485, data: 0.001) G_GAN_ViT: 0.365 D_real_ViT: 0.103 D_fake_ViT: 0.186 global: 0.269 spatial: 0.075 
(epoch: 82, iters: 4520, time: 0.485, data: 0.002) G_GAN_ViT: 0.474 D_real_ViT: 0.292 D_fake_ViT: 0.128 global: 0.504 spatial: 0.143 
(epoch: 82, iters: 4620, time: 0.486, data: 0.002) G_GAN_ViT: 0.271 D_real_ViT: 0.276 D_fake_ViT: 0.252 global: 0.345 spatial: 0.091 
(epoch: 82, iters: 4720, time: 0.486, data: 0.001) G_GAN_ViT: 0.357 D_real_ViT: 0.270 D_fake_ViT: 0.199 global: 0.385 spatial: 0.114 
(epoch: 82, iters: 4820, time: 0.485, data: 0.002) G_GAN_ViT: 0.302 D_real_ViT: 0.192 D_fake_ViT: 0.222 global: 0.362 spatial: 0.085 
(epoch: 82, iters: 4920, time: 0.485, data: 0.001) G_GAN_ViT: 0.388 D_real_ViT: 0.102 D_fake_ViT: 0.181 global: 0.470 spatial: 0.117 
(epoch: 82, iters: 5020, time: 0.485, data: 0.002) G_GAN_ViT: 0.266 D_real_ViT: 0.045 D_fake_ViT: 0.256 global: 0.368 spatial: 0.101 
End of epoch 82 / 100 	 Time Taken: 2477 sec
learning rate = 0.0000035
(epoch: 83, iters: 40, time: 0.486, data: 0.002) G_GAN_ViT: 0.374 D_real_ViT: 0.195 D_fake_ViT: 0.186 global: 0.505 spatial: 0.122 
(epoch: 83, iters: 140, time: 0.485, data: 0.001) G_GAN_ViT: 0.274 D_real_ViT: 0.250 D_fake_ViT: 0.248 global: 0.342 spatial: 0.090 
(epoch: 83, iters: 240, time: 0.485, data: 0.001) G_GAN_ViT: 0.348 D_real_ViT: 0.273 D_fake_ViT: 0.187 global: 0.419 spatial: 0.095 
(epoch: 83, iters: 340, time: 0.485, data: 0.001) G_GAN_ViT: 0.225 D_real_ViT: 0.272 D_fake_ViT: 0.303 global: 0.351 spatial: 0.093 
(epoch: 83, iters: 440, time: 0.484, data: 0.001) G_GAN_ViT: 0.354 D_real_ViT: 0.110 D_fake_ViT: 0.181 global: 0.300 spatial: 0.090 
(epoch: 83, iters: 540, time: 0.485, data: 0.001) G_GAN_ViT: 0.390 D_real_ViT: 0.118 D_fake_ViT: 0.169 global: 0.267 spatial: 0.072 
(epoch: 83, iters: 640, time: 0.486, data: 0.001) G_GAN_ViT: 0.297 D_real_ViT: 0.290 D_fake_ViT: 0.232 global: 0.332 spatial: 0.075 
(epoch: 83, iters: 740, time: 0.486, data: 0.001) G_GAN_ViT: 0.334 D_real_ViT: 0.243 D_fake_ViT: 0.204 global: 0.529 spatial: 0.094 
(epoch: 83, iters: 840, time: 0.486, data: 0.001) G_GAN_ViT: 0.342 D_real_ViT: 0.275 D_fake_ViT: 0.201 global: 0.268 spatial: 0.077 
(epoch: 83, iters: 940, time: 0.486, data: 0.001) G_GAN_ViT: 0.309 D_real_ViT: 0.279 D_fake_ViT: 0.217 global: 0.341 spatial: 0.089 
(epoch: 83, iters: 1040, time: 0.486, data: 0.001) G_GAN_ViT: 0.280 D_real_ViT: 0.193 D_fake_ViT: 0.244 global: 0.308 spatial: 0.074 
(epoch: 83, iters: 1140, time: 0.486, data: 0.001) G_GAN_ViT: 0.336 D_real_ViT: 0.274 D_fake_ViT: 0.198 global: 0.354 spatial: 0.105 
(epoch: 83, iters: 1240, time: 0.486, data: 0.001) G_GAN_ViT: 0.376 D_real_ViT: 0.291 D_fake_ViT: 0.183 global: 0.368 spatial: 0.092 
(epoch: 83, iters: 1340, time: 0.485, data: 0.001) G_GAN_ViT: 0.264 D_real_ViT: 0.258 D_fake_ViT: 0.265 global: 0.302 spatial: 0.069 
(epoch: 83, iters: 1440, time: 0.486, data: 0.001) G_GAN_ViT: 0.296 D_real_ViT: 0.248 D_fake_ViT: 0.227 global: 0.352 spatial: 0.085 
(epoch: 83, iters: 1540, time: 0.486, data: 0.001) G_GAN_ViT: 0.297 D_real_ViT: 0.251 D_fake_ViT: 0.229 global: 0.327 spatial: 0.089 
(epoch: 83, iters: 1640, time: 0.485, data: 0.001) G_GAN_ViT: 0.272 D_real_ViT: 0.191 D_fake_ViT: 0.249 global: 0.299 spatial: 0.061 
(epoch: 83, iters: 1740, time: 0.485, data: 0.001) G_GAN_ViT: 0.241 D_real_ViT: 0.268 D_fake_ViT: 0.282 global: 0.262 spatial: 0.072 
(epoch: 83, iters: 1840, time: 0.484, data: 0.001) G_GAN_ViT: 0.458 D_real_ViT: 0.219 D_fake_ViT: 0.138 global: 0.289 spatial: 0.083 
(epoch: 83, iters: 1940, time: 0.485, data: 0.002) G_GAN_ViT: 0.275 D_real_ViT: 0.270 D_fake_ViT: 0.243 global: 0.314 spatial: 0.083 
(epoch: 83, iters: 2040, time: 0.484, data: 0.002) G_GAN_ViT: 0.314 D_real_ViT: 0.251 D_fake_ViT: 0.213 global: 0.297 spatial: 0.076 
(epoch: 83, iters: 2140, time: 0.484, data: 0.001) G_GAN_ViT: 0.251 D_real_ViT: 0.228 D_fake_ViT: 0.266 global: 0.314 spatial: 0.075 
(epoch: 83, iters: 2240, time: 0.485, data: 0.001) G_GAN_ViT: 0.393 D_real_ViT: 0.212 D_fake_ViT: 0.162 global: 0.393 spatial: 0.110 
(epoch: 83, iters: 2340, time: 0.485, data: 0.001) G_GAN_ViT: 0.352 D_real_ViT: 0.217 D_fake_ViT: 0.195 global: 0.494 spatial: 0.114 
(epoch: 83, iters: 2440, time: 0.484, data: 0.002) G_GAN_ViT: 0.353 D_real_ViT: 0.289 D_fake_ViT: 0.183 global: 0.322 spatial: 0.085 
(epoch: 83, iters: 2540, time: 0.483, data: 0.001) G_GAN_ViT: 0.351 D_real_ViT: 0.244 D_fake_ViT: 0.188 global: 0.296 spatial: 0.079 
(epoch: 83, iters: 2640, time: 0.484, data: 0.001) G_GAN_ViT: 0.729 D_real_ViT: 0.240 D_fake_ViT: 0.071 global: 0.539 spatial: 0.147 
(epoch: 83, iters: 2740, time: 0.484, data: 0.002) G_GAN_ViT: 0.325 D_real_ViT: 0.209 D_fake_ViT: 0.206 global: 0.403 spatial: 0.086 
(epoch: 83, iters: 2840, time: 0.485, data: 0.001) G_GAN_ViT: 0.358 D_real_ViT: 0.180 D_fake_ViT: 0.190 global: 0.272 spatial: 0.073 
(epoch: 83, iters: 2940, time: 0.484, data: 0.002) G_GAN_ViT: 0.236 D_real_ViT: 0.199 D_fake_ViT: 0.277 global: 0.240 spatial: 0.059 
(epoch: 83, iters: 3040, time: 0.484, data: 0.001) G_GAN_ViT: 0.327 D_real_ViT: 0.225 D_fake_ViT: 0.203 global: 0.313 spatial: 0.080 
(epoch: 83, iters: 3140, time: 0.485, data: 0.001) G_GAN_ViT: 0.295 D_real_ViT: 0.302 D_fake_ViT: 0.228 global: 0.362 spatial: 0.093 
(epoch: 83, iters: 3240, time: 0.485, data: 0.001) G_GAN_ViT: 0.305 D_real_ViT: 0.324 D_fake_ViT: 0.232 global: 0.413 spatial: 0.106 
(epoch: 83, iters: 3340, time: 0.485, data: 0.001) G_GAN_ViT: 0.363 D_real_ViT: 0.268 D_fake_ViT: 0.173 global: 0.408 spatial: 0.090 
(epoch: 83, iters: 3440, time: 0.485, data: 0.001) G_GAN_ViT: 0.291 D_real_ViT: 0.237 D_fake_ViT: 0.237 global: 0.325 spatial: 0.074 
saving the latest model (epoch 83, total_iters 420000)
IRVI_single_monitor
(epoch: 83, iters: 3540, time: 0.485, data: 0.001) G_GAN_ViT: 0.188 D_real_ViT: 0.250 D_fake_ViT: 0.350 global: 0.391 spatial: 0.110 
(epoch: 83, iters: 3640, time: 0.485, data: 0.001) G_GAN_ViT: 0.359 D_real_ViT: 0.260 D_fake_ViT: 0.188 global: 0.353 spatial: 0.101 
(epoch: 83, iters: 3740, time: 0.484, data: 0.001) G_GAN_ViT: 0.268 D_real_ViT: 0.120 D_fake_ViT: 0.248 global: 0.309 spatial: 0.077 
(epoch: 83, iters: 3840, time: 0.484, data: 0.001) G_GAN_ViT: 0.293 D_real_ViT: 0.248 D_fake_ViT: 0.229 global: 0.261 spatial: 0.071 
(epoch: 83, iters: 3940, time: 0.484, data: 0.002) G_GAN_ViT: 0.379 D_real_ViT: 0.265 D_fake_ViT: 0.171 global: 0.395 spatial: 0.117 
(epoch: 83, iters: 4040, time: 0.484, data: 0.001) G_GAN_ViT: 0.260 D_real_ViT: 0.153 D_fake_ViT: 0.259 global: 0.355 spatial: 0.073 
(epoch: 83, iters: 4140, time: 0.484, data: 0.001) G_GAN_ViT: 0.300 D_real_ViT: 0.175 D_fake_ViT: 0.225 global: 0.351 spatial: 0.094 
(epoch: 83, iters: 4240, time: 0.485, data: 0.001) G_GAN_ViT: 0.224 D_real_ViT: 0.230 D_fake_ViT: 0.293 global: 0.301 spatial: 0.077 
(epoch: 83, iters: 4340, time: 0.485, data: 0.001) G_GAN_ViT: 0.282 D_real_ViT: 0.277 D_fake_ViT: 0.246 global: 0.310 spatial: 0.081 
(epoch: 83, iters: 4440, time: 0.485, data: 0.001) G_GAN_ViT: 0.339 D_real_ViT: 0.284 D_fake_ViT: 0.197 global: 0.385 spatial: 0.104 
(epoch: 83, iters: 4540, time: 0.485, data: 0.001) G_GAN_ViT: 0.332 D_real_ViT: 0.206 D_fake_ViT: 0.197 global: 0.306 spatial: 0.089 
(epoch: 83, iters: 4640, time: 0.485, data: 0.001) G_GAN_ViT: 0.386 D_real_ViT: 0.239 D_fake_ViT: 0.167 global: 0.259 spatial: 0.069 
(epoch: 83, iters: 4740, time: 0.485, data: 0.001) G_GAN_ViT: 0.221 D_real_ViT: 0.222 D_fake_ViT: 0.301 global: 0.243 spatial: 0.076 
(epoch: 83, iters: 4840, time: 0.486, data: 0.002) G_GAN_ViT: 0.267 D_real_ViT: 0.428 D_fake_ViT: 0.258 global: 0.305 spatial: 0.069 
(epoch: 83, iters: 4940, time: 0.485, data: 0.001) G_GAN_ViT: 0.360 D_real_ViT: 0.280 D_fake_ViT: 0.182 global: 0.376 spatial: 0.109 
(epoch: 83, iters: 5040, time: 0.485, data: 0.001) G_GAN_ViT: 0.323 D_real_ViT: 0.281 D_fake_ViT: 0.207 global: 0.404 spatial: 0.096 
End of epoch 83 / 100 	 Time Taken: 2471 sec
learning rate = 0.0000033
(epoch: 84, iters: 60, time: 0.484, data: 0.001) G_GAN_ViT: 0.193 D_real_ViT: 0.270 D_fake_ViT: 0.343 global: 0.395 spatial: 0.105 
(epoch: 84, iters: 160, time: 0.485, data: 0.001) G_GAN_ViT: 0.303 D_real_ViT: 0.295 D_fake_ViT: 0.229 global: 0.543 spatial: 0.100 
(epoch: 84, iters: 260, time: 0.485, data: 0.001) G_GAN_ViT: 0.373 D_real_ViT: 0.256 D_fake_ViT: 0.175 global: 0.380 spatial: 0.101 
(epoch: 84, iters: 360, time: 0.485, data: 0.001) G_GAN_ViT: 0.349 D_real_ViT: 0.283 D_fake_ViT: 0.186 global: 0.389 spatial: 0.108 
(epoch: 84, iters: 460, time: 0.485, data: 0.001) G_GAN_ViT: 0.344 D_real_ViT: 0.086 D_fake_ViT: 0.192 global: 0.445 spatial: 0.092 
(epoch: 84, iters: 560, time: 0.485, data: 0.001) G_GAN_ViT: 0.334 D_real_ViT: 0.213 D_fake_ViT: 0.215 global: 0.427 spatial: 0.108 
(epoch: 84, iters: 660, time: 0.485, data: 0.001) G_GAN_ViT: 0.319 D_real_ViT: 0.152 D_fake_ViT: 0.213 global: 0.286 spatial: 0.078 
(epoch: 84, iters: 760, time: 0.486, data: 0.001) G_GAN_ViT: 0.348 D_real_ViT: 0.222 D_fake_ViT: 0.184 global: 0.363 spatial: 0.088 
(epoch: 84, iters: 860, time: 0.486, data: 0.001) G_GAN_ViT: 0.295 D_real_ViT: 0.254 D_fake_ViT: 0.223 global: 0.266 spatial: 0.062 
(epoch: 84, iters: 960, time: 0.486, data: 0.001) G_GAN_ViT: 0.204 D_real_ViT: 0.256 D_fake_ViT: 0.327 global: 0.395 spatial: 0.106 
(epoch: 84, iters: 1060, time: 0.485, data: 0.001) G_GAN_ViT: 0.272 D_real_ViT: 0.276 D_fake_ViT: 0.251 global: 0.261 spatial: 0.066 
(epoch: 84, iters: 1160, time: 0.485, data: 0.002) G_GAN_ViT: 0.285 D_real_ViT: 0.287 D_fake_ViT: 0.240 global: 0.370 spatial: 0.081 
(epoch: 84, iters: 1260, time: 0.483, data: 0.001) G_GAN_ViT: 0.231 D_real_ViT: 0.043 D_fake_ViT: 0.285 global: 0.312 spatial: 0.077 
(epoch: 84, iters: 1360, time: 0.484, data: 0.001) G_GAN_ViT: 0.376 D_real_ViT: 0.237 D_fake_ViT: 0.191 global: 0.269 spatial: 0.071 
(epoch: 84, iters: 1460, time: 0.484, data: 0.001) G_GAN_ViT: 0.275 D_real_ViT: 0.263 D_fake_ViT: 0.254 global: 0.364 spatial: 0.103 
(epoch: 84, iters: 1560, time: 0.484, data: 0.001) G_GAN_ViT: 0.307 D_real_ViT: 0.233 D_fake_ViT: 0.219 global: 0.284 spatial: 0.077 
(epoch: 84, iters: 1660, time: 0.484, data: 0.002) G_GAN_ViT: 0.257 D_real_ViT: 0.346 D_fake_ViT: 0.261 global: 0.336 spatial: 0.072 
(epoch: 84, iters: 1760, time: 0.484, data: 0.001) G_GAN_ViT: 0.205 D_real_ViT: 0.219 D_fake_ViT: 0.323 global: 0.283 spatial: 0.076 
(epoch: 84, iters: 1860, time: 0.485, data: 0.001) G_GAN_ViT: 0.262 D_real_ViT: 0.233 D_fake_ViT: 0.257 global: 0.336 spatial: 0.091 
(epoch: 84, iters: 1960, time: 0.486, data: 0.001) G_GAN_ViT: 0.308 D_real_ViT: 0.248 D_fake_ViT: 0.216 global: 0.378 spatial: 0.081 
(epoch: 84, iters: 2060, time: 0.486, data: 0.001) G_GAN_ViT: 0.343 D_real_ViT: 0.271 D_fake_ViT: 0.194 global: 0.428 spatial: 0.103 
(epoch: 84, iters: 2160, time: 0.486, data: 0.001) G_GAN_ViT: 0.368 D_real_ViT: 0.310 D_fake_ViT: 0.177 global: 0.274 spatial: 0.068 
(epoch: 84, iters: 2260, time: 0.485, data: 0.001) G_GAN_ViT: 0.357 D_real_ViT: 0.092 D_fake_ViT: 0.193 global: 0.605 spatial: 0.137 
(epoch: 84, iters: 2360, time: 0.486, data: 0.001) G_GAN_ViT: 0.326 D_real_ViT: 0.258 D_fake_ViT: 0.211 global: 0.376 spatial: 0.098 
(epoch: 84, iters: 2460, time: 0.485, data: 0.001) G_GAN_ViT: 0.348 D_real_ViT: 0.171 D_fake_ViT: 0.191 global: 0.366 spatial: 0.109 
(epoch: 84, iters: 2560, time: 0.485, data: 0.001) G_GAN_ViT: 0.376 D_real_ViT: 0.221 D_fake_ViT: 0.174 global: 0.334 spatial: 0.084 
(epoch: 84, iters: 2660, time: 0.485, data: 0.001) G_GAN_ViT: 0.334 D_real_ViT: 0.206 D_fake_ViT: 0.194 global: 0.385 spatial: 0.088 
(epoch: 84, iters: 2760, time: 0.485, data: 0.001) G_GAN_ViT: 0.257 D_real_ViT: 0.252 D_fake_ViT: 0.269 global: 0.388 spatial: 0.086 
(epoch: 84, iters: 2860, time: 0.485, data: 0.001) G_GAN_ViT: 0.246 D_real_ViT: 0.231 D_fake_ViT: 0.272 global: 0.331 spatial: 0.068 
(epoch: 84, iters: 2960, time: 0.485, data: 0.001) G_GAN_ViT: 0.265 D_real_ViT: 0.298 D_fake_ViT: 0.257 global: 0.314 spatial: 0.067 
(epoch: 84, iters: 3060, time: 0.485, data: 0.001) G_GAN_ViT: 0.305 D_real_ViT: 0.276 D_fake_ViT: 0.230 global: 0.385 spatial: 0.101 
(epoch: 84, iters: 3160, time: 0.485, data: 0.001) G_GAN_ViT: 0.250 D_real_ViT: 0.296 D_fake_ViT: 0.275 global: 0.513 spatial: 0.101 
(epoch: 84, iters: 3260, time: 0.485, data: 0.001) G_GAN_ViT: 0.375 D_real_ViT: 0.038 D_fake_ViT: 0.173 global: 0.500 spatial: 0.100 
(epoch: 84, iters: 3360, time: 0.484, data: 0.001) G_GAN_ViT: 0.361 D_real_ViT: 0.272 D_fake_ViT: 0.205 global: 0.512 spatial: 0.139 
saving the latest model (epoch 84, total_iters 425000)
IRVI_single_monitor
(epoch: 84, iters: 3460, time: 0.485, data: 0.001) G_GAN_ViT: 0.310 D_real_ViT: 0.268 D_fake_ViT: 0.213 global: 0.352 spatial: 0.080 
(epoch: 84, iters: 3560, time: 0.485, data: 0.001) G_GAN_ViT: 0.223 D_real_ViT: 0.288 D_fake_ViT: 0.303 global: 0.428 spatial: 0.101 
(epoch: 84, iters: 3660, time: 0.484, data: 0.001) G_GAN_ViT: 0.381 D_real_ViT: 0.240 D_fake_ViT: 0.171 global: 0.382 spatial: 0.106 
(epoch: 84, iters: 3760, time: 0.484, data: 0.002) G_GAN_ViT: 0.247 D_real_ViT: 0.217 D_fake_ViT: 0.282 global: 0.315 spatial: 0.073 
(epoch: 84, iters: 3860, time: 0.485, data: 0.001) G_GAN_ViT: 0.330 D_real_ViT: 0.266 D_fake_ViT: 0.200 global: 0.345 spatial: 0.081 
(epoch: 84, iters: 3960, time: 0.484, data: 0.001) G_GAN_ViT: 0.349 D_real_ViT: 0.280 D_fake_ViT: 0.193 global: 0.326 spatial: 0.100 
(epoch: 84, iters: 4060, time: 0.484, data: 0.001) G_GAN_ViT: 0.225 D_real_ViT: 0.240 D_fake_ViT: 0.298 global: 0.278 spatial: 0.048 
(epoch: 84, iters: 4160, time: 0.484, data: 0.001) G_GAN_ViT: 0.232 D_real_ViT: 0.097 D_fake_ViT: 0.288 global: 0.267 spatial: 0.072 
(epoch: 84, iters: 4260, time: 0.485, data: 0.001) G_GAN_ViT: 0.349 D_real_ViT: 0.314 D_fake_ViT: 0.189 global: 0.295 spatial: 0.084 
(epoch: 84, iters: 4360, time: 0.484, data: 0.001) G_GAN_ViT: 0.233 D_real_ViT: 0.263 D_fake_ViT: 0.286 global: 0.222 spatial: 0.067 
(epoch: 84, iters: 4460, time: 0.485, data: 0.001) G_GAN_ViT: 0.280 D_real_ViT: 0.270 D_fake_ViT: 0.237 global: 0.312 spatial: 0.072 
(epoch: 84, iters: 4560, time: 0.485, data: 0.001) G_GAN_ViT: 0.341 D_real_ViT: 0.231 D_fake_ViT: 0.197 global: 0.279 spatial: 0.070 
(epoch: 84, iters: 4660, time: 0.486, data: 0.001) G_GAN_ViT: 0.379 D_real_ViT: 0.230 D_fake_ViT: 0.181 global: 0.405 spatial: 0.117 
(epoch: 84, iters: 4760, time: 0.486, data: 0.001) G_GAN_ViT: 0.178 D_real_ViT: 0.277 D_fake_ViT: 0.361 global: 0.325 spatial: 0.088 
(epoch: 84, iters: 4860, time: 0.486, data: 0.001) G_GAN_ViT: 0.348 D_real_ViT: 0.278 D_fake_ViT: 0.211 global: 0.536 spatial: 0.146 
(epoch: 84, iters: 4960, time: 0.485, data: 0.001) G_GAN_ViT: 0.247 D_real_ViT: 0.251 D_fake_ViT: 0.268 global: 0.313 spatial: 0.085 
(epoch: 84, iters: 5060, time: 0.486, data: 0.001) G_GAN_ViT: 0.204 D_real_ViT: 0.317 D_fake_ViT: 0.325 global: 0.288 spatial: 0.058 
End of epoch 84 / 100 	 Time Taken: 2472 sec
learning rate = 0.0000031
(epoch: 85, iters: 80, time: 0.485, data: 0.001) G_GAN_ViT: 0.362 D_real_ViT: 0.217 D_fake_ViT: 0.177 global: 0.334 spatial: 0.075 
(epoch: 85, iters: 180, time: 0.486, data: 0.001) G_GAN_ViT: 0.395 D_real_ViT: 0.274 D_fake_ViT: 0.162 global: 0.419 spatial: 0.129 
(epoch: 85, iters: 280, time: 0.487, data: 0.002) G_GAN_ViT: 0.313 D_real_ViT: 0.248 D_fake_ViT: 0.214 global: 0.373 spatial: 0.106 
(epoch: 85, iters: 380, time: 0.488, data: 0.002) G_GAN_ViT: 0.243 D_real_ViT: 0.087 D_fake_ViT: 0.277 global: 0.241 spatial: 0.068 
(epoch: 85, iters: 480, time: 0.488, data: 0.001) G_GAN_ViT: 0.441 D_real_ViT: 0.034 D_fake_ViT: 0.146 global: 0.553 spatial: 0.152 
(epoch: 85, iters: 580, time: 0.489, data: 0.001) G_GAN_ViT: 0.304 D_real_ViT: 0.100 D_fake_ViT: 0.230 global: 0.338 spatial: 0.074 
(epoch: 85, iters: 680, time: 0.488, data: 0.001) G_GAN_ViT: 0.369 D_real_ViT: 0.296 D_fake_ViT: 0.176 global: 0.387 spatial: 0.122 
(epoch: 85, iters: 780, time: 0.488, data: 0.001) G_GAN_ViT: 0.316 D_real_ViT: 0.293 D_fake_ViT: 0.211 global: 0.405 spatial: 0.091 
(epoch: 85, iters: 880, time: 0.489, data: 0.001) G_GAN_ViT: 0.376 D_real_ViT: 0.255 D_fake_ViT: 0.168 global: 0.294 spatial: 0.082 
(epoch: 85, iters: 980, time: 0.488, data: 0.001) G_GAN_ViT: 0.302 D_real_ViT: 0.230 D_fake_ViT: 0.226 global: 0.308 spatial: 0.073 
(epoch: 85, iters: 1080, time: 0.489, data: 0.001) G_GAN_ViT: 0.287 D_real_ViT: 0.318 D_fake_ViT: 0.238 global: 0.351 spatial: 0.073 
(epoch: 85, iters: 1180, time: 0.488, data: 0.001) G_GAN_ViT: 0.310 D_real_ViT: 0.224 D_fake_ViT: 0.221 global: 0.429 spatial: 0.089 
(epoch: 85, iters: 1280, time: 0.489, data: 0.001) G_GAN_ViT: 0.309 D_real_ViT: 0.250 D_fake_ViT: 0.216 global: 0.326 spatial: 0.084 
(epoch: 85, iters: 1380, time: 0.489, data: 0.001) G_GAN_ViT: 0.214 D_real_ViT: 0.265 D_fake_ViT: 0.311 global: 0.260 spatial: 0.052 
(epoch: 85, iters: 1480, time: 0.490, data: 0.001) G_GAN_ViT: 0.324 D_real_ViT: 0.288 D_fake_ViT: 0.206 global: 0.316 spatial: 0.073 
(epoch: 85, iters: 1580, time: 0.490, data: 0.001) G_GAN_ViT: 0.340 D_real_ViT: 0.222 D_fake_ViT: 0.191 global: 0.347 spatial: 0.082 
(epoch: 85, iters: 1680, time: 0.490, data: 0.001) G_GAN_ViT: 0.372 D_real_ViT: 0.228 D_fake_ViT: 0.169 global: 0.299 spatial: 0.082 
(epoch: 85, iters: 1780, time: 0.489, data: 0.001) G_GAN_ViT: 0.301 D_real_ViT: 0.267 D_fake_ViT: 0.227 global: 0.374 spatial: 0.108 
(epoch: 85, iters: 1880, time: 0.489, data: 0.001) G_GAN_ViT: 0.303 D_real_ViT: 0.231 D_fake_ViT: 0.229 global: 0.383 spatial: 0.102 
(epoch: 85, iters: 1980, time: 0.488, data: 0.001) G_GAN_ViT: 0.273 D_real_ViT: 0.227 D_fake_ViT: 0.241 global: 0.317 spatial: 0.082 
(epoch: 85, iters: 2080, time: 0.489, data: 0.001) G_GAN_ViT: 0.261 D_real_ViT: 0.236 D_fake_ViT: 0.273 global: 0.271 spatial: 0.064 
(epoch: 85, iters: 2180, time: 0.489, data: 0.001) G_GAN_ViT: 0.308 D_real_ViT: 0.332 D_fake_ViT: 0.225 global: 0.277 spatial: 0.083 
(epoch: 85, iters: 2280, time: 0.489, data: 0.001) G_GAN_ViT: 0.202 D_real_ViT: 0.208 D_fake_ViT: 0.329 global: 0.394 spatial: 0.099 
(epoch: 85, iters: 2380, time: 0.489, data: 0.002) G_GAN_ViT: 0.228 D_real_ViT: 0.100 D_fake_ViT: 0.289 global: 0.301 spatial: 0.076 
(epoch: 85, iters: 2480, time: 0.489, data: 0.001) G_GAN_ViT: 0.276 D_real_ViT: 0.234 D_fake_ViT: 0.245 global: 0.337 spatial: 0.083 
(epoch: 85, iters: 2580, time: 0.489, data: 0.001) G_GAN_ViT: 0.377 D_real_ViT: 0.290 D_fake_ViT: 0.164 global: 0.401 spatial: 0.091 
(epoch: 85, iters: 2680, time: 0.489, data: 0.001) G_GAN_ViT: 0.288 D_real_ViT: 0.210 D_fake_ViT: 0.234 global: 0.338 spatial: 0.086 
(epoch: 85, iters: 2780, time: 0.489, data: 0.001) G_GAN_ViT: 0.217 D_real_ViT: 0.254 D_fake_ViT: 0.302 global: 0.319 spatial: 0.062 
(epoch: 85, iters: 2880, time: 0.489, data: 0.001) G_GAN_ViT: 0.206 D_real_ViT: 0.220 D_fake_ViT: 0.314 global: 0.224 spatial: 0.067 
(epoch: 85, iters: 2980, time: 0.489, data: 0.002) G_GAN_ViT: 0.280 D_real_ViT: 0.254 D_fake_ViT: 0.248 global: 0.359 spatial: 0.094 
(epoch: 85, iters: 3080, time: 0.489, data: 0.001) G_GAN_ViT: 0.510 D_real_ViT: 0.259 D_fake_ViT: 0.113 global: 0.511 spatial: 0.140 
(epoch: 85, iters: 3180, time: 0.488, data: 0.001) G_GAN_ViT: 0.330 D_real_ViT: 0.246 D_fake_ViT: 0.197 global: 0.358 spatial: 0.078 
(epoch: 85, iters: 3280, time: 0.488, data: 0.001) G_GAN_ViT: 0.280 D_real_ViT: 0.273 D_fake_ViT: 0.239 global: 0.356 spatial: 0.072 
saving the latest model (epoch 85, total_iters 430000)
IRVI_single_monitor
(epoch: 85, iters: 3380, time: 0.489, data: 0.001) G_GAN_ViT: 0.316 D_real_ViT: 0.282 D_fake_ViT: 0.210 global: 0.347 spatial: 0.095 
(epoch: 85, iters: 3480, time: 0.488, data: 0.001) G_GAN_ViT: 0.354 D_real_ViT: 0.324 D_fake_ViT: 0.192 global: 0.495 spatial: 0.144 
(epoch: 85, iters: 3580, time: 0.488, data: 0.001) G_GAN_ViT: 0.336 D_real_ViT: 0.081 D_fake_ViT: 0.203 global: 0.260 spatial: 0.071 
(epoch: 85, iters: 3680, time: 0.488, data: 0.001) G_GAN_ViT: 0.204 D_real_ViT: 0.252 D_fake_ViT: 0.327 global: 0.387 spatial: 0.107 
(epoch: 85, iters: 3780, time: 0.489, data: 0.001) G_GAN_ViT: 0.225 D_real_ViT: 0.254 D_fake_ViT: 0.300 global: 0.296 spatial: 0.070 
(epoch: 85, iters: 3880, time: 0.489, data: 0.001) G_GAN_ViT: 0.233 D_real_ViT: 0.263 D_fake_ViT: 0.286 global: 0.332 spatial: 0.065 
(epoch: 85, iters: 3980, time: 0.489, data: 0.001) G_GAN_ViT: 0.349 D_real_ViT: 0.242 D_fake_ViT: 0.194 global: 0.465 spatial: 0.112 
(epoch: 85, iters: 4080, time: 0.488, data: 0.001) G_GAN_ViT: 0.382 D_real_ViT: 0.278 D_fake_ViT: 0.171 global: 0.267 spatial: 0.070 
(epoch: 85, iters: 4180, time: 0.489, data: 0.001) G_GAN_ViT: 0.295 D_real_ViT: 0.299 D_fake_ViT: 0.235 global: 0.284 spatial: 0.073 
(epoch: 85, iters: 4280, time: 0.488, data: 0.001) G_GAN_ViT: 0.294 D_real_ViT: 0.245 D_fake_ViT: 0.242 global: 0.510 spatial: 0.138 
(epoch: 85, iters: 4380, time: 0.489, data: 0.001) G_GAN_ViT: 0.270 D_real_ViT: 0.274 D_fake_ViT: 0.255 global: 0.311 spatial: 0.076 
(epoch: 85, iters: 4480, time: 0.489, data: 0.001) G_GAN_ViT: 0.240 D_real_ViT: 0.237 D_fake_ViT: 0.274 global: 0.313 spatial: 0.075 
(epoch: 85, iters: 4580, time: 0.489, data: 0.001) G_GAN_ViT: 0.208 D_real_ViT: 0.237 D_fake_ViT: 0.326 global: 0.400 spatial: 0.108 
(epoch: 85, iters: 4680, time: 0.489, data: 0.001) G_GAN_ViT: 0.290 D_real_ViT: 0.299 D_fake_ViT: 0.232 global: 0.367 spatial: 0.105 
(epoch: 85, iters: 4780, time: 0.489, data: 0.001) G_GAN_ViT: 0.268 D_real_ViT: 0.238 D_fake_ViT: 0.251 global: 0.277 spatial: 0.069 
(epoch: 85, iters: 4880, time: 0.489, data: 0.001) G_GAN_ViT: 0.309 D_real_ViT: 0.280 D_fake_ViT: 0.219 global: 0.360 spatial: 0.103 
(epoch: 85, iters: 4980, time: 0.489, data: 0.001) G_GAN_ViT: 0.240 D_real_ViT: 0.189 D_fake_ViT: 0.283 global: 0.235 spatial: 0.070 
(epoch: 85, iters: 5080, time: 0.490, data: 0.001) G_GAN_ViT: 0.334 D_real_ViT: 0.228 D_fake_ViT: 0.208 global: 0.365 spatial: 0.101 
saving the model at the end of epoch 85, iters 431800
End of epoch 85 / 100 	 Time Taken: 2492 sec
learning rate = 0.0000029
(epoch: 86, iters: 100, time: 0.489, data: 0.147) G_GAN_ViT: 0.209 D_real_ViT: 0.302 D_fake_ViT: 0.316 global: 0.267 spatial: 0.077 
(epoch: 86, iters: 200, time: 0.489, data: 0.001) G_GAN_ViT: 0.293 D_real_ViT: 0.277 D_fake_ViT: 0.228 global: 0.313 spatial: 0.095 
(epoch: 86, iters: 300, time: 0.489, data: 0.001) G_GAN_ViT: 0.307 D_real_ViT: 0.216 D_fake_ViT: 0.216 global: 0.335 spatial: 0.063 
(epoch: 86, iters: 400, time: 0.489, data: 0.001) G_GAN_ViT: 0.280 D_real_ViT: 0.237 D_fake_ViT: 0.243 global: 0.308 spatial: 0.070 
(epoch: 86, iters: 500, time: 0.489, data: 0.002) G_GAN_ViT: 0.345 D_real_ViT: 0.189 D_fake_ViT: 0.196 global: 0.266 spatial: 0.101 
(epoch: 86, iters: 600, time: 0.489, data: 0.001) G_GAN_ViT: 0.205 D_real_ViT: 0.191 D_fake_ViT: 0.322 global: 0.274 spatial: 0.073 
(epoch: 86, iters: 700, time: 0.489, data: 0.001) G_GAN_ViT: 0.519 D_real_ViT: 0.299 D_fake_ViT: 0.108 global: 0.482 spatial: 0.142 
(epoch: 86, iters: 800, time: 0.489, data: 0.001) G_GAN_ViT: 0.322 D_real_ViT: 0.293 D_fake_ViT: 0.205 global: 0.336 spatial: 0.086 
(epoch: 86, iters: 900, time: 0.489, data: 0.001) G_GAN_ViT: 0.398 D_real_ViT: 0.125 D_fake_ViT: 0.160 global: 0.399 spatial: 0.122 
(epoch: 86, iters: 1000, time: 0.488, data: 0.001) G_GAN_ViT: 0.277 D_real_ViT: 0.197 D_fake_ViT: 0.243 global: 0.299 spatial: 0.101 
(epoch: 86, iters: 1100, time: 0.488, data: 0.001) G_GAN_ViT: 0.439 D_real_ViT: 0.177 D_fake_ViT: 0.144 global: 0.590 spatial: 0.143 
(epoch: 86, iters: 1200, time: 0.488, data: 0.001) G_GAN_ViT: 0.294 D_real_ViT: 0.290 D_fake_ViT: 0.231 global: 0.263 spatial: 0.082 
(epoch: 86, iters: 1300, time: 0.488, data: 0.001) G_GAN_ViT: 0.331 D_real_ViT: 0.214 D_fake_ViT: 0.198 global: 0.402 spatial: 0.081 
(epoch: 86, iters: 1400, time: 0.489, data: 0.001) G_GAN_ViT: 0.251 D_real_ViT: 0.234 D_fake_ViT: 0.265 global: 0.344 spatial: 0.070 
(epoch: 86, iters: 1500, time: 0.489, data: 0.001) G_GAN_ViT: 0.226 D_real_ViT: 0.199 D_fake_ViT: 0.300 global: 0.383 spatial: 0.104 
(epoch: 86, iters: 1600, time: 0.489, data: 0.001) G_GAN_ViT: 0.285 D_real_ViT: 0.297 D_fake_ViT: 0.234 global: 0.300 spatial: 0.091 
(epoch: 86, iters: 1700, time: 0.489, data: 0.001) G_GAN_ViT: 0.230 D_real_ViT: 0.117 D_fake_ViT: 0.302 global: 0.338 spatial: 0.069 
(epoch: 86, iters: 1800, time: 0.489, data: 0.001) G_GAN_ViT: 0.304 D_real_ViT: 0.206 D_fake_ViT: 0.219 global: 0.280 spatial: 0.076 
(epoch: 86, iters: 1900, time: 0.490, data: 0.001) G_GAN_ViT: 0.233 D_real_ViT: 0.252 D_fake_ViT: 0.284 global: 0.252 spatial: 0.070 
(epoch: 86, iters: 2000, time: 0.489, data: 0.001) G_GAN_ViT: 0.360 D_real_ViT: 0.224 D_fake_ViT: 0.186 global: 0.272 spatial: 0.077 
(epoch: 86, iters: 2100, time: 0.489, data: 0.001) G_GAN_ViT: 0.379 D_real_ViT: 0.122 D_fake_ViT: 0.177 global: 0.485 spatial: 0.131 
(epoch: 86, iters: 2200, time: 0.489, data: 0.001) G_GAN_ViT: 0.344 D_real_ViT: 0.094 D_fake_ViT: 0.188 global: 0.323 spatial: 0.088 
(epoch: 86, iters: 2300, time: 0.488, data: 0.001) G_GAN_ViT: 0.240 D_real_ViT: 0.246 D_fake_ViT: 0.284 global: 0.368 spatial: 0.078 
(epoch: 86, iters: 2400, time: 0.488, data: 0.002) G_GAN_ViT: 0.371 D_real_ViT: 0.306 D_fake_ViT: 0.172 global: 0.425 spatial: 0.089 
(epoch: 86, iters: 2500, time: 0.489, data: 0.002) G_GAN_ViT: 0.290 D_real_ViT: 0.254 D_fake_ViT: 0.233 global: 0.325 spatial: 0.090 
(epoch: 86, iters: 2600, time: 0.488, data: 0.001) G_GAN_ViT: 0.234 D_real_ViT: 0.045 D_fake_ViT: 0.282 global: 0.312 spatial: 0.068 
(epoch: 86, iters: 2700, time: 0.489, data: 0.001) G_GAN_ViT: 0.352 D_real_ViT: 0.265 D_fake_ViT: 0.183 global: 0.329 spatial: 0.096 
(epoch: 86, iters: 2800, time: 0.488, data: 0.001) G_GAN_ViT: 0.315 D_real_ViT: 0.257 D_fake_ViT: 0.222 global: 0.385 spatial: 0.075 
(epoch: 86, iters: 2900, time: 0.489, data: 0.001) G_GAN_ViT: 0.217 D_real_ViT: 0.172 D_fake_ViT: 0.307 global: 0.283 spatial: 0.073 
(epoch: 86, iters: 3000, time: 0.489, data: 0.001) G_GAN_ViT: 0.280 D_real_ViT: 0.261 D_fake_ViT: 0.243 global: 0.341 spatial: 0.083 
(epoch: 86, iters: 3100, time: 0.489, data: 0.001) G_GAN_ViT: 0.321 D_real_ViT: 0.282 D_fake_ViT: 0.219 global: 0.572 spatial: 0.136 
(epoch: 86, iters: 3200, time: 0.489, data: 0.001) G_GAN_ViT: 0.311 D_real_ViT: 0.315 D_fake_ViT: 0.218 global: 0.378 spatial: 0.082 
saving the latest model (epoch 86, total_iters 435000)
IRVI_single_monitor
(epoch: 86, iters: 3300, time: 0.489, data: 0.001) G_GAN_ViT: 0.312 D_real_ViT: 0.205 D_fake_ViT: 0.219 global: 0.386 spatial: 0.097 
(epoch: 86, iters: 3400, time: 0.489, data: 0.001) G_GAN_ViT: 0.213 D_real_ViT: 0.173 D_fake_ViT: 0.317 global: 0.409 spatial: 0.109 
(epoch: 86, iters: 3500, time: 0.489, data: 0.001) G_GAN_ViT: 0.260 D_real_ViT: 0.182 D_fake_ViT: 0.258 global: 0.289 spatial: 0.069 
(epoch: 86, iters: 3600, time: 0.488, data: 0.002) G_GAN_ViT: 0.310 D_real_ViT: 0.283 D_fake_ViT: 0.220 global: 0.387 spatial: 0.100 
(epoch: 86, iters: 3700, time: 0.489, data: 0.001) G_GAN_ViT: 0.362 D_real_ViT: 0.265 D_fake_ViT: 0.181 global: 0.386 spatial: 0.118 
(epoch: 86, iters: 3800, time: 0.489, data: 0.001) G_GAN_ViT: 0.312 D_real_ViT: 0.285 D_fake_ViT: 0.222 global: 0.369 spatial: 0.098 
(epoch: 86, iters: 3900, time: 0.489, data: 0.001) G_GAN_ViT: 0.361 D_real_ViT: 0.292 D_fake_ViT: 0.174 global: 0.387 spatial: 0.084 
(epoch: 86, iters: 4000, time: 0.489, data: 0.002) G_GAN_ViT: 0.232 D_real_ViT: 0.272 D_fake_ViT: 0.291 global: 0.333 spatial: 0.090 
(epoch: 86, iters: 4100, time: 0.489, data: 0.001) G_GAN_ViT: 0.355 D_real_ViT: 0.194 D_fake_ViT: 0.181 global: 0.322 spatial: 0.085 
(epoch: 86, iters: 4200, time: 0.489, data: 0.001) G_GAN_ViT: 0.344 D_real_ViT: 0.178 D_fake_ViT: 0.197 global: 0.430 spatial: 0.115 
(epoch: 86, iters: 4300, time: 0.489, data: 0.001) G_GAN_ViT: 0.216 D_real_ViT: 0.245 D_fake_ViT: 0.306 global: 0.239 spatial: 0.059 
(epoch: 86, iters: 4400, time: 0.489, data: 0.001) G_GAN_ViT: 0.221 D_real_ViT: 0.237 D_fake_ViT: 0.313 global: 0.213 spatial: 0.049 
(epoch: 86, iters: 4500, time: 0.489, data: 0.002) G_GAN_ViT: 0.322 D_real_ViT: 0.299 D_fake_ViT: 0.213 global: 0.306 spatial: 0.092 
(epoch: 86, iters: 4600, time: 0.489, data: 0.001) G_GAN_ViT: 0.257 D_real_ViT: 0.193 D_fake_ViT: 0.263 global: 0.241 spatial: 0.065 
(epoch: 86, iters: 4700, time: 0.489, data: 0.001) G_GAN_ViT: 0.344 D_real_ViT: 0.262 D_fake_ViT: 0.186 global: 0.317 spatial: 0.078 
(epoch: 86, iters: 4800, time: 0.489, data: 0.001) G_GAN_ViT: 0.302 D_real_ViT: 0.306 D_fake_ViT: 0.220 global: 0.349 spatial: 0.085 
(epoch: 86, iters: 4900, time: 0.489, data: 0.001) G_GAN_ViT: 0.229 D_real_ViT: 0.282 D_fake_ViT: 0.290 global: 0.241 spatial: 0.067 
(epoch: 86, iters: 5000, time: 0.489, data: 0.001) G_GAN_ViT: 0.369 D_real_ViT: 0.259 D_fake_ViT: 0.185 global: 0.276 spatial: 0.078 
End of epoch 86 / 100 	 Time Taken: 2491 sec
learning rate = 0.0000027
(epoch: 87, iters: 20, time: 0.489, data: 0.001) G_GAN_ViT: 0.344 D_real_ViT: 0.286 D_fake_ViT: 0.186 global: 0.284 spatial: 0.073 
(epoch: 87, iters: 120, time: 0.489, data: 0.001) G_GAN_ViT: 0.225 D_real_ViT: 0.418 D_fake_ViT: 0.292 global: 0.266 spatial: 0.078 
(epoch: 87, iters: 220, time: 0.489, data: 0.001) G_GAN_ViT: 0.334 D_real_ViT: 0.229 D_fake_ViT: 0.205 global: 0.283 spatial: 0.090 
(epoch: 87, iters: 320, time: 0.488, data: 0.001) G_GAN_ViT: 0.350 D_real_ViT: 0.238 D_fake_ViT: 0.196 global: 0.491 spatial: 0.150 
(epoch: 87, iters: 420, time: 0.489, data: 0.001) G_GAN_ViT: 0.278 D_real_ViT: 0.184 D_fake_ViT: 0.243 global: 0.332 spatial: 0.091 
(epoch: 87, iters: 520, time: 0.489, data: 0.001) G_GAN_ViT: 0.407 D_real_ViT: 0.262 D_fake_ViT: 0.155 global: 0.318 spatial: 0.087 
(epoch: 87, iters: 620, time: 0.489, data: 0.001) G_GAN_ViT: 0.333 D_real_ViT: 0.289 D_fake_ViT: 0.217 global: 0.386 spatial: 0.113 
(epoch: 87, iters: 720, time: 0.489, data: 0.001) G_GAN_ViT: 0.228 D_real_ViT: 0.282 D_fake_ViT: 0.289 global: 0.324 spatial: 0.069 
(epoch: 87, iters: 820, time: 0.489, data: 0.002) G_GAN_ViT: 0.348 D_real_ViT: 0.343 D_fake_ViT: 0.189 global: 0.389 spatial: 0.101 
(epoch: 87, iters: 920, time: 0.488, data: 0.001) G_GAN_ViT: 0.318 D_real_ViT: 0.235 D_fake_ViT: 0.209 global: 0.330 spatial: 0.074 
(epoch: 87, iters: 1020, time: 0.488, data: 0.002) G_GAN_ViT: 0.345 D_real_ViT: 0.263 D_fake_ViT: 0.196 global: 0.360 spatial: 0.099 
(epoch: 87, iters: 1120, time: 0.487, data: 0.002) G_GAN_ViT: 0.212 D_real_ViT: 0.179 D_fake_ViT: 0.321 global: 0.367 spatial: 0.105 
(epoch: 87, iters: 1220, time: 0.488, data: 0.001) G_GAN_ViT: 0.233 D_real_ViT: 0.248 D_fake_ViT: 0.279 global: 0.237 spatial: 0.060 
(epoch: 87, iters: 1320, time: 0.488, data: 0.001) G_GAN_ViT: 0.240 D_real_ViT: 0.269 D_fake_ViT: 0.278 global: 0.279 spatial: 0.079 
(epoch: 87, iters: 1420, time: 0.488, data: 0.001) G_GAN_ViT: 0.445 D_real_ViT: 0.234 D_fake_ViT: 0.132 global: 0.421 spatial: 0.115 
(epoch: 87, iters: 1520, time: 0.488, data: 0.001) G_GAN_ViT: 0.342 D_real_ViT: 0.242 D_fake_ViT: 0.202 global: 0.271 spatial: 0.073 
(epoch: 87, iters: 1620, time: 0.488, data: 0.001) G_GAN_ViT: 0.203 D_real_ViT: 0.235 D_fake_ViT: 0.319 global: 0.225 spatial: 0.062 
(epoch: 87, iters: 1720, time: 0.489, data: 0.001) G_GAN_ViT: 0.328 D_real_ViT: 0.136 D_fake_ViT: 0.200 global: 0.316 spatial: 0.087 
(epoch: 87, iters: 1820, time: 0.489, data: 0.001) G_GAN_ViT: 0.316 D_real_ViT: 0.216 D_fake_ViT: 0.222 global: 0.295 spatial: 0.067 
(epoch: 87, iters: 1920, time: 0.489, data: 0.001) G_GAN_ViT: 0.229 D_real_ViT: 0.288 D_fake_ViT: 0.296 global: 0.340 spatial: 0.102 
(epoch: 87, iters: 2020, time: 0.489, data: 0.001) G_GAN_ViT: 0.320 D_real_ViT: 0.290 D_fake_ViT: 0.211 global: 0.266 spatial: 0.081 
(epoch: 87, iters: 2120, time: 0.489, data: 0.001) G_GAN_ViT: 0.293 D_real_ViT: 0.344 D_fake_ViT: 0.229 global: 0.314 spatial: 0.069 
(epoch: 87, iters: 2220, time: 0.488, data: 0.001) G_GAN_ViT: 0.339 D_real_ViT: 0.282 D_fake_ViT: 0.199 global: 0.432 spatial: 0.120 
(epoch: 87, iters: 2320, time: 0.489, data: 0.001) G_GAN_ViT: 0.340 D_real_ViT: 0.258 D_fake_ViT: 0.189 global: 0.343 spatial: 0.086 
(epoch: 87, iters: 2420, time: 0.489, data: 0.002) G_GAN_ViT: 0.312 D_real_ViT: 0.194 D_fake_ViT: 0.215 global: 0.335 spatial: 0.095 
(epoch: 87, iters: 2520, time: 0.489, data: 0.001) G_GAN_ViT: 0.228 D_real_ViT: 0.257 D_fake_ViT: 0.287 global: 0.263 spatial: 0.064 
(epoch: 87, iters: 2620, time: 0.489, data: 0.001) G_GAN_ViT: 0.391 D_real_ViT: 0.276 D_fake_ViT: 0.171 global: 0.491 spatial: 0.133 
(epoch: 87, iters: 2720, time: 0.490, data: 0.002) G_GAN_ViT: 0.242 D_real_ViT: 0.241 D_fake_ViT: 0.279 global: 0.347 spatial: 0.088 
(epoch: 87, iters: 2820, time: 0.490, data: 0.001) G_GAN_ViT: 0.255 D_real_ViT: 0.233 D_fake_ViT: 0.263 global: 0.311 spatial: 0.086 
(epoch: 87, iters: 2920, time: 0.490, data: 0.001) G_GAN_ViT: 0.288 D_real_ViT: 0.253 D_fake_ViT: 0.240 global: 0.308 spatial: 0.069 
(epoch: 87, iters: 3020, time: 0.490, data: 0.001) G_GAN_ViT: 0.214 D_real_ViT: 0.231 D_fake_ViT: 0.304 global: 0.239 spatial: 0.057 
(epoch: 87, iters: 3120, time: 0.490, data: 0.002) G_GAN_ViT: 0.348 D_real_ViT: 0.229 D_fake_ViT: 0.192 global: 0.394 spatial: 0.110 
saving the latest model (epoch 87, total_iters 440000)
IRVI_single_monitor
(epoch: 87, iters: 3220, time: 0.490, data: 0.001) G_GAN_ViT: 0.325 D_real_ViT: 0.242 D_fake_ViT: 0.204 global: 0.348 spatial: 0.078 
(epoch: 87, iters: 3320, time: 0.489, data: 0.001) G_GAN_ViT: 0.253 D_real_ViT: 0.256 D_fake_ViT: 0.267 global: 0.317 spatial: 0.064 
(epoch: 87, iters: 3420, time: 0.488, data: 0.001) G_GAN_ViT: 0.349 D_real_ViT: 0.229 D_fake_ViT: 0.190 global: 0.299 spatial: 0.080 
(epoch: 87, iters: 3520, time: 0.488, data: 0.002) G_GAN_ViT: 0.247 D_real_ViT: 0.236 D_fake_ViT: 0.268 global: 0.322 spatial: 0.082 
(epoch: 87, iters: 3620, time: 0.488, data: 0.001) G_GAN_ViT: 0.321 D_real_ViT: 0.216 D_fake_ViT: 0.212 global: 0.298 spatial: 0.074 
(epoch: 87, iters: 3720, time: 0.488, data: 0.001) G_GAN_ViT: 0.232 D_real_ViT: 0.168 D_fake_ViT: 0.289 global: 0.388 spatial: 0.102 
(epoch: 87, iters: 3820, time: 0.489, data: 0.001) G_GAN_ViT: 0.268 D_real_ViT: 0.282 D_fake_ViT: 0.259 global: 0.364 spatial: 0.084 
(epoch: 87, iters: 3920, time: 0.489, data: 0.001) G_GAN_ViT: 0.229 D_real_ViT: 0.238 D_fake_ViT: 0.289 global: 0.330 spatial: 0.067 
(epoch: 87, iters: 4020, time: 0.490, data: 0.001) G_GAN_ViT: 0.395 D_real_ViT: 0.224 D_fake_ViT: 0.168 global: 0.461 spatial: 0.129 
(epoch: 87, iters: 4120, time: 0.490, data: 0.001) G_GAN_ViT: 0.327 D_real_ViT: 0.264 D_fake_ViT: 0.206 global: 0.289 spatial: 0.086 
(epoch: 87, iters: 4220, time: 0.490, data: 0.001) G_GAN_ViT: 0.325 D_real_ViT: 0.228 D_fake_ViT: 0.205 global: 0.344 spatial: 0.079 
(epoch: 87, iters: 4320, time: 0.490, data: 0.001) G_GAN_ViT: 0.292 D_real_ViT: 0.276 D_fake_ViT: 0.236 global: 0.379 spatial: 0.107 
(epoch: 87, iters: 4420, time: 0.490, data: 0.001) G_GAN_ViT: 0.237 D_real_ViT: 0.237 D_fake_ViT: 0.293 global: 0.405 spatial: 0.103 
(epoch: 87, iters: 4520, time: 0.490, data: 0.001) G_GAN_ViT: 0.223 D_real_ViT: 0.039 D_fake_ViT: 0.302 global: 0.388 spatial: 0.107 
(epoch: 87, iters: 4620, time: 0.489, data: 0.001) G_GAN_ViT: 0.553 D_real_ViT: 0.151 D_fake_ViT: 0.096 global: 0.473 spatial: 0.131 
(epoch: 87, iters: 4720, time: 0.489, data: 0.001) G_GAN_ViT: 0.318 D_real_ViT: 0.207 D_fake_ViT: 0.215 global: 0.345 spatial: 0.101 
(epoch: 87, iters: 4820, time: 0.489, data: 0.002) G_GAN_ViT: 0.354 D_real_ViT: 0.277 D_fake_ViT: 0.195 global: 0.520 spatial: 0.153 
(epoch: 87, iters: 4920, time: 0.489, data: 0.002) G_GAN_ViT: 0.187 D_real_ViT: 0.248 D_fake_ViT: 0.343 global: 0.439 spatial: 0.104 
(epoch: 87, iters: 5020, time: 0.489, data: 0.001) G_GAN_ViT: 0.233 D_real_ViT: 0.029 D_fake_ViT: 0.286 global: 0.314 spatial: 0.074 
End of epoch 87 / 100 	 Time Taken: 2492 sec
learning rate = 0.0000025
(epoch: 88, iters: 40, time: 0.489, data: 0.001) G_GAN_ViT: 0.315 D_real_ViT: 0.301 D_fake_ViT: 0.212 global: 0.425 spatial: 0.085 
(epoch: 88, iters: 140, time: 0.488, data: 0.001) G_GAN_ViT: 0.329 D_real_ViT: 0.278 D_fake_ViT: 0.205 global: 0.293 spatial: 0.078 
(epoch: 88, iters: 240, time: 0.488, data: 0.001) G_GAN_ViT: 0.368 D_real_ViT: 0.223 D_fake_ViT: 0.178 global: 0.409 spatial: 0.099 
(epoch: 88, iters: 340, time: 0.488, data: 0.002) G_GAN_ViT: 0.343 D_real_ViT: 0.271 D_fake_ViT: 0.191 global: 0.404 spatial: 0.086 
(epoch: 88, iters: 440, time: 0.489, data: 0.001) G_GAN_ViT: 0.260 D_real_ViT: 0.313 D_fake_ViT: 0.254 global: 0.310 spatial: 0.078 
(epoch: 88, iters: 540, time: 0.488, data: 0.001) G_GAN_ViT: 0.361 D_real_ViT: 0.096 D_fake_ViT: 0.192 global: 0.424 spatial: 0.129 
(epoch: 88, iters: 640, time: 0.488, data: 0.001) G_GAN_ViT: 0.346 D_real_ViT: 0.275 D_fake_ViT: 0.184 global: 0.380 spatial: 0.088 
(epoch: 88, iters: 740, time: 0.488, data: 0.001) G_GAN_ViT: 0.293 D_real_ViT: 0.333 D_fake_ViT: 0.237 global: 0.250 spatial: 0.086 
(epoch: 88, iters: 840, time: 0.488, data: 0.001) G_GAN_ViT: 0.304 D_real_ViT: 0.112 D_fake_ViT: 0.225 global: 0.359 spatial: 0.104 
(epoch: 88, iters: 940, time: 0.489, data: 0.001) G_GAN_ViT: 0.217 D_real_ViT: 0.249 D_fake_ViT: 0.304 global: 0.241 spatial: 0.065 
(epoch: 88, iters: 1040, time: 0.489, data: 0.001) G_GAN_ViT: 0.170 D_real_ViT: 0.273 D_fake_ViT: 0.373 global: 0.459 spatial: 0.110 
(epoch: 88, iters: 1140, time: 0.489, data: 0.001) G_GAN_ViT: 0.296 D_real_ViT: 0.035 D_fake_ViT: 0.231 global: 0.345 spatial: 0.094 
(epoch: 88, iters: 1240, time: 0.490, data: 0.001) G_GAN_ViT: 0.378 D_real_ViT: 0.249 D_fake_ViT: 0.173 global: 0.403 spatial: 0.106 
(epoch: 88, iters: 1340, time: 0.490, data: 0.002) G_GAN_ViT: 0.437 D_real_ViT: 0.280 D_fake_ViT: 0.137 global: 0.391 spatial: 0.113 
(epoch: 88, iters: 1440, time: 0.489, data: 0.001) G_GAN_ViT: 0.300 D_real_ViT: 0.275 D_fake_ViT: 0.224 global: 0.272 spatial: 0.085 
(epoch: 88, iters: 1540, time: 0.489, data: 0.001) G_GAN_ViT: 0.355 D_real_ViT: 0.288 D_fake_ViT: 0.185 global: 0.328 spatial: 0.080 
(epoch: 88, iters: 1640, time: 0.489, data: 0.001) G_GAN_ViT: 0.270 D_real_ViT: 0.110 D_fake_ViT: 0.246 global: 0.291 spatial: 0.081 
(epoch: 88, iters: 1740, time: 0.489, data: 0.001) G_GAN_ViT: 0.279 D_real_ViT: 0.089 D_fake_ViT: 0.241 global: 0.367 spatial: 0.099 
(epoch: 88, iters: 1840, time: 0.489, data: 0.002) G_GAN_ViT: 0.336 D_real_ViT: 0.132 D_fake_ViT: 0.193 global: 0.292 spatial: 0.065 
(epoch: 88, iters: 1940, time: 0.489, data: 0.001) G_GAN_ViT: 0.288 D_real_ViT: 0.310 D_fake_ViT: 0.239 global: 0.496 spatial: 0.094 
(epoch: 88, iters: 2040, time: 0.489, data: 0.001) G_GAN_ViT: 0.228 D_real_ViT: 0.274 D_fake_ViT: 0.294 global: 0.315 spatial: 0.065 
(epoch: 88, iters: 2140, time: 0.488, data: 0.001) G_GAN_ViT: 0.338 D_real_ViT: 0.256 D_fake_ViT: 0.194 global: 0.402 spatial: 0.102 
(epoch: 88, iters: 2240, time: 0.488, data: 0.001) G_GAN_ViT: 0.311 D_real_ViT: 0.245 D_fake_ViT: 0.301 global: 0.377 spatial: 0.106 
(epoch: 88, iters: 2340, time: 0.488, data: 0.001) G_GAN_ViT: 0.341 D_real_ViT: 0.225 D_fake_ViT: 0.191 global: 0.374 spatial: 0.095 
(epoch: 88, iters: 2440, time: 0.489, data: 0.001) G_GAN_ViT: 0.242 D_real_ViT: 0.257 D_fake_ViT: 0.274 global: 0.326 spatial: 0.066 
(epoch: 88, iters: 2540, time: 0.489, data: 0.001) G_GAN_ViT: 0.273 D_real_ViT: 0.406 D_fake_ViT: 0.260 global: 0.400 spatial: 0.115 
(epoch: 88, iters: 2640, time: 0.489, data: 0.002) G_GAN_ViT: 0.213 D_real_ViT: 0.271 D_fake_ViT: 0.304 global: 0.235 spatial: 0.062 
(epoch: 88, iters: 2740, time: 0.489, data: 0.001) G_GAN_ViT: 0.339 D_real_ViT: 0.275 D_fake_ViT: 0.193 global: 0.408 spatial: 0.084 
(epoch: 88, iters: 2840, time: 0.489, data: 0.001) G_GAN_ViT: 0.285 D_real_ViT: 0.248 D_fake_ViT: 0.239 global: 0.372 spatial: 0.104 
(epoch: 88, iters: 2940, time: 0.490, data: 0.001) G_GAN_ViT: 0.290 D_real_ViT: 0.255 D_fake_ViT: 0.230 global: 0.312 spatial: 0.078 
(epoch: 88, iters: 3040, time: 0.489, data: 0.001) G_GAN_ViT: 0.248 D_real_ViT: 0.236 D_fake_ViT: 0.269 global: 0.342 spatial: 0.072 
saving the latest model (epoch 88, total_iters 445000)
IRVI_single_monitor
(epoch: 88, iters: 3140, time: 0.490, data: 0.002) G_GAN_ViT: 0.282 D_real_ViT: 0.229 D_fake_ViT: 0.244 global: 0.278 spatial: 0.078 
(epoch: 88, iters: 3240, time: 0.489, data: 0.001) G_GAN_ViT: 0.329 D_real_ViT: 0.304 D_fake_ViT: 0.217 global: 0.239 spatial: 0.065 
(epoch: 88, iters: 3340, time: 0.489, data: 0.001) G_GAN_ViT: 0.329 D_real_ViT: 0.257 D_fake_ViT: 0.211 global: 0.373 spatial: 0.106 
(epoch: 88, iters: 3440, time: 0.489, data: 0.001) G_GAN_ViT: 0.401 D_real_ViT: 0.057 D_fake_ViT: 0.166 global: 0.599 spatial: 0.135 
(epoch: 88, iters: 3540, time: 0.489, data: 0.002) G_GAN_ViT: 0.346 D_real_ViT: 0.265 D_fake_ViT: 0.192 global: 0.277 spatial: 0.069 
(epoch: 88, iters: 3640, time: 0.489, data: 0.001) G_GAN_ViT: 0.341 D_real_ViT: 0.196 D_fake_ViT: 0.191 global: 0.339 spatial: 0.083 
(epoch: 88, iters: 3740, time: 0.489, data: 0.002) G_GAN_ViT: 0.353 D_real_ViT: 0.253 D_fake_ViT: 0.183 global: 0.316 spatial: 0.084 
(epoch: 88, iters: 3840, time: 0.489, data: 0.002) G_GAN_ViT: 0.232 D_real_ViT: 0.252 D_fake_ViT: 0.285 global: 0.267 spatial: 0.071 
(epoch: 88, iters: 3940, time: 0.489, data: 0.002) G_GAN_ViT: 0.353 D_real_ViT: 0.196 D_fake_ViT: 0.183 global: 0.331 spatial: 0.093 
(epoch: 88, iters: 4040, time: 0.489, data: 0.001) G_GAN_ViT: 0.312 D_real_ViT: 0.226 D_fake_ViT: 0.219 global: 0.426 spatial: 0.114 
(epoch: 88, iters: 4140, time: 0.489, data: 0.001) G_GAN_ViT: 0.333 D_real_ViT: 0.294 D_fake_ViT: 0.205 global: 0.559 spatial: 0.133 
(epoch: 88, iters: 4240, time: 0.489, data: 0.001) G_GAN_ViT: 0.336 D_real_ViT: 0.247 D_fake_ViT: 0.198 global: 0.528 spatial: 0.134 
(epoch: 88, iters: 4340, time: 0.489, data: 0.002) G_GAN_ViT: 0.228 D_real_ViT: 0.243 D_fake_ViT: 0.287 global: 0.303 spatial: 0.072 
(epoch: 88, iters: 4440, time: 0.489, data: 0.001) G_GAN_ViT: 0.376 D_real_ViT: 0.361 D_fake_ViT: 0.171 global: 0.471 spatial: 0.092 
(epoch: 88, iters: 4540, time: 0.490, data: 0.001) G_GAN_ViT: 0.292 D_real_ViT: 0.225 D_fake_ViT: 0.229 global: 0.333 spatial: 0.088 
(epoch: 88, iters: 4640, time: 0.490, data: 0.001) G_GAN_ViT: 0.296 D_real_ViT: 0.315 D_fake_ViT: 0.235 global: 0.308 spatial: 0.100 
(epoch: 88, iters: 4740, time: 0.490, data: 0.001) G_GAN_ViT: 0.318 D_real_ViT: 0.287 D_fake_ViT: 0.227 global: 0.417 spatial: 0.120 
(epoch: 88, iters: 4840, time: 0.490, data: 0.001) G_GAN_ViT: 0.325 D_real_ViT: 0.191 D_fake_ViT: 0.205 global: 0.389 spatial: 0.082 
(epoch: 88, iters: 4940, time: 0.490, data: 0.002) G_GAN_ViT: 0.362 D_real_ViT: 0.250 D_fake_ViT: 0.176 global: 0.296 spatial: 0.093 
(epoch: 88, iters: 5040, time: 0.489, data: 0.001) G_GAN_ViT: 0.303 D_real_ViT: 0.272 D_fake_ViT: 0.228 global: 0.282 spatial: 0.075 
End of epoch 88 / 100 	 Time Taken: 2492 sec
learning rate = 0.0000024
(epoch: 89, iters: 60, time: 0.489, data: 0.001) G_GAN_ViT: 0.349 D_real_ViT: 0.276 D_fake_ViT: 0.196 global: 0.397 spatial: 0.102 
(epoch: 89, iters: 160, time: 0.489, data: 0.001) G_GAN_ViT: 0.423 D_real_ViT: 0.322 D_fake_ViT: 0.145 global: 0.397 spatial: 0.110 
(epoch: 89, iters: 260, time: 0.489, data: 0.001) G_GAN_ViT: 0.336 D_real_ViT: 0.256 D_fake_ViT: 0.204 global: 0.491 spatial: 0.154 
(epoch: 89, iters: 360, time: 0.489, data: 0.001) G_GAN_ViT: 0.322 D_real_ViT: 0.198 D_fake_ViT: 0.202 global: 0.329 spatial: 0.082 
(epoch: 89, iters: 460, time: 0.489, data: 0.001) G_GAN_ViT: 0.431 D_real_ViT: 0.274 D_fake_ViT: 0.144 global: 0.495 spatial: 0.145 
(epoch: 89, iters: 560, time: 0.488, data: 0.002) G_GAN_ViT: 0.378 D_real_ViT: 0.228 D_fake_ViT: 0.184 global: 0.239 spatial: 0.064 
(epoch: 89, iters: 660, time: 0.488, data: 0.001) G_GAN_ViT: 0.335 D_real_ViT: 0.245 D_fake_ViT: 0.196 global: 0.382 spatial: 0.079 
(epoch: 89, iters: 760, time: 0.488, data: 0.001) G_GAN_ViT: 0.350 D_real_ViT: 0.315 D_fake_ViT: 0.186 global: 0.363 spatial: 0.096 
(epoch: 89, iters: 860, time: 0.488, data: 0.001) G_GAN_ViT: 0.368 D_real_ViT: 0.279 D_fake_ViT: 0.168 global: 0.391 spatial: 0.081 
(epoch: 89, iters: 960, time: 0.488, data: 0.002) G_GAN_ViT: 0.290 D_real_ViT: 0.238 D_fake_ViT: 0.232 global: 0.325 spatial: 0.086 
(epoch: 89, iters: 1060, time: 0.489, data: 0.001) G_GAN_ViT: 0.319 D_real_ViT: 0.302 D_fake_ViT: 0.206 global: 0.251 spatial: 0.072 
(epoch: 89, iters: 1160, time: 0.487, data: 0.001) G_GAN_ViT: 0.350 D_real_ViT: 0.196 D_fake_ViT: 0.190 global: 0.366 spatial: 0.103 
(epoch: 89, iters: 1260, time: 0.488, data: 0.001) G_GAN_ViT: 0.341 D_real_ViT: 0.285 D_fake_ViT: 0.199 global: 0.552 spatial: 0.126 
(epoch: 89, iters: 1360, time: 0.489, data: 0.001) G_GAN_ViT: 0.330 D_real_ViT: 0.260 D_fake_ViT: 0.207 global: 0.400 spatial: 0.106 
(epoch: 89, iters: 1460, time: 0.489, data: 0.001) G_GAN_ViT: 0.314 D_real_ViT: 0.257 D_fake_ViT: 0.215 global: 0.278 spatial: 0.075 
(epoch: 89, iters: 1560, time: 0.489, data: 0.001) G_GAN_ViT: 0.327 D_real_ViT: 0.268 D_fake_ViT: 0.203 global: 0.338 spatial: 0.086 
(epoch: 89, iters: 1660, time: 0.490, data: 0.002) G_GAN_ViT: 0.319 D_real_ViT: 0.234 D_fake_ViT: 0.206 global: 0.315 spatial: 0.081 
(epoch: 89, iters: 1760, time: 0.490, data: 0.001) G_GAN_ViT: 0.268 D_real_ViT: 0.274 D_fake_ViT: 0.252 global: 0.352 spatial: 0.095 
(epoch: 89, iters: 1860, time: 0.490, data: 0.001) G_GAN_ViT: 0.246 D_real_ViT: 0.243 D_fake_ViT: 0.274 global: 0.290 spatial: 0.087 
(epoch: 89, iters: 1960, time: 0.489, data: 0.001) G_GAN_ViT: 0.238 D_real_ViT: 0.253 D_fake_ViT: 0.276 global: 0.307 spatial: 0.083 
(epoch: 89, iters: 2060, time: 0.488, data: 0.002) G_GAN_ViT: 0.280 D_real_ViT: 0.255 D_fake_ViT: 0.241 global: 0.276 spatial: 0.066 
(epoch: 89, iters: 2160, time: 0.488, data: 0.002) G_GAN_ViT: 0.215 D_real_ViT: 0.190 D_fake_ViT: 0.302 global: 0.256 spatial: 0.068 
(epoch: 89, iters: 2260, time: 0.487, data: 0.002) G_GAN_ViT: 0.250 D_real_ViT: 0.302 D_fake_ViT: 0.288 global: 0.274 spatial: 0.071 
(epoch: 89, iters: 2360, time: 0.488, data: 0.002) G_GAN_ViT: 0.382 D_real_ViT: 0.225 D_fake_ViT: 0.166 global: 0.358 spatial: 0.105 
(epoch: 89, iters: 2460, time: 0.488, data: 0.001) G_GAN_ViT: 0.357 D_real_ViT: 0.262 D_fake_ViT: 0.197 global: 0.401 spatial: 0.114 
(epoch: 89, iters: 2560, time: 0.488, data: 0.001) G_GAN_ViT: 0.212 D_real_ViT: 0.036 D_fake_ViT: 0.307 global: 0.309 spatial: 0.077 
(epoch: 89, iters: 2660, time: 0.489, data: 0.001) G_GAN_ViT: 0.713 D_real_ViT: 0.231 D_fake_ViT: 0.064 global: 0.403 spatial: 0.113 
(epoch: 89, iters: 2760, time: 0.489, data: 0.001) G_GAN_ViT: 0.320 D_real_ViT: 0.283 D_fake_ViT: 0.208 global: 0.289 spatial: 0.069 
(epoch: 89, iters: 2860, time: 0.489, data: 0.002) G_GAN_ViT: 0.325 D_real_ViT: 0.281 D_fake_ViT: 0.207 global: 0.386 spatial: 0.096 
(epoch: 89, iters: 2960, time: 0.489, data: 0.001) G_GAN_ViT: 0.308 D_real_ViT: 0.198 D_fake_ViT: 0.223 global: 0.477 spatial: 0.116 
saving the latest model (epoch 89, total_iters 450000)
IRVI_single_monitor
(epoch: 89, iters: 3060, time: 0.489, data: 0.001) G_GAN_ViT: 0.202 D_real_ViT: 0.082 D_fake_ViT: 0.329 global: 0.371 spatial: 0.102 
(epoch: 89, iters: 3160, time: 0.489, data: 0.001) G_GAN_ViT: 0.279 D_real_ViT: 0.266 D_fake_ViT: 0.249 global: 0.348 spatial: 0.091 
(epoch: 89, iters: 3260, time: 0.488, data: 0.001) G_GAN_ViT: 0.339 D_real_ViT: 0.308 D_fake_ViT: 0.202 global: 0.287 spatial: 0.096 
(epoch: 89, iters: 3360, time: 0.488, data: 0.001) G_GAN_ViT: 0.358 D_real_ViT: 0.267 D_fake_ViT: 0.195 global: 0.593 spatial: 0.141 
(epoch: 89, iters: 3460, time: 0.488, data: 0.002) G_GAN_ViT: 0.342 D_real_ViT: 0.194 D_fake_ViT: 0.191 global: 0.337 spatial: 0.100 
(epoch: 89, iters: 3560, time: 0.488, data: 0.001) G_GAN_ViT: 0.350 D_real_ViT: 0.286 D_fake_ViT: 0.182 global: 0.393 spatial: 0.086 
(epoch: 89, iters: 3660, time: 0.489, data: 0.001) G_GAN_ViT: 0.349 D_real_ViT: 0.316 D_fake_ViT: 0.189 global: 0.407 spatial: 0.101 
(epoch: 89, iters: 3760, time: 0.489, data: 0.001) G_GAN_ViT: 0.247 D_real_ViT: 0.362 D_fake_ViT: 0.268 global: 0.262 spatial: 0.073 
(epoch: 89, iters: 3860, time: 0.488, data: 0.001) G_GAN_ViT: 0.376 D_real_ViT: 0.185 D_fake_ViT: 0.169 global: 0.496 spatial: 0.106 
(epoch: 89, iters: 3960, time: 0.488, data: 0.001) G_GAN_ViT: 0.270 D_real_ViT: 0.166 D_fake_ViT: 0.251 global: 0.322 spatial: 0.086 
(epoch: 89, iters: 4060, time: 0.488, data: 0.001) G_GAN_ViT: 0.208 D_real_ViT: 0.251 D_fake_ViT: 0.310 global: 0.231 spatial: 0.062 
(epoch: 89, iters: 4160, time: 0.489, data: 0.001) G_GAN_ViT: 0.365 D_real_ViT: 0.188 D_fake_ViT: 0.177 global: 0.371 spatial: 0.115 
(epoch: 89, iters: 4260, time: 0.489, data: 0.001) G_GAN_ViT: 0.218 D_real_ViT: 0.359 D_fake_ViT: 0.300 global: 0.219 spatial: 0.066 
(epoch: 89, iters: 4360, time: 0.489, data: 0.002) G_GAN_ViT: 0.230 D_real_ViT: 0.289 D_fake_ViT: 0.282 global: 0.241 spatial: 0.057 
(epoch: 89, iters: 4460, time: 0.488, data: 0.001) G_GAN_ViT: 0.345 D_real_ViT: 0.244 D_fake_ViT: 0.186 global: 0.452 spatial: 0.094 
(epoch: 89, iters: 4560, time: 0.489, data: 0.002) G_GAN_ViT: 0.392 D_real_ViT: 0.253 D_fake_ViT: 0.167 global: 0.487 spatial: 0.143 
(epoch: 89, iters: 4660, time: 0.489, data: 0.001) G_GAN_ViT: 0.238 D_real_ViT: 0.259 D_fake_ViT: 0.279 global: 0.239 spatial: 0.079 
(epoch: 89, iters: 4760, time: 0.489, data: 0.001) G_GAN_ViT: 0.331 D_real_ViT: 0.282 D_fake_ViT: 0.198 global: 0.345 spatial: 0.084 
(epoch: 89, iters: 4860, time: 0.488, data: 0.001) G_GAN_ViT: 0.272 D_real_ViT: 0.306 D_fake_ViT: 0.245 global: 0.290 spatial: 0.079 
(epoch: 89, iters: 4960, time: 0.489, data: 0.001) G_GAN_ViT: 0.449 D_real_ViT: 0.309 D_fake_ViT: 0.140 global: 0.471 spatial: 0.131 
(epoch: 89, iters: 5060, time: 0.490, data: 0.001) G_GAN_ViT: 0.395 D_real_ViT: 0.234 D_fake_ViT: 0.159 global: 0.384 spatial: 0.115 
End of epoch 89 / 100 	 Time Taken: 2490 sec
learning rate = 0.0000022
(epoch: 90, iters: 80, time: 0.489, data: 0.001) G_GAN_ViT: 0.379 D_real_ViT: 0.239 D_fake_ViT: 0.173 global: 0.264 spatial: 0.079 
(epoch: 90, iters: 180, time: 0.488, data: 0.001) G_GAN_ViT: 0.293 D_real_ViT: 0.271 D_fake_ViT: 0.232 global: 0.367 spatial: 0.107 
(epoch: 90, iters: 280, time: 0.488, data: 0.001) G_GAN_ViT: 0.333 D_real_ViT: 0.222 D_fake_ViT: 0.197 global: 0.411 spatial: 0.090 
(epoch: 90, iters: 380, time: 0.488, data: 0.001) G_GAN_ViT: 0.206 D_real_ViT: 0.236 D_fake_ViT: 0.313 global: 0.258 spatial: 0.072 
(epoch: 90, iters: 480, time: 0.488, data: 0.001) G_GAN_ViT: 0.307 D_real_ViT: 0.390 D_fake_ViT: 0.216 global: 0.359 spatial: 0.081 
(epoch: 90, iters: 580, time: 0.489, data: 0.002) G_GAN_ViT: 0.303 D_real_ViT: 0.270 D_fake_ViT: 0.222 global: 0.297 spatial: 0.081 
(epoch: 90, iters: 680, time: 0.489, data: 0.001) G_GAN_ViT: 0.282 D_real_ViT: 0.415 D_fake_ViT: 0.241 global: 0.308 spatial: 0.075 
(epoch: 90, iters: 780, time: 0.489, data: 0.001) G_GAN_ViT: 0.216 D_real_ViT: 0.124 D_fake_ViT: 0.301 global: 0.238 spatial: 0.062 
(epoch: 90, iters: 880, time: 0.489, data: 0.001) G_GAN_ViT: 0.241 D_real_ViT: 0.245 D_fake_ViT: 0.277 global: 0.330 spatial: 0.070 
(epoch: 90, iters: 980, time: 0.489, data: 0.001) G_GAN_ViT: 0.263 D_real_ViT: 0.202 D_fake_ViT: 0.255 global: 0.348 spatial: 0.074 
(epoch: 90, iters: 1080, time: 0.489, data: 0.002) G_GAN_ViT: 0.263 D_real_ViT: 0.350 D_fake_ViT: 0.260 global: 0.369 spatial: 0.086 
(epoch: 90, iters: 1180, time: 0.489, data: 0.001) G_GAN_ViT: 0.385 D_real_ViT: 0.209 D_fake_ViT: 0.165 global: 0.394 spatial: 0.108 
(epoch: 90, iters: 1280, time: 0.489, data: 0.001) G_GAN_ViT: 0.375 D_real_ViT: 0.239 D_fake_ViT: 0.166 global: 0.346 spatial: 0.091 
(epoch: 90, iters: 1380, time: 0.489, data: 0.001) G_GAN_ViT: 0.348 D_real_ViT: 0.186 D_fake_ViT: 0.193 global: 0.419 spatial: 0.111 
(epoch: 90, iters: 1480, time: 0.489, data: 0.001) G_GAN_ViT: 0.299 D_real_ViT: 0.105 D_fake_ViT: 0.226 global: 0.317 spatial: 0.080 
(epoch: 90, iters: 1580, time: 0.489, data: 0.001) G_GAN_ViT: 0.369 D_real_ViT: 0.200 D_fake_ViT: 0.180 global: 0.399 spatial: 0.110 
(epoch: 90, iters: 1680, time: 0.489, data: 0.001) G_GAN_ViT: 0.294 D_real_ViT: 0.287 D_fake_ViT: 0.228 global: 0.325 spatial: 0.085 
(epoch: 90, iters: 1780, time: 0.489, data: 0.001) G_GAN_ViT: 0.382 D_real_ViT: 0.235 D_fake_ViT: 0.178 global: 0.497 spatial: 0.139 
(epoch: 90, iters: 1880, time: 0.489, data: 0.001) G_GAN_ViT: 0.256 D_real_ViT: 0.092 D_fake_ViT: 0.265 global: 0.244 spatial: 0.072 
(epoch: 90, iters: 1980, time: 0.489, data: 0.001) G_GAN_ViT: 0.340 D_real_ViT: 0.272 D_fake_ViT: 0.189 global: 0.294 spatial: 0.084 
(epoch: 90, iters: 2080, time: 0.488, data: 0.001) G_GAN_ViT: 0.218 D_real_ViT: 0.249 D_fake_ViT: 0.301 global: 0.304 spatial: 0.079 
(epoch: 90, iters: 2180, time: 0.489, data: 0.001) G_GAN_ViT: 0.308 D_real_ViT: 0.199 D_fake_ViT: 0.216 global: 0.292 spatial: 0.068 
(epoch: 90, iters: 2280, time: 0.488, data: 0.002) G_GAN_ViT: 0.295 D_real_ViT: 0.290 D_fake_ViT: 0.225 global: 0.294 spatial: 0.086 
(epoch: 90, iters: 2380, time: 0.489, data: 0.001) G_GAN_ViT: 0.375 D_real_ViT: 0.275 D_fake_ViT: 0.171 global: 0.314 spatial: 0.085 
(epoch: 90, iters: 2480, time: 0.488, data: 0.001) G_GAN_ViT: 0.329 D_real_ViT: 0.272 D_fake_ViT: 0.202 global: 0.375 spatial: 0.119 
(epoch: 90, iters: 2580, time: 0.489, data: 0.002) G_GAN_ViT: 0.276 D_real_ViT: 0.283 D_fake_ViT: 0.248 global: 0.381 spatial: 0.090 
(epoch: 90, iters: 2680, time: 0.489, data: 0.001) G_GAN_ViT: 0.315 D_real_ViT: 0.202 D_fake_ViT: 0.209 global: 0.290 spatial: 0.069 
(epoch: 90, iters: 2780, time: 0.489, data: 0.001) G_GAN_ViT: 0.298 D_real_ViT: 0.210 D_fake_ViT: 0.222 global: 0.326 spatial: 0.086 
(epoch: 90, iters: 2880, time: 0.489, data: 0.001) G_GAN_ViT: 0.292 D_real_ViT: 0.265 D_fake_ViT: 0.233 global: 0.377 spatial: 0.109 
saving the latest model (epoch 90, total_iters 455000)
IRVI_single_monitor
(epoch: 90, iters: 2980, time: 0.489, data: 0.002) G_GAN_ViT: 0.289 D_real_ViT: 0.033 D_fake_ViT: 0.233 global: 0.325 spatial: 0.087 
(epoch: 90, iters: 3080, time: 0.489, data: 0.001) G_GAN_ViT: 0.262 D_real_ViT: 0.085 D_fake_ViT: 0.259 global: 0.314 spatial: 0.085 
(epoch: 90, iters: 3180, time: 0.489, data: 0.001) G_GAN_ViT: 0.223 D_real_ViT: 0.300 D_fake_ViT: 0.293 global: 0.310 spatial: 0.077 
(epoch: 90, iters: 3280, time: 0.489, data: 0.001) G_GAN_ViT: 0.341 D_real_ViT: 0.338 D_fake_ViT: 0.191 global: 0.463 spatial: 0.093 
(epoch: 90, iters: 3380, time: 0.489, data: 0.003) G_GAN_ViT: 0.278 D_real_ViT: 0.280 D_fake_ViT: 0.243 global: 0.320 spatial: 0.083 
(epoch: 90, iters: 3480, time: 0.489, data: 0.002) G_GAN_ViT: 0.263 D_real_ViT: 0.296 D_fake_ViT: 0.254 global: 0.425 spatial: 0.091 
(epoch: 90, iters: 3580, time: 0.489, data: 0.002) G_GAN_ViT: 0.266 D_real_ViT: 0.236 D_fake_ViT: 0.258 global: 0.383 spatial: 0.081 
(epoch: 90, iters: 3680, time: 0.489, data: 0.001) G_GAN_ViT: 0.342 D_real_ViT: 0.301 D_fake_ViT: 0.196 global: 0.381 spatial: 0.116 
(epoch: 90, iters: 3780, time: 0.489, data: 0.002) G_GAN_ViT: 0.426 D_real_ViT: 0.310 D_fake_ViT: 0.144 global: 0.423 spatial: 0.100 
(epoch: 90, iters: 3880, time: 0.489, data: 0.001) G_GAN_ViT: 0.324 D_real_ViT: 0.268 D_fake_ViT: 0.202 global: 0.328 spatial: 0.087 
(epoch: 90, iters: 3980, time: 0.489, data: 0.001) G_GAN_ViT: 0.310 D_real_ViT: 0.241 D_fake_ViT: 0.220 global: 0.300 spatial: 0.085 
(epoch: 90, iters: 4080, time: 0.489, data: 0.001) G_GAN_ViT: 0.277 D_real_ViT: 0.355 D_fake_ViT: 0.245 global: 0.350 spatial: 0.076 
(epoch: 90, iters: 4180, time: 0.489, data: 0.001) G_GAN_ViT: 0.488 D_real_ViT: 0.317 D_fake_ViT: 0.120 global: 0.500 spatial: 0.143 
(epoch: 90, iters: 4280, time: 0.489, data: 0.002) G_GAN_ViT: 0.320 D_real_ViT: 0.304 D_fake_ViT: 0.210 global: 0.354 spatial: 0.094 
(epoch: 90, iters: 4380, time: 0.488, data: 0.001) G_GAN_ViT: 0.237 D_real_ViT: 0.309 D_fake_ViT: 0.278 global: 0.245 spatial: 0.059 
(epoch: 90, iters: 4480, time: 0.488, data: 0.001) G_GAN_ViT: 0.322 D_real_ViT: 0.190 D_fake_ViT: 0.206 global: 0.312 spatial: 0.084 
(epoch: 90, iters: 4580, time: 0.489, data: 0.001) G_GAN_ViT: 0.286 D_real_ViT: 0.106 D_fake_ViT: 0.235 global: 0.254 spatial: 0.070 
(epoch: 90, iters: 4680, time: 0.489, data: 0.001) G_GAN_ViT: 0.396 D_real_ViT: 0.307 D_fake_ViT: 0.166 global: 0.261 spatial: 0.077 
(epoch: 90, iters: 4780, time: 0.489, data: 0.001) G_GAN_ViT: 0.354 D_real_ViT: 0.262 D_fake_ViT: 0.185 global: 0.396 spatial: 0.102 
(epoch: 90, iters: 4880, time: 0.489, data: 0.001) G_GAN_ViT: 0.264 D_real_ViT: 0.216 D_fake_ViT: 0.251 global: 0.312 spatial: 0.065 
(epoch: 90, iters: 4980, time: 0.489, data: 0.001) G_GAN_ViT: 0.173 D_real_ViT: 0.313 D_fake_ViT: 0.370 global: 0.449 spatial: 0.103 
(epoch: 90, iters: 5080, time: 0.489, data: 0.001) G_GAN_ViT: 0.352 D_real_ViT: 0.298 D_fake_ViT: 0.186 global: 0.376 spatial: 0.103 
saving the model at the end of epoch 90, iters 457200
End of epoch 90 / 100 	 Time Taken: 2492 sec
learning rate = 0.0000020
(epoch: 91, iters: 100, time: 0.489, data: 0.148) G_GAN_ViT: 0.261 D_real_ViT: 0.265 D_fake_ViT: 0.258 global: 0.267 spatial: 0.074 
(epoch: 91, iters: 200, time: 0.489, data: 0.001) G_GAN_ViT: 0.323 D_real_ViT: 0.309 D_fake_ViT: 0.203 global: 0.320 spatial: 0.087 
(epoch: 91, iters: 300, time: 0.488, data: 0.002) G_GAN_ViT: 0.276 D_real_ViT: 0.412 D_fake_ViT: 0.241 global: 0.265 spatial: 0.078 
(epoch: 91, iters: 400, time: 0.489, data: 0.001) G_GAN_ViT: 0.306 D_real_ViT: 0.254 D_fake_ViT: 0.233 global: 0.365 spatial: 0.097 
(epoch: 91, iters: 500, time: 0.488, data: 0.001) G_GAN_ViT: 0.279 D_real_ViT: 0.081 D_fake_ViT: 0.237 global: 0.268 spatial: 0.068 
(epoch: 91, iters: 600, time: 0.489, data: 0.002) G_GAN_ViT: 0.277 D_real_ViT: 0.297 D_fake_ViT: 0.246 global: 0.317 spatial: 0.086 
(epoch: 91, iters: 700, time: 0.489, data: 0.001) G_GAN_ViT: 0.296 D_real_ViT: 0.094 D_fake_ViT: 0.238 global: 0.356 spatial: 0.093 
(epoch: 91, iters: 800, time: 0.489, data: 0.001) G_GAN_ViT: 0.364 D_real_ViT: 0.262 D_fake_ViT: 0.181 global: 0.383 spatial: 0.128 
(epoch: 91, iters: 900, time: 0.489, data: 0.001) G_GAN_ViT: 0.345 D_real_ViT: 0.251 D_fake_ViT: 0.192 global: 0.373 spatial: 0.103 
(epoch: 91, iters: 1000, time: 0.489, data: 0.001) G_GAN_ViT: 0.311 D_real_ViT: 0.254 D_fake_ViT: 0.209 global: 0.325 spatial: 0.084 
(epoch: 91, iters: 1100, time: 0.489, data: 0.001) G_GAN_ViT: 0.305 D_real_ViT: 0.132 D_fake_ViT: 0.220 global: 0.341 spatial: 0.074 
(epoch: 91, iters: 1200, time: 0.489, data: 0.001) G_GAN_ViT: 0.325 D_real_ViT: 0.252 D_fake_ViT: 0.206 global: 0.385 spatial: 0.117 
(epoch: 91, iters: 1300, time: 0.489, data: 0.001) G_GAN_ViT: 0.299 D_real_ViT: 0.081 D_fake_ViT: 0.224 global: 0.338 spatial: 0.079 
(epoch: 91, iters: 1400, time: 0.490, data: 0.001) G_GAN_ViT: 0.234 D_real_ViT: 0.054 D_fake_ViT: 0.289 global: 0.342 spatial: 0.084 
(epoch: 91, iters: 1500, time: 0.490, data: 0.001) G_GAN_ViT: 0.334 D_real_ViT: 0.249 D_fake_ViT: 0.193 global: 0.321 spatial: 0.079 
(epoch: 91, iters: 1600, time: 0.490, data: 0.001) G_GAN_ViT: 0.371 D_real_ViT: 0.285 D_fake_ViT: 0.186 global: 0.438 spatial: 0.120 
(epoch: 91, iters: 1700, time: 0.490, data: 0.001) G_GAN_ViT: 0.441 D_real_ViT: 0.173 D_fake_ViT: 0.135 global: 0.409 spatial: 0.115 
(epoch: 91, iters: 1800, time: 0.490, data: 0.001) G_GAN_ViT: 0.232 D_real_ViT: 0.312 D_fake_ViT: 0.283 global: 0.274 spatial: 0.068 
(epoch: 91, iters: 1900, time: 0.489, data: 0.001) G_GAN_ViT: 0.315 D_real_ViT: 0.224 D_fake_ViT: 0.219 global: 0.366 spatial: 0.100 
(epoch: 91, iters: 2000, time: 0.489, data: 0.001) G_GAN_ViT: 0.267 D_real_ViT: 0.174 D_fake_ViT: 0.254 global: 0.299 spatial: 0.051 
(epoch: 91, iters: 2100, time: 0.489, data: 0.001) G_GAN_ViT: 0.292 D_real_ViT: 0.041 D_fake_ViT: 0.230 global: 0.258 spatial: 0.070 
(epoch: 91, iters: 2200, time: 0.489, data: 0.001) G_GAN_ViT: 0.221 D_real_ViT: 0.260 D_fake_ViT: 0.295 global: 0.304 spatial: 0.079 
(epoch: 91, iters: 2300, time: 0.490, data: 0.001) G_GAN_ViT: 0.306 D_real_ViT: 0.257 D_fake_ViT: 0.219 global: 0.290 spatial: 0.080 
(epoch: 91, iters: 2400, time: 0.490, data: 0.001) G_GAN_ViT: 0.263 D_real_ViT: 0.287 D_fake_ViT: 0.259 global: 0.298 spatial: 0.071 
(epoch: 91, iters: 2500, time: 0.490, data: 0.001) G_GAN_ViT: 0.340 D_real_ViT: 0.266 D_fake_ViT: 0.191 global: 0.302 spatial: 0.076 
(epoch: 91, iters: 2600, time: 0.491, data: 0.001) G_GAN_ViT: 0.270 D_real_ViT: 0.292 D_fake_ViT: 0.255 global: 0.331 spatial: 0.089 
(epoch: 91, iters: 2700, time: 0.490, data: 0.001) G_GAN_ViT: 0.342 D_real_ViT: 0.245 D_fake_ViT: 0.192 global: 0.283 spatial: 0.082 
(epoch: 91, iters: 2800, time: 0.490, data: 0.001) G_GAN_ViT: 0.202 D_real_ViT: 0.218 D_fake_ViT: 0.324 global: 0.256 spatial: 0.073 
saving the latest model (epoch 91, total_iters 460000)
IRVI_single_monitor
(epoch: 91, iters: 2900, time: 0.489, data: 0.001) G_GAN_ViT: 0.290 D_real_ViT: 0.201 D_fake_ViT: 0.233 global: 0.277 spatial: 0.082 
(epoch: 91, iters: 3000, time: 0.489, data: 0.001) G_GAN_ViT: 0.317 D_real_ViT: 0.244 D_fake_ViT: 0.208 global: 0.294 spatial: 0.087 
(epoch: 91, iters: 3100, time: 0.489, data: 0.002) G_GAN_ViT: 0.343 D_real_ViT: 0.194 D_fake_ViT: 0.202 global: 0.560 spatial: 0.140 
(epoch: 91, iters: 3200, time: 0.489, data: 0.001) G_GAN_ViT: 0.242 D_real_ViT: 0.168 D_fake_ViT: 0.280 global: 0.239 spatial: 0.068 
(epoch: 91, iters: 3300, time: 0.489, data: 0.001) G_GAN_ViT: 0.309 D_real_ViT: 0.316 D_fake_ViT: 0.215 global: 0.325 spatial: 0.086 
(epoch: 91, iters: 3400, time: 0.489, data: 0.002) G_GAN_ViT: 0.303 D_real_ViT: 0.223 D_fake_ViT: 0.226 global: 0.361 spatial: 0.103 
(epoch: 91, iters: 3500, time: 0.489, data: 0.002) G_GAN_ViT: 0.338 D_real_ViT: 0.120 D_fake_ViT: 0.221 global: 0.272 spatial: 0.065 
(epoch: 91, iters: 3600, time: 0.490, data: 0.001) G_GAN_ViT: 0.367 D_real_ViT: 0.207 D_fake_ViT: 0.176 global: 0.381 spatial: 0.109 
(epoch: 91, iters: 3700, time: 0.490, data: 0.002) G_GAN_ViT: 0.299 D_real_ViT: 0.237 D_fake_ViT: 0.225 global: 0.383 spatial: 0.102 
(epoch: 91, iters: 3800, time: 0.490, data: 0.001) G_GAN_ViT: 0.385 D_real_ViT: 0.226 D_fake_ViT: 0.165 global: 0.368 spatial: 0.108 
(epoch: 91, iters: 3900, time: 0.490, data: 0.001) G_GAN_ViT: 0.316 D_real_ViT: 0.129 D_fake_ViT: 0.217 global: 0.290 spatial: 0.080 
(epoch: 91, iters: 4000, time: 0.490, data: 0.001) G_GAN_ViT: 0.330 D_real_ViT: 0.114 D_fake_ViT: 0.204 global: 0.289 spatial: 0.077 
(epoch: 91, iters: 4100, time: 0.490, data: 0.001) G_GAN_ViT: 0.272 D_real_ViT: 0.277 D_fake_ViT: 0.251 global: 0.310 spatial: 0.086 
(epoch: 91, iters: 4200, time: 0.490, data: 0.002) G_GAN_ViT: 0.258 D_real_ViT: 0.274 D_fake_ViT: 0.260 global: 0.290 spatial: 0.087 
(epoch: 91, iters: 4300, time: 0.489, data: 0.001) G_GAN_ViT: 0.323 D_real_ViT: 0.183 D_fake_ViT: 0.210 global: 0.369 spatial: 0.100 
(epoch: 91, iters: 4400, time: 0.489, data: 0.001) G_GAN_ViT: 0.273 D_real_ViT: 0.178 D_fake_ViT: 0.247 global: 0.316 spatial: 0.080 
(epoch: 91, iters: 4500, time: 0.489, data: 0.001) G_GAN_ViT: 0.205 D_real_ViT: 0.271 D_fake_ViT: 0.312 global: 0.261 spatial: 0.075 
(epoch: 91, iters: 4600, time: 0.489, data: 0.001) G_GAN_ViT: 0.309 D_real_ViT: 0.283 D_fake_ViT: 0.215 global: 0.313 spatial: 0.081 
(epoch: 91, iters: 4700, time: 0.489, data: 0.001) G_GAN_ViT: 0.166 D_real_ViT: 0.228 D_fake_ViT: 0.375 global: 0.425 spatial: 0.097 
(epoch: 91, iters: 4800, time: 0.489, data: 0.001) G_GAN_ViT: 0.391 D_real_ViT: 0.262 D_fake_ViT: 0.175 global: 0.419 spatial: 0.129 
(epoch: 91, iters: 4900, time: 0.490, data: 0.001) G_GAN_ViT: 0.333 D_real_ViT: 0.081 D_fake_ViT: 0.196 global: 0.277 spatial: 0.081 
(epoch: 91, iters: 5000, time: 0.489, data: 0.001) G_GAN_ViT: 0.319 D_real_ViT: 0.277 D_fake_ViT: 0.208 global: 0.302 spatial: 0.067 
End of epoch 91 / 100 	 Time Taken: 2494 sec
learning rate = 0.0000018
(epoch: 92, iters: 20, time: 0.489, data: 0.001) G_GAN_ViT: 0.279 D_real_ViT: 0.260 D_fake_ViT: 0.243 global: 0.350 spatial: 0.076 
(epoch: 92, iters: 120, time: 0.489, data: 0.001) G_GAN_ViT: 0.351 D_real_ViT: 0.035 D_fake_ViT: 0.182 global: 0.479 spatial: 0.095 
(epoch: 92, iters: 220, time: 0.488, data: 0.001) G_GAN_ViT: 0.217 D_real_ViT: 0.253 D_fake_ViT: 0.304 global: 0.441 spatial: 0.098 
(epoch: 92, iters: 320, time: 0.488, data: 0.001) G_GAN_ViT: 0.219 D_real_ViT: 0.268 D_fake_ViT: 0.295 global: 0.233 spatial: 0.062 
(epoch: 92, iters: 420, time: 0.488, data: 0.002) G_GAN_ViT: 0.482 D_real_ViT: 0.257 D_fake_ViT: 0.123 global: 0.584 spatial: 0.153 
(epoch: 92, iters: 520, time: 0.488, data: 0.001) G_GAN_ViT: 0.198 D_real_ViT: 0.165 D_fake_ViT: 0.324 global: 0.262 spatial: 0.080 
(epoch: 92, iters: 620, time: 0.489, data: 0.002) G_GAN_ViT: 0.223 D_real_ViT: 0.069 D_fake_ViT: 0.293 global: 0.263 spatial: 0.061 
(epoch: 92, iters: 720, time: 0.489, data: 0.001) G_GAN_ViT: 0.322 D_real_ViT: 0.312 D_fake_ViT: 0.204 global: 0.326 spatial: 0.084 
(epoch: 92, iters: 820, time: 0.489, data: 0.001) G_GAN_ViT: 0.369 D_real_ViT: 0.246 D_fake_ViT: 0.172 global: 0.492 spatial: 0.097 
(epoch: 92, iters: 920, time: 0.490, data: 0.001) G_GAN_ViT: 0.324 D_real_ViT: 0.224 D_fake_ViT: 0.206 global: 0.366 spatial: 0.107 
(epoch: 92, iters: 1020, time: 0.489, data: 0.001) G_GAN_ViT: 0.215 D_real_ViT: 0.305 D_fake_ViT: 0.300 global: 0.236 spatial: 0.056 
(epoch: 92, iters: 1120, time: 0.490, data: 0.001) G_GAN_ViT: 0.283 D_real_ViT: 0.235 D_fake_ViT: 0.242 global: 0.269 spatial: 0.080 
(epoch: 92, iters: 1220, time: 0.490, data: 0.001) G_GAN_ViT: 0.370 D_real_ViT: 0.084 D_fake_ViT: 0.179 global: 0.393 spatial: 0.111 
(epoch: 92, iters: 1320, time: 0.490, data: 0.001) G_GAN_ViT: 0.377 D_real_ViT: 0.263 D_fake_ViT: 0.172 global: 0.467 spatial: 0.109 
(epoch: 92, iters: 1420, time: 0.490, data: 0.001) G_GAN_ViT: 0.294 D_real_ViT: 0.315 D_fake_ViT: 0.224 global: 0.314 spatial: 0.084 
(epoch: 92, iters: 1520, time: 0.490, data: 0.001) G_GAN_ViT: 0.312 D_real_ViT: 0.280 D_fake_ViT: 0.213 global: 0.376 spatial: 0.099 
(epoch: 92, iters: 1620, time: 0.489, data: 0.001) G_GAN_ViT: 0.232 D_real_ViT: 0.425 D_fake_ViT: 0.287 global: 0.260 spatial: 0.053 
(epoch: 92, iters: 1720, time: 0.489, data: 0.001) G_GAN_ViT: 0.325 D_real_ViT: 0.240 D_fake_ViT: 0.209 global: 0.429 spatial: 0.100 
(epoch: 92, iters: 1820, time: 0.488, data: 0.001) G_GAN_ViT: 0.281 D_real_ViT: 0.076 D_fake_ViT: 0.240 global: 0.311 spatial: 0.083 
(epoch: 92, iters: 1920, time: 0.489, data: 0.001) G_GAN_ViT: 0.320 D_real_ViT: 0.280 D_fake_ViT: 0.202 global: 0.338 spatial: 0.074 
(epoch: 92, iters: 2020, time: 0.489, data: 0.001) G_GAN_ViT: 0.333 D_real_ViT: 0.078 D_fake_ViT: 0.224 global: 0.275 spatial: 0.065 
(epoch: 92, iters: 2120, time: 0.489, data: 0.001) G_GAN_ViT: 0.261 D_real_ViT: 0.268 D_fake_ViT: 0.255 global: 0.347 spatial: 0.071 
(epoch: 92, iters: 2220, time: 0.489, data: 0.001) G_GAN_ViT: 0.324 D_real_ViT: 0.226 D_fake_ViT: 0.199 global: 0.341 spatial: 0.078 
(epoch: 92, iters: 2320, time: 0.489, data: 0.001) G_GAN_ViT: 0.319 D_real_ViT: 0.225 D_fake_ViT: 0.205 global: 0.385 spatial: 0.079 
(epoch: 92, iters: 2420, time: 0.489, data: 0.001) G_GAN_ViT: 0.334 D_real_ViT: 0.242 D_fake_ViT: 0.199 global: 0.393 spatial: 0.094 
(epoch: 92, iters: 2520, time: 0.490, data: 0.001) G_GAN_ViT: 0.300 D_real_ViT: 0.300 D_fake_ViT: 0.237 global: 0.261 spatial: 0.063 
(epoch: 92, iters: 2620, time: 0.489, data: 0.001) G_GAN_ViT: 0.290 D_real_ViT: 0.321 D_fake_ViT: 0.233 global: 0.322 spatial: 0.088 
(epoch: 92, iters: 2720, time: 0.489, data: 0.001) G_GAN_ViT: 0.345 D_real_ViT: 0.210 D_fake_ViT: 0.203 global: 0.465 spatial: 0.148 
saving the latest model (epoch 92, total_iters 465000)
IRVI_single_monitor
(epoch: 92, iters: 2820, time: 0.490, data: 0.002) G_GAN_ViT: 0.225 D_real_ViT: 0.277 D_fake_ViT: 0.289 global: 0.244 spatial: 0.061 
(epoch: 92, iters: 2920, time: 0.489, data: 0.001) G_GAN_ViT: 0.279 D_real_ViT: 0.173 D_fake_ViT: 0.238 global: 0.319 spatial: 0.057 
(epoch: 92, iters: 3020, time: 0.489, data: 0.001) G_GAN_ViT: 0.338 D_real_ViT: 0.250 D_fake_ViT: 0.199 global: 0.371 spatial: 0.103 
(epoch: 92, iters: 3120, time: 0.488, data: 0.001) G_GAN_ViT: 0.264 D_real_ViT: 0.187 D_fake_ViT: 0.254 global: 0.244 spatial: 0.066 
(epoch: 92, iters: 3220, time: 0.488, data: 0.001) G_GAN_ViT: 0.354 D_real_ViT: 0.282 D_fake_ViT: 0.183 global: 0.407 spatial: 0.103 
(epoch: 92, iters: 3320, time: 0.489, data: 0.001) G_GAN_ViT: 0.328 D_real_ViT: 0.266 D_fake_ViT: 0.200 global: 0.336 spatial: 0.086 
(epoch: 92, iters: 3420, time: 0.489, data: 0.001) G_GAN_ViT: 0.287 D_real_ViT: 0.256 D_fake_ViT: 0.235 global: 0.347 spatial: 0.094 
(epoch: 92, iters: 3520, time: 0.489, data: 0.001) G_GAN_ViT: 0.349 D_real_ViT: 0.306 D_fake_ViT: 0.201 global: 0.558 spatial: 0.138 
(epoch: 92, iters: 3620, time: 0.489, data: 0.001) G_GAN_ViT: 0.219 D_real_ViT: 0.238 D_fake_ViT: 0.298 global: 0.291 spatial: 0.069 
(epoch: 92, iters: 3720, time: 0.489, data: 0.001) G_GAN_ViT: 0.265 D_real_ViT: 0.111 D_fake_ViT: 0.252 global: 0.332 spatial: 0.065 
(epoch: 92, iters: 3820, time: 0.489, data: 0.001) G_GAN_ViT: 0.299 D_real_ViT: 0.255 D_fake_ViT: 0.231 global: 0.326 spatial: 0.106 
(epoch: 92, iters: 3920, time: 0.489, data: 0.001) G_GAN_ViT: 0.329 D_real_ViT: 0.319 D_fake_ViT: 0.205 global: 0.382 spatial: 0.111 
(epoch: 92, iters: 4020, time: 0.489, data: 0.002) G_GAN_ViT: 0.276 D_real_ViT: 0.259 D_fake_ViT: 0.249 global: 0.400 spatial: 0.103 
(epoch: 92, iters: 4120, time: 0.489, data: 0.001) G_GAN_ViT: 0.746 D_real_ViT: 0.087 D_fake_ViT: 0.072 global: 0.521 spatial: 0.143 
(epoch: 92, iters: 4220, time: 0.489, data: 0.001) G_GAN_ViT: 0.326 D_real_ViT: 0.245 D_fake_ViT: 0.211 global: 0.248 spatial: 0.070 
(epoch: 92, iters: 4320, time: 0.489, data: 0.001) G_GAN_ViT: 0.310 D_real_ViT: 0.272 D_fake_ViT: 0.220 global: 0.276 spatial: 0.082 
(epoch: 92, iters: 4420, time: 0.489, data: 0.001) G_GAN_ViT: 0.232 D_real_ViT: 0.268 D_fake_ViT: 0.287 global: 0.224 spatial: 0.065 
(epoch: 92, iters: 4520, time: 0.489, data: 0.001) G_GAN_ViT: 0.313 D_real_ViT: 0.266 D_fake_ViT: 0.217 global: 0.406 spatial: 0.084 
(epoch: 92, iters: 4620, time: 0.488, data: 0.001) G_GAN_ViT: 0.355 D_real_ViT: 0.287 D_fake_ViT: 0.181 global: 0.347 spatial: 0.076 
(epoch: 92, iters: 4720, time: 0.489, data: 0.001) G_GAN_ViT: 0.336 D_real_ViT: 0.273 D_fake_ViT: 0.199 global: 0.371 spatial: 0.110 
(epoch: 92, iters: 4820, time: 0.489, data: 0.001) G_GAN_ViT: 0.344 D_real_ViT: 0.304 D_fake_ViT: 0.188 global: 0.349 spatial: 0.087 
(epoch: 92, iters: 4920, time: 0.490, data: 0.002) G_GAN_ViT: 0.220 D_real_ViT: 0.256 D_fake_ViT: 0.300 global: 0.232 spatial: 0.066 
(epoch: 92, iters: 5020, time: 0.490, data: 0.001) G_GAN_ViT: 0.226 D_real_ViT: 0.276 D_fake_ViT: 0.289 global: 0.306 spatial: 0.076 
End of epoch 92 / 100 	 Time Taken: 2492 sec
learning rate = 0.0000016
(epoch: 93, iters: 40, time: 0.488, data: 0.001) G_GAN_ViT: 0.335 D_real_ViT: 0.263 D_fake_ViT: 0.198 global: 0.282 spatial: 0.083 
(epoch: 93, iters: 140, time: 0.488, data: 0.001) G_GAN_ViT: 0.237 D_real_ViT: 0.278 D_fake_ViT: 0.278 global: 0.262 spatial: 0.071 
(epoch: 93, iters: 240, time: 0.488, data: 0.001) G_GAN_ViT: 0.356 D_real_ViT: 0.228 D_fake_ViT: 0.186 global: 0.450 spatial: 0.112 
(epoch: 93, iters: 340, time: 0.489, data: 0.001) G_GAN_ViT: 0.303 D_real_ViT: 0.238 D_fake_ViT: 0.221 global: 0.314 spatial: 0.091 
(epoch: 93, iters: 440, time: 0.489, data: 0.001) G_GAN_ViT: 0.217 D_real_ViT: 0.267 D_fake_ViT: 0.306 global: 0.378 spatial: 0.100 
(epoch: 93, iters: 540, time: 0.489, data: 0.002) G_GAN_ViT: 0.338 D_real_ViT: 0.047 D_fake_ViT: 0.191 global: 0.301 spatial: 0.082 
(epoch: 93, iters: 640, time: 0.489, data: 0.001) G_GAN_ViT: 0.272 D_real_ViT: 0.254 D_fake_ViT: 0.252 global: 0.381 spatial: 0.078 
(epoch: 93, iters: 740, time: 0.488, data: 0.001) G_GAN_ViT: 0.370 D_real_ViT: 0.201 D_fake_ViT: 0.177 global: 0.404 spatial: 0.130 
(epoch: 93, iters: 840, time: 0.489, data: 0.001) G_GAN_ViT: 0.327 D_real_ViT: 0.042 D_fake_ViT: 0.203 global: 0.274 spatial: 0.081 
(epoch: 93, iters: 940, time: 0.489, data: 0.001) G_GAN_ViT: 0.299 D_real_ViT: 0.272 D_fake_ViT: 0.222 global: 0.368 spatial: 0.080 
(epoch: 93, iters: 1040, time: 0.489, data: 0.001) G_GAN_ViT: 0.318 D_real_ViT: 0.246 D_fake_ViT: 0.209 global: 0.395 spatial: 0.118 
(epoch: 93, iters: 1140, time: 0.490, data: 0.002) G_GAN_ViT: 0.474 D_real_ViT: 0.286 D_fake_ViT: 0.127 global: 0.537 spatial: 0.150 
(epoch: 93, iters: 1240, time: 0.490, data: 0.001) G_GAN_ViT: 0.181 D_real_ViT: 0.330 D_fake_ViT: 0.350 global: 0.436 spatial: 0.097 
(epoch: 93, iters: 1340, time: 0.490, data: 0.001) G_GAN_ViT: 0.334 D_real_ViT: 0.268 D_fake_ViT: 0.198 global: 0.435 spatial: 0.089 
(epoch: 93, iters: 1440, time: 0.490, data: 0.001) G_GAN_ViT: 0.334 D_real_ViT: 0.221 D_fake_ViT: 0.193 global: 0.336 spatial: 0.090 
(epoch: 93, iters: 1540, time: 0.490, data: 0.001) G_GAN_ViT: 0.224 D_real_ViT: 0.239 D_fake_ViT: 0.294 global: 0.323 spatial: 0.073 
(epoch: 93, iters: 1640, time: 0.490, data: 0.001) G_GAN_ViT: 0.358 D_real_ViT: 0.265 D_fake_ViT: 0.175 global: 0.382 spatial: 0.085 
(epoch: 93, iters: 1740, time: 0.489, data: 0.002) G_GAN_ViT: 0.320 D_real_ViT: 0.284 D_fake_ViT: 0.203 global: 0.344 spatial: 0.083 
(epoch: 93, iters: 1840, time: 0.489, data: 0.001) G_GAN_ViT: 0.335 D_real_ViT: 0.182 D_fake_ViT: 0.195 global: 0.397 spatial: 0.086 
(epoch: 93, iters: 1940, time: 0.489, data: 0.001) G_GAN_ViT: 0.340 D_real_ViT: 0.264 D_fake_ViT: 0.189 global: 0.342 spatial: 0.083 
(epoch: 93, iters: 2040, time: 0.489, data: 0.001) G_GAN_ViT: 0.292 D_real_ViT: 0.093 D_fake_ViT: 0.231 global: 0.305 spatial: 0.085 
(epoch: 93, iters: 2140, time: 0.489, data: 0.001) G_GAN_ViT: 0.206 D_real_ViT: 0.320 D_fake_ViT: 0.319 global: 0.325 spatial: 0.065 
(epoch: 93, iters: 2240, time: 0.489, data: 0.001) G_GAN_ViT: 0.294 D_real_ViT: 0.252 D_fake_ViT: 0.227 global: 0.322 spatial: 0.084 
(epoch: 93, iters: 2340, time: 0.489, data: 0.001) G_GAN_ViT: 0.193 D_real_ViT: 0.246 D_fake_ViT: 0.333 global: 0.440 spatial: 0.101 
(epoch: 93, iters: 2440, time: 0.488, data: 0.002) G_GAN_ViT: 0.287 D_real_ViT: 0.229 D_fake_ViT: 0.235 global: 0.334 spatial: 0.079 
(epoch: 93, iters: 2540, time: 0.488, data: 0.001) G_GAN_ViT: 0.252 D_real_ViT: 0.171 D_fake_ViT: 0.272 global: 0.231 spatial: 0.054 
(epoch: 93, iters: 2640, time: 0.488, data: 0.002) G_GAN_ViT: 0.340 D_real_ViT: 0.241 D_fake_ViT: 0.190 global: 0.318 spatial: 0.086 
saving the latest model (epoch 93, total_iters 470000)
IRVI_single_monitor
(epoch: 93, iters: 2740, time: 0.488, data: 0.002) G_GAN_ViT: 0.320 D_real_ViT: 0.305 D_fake_ViT: 0.207 global: 0.409 spatial: 0.091 
(epoch: 93, iters: 2840, time: 0.488, data: 0.001) G_GAN_ViT: 0.270 D_real_ViT: 0.303 D_fake_ViT: 0.247 global: 0.334 spatial: 0.081 
(epoch: 93, iters: 2940, time: 0.488, data: 0.001) G_GAN_ViT: 0.306 D_real_ViT: 0.272 D_fake_ViT: 0.222 global: 0.541 spatial: 0.126 
(epoch: 93, iters: 3040, time: 0.488, data: 0.001) G_GAN_ViT: 0.311 D_real_ViT: 0.247 D_fake_ViT: 0.227 global: 0.257 spatial: 0.088 
(epoch: 93, iters: 3140, time: 0.488, data: 0.001) G_GAN_ViT: 0.182 D_real_ViT: 0.208 D_fake_ViT: 0.354 global: 0.371 spatial: 0.102 
(epoch: 93, iters: 3240, time: 0.488, data: 0.001) G_GAN_ViT: 0.213 D_real_ViT: 0.063 D_fake_ViT: 0.304 global: 0.218 spatial: 0.062 
(epoch: 93, iters: 3340, time: 0.488, data: 0.001) G_GAN_ViT: 0.257 D_real_ViT: 0.243 D_fake_ViT: 0.271 global: 0.286 spatial: 0.072 
(epoch: 93, iters: 3440, time: 0.488, data: 0.002) G_GAN_ViT: 0.415 D_real_ViT: 0.302 D_fake_ViT: 0.167 global: 0.511 spatial: 0.131 
(epoch: 93, iters: 3540, time: 0.489, data: 0.001) G_GAN_ViT: 0.330 D_real_ViT: 0.250 D_fake_ViT: 0.197 global: 0.352 spatial: 0.086 
(epoch: 93, iters: 3640, time: 0.490, data: 0.001) G_GAN_ViT: 0.320 D_real_ViT: 0.253 D_fake_ViT: 0.216 global: 0.438 spatial: 0.103 
(epoch: 93, iters: 3740, time: 0.489, data: 0.001) G_GAN_ViT: 0.364 D_real_ViT: 0.281 D_fake_ViT: 0.178 global: 0.279 spatial: 0.068 
(epoch: 93, iters: 3840, time: 0.489, data: 0.001) G_GAN_ViT: 0.311 D_real_ViT: 0.074 D_fake_ViT: 0.215 global: 0.345 spatial: 0.081 
(epoch: 93, iters: 3940, time: 0.490, data: 0.001) G_GAN_ViT: 0.360 D_real_ViT: 0.215 D_fake_ViT: 0.181 global: 0.418 spatial: 0.118 
(epoch: 93, iters: 4040, time: 0.490, data: 0.001) G_GAN_ViT: 0.353 D_real_ViT: 0.213 D_fake_ViT: 0.180 global: 0.374 spatial: 0.084 
(epoch: 93, iters: 4140, time: 0.489, data: 0.001) G_GAN_ViT: 0.194 D_real_ViT: 0.280 D_fake_ViT: 0.335 global: 0.370 spatial: 0.098 
(epoch: 93, iters: 4240, time: 0.489, data: 0.001) G_GAN_ViT: 0.296 D_real_ViT: 0.247 D_fake_ViT: 0.227 global: 0.265 spatial: 0.084 
(epoch: 93, iters: 4340, time: 0.490, data: 0.002) G_GAN_ViT: 0.203 D_real_ViT: 0.264 D_fake_ViT: 0.319 global: 0.410 spatial: 0.099 
(epoch: 93, iters: 4440, time: 0.490, data: 0.001) G_GAN_ViT: 0.217 D_real_ViT: 0.256 D_fake_ViT: 0.304 global: 0.327 spatial: 0.089 
(epoch: 93, iters: 4540, time: 0.490, data: 0.001) G_GAN_ViT: 0.379 D_real_ViT: 0.248 D_fake_ViT: 0.178 global: 0.413 spatial: 0.123 
(epoch: 93, iters: 4640, time: 0.490, data: 0.001) G_GAN_ViT: 0.362 D_real_ViT: 0.191 D_fake_ViT: 0.177 global: 0.356 spatial: 0.099 
(epoch: 93, iters: 4740, time: 0.489, data: 0.001) G_GAN_ViT: 0.413 D_real_ViT: 0.276 D_fake_ViT: 0.157 global: 0.481 spatial: 0.133 
(epoch: 93, iters: 4840, time: 0.489, data: 0.002) G_GAN_ViT: 0.372 D_real_ViT: 0.246 D_fake_ViT: 0.187 global: 0.455 spatial: 0.116 
(epoch: 93, iters: 4940, time: 0.489, data: 0.002) G_GAN_ViT: 0.332 D_real_ViT: 0.075 D_fake_ViT: 0.199 global: 0.294 spatial: 0.083 
(epoch: 93, iters: 5040, time: 0.489, data: 0.002) G_GAN_ViT: 0.242 D_real_ViT: 0.283 D_fake_ViT: 0.277 global: 0.244 spatial: 0.067 
End of epoch 93 / 100 	 Time Taken: 2491 sec
learning rate = 0.0000014
(epoch: 94, iters: 60, time: 0.489, data: 0.001) G_GAN_ViT: 0.421 D_real_ViT: 0.206 D_fake_ViT: 0.161 global: 0.280 spatial: 0.068 
(epoch: 94, iters: 160, time: 0.489, data: 0.001) G_GAN_ViT: 0.338 D_real_ViT: 0.286 D_fake_ViT: 0.193 global: 0.408 spatial: 0.093 
(epoch: 94, iters: 260, time: 0.489, data: 0.001) G_GAN_ViT: 0.359 D_real_ViT: 0.266 D_fake_ViT: 0.176 global: 0.287 spatial: 0.090 
(epoch: 94, iters: 360, time: 0.489, data: 0.001) G_GAN_ViT: 0.295 D_real_ViT: 0.254 D_fake_ViT: 0.225 global: 0.308 spatial: 0.081 
(epoch: 94, iters: 460, time: 0.489, data: 0.001) G_GAN_ViT: 0.222 D_real_ViT: 0.106 D_fake_ViT: 0.303 global: 0.311 spatial: 0.068 
(epoch: 94, iters: 560, time: 0.489, data: 0.001) G_GAN_ViT: 0.264 D_real_ViT: 0.200 D_fake_ViT: 0.253 global: 0.406 spatial: 0.087 
(epoch: 94, iters: 660, time: 0.489, data: 0.001) G_GAN_ViT: 0.300 D_real_ViT: 0.237 D_fake_ViT: 0.224 global: 0.348 spatial: 0.098 
(epoch: 94, iters: 760, time: 0.489, data: 0.001) G_GAN_ViT: 0.313 D_real_ViT: 0.320 D_fake_ViT: 0.212 global: 0.318 spatial: 0.079 
(epoch: 94, iters: 860, time: 0.488, data: 0.001) G_GAN_ViT: 0.238 D_real_ViT: 0.235 D_fake_ViT: 0.276 global: 0.333 spatial: 0.070 
(epoch: 94, iters: 960, time: 0.488, data: 0.001) G_GAN_ViT: 0.333 D_real_ViT: 0.299 D_fake_ViT: 0.199 global: 0.357 spatial: 0.101 
(epoch: 94, iters: 1060, time: 0.488, data: 0.001) G_GAN_ViT: 0.282 D_real_ViT: 0.217 D_fake_ViT: 0.237 global: 0.292 spatial: 0.067 
(epoch: 94, iters: 1160, time: 0.488, data: 0.001) G_GAN_ViT: 0.375 D_real_ViT: 0.083 D_fake_ViT: 0.171 global: 0.280 spatial: 0.075 
(epoch: 94, iters: 1260, time: 0.489, data: 0.001) G_GAN_ViT: 0.260 D_real_ViT: 0.308 D_fake_ViT: 0.260 global: 0.306 spatial: 0.073 
(epoch: 94, iters: 1360, time: 0.489, data: 0.001) G_GAN_ViT: 0.319 D_real_ViT: 0.289 D_fake_ViT: 0.203 global: 0.329 spatial: 0.085 
(epoch: 94, iters: 1460, time: 0.489, data: 0.001) G_GAN_ViT: 0.324 D_real_ViT: 0.261 D_fake_ViT: 0.201 global: 0.354 spatial: 0.100 
(epoch: 94, iters: 1560, time: 0.489, data: 0.001) G_GAN_ViT: 0.233 D_real_ViT: 0.305 D_fake_ViT: 0.280 global: 0.301 spatial: 0.079 
(epoch: 94, iters: 1660, time: 0.488, data: 0.002) G_GAN_ViT: 0.348 D_real_ViT: 0.244 D_fake_ViT: 0.184 global: 0.340 spatial: 0.084 
(epoch: 94, iters: 1760, time: 0.488, data: 0.001) G_GAN_ViT: 0.313 D_real_ViT: 0.157 D_fake_ViT: 0.212 global: 0.368 spatial: 0.099 
(epoch: 94, iters: 1860, time: 0.488, data: 0.001) G_GAN_ViT: 0.379 D_real_ViT: 0.043 D_fake_ViT: 0.166 global: 0.526 spatial: 0.109 
(epoch: 94, iters: 1960, time: 0.488, data: 0.001) G_GAN_ViT: 0.278 D_real_ViT: 0.266 D_fake_ViT: 0.240 global: 0.253 spatial: 0.065 
(epoch: 94, iters: 2060, time: 0.489, data: 0.001) G_GAN_ViT: 0.364 D_real_ViT: 0.286 D_fake_ViT: 0.174 global: 0.321 spatial: 0.082 
(epoch: 94, iters: 2160, time: 0.489, data: 0.001) G_GAN_ViT: 0.386 D_real_ViT: 0.276 D_fake_ViT: 0.166 global: 0.406 spatial: 0.113 
(epoch: 94, iters: 2260, time: 0.489, data: 0.002) G_GAN_ViT: 0.235 D_real_ViT: 0.289 D_fake_ViT: 0.278 global: 0.239 spatial: 0.062 
(epoch: 94, iters: 2360, time: 0.489, data: 0.002) G_GAN_ViT: 0.321 D_real_ViT: 0.293 D_fake_ViT: 0.219 global: 0.231 spatial: 0.073 
(epoch: 94, iters: 2460, time: 0.489, data: 0.001) G_GAN_ViT: 0.302 D_real_ViT: 0.251 D_fake_ViT: 0.229 global: 0.255 spatial: 0.091 
(epoch: 94, iters: 2560, time: 0.489, data: 0.001) G_GAN_ViT: 0.213 D_real_ViT: 0.206 D_fake_ViT: 0.307 global: 0.251 spatial: 0.065 
saving the latest model (epoch 94, total_iters 475000)
IRVI_single_monitor
(epoch: 94, iters: 2660, time: 0.489, data: 0.001) G_GAN_ViT: 0.362 D_real_ViT: 0.235 D_fake_ViT: 0.175 global: 0.346 spatial: 0.102 
(epoch: 94, iters: 2760, time: 0.489, data: 0.002) G_GAN_ViT: 0.334 D_real_ViT: 0.081 D_fake_ViT: 0.230 global: 0.287 spatial: 0.065 
(epoch: 94, iters: 2860, time: 0.489, data: 0.002) G_GAN_ViT: 0.236 D_real_ViT: 0.264 D_fake_ViT: 0.283 global: 0.290 spatial: 0.071 
(epoch: 94, iters: 2960, time: 0.489, data: 0.002) G_GAN_ViT: 0.245 D_real_ViT: 0.254 D_fake_ViT: 0.274 global: 0.235 spatial: 0.053 
(epoch: 94, iters: 3060, time: 0.489, data: 0.001) G_GAN_ViT: 0.229 D_real_ViT: 0.108 D_fake_ViT: 0.286 global: 0.262 spatial: 0.066 
(epoch: 94, iters: 3160, time: 0.488, data: 0.001) G_GAN_ViT: 0.208 D_real_ViT: 0.074 D_fake_ViT: 0.314 global: 0.316 spatial: 0.087 
(epoch: 94, iters: 3260, time: 0.489, data: 0.001) G_GAN_ViT: 0.403 D_real_ViT: 0.282 D_fake_ViT: 0.163 global: 0.395 spatial: 0.117 
(epoch: 94, iters: 3360, time: 0.489, data: 0.001) G_GAN_ViT: 0.358 D_real_ViT: 0.346 D_fake_ViT: 0.177 global: 0.304 spatial: 0.078 
(epoch: 94, iters: 3460, time: 0.489, data: 0.001) G_GAN_ViT: 0.318 D_real_ViT: 0.269 D_fake_ViT: 0.213 global: 0.396 spatial: 0.090 
(epoch: 94, iters: 3560, time: 0.489, data: 0.001) G_GAN_ViT: 0.210 D_real_ViT: 0.045 D_fake_ViT: 0.311 global: 0.213 spatial: 0.057 
(epoch: 94, iters: 3660, time: 0.488, data: 0.001) G_GAN_ViT: 0.377 D_real_ViT: 0.319 D_fake_ViT: 0.173 global: 0.408 spatial: 0.128 
(epoch: 94, iters: 3760, time: 0.488, data: 0.001) G_GAN_ViT: 0.289 D_real_ViT: 0.332 D_fake_ViT: 0.235 global: 0.280 spatial: 0.081 
(epoch: 94, iters: 3860, time: 0.489, data: 0.001) G_GAN_ViT: 0.307 D_real_ViT: 0.305 D_fake_ViT: 0.222 global: 0.286 spatial: 0.080 
(epoch: 94, iters: 3960, time: 0.489, data: 0.001) G_GAN_ViT: 0.196 D_real_ViT: 0.233 D_fake_ViT: 0.329 global: 0.248 spatial: 0.072 
(epoch: 94, iters: 4060, time: 0.489, data: 0.002) G_GAN_ViT: 0.322 D_real_ViT: 0.109 D_fake_ViT: 0.204 global: 0.281 spatial: 0.071 
(epoch: 94, iters: 4160, time: 0.489, data: 0.001) G_GAN_ViT: 0.423 D_real_ViT: 0.291 D_fake_ViT: 0.150 global: 0.478 spatial: 0.131 
(epoch: 94, iters: 4260, time: 0.490, data: 0.001) G_GAN_ViT: 0.293 D_real_ViT: 0.098 D_fake_ViT: 0.227 global: 0.331 spatial: 0.073 
(epoch: 94, iters: 4360, time: 0.490, data: 0.001) G_GAN_ViT: 0.410 D_real_ViT: 0.251 D_fake_ViT: 0.163 global: 0.266 spatial: 0.072 
(epoch: 94, iters: 4460, time: 0.490, data: 0.001) G_GAN_ViT: 0.326 D_real_ViT: 0.263 D_fake_ViT: 0.204 global: 0.372 spatial: 0.099 
(epoch: 94, iters: 4560, time: 0.489, data: 0.001) G_GAN_ViT: 0.399 D_real_ViT: 0.258 D_fake_ViT: 0.161 global: 0.261 spatial: 0.073 
(epoch: 94, iters: 4660, time: 0.489, data: 0.001) G_GAN_ViT: 0.338 D_real_ViT: 0.277 D_fake_ViT: 0.197 global: 0.377 spatial: 0.090 
(epoch: 94, iters: 4760, time: 0.489, data: 0.001) G_GAN_ViT: 0.305 D_real_ViT: 0.279 D_fake_ViT: 0.222 global: 0.394 spatial: 0.082 
(epoch: 94, iters: 4860, time: 0.489, data: 0.001) G_GAN_ViT: 0.278 D_real_ViT: 0.325 D_fake_ViT: 0.242 global: 0.316 spatial: 0.082 
(epoch: 94, iters: 4960, time: 0.489, data: 0.001) G_GAN_ViT: 0.222 D_real_ViT: 0.235 D_fake_ViT: 0.294 global: 0.258 spatial: 0.066 
(epoch: 94, iters: 5060, time: 0.490, data: 0.001) G_GAN_ViT: 0.355 D_real_ViT: 0.273 D_fake_ViT: 0.181 global: 0.402 spatial: 0.104 
End of epoch 94 / 100 	 Time Taken: 2491 sec
learning rate = 0.0000012
(epoch: 95, iters: 80, time: 0.489, data: 0.001) G_GAN_ViT: 0.211 D_real_ViT: 0.035 D_fake_ViT: 0.306 global: 0.235 spatial: 0.059 
(epoch: 95, iters: 180, time: 0.489, data: 0.001) G_GAN_ViT: 0.347 D_real_ViT: 0.107 D_fake_ViT: 0.192 global: 0.408 spatial: 0.113 
(epoch: 95, iters: 280, time: 0.489, data: 0.001) G_GAN_ViT: 0.215 D_real_ViT: 0.321 D_fake_ViT: 0.306 global: 0.312 spatial: 0.060 
(epoch: 95, iters: 380, time: 0.489, data: 0.001) G_GAN_ViT: 0.264 D_real_ViT: 0.160 D_fake_ViT: 0.251 global: 0.321 spatial: 0.068 
(epoch: 95, iters: 480, time: 0.489, data: 0.001) G_GAN_ViT: 0.274 D_real_ViT: 0.271 D_fake_ViT: 0.246 global: 0.353 spatial: 0.083 
(epoch: 95, iters: 580, time: 0.489, data: 0.001) G_GAN_ViT: 0.287 D_real_ViT: 0.291 D_fake_ViT: 0.240 global: 0.311 spatial: 0.098 
(epoch: 95, iters: 680, time: 0.489, data: 0.001) G_GAN_ViT: 0.300 D_real_ViT: 0.241 D_fake_ViT: 0.223 global: 0.298 spatial: 0.083 
(epoch: 95, iters: 780, time: 0.489, data: 0.001) G_GAN_ViT: 0.266 D_real_ViT: 0.262 D_fake_ViT: 0.255 global: 0.308 spatial: 0.063 
(epoch: 95, iters: 880, time: 0.489, data: 0.001) G_GAN_ViT: 0.208 D_real_ViT: 0.068 D_fake_ViT: 0.311 global: 0.218 spatial: 0.062 
(epoch: 95, iters: 980, time: 0.489, data: 0.001) G_GAN_ViT: 0.297 D_real_ViT: 0.194 D_fake_ViT: 0.226 global: 0.314 spatial: 0.085 
(epoch: 95, iters: 1080, time: 0.489, data: 0.001) G_GAN_ViT: 0.396 D_real_ViT: 0.318 D_fake_ViT: 0.156 global: 0.417 spatial: 0.107 
(epoch: 95, iters: 1180, time: 0.489, data: 0.001) G_GAN_ViT: 0.365 D_real_ViT: 0.422 D_fake_ViT: 0.181 global: 0.378 spatial: 0.099 
(epoch: 95, iters: 1280, time: 0.489, data: 0.001) G_GAN_ViT: 0.218 D_real_ViT: 0.411 D_fake_ViT: 0.298 global: 0.238 spatial: 0.056 
(epoch: 95, iters: 1380, time: 0.489, data: 0.001) G_GAN_ViT: 0.311 D_real_ViT: 0.228 D_fake_ViT: 0.218 global: 0.514 spatial: 0.107 
(epoch: 95, iters: 1480, time: 0.488, data: 0.001) G_GAN_ViT: 0.287 D_real_ViT: 0.315 D_fake_ViT: 0.230 global: 0.316 spatial: 0.078 
(epoch: 95, iters: 1580, time: 0.488, data: 0.001) G_GAN_ViT: 0.381 D_real_ViT: 0.263 D_fake_ViT: 0.176 global: 0.475 spatial: 0.132 
(epoch: 95, iters: 1680, time: 0.488, data: 0.001) G_GAN_ViT: 0.333 D_real_ViT: 0.223 D_fake_ViT: 0.203 global: 0.384 spatial: 0.098 
(epoch: 95, iters: 1780, time: 0.489, data: 0.001) G_GAN_ViT: 0.347 D_real_ViT: 0.207 D_fake_ViT: 0.199 global: 0.268 spatial: 0.079 
(epoch: 95, iters: 1880, time: 0.489, data: 0.002) G_GAN_ViT: 0.308 D_real_ViT: 0.216 D_fake_ViT: 0.220 global: 0.284 spatial: 0.085 
(epoch: 95, iters: 1980, time: 0.489, data: 0.001) G_GAN_ViT: 0.244 D_real_ViT: 0.324 D_fake_ViT: 0.271 global: 0.325 spatial: 0.067 
(epoch: 95, iters: 2080, time: 0.489, data: 0.001) G_GAN_ViT: 0.208 D_real_ViT: 0.271 D_fake_ViT: 0.311 global: 0.214 spatial: 0.066 
(epoch: 95, iters: 2180, time: 0.489, data: 0.001) G_GAN_ViT: 0.328 D_real_ViT: 0.256 D_fake_ViT: 0.195 global: 0.339 spatial: 0.081 
(epoch: 95, iters: 2280, time: 0.489, data: 0.001) G_GAN_ViT: 0.310 D_real_ViT: 0.046 D_fake_ViT: 0.217 global: 0.375 spatial: 0.096 
(epoch: 95, iters: 2380, time: 0.490, data: 0.001) G_GAN_ViT: 0.255 D_real_ViT: 0.315 D_fake_ViT: 0.264 global: 0.309 spatial: 0.079 
(epoch: 95, iters: 2480, time: 0.489, data: 0.001) G_GAN_ViT: 0.359 D_real_ViT: 0.245 D_fake_ViT: 0.177 global: 0.453 spatial: 0.100 
saving the latest model (epoch 95, total_iters 480000)
IRVI_single_monitor
(epoch: 95, iters: 2580, time: 0.489, data: 0.001) G_GAN_ViT: 0.280 D_real_ViT: 0.275 D_fake_ViT: 0.240 global: 0.311 spatial: 0.081 
(epoch: 95, iters: 2680, time: 0.489, data: 0.001) G_GAN_ViT: 0.498 D_real_ViT: 0.275 D_fake_ViT: 0.123 global: 0.324 spatial: 0.087 
(epoch: 95, iters: 2780, time: 0.489, data: 0.001) G_GAN_ViT: 0.346 D_real_ViT: 0.176 D_fake_ViT: 0.189 global: 0.372 spatial: 0.110 
(epoch: 95, iters: 2880, time: 0.489, data: 0.001) G_GAN_ViT: 0.195 D_real_ViT: 0.308 D_fake_ViT: 0.325 global: 0.262 spatial: 0.072 
(epoch: 95, iters: 2980, time: 0.489, data: 0.001) G_GAN_ViT: 0.297 D_real_ViT: 0.337 D_fake_ViT: 0.227 global: 0.323 spatial: 0.082 
(epoch: 95, iters: 3080, time: 0.488, data: 0.001) G_GAN_ViT: 0.325 D_real_ViT: 0.287 D_fake_ViT: 0.208 global: 0.412 spatial: 0.115 
(epoch: 95, iters: 3180, time: 0.488, data: 0.001) G_GAN_ViT: 0.212 D_real_ViT: 0.255 D_fake_ViT: 0.305 global: 0.247 spatial: 0.065 
(epoch: 95, iters: 3280, time: 0.489, data: 0.001) G_GAN_ViT: 0.206 D_real_ViT: 0.266 D_fake_ViT: 0.315 global: 0.418 spatial: 0.102 
(epoch: 95, iters: 3380, time: 0.489, data: 0.001) G_GAN_ViT: 0.273 D_real_ViT: 0.245 D_fake_ViT: 0.242 global: 0.295 spatial: 0.075 
(epoch: 95, iters: 3480, time: 0.489, data: 0.001) G_GAN_ViT: 0.348 D_real_ViT: 0.260 D_fake_ViT: 0.186 global: 0.356 spatial: 0.093 
(epoch: 95, iters: 3580, time: 0.489, data: 0.001) G_GAN_ViT: 0.294 D_real_ViT: 0.268 D_fake_ViT: 0.227 global: 0.313 spatial: 0.081 
(epoch: 95, iters: 3680, time: 0.490, data: 0.001) G_GAN_ViT: 0.324 D_real_ViT: 0.226 D_fake_ViT: 0.201 global: 0.341 spatial: 0.080 
(epoch: 95, iters: 3780, time: 0.490, data: 0.001) G_GAN_ViT: 0.382 D_real_ViT: 0.242 D_fake_ViT: 0.168 global: 0.415 spatial: 0.115 
(epoch: 95, iters: 3880, time: 0.491, data: 0.001) G_GAN_ViT: 0.322 D_real_ViT: 0.036 D_fake_ViT: 0.208 global: 0.364 spatial: 0.094 
(epoch: 95, iters: 3980, time: 0.491, data: 0.001) G_GAN_ViT: 0.328 D_real_ViT: 0.278 D_fake_ViT: 0.200 global: 0.308 spatial: 0.093 
(epoch: 95, iters: 4080, time: 0.490, data: 0.001) G_GAN_ViT: 0.243 D_real_ViT: 0.122 D_fake_ViT: 0.273 global: 0.233 spatial: 0.058 
(epoch: 95, iters: 4180, time: 0.490, data: 0.001) G_GAN_ViT: 0.335 D_real_ViT: 0.253 D_fake_ViT: 0.203 global: 0.274 spatial: 0.069 
(epoch: 95, iters: 4280, time: 0.491, data: 0.001) G_GAN_ViT: 0.289 D_real_ViT: 0.278 D_fake_ViT: 0.234 global: 0.416 spatial: 0.087 
(epoch: 95, iters: 4380, time: 0.491, data: 0.001) G_GAN_ViT: 0.295 D_real_ViT: 0.186 D_fake_ViT: 0.225 global: 0.355 spatial: 0.107 
(epoch: 95, iters: 4480, time: 0.491, data: 0.001) G_GAN_ViT: 0.282 D_real_ViT: 0.268 D_fake_ViT: 0.240 global: 0.315 spatial: 0.085 
(epoch: 95, iters: 4580, time: 0.490, data: 0.001) G_GAN_ViT: 0.304 D_real_ViT: 0.255 D_fake_ViT: 0.227 global: 0.407 spatial: 0.098 
(epoch: 95, iters: 4680, time: 0.490, data: 0.001) G_GAN_ViT: 0.206 D_real_ViT: 0.216 D_fake_ViT: 0.315 global: 0.245 spatial: 0.073 
(epoch: 95, iters: 4780, time: 0.489, data: 0.001) G_GAN_ViT: 0.194 D_real_ViT: 0.284 D_fake_ViT: 0.327 global: 0.259 spatial: 0.077 
(epoch: 95, iters: 4880, time: 0.489, data: 0.001) G_GAN_ViT: 0.299 D_real_ViT: 0.193 D_fake_ViT: 0.228 global: 0.281 spatial: 0.083 
(epoch: 95, iters: 4980, time: 0.489, data: 0.001) G_GAN_ViT: 0.321 D_real_ViT: 0.311 D_fake_ViT: 0.207 global: 0.395 spatial: 0.084 
(epoch: 95, iters: 5080, time: 0.489, data: 0.001) G_GAN_ViT: 0.271 D_real_ViT: 0.063 D_fake_ViT: 0.247 global: 0.329 spatial: 0.077 
saving the model at the end of epoch 95, iters 482600
End of epoch 95 / 100 	 Time Taken: 2494 sec
learning rate = 0.0000010
(epoch: 96, iters: 100, time: 0.489, data: 0.146) G_GAN_ViT: 0.388 D_real_ViT: 0.259 D_fake_ViT: 0.168 global: 0.580 spatial: 0.135 
(epoch: 96, iters: 200, time: 0.489, data: 0.001) G_GAN_ViT: 0.281 D_real_ViT: 0.259 D_fake_ViT: 0.237 global: 0.412 spatial: 0.090 
(epoch: 96, iters: 300, time: 0.489, data: 0.001) G_GAN_ViT: 0.320 D_real_ViT: 0.275 D_fake_ViT: 0.215 global: 0.378 spatial: 0.100 
(epoch: 96, iters: 400, time: 0.489, data: 0.001) G_GAN_ViT: 0.289 D_real_ViT: 0.107 D_fake_ViT: 0.231 global: 0.283 spatial: 0.055 
(epoch: 96, iters: 500, time: 0.489, data: 0.001) G_GAN_ViT: 0.354 D_real_ViT: 0.235 D_fake_ViT: 0.187 global: 0.262 spatial: 0.075 
(epoch: 96, iters: 600, time: 0.489, data: 0.001) G_GAN_ViT: 0.307 D_real_ViT: 0.310 D_fake_ViT: 0.220 global: 0.516 spatial: 0.122 
(epoch: 96, iters: 700, time: 0.489, data: 0.001) G_GAN_ViT: 0.355 D_real_ViT: 0.178 D_fake_ViT: 0.185 global: 0.456 spatial: 0.110 
(epoch: 96, iters: 800, time: 0.489, data: 0.001) G_GAN_ViT: 0.280 D_real_ViT: 0.277 D_fake_ViT: 0.238 global: 0.346 spatial: 0.095 
(epoch: 96, iters: 900, time: 0.489, data: 0.001) G_GAN_ViT: 0.309 D_real_ViT: 0.289 D_fake_ViT: 0.214 global: 0.299 spatial: 0.090 
(epoch: 96, iters: 1000, time: 0.489, data: 0.002) G_GAN_ViT: 0.387 D_real_ViT: 0.262 D_fake_ViT: 0.162 global: 0.285 spatial: 0.080 
(epoch: 96, iters: 1100, time: 0.489, data: 0.001) G_GAN_ViT: 0.319 D_real_ViT: 0.287 D_fake_ViT: 0.206 global: 0.311 spatial: 0.065 
(epoch: 96, iters: 1200, time: 0.489, data: 0.001) G_GAN_ViT: 0.343 D_real_ViT: 0.245 D_fake_ViT: 0.197 global: 0.475 spatial: 0.108 
(epoch: 96, iters: 1300, time: 0.489, data: 0.002) G_GAN_ViT: 0.361 D_real_ViT: 0.189 D_fake_ViT: 0.180 global: 0.478 spatial: 0.118 
(epoch: 96, iters: 1400, time: 0.488, data: 0.001) G_GAN_ViT: 0.314 D_real_ViT: 0.442 D_fake_ViT: 0.212 global: 0.388 spatial: 0.100 
(epoch: 96, iters: 1500, time: 0.489, data: 0.002) G_GAN_ViT: 0.286 D_real_ViT: 0.268 D_fake_ViT: 0.237 global: 0.338 spatial: 0.104 
(epoch: 96, iters: 1600, time: 0.489, data: 0.001) G_GAN_ViT: 0.344 D_real_ViT: 0.273 D_fake_ViT: 0.187 global: 0.331 spatial: 0.079 
(epoch: 96, iters: 1700, time: 0.489, data: 0.001) G_GAN_ViT: 0.232 D_real_ViT: 0.229 D_fake_ViT: 0.287 global: 0.229 spatial: 0.057 
(epoch: 96, iters: 1800, time: 0.490, data: 0.001) G_GAN_ViT: 0.365 D_real_ViT: 0.267 D_fake_ViT: 0.175 global: 0.345 spatial: 0.101 
(epoch: 96, iters: 1900, time: 0.490, data: 0.001) G_GAN_ViT: 0.210 D_real_ViT: 0.131 D_fake_ViT: 0.310 global: 0.215 spatial: 0.060 
(epoch: 96, iters: 2000, time: 0.490, data: 0.001) G_GAN_ViT: 0.304 D_real_ViT: 0.194 D_fake_ViT: 0.228 global: 0.350 spatial: 0.099 
(epoch: 96, iters: 2100, time: 0.490, data: 0.001) G_GAN_ViT: 0.317 D_real_ViT: 0.207 D_fake_ViT: 0.216 global: 0.290 spatial: 0.080 
(epoch: 96, iters: 2200, time: 0.489, data: 0.001) G_GAN_ViT: 0.331 D_real_ViT: 0.244 D_fake_ViT: 0.209 global: 0.279 spatial: 0.071 
(epoch: 96, iters: 2300, time: 0.489, data: 0.001) G_GAN_ViT: 0.346 D_real_ViT: 0.173 D_fake_ViT: 0.189 global: 0.359 spatial: 0.097 
(epoch: 96, iters: 2400, time: 0.489, data: 0.001) G_GAN_ViT: 0.209 D_real_ViT: 0.243 D_fake_ViT: 0.308 global: 0.231 spatial: 0.051 
saving the latest model (epoch 96, total_iters 485000)
IRVI_single_monitor
(epoch: 96, iters: 2500, time: 0.489, data: 0.001) G_GAN_ViT: 0.331 D_real_ViT: 0.264 D_fake_ViT: 0.205 global: 0.282 spatial: 0.085 
(epoch: 96, iters: 2600, time: 0.489, data: 0.001) G_GAN_ViT: 0.198 D_real_ViT: 0.110 D_fake_ViT: 0.322 global: 0.254 spatial: 0.079 
(epoch: 96, iters: 2700, time: 0.489, data: 0.001) G_GAN_ViT: 0.342 D_real_ViT: 0.229 D_fake_ViT: 0.192 global: 0.429 spatial: 0.097 
(epoch: 96, iters: 2800, time: 0.489, data: 0.001) G_GAN_ViT: 0.179 D_real_ViT: 0.297 D_fake_ViT: 0.358 global: 0.424 spatial: 0.130 
(epoch: 96, iters: 2900, time: 0.489, data: 0.001) G_GAN_ViT: 0.344 D_real_ViT: 0.191 D_fake_ViT: 0.186 global: 0.313 spatial: 0.078 
(epoch: 96, iters: 3000, time: 0.489, data: 0.001) G_GAN_ViT: 0.346 D_real_ViT: 0.335 D_fake_ViT: 0.187 global: 0.322 spatial: 0.081 
(epoch: 96, iters: 3100, time: 0.489, data: 0.001) G_GAN_ViT: 0.294 D_real_ViT: 0.258 D_fake_ViT: 0.226 global: 0.350 spatial: 0.097 
(epoch: 96, iters: 3200, time: 0.489, data: 0.001) G_GAN_ViT: 0.256 D_real_ViT: 0.210 D_fake_ViT: 0.271 global: 0.456 spatial: 0.143 
(epoch: 96, iters: 3300, time: 0.489, data: 0.001) G_GAN_ViT: 0.208 D_real_ViT: 0.282 D_fake_ViT: 0.311 global: 0.212 spatial: 0.065 
(epoch: 96, iters: 3400, time: 0.489, data: 0.001) G_GAN_ViT: 0.284 D_real_ViT: 0.059 D_fake_ViT: 0.242 global: 0.268 spatial: 0.079 
(epoch: 96, iters: 3500, time: 0.489, data: 0.001) G_GAN_ViT: 0.269 D_real_ViT: 0.254 D_fake_ViT: 0.251 global: 0.305 spatial: 0.085 
(epoch: 96, iters: 3600, time: 0.489, data: 0.002) G_GAN_ViT: 0.309 D_real_ViT: 0.306 D_fake_ViT: 0.224 global: 0.544 spatial: 0.131 
(epoch: 96, iters: 3700, time: 0.489, data: 0.001) G_GAN_ViT: 0.334 D_real_ViT: 0.259 D_fake_ViT: 0.197 global: 0.374 spatial: 0.106 
(epoch: 96, iters: 3800, time: 0.489, data: 0.001) G_GAN_ViT: 0.245 D_real_ViT: 0.202 D_fake_ViT: 0.269 global: 0.323 spatial: 0.068 
(epoch: 96, iters: 3900, time: 0.489, data: 0.001) G_GAN_ViT: 0.339 D_real_ViT: 0.203 D_fake_ViT: 0.194 global: 0.356 spatial: 0.113 
(epoch: 96, iters: 4000, time: 0.488, data: 0.001) G_GAN_ViT: 0.292 D_real_ViT: 0.267 D_fake_ViT: 0.227 global: 0.318 spatial: 0.067 
(epoch: 96, iters: 4100, time: 0.488, data: 0.001) G_GAN_ViT: 0.282 D_real_ViT: 0.289 D_fake_ViT: 0.238 global: 0.303 spatial: 0.080 
(epoch: 96, iters: 4200, time: 0.489, data: 0.002) G_GAN_ViT: 0.316 D_real_ViT: 0.282 D_fake_ViT: 0.208 global: 0.388 spatial: 0.086 
(epoch: 96, iters: 4300, time: 0.489, data: 0.001) G_GAN_ViT: 0.344 D_real_ViT: 0.271 D_fake_ViT: 0.186 global: 0.327 spatial: 0.083 
(epoch: 96, iters: 4400, time: 0.489, data: 0.001) G_GAN_ViT: 0.204 D_real_ViT: 0.234 D_fake_ViT: 0.320 global: 0.363 spatial: 0.099 
(epoch: 96, iters: 4500, time: 0.489, data: 0.001) G_GAN_ViT: 0.204 D_real_ViT: 0.247 D_fake_ViT: 0.316 global: 0.211 spatial: 0.062 
(epoch: 96, iters: 4600, time: 0.489, data: 0.001) G_GAN_ViT: 0.186 D_real_ViT: 0.327 D_fake_ViT: 0.349 global: 0.422 spatial: 0.129 
(epoch: 96, iters: 4700, time: 0.489, data: 0.001) G_GAN_ViT: 0.235 D_real_ViT: 0.344 D_fake_ViT: 0.282 global: 0.232 spatial: 0.070 
(epoch: 96, iters: 4800, time: 0.490, data: 0.001) G_GAN_ViT: 0.253 D_real_ViT: 0.248 D_fake_ViT: 0.268 global: 0.222 spatial: 0.062 
(epoch: 96, iters: 4900, time: 0.490, data: 0.001) G_GAN_ViT: 0.201 D_real_ViT: 0.305 D_fake_ViT: 0.324 global: 0.378 spatial: 0.100 
(epoch: 96, iters: 5000, time: 0.490, data: 0.001) G_GAN_ViT: 0.310 D_real_ViT: 0.169 D_fake_ViT: 0.213 global: 0.285 spatial: 0.080 
End of epoch 96 / 100 	 Time Taken: 2492 sec
learning rate = 0.0000008
(epoch: 97, iters: 20, time: 0.490, data: 0.001) G_GAN_ViT: 0.328 D_real_ViT: 0.235 D_fake_ViT: 0.202 global: 0.468 spatial: 0.098 
(epoch: 97, iters: 120, time: 0.489, data: 0.001) G_GAN_ViT: 0.253 D_real_ViT: 0.261 D_fake_ViT: 0.260 global: 0.234 spatial: 0.067 
(epoch: 97, iters: 220, time: 0.490, data: 0.001) G_GAN_ViT: 0.273 D_real_ViT: 0.053 D_fake_ViT: 0.245 global: 0.284 spatial: 0.070 
(epoch: 97, iters: 320, time: 0.490, data: 0.001) G_GAN_ViT: 0.225 D_real_ViT: 0.173 D_fake_ViT: 0.289 global: 0.289 spatial: 0.077 
(epoch: 97, iters: 420, time: 0.490, data: 0.001) G_GAN_ViT: 0.178 D_real_ViT: 0.247 D_fake_ViT: 0.359 global: 0.419 spatial: 0.135 
(epoch: 97, iters: 520, time: 0.490, data: 0.001) G_GAN_ViT: 0.229 D_real_ViT: 0.321 D_fake_ViT: 0.285 global: 0.303 spatial: 0.081 
(epoch: 97, iters: 620, time: 0.490, data: 0.001) G_GAN_ViT: 0.304 D_real_ViT: 0.210 D_fake_ViT: 0.217 global: 0.331 spatial: 0.081 
(epoch: 97, iters: 720, time: 0.489, data: 0.001) G_GAN_ViT: 0.214 D_real_ViT: 0.253 D_fake_ViT: 0.302 global: 0.257 spatial: 0.070 
(epoch: 97, iters: 820, time: 0.489, data: 0.001) G_GAN_ViT: 0.303 D_real_ViT: 0.267 D_fake_ViT: 0.217 global: 0.302 spatial: 0.090 
(epoch: 97, iters: 920, time: 0.489, data: 0.001) G_GAN_ViT: 0.365 D_real_ViT: 0.234 D_fake_ViT: 0.178 global: 0.551 spatial: 0.126 
(epoch: 97, iters: 1020, time: 0.489, data: 0.001) G_GAN_ViT: 0.275 D_real_ViT: 0.270 D_fake_ViT: 0.241 global: 0.305 spatial: 0.081 
(epoch: 97, iters: 1120, time: 0.489, data: 0.001) G_GAN_ViT: 0.279 D_real_ViT: 0.288 D_fake_ViT: 0.240 global: 0.311 spatial: 0.082 
(epoch: 97, iters: 1220, time: 0.488, data: 0.001) G_GAN_ViT: 0.274 D_real_ViT: 0.324 D_fake_ViT: 0.245 global: 0.279 spatial: 0.088 
(epoch: 97, iters: 1320, time: 0.487, data: 0.001) G_GAN_ViT: 0.354 D_real_ViT: 0.237 D_fake_ViT: 0.189 global: 0.469 spatial: 0.144 
(epoch: 97, iters: 1420, time: 0.488, data: 0.001) G_GAN_ViT: 0.326 D_real_ViT: 0.190 D_fake_ViT: 0.207 global: 0.414 spatial: 0.082 
(epoch: 97, iters: 1520, time: 0.488, data: 0.001) G_GAN_ViT: 0.203 D_real_ViT: 0.248 D_fake_ViT: 0.321 global: 0.251 spatial: 0.065 
(epoch: 97, iters: 1620, time: 0.489, data: 0.001) G_GAN_ViT: 0.232 D_real_ViT: 0.303 D_fake_ViT: 0.284 global: 0.310 spatial: 0.064 
(epoch: 97, iters: 1720, time: 0.489, data: 0.001) G_GAN_ViT: 0.302 D_real_ViT: 0.281 D_fake_ViT: 0.223 global: 0.283 spatial: 0.077 
(epoch: 97, iters: 1820, time: 0.489, data: 0.001) G_GAN_ViT: 0.231 D_real_ViT: 0.288 D_fake_ViT: 0.284 global: 0.254 spatial: 0.066 
(epoch: 97, iters: 1920, time: 0.488, data: 0.001) G_GAN_ViT: 0.285 D_real_ViT: 0.247 D_fake_ViT: 0.237 global: 0.344 spatial: 0.101 
(epoch: 97, iters: 2020, time: 0.489, data: 0.001) G_GAN_ViT: 0.278 D_real_ViT: 0.255 D_fake_ViT: 0.240 global: 0.287 spatial: 0.076 
(epoch: 97, iters: 2120, time: 0.489, data: 0.001) G_GAN_ViT: 0.337 D_real_ViT: 0.326 D_fake_ViT: 0.202 global: 0.393 spatial: 0.122 
(epoch: 97, iters: 2220, time: 0.489, data: 0.001) G_GAN_ViT: 0.285 D_real_ViT: 0.236 D_fake_ViT: 0.235 global: 0.305 spatial: 0.082 
(epoch: 97, iters: 2320, time: 0.490, data: 0.001) G_GAN_ViT: 0.283 D_real_ViT: 0.101 D_fake_ViT: 0.237 global: 0.305 spatial: 0.079 
saving the latest model (epoch 97, total_iters 490000)
IRVI_single_monitor
(epoch: 97, iters: 2420, time: 0.489, data: 0.001) G_GAN_ViT: 0.277 D_real_ViT: 0.302 D_fake_ViT: 0.243 global: 0.319 spatial: 0.080 
(epoch: 97, iters: 2520, time: 0.489, data: 0.001) G_GAN_ViT: 0.423 D_real_ViT: 0.269 D_fake_ViT: 0.157 global: 0.283 spatial: 0.082 
(epoch: 97, iters: 2620, time: 0.489, data: 0.001) G_GAN_ViT: 0.286 D_real_ViT: 0.118 D_fake_ViT: 0.238 global: 0.344 spatial: 0.084 
(epoch: 97, iters: 2720, time: 0.489, data: 0.001) G_GAN_ViT: 0.315 D_real_ViT: 0.247 D_fake_ViT: 0.214 global: 0.363 spatial: 0.110 
(epoch: 97, iters: 2820, time: 0.488, data: 0.001) G_GAN_ViT: 0.332 D_real_ViT: 0.285 D_fake_ViT: 0.207 global: 0.502 spatial: 0.150 
(epoch: 97, iters: 2920, time: 0.488, data: 0.001) G_GAN_ViT: 0.362 D_real_ViT: 0.207 D_fake_ViT: 0.178 global: 0.265 spatial: 0.078 
(epoch: 97, iters: 3020, time: 0.489, data: 0.001) G_GAN_ViT: 0.292 D_real_ViT: 0.259 D_fake_ViT: 0.228 global: 0.273 spatial: 0.069 
(epoch: 97, iters: 3120, time: 0.489, data: 0.001) G_GAN_ViT: 0.225 D_real_ViT: 0.239 D_fake_ViT: 0.291 global: 0.292 spatial: 0.076 
(epoch: 97, iters: 3220, time: 0.489, data: 0.001) G_GAN_ViT: 0.321 D_real_ViT: 0.208 D_fake_ViT: 0.207 global: 0.371 spatial: 0.105 
(epoch: 97, iters: 3320, time: 0.489, data: 0.001) G_GAN_ViT: 0.294 D_real_ViT: 0.259 D_fake_ViT: 0.227 global: 0.354 spatial: 0.101 
(epoch: 97, iters: 3420, time: 0.489, data: 0.001) G_GAN_ViT: 0.322 D_real_ViT: 0.097 D_fake_ViT: 0.204 global: 0.359 spatial: 0.082 
(epoch: 97, iters: 3520, time: 0.490, data: 0.001) G_GAN_ViT: 0.282 D_real_ViT: 0.282 D_fake_ViT: 0.238 global: 0.328 spatial: 0.084 
(epoch: 97, iters: 3620, time: 0.490, data: 0.001) G_GAN_ViT: 0.321 D_real_ViT: 0.200 D_fake_ViT: 0.204 global: 0.280 spatial: 0.077 
(epoch: 97, iters: 3720, time: 0.491, data: 0.001) G_GAN_ViT: 0.332 D_real_ViT: 0.270 D_fake_ViT: 0.217 global: 0.538 spatial: 0.135 
(epoch: 97, iters: 3820, time: 0.490, data: 0.001) G_GAN_ViT: 0.327 D_real_ViT: 0.307 D_fake_ViT: 0.200 global: 0.371 spatial: 0.110 
(epoch: 97, iters: 3920, time: 0.490, data: 0.001) G_GAN_ViT: 0.290 D_real_ViT: 0.050 D_fake_ViT: 0.232 global: 0.290 spatial: 0.077 
(epoch: 97, iters: 4020, time: 0.490, data: 0.001) G_GAN_ViT: 0.343 D_real_ViT: 0.241 D_fake_ViT: 0.207 global: 0.464 spatial: 0.121 
(epoch: 97, iters: 4120, time: 0.490, data: 0.001) G_GAN_ViT: 0.286 D_real_ViT: 0.226 D_fake_ViT: 0.234 global: 0.293 spatial: 0.086 
(epoch: 97, iters: 4220, time: 0.490, data: 0.001) G_GAN_ViT: 0.279 D_real_ViT: 0.276 D_fake_ViT: 0.241 global: 0.244 spatial: 0.064 
(epoch: 97, iters: 4320, time: 0.490, data: 0.001) G_GAN_ViT: 0.304 D_real_ViT: 0.111 D_fake_ViT: 0.216 global: 0.301 spatial: 0.090 
(epoch: 97, iters: 4420, time: 0.489, data: 0.001) G_GAN_ViT: 0.354 D_real_ViT: 0.080 D_fake_ViT: 0.183 global: 0.367 spatial: 0.102 
(epoch: 97, iters: 4520, time: 0.490, data: 0.001) G_GAN_ViT: 0.267 D_real_ViT: 0.278 D_fake_ViT: 0.255 global: 0.309 spatial: 0.076 
(epoch: 97, iters: 4620, time: 0.489, data: 0.001) G_GAN_ViT: 0.226 D_real_ViT: 0.040 D_fake_ViT: 0.294 global: 0.331 spatial: 0.091 
(epoch: 97, iters: 4720, time: 0.489, data: 0.001) G_GAN_ViT: 0.331 D_real_ViT: 0.201 D_fake_ViT: 0.196 global: 0.332 spatial: 0.087 
(epoch: 97, iters: 4820, time: 0.489, data: 0.001) G_GAN_ViT: 0.290 D_real_ViT: 0.288 D_fake_ViT: 0.228 global: 0.351 spatial: 0.080 
(epoch: 97, iters: 4920, time: 0.490, data: 0.001) G_GAN_ViT: 0.303 D_real_ViT: 0.289 D_fake_ViT: 0.218 global: 0.398 spatial: 0.080 
(epoch: 97, iters: 5020, time: 0.490, data: 0.001) G_GAN_ViT: 0.361 D_real_ViT: 0.278 D_fake_ViT: 0.181 global: 0.379 spatial: 0.108 
End of epoch 97 / 100 	 Time Taken: 2493 sec
learning rate = 0.0000006
(epoch: 98, iters: 40, time: 0.490, data: 0.001) G_GAN_ViT: 0.262 D_real_ViT: 0.246 D_fake_ViT: 0.253 global: 0.303 spatial: 0.084 
(epoch: 98, iters: 140, time: 0.489, data: 0.001) G_GAN_ViT: 0.391 D_real_ViT: 0.214 D_fake_ViT: 0.167 global: 0.455 spatial: 0.125 
(epoch: 98, iters: 240, time: 0.489, data: 0.001) G_GAN_ViT: 0.281 D_real_ViT: 0.261 D_fake_ViT: 0.236 global: 0.405 spatial: 0.084 
(epoch: 98, iters: 340, time: 0.489, data: 0.002) G_GAN_ViT: 0.315 D_real_ViT: 0.218 D_fake_ViT: 0.209 global: 0.350 spatial: 0.099 
(epoch: 98, iters: 440, time: 0.490, data: 0.001) G_GAN_ViT: 0.198 D_real_ViT: 0.191 D_fake_ViT: 0.329 global: 0.379 spatial: 0.102 
(epoch: 98, iters: 540, time: 0.489, data: 0.001) G_GAN_ViT: 0.298 D_real_ViT: 0.247 D_fake_ViT: 0.227 global: 0.274 spatial: 0.069 
(epoch: 98, iters: 640, time: 0.489, data: 0.001) G_GAN_ViT: 0.315 D_real_ViT: 0.272 D_fake_ViT: 0.207 global: 0.296 spatial: 0.086 
(epoch: 98, iters: 740, time: 0.489, data: 0.001) G_GAN_ViT: 0.322 D_real_ViT: 0.191 D_fake_ViT: 0.204 global: 0.354 spatial: 0.095 
(epoch: 98, iters: 840, time: 0.489, data: 0.001) G_GAN_ViT: 0.297 D_real_ViT: 0.266 D_fake_ViT: 0.234 global: 0.244 spatial: 0.078 
(epoch: 98, iters: 940, time: 0.488, data: 0.001) G_GAN_ViT: 0.357 D_real_ViT: 0.229 D_fake_ViT: 0.182 global: 0.486 spatial: 0.100 
(epoch: 98, iters: 1040, time: 0.488, data: 0.001) G_GAN_ViT: 0.339 D_real_ViT: 0.268 D_fake_ViT: 0.203 global: 0.484 spatial: 0.137 
(epoch: 98, iters: 1140, time: 0.488, data: 0.001) G_GAN_ViT: 0.276 D_real_ViT: 0.138 D_fake_ViT: 0.244 global: 0.294 spatial: 0.086 
(epoch: 98, iters: 1240, time: 0.487, data: 0.001) G_GAN_ViT: 0.310 D_real_ViT: 0.311 D_fake_ViT: 0.211 global: 0.289 spatial: 0.080 
(epoch: 98, iters: 1340, time: 0.488, data: 0.001) G_GAN_ViT: 0.404 D_real_ViT: 0.272 D_fake_ViT: 0.160 global: 0.543 spatial: 0.139 
(epoch: 98, iters: 1440, time: 0.488, data: 0.001) G_GAN_ViT: 0.313 D_real_ViT: 0.270 D_fake_ViT: 0.211 global: 0.329 spatial: 0.088 
(epoch: 98, iters: 1540, time: 0.488, data: 0.001) G_GAN_ViT: 0.370 D_real_ViT: 0.269 D_fake_ViT: 0.183 global: 0.264 spatial: 0.076 
(epoch: 98, iters: 1640, time: 0.488, data: 0.001) G_GAN_ViT: 0.326 D_real_ViT: 0.238 D_fake_ViT: 0.199 global: 0.324 spatial: 0.080 
(epoch: 98, iters: 1740, time: 0.489, data: 0.001) G_GAN_ViT: 0.332 D_real_ViT: 0.315 D_fake_ViT: 0.202 global: 0.300 spatial: 0.093 
(epoch: 98, iters: 1840, time: 0.489, data: 0.001) G_GAN_ViT: 0.225 D_real_ViT: 0.290 D_fake_ViT: 0.289 global: 0.292 spatial: 0.068 
(epoch: 98, iters: 1940, time: 0.489, data: 0.001) G_GAN_ViT: 0.197 D_real_ViT: 0.125 D_fake_ViT: 0.327 global: 0.256 spatial: 0.074 
(epoch: 98, iters: 2040, time: 0.489, data: 0.001) G_GAN_ViT: 0.309 D_real_ViT: 0.268 D_fake_ViT: 0.221 global: 0.240 spatial: 0.083 
(epoch: 98, iters: 2140, time: 0.489, data: 0.001) G_GAN_ViT: 0.274 D_real_ViT: 0.282 D_fake_ViT: 0.240 global: 0.300 spatial: 0.063 
(epoch: 98, iters: 2240, time: 0.489, data: 0.001) G_GAN_ViT: 0.236 D_real_ViT: 0.214 D_fake_ViT: 0.283 global: 0.240 spatial: 0.071 
saving the latest model (epoch 98, total_iters 495000)
IRVI_single_monitor
(epoch: 98, iters: 2340, time: 0.489, data: 0.001) G_GAN_ViT: 0.205 D_real_ViT: 0.261 D_fake_ViT: 0.312 global: 0.232 spatial: 0.056 
(epoch: 98, iters: 2440, time: 0.489, data: 0.001) G_GAN_ViT: 0.385 D_real_ViT: 0.327 D_fake_ViT: 0.166 global: 0.380 spatial: 0.103 
(epoch: 98, iters: 2540, time: 0.489, data: 0.001) G_GAN_ViT: 0.356 D_real_ViT: 0.260 D_fake_ViT: 0.181 global: 0.369 spatial: 0.103 
(epoch: 98, iters: 2640, time: 0.489, data: 0.001) G_GAN_ViT: 0.185 D_real_ViT: 0.260 D_fake_ViT: 0.348 global: 0.373 spatial: 0.101 
(epoch: 98, iters: 2740, time: 0.489, data: 0.001) G_GAN_ViT: 0.284 D_real_ViT: 0.271 D_fake_ViT: 0.233 global: 0.298 spatial: 0.071 
(epoch: 98, iters: 2840, time: 0.489, data: 0.002) G_GAN_ViT: 0.193 D_real_ViT: 0.277 D_fake_ViT: 0.334 global: 0.363 spatial: 0.096 
(epoch: 98, iters: 2940, time: 0.489, data: 0.002) G_GAN_ViT: 0.273 D_real_ViT: 0.365 D_fake_ViT: 0.243 global: 0.343 spatial: 0.098 
(epoch: 98, iters: 3040, time: 0.489, data: 0.001) G_GAN_ViT: 0.227 D_real_ViT: 0.251 D_fake_ViT: 0.288 global: 0.293 spatial: 0.076 
(epoch: 98, iters: 3140, time: 0.489, data: 0.001) G_GAN_ViT: 0.358 D_real_ViT: 0.309 D_fake_ViT: 0.180 global: 0.340 spatial: 0.092 
(epoch: 98, iters: 3240, time: 0.489, data: 0.001) G_GAN_ViT: 0.251 D_real_ViT: 0.301 D_fake_ViT: 0.270 global: 0.237 spatial: 0.061 
(epoch: 98, iters: 3340, time: 0.489, data: 0.001) G_GAN_ViT: 0.162 D_real_ViT: 0.259 D_fake_ViT: 0.384 global: 0.419 spatial: 0.131 
(epoch: 98, iters: 3440, time: 0.489, data: 0.002) G_GAN_ViT: 0.198 D_real_ViT: 0.307 D_fake_ViT: 0.321 global: 0.263 spatial: 0.073 
(epoch: 98, iters: 3540, time: 0.489, data: 0.002) G_GAN_ViT: 0.294 D_real_ViT: 0.085 D_fake_ViT: 0.231 global: 0.338 spatial: 0.072 
(epoch: 98, iters: 3640, time: 0.489, data: 0.001) G_GAN_ViT: 0.420 D_real_ViT: 0.183 D_fake_ViT: 0.157 global: 0.289 spatial: 0.085 
(epoch: 98, iters: 3740, time: 0.489, data: 0.001) G_GAN_ViT: 0.330 D_real_ViT: 0.270 D_fake_ViT: 0.201 global: 0.370 spatial: 0.119 
(epoch: 98, iters: 3840, time: 0.489, data: 0.001) G_GAN_ViT: 0.333 D_real_ViT: 0.191 D_fake_ViT: 0.193 global: 0.341 spatial: 0.081 
(epoch: 98, iters: 3940, time: 0.488, data: 0.001) G_GAN_ViT: 0.289 D_real_ViT: 0.227 D_fake_ViT: 0.228 global: 0.424 spatial: 0.095 
(epoch: 98, iters: 4040, time: 0.489, data: 0.002) G_GAN_ViT: 0.368 D_real_ViT: 0.246 D_fake_ViT: 0.176 global: 0.365 spatial: 0.125 
(epoch: 98, iters: 4140, time: 0.489, data: 0.001) G_GAN_ViT: 0.326 D_real_ViT: 0.266 D_fake_ViT: 0.200 global: 0.342 spatial: 0.080 
(epoch: 98, iters: 4240, time: 0.489, data: 0.001) G_GAN_ViT: 0.375 D_real_ViT: 0.275 D_fake_ViT: 0.167 global: 0.331 spatial: 0.087 
(epoch: 98, iters: 4340, time: 0.488, data: 0.001) G_GAN_ViT: 0.291 D_real_ViT: 0.268 D_fake_ViT: 0.233 global: 0.266 spatial: 0.075 
(epoch: 98, iters: 4440, time: 0.489, data: 0.001) G_GAN_ViT: 0.179 D_real_ViT: 0.260 D_fake_ViT: 0.356 global: 0.362 spatial: 0.101 
(epoch: 98, iters: 4540, time: 0.488, data: 0.001) G_GAN_ViT: 0.307 D_real_ViT: 0.079 D_fake_ViT: 0.218 global: 0.367 spatial: 0.113 
(epoch: 98, iters: 4640, time: 0.488, data: 0.001) G_GAN_ViT: 0.343 D_real_ViT: 0.192 D_fake_ViT: 0.185 global: 0.273 spatial: 0.075 
(epoch: 98, iters: 4740, time: 0.488, data: 0.001) G_GAN_ViT: 0.279 D_real_ViT: 0.184 D_fake_ViT: 0.240 global: 0.292 spatial: 0.076 
(epoch: 98, iters: 4840, time: 0.489, data: 0.002) G_GAN_ViT: 0.326 D_real_ViT: 0.329 D_fake_ViT: 0.197 global: 0.345 spatial: 0.078 
(epoch: 98, iters: 4940, time: 0.489, data: 0.001) G_GAN_ViT: 0.282 D_real_ViT: 0.284 D_fake_ViT: 0.238 global: 0.329 spatial: 0.087 
(epoch: 98, iters: 5040, time: 0.489, data: 0.002) G_GAN_ViT: 0.294 D_real_ViT: 0.270 D_fake_ViT: 0.239 global: 0.257 spatial: 0.064 
End of epoch 98 / 100 	 Time Taken: 2491 sec
learning rate = 0.0000004
(epoch: 99, iters: 60, time: 0.489, data: 0.001) G_GAN_ViT: 0.389 D_real_ViT: 0.294 D_fake_ViT: 0.169 global: 0.476 spatial: 0.122 
(epoch: 99, iters: 160, time: 0.489, data: 0.001) G_GAN_ViT: 0.227 D_real_ViT: 0.216 D_fake_ViT: 0.288 global: 0.247 spatial: 0.062 
(epoch: 99, iters: 260, time: 0.489, data: 0.001) G_GAN_ViT: 0.316 D_real_ViT: 0.213 D_fake_ViT: 0.205 global: 0.326 spatial: 0.087 
(epoch: 99, iters: 360, time: 0.489, data: 0.001) G_GAN_ViT: 0.317 D_real_ViT: 0.252 D_fake_ViT: 0.205 global: 0.285 spatial: 0.082 
(epoch: 99, iters: 460, time: 0.489, data: 0.001) G_GAN_ViT: 0.215 D_real_ViT: 0.239 D_fake_ViT: 0.305 global: 0.419 spatial: 0.100 
(epoch: 99, iters: 560, time: 0.489, data: 0.001) G_GAN_ViT: 0.266 D_real_ViT: 0.140 D_fake_ViT: 0.254 global: 0.296 spatial: 0.078 
(epoch: 99, iters: 660, time: 0.489, data: 0.001) G_GAN_ViT: 0.319 D_real_ViT: 0.273 D_fake_ViT: 0.203 global: 0.324 spatial: 0.090 
(epoch: 99, iters: 760, time: 0.489, data: 0.001) G_GAN_ViT: 0.315 D_real_ViT: 0.247 D_fake_ViT: 0.211 global: 0.383 spatial: 0.085 
(epoch: 99, iters: 860, time: 0.490, data: 0.001) G_GAN_ViT: 0.315 D_real_ViT: 0.311 D_fake_ViT: 0.223 global: 0.513 spatial: 0.136 
(epoch: 99, iters: 960, time: 0.488, data: 0.001) G_GAN_ViT: 0.312 D_real_ViT: 0.281 D_fake_ViT: 0.210 global: 0.385 spatial: 0.088 
(epoch: 99, iters: 1060, time: 0.488, data: 0.001) G_GAN_ViT: 0.411 D_real_ViT: 0.362 D_fake_ViT: 0.155 global: 0.446 spatial: 0.121 
(epoch: 99, iters: 1160, time: 0.488, data: 0.001) G_GAN_ViT: 0.258 D_real_ViT: 0.271 D_fake_ViT: 0.260 global: 0.291 spatial: 0.092 
(epoch: 99, iters: 1260, time: 0.488, data: 0.001) G_GAN_ViT: 0.310 D_real_ViT: 0.182 D_fake_ViT: 0.234 global: 0.485 spatial: 0.140 
(epoch: 99, iters: 1360, time: 0.488, data: 0.001) G_GAN_ViT: 0.219 D_real_ViT: 0.262 D_fake_ViT: 0.301 global: 0.340 spatial: 0.088 
(epoch: 99, iters: 1460, time: 0.489, data: 0.002) G_GAN_ViT: 0.316 D_real_ViT: 0.260 D_fake_ViT: 0.210 global: 0.289 spatial: 0.084 
(epoch: 99, iters: 1560, time: 0.489, data: 0.001) G_GAN_ViT: 0.264 D_real_ViT: 0.291 D_fake_ViT: 0.257 global: 0.474 spatial: 0.116 
(epoch: 99, iters: 1660, time: 0.489, data: 0.001) G_GAN_ViT: 0.297 D_real_ViT: 0.392 D_fake_ViT: 0.233 global: 0.358 spatial: 0.099 
(epoch: 99, iters: 1760, time: 0.489, data: 0.001) G_GAN_ViT: 0.208 D_real_ViT: 0.401 D_fake_ViT: 0.311 global: 0.215 spatial: 0.059 
(epoch: 99, iters: 1860, time: 0.490, data: 0.001) G_GAN_ViT: 0.453 D_real_ViT: 0.270 D_fake_ViT: 0.131 global: 0.552 spatial: 0.146 
(epoch: 99, iters: 1960, time: 0.490, data: 0.001) G_GAN_ViT: 0.277 D_real_ViT: 0.211 D_fake_ViT: 0.239 global: 0.412 spatial: 0.085 
(epoch: 99, iters: 2060, time: 0.490, data: 0.001) G_GAN_ViT: 0.217 D_real_ViT: 0.254 D_fake_ViT: 0.301 global: 0.254 spatial: 0.052 
(epoch: 99, iters: 2160, time: 0.489, data: 0.001) G_GAN_ViT: 0.372 D_real_ViT: 0.266 D_fake_ViT: 0.174 global: 0.368 spatial: 0.106 
saving the latest model (epoch 99, total_iters 500000)
IRVI_single_monitor
(epoch: 99, iters: 2260, time: 0.489, data: 0.001) G_GAN_ViT: 0.323 D_real_ViT: 0.322 D_fake_ViT: 0.202 global: 0.323 spatial: 0.074 
(epoch: 99, iters: 2360, time: 0.490, data: 0.001) G_GAN_ViT: 0.337 D_real_ViT: 0.235 D_fake_ViT: 0.194 global: 0.365 spatial: 0.113 
(epoch: 99, iters: 2460, time: 0.489, data: 0.001) G_GAN_ViT: 0.211 D_real_ViT: 0.251 D_fake_ViT: 0.309 global: 0.251 spatial: 0.053 
(epoch: 99, iters: 2560, time: 0.489, data: 0.001) G_GAN_ViT: 0.267 D_real_ViT: 0.081 D_fake_ViT: 0.257 global: 0.239 spatial: 0.085 
(epoch: 99, iters: 2660, time: 0.489, data: 0.001) G_GAN_ViT: 0.218 D_real_ViT: 0.286 D_fake_ViT: 0.296 global: 0.291 spatial: 0.072 
(epoch: 99, iters: 2760, time: 0.489, data: 0.001) G_GAN_ViT: 0.318 D_real_ViT: 0.418 D_fake_ViT: 0.212 global: 0.278 spatial: 0.071 
(epoch: 99, iters: 2860, time: 0.488, data: 0.001) G_GAN_ViT: 0.265 D_real_ViT: 0.313 D_fake_ViT: 0.258 global: 0.260 spatial: 0.069 
(epoch: 99, iters: 2960, time: 0.489, data: 0.002) G_GAN_ViT: 0.265 D_real_ViT: 0.139 D_fake_ViT: 0.256 global: 0.309 spatial: 0.072 
(epoch: 99, iters: 3060, time: 0.490, data: 0.001) G_GAN_ViT: 0.401 D_real_ViT: 0.288 D_fake_ViT: 0.161 global: 0.484 spatial: 0.130 
(epoch: 99, iters: 3160, time: 0.489, data: 0.002) G_GAN_ViT: 0.337 D_real_ViT: 0.220 D_fake_ViT: 0.198 global: 0.355 spatial: 0.096 
(epoch: 99, iters: 3260, time: 0.489, data: 0.001) G_GAN_ViT: 0.267 D_real_ViT: 0.205 D_fake_ViT: 0.253 global: 0.301 spatial: 0.080 
(epoch: 99, iters: 3360, time: 0.489, data: 0.001) G_GAN_ViT: 0.285 D_real_ViT: 0.257 D_fake_ViT: 0.237 global: 0.512 spatial: 0.124 
(epoch: 99, iters: 3460, time: 0.489, data: 0.001) G_GAN_ViT: 0.289 D_real_ViT: 0.290 D_fake_ViT: 0.227 global: 0.308 spatial: 0.081 
(epoch: 99, iters: 3560, time: 0.489, data: 0.001) G_GAN_ViT: 0.278 D_real_ViT: 0.180 D_fake_ViT: 0.238 global: 0.410 spatial: 0.090 
(epoch: 99, iters: 3660, time: 0.489, data: 0.001) G_GAN_ViT: 0.269 D_real_ViT: 0.270 D_fake_ViT: 0.248 global: 0.237 spatial: 0.066 
(epoch: 99, iters: 3760, time: 0.489, data: 0.001) G_GAN_ViT: 0.343 D_real_ViT: 0.275 D_fake_ViT: 0.202 global: 0.386 spatial: 0.112 
(epoch: 99, iters: 3860, time: 0.489, data: 0.002) G_GAN_ViT: 0.263 D_real_ViT: 0.178 D_fake_ViT: 0.257 global: 0.310 spatial: 0.080 
(epoch: 99, iters: 3960, time: 0.489, data: 0.001) G_GAN_ViT: 0.283 D_real_ViT: 0.308 D_fake_ViT: 0.234 global: 0.302 spatial: 0.077 
(epoch: 99, iters: 4060, time: 0.490, data: 0.001) G_GAN_ViT: 0.213 D_real_ViT: 0.232 D_fake_ViT: 0.303 global: 0.227 spatial: 0.058 
(epoch: 99, iters: 4160, time: 0.490, data: 0.002) G_GAN_ViT: 0.210 D_real_ViT: 0.055 D_fake_ViT: 0.315 global: 0.289 spatial: 0.066 
(epoch: 99, iters: 4260, time: 0.489, data: 0.001) G_GAN_ViT: 0.276 D_real_ViT: 0.230 D_fake_ViT: 0.242 global: 0.329 spatial: 0.091 
(epoch: 99, iters: 4360, time: 0.490, data: 0.001) G_GAN_ViT: 0.302 D_real_ViT: 0.218 D_fake_ViT: 0.215 global: 0.279 spatial: 0.065 
(epoch: 99, iters: 4460, time: 0.489, data: 0.001) G_GAN_ViT: 0.339 D_real_ViT: 0.262 D_fake_ViT: 0.191 global: 0.280 spatial: 0.072 
(epoch: 99, iters: 4560, time: 0.489, data: 0.001) G_GAN_ViT: 0.288 D_real_ViT: 0.306 D_fake_ViT: 0.232 global: 0.238 spatial: 0.074 
(epoch: 99, iters: 4660, time: 0.489, data: 0.002) G_GAN_ViT: 0.344 D_real_ViT: 0.295 D_fake_ViT: 0.189 global: 0.378 spatial: 0.104 
(epoch: 99, iters: 4760, time: 0.489, data: 0.001) G_GAN_ViT: 0.210 D_real_ViT: 0.262 D_fake_ViT: 0.307 global: 0.247 spatial: 0.057 
(epoch: 99, iters: 4860, time: 0.490, data: 0.001) G_GAN_ViT: 0.358 D_real_ViT: 0.236 D_fake_ViT: 0.184 global: 0.441 spatial: 0.116 
(epoch: 99, iters: 4960, time: 0.490, data: 0.001) G_GAN_ViT: 0.369 D_real_ViT: 0.255 D_fake_ViT: 0.176 global: 0.262 spatial: 0.073 
(epoch: 99, iters: 5060, time: 0.489, data: 0.001) G_GAN_ViT: 0.278 D_real_ViT: 0.291 D_fake_ViT: 0.241 global: 0.307 spatial: 0.081 
End of epoch 99 / 100 	 Time Taken: 2492 sec
learning rate = 0.0000002
(epoch: 100, iters: 80, time: 0.489, data: 0.001) G_GAN_ViT: 0.329 D_real_ViT: 0.194 D_fake_ViT: 0.200 global: 0.392 spatial: 0.103 
(epoch: 100, iters: 180, time: 0.489, data: 0.001) G_GAN_ViT: 0.200 D_real_ViT: 0.267 D_fake_ViT: 0.317 global: 0.256 spatial: 0.070 
(epoch: 100, iters: 280, time: 0.489, data: 0.001) G_GAN_ViT: 0.271 D_real_ViT: 0.365 D_fake_ViT: 0.253 global: 0.449 spatial: 0.148 
(epoch: 100, iters: 380, time: 0.489, data: 0.001) G_GAN_ViT: 0.382 D_real_ViT: 0.257 D_fake_ViT: 0.167 global: 0.380 spatial: 0.118 
(epoch: 100, iters: 480, time: 0.488, data: 0.001) G_GAN_ViT: 0.201 D_real_ViT: 0.335 D_fake_ViT: 0.316 global: 0.255 spatial: 0.070 
(epoch: 100, iters: 580, time: 0.488, data: 0.002) G_GAN_ViT: 0.276 D_real_ViT: 0.273 D_fake_ViT: 0.244 global: 0.309 spatial: 0.081 
(epoch: 100, iters: 680, time: 0.489, data: 0.001) G_GAN_ViT: 0.264 D_real_ViT: 0.188 D_fake_ViT: 0.256 global: 0.302 spatial: 0.078 
(epoch: 100, iters: 780, time: 0.489, data: 0.001) G_GAN_ViT: 0.286 D_real_ViT: 0.244 D_fake_ViT: 0.235 global: 0.245 spatial: 0.060 
(epoch: 100, iters: 880, time: 0.488, data: 0.001) G_GAN_ViT: 0.331 D_real_ViT: 0.143 D_fake_ViT: 0.195 global: 0.324 spatial: 0.085 
(epoch: 100, iters: 980, time: 0.487, data: 0.001) G_GAN_ViT: 0.337 D_real_ViT: 0.292 D_fake_ViT: 0.200 global: 0.382 spatial: 0.122 
(epoch: 100, iters: 1080, time: 0.487, data: 0.001) G_GAN_ViT: 0.313 D_real_ViT: 0.247 D_fake_ViT: 0.209 global: 0.308 spatial: 0.077 
(epoch: 100, iters: 1180, time: 0.488, data: 0.002) G_GAN_ViT: 0.200 D_real_ViT: 0.237 D_fake_ViT: 0.319 global: 0.222 spatial: 0.073 
(epoch: 100, iters: 1280, time: 0.488, data: 0.001) G_GAN_ViT: 0.338 D_real_ViT: 0.258 D_fake_ViT: 0.193 global: 0.393 spatial: 0.099 
(epoch: 100, iters: 1380, time: 0.489, data: 0.002) G_GAN_ViT: 0.332 D_real_ViT: 0.255 D_fake_ViT: 0.207 global: 0.515 spatial: 0.146 
(epoch: 100, iters: 1480, time: 0.489, data: 0.001) G_GAN_ViT: 0.480 D_real_ViT: 0.239 D_fake_ViT: 0.124 global: 0.562 spatial: 0.146 
(epoch: 100, iters: 1580, time: 0.488, data: 0.001) G_GAN_ViT: 0.224 D_real_ViT: 0.259 D_fake_ViT: 0.290 global: 0.287 spatial: 0.074 
(epoch: 100, iters: 1680, time: 0.488, data: 0.001) G_GAN_ViT: 0.335 D_real_ViT: 0.218 D_fake_ViT: 0.190 global: 0.331 spatial: 0.081 
(epoch: 100, iters: 1780, time: 0.488, data: 0.001) G_GAN_ViT: 0.302 D_real_ViT: 0.198 D_fake_ViT: 0.228 global: 0.405 spatial: 0.098 
(epoch: 100, iters: 1880, time: 0.488, data: 0.001) G_GAN_ViT: 0.346 D_real_ViT: 0.233 D_fake_ViT: 0.191 global: 0.360 spatial: 0.101 
(epoch: 100, iters: 1980, time: 0.489, data: 0.001) G_GAN_ViT: 0.339 D_real_ViT: 0.252 D_fake_ViT: 0.203 global: 0.268 spatial: 0.080 
(epoch: 100, iters: 2080, time: 0.489, data: 0.001) G_GAN_ViT: 0.316 D_real_ViT: 0.228 D_fake_ViT: 0.210 global: 0.357 spatial: 0.104 
saving the latest model (epoch 100, total_iters 505000)
IRVI_single_monitor
(epoch: 100, iters: 2180, time: 0.489, data: 0.002) G_GAN_ViT: 0.308 D_real_ViT: 0.267 D_fake_ViT: 0.214 global: 0.354 spatial: 0.072 
(epoch: 100, iters: 2280, time: 0.489, data: 0.001) G_GAN_ViT: 0.300 D_real_ViT: 0.298 D_fake_ViT: 0.220 global: 0.326 spatial: 0.084 
(epoch: 100, iters: 2380, time: 0.489, data: 0.001) G_GAN_ViT: 0.222 D_real_ViT: 0.226 D_fake_ViT: 0.292 global: 0.287 spatial: 0.074 
(epoch: 100, iters: 2480, time: 0.488, data: 0.002) G_GAN_ViT: 0.335 D_real_ViT: 0.112 D_fake_ViT: 0.194 global: 0.280 spatial: 0.073 
(epoch: 100, iters: 2580, time: 0.488, data: 0.001) G_GAN_ViT: 0.334 D_real_ViT: 0.235 D_fake_ViT: 0.204 global: 0.372 spatial: 0.096 
(epoch: 100, iters: 2680, time: 0.488, data: 0.001) G_GAN_ViT: 0.204 D_real_ViT: 0.256 D_fake_ViT: 0.325 global: 0.433 spatial: 0.132 
(epoch: 100, iters: 2780, time: 0.488, data: 0.002) G_GAN_ViT: 0.267 D_real_ViT: 0.239 D_fake_ViT: 0.253 global: 0.303 spatial: 0.081 
(epoch: 100, iters: 2880, time: 0.489, data: 0.001) G_GAN_ViT: 0.262 D_real_ViT: 0.253 D_fake_ViT: 0.256 global: 0.304 spatial: 0.094 
(epoch: 100, iters: 2980, time: 0.489, data: 0.001) G_GAN_ViT: 0.229 D_real_ViT: 0.332 D_fake_ViT: 0.288 global: 0.233 spatial: 0.062 
(epoch: 100, iters: 3080, time: 0.489, data: 0.001) G_GAN_ViT: 0.287 D_real_ViT: 0.270 D_fake_ViT: 0.231 global: 0.377 spatial: 0.083 
(epoch: 100, iters: 3180, time: 0.489, data: 0.001) G_GAN_ViT: 0.297 D_real_ViT: 0.311 D_fake_ViT: 0.221 global: 0.344 spatial: 0.081 
(epoch: 100, iters: 3280, time: 0.488, data: 0.001) G_GAN_ViT: 0.263 D_real_ViT: 0.308 D_fake_ViT: 0.257 global: 0.293 spatial: 0.078 
(epoch: 100, iters: 3380, time: 0.489, data: 0.001) G_GAN_ViT: 0.201 D_real_ViT: 0.305 D_fake_ViT: 0.319 global: 0.213 spatial: 0.061 
(epoch: 100, iters: 3480, time: 0.488, data: 0.002) G_GAN_ViT: 0.312 D_real_ViT: 0.154 D_fake_ViT: 0.215 global: 0.384 spatial: 0.107 
(epoch: 100, iters: 3580, time: 0.488, data: 0.001) G_GAN_ViT: 0.368 D_real_ViT: 0.293 D_fake_ViT: 0.179 global: 0.254 spatial: 0.076 
(epoch: 100, iters: 3680, time: 0.488, data: 0.001) G_GAN_ViT: 0.314 D_real_ViT: 0.374 D_fake_ViT: 0.212 global: 0.318 spatial: 0.078 
(epoch: 100, iters: 3780, time: 0.488, data: 0.002) G_GAN_ViT: 0.317 D_real_ViT: 0.224 D_fake_ViT: 0.209 global: 0.256 spatial: 0.079 
(epoch: 100, iters: 3880, time: 0.488, data: 0.001) G_GAN_ViT: 0.300 D_real_ViT: 0.329 D_fake_ViT: 0.222 global: 0.360 spatial: 0.098 
(epoch: 100, iters: 3980, time: 0.489, data: 0.001) G_GAN_ViT: 0.204 D_real_ViT: 0.300 D_fake_ViT: 0.317 global: 0.211 spatial: 0.058 
(epoch: 100, iters: 4080, time: 0.487, data: 0.001) G_GAN_ViT: 0.356 D_real_ViT: 0.088 D_fake_ViT: 0.186 global: 0.416 spatial: 0.112 
(epoch: 100, iters: 4180, time: 0.488, data: 0.001) G_GAN_ViT: 0.293 D_real_ViT: 0.279 D_fake_ViT: 0.228 global: 0.307 spatial: 0.073 
(epoch: 100, iters: 4280, time: 0.489, data: 0.001) G_GAN_ViT: 0.315 D_real_ViT: 0.451 D_fake_ViT: 0.208 global: 0.293 spatial: 0.087 
(epoch: 100, iters: 4380, time: 0.489, data: 0.001) G_GAN_ViT: 0.245 D_real_ViT: 0.251 D_fake_ViT: 0.274 global: 0.457 spatial: 0.101 
(epoch: 100, iters: 4480, time: 0.489, data: 0.002) G_GAN_ViT: 0.259 D_real_ViT: 0.288 D_fake_ViT: 0.260 global: 0.357 spatial: 0.079 
(epoch: 100, iters: 4580, time: 0.490, data: 0.001) G_GAN_ViT: 0.274 D_real_ViT: 0.303 D_fake_ViT: 0.241 global: 0.293 spatial: 0.083 
(epoch: 100, iters: 4680, time: 0.489, data: 0.001) G_GAN_ViT: 0.292 D_real_ViT: 0.236 D_fake_ViT: 0.228 global: 0.270 spatial: 0.075 
(epoch: 100, iters: 4780, time: 0.489, data: 0.001) G_GAN_ViT: 0.185 D_real_ViT: 0.251 D_fake_ViT: 0.342 global: 0.392 spatial: 0.094 
(epoch: 100, iters: 4880, time: 0.490, data: 0.002) G_GAN_ViT: 0.274 D_real_ViT: 0.290 D_fake_ViT: 0.246 global: 0.303 spatial: 0.081 
(epoch: 100, iters: 4980, time: 0.489, data: 0.001) G_GAN_ViT: 0.266 D_real_ViT: 0.311 D_fake_ViT: 0.253 global: 0.304 spatial: 0.081 
(epoch: 100, iters: 5080, time: 0.489, data: 0.001) G_GAN_ViT: 0.316 D_real_ViT: 0.187 D_fake_ViT: 0.208 global: 0.278 spatial: 0.073 
saving the model at the end of epoch 100, iters 508000
End of epoch 100 / 100 	 Time Taken: 2491 sec
learning rate = 0.0000000
